datetime,carbon_intensity_actual,avg_carbon_intensity_forecast
2022-07-01T00:00:00.000000000,161.29,131.58282
2022-07-01T01:00:00.000000000,163.07,132.63338
2022-07-01T02:00:00.000000000,155.66,134.5889
2022-07-01T03:00:00.000000000,150.49,137.28253
2022-07-01T04:00:00.000000000,179.23,141.18761
2022-07-01T05:00:00.000000000,171.75,146.19625
2022-07-01T06:00:00.000000000,193.9,152.5258
2022-07-01T07:00:00.000000000,133.6,159.52754
2022-07-01T08:00:00.000000000,142.67,164.68573
2022-07-01T09:00:00.000000000,150.99,169.23599
2022-07-01T10:00:00.000000000,154.58,173.28951
2022-07-01T11:00:00.000000000,167.38,176.1425
2022-07-01T12:00:00.000000000,150.67,177.39922
2022-07-01T13:00:00.000000000,147.88,177.48029
2022-07-01T14:00:00.000000000,128.2,175.2816
2022-07-01T15:00:00.000000000,130.68,171.64533
2022-07-01T16:00:00.000000000,155.42,167.58697
2022-07-01T17:00:00.000000000,163.39,163.41133
2022-07-01T18:00:00.000000000,171.25,158.37239
2022-07-01T19:00:00.000000000,192.38,154.52921
2022-07-01T20:00:00.000000000,188.65,152.01293
2022-07-01T21:00:00.000000000,176.94,150.31072
2022-07-01T22:00:00.000000000,161.84,148.84991
2022-07-01T23:00:00.000000000,152.59,147.70881
2022-07-02T00:00:00.000000000,148.94,133.52964
2022-07-02T01:00:00.000000000,154.86,133.85969
2022-07-02T02:00:00.000000000,158.48,135.14897
2022-07-02T03:00:00.000000000,172.36,137.28462
2022-07-02T04:00:00.000000000,181.37,140.73965
2022-07-02T05:00:00.000000000,187.15,145.43821
2022-07-02T06:00:00.000000000,213.92,151.72355
2022-07-02T07:00:00.000000000,224.78,158.87482
2022-07-02T08:00:00.000000000,202.69,164.35703
2022-07-02T09:00:00.000000000,189.22,169.29862
2022-07-02T10:00:00.000000000,173.61,173.80923
2022-07-02T11:00:00.000000000,139.9,177.16555
2022-07-02T12:00:00.000000000,134.34,178.80981
2022-07-02T13:00:00.000000000,142.1,179.26612
2022-07-02T14:00:00.000000000,135.01,177.39706
2022-07-02T15:00:00.000000000,137.57,173.96615
2022-07-02T16:00:00.000000000,128.03,169.98266
2022-07-02T17:00:00.000000000,127.53,165.84481
2022-07-02T18:00:00.000000000,153.56,160.70588
2022-07-02T19:00:00.000000000,177.19,156.69545
2022-07-02T20:00:00.000000000,174.58,153.91034
2022-07-02T21:00:00.000000000,165.57,151.84439
2022-07-02T22:00:00.000000000,159.9,149.94607
2022-07-02T23:00:00.000000000,164.95,148.27296
2022-07-03T00:00:00.000000000,154.21,136.31163
2022-07-03T01:00:00.000000000,150.53,136.12204
2022-07-03T02:00:00.000000000,146.35,135.89823
2022-07-03T03:00:00.000000000,145.84,135.86485
2022-07-03T04:00:00.000000000,169.33,136.01511
2022-07-03T05:00:00.000000000,168.52,136.54718
2022-07-03T06:00:00.000000000,143.34,137.50367
2022-07-03T07:00:00.000000000,114.6,139.334
2022-07-03T08:00:00.000000000,123.68,140.24664
2022-07-03T09:00:00.000000000,127.35,140.7176
2022-07-03T10:00:00.000000000,127.07,141.00014
2022-07-03T11:00:00.000000000,134.94,140.49081
2022-07-03T12:00:00.000000000,140.09,139.27314
2022-07-03T13:00:00.000000000,131.04,137.76072
2022-07-03T14:00:00.000000000,125.84,135.45685
2022-07-03T15:00:00.000000000,123.69,133.50857
2022-07-03T16:00:00.000000000,119.99,131.71584
2022-07-03T17:00:00.000000000,116.26,129.69729
2022-07-03T18:00:00.000000000,112.86,126.77907
2022-07-03T19:00:00.000000000,119.24,124.61853
2022-07-03T20:00:00.000000000,147.01,123.09576
2022-07-03T21:00:00.000000000,143.3,122.55363
2022-07-03T22:00:00.000000000,142.14,122.40022
2022-07-03T23:00:00.000000000,130.43,122.63556
2022-07-04T00:00:00.000000000,123.18,119.80032
2022-07-04T01:00:00.000000000,105.45,121.30477
2022-07-04T02:00:00.000000000,92.98,122.89477
2022-07-04T03:00:00.000000000,93.54,124.5081
2022-07-04T04:00:00.000000000,106.63,126.52244
2022-07-04T05:00:00.000000000,116.61,129.09586
2022-07-04T06:00:00.000000000,121.2,131.76633
2022-07-04T07:00:00.000000000,134.55,134.89631
2022-07-04T08:00:00.000000000,135.11,136.77631
2022-07-04T09:00:00.000000000,124.19,138.06762
2022-07-04T10:00:00.000000000,119.76,138.8787
2022-07-04T11:00:00.000000000,126.06,138.4646
2022-07-04T12:00:00.000000000,128.64,137.32167
2022-07-04T13:00:00.000000000,141.4,135.67928
2022-07-04T14:00:00.000000000,142.01,133.27881
2022-07-04T15:00:00.000000000,135.61,131.02906
2022-07-04T16:00:00.000000000,132.32,128.94592
2022-07-04T17:00:00.000000000,132.43,126.71801
2022-07-04T18:00:00.000000000,130.1,123.67052
2022-07-04T19:00:00.000000000,130.56,121.41398
2022-07-04T20:00:00.000000000,132.61,119.94784
2022-07-04T21:00:00.000000000,126.46,119.4738
2022-07-04T22:00:00.000000000,128.9,119.55803
2022-07-04T23:00:00.000000000,120.79,120.19882
2022-07-02T00:00:00.000000000,148.94,140.28517
2022-07-02T01:00:00.000000000,154.86,139.83294
2022-07-02T02:00:00.000000000,158.48,140.40457
2022-07-02T03:00:00.000000000,172.36,141.98524
2022-07-02T04:00:00.000000000,181.37,144.99737
2022-07-02T05:00:00.000000000,187.15,149.31813
2022-07-02T06:00:00.000000000,213.92,155.42712
2022-07-02T07:00:00.000000000,224.78,162.56991
2022-07-02T08:00:00.000000000,202.69,168.02392
2022-07-02T09:00:00.000000000,189.22,172.87154
2022-07-02T10:00:00.000000000,173.61,177.3355
2022-07-02T11:00:00.000000000,139.9,180.63776
2022-07-02T12:00:00.000000000,134.34,182.2283
2022-07-02T13:00:00.000000000,142.1,182.90895
2022-07-02T14:00:00.000000000,135.01,181.40567
2022-07-02T15:00:00.000000000,137.57,178.57305
2022-07-02T16:00:00.000000000,128.03,175.01795
2022-07-02T17:00:00.000000000,127.53,171.24959
2022-07-02T18:00:00.000000000,153.56,166.33529
2022-07-02T19:00:00.000000000,177.19,162.46055
2022-07-02T20:00:00.000000000,174.58,159.67532
2022-07-02T21:00:00.000000000,165.57,157.54241
2022-07-02T22:00:00.000000000,159.9,155.45324
2022-07-02T23:00:00.000000000,164.95,153.46254
2022-07-03T00:00:00.000000000,154.21,142.73755
2022-07-03T01:00:00.000000000,150.53,142.13136
2022-07-03T02:00:00.000000000,146.35,141.42996
2022-07-03T03:00:00.000000000,145.84,141.04247
2022-07-03T04:00:00.000000000,169.33,140.76805
2022-07-03T05:00:00.000000000,168.52,140.8475
2022-07-03T06:00:00.000000000,143.34,141.54276
2022-07-03T07:00:00.000000000,114.6,143.34004
2022-07-03T08:00:00.000000000,123.68,144.21152
2022-07-03T09:00:00.000000000,127.35,144.71741
2022-07-03T10:00:00.000000000,127.07,145.13036
2022-07-03T11:00:00.000000000,134.94,144.78873
2022-07-03T12:00:00.000000000,140.09,143.60443
2022-07-03T13:00:00.000000000,131.04,142.23773
2022-07-03T14:00:00.000000000,125.84,140.04869
2022-07-03T15:00:00.000000000,123.69,138.35841
2022-07-03T16:00:00.000000000,119.99,136.73102
2022-07-03T17:00:00.000000000,116.26,134.89585
2022-07-03T18:00:00.000000000,112.86,132.01664
2022-07-03T19:00:00.000000000,119.24,129.88612
2022-07-03T20:00:00.000000000,147.01,128.26348
2022-07-03T21:00:00.000000000,143.3,127.57871
2022-07-03T22:00:00.000000000,142.14,127.23995
2022-07-03T23:00:00.000000000,130.43,127.25263
2022-07-04T00:00:00.000000000,123.18,124.45537
2022-07-04T01:00:00.000000000,105.45,125.23817
2022-07-04T02:00:00.000000000,92.98,126.04849
2022-07-04T03:00:00.000000000,93.54,127.009
2022-07-04T04:00:00.000000000,106.63,128.4205
2022-07-04T05:00:00.000000000,116.61,130.47929
2022-07-04T06:00:00.000000000,121.2,132.89698
2022-07-04T07:00:00.000000000,134.55,136.00309
2022-07-04T08:00:00.000000000,135.11,137.96122
2022-07-04T09:00:00.000000000,124.19,139.41072
2022-07-04T10:00:00.000000000,119.76,140.47795
2022-07-04T11:00:00.000000000,126.06,140.38571
2022-07-04T12:00:00.000000000,128.64,139.48173
2022-07-04T13:00:00.000000000,141.4,138.11648
2022-07-04T14:00:00.000000000,142.01,135.92369
2022-07-04T15:00:00.000000000,135.61,133.81516
2022-07-04T16:00:00.000000000,132.32,131.74971
2022-07-04T17:00:00.000000000,132.43,129.51391
2022-07-04T18:00:00.000000000,130.1,126.38552
2022-07-04T19:00:00.000000000,130.56,124.09186
2022-07-04T20:00:00.000000000,132.61,122.53889
2022-07-04T21:00:00.000000000,126.46,121.9581
2022-07-04T22:00:00.000000000,128.9,121.86463
2022-07-04T23:00:00.000000000,120.79,122.18477
2022-07-05T00:00:00.000000000,108.7,120.92897
2022-07-05T01:00:00.000000000,106.11,121.76751
2022-07-05T02:00:00.000000000,104.78,122.85831
2022-07-05T03:00:00.000000000,136.04,124.30832
2022-07-05T04:00:00.000000000,159.05,126.61427
2022-07-05T05:00:00.000000000,165.03,130.01054
2022-07-05T06:00:00.000000000,159.16,134.08292
2022-07-05T07:00:00.000000000,163.55,138.83663
2022-07-05T08:00:00.000000000,169.2,142.21982
2022-07-05T09:00:00.000000000,152.92,145.04389
2022-07-05T10:00:00.000000000,145.38,147.37945
2022-07-05T11:00:00.000000000,145.13,148.35378
2022-07-05T12:00:00.000000000,145.8,148.33813
2022-07-05T13:00:00.000000000,177.76,147.51329
2022-07-05T14:00:00.000000000,174.41,145.4792
2022-07-05T15:00:00.000000000,140.56,142.96023
2022-07-05T16:00:00.000000000,136.02,140.28426
2022-07-05T17:00:00.000000000,134.45,137.37798
2022-07-05T18:00:00.000000000,160.32,133.64826
2022-07-05T19:00:00.000000000,173.11,130.89317
2022-07-05T20:00:00.000000000,166.88,129.11223
2022-07-05T21:00:00.000000000,96.9,128.33878
2022-07-05T22:00:00.000000000,111.18,127.97603
2022-07-05T23:00:00.000000000,117.54,127.97208
2022-07-03T00:00:00.000000000,154.21,152.48042
2022-07-03T01:00:00.000000000,150.53,151.69431
2022-07-03T02:00:00.000000000,146.35,150.807
2022-07-03T03:00:00.000000000,145.84,150.26768
2022-07-03T04:00:00.000000000,169.33,149.70614
2022-07-03T05:00:00.000000000,168.52,149.3294
2022-07-03T06:00:00.000000000,143.34,149.58953
2022-07-03T07:00:00.000000000,114.6,151.035
2022-07-03T08:00:00.000000000,123.68,151.45619
2022-07-03T09:00:00.000000000,127.35,151.48379
2022-07-03T10:00:00.000000000,127.07,151.43416
2022-07-03T11:00:00.000000000,134.94,150.7248
2022-07-03T12:00:00.000000000,140.09,149.13501
2022-07-03T13:00:00.000000000,131.04,147.48138
2022-07-03T14:00:00.000000000,125.84,144.97616
2022-07-03T15:00:00.000000000,123.69,143.21063
2022-07-03T16:00:00.000000000,119.99,141.56559
2022-07-03T17:00:00.000000000,116.26,139.78438
2022-07-03T18:00:00.000000000,112.86,136.97642
2022-07-03T19:00:00.000000000,119.24,134.96695
2022-07-03T20:00:00.000000000,147.01,133.45377
2022-07-03T21:00:00.000000000,143.3,132.9018
2022-07-03T22:00:00.000000000,142.14,132.63779
2022-07-03T23:00:00.000000000,130.43,132.73021
2022-07-04T00:00:00.000000000,123.18,128.50776
2022-07-04T01:00:00.000000000,105.45,129.25816
2022-07-04T02:00:00.000000000,92.98,130.48469
2022-07-04T03:00:00.000000000,93.54,132.23248
2022-07-04T04:00:00.000000000,106.63,134.89756
2022-07-04T05:00:00.000000000,116.61,138.57677
2022-07-04T06:00:00.000000000,121.2,142.99742
2022-07-04T07:00:00.000000000,134.55,148.03179
2022-07-04T08:00:00.000000000,135.11,151.45227
2022-07-04T09:00:00.000000000,124.19,154.15337
2022-07-04T10:00:00.000000000,119.76,156.29462
2022-07-04T11:00:00.000000000,126.06,157.15985
2022-07-04T12:00:00.000000000,128.64,156.92836
2022-07-04T13:00:00.000000000,141.4,155.9262
2022-07-04T14:00:00.000000000,142.01,153.46284
2022-07-04T15:00:00.000000000,135.61,150.48268
2022-07-04T16:00:00.000000000,132.32,147.34938
2022-07-04T17:00:00.000000000,132.43,144.10916
2022-07-04T18:00:00.000000000,130.1,140.14869
2022-07-04T19:00:00.000000000,130.56,137.33762
2022-07-04T20:00:00.000000000,132.61,135.6592
2022-07-04T21:00:00.000000000,126.46,134.95502
2022-07-04T22:00:00.000000000,128.9,134.52676
2022-07-04T23:00:00.000000000,120.79,134.34724
2022-07-05T00:00:00.000000000,108.7,129.34656
2022-07-05T01:00:00.000000000,106.11,130.28885
2022-07-05T02:00:00.000000000,104.78,132.18362
2022-07-05T03:00:00.000000000,136.04,134.90713
2022-07-05T04:00:00.000000000,159.05,138.94264
2022-07-05T05:00:00.000000000,165.03,144.16811
2022-07-05T06:00:00.000000000,159.16,150.95766
2022-07-05T07:00:00.000000000,163.55,158.57778
2022-07-05T08:00:00.000000000,169.2,164.44794
2022-07-05T09:00:00.000000000,152.92,169.84343
2022-07-05T10:00:00.000000000,145.38,174.82522
2022-07-05T11:00:00.000000000,145.13,178.54997
2022-07-05T12:00:00.000000000,145.8,180.50306
2022-07-05T13:00:00.000000000,177.76,181.27961
2022-07-05T14:00:00.000000000,174.41,179.75929
2022-07-05T15:00:00.000000000,140.56,176.54354
2022-07-05T16:00:00.000000000,136.02,172.64299
2022-07-05T17:00:00.000000000,134.45,168.52791
2022-07-05T18:00:00.000000000,160.32,163.26588
2022-07-05T19:00:00.000000000,173.11,159.04901
2022-07-05T20:00:00.000000000,166.88,155.95835
2022-07-05T21:00:00.000000000,96.9,153.60297
2022-07-05T22:00:00.000000000,111.18,151.51652
2022-07-05T23:00:00.000000000,117.54,149.77515
2022-07-06T00:00:00.000000000,118.6,143.37339
2022-07-06T01:00:00.000000000,135.48,143.75778
2022-07-06T02:00:00.000000000,138.76,145.07042
2022-07-06T03:00:00.000000000,156.43,147.28995
2022-07-06T04:00:00.000000000,165.79,150.83659
2022-07-06T05:00:00.000000000,169.85,155.41119
2022-07-06T06:00:00.000000000,159.47,161.73901
2022-07-06T07:00:00.000000000,141.51,168.92965
2022-07-06T08:00:00.000000000,166.69,174.06072
2022-07-06T09:00:00.000000000,176.21,178.4987
2022-07-06T10:00:00.000000000,183.06,182.66134
2022-07-06T11:00:00.000000000,166.35,185.60296
2022-07-06T12:00:00.000000000,169.99,187.15385
2022-07-06T13:00:00.000000000,177.35,188.1925
2022-07-06T14:00:00.000000000,167.03,187.32192
2022-07-06T15:00:00.000000000,156.88,185.32798
2022-07-06T16:00:00.000000000,158.36,182.45845
2022-07-06T17:00:00.000000000,148.63,179.1175
2022-07-06T18:00:00.000000000,175.17,174.51898
2022-07-06T19:00:00.000000000,183.8,170.80426
2022-07-06T20:00:00.000000000,171.32,168.22915
2022-07-06T21:00:00.000000000,174.24,166.31936
2022-07-06T22:00:00.000000000,172.63,164.42015
2022-07-06T23:00:00.000000000,168.95,162.48698
2022-07-04T00:00:00.000000000,123.18,128.68446
2022-07-04T01:00:00.000000000,105.45,129.8211
2022-07-04T02:00:00.000000000,92.98,131.47356
2022-07-04T03:00:00.000000000,93.54,133.63505
2022-07-04T04:00:00.000000000,106.63,136.69886
2022-07-04T05:00:00.000000000,116.61,140.71067
2022-07-04T06:00:00.000000000,121.2,145.39134
2022-07-04T07:00:00.000000000,134.55,150.62606
2022-07-04T08:00:00.000000000,135.11,154.13572
2022-07-04T09:00:00.000000000,124.19,156.90032
2022-07-04T10:00:00.000000000,119.76,159.05487
2022-07-04T11:00:00.000000000,126.06,159.82669
2022-07-04T12:00:00.000000000,128.64,159.42456
2022-07-04T13:00:00.000000000,141.4,158.27406
2022-07-04T14:00:00.000000000,142.01,155.69471
2022-07-04T15:00:00.000000000,135.61,152.65471
2022-07-04T16:00:00.000000000,132.32,149.46675
2022-07-04T17:00:00.000000000,132.43,146.2139
2022-07-04T18:00:00.000000000,130.1,142.1741
2022-07-04T19:00:00.000000000,130.56,139.25882
2022-07-04T20:00:00.000000000,132.61,137.44776
2022-07-04T21:00:00.000000000,126.46,136.61788
2022-07-04T22:00:00.000000000,128.9,136.12411
2022-07-04T23:00:00.000000000,120.79,135.96423
2022-07-05T00:00:00.000000000,108.7,129.53587
2022-07-05T01:00:00.000000000,106.11,130.32533
2022-07-05T02:00:00.000000000,104.78,132.14625
2022-07-05T03:00:00.000000000,136.04,135.13135
2022-07-05T04:00:00.000000000,159.05,138.92167
2022-07-05T05:00:00.000000000,165.03,143.49796
2022-07-05T06:00:00.000000000,159.16,149.49882
2022-07-05T07:00:00.000000000,163.55,156.44454
2022-07-05T08:00:00.000000000,169.2,161.55433
2022-07-05T09:00:00.000000000,152.92,166.39865
2022-07-05T10:00:00.000000000,145.38,171.46873
2022-07-05T11:00:00.000000000,145.13,175.65576
2022-07-05T12:00:00.000000000,145.8,178.72175
2022-07-05T13:00:00.000000000,177.76,181.30127
2022-07-05T14:00:00.000000000,174.41,181.93481
2022-07-05T15:00:00.000000000,140.56,181.21187
2022-07-05T16:00:00.000000000,136.02,179.53329
2022-07-05T17:00:00.000000000,134.45,177.22219
2022-07-05T18:00:00.000000000,160.32,173.41955
2022-07-05T19:00:00.000000000,173.11,169.96302
2022-07-05T20:00:00.000000000,166.88,167.11448
2022-07-05T21:00:00.000000000,96.9,164.61597
2022-07-05T22:00:00.000000000,111.18,162.08557
2022-07-05T23:00:00.000000000,117.54,159.70836
2022-07-06T00:00:00.000000000,118.6,159.64449
2022-07-06T01:00:00.000000000,135.48,159.63327
2022-07-06T02:00:00.000000000,138.76,160.68596
2022-07-06T03:00:00.000000000,156.43,162.86879
2022-07-06T04:00:00.000000000,165.79,166.29335
2022-07-06T05:00:00.000000000,169.85,170.37737
2022-07-06T06:00:00.000000000,159.47,176.17612
2022-07-06T07:00:00.000000000,141.51,182.7495
2022-07-06T08:00:00.000000000,166.69,186.81501
2022-07-06T09:00:00.000000000,176.21,189.85977
2022-07-06T10:00:00.000000000,183.06,192.76628
2022-07-06T11:00:00.000000000,166.35,194.50432
2022-07-06T12:00:00.000000000,169.99,195.28234
2022-07-06T13:00:00.000000000,177.35,196.3103
2022-07-06T14:00:00.000000000,167.03,196.00496
2022-07-06T15:00:00.000000000,156.88,195.29919
2022-07-06T16:00:00.000000000,158.36,193.71607
2022-07-06T17:00:00.000000000,148.63,191.25531
2022-07-06T18:00:00.000000000,175.17,187.31638
2022-07-06T19:00:00.000000000,183.8,183.79547
2022-07-06T20:00:00.000000000,171.32,181.35703
2022-07-06T21:00:00.000000000,174.24,179.41968
2022-07-06T22:00:00.000000000,172.63,177.24331
2022-07-06T23:00:00.000000000,168.95,174.74648
2022-07-07T00:00:00.000000000,154.64,169.71459
2022-07-07T01:00:00.000000000,153.55,168.67071
2022-07-07T02:00:00.000000000,142.81,168.84279
2022-07-07T03:00:00.000000000,160.84,170.07198
2022-07-07T04:00:00.000000000,172.33,172.79608
2022-07-07T05:00:00.000000000,170.92,176.43543
2022-07-07T06:00:00.000000000,166.85,181.9983
2022-07-07T07:00:00.000000000,152.98,188.47314
2022-07-07T08:00:00.000000000,154.18,192.63356
2022-07-07T09:00:00.000000000,149.35,195.8298
2022-07-07T10:00:00.000000000,137.62,198.68818
2022-07-07T11:00:00.000000000,144.42,200.31782
2022-07-07T12:00:00.000000000,166.29,200.56124
2022-07-07T13:00:00.000000000,167.76,200.78127
2022-07-07T14:00:00.000000000,159.03,199.35907
2022-07-07T15:00:00.000000000,175.59,197.6079
2022-07-07T16:00:00.000000000,173.29,195.08029
2022-07-07T17:00:00.000000000,177.74,191.95647
2022-07-07T18:00:00.000000000,184.63,187.35001
2022-07-07T19:00:00.000000000,184.14,183.46474
2022-07-07T20:00:00.000000000,180.1,180.68807
2022-07-07T21:00:00.000000000,177.54,178.47509
2022-07-07T22:00:00.000000000,171.14,176.17317
2022-07-07T23:00:00.000000000,159.74,173.77293
2022-07-05T00:00:00.000000000,108.7,129.21133
2022-07-05T01:00:00.000000000,106.11,130.5646
2022-07-05T02:00:00.000000000,104.78,132.26462
2022-07-05T03:00:00.000000000,136.04,134.54678
2022-07-05T04:00:00.000000000,159.05,137.09148
2022-07-05T05:00:00.000000000,165.03,140.12896
2022-07-05T06:00:00.000000000,159.16,144.87651
2022-07-05T07:00:00.000000000,163.55,150.61956
2022-07-05T08:00:00.000000000,169.2,154.68944
2022-07-05T09:00:00.000000000,152.92,159.0268
2022-07-05T10:00:00.000000000,145.38,164.16633
2022-07-05T11:00:00.000000000,145.13,168.49038
2022-07-05T12:00:00.000000000,145.8,172.2215
2022-07-05T13:00:00.000000000,177.76,175.8235
2022-07-05T14:00:00.000000000,174.41,178.27476
2022-07-05T15:00:00.000000000,140.56,179.60446
2022-07-05T16:00:00.000000000,136.02,179.91085
2022-07-05T17:00:00.000000000,134.45,178.79668
2022-07-05T18:00:00.000000000,160.32,175.5836
2022-07-05T19:00:00.000000000,173.11,171.92712
2022-07-05T20:00:00.000000000,166.88,168.68369
2022-07-05T21:00:00.000000000,96.9,165.66364
2022-07-05T22:00:00.000000000,111.18,162.96095
2022-07-05T23:00:00.000000000,117.54,160.48174
2022-07-06T00:00:00.000000000,118.6,160.27621
2022-07-06T01:00:00.000000000,135.48,160.35118
2022-07-06T02:00:00.000000000,138.76,161.50265
2022-07-06T03:00:00.000000000,156.43,163.71386
2022-07-06T04:00:00.000000000,165.79,167.15916
2022-07-06T05:00:00.000000000,169.85,171.24129
2022-07-06T06:00:00.000000000,159.47,177.0205
2022-07-06T07:00:00.000000000,141.51,183.54856
2022-07-06T08:00:00.000000000,166.69,187.57973
2022-07-06T09:00:00.000000000,176.21,190.62598
2022-07-06T10:00:00.000000000,183.06,193.51939
2022-07-06T11:00:00.000000000,166.35,195.25119
2022-07-06T12:00:00.000000000,169.99,195.96889
2022-07-06T13:00:00.000000000,177.35,196.86307
2022-07-06T14:00:00.000000000,167.03,196.36569
2022-07-06T15:00:00.000000000,156.88,195.46511
2022-07-06T16:00:00.000000000,158.36,193.7119
2022-07-06T17:00:00.000000000,148.63,191.13903
2022-07-06T18:00:00.000000000,175.17,187.07354
2022-07-06T19:00:00.000000000,183.8,183.46275
2022-07-06T20:00:00.000000000,171.32,180.92615
2022-07-06T21:00:00.000000000,174.24,178.90262
2022-07-06T22:00:00.000000000,172.63,176.70992
2022-07-06T23:00:00.000000000,168.95,174.29051
2022-07-07T00:00:00.000000000,154.64,170.01503
2022-07-07T01:00:00.000000000,153.55,169.02689
2022-07-07T02:00:00.000000000,142.81,169.51161
2022-07-07T03:00:00.000000000,160.84,171.20745
2022-07-07T04:00:00.000000000,172.33,174.67184
2022-07-07T05:00:00.000000000,170.92,179.32094
2022-07-07T06:00:00.000000000,166.85,185.99875
2022-07-07T07:00:00.000000000,152.98,193.63777
2022-07-07T08:00:00.000000000,154.18,198.8872
2022-07-07T09:00:00.000000000,149.35,203.20566
2022-07-07T10:00:00.000000000,137.62,206.81711
2022-07-07T11:00:00.000000000,144.42,208.82943
2022-07-07T12:00:00.000000000,166.29,208.76283
2022-07-07T13:00:00.000000000,167.76,208.19903
2022-07-07T14:00:00.000000000,159.03,205.65766
2022-07-07T15:00:00.000000000,175.59,202.61683
2022-07-07T16:00:00.000000000,173.29,198.98493
2022-07-07T17:00:00.000000000,177.74,195.06783
2022-07-07T18:00:00.000000000,184.63,189.67085
2022-07-07T19:00:00.000000000,184.14,185.18091
2022-07-07T20:00:00.000000000,180.1,181.78598
2022-07-07T21:00:00.000000000,177.54,179.10424
2022-07-07T22:00:00.000000000,171.14,176.55995
2022-07-07T23:00:00.000000000,159.74,174.44268
2022-07-08T00:00:00.000000000,159.16,165.57905
2022-07-08T01:00:00.000000000,160.16,166.17855
2022-07-08T02:00:00.000000000,163.22,168.38938
2022-07-08T03:00:00.000000000,168.28,171.7318
2022-07-08T04:00:00.000000000,171.84,176.65708
2022-07-08T05:00:00.000000000,173.96,182.41086
2022-07-08T06:00:00.000000000,193.19,189.67908
2022-07-08T07:00:00.000000000,216.42,197.54731
2022-07-08T08:00:00.000000000,228.3,202.66342
2022-07-08T09:00:00.000000000,226.53,206.78243
2022-07-08T10:00:00.000000000,228.58,210.01081
2022-07-08T11:00:00.000000000,217.54,211.52486
2022-07-08T12:00:00.000000000,218.29,210.89209
2022-07-08T13:00:00.000000000,220.84,209.70714
2022-07-08T14:00:00.000000000,218.79,206.4286
2022-07-08T15:00:00.000000000,185.24,202.74411
2022-07-08T16:00:00.000000000,206.68,198.67996
2022-07-08T17:00:00.000000000,216.97,194.58776
2022-07-08T18:00:00.000000000,197.94,189.13599
2022-07-08T19:00:00.000000000,191.48,184.69305
2022-07-08T20:00:00.000000000,165.09,181.38418
2022-07-08T21:00:00.000000000,156.46,178.86255
2022-07-08T22:00:00.000000000,169.52,176.62847
2022-07-08T23:00:00.000000000,170.22,175.21391
2022-07-06T00:00:00.000000000,118.6,127.01556
2022-07-06T01:00:00.000000000,135.48,130.55168
2022-07-06T02:00:00.000000000,138.76,134.50323
2022-07-06T03:00:00.000000000,156.43,138.69573
2022-07-06T04:00:00.000000000,165.79,143.54357
2022-07-06T05:00:00.000000000,169.85,149.06009
2022-07-06T06:00:00.000000000,159.47,155.99159
2022-07-06T07:00:00.000000000,141.51,163.52788
2022-07-06T08:00:00.000000000,166.69,168.83914
2022-07-06T09:00:00.000000000,176.21,173.95769
2022-07-06T10:00:00.000000000,183.06,179.05133
2022-07-06T11:00:00.000000000,166.35,182.50624
2022-07-06T12:00:00.000000000,169.99,184.7524
2022-07-06T13:00:00.000000000,177.35,186.2202
2022-07-06T14:00:00.000000000,167.03,186.52243
2022-07-06T15:00:00.000000000,156.88,185.54477
2022-07-06T16:00:00.000000000,158.36,183.80689
2022-07-06T17:00:00.000000000,148.63,180.97182
2022-07-06T18:00:00.000000000,175.17,176.37648
2022-07-06T19:00:00.000000000,183.8,171.89376
2022-07-06T20:00:00.000000000,171.32,168.42221
2022-07-06T21:00:00.000000000,174.24,165.813
2022-07-06T22:00:00.000000000,172.63,163.83987
2022-07-06T23:00:00.000000000,168.95,162.52366
2022-07-07T00:00:00.000000000,154.64,162.61825
2022-07-07T01:00:00.000000000,153.55,162.36696
2022-07-07T02:00:00.000000000,142.81,163.55491
2022-07-07T03:00:00.000000000,160.84,165.93821
2022-07-07T04:00:00.000000000,172.33,170.08483
2022-07-07T05:00:00.000000000,170.92,175.43059
2022-07-07T06:00:00.000000000,166.85,182.76449
2022-07-07T07:00:00.000000000,152.98,190.99514
2022-07-07T08:00:00.000000000,154.18,196.76262
2022-07-07T09:00:00.000000000,149.35,201.65633
2022-07-07T10:00:00.000000000,137.62,205.84317
2022-07-07T11:00:00.000000000,144.42,208.32137
2022-07-07T12:00:00.000000000,166.29,208.68841
2022-07-07T13:00:00.000000000,167.76,208.42324
2022-07-07T14:00:00.000000000,159.03,206.20958
2022-07-07T15:00:00.000000000,175.59,203.27028
2022-07-07T16:00:00.000000000,173.29,199.6561
2022-07-07T17:00:00.000000000,177.74,195.68369
2022-07-07T18:00:00.000000000,184.63,190.15329
2022-07-07T19:00:00.000000000,184.14,185.43825
2022-07-07T20:00:00.000000000,180.1,181.7448
2022-07-07T21:00:00.000000000,177.54,178.83057
2022-07-07T22:00:00.000000000,171.14,176.14876
2022-07-07T23:00:00.000000000,159.74,174.06327
2022-07-08T00:00:00.000000000,159.16,165.64684
2022-07-08T01:00:00.000000000,160.16,168.59588
2022-07-08T02:00:00.000000000,163.22,173.38641
2022-07-08T03:00:00.000000000,168.28,179.02626
2022-07-08T04:00:00.000000000,171.84,185.62304
2022-07-08T05:00:00.000000000,173.96,192.11592
2022-07-08T06:00:00.000000000,193.19,199.37705
2022-07-08T07:00:00.000000000,216.42,206.9097
2022-07-08T08:00:00.000000000,228.3,211.39291
2022-07-08T09:00:00.000000000,226.53,215.00232
2022-07-08T10:00:00.000000000,228.58,217.75566
2022-07-08T11:00:00.000000000,217.54,218.69325
2022-07-08T12:00:00.000000000,218.29,217.24583
2022-07-08T13:00:00.000000000,220.84,215.24303
2022-07-08T14:00:00.000000000,218.79,211.42142
2022-07-08T15:00:00.000000000,185.24,207.719
2022-07-08T16:00:00.000000000,206.68,204.174
2022-07-08T17:00:00.000000000,216.97,200.97872
2022-07-08T18:00:00.000000000,197.94,196.04252
2022-07-08T19:00:00.000000000,191.48,191.51121
2022-07-08T20:00:00.000000000,165.09,187.61576
2022-07-08T21:00:00.000000000,156.46,184.3023
2022-07-08T22:00:00.000000000,169.52,181.76053
2022-07-08T23:00:00.000000000,170.22,180.91073
2022-07-09T00:00:00.000000000,166.8,170.12492
2022-07-09T01:00:00.000000000,147.59,172.75748
2022-07-09T02:00:00.000000000,153.14,177.33162
2022-07-09T03:00:00.000000000,164.9,182.80668
2022-07-09T04:00:00.000000000,169.32,189.2718
2022-07-09T05:00:00.000000000,174.11,195.63277
2022-07-09T06:00:00.000000000,187.39,202.80531
2022-07-09T07:00:00.000000000,192.57,210.2506
2022-07-09T08:00:00.000000000,193.39,214.63018
2022-07-09T09:00:00.000000000,184.08,218.14406
2022-07-09T10:00:00.000000000,154.68,220.66467
2022-07-09T11:00:00.000000000,125.22,221.27536
2022-07-09T12:00:00.000000000,121.57,219.23737
2022-07-09T13:00:00.000000000,133.36,216.5829
2022-07-09T14:00:00.000000000,125.25,211.98354
2022-07-09T15:00:00.000000000,119.0,207.67121
2022-07-09T16:00:00.000000000,119.57,203.75367
2022-07-09T17:00:00.000000000,119.31,200.35475
2022-07-09T18:00:00.000000000,127.32,195.28551
2022-07-09T19:00:00.000000000,157.26,190.70548
2022-07-09T20:00:00.000000000,177.26,186.82703
2022-07-09T21:00:00.000000000,180.56,183.52352
2022-07-09T22:00:00.000000000,184.14,181.02421
2022-07-09T23:00:00.000000000,183.44,180.41904
2022-07-07T00:00:00.000000000,154.64,166.55056
2022-07-07T01:00:00.000000000,153.55,165.8852
2022-07-07T02:00:00.000000000,142.81,166.51464
2022-07-07T03:00:00.000000000,160.84,168.32728
2022-07-07T04:00:00.000000000,172.33,171.65716
2022-07-07T05:00:00.000000000,170.92,175.84715
2022-07-07T06:00:00.000000000,166.85,181.90161
2022-07-07T07:00:00.000000000,152.98,188.57873
2022-07-07T08:00:00.000000000,154.18,192.59917
2022-07-07T09:00:00.000000000,149.35,195.42269
2022-07-07T10:00:00.000000000,137.62,197.909
2022-07-07T11:00:00.000000000,144.42,199.17292
2022-07-07T12:00:00.000000000,166.29,199.32234
2022-07-07T13:00:00.000000000,167.76,199.70064
2022-07-07T14:00:00.000000000,159.03,198.76476
2022-07-07T15:00:00.000000000,175.59,197.61348
2022-07-07T16:00:00.000000000,173.29,195.64351
2022-07-07T17:00:00.000000000,177.74,192.86625
2022-07-07T18:00:00.000000000,184.63,188.56547
2022-07-07T19:00:00.000000000,184.14,184.71999
2022-07-07T20:00:00.000000000,180.1,181.96912
2022-07-07T21:00:00.000000000,177.54,179.72547
2022-07-07T22:00:00.000000000,171.14,177.33235
2022-07-07T23:00:00.000000000,159.74,174.80956
2022-07-08T00:00:00.000000000,159.16,167.90722
2022-07-08T01:00:00.000000000,160.16,167.69442
2022-07-08T02:00:00.000000000,163.22,168.93424
2022-07-08T03:00:00.000000000,168.28,171.25711
2022-07-08T04:00:00.000000000,171.84,175.13874
2022-07-08T05:00:00.000000000,173.96,179.93392
2022-07-08T06:00:00.000000000,193.19,186.47383
2022-07-08T07:00:00.000000000,216.42,193.76804
2022-07-08T08:00:00.000000000,228.3,198.52547
2022-07-08T09:00:00.000000000,226.53,202.31421
2022-07-08T10:00:00.000000000,228.58,205.44107
2022-07-08T11:00:00.000000000,217.54,207.08311
2022-07-08T12:00:00.000000000,218.29,206.86185
2022-07-08T13:00:00.000000000,220.84,206.24175
2022-07-08T14:00:00.000000000,218.79,203.69321
2022-07-08T15:00:00.000000000,185.24,200.76488
2022-07-08T16:00:00.000000000,206.68,197.2956
2022-07-08T17:00:00.000000000,216.97,193.57842
2022-07-08T18:00:00.000000000,197.94,188.44656
2022-07-08T19:00:00.000000000,191.48,184.21293
2022-07-08T20:00:00.000000000,165.09,181.08783
2022-07-08T21:00:00.000000000,156.46,178.65457
2022-07-08T22:00:00.000000000,169.52,176.36245
2022-07-08T23:00:00.000000000,170.22,174.5214
2022-07-09T00:00:00.000000000,166.8,165.59328
2022-07-09T01:00:00.000000000,147.59,167.7262
2022-07-09T02:00:00.000000000,153.14,171.4343
2022-07-09T03:00:00.000000000,164.9,175.9364
2022-07-09T04:00:00.000000000,169.32,181.38367
2022-07-09T05:00:00.000000000,174.11,186.90479
2022-07-09T06:00:00.000000000,187.39,193.34804
2022-07-09T07:00:00.000000000,192.57,200.06451
2022-07-09T08:00:00.000000000,193.39,203.82086
2022-07-09T09:00:00.000000000,184.08,206.67805
2022-07-09T10:00:00.000000000,154.68,208.84375
2022-07-09T11:00:00.000000000,125.22,209.61001
2022-07-09T12:00:00.000000000,121.57,208.57734
2022-07-09T13:00:00.000000000,133.36,207.16992
2022-07-09T14:00:00.000000000,125.25,203.80232
2022-07-09T15:00:00.000000000,119.0,200.45947
2022-07-09T16:00:00.000000000,119.57,197.01453
2022-07-09T17:00:00.000000000,119.31,193.68789
2022-07-09T18:00:00.000000000,127.32,188.97929
2022-07-09T19:00:00.000000000,157.26,185.03756
2022-07-09T20:00:00.000000000,177.26,182.07586
2022-07-09T21:00:00.000000000,180.56,179.73213
2022-07-09T22:00:00.000000000,184.14,177.80746
2022-07-09T23:00:00.000000000,183.44,176.95559
2022-07-10T00:00:00.000000000,157.25,164.24644
2022-07-10T01:00:00.000000000,150.37,163.6754
2022-07-10T02:00:00.000000000,175.74,164.1196
2022-07-10T03:00:00.000000000,190.35,165.19859
2022-07-10T04:00:00.000000000,208.12,167.76264
2022-07-10T05:00:00.000000000,223.73,171.33922
2022-07-10T06:00:00.000000000,216.89,176.77926
2022-07-10T07:00:00.000000000,212.17,183.30071
2022-07-10T08:00:00.000000000,188.65,187.95399
2022-07-10T09:00:00.000000000,159.81,191.89252
2022-07-10T10:00:00.000000000,147.26,195.33443
2022-07-10T11:00:00.000000000,154.13,197.46664
2022-07-10T12:00:00.000000000,155.3,197.72446
2022-07-10T13:00:00.000000000,149.38,197.30048
2022-07-10T14:00:00.000000000,126.26,194.6968
2022-07-10T15:00:00.000000000,138.28,191.41282
2022-07-10T16:00:00.000000000,135.23,187.52311
2022-07-10T17:00:00.000000000,131.98,183.56638
2022-07-10T18:00:00.000000000,131.62,178.38345
2022-07-10T19:00:00.000000000,129.24,174.50476
2022-07-10T20:00:00.000000000,121.96,171.87841
2022-07-10T21:00:00.000000000,121.55,170.0142
2022-07-10T22:00:00.000000000,118.49,168.28163
2022-07-10T23:00:00.000000000,114.9,166.65493
2022-07-08T00:00:00.000000000,159.16,162.41663
2022-07-08T01:00:00.000000000,160.16,161.7919
2022-07-08T02:00:00.000000000,163.22,162.52725
2022-07-08T03:00:00.000000000,168.28,164.68346
2022-07-08T04:00:00.000000000,171.84,168.4828
2022-07-08T05:00:00.000000000,173.96,173.23136
2022-07-08T06:00:00.000000000,193.19,179.94483
2022-07-08T07:00:00.000000000,216.42,186.99149
2022-07-08T08:00:00.000000000,228.3,190.99931
2022-07-08T09:00:00.000000000,226.53,193.52052
2022-07-08T10:00:00.000000000,228.58,195.7167
2022-07-08T11:00:00.000000000,217.54,196.6765
2022-07-08T12:00:00.000000000,218.29,196.87905
2022-07-08T13:00:00.000000000,220.84,197.66602
2022-07-08T14:00:00.000000000,218.79,197.59394
2022-07-08T15:00:00.000000000,185.24,197.37589
2022-07-08T16:00:00.000000000,206.68,196.20393
2022-07-08T17:00:00.000000000,216.97,193.8343
2022-07-08T18:00:00.000000000,197.94,189.87815
2022-07-08T19:00:00.000000000,191.48,186.0292
2022-07-08T20:00:00.000000000,165.09,183.29412
2022-07-08T21:00:00.000000000,156.46,180.99338
2022-07-08T22:00:00.000000000,169.52,178.39887
2022-07-08T23:00:00.000000000,170.22,175.517
2022-07-09T00:00:00.000000000,166.8,166.2243
2022-07-09T01:00:00.000000000,147.59,167.31435
2022-07-09T02:00:00.000000000,153.14,169.91851
2022-07-09T03:00:00.000000000,164.9,173.45265
2022-07-09T04:00:00.000000000,169.32,178.26062
2022-07-09T05:00:00.000000000,174.11,183.561
2022-07-09T06:00:00.000000000,187.39,190.12915
2022-07-09T07:00:00.000000000,192.57,197.14281
2022-07-09T08:00:00.000000000,193.39,201.34839
2022-07-09T09:00:00.000000000,184.08,204.60002
2022-07-09T10:00:00.000000000,154.68,207.11291
2022-07-09T11:00:00.000000000,125.22,208.19191
2022-07-09T12:00:00.000000000,121.57,207.45816
2022-07-09T13:00:00.000000000,133.36,206.31743
2022-07-09T14:00:00.000000000,125.25,203.09768
2022-07-09T15:00:00.000000000,119.0,199.66321
2022-07-09T16:00:00.000000000,119.57,195.91051
2022-07-09T17:00:00.000000000,119.31,192.15573
2022-07-09T18:00:00.000000000,127.32,187.11532
2022-07-09T19:00:00.000000000,157.26,183.06463
2022-07-09T20:00:00.000000000,177.26,180.16607
2022-07-09T21:00:00.000000000,180.56,177.98136
2022-07-09T22:00:00.000000000,184.14,176.07703
2022-07-09T23:00:00.000000000,183.44,174.94648
2022-07-10T00:00:00.000000000,157.25,161.46458
2022-07-10T01:00:00.000000000,150.37,160.28353
2022-07-10T02:00:00.000000000,175.74,160.03885
2022-07-10T03:00:00.000000000,190.35,160.45078
2022-07-10T04:00:00.000000000,208.12,162.38506
2022-07-10T05:00:00.000000000,223.73,165.54716
2022-07-10T06:00:00.000000000,216.89,170.70889
2022-07-10T07:00:00.000000000,212.17,177.12202
2022-07-10T08:00:00.000000000,188.65,181.97765
2022-07-10T09:00:00.000000000,159.81,186.13246
2022-07-10T10:00:00.000000000,147.26,189.79983
2022-07-10T11:00:00.000000000,154.13,192.24317
2022-07-10T12:00:00.000000000,155.3,192.65669
2022-07-10T13:00:00.000000000,149.38,192.09683
2022-07-10T14:00:00.000000000,126.26,189.26402
2022-07-10T15:00:00.000000000,138.28,185.6046
2022-07-10T16:00:00.000000000,135.23,181.45143
2022-07-10T17:00:00.000000000,131.98,177.32069
2022-07-10T18:00:00.000000000,131.62,172.10104
2022-07-10T19:00:00.000000000,129.24,168.26975
2022-07-10T20:00:00.000000000,121.96,165.69891
2022-07-10T21:00:00.000000000,121.55,163.92402
2022-07-10T22:00:00.000000000,118.49,162.23829
2022-07-10T23:00:00.000000000,114.9,160.62277
2022-07-11T00:00:00.000000000,106.21,162.26723
2022-07-11T01:00:00.000000000,104.24,160.06011
2022-07-11T02:00:00.000000000,102.76,159.17473
2022-07-11T03:00:00.000000000,110.17,159.98213
2022-07-11T04:00:00.000000000,111.27,163.05874
2022-07-11T05:00:00.000000000,114.47,168.19122
2022-07-11T06:00:00.000000000,125.56,176.28473
2022-07-11T07:00:00.000000000,123.07,186.00015
2022-07-11T08:00:00.000000000,115.24,193.59508
2022-07-11T09:00:00.000000000,118.5,200.57614
2022-07-11T10:00:00.000000000,119.14,206.89465
2022-07-11T11:00:00.000000000,124.83,211.19882
2022-07-11T12:00:00.000000000,144.03,213.06986
2022-07-11T13:00:00.000000000,165.62,214.01053
2022-07-11T14:00:00.000000000,169.71,213.02078
2022-07-11T15:00:00.000000000,136.93,210.70537
2022-07-11T16:00:00.000000000,128.75,207.37504
2022-07-11T17:00:00.000000000,171.75,203.16174
2022-07-11T18:00:00.000000000,183.3,197.09145
2022-07-11T19:00:00.000000000,203.92,191.48761
2022-07-11T20:00:00.000000000,204.15,186.84983
2022-07-11T21:00:00.000000000,209.0,183.05336
2022-07-11T22:00:00.000000000,198.74,179.40685
2022-07-11T23:00:00.000000000,178.59,176.19673
2022-07-09T00:00:00.000000000,166.8,160.16451
2022-07-09T01:00:00.000000000,147.59,161.31492
2022-07-09T02:00:00.000000000,153.14,163.89404
2022-07-09T03:00:00.000000000,164.9,167.41865
2022-07-09T04:00:00.000000000,169.32,172.60323
2022-07-09T05:00:00.000000000,174.11,178.72152
2022-07-09T06:00:00.000000000,187.39,186.28092
2022-07-09T07:00:00.000000000,192.57,194.31431
2022-07-09T08:00:00.000000000,193.39,199.5482
2022-07-09T09:00:00.000000000,184.08,203.59593
2022-07-09T10:00:00.000000000,154.68,206.59797
2022-07-09T11:00:00.000000000,125.22,207.92338
2022-07-09T12:00:00.000000000,121.57,207.22631
2022-07-09T13:00:00.000000000,133.36,205.86316
2022-07-09T14:00:00.000000000,125.25,202.38257
2022-07-09T15:00:00.000000000,119.0,198.35018
2022-07-09T16:00:00.000000000,119.57,193.8351
2022-07-09T17:00:00.000000000,119.31,189.33001
2022-07-09T18:00:00.000000000,127.32,183.72102
2022-07-09T19:00:00.000000000,157.26,179.41486
2022-07-09T20:00:00.000000000,177.26,176.46321
2022-07-09T21:00:00.000000000,180.56,174.52398
2022-07-09T22:00:00.000000000,184.14,172.85003
2022-07-09T23:00:00.000000000,183.44,171.87029
2022-07-10T00:00:00.000000000,157.25,154.02526
2022-07-10T01:00:00.000000000,150.37,152.92784
2022-07-10T02:00:00.000000000,175.74,152.52609
2022-07-10T03:00:00.000000000,190.35,152.94829
2022-07-10T04:00:00.000000000,208.12,154.18835
2022-07-10T05:00:00.000000000,223.73,156.28603
2022-07-10T06:00:00.000000000,216.89,159.6106
2022-07-10T07:00:00.000000000,212.17,163.9162
2022-07-10T08:00:00.000000000,188.65,166.72356
2022-07-10T09:00:00.000000000,159.81,168.71043
2022-07-10T10:00:00.000000000,147.26,170.36265
2022-07-10T11:00:00.000000000,154.13,171.35301
2022-07-10T12:00:00.000000000,155.3,171.06559
2022-07-10T13:00:00.000000000,149.38,170.0274
2022-07-10T14:00:00.000000000,126.26,166.99021
2022-07-10T15:00:00.000000000,138.28,163.49379
2022-07-10T16:00:00.000000000,135.23,159.91336
2022-07-10T17:00:00.000000000,131.98,156.25969
2022-07-10T18:00:00.000000000,131.62,152.0333
2022-07-10T19:00:00.000000000,129.24,149.11668
2022-07-10T20:00:00.000000000,121.96,147.52439
2022-07-10T21:00:00.000000000,121.55,146.85502
2022-07-10T22:00:00.000000000,118.49,146.11523
2022-07-10T23:00:00.000000000,114.9,145.37519
2022-07-11T00:00:00.000000000,106.21,138.68486
2022-07-11T01:00:00.000000000,104.24,138.18648
2022-07-11T02:00:00.000000000,102.76,138.60366
2022-07-11T03:00:00.000000000,110.17,140.25045
2022-07-11T04:00:00.000000000,111.27,142.89683
2022-07-11T05:00:00.000000000,114.47,146.605
2022-07-11T06:00:00.000000000,125.56,152.15489
2022-07-11T07:00:00.000000000,123.07,158.7841
2022-07-11T08:00:00.000000000,115.24,163.54061
2022-07-11T09:00:00.000000000,118.5,167.94401
2022-07-11T10:00:00.000000000,119.14,172.63418
2022-07-11T11:00:00.000000000,124.83,176.49916
2022-07-11T12:00:00.000000000,144.03,179.65308
2022-07-11T13:00:00.000000000,165.62,182.84448
2022-07-11T14:00:00.000000000,169.71,184.46214
2022-07-11T15:00:00.000000000,136.93,185.02386
2022-07-11T16:00:00.000000000,128.75,184.34934
2022-07-11T17:00:00.000000000,171.75,182.7247
2022-07-11T18:00:00.000000000,183.3,179.45957
2022-07-11T19:00:00.000000000,203.92,176.40335
2022-07-11T20:00:00.000000000,204.15,173.9312
2022-07-11T21:00:00.000000000,209.0,171.74498
2022-07-11T22:00:00.000000000,198.74,169.34521
2022-07-11T23:00:00.000000000,178.59,166.72245
2022-07-12T00:00:00.000000000,177.26,158.17567
2022-07-12T01:00:00.000000000,171.9,157.57226
2022-07-12T02:00:00.000000000,172.22,157.93399
2022-07-12T03:00:00.000000000,178.17,159.45882
2022-07-12T04:00:00.000000000,193.69,162.06085
2022-07-12T05:00:00.000000000,197.63,165.39181
2022-07-12T06:00:00.000000000,206.57,170.43688
2022-07-12T07:00:00.000000000,205.41,176.6259
2022-07-12T08:00:00.000000000,234.69,180.72112
2022-07-12T09:00:00.000000000,230.67,184.12858
2022-07-12T10:00:00.000000000,230.37,187.5858
2022-07-12T11:00:00.000000000,236.56,190.03864
2022-07-12T12:00:00.000000000,241.74,191.55471
2022-07-12T13:00:00.000000000,238.76,193.25521
2022-07-12T14:00:00.000000000,232.53,193.38006
2022-07-12T15:00:00.000000000,200.74,192.95409
2022-07-12T16:00:00.000000000,195.94,191.60854
2022-07-12T17:00:00.000000000,196.62,189.5003
2022-07-12T18:00:00.000000000,197.19,185.9364
2022-07-12T19:00:00.000000000,181.77,182.87416
2022-07-12T20:00:00.000000000,183.45,180.7491
2022-07-12T21:00:00.000000000,164.12,179.03198
2022-07-12T22:00:00.000000000,164.27,176.98622
2022-07-12T23:00:00.000000000,160.42,174.51776
2022-07-10T00:00:00.000000000,157.25,165.58491
2022-07-10T01:00:00.000000000,150.37,163.71051
2022-07-10T02:00:00.000000000,175.74,161.65093
2022-07-10T03:00:00.000000000,190.35,160.08467
2022-07-10T04:00:00.000000000,208.12,158.13463
2022-07-10T05:00:00.000000000,223.73,156.06661
2022-07-10T06:00:00.000000000,216.89,154.69567
2022-07-10T07:00:00.000000000,212.17,154.7588
2022-07-10T08:00:00.000000000,188.65,154.01974
2022-07-10T09:00:00.000000000,159.81,152.95132
2022-07-10T10:00:00.000000000,147.26,152.09017
2022-07-10T11:00:00.000000000,154.13,151.02562
2022-07-10T12:00:00.000000000,155.3,149.19572
2022-07-10T13:00:00.000000000,149.38,147.5062
2022-07-10T14:00:00.000000000,126.26,144.97046
2022-07-10T15:00:00.000000000,138.28,143.55787
2022-07-10T16:00:00.000000000,135.23,142.36392
2022-07-10T17:00:00.000000000,131.98,140.8927
2022-07-10T18:00:00.000000000,131.62,138.34836
2022-07-10T19:00:00.000000000,129.24,136.44473
2022-07-10T20:00:00.000000000,121.96,134.839
2022-07-10T21:00:00.000000000,121.55,134.21702
2022-07-10T22:00:00.000000000,118.49,133.76488
2022-07-10T23:00:00.000000000,114.9,133.71346
2022-07-11T00:00:00.000000000,106.21,125.47419
2022-07-11T01:00:00.000000000,104.24,125.36683
2022-07-11T02:00:00.000000000,102.76,125.84421
2022-07-11T03:00:00.000000000,110.17,127.00248
2022-07-11T04:00:00.000000000,111.27,127.92263
2022-07-11T05:00:00.000000000,114.47,129.37157
2022-07-11T06:00:00.000000000,125.56,132.35003
2022-07-11T07:00:00.000000000,123.07,136.81479
2022-07-11T08:00:00.000000000,115.24,140.52537
2022-07-11T09:00:00.000000000,118.5,145.16407
2022-07-11T10:00:00.000000000,119.14,151.34344
2022-07-11T11:00:00.000000000,124.83,157.13172
2022-07-11T12:00:00.000000000,144.03,162.87751
2022-07-11T13:00:00.000000000,165.62,168.88645
2022-07-11T14:00:00.000000000,169.71,173.79871
2022-07-11T15:00:00.000000000,136.93,177.93193
2022-07-11T16:00:00.000000000,128.75,180.83551
2022-07-11T17:00:00.000000000,171.75,182.57265
2022-07-11T18:00:00.000000000,183.3,181.70151
2022-07-11T19:00:00.000000000,203.92,179.89268
2022-07-11T20:00:00.000000000,204.15,177.32778
2022-07-11T21:00:00.000000000,209.0,174.31935
2022-07-11T22:00:00.000000000,198.74,171.31304
2022-07-11T23:00:00.000000000,178.59,168.3704
2022-07-12T00:00:00.000000000,177.26,157.8661
2022-07-12T01:00:00.000000000,171.9,155.84786
2022-07-12T02:00:00.000000000,172.22,154.58571
2022-07-12T03:00:00.000000000,178.17,154.33436
2022-07-12T04:00:00.000000000,193.69,154.54312
2022-07-12T05:00:00.000000000,197.63,155.2873
2022-07-12T06:00:00.000000000,206.57,157.85895
2022-07-12T07:00:00.000000000,205.41,162.0471
2022-07-12T08:00:00.000000000,234.69,165.05904
2022-07-12T09:00:00.000000000,230.67,168.39515
2022-07-12T10:00:00.000000000,230.37,172.72671
2022-07-12T11:00:00.000000000,236.56,176.61405
2022-07-12T12:00:00.000000000,241.74,180.02196
2022-07-12T13:00:00.000000000,238.76,183.84053
2022-07-12T14:00:00.000000000,232.53,186.1562
2022-07-12T15:00:00.000000000,200.74,187.93417
2022-07-12T16:00:00.000000000,195.94,188.60243
2022-07-12T17:00:00.000000000,196.62,188.27935
2022-07-12T18:00:00.000000000,197.19,185.75275
2022-07-12T19:00:00.000000000,181.77,183.01984
2022-07-12T20:00:00.000000000,183.45,180.31901
2022-07-12T21:00:00.000000000,164.12,177.51332
2022-07-12T22:00:00.000000000,164.27,174.57513
2022-07-12T23:00:00.000000000,160.42,171.45574
2022-07-13T00:00:00.000000000,158.94,160.85537
2022-07-13T01:00:00.000000000,165.58,159.27972
2022-07-13T02:00:00.000000000,178.73,157.49604
2022-07-13T03:00:00.000000000,177.37,156.05048
2022-07-13T04:00:00.000000000,186.41,154.1912
2022-07-13T05:00:00.000000000,192.02,152.15374
2022-07-13T06:00:00.000000000,210.0,150.68134
2022-07-13T07:00:00.000000000,196.34,150.52079
2022-07-13T08:00:00.000000000,127.18,149.64599
2022-07-13T09:00:00.000000000,130.2,148.44956
2022-07-13T10:00:00.000000000,126.54,147.42515
2022-07-13T11:00:00.000000000,128.53,146.20061
2022-07-13T12:00:00.000000000,125.54,144.3083
2022-07-13T13:00:00.000000000,128.04,142.55359
2022-07-13T14:00:00.000000000,118.49,140.04342
2022-07-13T15:00:00.000000000,120.81,138.60401
2022-07-13T16:00:00.000000000,121.88,137.44211
2022-07-13T17:00:00.000000000,141.7,136.02147
2022-07-13T18:00:00.000000000,188.24,133.57874
2022-07-13T19:00:00.000000000,206.45,131.75512
2022-07-13T20:00:00.000000000,202.79,130.26468
2022-07-13T21:00:00.000000000,186.16,129.74065
2022-07-13T22:00:00.000000000,172.35,129.41867
2022-07-13T23:00:00.000000000,168.82,129.51222
2022-07-11T00:00:00.000000000,106.21,141.22756
2022-07-11T01:00:00.000000000,104.24,151.10759
2022-07-11T02:00:00.000000000,102.76,161.81434
2022-07-11T03:00:00.000000000,110.17,172.2323
2022-07-11T04:00:00.000000000,111.27,181.62407
2022-07-11T05:00:00.000000000,114.47,188.53373
2022-07-11T06:00:00.000000000,125.56,194.51315
2022-07-11T07:00:00.000000000,123.07,199.88362
2022-07-11T08:00:00.000000000,115.24,201.66329
2022-07-11T09:00:00.000000000,118.5,202.03053
2022-07-11T10:00:00.000000000,119.14,202.13733
2022-07-11T11:00:00.000000000,124.83,201.45892
2022-07-11T12:00:00.000000000,144.03,200.08486
2022-07-11T13:00:00.000000000,165.62,199.29476
2022-07-11T14:00:00.000000000,169.71,198.45016
2022-07-11T15:00:00.000000000,136.93,198.25427
2022-07-11T16:00:00.000000000,128.75,198.14341
2022-07-11T17:00:00.000000000,171.75,197.70515
2022-07-11T18:00:00.000000000,183.3,195.06787
2022-07-11T19:00:00.000000000,203.92,191.27953
2022-07-11T20:00:00.000000000,204.15,187.74767
2022-07-11T21:00:00.000000000,209.0,184.79285
2022-07-11T22:00:00.000000000,198.74,183.11312
2022-07-11T23:00:00.000000000,178.59,182.78267
2022-07-12T00:00:00.000000000,177.26,169.85398
2022-07-12T01:00:00.000000000,171.9,171.52319
2022-07-12T02:00:00.000000000,172.22,175.05189
2022-07-12T03:00:00.000000000,178.17,179.72236
2022-07-12T04:00:00.000000000,193.69,185.83596
2022-07-12T05:00:00.000000000,197.63,192.32737
2022-07-12T06:00:00.000000000,206.57,200.05055
2022-07-12T07:00:00.000000000,205.41,208.52412
2022-07-12T08:00:00.000000000,234.69,214.2226
2022-07-12T09:00:00.000000000,230.67,218.99929
2022-07-12T10:00:00.000000000,230.37,222.83741
2022-07-12T11:00:00.000000000,236.56,224.48938
2022-07-12T12:00:00.000000000,241.74,223.33857
2022-07-12T13:00:00.000000000,238.76,221.52649
2022-07-12T14:00:00.000000000,232.53,217.83879
2022-07-12T15:00:00.000000000,200.74,214.0048
2022-07-12T16:00:00.000000000,195.94,210.13345
2022-07-12T17:00:00.000000000,196.62,206.48795
2022-07-12T18:00:00.000000000,197.19,200.98021
2022-07-12T19:00:00.000000000,181.77,195.94704
2022-07-12T20:00:00.000000000,183.45,191.59584
2022-07-12T21:00:00.000000000,164.12,187.95392
2022-07-12T22:00:00.000000000,164.27,185.00194
2022-07-12T23:00:00.000000000,160.42,183.50077
2022-07-13T00:00:00.000000000,158.94,173.57325
2022-07-13T01:00:00.000000000,165.58,173.96658
2022-07-13T02:00:00.000000000,178.73,175.81989
2022-07-13T03:00:00.000000000,177.37,178.4856
2022-07-13T04:00:00.000000000,186.41,182.24487
2022-07-13T05:00:00.000000000,192.02,186.36703
2022-07-13T06:00:00.000000000,210.0,191.79923
2022-07-13T07:00:00.000000000,196.34,197.90942
2022-07-13T08:00:00.000000000,127.18,201.55185
2022-07-13T09:00:00.000000000,130.2,204.46132
2022-07-13T10:00:00.000000000,126.54,206.86913
2022-07-13T11:00:00.000000000,128.53,208.02616
2022-07-13T12:00:00.000000000,125.54,207.38706
2022-07-13T13:00:00.000000000,128.04,206.34149
2022-07-13T14:00:00.000000000,118.49,203.12026
2022-07-13T15:00:00.000000000,120.81,199.80347
2022-07-13T16:00:00.000000000,121.88,196.24861
2022-07-13T17:00:00.000000000,141.7,192.74984
2022-07-13T18:00:00.000000000,188.24,187.86638
2022-07-13T19:00:00.000000000,206.45,183.90615
2022-07-13T20:00:00.000000000,202.79,180.99676
2022-07-13T21:00:00.000000000,186.16,178.68317
2022-07-13T22:00:00.000000000,172.35,176.67512
2022-07-13T23:00:00.000000000,168.82,175.38723
2022-07-14T00:00:00.000000000,165.22,168.74738
2022-07-14T01:00:00.000000000,162.8,171.60201
2022-07-14T02:00:00.000000000,170.1,175.85191
2022-07-14T03:00:00.000000000,168.99,180.46151
2022-07-14T04:00:00.000000000,184.22,185.52502
2022-07-14T05:00:00.000000000,200.35,190.11635
2022-07-14T06:00:00.000000000,210.31,195.32713
2022-07-14T07:00:00.000000000,209.79,200.81366
2022-07-14T08:00:00.000000000,167.48,203.58551
2022-07-14T09:00:00.000000000,175.14,205.68697
2022-07-14T10:00:00.000000000,179.43,207.37911
2022-07-14T11:00:00.000000000,175.68,207.96834
2022-07-14T12:00:00.000000000,180.58,206.9435
2022-07-14T13:00:00.000000000,183.95,205.56026
2022-07-14T14:00:00.000000000,188.71,202.27802
2022-07-14T15:00:00.000000000,173.4,199.19391
2022-07-14T16:00:00.000000000,164.72,196.15112
2022-07-14T17:00:00.000000000,193.81,193.36529
2022-07-14T18:00:00.000000000,214.52,189.021
2022-07-14T19:00:00.000000000,223.47,185.18056
2022-07-14T20:00:00.000000000,210.41,182.08132
2022-07-14T21:00:00.000000000,179.16,179.51534
2022-07-14T22:00:00.000000000,174.89,177.61347
2022-07-14T23:00:00.000000000,166.16,177.00348
2022-07-12T00:00:00.000000000,177.26,170.08602
2022-07-12T01:00:00.000000000,171.9,168.39567
2022-07-12T02:00:00.000000000,172.22,168.52946
2022-07-12T03:00:00.000000000,178.17,170.97998
2022-07-12T04:00:00.000000000,193.69,175.56366
2022-07-12T05:00:00.000000000,197.63,181.59814
2022-07-12T06:00:00.000000000,206.57,189.94205
2022-07-12T07:00:00.000000000,205.41,199.18962
2022-07-12T08:00:00.000000000,234.69,205.18809
2022-07-12T09:00:00.000000000,230.67,209.47303
2022-07-12T10:00:00.000000000,230.37,213.02558
2022-07-12T11:00:00.000000000,236.56,214.57292
2022-07-12T12:00:00.000000000,241.74,214.50299
2022-07-12T13:00:00.000000000,238.76,214.961
2022-07-12T14:00:00.000000000,232.53,214.83433
2022-07-12T15:00:00.000000000,200.74,214.6069
2022-07-12T16:00:00.000000000,195.94,213.54973
2022-07-12T17:00:00.000000000,196.62,211.09834
2022-07-12T18:00:00.000000000,197.19,206.7612
2022-07-12T19:00:00.000000000,181.77,202.09166
2022-07-12T20:00:00.000000000,183.45,198.35402
2022-07-12T21:00:00.000000000,164.12,195.03727
2022-07-12T22:00:00.000000000,164.27,191.24541
2022-07-12T23:00:00.000000000,160.42,187.29849
2022-07-13T00:00:00.000000000,158.94,177.55826
2022-07-13T01:00:00.000000000,165.58,178.79148
2022-07-13T02:00:00.000000000,178.73,181.78418
2022-07-13T03:00:00.000000000,177.37,185.63391
2022-07-13T04:00:00.000000000,186.41,190.42237
2022-07-13T05:00:00.000000000,192.02,195.1929
2022-07-13T06:00:00.000000000,210.0,200.93013
2022-07-13T07:00:00.000000000,196.34,207.23954
2022-07-13T08:00:00.000000000,127.18,210.88129
2022-07-13T09:00:00.000000000,130.2,213.71595
2022-07-13T10:00:00.000000000,126.54,215.94594
2022-07-13T11:00:00.000000000,128.53,216.65745
2022-07-13T12:00:00.000000000,125.54,215.22518
2022-07-13T13:00:00.000000000,128.04,213.38865
2022-07-13T14:00:00.000000000,118.49,209.59239
2022-07-13T15:00:00.000000000,120.81,206.07579
2022-07-13T16:00:00.000000000,121.88,202.69314
2022-07-13T17:00:00.000000000,141.7,199.62961
2022-07-13T18:00:00.000000000,188.24,194.94228
2022-07-13T19:00:00.000000000,206.45,190.81024
2022-07-13T20:00:00.000000000,202.79,187.42545
2022-07-13T21:00:00.000000000,186.16,184.52559
2022-07-13T22:00:00.000000000,172.35,182.14512
2022-07-13T23:00:00.000000000,168.82,180.97492
2022-07-14T00:00:00.000000000,165.22,169.11188
2022-07-14T01:00:00.000000000,162.8,170.73067
2022-07-14T02:00:00.000000000,170.1,174.47015
2022-07-14T03:00:00.000000000,168.99,179.5981
2022-07-14T04:00:00.000000000,184.22,186.41033
2022-07-14T05:00:00.000000000,200.35,193.82261
2022-07-14T06:00:00.000000000,210.31,202.59512
2022-07-14T07:00:00.000000000,209.79,211.93671
2022-07-14T08:00:00.000000000,167.48,218.15546
2022-07-14T09:00:00.000000000,175.14,223.58614
2022-07-14T10:00:00.000000000,179.43,227.71192
2022-07-14T11:00:00.000000000,175.68,229.25278
2022-07-14T12:00:00.000000000,180.58,227.57206
2022-07-14T13:00:00.000000000,183.95,225.14183
2022-07-14T14:00:00.000000000,188.71,220.59363
2022-07-14T15:00:00.000000000,173.4,215.88492
2022-07-14T16:00:00.000000000,164.72,211.35139
2022-07-14T17:00:00.000000000,193.81,207.15621
2022-07-14T18:00:00.000000000,214.52,201.13914
2022-07-14T19:00:00.000000000,223.47,195.72351
2022-07-14T20:00:00.000000000,210.41,191.14652
2022-07-14T21:00:00.000000000,179.16,187.26483
2022-07-14T22:00:00.000000000,174.89,184.20212
2022-07-14T23:00:00.000000000,166.16,183.07697
2022-07-15T00:00:00.000000000,165.04,165.83561
2022-07-15T01:00:00.000000000,167.67,167.62925
2022-07-15T02:00:00.000000000,169.11,171.60701
2022-07-15T03:00:00.000000000,166.91,177.1144
2022-07-15T04:00:00.000000000,181.39,184.55321
2022-07-15T05:00:00.000000000,168.55,192.81228
2022-07-15T06:00:00.000000000,156.16,202.59492
2022-07-15T07:00:00.000000000,151.79,212.9264
2022-07-15T08:00:00.000000000,130.11,220.07405
2022-07-15T09:00:00.000000000,119.89,226.51939
2022-07-15T10:00:00.000000000,116.51,231.50419
2022-07-15T11:00:00.000000000,112.25,233.55329
2022-07-15T12:00:00.000000000,122.23,232.02276
2022-07-15T13:00:00.000000000,128.91,229.52611
2022-07-15T14:00:00.000000000,152.14,224.69786
2022-07-15T15:00:00.000000000,153.88,219.40697
2022-07-15T16:00:00.000000000,155.96,214.22861
2022-07-15T17:00:00.000000000,178.97,209.26148
2022-07-15T18:00:00.000000000,186.15,202.3732
2022-07-15T19:00:00.000000000,166.04,196.11123
2022-07-15T20:00:00.000000000,161.43,190.75396
2022-07-15T21:00:00.000000000,154.34,186.341
2022-07-15T22:00:00.000000000,150.42,182.9307
2022-07-15T23:00:00.000000000,170.44,181.95413
2022-07-13T00:00:00.000000000,158.94,157.0743
2022-07-13T01:00:00.000000000,165.58,160.88978
2022-07-13T02:00:00.000000000,178.73,166.29451
2022-07-13T03:00:00.000000000,177.37,172.39882
2022-07-13T04:00:00.000000000,186.41,179.2665
2022-07-13T05:00:00.000000000,192.02,185.94177
2022-07-13T06:00:00.000000000,210.0,193.24248
2022-07-13T07:00:00.000000000,196.34,200.54614
2022-07-13T08:00:00.000000000,127.18,204.56576
2022-07-13T09:00:00.000000000,130.2,207.71901
2022-07-13T10:00:00.000000000,126.54,210.03335
2022-07-13T11:00:00.000000000,128.53,210.81194
2022-07-13T12:00:00.000000000,125.54,209.67846
2022-07-13T13:00:00.000000000,128.04,208.06868
2022-07-13T14:00:00.000000000,118.49,204.60098
2022-07-13T15:00:00.000000000,120.81,201.13132
2022-07-13T16:00:00.000000000,121.88,197.67183
2022-07-13T17:00:00.000000000,141.7,194.40409
2022-07-13T18:00:00.000000000,188.24,189.67095
2022-07-13T19:00:00.000000000,206.45,185.52919
2022-07-13T20:00:00.000000000,202.79,182.22563
2022-07-13T21:00:00.000000000,186.16,179.59539
2022-07-13T22:00:00.000000000,172.35,177.63069
2022-07-13T23:00:00.000000000,168.82,177.24275
2022-07-14T00:00:00.000000000,165.22,165.69304
2022-07-14T01:00:00.000000000,162.8,167.46641
2022-07-14T02:00:00.000000000,170.1,171.33862
2022-07-14T03:00:00.000000000,168.99,176.65766
2022-07-14T04:00:00.000000000,184.22,183.71991
2022-07-14T05:00:00.000000000,200.35,191.46238
2022-07-14T06:00:00.000000000,210.31,200.58346
2022-07-14T07:00:00.000000000,209.79,210.25625
2022-07-14T08:00:00.000000000,167.48,216.73413
2022-07-14T09:00:00.000000000,175.14,222.41854
2022-07-14T10:00:00.000000000,179.43,226.79517
2022-07-14T11:00:00.000000000,175.68,228.53582
2022-07-14T12:00:00.000000000,180.58,227.12049
2022-07-14T13:00:00.000000000,183.95,224.96194
2022-07-14T14:00:00.000000000,188.71,220.72581
2022-07-14T15:00:00.000000000,173.4,216.21265
2022-07-14T16:00:00.000000000,164.72,211.77059
2022-07-14T17:00:00.000000000,193.81,207.57132
2022-07-14T18:00:00.000000000,214.52,201.53847
2022-07-14T19:00:00.000000000,223.47,196.08308
2022-07-14T20:00:00.000000000,210.41,191.46339
2022-07-14T21:00:00.000000000,179.16,187.56565
2022-07-14T22:00:00.000000000,174.89,184.4639
2022-07-14T23:00:00.000000000,166.16,183.27021
2022-07-15T00:00:00.000000000,165.04,171.92533
2022-07-15T01:00:00.000000000,167.67,173.7549
2022-07-15T02:00:00.000000000,169.11,177.62537
2022-07-15T03:00:00.000000000,166.91,182.63852
2022-07-15T04:00:00.000000000,181.39,188.99113
2022-07-15T05:00:00.000000000,168.55,195.61149
2022-07-15T06:00:00.000000000,156.16,203.35573
2022-07-15T07:00:00.000000000,151.79,211.5961
2022-07-15T08:00:00.000000000,130.11,216.82334
2022-07-15T09:00:00.000000000,119.89,221.24145
2022-07-15T10:00:00.000000000,116.51,224.5378
2022-07-15T11:00:00.000000000,112.25,225.61561
2022-07-15T12:00:00.000000000,122.23,223.75073
2022-07-15T13:00:00.000000000,128.91,221.22264
2022-07-15T14:00:00.000000000,152.14,216.65816
2022-07-15T15:00:00.000000000,153.88,212.1847
2022-07-15T16:00:00.000000000,155.96,207.99424
2022-07-15T17:00:00.000000000,178.97,204.24677
2022-07-15T18:00:00.000000000,186.15,198.73772
2022-07-15T19:00:00.000000000,166.04,193.78575
2022-07-15T20:00:00.000000000,161.43,189.5988
2022-07-15T21:00:00.000000000,154.34,186.00631
2022-07-15T22:00:00.000000000,150.42,183.20031
2022-07-15T23:00:00.000000000,170.44,182.21273
2022-07-16T00:00:00.000000000,170.51,168.20562
2022-07-16T01:00:00.000000000,175.91,169.78606
2022-07-16T02:00:00.000000000,174.56,173.51536
2022-07-16T03:00:00.000000000,179.42,178.69284
2022-07-16T04:00:00.000000000,185.59,185.66411
2022-07-16T05:00:00.000000000,156.31,193.35026
2022-07-16T06:00:00.000000000,173.75,202.51961
2022-07-16T07:00:00.000000000,183.6,212.31674
2022-07-16T08:00:00.000000000,160.22,219.01666
2022-07-16T09:00:00.000000000,174.42,225.00804
2022-07-16T10:00:00.000000000,147.1,229.62546
2022-07-16T11:00:00.000000000,132.11,231.48871
2022-07-16T12:00:00.000000000,129.91,229.91488
2022-07-16T13:00:00.000000000,130.65,227.46943
2022-07-16T14:00:00.000000000,125.29,222.7981
2022-07-16T15:00:00.000000000,115.34,217.8207
2022-07-16T16:00:00.000000000,116.07,213.00363
2022-07-16T17:00:00.000000000,153.55,208.49698
2022-07-16T18:00:00.000000000,171.45,202.11253
2022-07-16T19:00:00.000000000,174.47,196.34862
2022-07-16T20:00:00.000000000,180.64,191.44661
2022-07-16T21:00:00.000000000,182.86,187.31346
2022-07-16T22:00:00.000000000,174.6,184.07084
2022-07-16T23:00:00.000000000,164.66,182.93001
2022-07-14T00:00:00.000000000,165.22,171.64572
2022-07-14T01:00:00.000000000,162.8,176.39519
2022-07-14T02:00:00.000000000,170.1,182.54336
2022-07-14T03:00:00.000000000,168.99,189.14612
2022-07-14T04:00:00.000000000,184.22,195.83472
2022-07-14T05:00:00.000000000,200.35,201.16073
2022-07-14T06:00:00.000000000,210.31,206.45351
2022-07-14T07:00:00.000000000,209.79,211.56737
2022-07-14T08:00:00.000000000,167.48,213.23359
2022-07-14T09:00:00.000000000,175.14,213.12944
2022-07-14T10:00:00.000000000,179.43,212.77237
2022-07-14T11:00:00.000000000,175.68,211.35697
2022-07-14T12:00:00.000000000,180.58,209.38858
2022-07-14T13:00:00.000000000,183.95,208.31028
2022-07-14T14:00:00.000000000,188.71,207.11344
2022-07-14T15:00:00.000000000,173.4,207.03661
2022-07-14T16:00:00.000000000,164.72,206.8386
2022-07-14T17:00:00.000000000,193.81,206.31157
2022-07-14T18:00:00.000000000,214.52,203.81798
2022-07-14T19:00:00.000000000,223.47,200.57074
2022-07-14T20:00:00.000000000,210.41,197.72848
2022-07-14T21:00:00.000000000,179.16,195.32372
2022-07-14T22:00:00.000000000,174.89,193.32502
2022-07-14T23:00:00.000000000,166.16,191.92904
2022-07-15T00:00:00.000000000,165.04,178.82885
2022-07-15T01:00:00.000000000,167.67,179.22704
2022-07-15T02:00:00.000000000,169.11,181.1992
2022-07-15T03:00:00.000000000,166.91,184.04014
2022-07-15T04:00:00.000000000,181.39,187.87669
2022-07-15T05:00:00.000000000,168.55,191.85696
2022-07-15T06:00:00.000000000,156.16,196.97292
2022-07-15T07:00:00.000000000,151.79,202.71149
2022-07-15T08:00:00.000000000,130.11,205.86216
2022-07-15T09:00:00.000000000,119.89,208.07902
2022-07-15T10:00:00.000000000,116.51,209.86673
2022-07-15T11:00:00.000000000,112.25,210.41122
2022-07-15T12:00:00.000000000,122.23,209.32265
2022-07-15T13:00:00.000000000,128.91,208.095
2022-07-15T14:00:00.000000000,152.14,205.01796
2022-07-15T15:00:00.000000000,153.88,202.2187
2022-07-15T16:00:00.000000000,155.96,199.28721
2022-07-15T17:00:00.000000000,178.97,196.38672
2022-07-15T18:00:00.000000000,186.15,192.03259
2022-07-15T19:00:00.000000000,166.04,188.3516
2022-07-15T20:00:00.000000000,161.43,185.61069
2022-07-15T21:00:00.000000000,154.34,183.34413
2022-07-15T22:00:00.000000000,150.42,181.26854
2022-07-15T23:00:00.000000000,170.44,179.78661
2022-07-16T00:00:00.000000000,170.51,169.3015
2022-07-16T01:00:00.000000000,175.91,169.1702
2022-07-16T02:00:00.000000000,174.56,170.83287
2022-07-16T03:00:00.000000000,179.42,173.92936
2022-07-16T04:00:00.000000000,185.59,178.93741
2022-07-16T05:00:00.000000000,156.31,185.05882
2022-07-16T06:00:00.000000000,173.75,192.91589
2022-07-16T07:00:00.000000000,183.6,201.46548
2022-07-16T08:00:00.000000000,160.22,207.15065
2022-07-16T09:00:00.000000000,174.42,211.71802
2022-07-16T10:00:00.000000000,147.1,215.18442
2022-07-16T11:00:00.000000000,132.11,216.6492
2022-07-16T12:00:00.000000000,129.91,215.68711
2022-07-16T13:00:00.000000000,130.65,214.19533
2022-07-16T14:00:00.000000000,125.29,210.62678
2022-07-16T15:00:00.000000000,115.34,206.6842
2022-07-16T16:00:00.000000000,116.07,202.40542
2022-07-16T17:00:00.000000000,153.55,198.10236
2022-07-16T18:00:00.000000000,171.45,192.42297
2022-07-16T19:00:00.000000000,174.47,187.75752
2022-07-16T20:00:00.000000000,180.64,184.27672
2022-07-16T21:00:00.000000000,182.86,181.584
2022-07-16T22:00:00.000000000,174.6,179.12262
2022-07-16T23:00:00.000000000,164.66,177.49155
2022-07-17T00:00:00.000000000,161.56,169.9361
2022-07-17T01:00:00.000000000,156.85,169.21072
2022-07-17T02:00:00.000000000,161.22,169.62459
2022-07-17T03:00:00.000000000,169.58,170.77099
2022-07-17T04:00:00.000000000,185.87,173.24715
2022-07-17T05:00:00.000000000,184.69,176.55712
2022-07-17T06:00:00.000000000,183.36,181.73601
2022-07-17T07:00:00.000000000,192.64,187.93461
2022-07-17T08:00:00.000000000,196.12,192.11042
2022-07-17T09:00:00.000000000,176.49,195.70953
2022-07-17T10:00:00.000000000,170.51,198.97891
2022-07-17T11:00:00.000000000,156.96,201.08214
2022-07-17T12:00:00.000000000,153.97,201.472
2022-07-17T13:00:00.000000000,155.39,201.37825
2022-07-17T14:00:00.000000000,145.71,199.16965
2022-07-17T15:00:00.000000000,137.88,196.469
2022-07-17T16:00:00.000000000,139.21,193.14202
2022-07-17T17:00:00.000000000,143.44,189.57221
2022-07-17T18:00:00.000000000,171.13,184.51354
2022-07-17T19:00:00.000000000,182.84,180.41323
2022-07-17T20:00:00.000000000,188.75,177.36707
2022-07-17T21:00:00.000000000,184.61,174.94913
2022-07-17T22:00:00.000000000,179.2,172.76367
2022-07-17T23:00:00.000000000,173.99,170.90621
2022-07-15T00:00:00.000000000,165.04,164.75871
2022-07-15T01:00:00.000000000,167.67,167.87069
2022-07-15T02:00:00.000000000,169.11,172.50733
2022-07-15T03:00:00.000000000,166.91,177.85145
2022-07-15T04:00:00.000000000,181.39,184.04748
2022-07-15T05:00:00.000000000,168.55,189.98343
2022-07-15T06:00:00.000000000,156.16,196.54196
2022-07-15T07:00:00.000000000,151.79,203.10859
2022-07-15T08:00:00.000000000,130.11,206.44523
2022-07-15T09:00:00.000000000,119.89,208.14648
2022-07-15T10:00:00.000000000,116.51,209.21693
2022-07-15T11:00:00.000000000,112.25,208.90888
2022-07-15T12:00:00.000000000,122.23,207.34576
2022-07-15T13:00:00.000000000,128.91,205.92681
2022-07-15T14:00:00.000000000,152.14,203.5439
2022-07-15T15:00:00.000000000,153.88,201.60749
2022-07-15T16:00:00.000000000,155.96,199.45488
2022-07-15T17:00:00.000000000,178.97,197.12423
2022-07-15T18:00:00.000000000,186.15,193.31452
2022-07-15T19:00:00.000000000,166.04,189.75232
2022-07-15T20:00:00.000000000,161.43,187.09717
2022-07-15T21:00:00.000000000,154.34,185.08629
2022-07-15T22:00:00.000000000,150.42,183.29253
2022-07-15T23:00:00.000000000,170.44,182.0316
2022-07-16T00:00:00.000000000,170.51,171.28434
2022-07-16T01:00:00.000000000,175.91,170.33854
2022-07-16T02:00:00.000000000,174.56,171.06764
2022-07-16T03:00:00.000000000,179.42,173.20288
2022-07-16T04:00:00.000000000,185.59,177.3069
2022-07-16T05:00:00.000000000,156.31,182.7193
2022-07-16T06:00:00.000000000,173.75,190.1257
2022-07-16T07:00:00.000000000,183.6,198.36087
2022-07-16T08:00:00.000000000,160.22,203.91462
2022-07-16T09:00:00.000000000,174.42,208.40895
2022-07-16T10:00:00.000000000,147.1,211.86548
2022-07-16T11:00:00.000000000,132.11,213.49549
2022-07-16T12:00:00.000000000,129.91,212.80552
2022-07-16T13:00:00.000000000,130.65,211.56459
2022-07-16T14:00:00.000000000,125.29,208.17148
2022-07-16T15:00:00.000000000,115.34,204.33034
2022-07-16T16:00:00.000000000,116.07,200.04235
2022-07-16T17:00:00.000000000,153.55,195.65799
2022-07-16T18:00:00.000000000,171.45,189.96734
2022-07-16T19:00:00.000000000,174.47,185.40425
2022-07-16T20:00:00.000000000,180.64,182.10662
2022-07-16T21:00:00.000000000,182.86,179.59436
2022-07-16T22:00:00.000000000,174.6,177.22101
2022-07-16T23:00:00.000000000,164.66,175.44563
2022-07-17T00:00:00.000000000,161.56,170.03911
2022-07-17T01:00:00.000000000,156.85,169.0607
2022-07-17T02:00:00.000000000,161.22,169.30473
2022-07-17T03:00:00.000000000,169.58,170.46331
2022-07-17T04:00:00.000000000,185.87,173.09768
2022-07-17T05:00:00.000000000,184.69,176.73494
2022-07-17T06:00:00.000000000,183.36,182.39297
2022-07-17T07:00:00.000000000,192.64,189.04115
2022-07-17T08:00:00.000000000,196.12,193.5019
2022-07-17T09:00:00.000000000,176.49,197.31352
2022-07-17T10:00:00.000000000,170.51,200.68576
2022-07-17T11:00:00.000000000,156.96,202.82321
2022-07-17T12:00:00.000000000,153.97,203.20044
2022-07-17T13:00:00.000000000,155.39,203.11736
2022-07-17T14:00:00.000000000,145.71,200.96511
2022-07-17T15:00:00.000000000,137.88,198.31016
2022-07-17T16:00:00.000000000,139.21,194.98934
2022-07-17T17:00:00.000000000,143.44,191.33261
2022-07-17T18:00:00.000000000,171.13,186.17566
2022-07-17T19:00:00.000000000,182.84,181.92951
2022-07-17T20:00:00.000000000,188.75,178.75188
2022-07-17T21:00:00.000000000,184.61,176.21444
2022-07-17T22:00:00.000000000,179.2,173.87965
2022-07-17T23:00:00.000000000,173.99,171.91035
2022-07-18T00:00:00.000000000,159.27,151.40043
2022-07-18T01:00:00.000000000,156.95,150.63493
2022-07-18T02:00:00.000000000,176.33,150.70945
2022-07-18T03:00:00.000000000,178.86,151.67055
2022-07-18T04:00:00.000000000,149.36,153.57643
2022-07-18T05:00:00.000000000,133.65,156.42818
2022-07-18T06:00:00.000000000,127.51,160.44657
2022-07-18T07:00:00.000000000,170.15,165.29547
2022-07-18T08:00:00.000000000,164.71,168.44981
2022-07-18T09:00:00.000000000,155.99,170.69457
2022-07-18T10:00:00.000000000,134.61,172.48807
2022-07-18T11:00:00.000000000,113.77,173.4887
2022-07-18T12:00:00.000000000,110.64,173.18877
2022-07-18T13:00:00.000000000,115.07,172.07493
2022-07-18T14:00:00.000000000,120.38,168.86912
2022-07-18T15:00:00.000000000,108.69,165.09447
2022-07-18T16:00:00.000000000,107.05,161.25177
2022-07-18T17:00:00.000000000,128.0,157.39529
2022-07-18T18:00:00.000000000,122.68,153.05833
2022-07-18T19:00:00.000000000,120.1,150.12042
2022-07-18T20:00:00.000000000,119.79,148.63617
2022-07-18T21:00:00.000000000,105.2,148.05019
2022-07-18T22:00:00.000000000,102.61,147.35413
2022-07-18T23:00:00.000000000,99.31,146.62882
2022-07-16T00:00:00.000000000,170.51,163.07234
2022-07-16T01:00:00.000000000,175.91,161.53327
2022-07-16T02:00:00.000000000,174.56,160.71578
2022-07-16T03:00:00.000000000,179.42,160.77025
2022-07-16T04:00:00.000000000,185.59,161.92478
2022-07-16T05:00:00.000000000,156.31,163.9509
2022-07-16T06:00:00.000000000,173.75,168.11841
2022-07-16T07:00:00.000000000,183.6,173.68275
2022-07-16T08:00:00.000000000,160.22,177.61811
2022-07-16T09:00:00.000000000,174.42,181.16357
2022-07-16T10:00:00.000000000,147.1,184.91923
2022-07-16T11:00:00.000000000,132.11,187.73227
2022-07-16T12:00:00.000000000,129.91,189.48766
2022-07-16T13:00:00.000000000,130.65,191.43608
2022-07-16T14:00:00.000000000,125.29,192.01363
2022-07-16T15:00:00.000000000,115.34,192.05182
2022-07-16T16:00:00.000000000,116.07,190.93245
2022-07-16T17:00:00.000000000,153.55,188.8142
2022-07-16T18:00:00.000000000,171.45,184.79565
2022-07-16T19:00:00.000000000,174.47,181.08642
2022-07-16T20:00:00.000000000,180.64,178.071
2022-07-16T21:00:00.000000000,182.86,175.50673
2022-07-16T22:00:00.000000000,174.6,172.90714
2022-07-16T23:00:00.000000000,164.66,170.05209
2022-07-17T00:00:00.000000000,161.56,164.15873
2022-07-17T01:00:00.000000000,156.85,163.11603
2022-07-17T02:00:00.000000000,161.22,163.22333
2022-07-17T03:00:00.000000000,169.58,164.38515
2022-07-17T04:00:00.000000000,185.87,167.25025
2022-07-17T05:00:00.000000000,184.69,171.28953
2022-07-17T06:00:00.000000000,183.36,177.40384
2022-07-17T07:00:00.000000000,192.64,184.36358
2022-07-17T08:00:00.000000000,196.12,188.99131
2022-07-17T09:00:00.000000000,176.49,192.54515
2022-07-17T10:00:00.000000000,170.51,195.62525
2022-07-17T11:00:00.000000000,156.96,197.39772
2022-07-17T12:00:00.000000000,153.97,197.73211
2022-07-17T13:00:00.000000000,155.39,197.90233
2022-07-17T14:00:00.000000000,145.71,196.42161
2022-07-17T15:00:00.000000000,137.88,194.41035
2022-07-17T16:00:00.000000000,139.21,191.55217
2022-07-17T17:00:00.000000000,143.44,188.09348
2022-07-17T18:00:00.000000000,171.13,183.27379
2022-07-17T19:00:00.000000000,182.84,179.31725
2022-07-17T20:00:00.000000000,188.75,176.59029
2022-07-17T21:00:00.000000000,184.61,174.53897
2022-07-17T22:00:00.000000000,179.2,172.39385
2022-07-17T23:00:00.000000000,173.99,170.10962
2022-07-18T00:00:00.000000000,159.27,154.32708
2022-07-18T01:00:00.000000000,156.95,153.46058
2022-07-18T02:00:00.000000000,176.33,152.88477
2022-07-18T03:00:00.000000000,178.86,152.81085
2022-07-18T04:00:00.000000000,149.36,152.85007
2022-07-18T05:00:00.000000000,133.65,153.17338
2022-07-18T06:00:00.000000000,127.51,153.93185
2022-07-18T07:00:00.000000000,170.15,155.5142
2022-07-18T08:00:00.000000000,164.71,155.8191
2022-07-18T09:00:00.000000000,155.99,155.36048
2022-07-18T10:00:00.000000000,134.61,154.66465
2022-07-18T11:00:00.000000000,113.77,153.54341
2022-07-18T12:00:00.000000000,110.64,151.76977
2022-07-18T13:00:00.000000000,115.07,149.74812
2022-07-18T14:00:00.000000000,120.38,146.50172
2022-07-18T15:00:00.000000000,108.69,143.70455
2022-07-18T16:00:00.000000000,107.05,141.23255
2022-07-18T17:00:00.000000000,128.0,138.66955
2022-07-18T18:00:00.000000000,122.68,135.68576
2022-07-18T19:00:00.000000000,120.1,133.84663
2022-07-18T20:00:00.000000000,119.79,133.06474
2022-07-18T21:00:00.000000000,105.2,133.30373
2022-07-18T22:00:00.000000000,102.61,133.52246
2022-07-18T23:00:00.000000000,99.31,133.83996
2022-07-19T00:00:00.000000000,97.85,127.55875
2022-07-19T01:00:00.000000000,101.31,128.28697
2022-07-19T02:00:00.000000000,122.83,129.85677
2022-07-19T03:00:00.000000000,134.33,132.24266
2022-07-19T04:00:00.000000000,140.0,136.00583
2022-07-19T05:00:00.000000000,149.93,141.11801
2022-07-19T06:00:00.000000000,154.15,147.91744
2022-07-19T07:00:00.000000000,154.51,155.60189
2022-07-19T08:00:00.000000000,165.68,161.57995
2022-07-19T09:00:00.000000000,175.67,167.14902
2022-07-19T10:00:00.000000000,190.1,172.31981
2022-07-19T11:00:00.000000000,197.74,176.2175
2022-07-19T12:00:00.000000000,207.14,178.39978
2022-07-19T13:00:00.000000000,208.2,179.31245
2022-07-19T14:00:00.000000000,201.7,177.90764
2022-07-19T15:00:00.000000000,210.94,174.72936
2022-07-19T16:00:00.000000000,211.67,170.86322
2022-07-19T17:00:00.000000000,209.23,166.71192
2022-07-19T18:00:00.000000000,211.18,161.45858
2022-07-19T19:00:00.000000000,209.4,157.254
2022-07-19T20:00:00.000000000,191.94,154.21802
2022-07-19T21:00:00.000000000,166.97,151.95016
2022-07-19T22:00:00.000000000,158.98,149.96977
2022-07-19T23:00:00.000000000,143.6,148.32981
2022-07-17T00:00:00.000000000,161.56,153.8744
2022-07-17T01:00:00.000000000,156.85,153.02696
2022-07-17T02:00:00.000000000,161.22,153.02979
2022-07-17T03:00:00.000000000,169.58,153.77366
2022-07-17T04:00:00.000000000,185.87,155.5766
2022-07-17T05:00:00.000000000,184.69,158.37021
2022-07-17T06:00:00.000000000,183.36,162.67015
2022-07-17T07:00:00.000000000,192.64,168.03429
2022-07-17T08:00:00.000000000,196.12,171.92308
2022-07-17T09:00:00.000000000,176.49,175.09912
2022-07-17T10:00:00.000000000,170.51,177.89705
2022-07-17T11:00:00.000000000,156.96,179.78494
2022-07-17T12:00:00.000000000,153.97,179.99858
2022-07-17T13:00:00.000000000,155.39,179.22338
2022-07-17T14:00:00.000000000,145.71,176.26438
2022-07-17T15:00:00.000000000,137.88,172.52991
2022-07-17T16:00:00.000000000,139.21,168.61053
2022-07-17T17:00:00.000000000,143.44,164.68106
2022-07-17T18:00:00.000000000,171.13,159.94788
2022-07-17T19:00:00.000000000,182.84,156.48609
2022-07-17T20:00:00.000000000,188.75,154.32418
2022-07-17T21:00:00.000000000,184.61,152.9928
2022-07-17T22:00:00.000000000,179.2,151.6943
2022-07-17T23:00:00.000000000,173.99,150.52953
2022-07-18T00:00:00.000000000,159.27,142.97379
2022-07-18T01:00:00.000000000,156.95,142.16389
2022-07-18T02:00:00.000000000,176.33,141.35741
2022-07-18T03:00:00.000000000,178.86,140.50975
2022-07-18T04:00:00.000000000,149.36,139.47086
2022-07-18T05:00:00.000000000,133.65,138.26907
2022-07-18T06:00:00.000000000,127.51,137.24933
2022-07-18T07:00:00.000000000,170.15,136.9745
2022-07-18T08:00:00.000000000,164.71,136.18895
2022-07-18T09:00:00.000000000,155.99,134.97099
2022-07-18T10:00:00.000000000,134.61,133.68397
2022-07-18T11:00:00.000000000,113.77,132.11632
2022-07-18T12:00:00.000000000,110.64,130.10234
2022-07-18T13:00:00.000000000,115.07,128.07074
2022-07-18T14:00:00.000000000,120.38,125.44865
2022-07-18T15:00:00.000000000,108.69,123.57343
2022-07-18T16:00:00.000000000,107.05,122.15706
2022-07-18T17:00:00.000000000,128.0,120.46738
2022-07-18T18:00:00.000000000,122.68,117.92457
2022-07-18T19:00:00.000000000,120.1,115.93931
2022-07-18T20:00:00.000000000,119.79,114.47022
2022-07-18T21:00:00.000000000,105.2,113.88716
2022-07-18T22:00:00.000000000,102.61,113.65581
2022-07-18T23:00:00.000000000,99.31,113.88549
2022-07-19T00:00:00.000000000,97.85,108.82571
2022-07-19T01:00:00.000000000,101.31,110.31661
2022-07-19T02:00:00.000000000,122.83,111.94484
2022-07-19T03:00:00.000000000,134.33,113.72649
2022-07-19T04:00:00.000000000,140.0,116.27213
2022-07-19T05:00:00.000000000,149.93,120.13879
2022-07-19T06:00:00.000000000,154.15,125.78613
2022-07-19T07:00:00.000000000,154.51,132.87025
2022-07-19T08:00:00.000000000,165.68,139.24966
2022-07-19T09:00:00.000000000,175.67,146.20732
2022-07-19T10:00:00.000000000,190.1,153.31587
2022-07-19T11:00:00.000000000,197.74,159.12129
2022-07-19T12:00:00.000000000,207.14,163.01367
2022-07-19T13:00:00.000000000,208.2,165.2021
2022-07-19T14:00:00.000000000,201.7,165.38919
2022-07-19T15:00:00.000000000,210.94,163.45943
2022-07-19T16:00:00.000000000,211.67,160.81967
2022-07-19T17:00:00.000000000,209.23,157.51224
2022-07-19T18:00:00.000000000,211.18,152.43977
2022-07-19T19:00:00.000000000,209.4,147.74932
2022-07-19T20:00:00.000000000,191.94,143.61985
2022-07-19T21:00:00.000000000,166.97,140.12563
2022-07-19T22:00:00.000000000,158.98,137.52233
2022-07-19T23:00:00.000000000,143.6,135.6883
2022-07-20T00:00:00.000000000,140.51,128.35392
2022-07-20T01:00:00.000000000,165.17,129.019
2022-07-20T02:00:00.000000000,174.91,130.47122
2022-07-20T03:00:00.000000000,184.69,132.78951
2022-07-20T04:00:00.000000000,197.31,136.53112
2022-07-20T05:00:00.000000000,199.27,141.66886
2022-07-20T06:00:00.000000000,198.83,148.68148
2022-07-20T07:00:00.000000000,191.27,156.62075
2022-07-20T08:00:00.000000000,205.21,162.75347
2022-07-20T09:00:00.000000000,209.4,168.47906
2022-07-20T10:00:00.000000000,218.39,173.89538
2022-07-20T11:00:00.000000000,222.84,177.97606
2022-07-20T12:00:00.000000000,216.6,180.46671
2022-07-20T13:00:00.000000000,194.74,181.93974
2022-07-20T14:00:00.000000000,211.06,181.34649
2022-07-20T15:00:00.000000000,201.8,179.0254
2022-07-20T16:00:00.000000000,198.94,175.75592
2022-07-20T17:00:00.000000000,184.88,171.96266
2022-07-20T18:00:00.000000000,211.63,166.85441
2022-07-20T19:00:00.000000000,211.29,162.60374
2022-07-20T20:00:00.000000000,187.49,159.40434
2022-07-20T21:00:00.000000000,186.81,156.96634
2022-07-20T22:00:00.000000000,173.61,154.78787
2022-07-20T23:00:00.000000000,167.5,152.87419
2022-07-18T00:00:00.000000000,159.27,157.90351
2022-07-18T01:00:00.000000000,156.95,156.49285
2022-07-18T02:00:00.000000000,176.33,154.93683
2022-07-18T03:00:00.000000000,178.86,153.56171
2022-07-18T04:00:00.000000000,149.36,151.73933
2022-07-18T05:00:00.000000000,133.65,149.59898
2022-07-18T06:00:00.000000000,127.51,147.85224
2022-07-18T07:00:00.000000000,170.15,147.22025
2022-07-18T08:00:00.000000000,164.71,145.98106
2022-07-18T09:00:00.000000000,155.99,144.39726
2022-07-18T10:00:00.000000000,134.61,142.92301
2022-07-18T11:00:00.000000000,113.77,141.32741
2022-07-18T12:00:00.000000000,110.64,139.19264
2022-07-18T13:00:00.000000000,115.07,137.20866
2022-07-18T14:00:00.000000000,120.38,134.56334
2022-07-18T15:00:00.000000000,108.69,132.97536
2022-07-18T16:00:00.000000000,107.05,131.81272
2022-07-18T17:00:00.000000000,128.0,130.38844
2022-07-18T18:00:00.000000000,122.68,128.00775
2022-07-18T19:00:00.000000000,120.1,126.15033
2022-07-18T20:00:00.000000000,119.79,124.64963
2022-07-18T21:00:00.000000000,105.2,124.07446
2022-07-18T22:00:00.000000000,102.61,123.74538
2022-07-18T23:00:00.000000000,99.31,123.9031
2022-07-19T00:00:00.000000000,97.85,117.97233
2022-07-19T01:00:00.000000000,101.31,119.23159
2022-07-19T02:00:00.000000000,122.83,121.06616
2022-07-19T03:00:00.000000000,134.33,123.49116
2022-07-19T04:00:00.000000000,140.0,127.0024
2022-07-19T05:00:00.000000000,149.93,131.91066
2022-07-19T06:00:00.000000000,154.15,138.4983
2022-07-19T07:00:00.000000000,154.51,146.20874
2022-07-19T08:00:00.000000000,165.68,152.57357
2022-07-19T09:00:00.000000000,175.67,158.99728
2022-07-19T10:00:00.000000000,190.1,165.27292
2022-07-19T11:00:00.000000000,197.74,170.09867
2022-07-19T12:00:00.000000000,207.14,173.1181
2022-07-19T13:00:00.000000000,208.2,174.74566
2022-07-19T14:00:00.000000000,201.7,174.38434
2022-07-19T15:00:00.000000000,210.94,172.09377
2022-07-19T16:00:00.000000000,211.67,169.05199
2022-07-19T17:00:00.000000000,209.23,165.46309
2022-07-19T18:00:00.000000000,211.18,160.37397
2022-07-19T19:00:00.000000000,209.4,155.9232
2022-07-19T20:00:00.000000000,191.94,152.30397
2022-07-19T21:00:00.000000000,166.97,149.39426
2022-07-19T22:00:00.000000000,158.98,147.03358
2022-07-19T23:00:00.000000000,143.6,145.26441
2022-07-20T00:00:00.000000000,140.51,140.83911
2022-07-20T01:00:00.000000000,165.17,141.3623
2022-07-20T02:00:00.000000000,174.91,142.75595
2022-07-20T03:00:00.000000000,184.69,144.99527
2022-07-20T04:00:00.000000000,197.31,148.82753
2022-07-20T05:00:00.000000000,199.27,153.94033
2022-07-20T06:00:00.000000000,198.83,160.99161
2022-07-20T07:00:00.000000000,191.27,168.81184
2022-07-20T08:00:00.000000000,205.21,174.47313
2022-07-20T09:00:00.000000000,209.4,179.3584
2022-07-20T10:00:00.000000000,218.39,183.77813
2022-07-20T11:00:00.000000000,222.84,186.8081
2022-07-20T12:00:00.000000000,216.6,188.34751
2022-07-20T13:00:00.000000000,194.74,189.16579
2022-07-20T14:00:00.000000000,211.06,188.03077
2022-07-20T15:00:00.000000000,201.8,185.57135
2022-07-20T16:00:00.000000000,198.94,182.15802
2022-07-20T17:00:00.000000000,184.88,178.24068
2022-07-20T18:00:00.000000000,211.63,173.11318
2022-07-20T19:00:00.000000000,211.29,169.01169
2022-07-20T20:00:00.000000000,187.49,166.19549
2022-07-20T21:00:00.000000000,186.81,164.23125
2022-07-20T22:00:00.000000000,173.61,162.38581
2022-07-20T23:00:00.000000000,167.5,160.59352
2022-07-21T00:00:00.000000000,147.43,158.23481
2022-07-21T01:00:00.000000000,148.09,157.43879
2022-07-21T02:00:00.000000000,153.1,157.73253
2022-07-21T03:00:00.000000000,164.46,159.14404
2022-07-21T04:00:00.000000000,169.91,162.26369
2022-07-21T05:00:00.000000000,176.91,166.62997
2022-07-21T06:00:00.000000000,175.62,173.15577
2022-07-21T07:00:00.000000000,163.33,180.44032
2022-07-21T08:00:00.000000000,177.55,185.26711
2022-07-21T09:00:00.000000000,195.28,189.077
2022-07-21T10:00:00.000000000,204.41,192.48053
2022-07-21T11:00:00.000000000,207.18,194.58344
2022-07-21T12:00:00.000000000,211.28,195.47107
2022-07-21T13:00:00.000000000,231.14,196.30852
2022-07-21T14:00:00.000000000,212.36,195.63348
2022-07-21T15:00:00.000000000,213.06,194.25556
2022-07-21T16:00:00.000000000,216.22,191.82672
2022-07-21T17:00:00.000000000,224.45,188.5347
2022-07-21T18:00:00.000000000,217.54,183.78081
2022-07-21T19:00:00.000000000,214.34,179.71723
2022-07-21T20:00:00.000000000,199.2,176.85806
2022-07-21T21:00:00.000000000,185.67,174.65147
2022-07-21T22:00:00.000000000,185.58,172.34159
2022-07-21T23:00:00.000000000,173.27,169.85141
2022-07-19T00:00:00.000000000,97.85,101.35474
2022-07-19T01:00:00.000000000,101.31,104.00167
2022-07-19T02:00:00.000000000,122.83,106.55522
2022-07-19T03:00:00.000000000,134.33,109.24449
2022-07-19T04:00:00.000000000,140.0,112.53666
2022-07-19T05:00:00.000000000,149.93,117.17461
2022-07-19T06:00:00.000000000,154.15,123.54656
2022-07-19T07:00:00.000000000,154.51,131.37315
2022-07-19T08:00:00.000000000,165.68,138.22834
2022-07-19T09:00:00.000000000,175.67,145.93509
2022-07-19T10:00:00.000000000,190.1,153.87543
2022-07-19T11:00:00.000000000,197.74,160.10481
2022-07-19T12:00:00.000000000,207.14,164.64118
2022-07-19T13:00:00.000000000,208.2,167.47237
2022-07-19T14:00:00.000000000,201.7,168.78467
2022-07-19T15:00:00.000000000,210.94,167.78101
2022-07-19T16:00:00.000000000,211.67,165.96332
2022-07-19T17:00:00.000000000,209.23,162.9943
2022-07-19T18:00:00.000000000,211.18,157.88221
2022-07-19T19:00:00.000000000,209.4,152.66735
2022-07-19T20:00:00.000000000,191.94,147.88227
2022-07-19T21:00:00.000000000,166.97,143.97055
2022-07-19T22:00:00.000000000,158.98,141.21449
2022-07-19T23:00:00.000000000,143.6,139.67798
2022-07-20T00:00:00.000000000,140.51,140.42671
2022-07-20T01:00:00.000000000,165.17,141.22482
2022-07-20T02:00:00.000000000,174.91,142.91029
2022-07-20T03:00:00.000000000,184.69,145.56214
2022-07-20T04:00:00.000000000,197.31,149.81582
2022-07-20T05:00:00.000000000,199.27,155.3093
2022-07-20T06:00:00.000000000,198.83,162.84187
2022-07-20T07:00:00.000000000,191.27,170.90424
2022-07-20T08:00:00.000000000,205.21,176.40927
2022-07-20T09:00:00.000000000,209.4,181.02313
2022-07-20T10:00:00.000000000,218.39,185.27874
2022-07-20T11:00:00.000000000,222.84,188.11416
2022-07-20T12:00:00.000000000,216.6,189.84927
2022-07-20T13:00:00.000000000,194.74,191.24279
2022-07-20T14:00:00.000000000,211.06,191.12032
2022-07-20T15:00:00.000000000,201.8,189.79524
2022-07-20T16:00:00.000000000,198.94,187.33012
2022-07-20T17:00:00.000000000,184.88,183.88282
2022-07-20T18:00:00.000000000,211.63,179.01166
2022-07-20T19:00:00.000000000,211.29,174.74387
2022-07-20T20:00:00.000000000,187.49,171.73128
2022-07-20T21:00:00.000000000,186.81,169.5168
2022-07-20T22:00:00.000000000,173.61,167.37598
2022-07-20T23:00:00.000000000,167.5,165.2461
2022-07-21T00:00:00.000000000,147.43,162.52681
2022-07-21T01:00:00.000000000,148.09,161.83253
2022-07-21T02:00:00.000000000,153.1,162.35488
2022-07-21T03:00:00.000000000,164.46,163.93794
2022-07-21T04:00:00.000000000,169.91,167.23132
2022-07-21T05:00:00.000000000,176.91,171.77992
2022-07-21T06:00:00.000000000,175.62,178.45783
2022-07-21T07:00:00.000000000,163.33,185.93584
2022-07-21T08:00:00.000000000,177.55,190.94286
2022-07-21T09:00:00.000000000,195.28,195.02109
2022-07-21T10:00:00.000000000,204.41,198.52067
2022-07-21T11:00:00.000000000,207.18,200.64721
2022-07-21T12:00:00.000000000,211.28,201.19583
2022-07-21T13:00:00.000000000,231.14,201.39336
2022-07-21T14:00:00.000000000,212.36,199.8096
2022-07-21T15:00:00.000000000,213.06,197.58311
2022-07-21T16:00:00.000000000,216.22,194.48039
2022-07-21T17:00:00.000000000,224.45,190.78365
2022-07-21T18:00:00.000000000,217.54,185.6496
2022-07-21T19:00:00.000000000,214.34,181.37938
2022-07-21T20:00:00.000000000,199.2,178.2891
2022-07-21T21:00:00.000000000,185.67,175.9255
2022-07-21T22:00:00.000000000,185.58,173.61721
2022-07-21T23:00:00.000000000,173.27,171.47941
2022-07-22T00:00:00.000000000,161.93,159.27661
2022-07-22T01:00:00.000000000,161.72,158.38597
2022-07-22T02:00:00.000000000,166.07,158.44733
2022-07-22T03:00:00.000000000,179.37,159.26997
2022-07-22T04:00:00.000000000,177.13,161.70118
2022-07-22T05:00:00.000000000,172.02,165.36134
2022-07-22T06:00:00.000000000,166.08,171.09514
2022-07-22T07:00:00.000000000,138.57,177.92057
2022-07-22T08:00:00.000000000,160.5,182.87414
2022-07-22T09:00:00.000000000,134.45,187.10712
2022-07-22T10:00:00.000000000,145.54,190.89396
2022-07-22T11:00:00.000000000,151.21,193.40676
2022-07-22T12:00:00.000000000,148.84,194.18754
2022-07-22T13:00:00.000000000,142.64,194.33809
2022-07-22T14:00:00.000000000,148.54,192.43368
2022-07-22T15:00:00.000000000,138.36,189.66991
2022-07-22T16:00:00.000000000,142.52,186.10734
2022-07-22T17:00:00.000000000,140.8,182.25827
2022-07-22T18:00:00.000000000,131.7,177.11637
2022-07-22T19:00:00.000000000,133.87,173.14532
2022-07-22T20:00:00.000000000,135.38,170.38047
2022-07-22T21:00:00.000000000,135.33,168.36189
2022-07-22T22:00:00.000000000,135.69,166.43014
2022-07-22T23:00:00.000000000,130.25,164.50167
2022-07-20T00:00:00.000000000,140.51,144.93836
2022-07-20T01:00:00.000000000,165.17,145.47391
2022-07-20T02:00:00.000000000,174.91,147.29384
2022-07-20T03:00:00.000000000,184.69,150.42431
2022-07-20T04:00:00.000000000,197.31,155.55049
2022-07-20T05:00:00.000000000,199.27,162.37613
2022-07-20T06:00:00.000000000,198.83,171.53178
2022-07-20T07:00:00.000000000,191.27,181.62488
2022-07-20T08:00:00.000000000,205.21,189.11843
2022-07-20T09:00:00.000000000,209.4,196.14311
2022-07-20T10:00:00.000000000,218.39,202.46814
2022-07-20T11:00:00.000000000,222.84,206.76976
2022-07-20T12:00:00.000000000,216.6,208.87049
2022-07-20T13:00:00.000000000,194.74,209.80793
2022-07-20T14:00:00.000000000,211.06,208.65493
2022-07-20T15:00:00.000000000,201.8,205.98263
2022-07-20T16:00:00.000000000,198.94,202.29433
2022-07-20T17:00:00.000000000,184.88,197.93319
2022-07-20T18:00:00.000000000,211.63,191.80688
2022-07-20T19:00:00.000000000,211.29,186.31161
2022-07-20T20:00:00.000000000,187.49,181.70228
2022-07-20T21:00:00.000000000,186.81,178.07394
2022-07-20T22:00:00.000000000,173.61,174.94973
2022-07-20T23:00:00.000000000,167.5,172.91462
2022-07-21T00:00:00.000000000,147.43,163.82604
2022-07-21T01:00:00.000000000,148.09,163.10733
2022-07-21T02:00:00.000000000,153.1,164.01452
2022-07-21T03:00:00.000000000,164.46,166.4084
2022-07-21T04:00:00.000000000,169.91,170.89836
2022-07-21T05:00:00.000000000,176.91,176.93098
2022-07-21T06:00:00.000000000,175.62,185.14175
2022-07-21T07:00:00.000000000,163.33,194.21343
2022-07-21T08:00:00.000000000,177.55,200.55417
2022-07-21T09:00:00.000000000,195.28,205.97993
2022-07-21T10:00:00.000000000,204.41,210.3627
2022-07-21T11:00:00.000000000,207.18,212.75395
2022-07-21T12:00:00.000000000,211.28,212.768
2022-07-21T13:00:00.000000000,231.14,212.05337
2022-07-21T14:00:00.000000000,212.36,209.19301
2022-07-21T15:00:00.000000000,213.06,205.56703
2022-07-21T16:00:00.000000000,216.22,201.3389
2022-07-21T17:00:00.000000000,224.45,196.85858
2022-07-21T18:00:00.000000000,217.54,190.9557
2022-07-21T19:00:00.000000000,214.34,186.06889
2022-07-21T20:00:00.000000000,199.2,182.37499
2022-07-21T21:00:00.000000000,185.67,179.52215
2022-07-21T22:00:00.000000000,185.58,176.89124
2022-07-21T23:00:00.000000000,173.27,175.0156
2022-07-22T00:00:00.000000000,161.93,163.06252
2022-07-22T01:00:00.000000000,161.72,163.03598
2022-07-22T02:00:00.000000000,166.07,164.10631
2022-07-22T03:00:00.000000000,179.37,165.8681
2022-07-22T04:00:00.000000000,177.13,169.09816
2022-07-22T05:00:00.000000000,172.02,173.30188
2022-07-22T06:00:00.000000000,166.08,179.33972
2022-07-22T07:00:00.000000000,138.57,186.30101
2022-07-22T08:00:00.000000000,160.5,191.12847
2022-07-22T09:00:00.000000000,134.45,195.22173
2022-07-22T10:00:00.000000000,145.54,198.71921
2022-07-22T11:00:00.000000000,151.21,200.89109
2022-07-22T12:00:00.000000000,148.84,201.15816
2022-07-22T13:00:00.000000000,142.64,200.69656
2022-07-22T14:00:00.000000000,148.54,198.06583
2022-07-22T15:00:00.000000000,138.36,194.74636
2022-07-22T16:00:00.000000000,142.52,190.80726
2022-07-22T17:00:00.000000000,140.8,186.73708
2022-07-22T18:00:00.000000000,131.7,181.35303
2022-07-22T19:00:00.000000000,133.87,177.13673
2022-07-22T20:00:00.000000000,135.38,174.10708
2022-07-22T21:00:00.000000000,135.33,171.90801
2022-07-22T22:00:00.000000000,135.69,169.98975
2022-07-22T23:00:00.000000000,130.25,168.49598
2022-07-23T00:00:00.000000000,150.45,162.82648
2022-07-23T01:00:00.000000000,132.41,162.12683
2022-07-23T02:00:00.000000000,126.15,163.07929
2022-07-23T03:00:00.000000000,142.96,165.62401
2022-07-23T04:00:00.000000000,160.2,170.37144
2022-07-23T05:00:00.000000000,168.56,176.7488
2022-07-23T06:00:00.000000000,173.05,185.38788
2022-07-23T07:00:00.000000000,147.14,195.03125
2022-07-23T08:00:00.000000000,170.06,201.99953
2022-07-23T09:00:00.000000000,152.75,208.0715
2022-07-23T10:00:00.000000000,166.05,213.07145
2022-07-23T11:00:00.000000000,166.03,215.87127
2022-07-23T12:00:00.000000000,153.59,216.09212
2022-07-23T13:00:00.000000000,163.55,215.4935
2022-07-23T14:00:00.000000000,159.39,212.77343
2022-07-23T15:00:00.000000000,167.58,209.13656
2022-07-23T16:00:00.000000000,165.81,204.86322
2022-07-23T17:00:00.000000000,168.95,200.26709
2022-07-23T18:00:00.000000000,177.83,194.13024
2022-07-23T19:00:00.000000000,195.53,188.89676
2022-07-23T20:00:00.000000000,210.89,184.80656
2022-07-23T21:00:00.000000000,207.81,181.61367
2022-07-23T22:00:00.000000000,198.65,178.68189
2022-07-23T23:00:00.000000000,190.17,176.5757
2022-07-21T00:00:00.000000000,147.43,162.00427
2022-07-21T01:00:00.000000000,148.09,161.58579
2022-07-21T02:00:00.000000000,153.1,162.60413
2022-07-21T03:00:00.000000000,164.46,164.83732
2022-07-21T04:00:00.000000000,169.91,168.91982
2022-07-21T05:00:00.000000000,176.91,174.4314
2022-07-21T06:00:00.000000000,175.62,182.11752
2022-07-21T07:00:00.000000000,163.33,190.79484
2022-07-21T08:00:00.000000000,177.55,197.00597
2022-07-21T09:00:00.000000000,195.28,202.56988
2022-07-21T10:00:00.000000000,204.41,207.192
2022-07-21T11:00:00.000000000,207.18,209.98288
2022-07-21T12:00:00.000000000,211.28,210.35194
2022-07-21T13:00:00.000000000,231.14,209.80116
2022-07-21T14:00:00.000000000,212.36,206.95468
2022-07-21T15:00:00.000000000,213.06,203.22162
2022-07-21T16:00:00.000000000,216.22,198.87559
2022-07-21T17:00:00.000000000,224.45,194.33993
2022-07-21T18:00:00.000000000,217.54,188.36915
2022-07-21T19:00:00.000000000,214.34,183.5093
2022-07-21T20:00:00.000000000,199.2,179.80275
2022-07-21T21:00:00.000000000,185.67,176.95632
2022-07-21T22:00:00.000000000,185.58,174.42589
2022-07-21T23:00:00.000000000,173.27,172.6922
2022-07-22T00:00:00.000000000,161.93,161.14437
2022-07-22T01:00:00.000000000,161.72,160.41
2022-07-22T02:00:00.000000000,166.07,160.54882
2022-07-22T03:00:00.000000000,179.37,161.27888
2022-07-22T04:00:00.000000000,177.13,163.38498
2022-07-22T05:00:00.000000000,172.02,166.59146
2022-07-22T06:00:00.000000000,166.08,171.64233
2022-07-22T07:00:00.000000000,138.57,177.86783
2022-07-22T08:00:00.000000000,160.5,182.50221
2022-07-22T09:00:00.000000000,134.45,186.38124
2022-07-22T10:00:00.000000000,145.54,189.78602
2022-07-22T11:00:00.000000000,151.21,192.03587
2022-07-22T12:00:00.000000000,148.84,192.31732
2022-07-22T13:00:00.000000000,142.64,191.51705
2022-07-22T14:00:00.000000000,148.54,188.41825
2022-07-22T15:00:00.000000000,138.36,184.51086
2022-07-22T16:00:00.000000000,142.52,180.22197
2022-07-22T17:00:00.000000000,140.8,175.97026
2022-07-22T18:00:00.000000000,131.7,170.74143
2022-07-22T19:00:00.000000000,133.87,166.89028
2022-07-22T20:00:00.000000000,135.38,164.34072
2022-07-22T21:00:00.000000000,135.33,162.71378
2022-07-22T22:00:00.000000000,135.69,161.21329
2022-07-22T23:00:00.000000000,130.25,159.91665
2022-07-23T00:00:00.000000000,150.45,160.57044
2022-07-23T01:00:00.000000000,132.41,159.40337
2022-07-23T02:00:00.000000000,126.15,159.60016
2022-07-23T03:00:00.000000000,142.96,161.15488
2022-07-23T04:00:00.000000000,160.2,164.76183
2022-07-23T05:00:00.000000000,168.56,170.03172
2022-07-23T06:00:00.000000000,173.05,177.71203
2022-07-23T07:00:00.000000000,147.14,186.33908
2022-07-23T08:00:00.000000000,170.06,192.47594
2022-07-23T09:00:00.000000000,152.75,197.67114
2022-07-23T10:00:00.000000000,166.05,202.13091
2022-07-23T11:00:00.000000000,166.03,204.89606
2022-07-23T12:00:00.000000000,153.59,205.73449
2022-07-23T13:00:00.000000000,163.55,205.98278
2022-07-23T14:00:00.000000000,159.39,204.39929
2022-07-23T15:00:00.000000000,167.58,201.91591
2022-07-23T16:00:00.000000000,165.81,198.50629
2022-07-23T17:00:00.000000000,168.95,194.45642
2022-07-23T18:00:00.000000000,177.83,188.88658
2022-07-23T19:00:00.000000000,195.53,184.13388
2022-07-23T20:00:00.000000000,210.89,180.50953
2022-07-23T21:00:00.000000000,207.81,177.69237
2022-07-23T22:00:00.000000000,198.65,174.94981
2022-07-23T23:00:00.000000000,190.17,172.53191
2022-07-24T00:00:00.000000000,177.41,168.15252
2022-07-24T01:00:00.000000000,155.42,166.23967
2022-07-24T02:00:00.000000000,152.82,165.79634
2022-07-24T03:00:00.000000000,155.41,166.87491
2022-07-24T04:00:00.000000000,155.8,170.06545
2022-07-24T05:00:00.000000000,151.12,174.91288
2022-07-24T06:00:00.000000000,151.01,182.26211
2022-07-24T07:00:00.000000000,136.94,190.77083
2022-07-24T08:00:00.000000000,169.55,196.88895
2022-07-24T09:00:00.000000000,169.93,202.02775
2022-07-24T10:00:00.000000000,171.54,206.41652
2022-07-24T11:00:00.000000000,167.02,209.0379
2022-07-24T12:00:00.000000000,164.19,209.51806
2022-07-24T13:00:00.000000000,161.77,209.48863
2022-07-24T14:00:00.000000000,162.78,207.64852
2022-07-24T15:00:00.000000000,158.47,205.09039
2022-07-24T16:00:00.000000000,157.15,201.73755
2022-07-24T17:00:00.000000000,152.45,197.79614
2022-07-24T18:00:00.000000000,146.75,192.27208
2022-07-24T19:00:00.000000000,146.15,187.48509
2022-07-24T20:00:00.000000000,131.13,183.78166
2022-07-24T21:00:00.000000000,127.26,180.80073
2022-07-24T22:00:00.000000000,127.88,177.83431
2022-07-24T23:00:00.000000000,134.17,175.12858
2022-07-22T00:00:00.000000000,161.93,165.81902
2022-07-22T01:00:00.000000000,161.72,164.5742
2022-07-22T02:00:00.000000000,166.07,164.53672
2022-07-22T03:00:00.000000000,179.37,165.62866
2022-07-22T04:00:00.000000000,177.13,168.50962
2022-07-22T05:00:00.000000000,172.02,172.66434
2022-07-22T06:00:00.000000000,166.08,178.98147
2022-07-22T07:00:00.000000000,138.57,186.14663
2022-07-22T08:00:00.000000000,160.5,190.90956
2022-07-22T09:00:00.000000000,134.45,194.59587
2022-07-22T10:00:00.000000000,145.54,197.74731
2022-07-22T11:00:00.000000000,151.21,199.61398
2022-07-22T12:00:00.000000000,148.84,199.93608
2022-07-22T13:00:00.000000000,142.64,199.96174
2022-07-22T14:00:00.000000000,148.54,198.2492
2022-07-22T15:00:00.000000000,138.36,196.0059
2022-07-22T16:00:00.000000000,142.52,192.95838
2022-07-22T17:00:00.000000000,140.8,189.35211
2022-07-22T18:00:00.000000000,131.7,184.36733
2022-07-22T19:00:00.000000000,133.87,180.21396
2022-07-22T20:00:00.000000000,135.38,177.23253
2022-07-22T21:00:00.000000000,135.33,174.9665
2022-07-22T22:00:00.000000000,135.69,172.70295
2022-07-22T23:00:00.000000000,130.25,170.52665
2022-07-23T00:00:00.000000000,150.45,167.30776
2022-07-23T01:00:00.000000000,132.41,165.20042
2022-07-23T02:00:00.000000000,126.15,164.53761
2022-07-23T03:00:00.000000000,142.96,165.39198
2022-07-23T04:00:00.000000000,160.2,168.43142
2022-07-23T05:00:00.000000000,168.56,173.25547
2022-07-23T06:00:00.000000000,173.05,180.65627
2022-07-23T07:00:00.000000000,147.14,189.10327
2022-07-23T08:00:00.000000000,170.06,195.07499
2022-07-23T09:00:00.000000000,152.75,200.01026
2022-07-23T10:00:00.000000000,166.05,204.1421
2022-07-23T11:00:00.000000000,166.03,206.60219
2022-07-23T12:00:00.000000000,153.59,207.08027
2022-07-23T13:00:00.000000000,163.55,207.07406
2022-07-23T14:00:00.000000000,159.39,205.22061
2022-07-23T15:00:00.000000000,167.58,202.62772
2022-07-23T16:00:00.000000000,165.81,199.16659
2022-07-23T17:00:00.000000000,168.95,195.09529
2022-07-23T18:00:00.000000000,177.83,189.56196
2022-07-23T19:00:00.000000000,195.53,184.89426
2022-07-23T20:00:00.000000000,210.89,181.4226
2022-07-23T21:00:00.000000000,207.81,178.70636
2022-07-23T22:00:00.000000000,198.65,175.956
2022-07-23T23:00:00.000000000,190.17,173.38264
2022-07-24T00:00:00.000000000,177.41,167.21965
2022-07-24T01:00:00.000000000,155.42,166.05648
2022-07-24T02:00:00.000000000,152.82,166.1528
2022-07-24T03:00:00.000000000,155.41,167.43668
2022-07-24T04:00:00.000000000,155.8,170.43783
2022-07-24T05:00:00.000000000,151.12,174.60749
2022-07-24T06:00:00.000000000,151.01,180.86185
2022-07-24T07:00:00.000000000,136.94,187.94664
2022-07-24T08:00:00.000000000,169.55,192.55029
2022-07-24T09:00:00.000000000,169.93,196.01778
2022-07-24T10:00:00.000000000,171.54,198.95974
2022-07-24T11:00:00.000000000,167.02,200.56377
2022-07-24T12:00:00.000000000,164.19,200.74338
2022-07-24T13:00:00.000000000,161.77,200.89268
2022-07-24T14:00:00.000000000,162.78,199.48651
2022-07-24T15:00:00.000000000,158.47,197.67264
2022-07-24T16:00:00.000000000,157.15,195.002
2022-07-24T17:00:00.000000000,152.45,191.64191
2022-07-24T18:00:00.000000000,146.75,186.86464
2022-07-24T19:00:00.000000000,146.15,182.85376
2022-07-24T20:00:00.000000000,131.13,180.05254
2022-07-24T21:00:00.000000000,127.26,177.88932
2022-07-24T22:00:00.000000000,127.88,175.57691
2022-07-24T23:00:00.000000000,134.17,173.1195
2022-07-25T00:00:00.000000000,129.79,169.74466
2022-07-25T01:00:00.000000000,125.29,167.97501
2022-07-25T02:00:00.000000000,124.93,167.6135
2022-07-25T03:00:00.000000000,127.72,168.62881
2022-07-25T04:00:00.000000000,131.97,171.58015
2022-07-25T05:00:00.000000000,135.78,175.95594
2022-07-25T06:00:00.000000000,143.97,182.63896
2022-07-25T07:00:00.000000000,141.18,190.3208
2022-07-25T08:00:00.000000000,189.95,195.58609
2022-07-25T09:00:00.000000000,191.58,199.74901
2022-07-25T10:00:00.000000000,203.42,203.27946
2022-07-25T11:00:00.000000000,212.98,205.28987
2022-07-25T12:00:00.000000000,210.96,205.50593
2022-07-25T13:00:00.000000000,210.22,205.47588
2022-07-25T14:00:00.000000000,214.12,203.78226
2022-07-25T15:00:00.000000000,231.15,201.59137
2022-07-25T16:00:00.000000000,231.18,198.59406
2022-07-25T17:00:00.000000000,228.11,194.97408
2022-07-25T18:00:00.000000000,216.09,189.84288
2022-07-25T19:00:00.000000000,211.66,185.45183
2022-07-25T20:00:00.000000000,199.63,182.17945
2022-07-25T21:00:00.000000000,183.17,179.56687
2022-07-25T22:00:00.000000000,171.29,176.87492
2022-07-25T23:00:00.000000000,163.72,174.23167
2022-07-23T00:00:00.000000000,150.45,130.80408
2022-07-23T01:00:00.000000000,132.41,131.76391
2022-07-23T02:00:00.000000000,126.15,133.37735
2022-07-23T03:00:00.000000000,142.96,135.82245
2022-07-23T04:00:00.000000000,160.2,139.53659
2022-07-23T05:00:00.000000000,168.56,144.59616
2022-07-23T06:00:00.000000000,173.05,151.69464
2022-07-23T07:00:00.000000000,147.14,159.51853
2022-07-23T08:00:00.000000000,170.06,165.13716
2022-07-23T09:00:00.000000000,152.75,170.30168
2022-07-23T10:00:00.000000000,166.05,175.41617
2022-07-23T11:00:00.000000000,166.03,179.12668
2022-07-23T12:00:00.000000000,153.59,181.87992
2022-07-23T13:00:00.000000000,163.55,184.21956
2022-07-23T14:00:00.000000000,159.39,185.32073
2022-07-23T15:00:00.000000000,167.58,185.05246
2022-07-23T16:00:00.000000000,165.81,183.56042
2022-07-23T17:00:00.000000000,168.95,180.78492
2022-07-23T18:00:00.000000000,177.83,176.30278
2022-07-23T19:00:00.000000000,195.53,172.00833
2022-07-23T20:00:00.000000000,210.89,168.70321
2022-07-23T21:00:00.000000000,207.81,166.10486
2022-07-23T22:00:00.000000000,198.65,163.73479
2022-07-23T23:00:00.000000000,190.17,161.50419
2022-07-24T00:00:00.000000000,177.41,151.84251
2022-07-24T01:00:00.000000000,155.42,151.47864
2022-07-24T02:00:00.000000000,152.82,152.10009
2022-07-24T03:00:00.000000000,155.41,153.67551
2022-07-24T04:00:00.000000000,155.8,156.78989
2022-07-24T05:00:00.000000000,151.12,161.06587
2022-07-24T06:00:00.000000000,151.01,167.26128
2022-07-24T07:00:00.000000000,136.94,174.365
2022-07-24T08:00:00.000000000,169.55,179.36716
2022-07-24T09:00:00.000000000,169.93,183.4939
2022-07-24T10:00:00.000000000,171.54,187.21909
2022-07-24T11:00:00.000000000,167.02,189.65797
2022-07-24T12:00:00.000000000,164.19,190.64673
2022-07-24T13:00:00.000000000,161.77,191.22781
2022-07-24T14:00:00.000000000,162.78,189.97575
2022-07-24T15:00:00.000000000,158.47,187.821
2022-07-24T16:00:00.000000000,157.15,184.80632
2022-07-24T17:00:00.000000000,152.45,181.3273
2022-07-24T18:00:00.000000000,146.75,176.61425
2022-07-24T19:00:00.000000000,146.15,172.87818
2022-07-24T20:00:00.000000000,131.13,170.37239
2022-07-24T21:00:00.000000000,127.26,168.56753
2022-07-24T22:00:00.000000000,127.88,166.69967
2022-07-24T23:00:00.000000000,134.17,164.67619
2022-07-25T00:00:00.000000000,129.79,164.03805
2022-07-25T01:00:00.000000000,125.29,162.40259
2022-07-25T02:00:00.000000000,124.93,162.17597
2022-07-25T03:00:00.000000000,127.72,163.51274
2022-07-25T04:00:00.000000000,131.97,166.92215
2022-07-25T05:00:00.000000000,135.78,171.90844
2022-07-25T06:00:00.000000000,143.97,179.28562
2022-07-25T07:00:00.000000000,141.18,187.53157
2022-07-25T08:00:00.000000000,189.95,193.13119
2022-07-25T09:00:00.000000000,191.58,197.43282
2022-07-25T10:00:00.000000000,203.42,201.08057
2022-07-25T11:00:00.000000000,212.98,203.14987
2022-07-25T12:00:00.000000000,210.96,203.64461
2022-07-25T13:00:00.000000000,210.22,204.03782
2022-07-25T14:00:00.000000000,214.12,203.03866
2022-07-25T15:00:00.000000000,231.15,201.44372
2022-07-25T16:00:00.000000000,231.18,198.87569
2022-07-25T17:00:00.000000000,228.11,195.40588
2022-07-25T18:00:00.000000000,216.09,190.42091
2022-07-25T19:00:00.000000000,211.66,186.00121
2022-07-25T20:00:00.000000000,199.63,182.72564
2022-07-25T21:00:00.000000000,183.17,180.12908
2022-07-25T22:00:00.000000000,171.29,177.32001
2022-07-25T23:00:00.000000000,163.72,174.41263
2022-07-26T00:00:00.000000000,166.58,170.98559
2022-07-26T01:00:00.000000000,156.78,168.57661
2022-07-26T02:00:00.000000000,154.24,167.57752
2022-07-26T03:00:00.000000000,175.11,168.16732
2022-07-26T04:00:00.000000000,173.81,170.82848
2022-07-26T05:00:00.000000000,189.26,175.06095
2022-07-26T06:00:00.000000000,208.07,181.77189
2022-07-26T07:00:00.000000000,222.8,189.58413
2022-07-26T08:00:00.000000000,210.13,194.97803
2022-07-26T09:00:00.000000000,213.91,199.13475
2022-07-26T10:00:00.000000000,235.13,202.67778
2022-07-26T11:00:00.000000000,239.93,204.70566
2022-07-26T12:00:00.000000000,245.71,205.01867
2022-07-26T13:00:00.000000000,277.24,205.22987
2022-07-26T14:00:00.000000000,260.12,203.92752
2022-07-26T15:00:00.000000000,240.8,202.12955
2022-07-26T16:00:00.000000000,230.51,199.437
2022-07-26T17:00:00.000000000,216.68,195.94485
2022-07-26T18:00:00.000000000,207.64,190.93644
2022-07-26T19:00:00.000000000,189.14,186.55913
2022-07-26T20:00:00.000000000,178.03,183.31058
2022-07-26T21:00:00.000000000,176.23,180.69991
2022-07-26T22:00:00.000000000,172.01,177.84754
2022-07-26T23:00:00.000000000,161.05,174.81438
2022-07-24T00:00:00.000000000,177.41,172.42244
2022-07-24T01:00:00.000000000,155.42,170.97605
2022-07-24T02:00:00.000000000,152.82,170.58995
2022-07-24T03:00:00.000000000,155.41,170.90662
2022-07-24T04:00:00.000000000,155.8,172.68265
2022-07-24T05:00:00.000000000,151.12,175.41788
2022-07-24T06:00:00.000000000,151.01,180.00381
2022-07-24T07:00:00.000000000,136.94,185.84208
2022-07-24T08:00:00.000000000,169.55,190.02776
2022-07-24T09:00:00.000000000,169.93,193.33373
2022-07-24T10:00:00.000000000,171.54,196.25622
2022-07-24T11:00:00.000000000,167.02,197.88527
2022-07-24T12:00:00.000000000,164.19,197.63058
2022-07-24T13:00:00.000000000,161.77,196.80231
2022-07-24T14:00:00.000000000,162.78,193.94392
2022-07-24T15:00:00.000000000,158.47,190.705
2022-07-24T16:00:00.000000000,157.15,187.05862
2022-07-24T17:00:00.000000000,152.45,183.42109
2022-07-24T18:00:00.000000000,146.75,178.64881
2022-07-24T19:00:00.000000000,146.15,175.13472
2022-07-24T20:00:00.000000000,131.13,172.8762
2022-07-24T21:00:00.000000000,127.26,171.3213
2022-07-24T22:00:00.000000000,127.88,169.69427
2022-07-24T23:00:00.000000000,134.17,167.92036
2022-07-25T00:00:00.000000000,129.79,165.86334
2022-07-25T01:00:00.000000000,125.29,163.90128
2022-07-25T02:00:00.000000000,124.93,163.44179
2022-07-25T03:00:00.000000000,127.72,164.56806
2022-07-25T04:00:00.000000000,131.97,167.93364
2022-07-25T05:00:00.000000000,135.78,173.15938
2022-07-25T06:00:00.000000000,143.97,181.04878
2022-07-25T07:00:00.000000000,141.18,190.1261
2022-07-25T08:00:00.000000000,189.95,196.77469
2022-07-25T09:00:00.000000000,191.58,202.58942
2022-07-25T10:00:00.000000000,203.42,207.56559
2022-07-25T11:00:00.000000000,212.98,210.62286
2022-07-25T12:00:00.000000000,210.96,211.37007
2022-07-25T13:00:00.000000000,210.22,211.39521
2022-07-25T14:00:00.000000000,214.12,209.45012
2022-07-25T15:00:00.000000000,231.15,206.59542
2022-07-25T16:00:00.000000000,231.18,202.93528
2022-07-25T17:00:00.000000000,228.11,198.70811
2022-07-25T18:00:00.000000000,216.09,192.87274
2022-07-25T19:00:00.000000000,211.66,187.8087
2022-07-25T20:00:00.000000000,199.63,183.84789
2022-07-25T21:00:00.000000000,183.17,180.65902
2022-07-25T22:00:00.000000000,171.29,177.59055
2022-07-25T23:00:00.000000000,163.72,174.98692
2022-07-26T00:00:00.000000000,166.58,171.01353
2022-07-26T01:00:00.000000000,156.78,168.85756
2022-07-26T02:00:00.000000000,154.24,168.26439
2022-07-26T03:00:00.000000000,175.11,169.21707
2022-07-26T04:00:00.000000000,173.81,172.3399
2022-07-26T05:00:00.000000000,189.26,177.20051
2022-07-26T06:00:00.000000000,208.07,184.66555
2022-07-26T07:00:00.000000000,222.8,193.3574
2022-07-26T08:00:00.000000000,210.13,199.68077
2022-07-26T09:00:00.000000000,213.91,205.20902
2022-07-26T10:00:00.000000000,235.13,209.87197
2022-07-26T11:00:00.000000000,239.93,212.63895
2022-07-26T12:00:00.000000000,245.71,212.95875
2022-07-26T13:00:00.000000000,277.24,212.56951
2022-07-26T14:00:00.000000000,260.12,210.10982
2022-07-26T15:00:00.000000000,240.8,206.91414
2022-07-26T16:00:00.000000000,230.51,203.07294
2022-07-26T17:00:00.000000000,216.68,198.83384
2022-07-26T18:00:00.000000000,207.64,193.00355
2022-07-26T19:00:00.000000000,189.14,188.01343
2022-07-26T20:00:00.000000000,178.03,184.13045
2022-07-26T21:00:00.000000000,176.23,180.96486
2022-07-26T22:00:00.000000000,172.01,177.95686
2022-07-26T23:00:00.000000000,161.05,175.47343
2022-07-27T00:00:00.000000000,154.29,171.44953
2022-07-27T01:00:00.000000000,162.04,169.34049
2022-07-27T02:00:00.000000000,161.59,168.81643
2022-07-27T03:00:00.000000000,168.89,169.86681
2022-07-27T04:00:00.000000000,167.99,173.11886
2022-07-27T05:00:00.000000000,170.59,178.10078
2022-07-27T06:00:00.000000000,191.05,185.64058
2022-07-27T07:00:00.000000000,202.41,194.3977
2022-07-27T08:00:00.000000000,202.92,200.76319
2022-07-27T09:00:00.000000000,209.39,206.25859
2022-07-27T10:00:00.000000000,219.62,210.83208
2022-07-27T11:00:00.000000000,226.28,213.48068
2022-07-27T12:00:00.000000000,234.11,213.65356
2022-07-27T13:00:00.000000000,260.77,213.12702
2022-07-27T14:00:00.000000000,255.02,210.50683
2022-07-27T15:00:00.000000000,237.04,207.15201
2022-07-27T16:00:00.000000000,224.54,203.16133
2022-07-27T17:00:00.000000000,232.83,198.80568
2022-07-27T18:00:00.000000000,213.21,192.91182
2022-07-27T19:00:00.000000000,202.89,187.91892
2022-07-27T20:00:00.000000000,174.02,184.08006
2022-07-27T21:00:00.000000000,154.7,181.00139
2022-07-27T22:00:00.000000000,147.97,178.05438
2022-07-27T23:00:00.000000000,143.45,175.60585
2022-07-25T00:00:00.000000000,129.79,143.77546
2022-07-25T01:00:00.000000000,125.29,143.82868
2022-07-25T02:00:00.000000000,124.93,145.05825
2022-07-25T03:00:00.000000000,127.72,147.55564
2022-07-25T04:00:00.000000000,131.97,152.08388
2022-07-25T05:00:00.000000000,135.78,158.44285
2022-07-25T06:00:00.000000000,143.97,167.28378
2022-07-25T07:00:00.000000000,141.18,177.00156
2022-07-25T08:00:00.000000000,189.95,184.2098
2022-07-25T09:00:00.000000000,191.58,190.71991
2022-07-25T10:00:00.000000000,203.42,196.70205
2022-07-25T11:00:00.000000000,212.98,200.85446
2022-07-25T12:00:00.000000000,210.96,203.25152
2022-07-25T13:00:00.000000000,210.22,204.73696
2022-07-25T14:00:00.000000000,214.12,204.50179
2022-07-25T15:00:00.000000000,231.15,202.7435
2022-07-25T16:00:00.000000000,231.18,199.72494
2022-07-25T17:00:00.000000000,228.11,195.69144
2022-07-25T18:00:00.000000000,216.09,189.89925
2022-07-25T19:00:00.000000000,211.66,184.61435
2022-07-25T20:00:00.000000000,199.63,180.28758
2022-07-25T21:00:00.000000000,183.17,176.90711
2022-07-25T22:00:00.000000000,171.29,173.78232
2022-07-25T23:00:00.000000000,163.72,171.22973
2022-07-26T00:00:00.000000000,166.58,169.17552
2022-07-26T01:00:00.000000000,156.78,167.29193
2022-07-26T02:00:00.000000000,154.24,166.99375
2022-07-26T03:00:00.000000000,175.11,168.2581
2022-07-26T04:00:00.000000000,173.81,171.70853
2022-07-26T05:00:00.000000000,189.26,176.89964
2022-07-26T06:00:00.000000000,208.07,184.67755
2022-07-26T07:00:00.000000000,222.8,193.6863
2022-07-26T08:00:00.000000000,210.13,200.29845
2022-07-26T09:00:00.000000000,213.91,206.17153
2022-07-26T10:00:00.000000000,235.13,211.14484
2022-07-26T11:00:00.000000000,239.93,214.11035
2022-07-26T12:00:00.000000000,245.71,214.51864
2022-07-26T13:00:00.000000000,277.24,214.12873
2022-07-26T14:00:00.000000000,260.12,211.62185
2022-07-26T15:00:00.000000000,240.8,208.29344
2022-07-26T16:00:00.000000000,230.51,204.33511
2022-07-26T17:00:00.000000000,216.68,199.99701
2022-07-26T18:00:00.000000000,207.64,194.02625
2022-07-26T19:00:00.000000000,189.14,188.87129
2022-07-26T20:00:00.000000000,178.03,184.80199
2022-07-26T21:00:00.000000000,176.23,181.48122
2022-07-26T22:00:00.000000000,172.01,178.3883
2022-07-26T23:00:00.000000000,161.05,175.95686
2022-07-27T00:00:00.000000000,154.29,166.50514
2022-07-27T01:00:00.000000000,162.04,166.71717
2022-07-27T02:00:00.000000000,161.59,168.83245
2022-07-27T03:00:00.000000000,168.89,172.50789
2022-07-27T04:00:00.000000000,167.99,178.20677
2022-07-27T05:00:00.000000000,170.59,185.1207
2022-07-27T06:00:00.000000000,191.05,193.90021
2022-07-27T07:00:00.000000000,202.41,203.49615
2022-07-27T08:00:00.000000000,202.92,210.19357
2022-07-27T09:00:00.000000000,209.39,216.0649
2022-07-27T10:00:00.000000000,219.62,220.69938
2022-07-27T11:00:00.000000000,226.28,222.9036
2022-07-27T12:00:00.000000000,234.11,222.16298
2022-07-27T13:00:00.000000000,260.77,220.61536
2022-07-27T14:00:00.000000000,255.02,216.83296
2022-07-27T15:00:00.000000000,237.04,212.44873
2022-07-27T16:00:00.000000000,224.54,207.82295
2022-07-27T17:00:00.000000000,232.83,203.2163
2022-07-27T18:00:00.000000000,213.21,196.99696
2022-07-27T19:00:00.000000000,202.89,191.64798
2022-07-27T20:00:00.000000000,174.02,187.37261
2022-07-27T21:00:00.000000000,154.7,183.92203
2022-07-27T22:00:00.000000000,147.97,180.97569
2022-07-27T23:00:00.000000000,143.45,179.38118
2022-07-28T00:00:00.000000000,141.08,170.54268
2022-07-28T01:00:00.000000000,141.82,170.68762
2022-07-28T02:00:00.000000000,147.02,172.86758
2022-07-28T03:00:00.000000000,142.49,176.7136
2022-07-28T04:00:00.000000000,138.23,182.6043
2022-07-28T05:00:00.000000000,146.36,189.6255
2022-07-28T06:00:00.000000000,193.86,198.48096
2022-07-28T07:00:00.000000000,205.19,208.20317
2022-07-28T08:00:00.000000000,244.29,214.95746
2022-07-28T09:00:00.000000000,250.04,220.86955
2022-07-28T10:00:00.000000000,255.08,225.46517
2022-07-28T11:00:00.000000000,255.24,227.46089
2022-07-28T12:00:00.000000000,250.2,226.31088
2022-07-28T13:00:00.000000000,248.07,224.42239
2022-07-28T14:00:00.000000000,237.09,220.34128
2022-07-28T15:00:00.000000000,231.53,215.83398
2022-07-28T16:00:00.000000000,219.98,211.23187
2022-07-28T17:00:00.000000000,229.14,206.7308
2022-07-28T18:00:00.000000000,218.32,200.54196
2022-07-28T19:00:00.000000000,213.31,195.1335
2022-07-28T20:00:00.000000000,207.1,190.75871
2022-07-28T21:00:00.000000000,172.08,187.14195
2022-07-28T22:00:00.000000000,120.57,184.04946
2022-07-28T23:00:00.000000000,111.66,182.39905
2022-07-26T00:00:00.000000000,166.58,153.57695
2022-07-26T01:00:00.000000000,156.78,153.73352
2022-07-26T02:00:00.000000000,154.24,155.54597
2022-07-26T03:00:00.000000000,175.11,159.0506
2022-07-26T04:00:00.000000000,173.81,164.80809
2022-07-26T05:00:00.000000000,189.26,172.39731
2022-07-26T06:00:00.000000000,208.07,182.5958
2022-07-26T07:00:00.000000000,222.8,194.23602
2022-07-26T08:00:00.000000000,210.13,203.40699
2022-07-26T09:00:00.000000000,213.91,212.49368
2022-07-26T10:00:00.000000000,235.13,220.57585
2022-07-26T11:00:00.000000000,239.93,225.77285
2022-07-26T12:00:00.000000000,245.71,227.59011
2022-07-26T13:00:00.000000000,277.24,227.84793
2022-07-26T14:00:00.000000000,260.12,225.64383
2022-07-26T15:00:00.000000000,240.8,221.74136
2022-07-26T16:00:00.000000000,230.51,217.20056
2022-07-26T17:00:00.000000000,216.68,212.13972
2022-07-26T18:00:00.000000000,207.64,204.91275
2022-07-26T19:00:00.000000000,189.14,198.05027
2022-07-26T20:00:00.000000000,178.03,192.04834
2022-07-26T21:00:00.000000000,176.23,187.04768
2022-07-26T22:00:00.000000000,172.01,182.89625
2022-07-26T23:00:00.000000000,161.05,180.55861
2022-07-27T00:00:00.000000000,154.29,167.94272
2022-07-27T01:00:00.000000000,162.04,168.75711
2022-07-27T02:00:00.000000000,161.59,171.62872
2022-07-27T03:00:00.000000000,168.89,176.03842
2022-07-27T04:00:00.000000000,167.99,182.33605
2022-07-27T05:00:00.000000000,170.59,189.59029
2022-07-27T06:00:00.000000000,191.05,198.52025
2022-07-27T07:00:00.000000000,202.41,208.15681
2022-07-27T08:00:00.000000000,202.92,214.75438
2022-07-27T09:00:00.000000000,209.39,220.64482
2022-07-27T10:00:00.000000000,219.62,225.2182
2022-07-27T11:00:00.000000000,226.28,227.19946
2022-07-27T12:00:00.000000000,234.11,225.98295
2022-07-27T13:00:00.000000000,260.77,223.95076
2022-07-27T14:00:00.000000000,255.02,219.65475
2022-07-27T15:00:00.000000000,237.04,214.9408
2022-07-27T16:00:00.000000000,224.54,210.23782
2022-07-27T17:00:00.000000000,232.83,205.72237
2022-07-27T18:00:00.000000000,213.21,199.46748
2022-07-27T19:00:00.000000000,202.89,193.95371
2022-07-27T20:00:00.000000000,174.02,189.41323
2022-07-27T21:00:00.000000000,154.7,185.61549
2022-07-27T22:00:00.000000000,147.97,182.52223
2022-07-27T23:00:00.000000000,143.45,181.19271
2022-07-28T00:00:00.000000000,141.08,171.20668
2022-07-28T01:00:00.000000000,141.82,172.12558
2022-07-28T02:00:00.000000000,147.02,175.09122
2022-07-28T03:00:00.000000000,142.49,179.48567
2022-07-28T04:00:00.000000000,138.23,185.64119
2022-07-28T05:00:00.000000000,146.36,192.55784
2022-07-28T06:00:00.000000000,193.86,201.00885
2022-07-28T07:00:00.000000000,205.19,210.20347
2022-07-28T08:00:00.000000000,244.29,216.44689
2022-07-28T09:00:00.000000000,250.04,221.88966
2022-07-28T10:00:00.000000000,255.08,226.09067
2022-07-28T11:00:00.000000000,255.24,227.79359
2022-07-28T12:00:00.000000000,250.2,226.34433
2022-07-28T13:00:00.000000000,248.07,224.15417
2022-07-28T14:00:00.000000000,237.09,219.82231
2022-07-28T15:00:00.000000000,231.53,215.25772
2022-07-28T16:00:00.000000000,219.98,210.76087
2022-07-28T17:00:00.000000000,229.14,206.52723
2022-07-28T18:00:00.000000000,218.32,200.52511
2022-07-28T19:00:00.000000000,213.31,195.20448
2022-07-28T20:00:00.000000000,207.1,190.78064
2022-07-28T21:00:00.000000000,172.08,187.05779
2022-07-28T22:00:00.000000000,120.57,184.01956
2022-07-28T23:00:00.000000000,111.66,182.63207
2022-07-29T00:00:00.000000000,95.95,171.25522
2022-07-29T01:00:00.000000000,104.99,171.37454
2022-07-29T02:00:00.000000000,129.87,173.68575
2022-07-29T03:00:00.000000000,148.6,177.79992
2022-07-29T04:00:00.000000000,186.62,184.07223
2022-07-29T05:00:00.000000000,205.2,191.55549
2022-07-29T06:00:00.000000000,208.74,200.98792
2022-07-29T07:00:00.000000000,221.77,211.27284
2022-07-29T08:00:00.000000000,235.79,218.48176
2022-07-29T09:00:00.000000000,257.09,225.02926
2022-07-29T10:00:00.000000000,269.91,230.10221
2022-07-29T11:00:00.000000000,271.31,232.29169
2022-07-29T12:00:00.000000000,268.75,230.98789
2022-07-29T13:00:00.000000000,274.2,228.81476
2022-07-29T14:00:00.000000000,235.51,224.24928
2022-07-29T15:00:00.000000000,218.46,219.19468
2022-07-29T16:00:00.000000000,205.4,214.17882
2022-07-29T17:00:00.000000000,196.91,209.32337
2022-07-29T18:00:00.000000000,192.19,202.69358
2022-07-29T19:00:00.000000000,180.78,196.82363
2022-07-29T20:00:00.000000000,174.69,192.01569
2022-07-29T21:00:00.000000000,161.66,187.98028
2022-07-29T22:00:00.000000000,157.17,184.63167
2022-07-29T23:00:00.000000000,161.37,183.13474
2022-07-27T00:00:00.000000000,154.29,147.63581
2022-07-27T01:00:00.000000000,162.04,150.61168
2022-07-27T02:00:00.000000000,161.59,155.86197
2022-07-27T03:00:00.000000000,168.89,163.07173
2022-07-27T04:00:00.000000000,167.99,172.50088
2022-07-27T05:00:00.000000000,170.59,183.10326
2022-07-27T06:00:00.000000000,191.05,195.09453
2022-07-27T07:00:00.000000000,202.41,207.26201
2022-07-27T08:00:00.000000000,202.92,215.4323
2022-07-27T09:00:00.000000000,209.39,222.92998
2022-07-27T10:00:00.000000000,219.62,228.85093
2022-07-27T11:00:00.000000000,226.28,231.42211
2022-07-27T12:00:00.000000000,234.11,230.9165
2022-07-27T13:00:00.000000000,260.77,229.61992
2022-07-27T14:00:00.000000000,255.02,226.22118
2022-07-27T15:00:00.000000000,237.04,221.97975
2022-07-27T16:00:00.000000000,224.54,217.46337
2022-07-27T17:00:00.000000000,232.83,212.78777
2022-07-27T18:00:00.000000000,213.21,206.18575
2022-07-27T19:00:00.000000000,202.89,200.05904
2022-07-27T20:00:00.000000000,174.02,194.81939
2022-07-27T21:00:00.000000000,154.7,190.51295
2022-07-27T22:00:00.000000000,147.97,187.09475
2022-07-27T23:00:00.000000000,143.45,186.13756
2022-07-28T00:00:00.000000000,141.08,174.78482
2022-07-28T01:00:00.000000000,141.82,173.3116
2022-07-28T02:00:00.000000000,147.02,173.8406
2022-07-28T03:00:00.000000000,142.49,176.25171
2022-07-28T04:00:00.000000000,138.23,181.03209
2022-07-28T05:00:00.000000000,146.36,187.43871
2022-07-28T06:00:00.000000000,193.86,196.14389
2022-07-28T07:00:00.000000000,205.19,205.87006
2022-07-28T08:00:00.000000000,244.29,212.73127
2022-07-28T09:00:00.000000000,250.04,218.6321
2022-07-28T10:00:00.000000000,255.08,223.12246
2022-07-28T11:00:00.000000000,255.24,225.14824
2022-07-28T12:00:00.000000000,250.2,224.13925
2022-07-28T13:00:00.000000000,248.07,222.38907
2022-07-28T14:00:00.000000000,237.09,218.27325
2022-07-28T15:00:00.000000000,231.53,213.58414
2022-07-28T16:00:00.000000000,219.98,208.63695
2022-07-28T17:00:00.000000000,229.14,203.68641
2022-07-28T18:00:00.000000000,218.32,197.30671
2022-07-28T19:00:00.000000000,213.31,191.99683
2022-07-28T20:00:00.000000000,207.1,188.00974
2022-07-28T21:00:00.000000000,172.08,184.84233
2022-07-28T22:00:00.000000000,120.57,181.92834
2022-07-28T23:00:00.000000000,111.66,180.01252
2022-07-29T00:00:00.000000000,95.95,169.54284
2022-07-29T01:00:00.000000000,104.99,169.74315
2022-07-29T02:00:00.000000000,129.87,172.02816
2022-07-29T03:00:00.000000000,148.6,176.01969
2022-07-29T04:00:00.000000000,186.62,182.08768
2022-07-29T05:00:00.000000000,205.2,189.32704
2022-07-29T06:00:00.000000000,208.74,198.39509
2022-07-29T07:00:00.000000000,221.77,208.22818
2022-07-29T08:00:00.000000000,235.79,214.9767
2022-07-29T09:00:00.000000000,257.09,220.89908
2022-07-29T10:00:00.000000000,269.91,225.44323
2022-07-29T11:00:00.000000000,271.31,227.35513
2022-07-29T12:00:00.000000000,268.75,226.13026
2022-07-29T13:00:00.000000000,274.2,224.169
2022-07-29T14:00:00.000000000,235.51,219.96513
2022-07-29T15:00:00.000000000,218.46,215.33275
2022-07-29T16:00:00.000000000,205.4,210.62777
2022-07-29T17:00:00.000000000,196.91,206.03778
2022-07-29T18:00:00.000000000,192.19,199.80043
2022-07-29T19:00:00.000000000,180.78,194.38657
2022-07-29T20:00:00.000000000,174.69,190.05126
2022-07-29T21:00:00.000000000,161.66,186.46978
2022-07-29T22:00:00.000000000,157.17,183.42555
2022-07-29T23:00:00.000000000,161.37,181.90921
2022-07-30T00:00:00.000000000,154.95,169.8923
2022-07-30T01:00:00.000000000,153.71,169.7485
2022-07-30T02:00:00.000000000,157.15,171.5729
2022-07-30T03:00:00.000000000,160.71,175.03088
2022-07-30T04:00:00.000000000,170.99,180.56373
2022-07-30T05:00:00.000000000,184.85,187.33958
2022-07-30T06:00:00.000000000,208.44,196.01814
2022-07-30T07:00:00.000000000,211.2,205.52966
2022-07-30T08:00:00.000000000,198.12,212.11425
2022-07-30T09:00:00.000000000,222.68,217.81951
2022-07-30T10:00:00.000000000,232.33,222.23264
2022-07-30T11:00:00.000000000,238.43,224.19768
2022-07-30T12:00:00.000000000,236.41,223.1794
2022-07-30T13:00:00.000000000,235.6,221.41849
2022-07-30T14:00:00.000000000,221.22,217.41331
2022-07-30T15:00:00.000000000,204.95,212.91673
2022-07-30T16:00:00.000000000,205.15,208.23942
2022-07-30T17:00:00.000000000,194.12,203.62411
2022-07-30T18:00:00.000000000,205.1,197.43926
2022-07-30T19:00:00.000000000,189.1,192.16422
2022-07-30T20:00:00.000000000,173.83,188.01226
2022-07-30T21:00:00.000000000,162.87,184.65041
2022-07-30T22:00:00.000000000,154.45,181.7365
2022-07-30T23:00:00.000000000,156.05,180.11492
2022-07-28T00:00:00.000000000,141.08,136.64533
2022-07-28T01:00:00.000000000,141.82,138.97624
2022-07-28T02:00:00.000000000,147.02,143.2183
2022-07-28T03:00:00.000000000,142.49,149.43903
2022-07-28T04:00:00.000000000,138.23,158.17001
2022-07-28T05:00:00.000000000,146.36,168.78026
2022-07-28T06:00:00.000000000,193.86,181.30639
2022-07-28T07:00:00.000000000,205.19,194.21769
2022-07-28T08:00:00.000000000,244.29,203.37676
2022-07-28T09:00:00.000000000,250.04,211.81487
2022-07-28T10:00:00.000000000,255.08,218.93345
2022-07-28T11:00:00.000000000,255.24,222.85083
2022-07-28T12:00:00.000000000,250.2,224.21192
2022-07-28T13:00:00.000000000,248.07,224.52681
2022-07-28T14:00:00.000000000,237.09,222.9216
2022-07-28T15:00:00.000000000,231.53,219.78461
2022-07-28T16:00:00.000000000,219.98,215.73662
2022-07-28T17:00:00.000000000,229.14,210.92163
2022-07-28T18:00:00.000000000,218.32,204.20643
2022-07-28T19:00:00.000000000,213.31,197.90074
2022-07-28T20:00:00.000000000,207.1,192.5558
2022-07-28T21:00:00.000000000,172.08,188.38316
2022-07-28T22:00:00.000000000,120.57,184.86998
2022-07-28T23:00:00.000000000,111.66,183.28324
2022-07-29T00:00:00.000000000,95.95,171.52827
2022-07-29T01:00:00.000000000,104.99,170.59962
2022-07-29T02:00:00.000000000,129.87,171.75754
2022-07-29T03:00:00.000000000,148.6,174.85466
2022-07-29T04:00:00.000000000,186.62,180.31892
2022-07-29T05:00:00.000000000,205.2,187.35637
2022-07-29T06:00:00.000000000,208.74,196.5894
2022-07-29T07:00:00.000000000,221.77,206.69773
2022-07-29T08:00:00.000000000,235.79,213.72572
2022-07-29T09:00:00.000000000,257.09,219.84793
2022-07-29T10:00:00.000000000,269.91,224.50975
2022-07-29T11:00:00.000000000,271.31,226.5534
2022-07-29T12:00:00.000000000,268.75,225.53189
2022-07-29T13:00:00.000000000,274.2,223.7803
2022-07-29T14:00:00.000000000,235.51,219.68466
2022-07-29T15:00:00.000000000,218.46,215.01452
2022-07-29T16:00:00.000000000,205.4,210.12532
2022-07-29T17:00:00.000000000,196.91,205.22869
2022-07-29T18:00:00.000000000,192.19,198.83614
2022-07-29T19:00:00.000000000,180.78,193.42077
2022-07-29T20:00:00.000000000,174.69,189.27993
2022-07-29T21:00:00.000000000,161.66,185.93812
2022-07-29T22:00:00.000000000,157.17,182.93718
2022-07-29T23:00:00.000000000,161.37,181.17276
2022-07-30T00:00:00.000000000,154.95,168.95378
2022-07-30T01:00:00.000000000,153.71,168.90786
2022-07-30T02:00:00.000000000,157.15,170.85665
2022-07-30T03:00:00.000000000,160.71,174.48029
2022-07-30T04:00:00.000000000,170.99,180.20303
2022-07-30T05:00:00.000000000,184.85,187.17897
2022-07-30T06:00:00.000000000,208.44,196.04109
2022-07-30T07:00:00.000000000,211.2,205.68924
2022-07-30T08:00:00.000000000,198.12,212.32876
2022-07-30T09:00:00.000000000,222.68,218.0718
2022-07-30T10:00:00.000000000,232.33,222.49837
2022-07-30T11:00:00.000000000,238.43,224.43623
2022-07-30T12:00:00.000000000,236.41,223.40674
2022-07-30T13:00:00.000000000,235.6,221.65823
2022-07-30T14:00:00.000000000,221.22,217.68731
2022-07-30T15:00:00.000000000,204.95,213.22734
2022-07-30T16:00:00.000000000,205.15,208.583
2022-07-30T17:00:00.000000000,194.12,203.98436
2022-07-30T18:00:00.000000000,205.1,197.81601
2022-07-30T19:00:00.000000000,189.1,192.53865
2022-07-30T20:00:00.000000000,173.83,188.38614
2022-07-30T21:00:00.000000000,162.87,185.02014
2022-07-30T22:00:00.000000000,154.45,182.0983
2022-07-30T23:00:00.000000000,156.05,180.49708
2022-07-31T00:00:00.000000000,152.87,170.72135
2022-07-31T01:00:00.000000000,150.83,170.54634
2022-07-31T02:00:00.000000000,154.57,172.33377
2022-07-31T03:00:00.000000000,156.32,175.77243
2022-07-31T04:00:00.000000000,168.47,181.28322
2022-07-31T05:00:00.000000000,187.17,188.00313
2022-07-31T06:00:00.000000000,213.26,196.6028
2022-07-31T07:00:00.000000000,217.29,206.068
2022-07-31T08:00:00.000000000,216.87,212.61443
2022-07-31T09:00:00.000000000,235.01,218.20972
2022-07-31T10:00:00.000000000,232.95,222.53926
2022-07-31T11:00:00.000000000,244.99,224.42901
2022-07-31T12:00:00.000000000,242.23,223.37296
2022-07-31T13:00:00.000000000,236.22,221.64096
2022-07-31T14:00:00.000000000,228.65,217.75606
2022-07-31T15:00:00.000000000,210.0,213.43463
2022-07-31T16:00:00.000000000,201.5,208.91838
2022-07-31T17:00:00.000000000,197.47,204.43776
2022-07-31T18:00:00.000000000,217.51,198.37328
2022-07-31T19:00:00.000000000,209.64,193.1702
2022-07-31T20:00:00.000000000,185.41,189.06498
2022-07-31T21:00:00.000000000,164.6,185.73594
2022-07-31T22:00:00.000000000,168.78,182.80469
2022-07-31T23:00:00.000000000,174.82,181.0686
2022-07-29T00:00:00.000000000,95.95,113.4147
2022-07-29T01:00:00.000000000,104.99,117.69652
2022-07-29T02:00:00.000000000,129.87,122.66574
2022-07-29T03:00:00.000000000,148.6,128.21392
2022-07-29T04:00:00.000000000,186.62,135.0416
2022-07-29T05:00:00.000000000,205.2,143.92783
2022-07-29T06:00:00.000000000,208.74,154.62531
2022-07-29T07:00:00.000000000,221.77,166.93343
2022-07-29T08:00:00.000000000,235.79,177.37472
2022-07-29T09:00:00.000000000,257.09,189.10535
2022-07-29T10:00:00.000000000,269.91,200.40191
2022-07-29T11:00:00.000000000,271.31,207.93409
2022-07-29T12:00:00.000000000,268.75,212.19173
2022-07-29T13:00:00.000000000,274.2,213.82699
2022-07-29T14:00:00.000000000,235.51,213.94108
2022-07-29T15:00:00.000000000,218.46,211.68174
2022-07-29T16:00:00.000000000,205.4,208.66685
2022-07-29T17:00:00.000000000,196.91,204.46925
2022-07-29T18:00:00.000000000,192.19,197.33211
2022-07-29T19:00:00.000000000,180.78,189.85659
2022-07-29T20:00:00.000000000,174.69,182.48496
2022-07-29T21:00:00.000000000,161.66,176.61819
2022-07-29T22:00:00.000000000,157.17,172.54799
2022-07-29T23:00:00.000000000,161.37,171.69065
2022-07-30T00:00:00.000000000,154.95,168.34859
2022-07-30T01:00:00.000000000,153.71,165.46917
2022-07-30T02:00:00.000000000,157.15,164.14103
2022-07-30T03:00:00.000000000,160.71,164.65349
2022-07-30T04:00:00.000000000,170.99,167.58892
2022-07-30T05:00:00.000000000,184.85,172.61754
2022-07-30T06:00:00.000000000,208.44,180.58024
2022-07-30T07:00:00.000000000,211.2,189.72965
2022-07-30T08:00:00.000000000,198.12,196.31198
2022-07-30T09:00:00.000000000,222.68,201.91531
2022-07-30T10:00:00.000000000,232.33,206.68656
2022-07-30T11:00:00.000000000,238.43,209.59404
2022-07-30T12:00:00.000000000,236.41,210.40118
2022-07-30T13:00:00.000000000,235.6,210.68623
2022-07-30T14:00:00.000000000,221.22,209.1742
2022-07-30T15:00:00.000000000,204.95,206.8364
2022-07-30T16:00:00.000000000,205.15,203.60523
2022-07-30T17:00:00.000000000,194.12,199.59778
2022-07-30T18:00:00.000000000,205.1,194.00229
2022-07-30T19:00:00.000000000,189.1,189.04546
2022-07-30T20:00:00.000000000,173.83,185.24711
2022-07-30T21:00:00.000000000,162.87,182.14125
2022-07-30T22:00:00.000000000,154.45,178.97379
2022-07-30T23:00:00.000000000,156.05,176.02567
2022-07-31T00:00:00.000000000,152.87,173.49792
2022-07-31T01:00:00.000000000,150.83,170.75107
2022-07-31T02:00:00.000000000,154.57,169.57112
2022-07-31T03:00:00.000000000,156.32,170.10804
2022-07-31T04:00:00.000000000,168.47,172.8919
2022-07-31T05:00:00.000000000,187.17,177.46785
2022-07-31T06:00:00.000000000,213.26,184.72958
2022-07-31T07:00:00.000000000,217.29,193.22034
2022-07-31T08:00:00.000000000,216.87,199.27108
2022-07-31T09:00:00.000000000,235.01,204.28202
2022-07-31T10:00:00.000000000,232.95,208.48358
2022-07-31T11:00:00.000000000,244.99,210.90126
2022-07-31T12:00:00.000000000,242.23,211.13325
2022-07-31T13:00:00.000000000,236.22,210.94981
2022-07-31T14:00:00.000000000,228.65,208.95738
2022-07-31T15:00:00.000000000,210.0,206.37795
2022-07-31T16:00:00.000000000,201.5,203.0628
2022-07-31T17:00:00.000000000,197.47,199.14785
2022-07-31T18:00:00.000000000,217.51,193.67829
2022-07-31T19:00:00.000000000,209.64,188.92731
2022-07-31T20:00:00.000000000,185.41,185.31459
2022-07-31T21:00:00.000000000,164.6,182.35443
2022-07-31T22:00:00.000000000,168.78,179.3169
2022-07-31T23:00:00.000000000,174.82,176.44644
2022-08-01T00:00:00.000000000,181.73,160.10313
2022-08-01T01:00:00.000000000,172.3,158.28763
2022-08-01T02:00:00.000000000,180.34,157.48365
2022-08-01T03:00:00.000000000,178.17,157.63438
2022-08-01T04:00:00.000000000,200.39,159.12955
2022-08-01T05:00:00.000000000,203.87,161.86245
2022-08-01T06:00:00.000000000,213.61,166.40809
2022-08-01T07:00:00.000000000,212.63,172.16959
2022-08-01T08:00:00.000000000,264.4,176.46883
2022-08-01T09:00:00.000000000,272.7,179.94715
2022-08-01T10:00:00.000000000,265.87,183.01298
2022-08-01T11:00:00.000000000,251.82,185.15529
2022-08-01T12:00:00.000000000,243.5,185.46044
2022-08-01T13:00:00.000000000,243.41,184.71097
2022-08-01T14:00:00.000000000,253.13,181.6242
2022-08-01T15:00:00.000000000,233.87,177.72642
2022-08-01T16:00:00.000000000,213.8,173.59141
2022-08-01T17:00:00.000000000,203.32,169.43228
2022-08-01T18:00:00.000000000,186.46,164.45273
2022-08-01T19:00:00.000000000,172.25,160.76481
2022-08-01T20:00:00.000000000,161.56,158.42115
2022-08-01T21:00:00.000000000,158.76,156.88628
2022-08-01T22:00:00.000000000,162.01,155.28838
2022-08-01T23:00:00.000000000,166.79,153.74494
2022-07-30T00:00:00.000000000,154.95,146.13387
2022-07-30T01:00:00.000000000,153.71,148.88259
2022-07-30T02:00:00.000000000,157.15,153.61006
2022-07-30T03:00:00.000000000,160.71,160.08183
2022-07-30T04:00:00.000000000,170.99,168.62022
2022-07-30T05:00:00.000000000,184.85,178.33742
2022-07-30T06:00:00.000000000,208.44,189.52707
2022-07-30T07:00:00.000000000,211.2,201.09118
2022-07-30T08:00:00.000000000,198.12,209.02257
2022-07-30T09:00:00.000000000,222.68,216.42725
2022-07-30T10:00:00.000000000,232.33,222.38049
2022-07-30T11:00:00.000000000,238.43,225.32851
2022-07-30T12:00:00.000000000,236.41,225.28357
2022-07-30T13:00:00.000000000,235.6,224.28114
2022-07-30T14:00:00.000000000,221.22,220.96914
2022-07-30T15:00:00.000000000,204.95,216.59963
2022-07-30T16:00:00.000000000,205.15,211.83984
2022-07-30T17:00:00.000000000,194.12,206.96683
2022-07-30T18:00:00.000000000,205.1,200.2937
2022-07-30T19:00:00.000000000,189.1,194.31997
2022-07-30T20:00:00.000000000,173.83,189.2559
2022-07-30T21:00:00.000000000,162.87,185.21384
2022-07-30T22:00:00.000000000,154.45,182.05797
2022-07-30T23:00:00.000000000,156.05,181.18723
2022-07-31T00:00:00.000000000,152.87,175.42021
2022-07-31T01:00:00.000000000,150.83,172.29105
2022-07-31T02:00:00.000000000,154.57,170.82754
2022-07-31T03:00:00.000000000,156.32,171.18064
2022-07-31T04:00:00.000000000,168.47,173.91855
2022-07-31T05:00:00.000000000,187.17,178.6466
2022-07-31T06:00:00.000000000,213.26,186.27303
2022-07-31T07:00:00.000000000,217.29,195.22802
2022-07-31T08:00:00.000000000,216.87,201.73555
2022-07-31T09:00:00.000000000,235.01,207.38434
2022-07-31T10:00:00.000000000,232.95,212.0666
2022-07-31T11:00:00.000000000,244.99,214.77614
2022-07-31T12:00:00.000000000,242.23,214.98462
2022-07-31T13:00:00.000000000,236.22,214.55806
2022-07-31T14:00:00.000000000,228.65,212.08124
2022-07-31T15:00:00.000000000,210.0,208.92984
2022-07-31T16:00:00.000000000,201.5,205.13932
2022-07-31T17:00:00.000000000,197.47,200.88074
2022-07-31T18:00:00.000000000,217.51,195.05571
2022-07-31T19:00:00.000000000,209.64,190.03519
2022-07-31T20:00:00.000000000,185.41,186.20151
2022-07-31T21:00:00.000000000,164.6,183.03138
2022-07-31T22:00:00.000000000,168.78,179.89374
2022-07-31T23:00:00.000000000,174.82,177.14817
2022-08-01T00:00:00.000000000,181.73,172.23051
2022-08-01T01:00:00.000000000,172.3,169.96572
2022-08-01T02:00:00.000000000,180.34,168.95567
2022-08-01T03:00:00.000000000,178.17,169.28832
2022-08-01T04:00:00.000000000,200.39,171.46323
2022-08-01T05:00:00.000000000,203.87,174.94736
2022-08-01T06:00:00.000000000,213.61,180.72046
2022-08-01T07:00:00.000000000,212.63,187.48701
2022-08-01T08:00:00.000000000,264.4,191.91395
2022-08-01T09:00:00.000000000,272.7,195.16637
2022-08-01T10:00:00.000000000,265.87,197.97729
2022-08-01T11:00:00.000000000,251.82,199.52674
2022-08-01T12:00:00.000000000,243.5,199.73134
2022-08-01T13:00:00.000000000,243.41,200.08471
2022-08-01T14:00:00.000000000,253.13,198.94416
2022-08-01T15:00:00.000000000,233.87,197.46311
2022-08-01T16:00:00.000000000,213.8,195.05323
2022-08-01T17:00:00.000000000,203.32,191.84371
2022-08-01T18:00:00.000000000,186.46,187.17642
2022-08-01T19:00:00.000000000,172.25,183.21356
2022-08-01T20:00:00.000000000,161.56,180.44416
2022-08-01T21:00:00.000000000,158.76,178.24868
2022-08-01T22:00:00.000000000,162.01,175.78859
2022-08-01T23:00:00.000000000,166.79,172.96582
2022-08-02T00:00:00.000000000,146.47,163.63347
2022-08-02T01:00:00.000000000,156.43,162.27566
2022-08-02T02:00:00.000000000,141.57,160.72288
2022-08-02T03:00:00.000000000,146.77,159.55478
2022-08-02T04:00:00.000000000,149.41,158.07205
2022-08-02T05:00:00.000000000,179.46,156.49179
2022-08-02T06:00:00.000000000,200.35,155.55006
2022-08-02T07:00:00.000000000,208.62,155.95063
2022-08-02T08:00:00.000000000,223.55,155.43429
2022-08-02T09:00:00.000000000,228.84,154.55225
2022-08-02T10:00:00.000000000,219.23,153.72362
2022-08-02T11:00:00.000000000,199.67,152.5397
2022-08-02T12:00:00.000000000,205.34,150.55546
2022-08-02T13:00:00.000000000,202.35,148.67385
2022-08-02T14:00:00.000000000,206.2,145.96771
2022-08-02T15:00:00.000000000,195.43,144.308
2022-08-02T16:00:00.000000000,182.52,142.90399
2022-08-02T17:00:00.000000000,161.17,141.32872
2022-08-02T18:00:00.000000000,168.62,138.74122
2022-08-02T19:00:00.000000000,157.57,136.84907
2022-08-02T20:00:00.000000000,154.64,135.33696
2022-08-02T21:00:00.000000000,152.92,134.81774
2022-08-02T22:00:00.000000000,148.92,134.50997
2022-08-02T23:00:00.000000000,134.75,134.62859
2022-07-31T00:00:00.000000000,152.87,147.91121
2022-07-31T01:00:00.000000000,150.83,151.49211
2022-07-31T02:00:00.000000000,154.57,156.91078
2022-07-31T03:00:00.000000000,156.32,163.57453
2022-07-31T04:00:00.000000000,168.47,171.76038
2022-07-31T05:00:00.000000000,187.17,180.5443
2022-07-31T06:00:00.000000000,213.26,190.33941
2022-07-31T07:00:00.000000000,217.29,200.25291
2022-07-31T08:00:00.000000000,216.87,206.639
2022-07-31T09:00:00.000000000,235.01,212.25363
2022-07-31T10:00:00.000000000,232.95,216.64872
2022-07-31T11:00:00.000000000,244.99,218.65179
2022-07-31T12:00:00.000000000,242.23,218.13607
2022-07-31T13:00:00.000000000,236.22,216.854
2022-07-31T14:00:00.000000000,228.65,213.54889
2022-07-31T15:00:00.000000000,210.0,209.61497
2022-07-31T16:00:00.000000000,201.5,205.40938
2022-07-31T17:00:00.000000000,197.47,201.22314
2022-07-31T18:00:00.000000000,217.51,195.36134
2022-07-31T19:00:00.000000000,209.64,190.16208
2022-07-31T20:00:00.000000000,185.41,185.79668
2022-07-31T21:00:00.000000000,164.6,182.33447
2022-07-31T22:00:00.000000000,168.78,179.68454
2022-07-31T23:00:00.000000000,174.82,179.02646
2022-08-01T00:00:00.000000000,181.73,174.85309
2022-08-01T01:00:00.000000000,172.3,172.77377
2022-08-01T02:00:00.000000000,180.34,172.05954
2022-08-01T03:00:00.000000000,178.17,172.59146
2022-08-01T04:00:00.000000000,200.39,174.97447
2022-08-01T05:00:00.000000000,203.87,178.70559
2022-08-01T06:00:00.000000000,213.61,184.71903
2022-08-01T07:00:00.000000000,212.63,191.75408
2022-08-01T08:00:00.000000000,264.4,196.46134
2022-08-01T09:00:00.000000000,272.7,200.12137
2022-08-01T10:00:00.000000000,265.87,203.1553
2022-08-01T11:00:00.000000000,251.82,204.81442
2022-08-01T12:00:00.000000000,243.5,204.72941
2022-08-01T13:00:00.000000000,243.41,204.44625
2022-08-01T14:00:00.000000000,253.13,202.37859
2022-08-01T15:00:00.000000000,233.87,199.96653
2022-08-01T16:00:00.000000000,213.8,196.80869
2022-08-01T17:00:00.000000000,203.32,193.13844
2022-08-01T18:00:00.000000000,186.46,188.04231
2022-08-01T19:00:00.000000000,172.25,183.8495
2022-08-01T20:00:00.000000000,161.56,180.859
2022-08-01T21:00:00.000000000,158.76,178.50994
2022-08-01T22:00:00.000000000,162.01,176.08105
2022-08-01T23:00:00.000000000,166.79,173.6386
2022-08-02T00:00:00.000000000,146.47,161.06619
2022-08-02T01:00:00.000000000,156.43,158.85446
2022-08-02T02:00:00.000000000,141.57,157.3781
2022-08-02T03:00:00.000000000,146.77,156.68576
2022-08-02T04:00:00.000000000,149.41,157.10534
2022-08-02T05:00:00.000000000,179.46,158.62941
2022-08-02T06:00:00.000000000,200.35,162.10877
2022-08-02T07:00:00.000000000,208.62,167.10908
2022-08-02T08:00:00.000000000,223.55,171.08648
2022-08-02T09:00:00.000000000,228.84,174.52993
2022-08-02T10:00:00.000000000,219.23,177.79312
2022-08-02T11:00:00.000000000,199.67,180.29957
2022-08-02T12:00:00.000000000,205.34,180.91923
2022-08-02T13:00:00.000000000,202.35,180.52727
2022-08-02T14:00:00.000000000,206.2,177.98889
2022-08-02T15:00:00.000000000,195.43,174.71398
2022-08-02T16:00:00.000000000,182.52,171.1348
2022-08-02T17:00:00.000000000,161.17,167.39461
2022-08-02T18:00:00.000000000,168.62,162.52537
2022-08-02T19:00:00.000000000,157.57,158.68234
2022-08-02T20:00:00.000000000,154.64,155.86085
2022-08-02T21:00:00.000000000,152.92,153.83899
2022-08-02T22:00:00.000000000,148.92,151.91941
2022-08-02T23:00:00.000000000,134.75,150.19898
2022-08-03T00:00:00.000000000,128.53,145.81312
2022-08-03T01:00:00.000000000,127.8,145.36816
2022-08-03T02:00:00.000000000,127.69,145.89812
2022-08-03T03:00:00.000000000,133.4,147.2941
2022-08-03T04:00:00.000000000,137.06,150.08122
2022-08-03T05:00:00.000000000,144.96,154.09309
2022-08-03T06:00:00.000000000,160.34,159.81978
2022-08-03T07:00:00.000000000,144.39,166.5384
2022-08-03T08:00:00.000000000,164.22,171.58101
2022-08-03T09:00:00.000000000,173.28,175.93439
2022-08-03T10:00:00.000000000,184.22,179.83488
2022-08-03T11:00:00.000000000,194.17,182.60074
2022-08-03T12:00:00.000000000,183.21,183.5888
2022-08-03T13:00:00.000000000,187.16,183.50895
2022-08-03T14:00:00.000000000,181.88,181.11623
2022-08-03T15:00:00.000000000,168.2,177.52518
2022-08-03T16:00:00.000000000,160.34,173.46898
2022-08-03T17:00:00.000000000,151.42,169.35449
2022-08-03T18:00:00.000000000,155.47,164.30304
2022-08-03T19:00:00.000000000,169.62,160.50513
2022-08-03T20:00:00.000000000,158.88,157.99396
2022-08-03T21:00:00.000000000,151.42,156.24584
2022-08-03T22:00:00.000000000,158.62,154.56116
2022-08-03T23:00:00.000000000,163.06,153.00985
2022-08-01T00:00:00.000000000,181.73,164.51307
2022-08-01T01:00:00.000000000,172.3,166.38103
2022-08-01T02:00:00.000000000,180.34,170.24445
2022-08-01T03:00:00.000000000,178.17,175.42064
2022-08-01T04:00:00.000000000,200.39,182.10457
2022-08-01T05:00:00.000000000,203.87,189.34272
2022-08-01T06:00:00.000000000,213.61,197.7122
2022-08-01T07:00:00.000000000,212.63,206.35715
2022-08-01T08:00:00.000000000,264.4,211.66117
2022-08-01T09:00:00.000000000,272.7,215.99237
2022-08-01T10:00:00.000000000,265.87,219.08336
2022-08-01T11:00:00.000000000,251.82,220.01
2022-08-01T12:00:00.000000000,243.5,218.38715
2022-08-01T13:00:00.000000000,243.41,216.24447
2022-08-01T14:00:00.000000000,253.13,212.06262
2022-08-01T15:00:00.000000000,233.87,207.82356
2022-08-01T16:00:00.000000000,213.8,203.62431
2022-08-01T17:00:00.000000000,203.32,199.68758
2022-08-01T18:00:00.000000000,186.46,194.30035
2022-08-01T19:00:00.000000000,172.25,189.76105
2022-08-01T20:00:00.000000000,161.56,186.23151
2022-08-01T21:00:00.000000000,158.76,183.36383
2022-08-01T22:00:00.000000000,162.01,180.99205
2022-08-01T23:00:00.000000000,166.79,180.11879
2022-08-02T00:00:00.000000000,146.47,162.60111
2022-08-02T01:00:00.000000000,156.43,160.49108
2022-08-02T02:00:00.000000000,141.57,159.35586
2022-08-02T03:00:00.000000000,146.77,159.19173
2022-08-02T04:00:00.000000000,149.41,160.29536
2022-08-02T05:00:00.000000000,179.46,162.61242
2022-08-02T06:00:00.000000000,200.35,166.74229
2022-08-02T07:00:00.000000000,208.62,172.15325
2022-08-02T08:00:00.000000000,223.55,176.1924
2022-08-02T09:00:00.000000000,228.84,179.40947
2022-08-02T10:00:00.000000000,219.23,182.24436
2022-08-02T11:00:00.000000000,199.67,184.24825
2022-08-02T12:00:00.000000000,205.34,184.43229
2022-08-02T13:00:00.000000000,202.35,183.56679
2022-08-02T14:00:00.000000000,206.2,180.38705
2022-08-02T15:00:00.000000000,195.43,176.47876
2022-08-02T16:00:00.000000000,182.52,172.39151
2022-08-02T17:00:00.000000000,161.17,168.24689
2022-08-02T18:00:00.000000000,168.62,163.29705
2022-08-02T19:00:00.000000000,157.57,159.59899
2022-08-02T20:00:00.000000000,154.64,157.23832
2022-08-02T21:00:00.000000000,152.92,155.7173
2022-08-02T22:00:00.000000000,148.92,154.12898
2022-08-02T23:00:00.000000000,134.75,152.6067
2022-08-03T00:00:00.000000000,128.53,148.48462
2022-08-03T01:00:00.000000000,127.8,148.0866
2022-08-03T02:00:00.000000000,127.69,148.62615
2022-08-03T03:00:00.000000000,133.4,149.95397
2022-08-03T04:00:00.000000000,137.06,152.62775
2022-08-03T05:00:00.000000000,144.96,156.46084
2022-08-03T06:00:00.000000000,160.34,161.97546
2022-08-03T07:00:00.000000000,144.39,168.47108
2022-08-03T08:00:00.000000000,164.22,173.29819
2022-08-03T09:00:00.000000000,173.28,177.40797
2022-08-03T10:00:00.000000000,184.22,181.07529
2022-08-03T11:00:00.000000000,194.17,183.63097
2022-08-03T12:00:00.000000000,183.21,184.42349
2022-08-03T13:00:00.000000000,187.16,184.12159
2022-08-03T14:00:00.000000000,181.88,181.48714
2022-08-03T15:00:00.000000000,168.2,177.73715
2022-08-03T16:00:00.000000000,160.34,173.59144
2022-08-03T17:00:00.000000000,151.42,169.41988
2022-08-03T18:00:00.000000000,155.47,164.36736
2022-08-03T19:00:00.000000000,169.62,160.61085
2022-08-03T20:00:00.000000000,158.88,158.18465
2022-08-03T21:00:00.000000000,151.42,156.57478
2022-08-03T22:00:00.000000000,158.62,155.03907
2022-08-03T23:00:00.000000000,163.06,153.65694
2022-08-04T00:00:00.000000000,153.4,148.45936
2022-08-04T01:00:00.000000000,152.45,148.25006
2022-08-04T02:00:00.000000000,156.32,148.97917
2022-08-04T03:00:00.000000000,163.35,150.44847
2022-08-04T04:00:00.000000000,176.03,153.1485
2022-08-04T05:00:00.000000000,181.18,156.92137
2022-08-04T06:00:00.000000000,187.02,162.26239
2022-08-04T07:00:00.000000000,200.82,168.54827
2022-08-04T08:00:00.000000000,190.47,173.18531
2022-08-04T09:00:00.000000000,201.49,177.11657
2022-08-04T10:00:00.000000000,204.56,180.60307
2022-08-04T11:00:00.000000000,207.05,183.01434
2022-08-04T12:00:00.000000000,216.56,183.66732
2022-08-04T13:00:00.000000000,221.3,183.20444
2022-08-04T14:00:00.000000000,220.9,180.41279
2022-08-04T15:00:00.000000000,202.79,176.53669
2022-08-04T16:00:00.000000000,187.94,172.35894
2022-08-04T17:00:00.000000000,189.74,168.17484
2022-08-04T18:00:00.000000000,185.48,163.14781
2022-08-04T19:00:00.000000000,176.13,159.40806
2022-08-04T20:00:00.000000000,168.32,157.02764
2022-08-04T21:00:00.000000000,149.56,155.46529
2022-08-04T22:00:00.000000000,146.83,153.99513
2022-08-04T23:00:00.000000000,150.74,152.71798
2022-08-02T00:00:00.000000000,146.47,159.49275
2022-08-02T01:00:00.000000000,156.43,160.49005
2022-08-02T02:00:00.000000000,141.57,162.7263
2022-08-02T03:00:00.000000000,146.77,165.57748
2022-08-02T04:00:00.000000000,149.41,169.9362
2022-08-02T05:00:00.000000000,179.46,175.24818
2022-08-02T06:00:00.000000000,200.35,181.89623
2022-08-02T07:00:00.000000000,208.62,189.15377
2022-08-02T08:00:00.000000000,223.55,194.11372
2022-08-02T09:00:00.000000000,228.84,197.86689
2022-08-02T10:00:00.000000000,219.23,200.639
2022-08-02T11:00:00.000000000,199.67,201.87024
2022-08-02T12:00:00.000000000,205.34,201.02184
2022-08-02T13:00:00.000000000,202.35,199.17494
2022-08-02T14:00:00.000000000,206.2,195.08363
2022-08-02T15:00:00.000000000,195.43,190.35542
2022-08-02T16:00:00.000000000,182.52,185.32331
2022-08-02T17:00:00.000000000,161.17,180.53518
2022-08-02T18:00:00.000000000,168.62,174.92456
2022-08-02T19:00:00.000000000,157.57,170.92825
2022-08-02T20:00:00.000000000,154.64,168.4648
2022-08-02T21:00:00.000000000,152.92,167.12804
2022-08-02T22:00:00.000000000,148.92,166.00009
2022-08-02T23:00:00.000000000,134.75,165.32498
2022-08-03T00:00:00.000000000,128.53,163.65528
2022-08-03T01:00:00.000000000,127.8,163.14401
2022-08-03T02:00:00.000000000,127.69,163.65954
2022-08-03T03:00:00.000000000,133.4,164.86629
2022-08-03T04:00:00.000000000,137.06,167.64002
2022-08-03T05:00:00.000000000,144.96,171.53662
2022-08-03T06:00:00.000000000,160.34,177.41407
2022-08-03T07:00:00.000000000,144.39,184.33219
2022-08-03T08:00:00.000000000,164.22,189.27024
2022-08-03T09:00:00.000000000,173.28,193.41558
2022-08-03T10:00:00.000000000,184.22,196.97752
2022-08-03T11:00:00.000000000,194.17,199.21001
2022-08-03T12:00:00.000000000,183.21,199.506
2022-08-03T13:00:00.000000000,187.16,199.03829
2022-08-03T14:00:00.000000000,181.88,196.45893
2022-08-03T15:00:00.000000000,168.2,193.16324
2022-08-03T16:00:00.000000000,160.34,189.22564
2022-08-03T17:00:00.000000000,151.42,185.12552
2022-08-03T18:00:00.000000000,155.47,179.74985
2022-08-03T19:00:00.000000000,169.62,175.57961
2022-08-03T20:00:00.000000000,158.88,172.62509
2022-08-03T21:00:00.000000000,151.42,170.52496
2022-08-03T22:00:00.000000000,158.62,168.6312
2022-08-03T23:00:00.000000000,163.06,167.0046
2022-08-04T00:00:00.000000000,153.4,156.42764
2022-08-04T01:00:00.000000000,152.45,155.83962
2022-08-04T02:00:00.000000000,156.32,156.16931
2022-08-04T03:00:00.000000000,163.35,157.21756
2022-08-04T04:00:00.000000000,176.03,159.35004
2022-08-04T05:00:00.000000000,181.18,162.42321
2022-08-04T06:00:00.000000000,187.02,166.93032
2022-08-04T07:00:00.000000000,200.82,172.39744
2022-08-04T08:00:00.000000000,190.47,176.23831
2022-08-04T09:00:00.000000000,201.49,179.25835
2022-08-04T10:00:00.000000000,204.56,181.82569
2022-08-04T11:00:00.000000000,207.05,183.43023
2022-08-04T12:00:00.000000000,216.56,183.36284
2022-08-04T13:00:00.000000000,221.3,182.29414
2022-08-04T14:00:00.000000000,220.9,178.97642
2022-08-04T15:00:00.000000000,202.79,174.93128
2022-08-04T16:00:00.000000000,187.94,170.78078
2022-08-04T17:00:00.000000000,189.74,166.69935
2022-08-04T18:00:00.000000000,185.48,161.92885
2022-08-04T19:00:00.000000000,176.13,158.51114
2022-08-04T20:00:00.000000000,168.32,156.50871
2022-08-04T21:00:00.000000000,149.56,155.37062
2022-08-04T22:00:00.000000000,146.83,154.2294
2022-08-04T23:00:00.000000000,150.74,153.23285
2022-08-05T00:00:00.000000000,146.38,156.64174
2022-08-05T01:00:00.000000000,142.8,156.08028
2022-08-05T02:00:00.000000000,150.48,156.58784
2022-08-05T03:00:00.000000000,158.71,158.20135
2022-08-05T04:00:00.000000000,145.15,161.38898
2022-08-05T05:00:00.000000000,157.28,165.66165
2022-08-05T06:00:00.000000000,164.37,171.96792
2022-08-05T07:00:00.000000000,169.82,178.98684
2022-08-05T08:00:00.000000000,181.09,183.54479
2022-08-05T09:00:00.000000000,175.15,187.13607
2022-08-05T10:00:00.000000000,176.07,190.45383
2022-08-05T11:00:00.000000000,188.01,192.54146
2022-08-05T12:00:00.000000000,205.1,193.56065
2022-08-05T13:00:00.000000000,210.28,194.633
2022-08-05T14:00:00.000000000,211.1,194.22178
2022-08-05T15:00:00.000000000,198.01,193.13382
2022-08-05T16:00:00.000000000,202.3,191.00746
2022-08-05T17:00:00.000000000,190.49,187.99542
2022-08-05T18:00:00.000000000,183.76,183.4963
2022-08-05T19:00:00.000000000,177.36,179.58857
2022-08-05T20:00:00.000000000,174.82,176.8361
2022-08-05T21:00:00.000000000,167.42,174.66008
2022-08-05T22:00:00.000000000,160.09,172.3708
2022-08-05T23:00:00.000000000,158.39,169.87509
2022-08-03T00:00:00.000000000,128.53,146.98043
2022-08-03T01:00:00.000000000,127.8,153.25276
2022-08-03T02:00:00.000000000,127.69,161.0227
2022-08-03T03:00:00.000000000,133.4,169.1119
2022-08-03T04:00:00.000000000,137.06,177.66483
2022-08-03T05:00:00.000000000,144.96,185.51068
2022-08-03T06:00:00.000000000,160.34,193.49097
2022-08-03T07:00:00.000000000,144.39,200.92275
2022-08-03T08:00:00.000000000,164.22,204.69517
2022-08-03T09:00:00.000000000,173.28,207.28527
2022-08-03T10:00:00.000000000,184.22,209.05848
2022-08-03T11:00:00.000000000,194.17,209.41067
2022-08-03T12:00:00.000000000,183.21,208.22695
2022-08-03T13:00:00.000000000,187.16,206.72067
2022-08-03T14:00:00.000000000,181.88,203.79142
2022-08-03T15:00:00.000000000,168.2,200.90159
2022-08-03T16:00:00.000000000,160.34,197.86626
2022-08-03T17:00:00.000000000,151.42,194.89272
2022-08-03T18:00:00.000000000,155.47,190.3202
2022-08-03T19:00:00.000000000,169.62,186.06223
2022-08-03T20:00:00.000000000,158.88,182.55345
2022-08-03T21:00:00.000000000,151.42,179.87088
2022-08-03T22:00:00.000000000,158.62,178.08147
2022-08-03T23:00:00.000000000,163.06,178.0388
2022-08-04T00:00:00.000000000,153.4,172.01931
2022-08-04T01:00:00.000000000,152.45,172.01752
2022-08-04T02:00:00.000000000,156.32,172.8649
2022-08-04T03:00:00.000000000,163.35,173.95804
2022-08-04T04:00:00.000000000,176.03,175.99748
2022-08-04T05:00:00.000000000,181.18,178.59236
2022-08-04T06:00:00.000000000,187.02,182.59648
2022-08-04T07:00:00.000000000,200.82,187.66298
2022-08-04T08:00:00.000000000,190.47,191.15637
2022-08-04T09:00:00.000000000,201.49,193.78705
2022-08-04T10:00:00.000000000,204.56,195.81407
2022-08-04T11:00:00.000000000,207.05,196.70897
2022-08-04T12:00:00.000000000,216.56,195.5453
2022-08-04T13:00:00.000000000,221.3,193.38452
2022-08-04T14:00:00.000000000,220.9,189.15132
2022-08-04T15:00:00.000000000,202.79,184.63869
2022-08-04T16:00:00.000000000,187.94,180.26421
2022-08-04T17:00:00.000000000,189.74,176.21682
2022-08-04T18:00:00.000000000,185.48,171.2659
2022-08-04T19:00:00.000000000,176.13,167.54339
2022-08-04T20:00:00.000000000,168.32,165.0964
2022-08-04T21:00:00.000000000,149.56,163.60906
2022-08-04T22:00:00.000000000,146.83,162.37911
2022-08-04T23:00:00.000000000,150.74,161.69718
2022-08-05T00:00:00.000000000,146.38,165.87533
2022-08-05T01:00:00.000000000,142.8,165.4266
2022-08-05T02:00:00.000000000,150.48,166.20716
2022-08-05T03:00:00.000000000,158.71,167.90594
2022-08-05T04:00:00.000000000,145.15,171.09548
2022-08-05T05:00:00.000000000,157.28,175.24374
2022-08-05T06:00:00.000000000,164.37,181.28475
2022-08-05T07:00:00.000000000,169.82,188.13542
2022-08-05T08:00:00.000000000,181.09,192.62409
2022-08-05T09:00:00.000000000,175.15,196.31279
2022-08-05T10:00:00.000000000,176.07,199.52413
2022-08-05T11:00:00.000000000,188.01,201.46791
2022-08-05T12:00:00.000000000,205.1,201.80621
2022-08-05T13:00:00.000000000,210.28,201.77589
2022-08-05T14:00:00.000000000,211.1,199.79937
2022-08-05T15:00:00.000000000,198.01,197.3039
2022-08-05T16:00:00.000000000,202.3,194.08747
2022-08-05T17:00:00.000000000,190.49,190.47913
2022-08-05T18:00:00.000000000,183.76,185.42717
2022-08-05T19:00:00.000000000,177.36,181.27537
2022-08-05T20:00:00.000000000,174.82,178.24635
2022-08-05T21:00:00.000000000,167.42,175.88806
2022-08-05T22:00:00.000000000,160.09,173.68184
2022-08-05T23:00:00.000000000,158.39,171.77313
2022-08-06T00:00:00.000000000,149.68,171.0615
2022-08-06T01:00:00.000000000,150.95,170.14662
2022-08-06T02:00:00.000000000,135.6,170.44382
2022-08-06T03:00:00.000000000,140.66,171.907
2022-08-06T04:00:00.000000000,144.11,174.63976
2022-08-06T05:00:00.000000000,150.48,177.94625
2022-08-06T06:00:00.000000000,147.02,182.95953
2022-08-06T07:00:00.000000000,152.91,188.82274
2022-08-06T08:00:00.000000000,161.15,192.27702
2022-08-06T09:00:00.000000000,178.62,194.67983
2022-08-06T10:00:00.000000000,185.57,197.03664
2022-08-06T11:00:00.000000000,184.29,198.28487
2022-08-06T12:00:00.000000000,187.94,198.56642
2022-08-06T13:00:00.000000000,194.37,199.25492
2022-08-06T14:00:00.000000000,185.91,198.63096
2022-08-06T15:00:00.000000000,174.29,197.9379
2022-08-06T16:00:00.000000000,167.6,196.48419
2022-08-06T17:00:00.000000000,163.54,194.24904
2022-08-06T18:00:00.000000000,158.6,190.43257
2022-08-06T19:00:00.000000000,143.83,186.96647
2022-08-06T20:00:00.000000000,113.61,184.47334
2022-08-06T21:00:00.000000000,105.97,182.36219
2022-08-06T22:00:00.000000000,97.44,179.99831
2022-08-06T23:00:00.000000000,100.07,177.31182
2022-08-04T00:00:00.000000000,153.4,156.82448
2022-08-04T01:00:00.000000000,152.45,156.66053
2022-08-04T02:00:00.000000000,156.32,157.24917
2022-08-04T03:00:00.000000000,163.35,158.40209
2022-08-04T04:00:00.000000000,176.03,160.35077
2022-08-04T05:00:00.000000000,181.18,163.016
2022-08-04T06:00:00.000000000,187.02,166.85405
2022-08-04T07:00:00.000000000,200.82,171.6113
2022-08-04T08:00:00.000000000,190.47,174.75079
2022-08-04T09:00:00.000000000,201.49,177.1125
2022-08-04T10:00:00.000000000,204.56,179.01951
2022-08-04T11:00:00.000000000,207.05,180.03943
2022-08-04T12:00:00.000000000,216.56,179.54823
2022-08-04T13:00:00.000000000,221.3,178.19016
2022-08-04T14:00:00.000000000,220.9,174.79802
2022-08-04T15:00:00.000000000,202.79,170.91603
2022-08-04T16:00:00.000000000,187.94,167.04629
2022-08-04T17:00:00.000000000,189.74,163.25947
2022-08-04T18:00:00.000000000,185.48,158.83197
2022-08-04T19:00:00.000000000,176.13,155.71215
2022-08-04T20:00:00.000000000,168.32,153.93142
2022-08-04T21:00:00.000000000,149.56,153.06242
2022-08-04T22:00:00.000000000,146.83,152.22372
2022-08-04T23:00:00.000000000,150.74,151.61674
2022-08-05T00:00:00.000000000,146.38,157.25498
2022-08-05T01:00:00.000000000,142.8,156.64028
2022-08-05T02:00:00.000000000,150.48,157.07412
2022-08-05T03:00:00.000000000,158.71,158.55739
2022-08-05T04:00:00.000000000,145.15,161.4952
2022-08-05T05:00:00.000000000,157.28,165.40761
2022-08-05T06:00:00.000000000,164.37,171.28004
2022-08-05T07:00:00.000000000,169.82,177.92994
2022-08-05T08:00:00.000000000,181.09,182.25294
2022-08-05T09:00:00.000000000,175.15,185.75654
2022-08-05T10:00:00.000000000,176.07,189.11815
2022-08-05T11:00:00.000000000,188.01,191.33491
2022-08-05T12:00:00.000000000,205.1,192.50919
2022-08-05T13:00:00.000000000,210.28,193.72939
2022-08-05T14:00:00.000000000,211.1,193.37117
2022-08-05T15:00:00.000000000,198.01,192.34244
2022-08-05T16:00:00.000000000,202.3,190.30499
2022-08-05T17:00:00.000000000,190.49,187.45125
2022-08-05T18:00:00.000000000,183.76,183.06932
2022-08-05T19:00:00.000000000,177.36,179.26699
2022-08-05T20:00:00.000000000,174.82,176.53698
2022-08-05T21:00:00.000000000,167.42,174.31145
2022-08-05T22:00:00.000000000,160.09,172.00381
2022-08-05T23:00:00.000000000,158.39,169.5184
2022-08-06T00:00:00.000000000,149.68,162.46371
2022-08-06T01:00:00.000000000,150.95,161.37776
2022-08-06T02:00:00.000000000,135.6,161.02671
2022-08-06T03:00:00.000000000,140.66,161.1612
2022-08-06T04:00:00.000000000,144.11,162.28316
2022-08-06T05:00:00.000000000,150.48,164.22829
2022-08-06T06:00:00.000000000,147.02,167.78907
2022-08-06T07:00:00.000000000,152.91,172.6153
2022-08-06T08:00:00.000000000,161.15,176.18948
2022-08-06T09:00:00.000000000,178.62,179.13853
2022-08-06T10:00:00.000000000,185.57,181.72665
2022-08-06T11:00:00.000000000,184.29,183.32366
2022-08-06T12:00:00.000000000,187.94,183.0464
2022-08-06T13:00:00.000000000,194.37,181.88997
2022-08-06T14:00:00.000000000,185.91,178.7421
2022-08-06T15:00:00.000000000,174.29,175.14207
2022-08-06T16:00:00.000000000,167.6,171.40791
2022-08-06T17:00:00.000000000,163.54,167.76567
2022-08-06T18:00:00.000000000,158.6,163.10313
2022-08-06T19:00:00.000000000,143.83,159.63245
2022-08-06T20:00:00.000000000,113.61,157.27402
2022-08-06T21:00:00.000000000,105.97,155.71969
2022-08-06T22:00:00.000000000,97.44,154.28949
2022-08-06T23:00:00.000000000,100.07,153.06632
2022-08-07T00:00:00.000000000,89.26,156.90584
2022-08-07T01:00:00.000000000,88.61,157.32769
2022-08-07T02:00:00.000000000,97.72,158.99327
2022-08-07T03:00:00.000000000,116.21,161.78359
2022-08-07T04:00:00.000000000,112.92,166.06255
2022-08-07T05:00:00.000000000,130.05,171.23238
2022-08-07T06:00:00.000000000,130.31,178.19375
2022-08-07T07:00:00.000000000,122.04,185.72697
2022-08-07T08:00:00.000000000,133.81,190.53247
2022-08-07T09:00:00.000000000,160.77,194.1928
2022-08-07T10:00:00.000000000,184.44,197.42872
2022-08-07T11:00:00.000000000,156.87,199.28913
2022-08-07T12:00:00.000000000,152.92,199.89296
2022-08-07T13:00:00.000000000,143.62,200.43347
2022-08-07T14:00:00.000000000,144.36,199.6351
2022-08-07T15:00:00.000000000,132.2,198.30825
2022-08-07T16:00:00.000000000,125.64,196.10231
2022-08-07T17:00:00.000000000,122.43,193.0801
2022-08-07T18:00:00.000000000,123.61,188.51285
2022-08-07T19:00:00.000000000,125.6,184.38501
2022-08-07T20:00:00.000000000,125.57,181.31409
2022-08-07T21:00:00.000000000,115.99,178.89396
2022-08-07T22:00:00.000000000,123.61,176.44926
2022-08-07T23:00:00.000000000,140.66,174.09023
2022-08-05T00:00:00.000000000,146.38,157.62284
2022-08-05T01:00:00.000000000,142.8,156.90549
2022-08-05T02:00:00.000000000,150.48,157.50051
2022-08-05T03:00:00.000000000,158.71,159.43595
2022-08-05T04:00:00.000000000,145.15,163.42165
2022-08-05T05:00:00.000000000,157.28,169.07461
2022-08-05T06:00:00.000000000,164.37,177.06218
2022-08-05T07:00:00.000000000,169.82,185.79295
2022-08-05T08:00:00.000000000,181.09,191.75295
2022-08-05T09:00:00.000000000,175.15,196.63179
2022-08-05T10:00:00.000000000,176.07,200.67326
2022-08-05T11:00:00.000000000,188.01,203.06618
2022-08-05T12:00:00.000000000,205.1,203.79149
2022-08-05T13:00:00.000000000,210.28,204.05143
2022-08-05T14:00:00.000000000,211.1,202.58055
2022-08-05T15:00:00.000000000,198.01,200.27363
2022-08-05T16:00:00.000000000,202.3,196.96033
2022-08-05T17:00:00.000000000,190.49,192.927
2022-08-05T18:00:00.000000000,183.76,187.52245
2022-08-05T19:00:00.000000000,177.36,183.01847
2022-08-05T20:00:00.000000000,174.82,179.78224
2022-08-05T21:00:00.000000000,167.42,177.40809
2022-08-05T22:00:00.000000000,160.09,175.01866
2022-08-05T23:00:00.000000000,158.39,172.84719
2022-08-06T00:00:00.000000000,149.68,170.72837
2022-08-06T01:00:00.000000000,150.95,169.39376
2022-08-06T02:00:00.000000000,135.6,169.3199
2022-08-06T03:00:00.000000000,140.66,170.50913
2022-08-06T04:00:00.000000000,144.11,173.20115
2022-08-06T05:00:00.000000000,150.48,176.72963
2022-08-06T06:00:00.000000000,147.02,182.17604
2022-08-06T07:00:00.000000000,152.91,188.42025
2022-08-06T08:00:00.000000000,161.15,192.17353
2022-08-06T09:00:00.000000000,178.62,194.76343
2022-08-06T10:00:00.000000000,185.57,197.16894
2022-08-06T11:00:00.000000000,184.29,198.40644
2022-08-06T12:00:00.000000000,187.94,198.61745
2022-08-06T13:00:00.000000000,194.37,199.2266
2022-08-06T14:00:00.000000000,185.91,198.55758
2022-08-06T15:00:00.000000000,174.29,197.75458
2022-08-06T16:00:00.000000000,167.6,196.11246
2022-08-06T17:00:00.000000000,163.54,193.60238
2022-08-06T18:00:00.000000000,158.6,189.53124
2022-08-06T19:00:00.000000000,143.83,185.85823
2022-08-06T20:00:00.000000000,113.61,183.24128
2022-08-06T21:00:00.000000000,105.97,181.04863
2022-08-06T22:00:00.000000000,97.44,178.58721
2022-08-06T23:00:00.000000000,100.07,175.78404
2022-08-07T00:00:00.000000000,89.26,171.59042
2022-08-07T01:00:00.000000000,88.61,169.59999
2022-08-07T02:00:00.000000000,97.72,169.14103
2022-08-07T03:00:00.000000000,116.21,170.50063
2022-08-07T04:00:00.000000000,112.92,173.97993
2022-08-07T05:00:00.000000000,130.05,178.92741
2022-08-07T06:00:00.000000000,130.31,186.23752
2022-08-07T07:00:00.000000000,122.04,194.80659
2022-08-07T08:00:00.000000000,133.81,200.84062
2022-08-07T09:00:00.000000000,160.77,205.53736
2022-08-07T10:00:00.000000000,184.44,209.51257
2022-08-07T11:00:00.000000000,156.87,211.66006
2022-08-07T12:00:00.000000000,152.92,211.77341
2022-08-07T13:00:00.000000000,143.62,211.76834
2022-08-07T14:00:00.000000000,144.36,210.34936
2022-08-07T15:00:00.000000000,132.2,208.4833
2022-08-07T16:00:00.000000000,125.64,205.83646
2022-08-07T17:00:00.000000000,122.43,202.43153
2022-08-07T18:00:00.000000000,123.61,197.41312
2022-08-07T19:00:00.000000000,125.6,192.85414
2022-08-07T20:00:00.000000000,125.57,189.31008
2022-08-07T21:00:00.000000000,115.99,186.42517
2022-08-07T22:00:00.000000000,123.61,183.28847
2022-08-07T23:00:00.000000000,140.66,180.07798
2022-08-08T00:00:00.000000000,136.56,174.44247
2022-08-08T01:00:00.000000000,138.26,172.35371
2022-08-08T02:00:00.000000000,143.92,171.6945
2022-08-08T03:00:00.000000000,147.83,172.62473
2022-08-08T04:00:00.000000000,157.51,175.49948
2022-08-08T05:00:00.000000000,186.96,179.67979
2022-08-08T06:00:00.000000000,193.85,186.11399
2022-08-08T07:00:00.000000000,192.9,193.83619
2022-08-08T08:00:00.000000000,165.1,199.24846
2022-08-08T09:00:00.000000000,178.15,203.38413
2022-08-08T10:00:00.000000000,166.16,206.94067
2022-08-08T11:00:00.000000000,157.67,208.88256
2022-08-08T12:00:00.000000000,174.34,208.9325
2022-08-08T13:00:00.000000000,174.36,208.90682
2022-08-08T14:00:00.000000000,171.92,207.41524
2022-08-08T15:00:00.000000000,157.31,205.56298
2022-08-08T16:00:00.000000000,135.76,202.93139
2022-08-08T17:00:00.000000000,131.13,199.62229
2022-08-08T18:00:00.000000000,138.05,194.73492
2022-08-08T19:00:00.000000000,157.02,190.41465
2022-08-08T20:00:00.000000000,155.44,187.11096
2022-08-08T21:00:00.000000000,151.03,184.44727
2022-08-08T22:00:00.000000000,153.25,181.52932
2022-08-08T23:00:00.000000000,155.5,178.40889
2022-08-06T00:00:00.000000000,149.68,156.47366
2022-08-06T01:00:00.000000000,150.95,154.60461
2022-08-06T02:00:00.000000000,135.6,153.42521
2022-08-06T03:00:00.000000000,140.66,152.91669
2022-08-06T04:00:00.000000000,144.11,153.67493
2022-08-06T05:00:00.000000000,150.48,155.56987
2022-08-06T06:00:00.000000000,147.02,159.63678
2022-08-06T07:00:00.000000000,152.91,165.21852
2022-08-06T08:00:00.000000000,161.15,169.71275
2022-08-06T09:00:00.000000000,178.62,173.85764
2022-08-06T10:00:00.000000000,185.57,177.96134
2022-08-06T11:00:00.000000000,184.29,181.11128
2022-08-06T12:00:00.000000000,187.94,182.44214
2022-08-06T13:00:00.000000000,194.37,182.98604
2022-08-06T14:00:00.000000000,185.91,181.57535
2022-08-06T15:00:00.000000000,174.29,179.29319
2022-08-06T16:00:00.000000000,167.6,176.33803
2022-08-06T17:00:00.000000000,163.54,173.10808
2022-08-06T18:00:00.000000000,158.6,168.38151
2022-08-06T19:00:00.000000000,143.83,164.51478
2022-08-06T20:00:00.000000000,113.61,161.42773
2022-08-06T21:00:00.000000000,105.97,158.96015
2022-08-06T22:00:00.000000000,97.44,156.66464
2022-08-06T23:00:00.000000000,100.07,154.49082
2022-08-07T00:00:00.000000000,89.26,155.54674
2022-08-07T01:00:00.000000000,88.61,155.57345
2022-08-07T02:00:00.000000000,97.72,156.65681
2022-08-07T03:00:00.000000000,116.21,158.9363
2022-08-07T04:00:00.000000000,112.92,162.64487
2022-08-07T05:00:00.000000000,130.05,167.25568
2022-08-07T06:00:00.000000000,130.31,173.72908
2022-08-07T07:00:00.000000000,122.04,180.93135
2022-08-07T08:00:00.000000000,133.81,185.53849
2022-08-07T09:00:00.000000000,160.77,189.03534
2022-08-07T10:00:00.000000000,184.44,192.24201
2022-08-07T11:00:00.000000000,156.87,194.16371
2022-08-07T12:00:00.000000000,152.92,195.0575
2022-08-07T13:00:00.000000000,143.62,196.1088
2022-08-07T14:00:00.000000000,144.36,195.85487
2022-08-07T15:00:00.000000000,132.2,195.01814
2022-08-07T16:00:00.000000000,125.64,193.203
2022-08-07T17:00:00.000000000,122.43,190.42414
2022-08-07T18:00:00.000000000,123.61,186.21164
2022-08-07T19:00:00.000000000,125.6,182.47332
2022-08-07T20:00:00.000000000,125.57,179.90999
2022-08-07T21:00:00.000000000,115.99,177.95172
2022-08-07T22:00:00.000000000,123.61,175.75245
2022-08-07T23:00:00.000000000,140.66,173.23086
2022-08-08T00:00:00.000000000,136.56,166.44566
2022-08-08T01:00:00.000000000,138.26,165.54453
2022-08-08T02:00:00.000000000,143.92,165.73265
2022-08-08T03:00:00.000000000,147.83,167.11793
2022-08-08T04:00:00.000000000,157.51,169.83227
2022-08-08T05:00:00.000000000,186.96,173.31601
2022-08-08T06:00:00.000000000,193.85,178.61017
2022-08-08T07:00:00.000000000,192.9,184.95125
2022-08-08T08:00:00.000000000,165.1,189.01237
2022-08-08T09:00:00.000000000,178.15,192.07268
2022-08-08T10:00:00.000000000,166.16,194.97534
2022-08-08T11:00:00.000000000,157.67,196.69526
2022-08-08T12:00:00.000000000,174.34,197.2988
2022-08-08T13:00:00.000000000,174.36,198.14256
2022-08-08T14:00:00.000000000,171.92,197.54123
2022-08-08T15:00:00.000000000,157.31,196.6221
2022-08-08T16:00:00.000000000,135.76,194.86217
2022-08-08T17:00:00.000000000,131.13,192.34054
2022-08-08T18:00:00.000000000,138.05,188.37723
2022-08-08T19:00:00.000000000,157.02,184.97985
2022-08-08T20:00:00.000000000,155.44,182.66214
2022-08-08T21:00:00.000000000,151.03,180.84034
2022-08-08T22:00:00.000000000,153.25,178.68287
2022-08-08T23:00:00.000000000,155.5,176.0708
2022-08-09T00:00:00.000000000,164.85,167.18451
2022-08-09T01:00:00.000000000,159.09,165.76397
2022-08-09T02:00:00.000000000,154.08,165.3689
2022-08-09T03:00:00.000000000,158.05,166.15816
2022-08-09T04:00:00.000000000,165.93,168.16689
2022-08-09T05:00:00.000000000,157.43,170.97658
2022-08-09T06:00:00.000000000,168.59,175.61214
2022-08-09T07:00:00.000000000,176.59,181.54421
2022-08-09T08:00:00.000000000,192.85,185.50495
2022-08-09T09:00:00.000000000,214.71,188.73599
2022-08-09T10:00:00.000000000,218.56,191.97644
2022-08-09T11:00:00.000000000,213.12,194.15879
2022-08-09T12:00:00.000000000,213.33,195.25541
2022-08-09T13:00:00.000000000,216.6,196.55421
2022-08-09T14:00:00.000000000,203.67,196.24175
2022-08-09T15:00:00.000000000,188.11,195.53363
2022-08-09T16:00:00.000000000,183.12,193.95995
2022-08-09T17:00:00.000000000,189.39,191.69849
2022-08-09T18:00:00.000000000,174.31,187.94963
2022-08-09T19:00:00.000000000,157.68,184.78936
2022-08-09T20:00:00.000000000,159.65,182.57825
2022-08-09T21:00:00.000000000,145.83,180.78388
2022-08-09T22:00:00.000000000,151.4,178.64505
2022-08-09T23:00:00.000000000,152.17,176.03545
2022-08-07T00:00:00.000000000,89.26,120.27468
2022-08-07T01:00:00.000000000,88.61,121.83058
2022-08-07T02:00:00.000000000,97.72,123.38183
2022-08-07T03:00:00.000000000,116.21,124.97016
2022-08-07T04:00:00.000000000,112.92,126.93945
2022-08-07T05:00:00.000000000,130.05,130.43889
2022-08-07T06:00:00.000000000,130.31,136.00256
2022-08-07T07:00:00.000000000,122.04,143.16556
2022-08-07T08:00:00.000000000,133.81,149.18869
2022-08-07T09:00:00.000000000,160.77,156.2008
2022-08-07T10:00:00.000000000,184.44,163.78637
2022-08-07T11:00:00.000000000,156.87,169.25705
2022-08-07T12:00:00.000000000,152.92,173.33674
2022-08-07T13:00:00.000000000,143.62,176.1403
2022-08-07T14:00:00.000000000,144.36,178.60436
2022-08-07T15:00:00.000000000,132.2,179.62187
2022-08-07T16:00:00.000000000,125.64,179.93519
2022-08-07T17:00:00.000000000,122.43,178.37251
2022-08-07T18:00:00.000000000,123.61,174.1207
2022-08-07T19:00:00.000000000,125.6,169.07004
2022-08-07T20:00:00.000000000,125.57,164.32179
2022-08-07T21:00:00.000000000,115.99,160.25742
2022-08-07T22:00:00.000000000,123.61,157.09287
2022-08-07T23:00:00.000000000,140.66,155.07772
2022-08-08T00:00:00.000000000,136.56,153.01631
2022-08-08T01:00:00.000000000,138.26,152.60563
2022-08-08T02:00:00.000000000,143.92,152.91519
2022-08-08T03:00:00.000000000,147.83,154.14831
2022-08-08T04:00:00.000000000,157.51,156.12012
2022-08-08T05:00:00.000000000,186.96,158.6566
2022-08-08T06:00:00.000000000,193.85,162.99824
2022-08-08T07:00:00.000000000,192.9,168.54052
2022-08-08T08:00:00.000000000,165.1,172.26441
2022-08-08T09:00:00.000000000,178.15,175.70179
2022-08-08T10:00:00.000000000,166.16,179.59315
2022-08-08T11:00:00.000000000,157.67,182.72437
2022-08-08T12:00:00.000000000,174.34,185.15842
2022-08-08T13:00:00.000000000,174.36,187.83241
2022-08-08T14:00:00.000000000,171.92,189.07932
2022-08-08T15:00:00.000000000,157.31,189.67916
2022-08-08T16:00:00.000000000,135.76,189.18449
2022-08-08T17:00:00.000000000,131.13,187.66603
2022-08-08T18:00:00.000000000,138.05,184.36002
2022-08-08T19:00:00.000000000,157.02,181.19102
2022-08-08T20:00:00.000000000,155.44,178.67061
2022-08-08T21:00:00.000000000,151.03,176.44137
2022-08-08T22:00:00.000000000,153.25,174.07233
2022-08-08T23:00:00.000000000,155.5,171.41138
2022-08-09T00:00:00.000000000,164.85,169.03118
2022-08-09T01:00:00.000000000,159.09,167.49721
2022-08-09T02:00:00.000000000,154.08,167.1039
2022-08-09T03:00:00.000000000,158.05,168.0044
2022-08-09T04:00:00.000000000,165.93,170.44183
2022-08-09T05:00:00.000000000,157.43,173.86715
2022-08-09T06:00:00.000000000,168.59,179.29475
2022-08-09T07:00:00.000000000,176.59,185.87159
2022-08-09T08:00:00.000000000,192.85,190.24132
2022-08-09T09:00:00.000000000,214.71,193.5464
2022-08-09T10:00:00.000000000,218.56,196.61243
2022-08-09T11:00:00.000000000,213.12,198.41919
2022-08-09T12:00:00.000000000,213.33,198.95651
2022-08-09T13:00:00.000000000,216.6,199.68962
2022-08-09T14:00:00.000000000,203.67,198.97047
2022-08-09T15:00:00.000000000,188.11,197.89172
2022-08-09T16:00:00.000000000,183.12,195.92246
2022-08-09T17:00:00.000000000,189.39,193.17331
2022-08-09T18:00:00.000000000,174.31,188.95199
2022-08-09T19:00:00.000000000,157.68,185.33489
2022-08-09T20:00:00.000000000,159.65,182.80219
2022-08-09T21:00:00.000000000,145.83,180.80477
2022-08-09T22:00:00.000000000,151.4,178.46174
2022-08-09T23:00:00.000000000,152.17,175.63955
2022-08-10T00:00:00.000000000,153.62,174.29981
2022-08-10T01:00:00.000000000,147.29,172.66897
2022-08-10T02:00:00.000000000,141.4,172.20814
2022-08-10T03:00:00.000000000,139.9,172.83964
2022-08-10T04:00:00.000000000,141.45,174.80505
2022-08-10T05:00:00.000000000,141.94,177.49017
2022-08-10T06:00:00.000000000,134.05,182.04902
2022-08-10T07:00:00.000000000,126.24,187.65004
2022-08-10T08:00:00.000000000,125.38,191.12565
2022-08-10T09:00:00.000000000,131.24,193.78251
2022-08-10T10:00:00.000000000,150.72,196.46904
2022-08-10T11:00:00.000000000,160.79,198.08736
2022-08-10T12:00:00.000000000,160.7,198.61386
2022-08-10T13:00:00.000000000,156.87,199.40383
2022-08-10T14:00:00.000000000,164.44,198.64206
2022-08-10T15:00:00.000000000,174.02,197.69298
2022-08-10T16:00:00.000000000,197.82,195.93876
2022-08-10T17:00:00.000000000,200.06,193.47173
2022-08-10T18:00:00.000000000,169.09,189.36491
2022-08-10T19:00:00.000000000,178.82,185.73781
2022-08-10T20:00:00.000000000,183.62,183.05375
2022-08-10T21:00:00.000000000,187.03,180.74813
2022-08-10T22:00:00.000000000,193.67,178.27539
2022-08-10T23:00:00.000000000,170.99,175.54084
2022-08-08T00:00:00.000000000,136.56,126.14079
2022-08-08T01:00:00.000000000,138.26,127.11124
2022-08-08T02:00:00.000000000,143.92,129.10012
2022-08-08T03:00:00.000000000,147.83,132.00892
2022-08-08T04:00:00.000000000,157.51,136.17014
2022-08-08T05:00:00.000000000,186.96,141.51067
2022-08-08T06:00:00.000000000,193.85,148.41207
2022-08-08T07:00:00.000000000,192.9,156.21372
2022-08-08T08:00:00.000000000,165.1,162.34663
2022-08-08T09:00:00.000000000,178.15,168.086
2022-08-08T10:00:00.000000000,166.16,173.53306
2022-08-08T11:00:00.000000000,157.67,177.72536
2022-08-08T12:00:00.000000000,174.34,180.14075
2022-08-08T13:00:00.000000000,174.36,181.4632
2022-08-08T14:00:00.000000000,171.92,180.58638
2022-08-08T15:00:00.000000000,157.31,177.96654
2022-08-08T16:00:00.000000000,135.76,174.47308
2022-08-08T17:00:00.000000000,131.13,170.6241
2022-08-08T18:00:00.000000000,138.05,165.4027
2022-08-08T19:00:00.000000000,157.02,160.98762
2022-08-08T20:00:00.000000000,155.44,157.46746
2022-08-08T21:00:00.000000000,151.03,154.61671
2022-08-08T22:00:00.000000000,153.25,152.04846
2022-08-08T23:00:00.000000000,155.5,149.86277
2022-08-09T00:00:00.000000000,164.85,157.04223
2022-08-09T01:00:00.000000000,159.09,156.42623
2022-08-09T02:00:00.000000000,154.08,156.97488
2022-08-09T03:00:00.000000000,158.05,158.86221
2022-08-09T04:00:00.000000000,165.93,162.46821
2022-08-09T05:00:00.000000000,157.43,167.28765
2022-08-09T06:00:00.000000000,168.59,174.22608
2022-08-09T07:00:00.000000000,176.59,181.97498
2022-08-09T08:00:00.000000000,192.85,187.16357
2022-08-09T09:00:00.000000000,214.71,191.16809
2022-08-09T10:00:00.000000000,218.56,194.77772
2022-08-09T11:00:00.000000000,213.12,196.96891
2022-08-09T12:00:00.000000000,213.33,197.91319
2022-08-09T13:00:00.000000000,216.6,198.88072
2022-08-09T14:00:00.000000000,203.67,198.56389
2022-08-09T15:00:00.000000000,188.11,197.55792
2022-08-09T16:00:00.000000000,183.12,195.50457
2022-08-09T17:00:00.000000000,189.39,192.4389
2022-08-09T18:00:00.000000000,174.31,187.84588
2022-08-09T19:00:00.000000000,157.68,183.70388
2022-08-09T20:00:00.000000000,159.65,180.67826
2022-08-09T21:00:00.000000000,145.83,178.30687
2022-08-09T22:00:00.000000000,151.4,175.71875
2022-08-09T23:00:00.000000000,152.17,172.88823
2022-08-10T00:00:00.000000000,153.62,174.92257
2022-08-10T01:00:00.000000000,147.29,173.65872
2022-08-10T02:00:00.000000000,141.4,173.90719
2022-08-10T03:00:00.000000000,139.9,175.35856
2022-08-10T04:00:00.000000000,141.45,178.48009
2022-08-10T05:00:00.000000000,141.94,182.64949
2022-08-10T06:00:00.000000000,134.05,188.79645
2022-08-10T07:00:00.000000000,126.24,195.92957
2022-08-10T08:00:00.000000000,125.38,200.70669
2022-08-10T09:00:00.000000000,131.24,204.56872
2022-08-10T10:00:00.000000000,150.72,207.8202
2022-08-10T11:00:00.000000000,160.79,209.55588
2022-08-10T12:00:00.000000000,160.7,209.27115
2022-08-10T13:00:00.000000000,156.87,208.61022
2022-08-10T14:00:00.000000000,164.44,206.02129
2022-08-10T15:00:00.000000000,174.02,203.14449
2022-08-10T16:00:00.000000000,197.82,199.77281
2022-08-10T17:00:00.000000000,200.06,196.14349
2022-08-10T18:00:00.000000000,169.09,190.99034
2022-08-10T19:00:00.000000000,178.82,186.65176
2022-08-10T20:00:00.000000000,183.62,183.35126
2022-08-10T21:00:00.000000000,187.03,180.65762
2022-08-10T22:00:00.000000000,193.67,178.08107
2022-08-10T23:00:00.000000000,170.99,175.90278
2022-08-11T00:00:00.000000000,167.83,178.00517
2022-08-11T01:00:00.000000000,173.46,175.90788
2022-08-11T02:00:00.000000000,170.83,175.34399
2022-08-11T03:00:00.000000000,176.38,176.19405
2022-08-11T04:00:00.000000000,174.5,178.95903
2022-08-11T05:00:00.000000000,150.53,183.0155
2022-08-11T06:00:00.000000000,162.44,189.30397
2022-08-11T07:00:00.000000000,173.11,196.81058
2022-08-11T08:00:00.000000000,170.28,202.06941
2022-08-11T09:00:00.000000000,162.28,206.30233
2022-08-11T10:00:00.000000000,159.68,209.882
2022-08-11T11:00:00.000000000,170.35,211.81719
2022-08-11T12:00:00.000000000,165.06,211.58918
2022-08-11T13:00:00.000000000,218.29,211.01565
2022-08-11T14:00:00.000000000,227.15,208.58913
2022-08-11T15:00:00.000000000,209.48,205.81265
2022-08-11T16:00:00.000000000,188.38,202.45685
2022-08-11T17:00:00.000000000,185.9,198.73431
2022-08-11T18:00:00.000000000,178.2,193.44007
2022-08-11T19:00:00.000000000,174.91,188.91801
2022-08-11T20:00:00.000000000,167.98,185.44308
2022-08-11T21:00:00.000000000,167.21,182.60831
2022-08-11T22:00:00.000000000,174.87,179.78605
2022-08-11T23:00:00.000000000,178.76,177.17276
2022-08-09T00:00:00.000000000,164.85,159.81807
2022-08-09T01:00:00.000000000,159.09,158.95954
2022-08-09T02:00:00.000000000,154.08,159.00715
2022-08-09T03:00:00.000000000,158.05,160.09404
2022-08-09T04:00:00.000000000,165.93,162.44926
2022-08-09T05:00:00.000000000,157.43,165.65576
2022-08-09T06:00:00.000000000,168.59,170.92654
2022-08-09T07:00:00.000000000,176.59,177.13823
2022-08-09T08:00:00.000000000,192.85,181.14747
2022-08-09T09:00:00.000000000,214.71,184.3786
2022-08-09T10:00:00.000000000,218.56,187.65595
2022-08-09T11:00:00.000000000,213.12,189.87133
2022-08-09T12:00:00.000000000,213.33,191.18093
2022-08-09T13:00:00.000000000,216.6,192.7759
2022-08-09T14:00:00.000000000,203.67,193.16208
2022-08-09T15:00:00.000000000,188.11,193.06985
2022-08-09T16:00:00.000000000,183.12,191.90623
2022-08-09T17:00:00.000000000,189.39,189.64598
2022-08-09T18:00:00.000000000,174.31,185.64619
2022-08-09T19:00:00.000000000,157.68,181.88914
2022-08-09T20:00:00.000000000,159.65,179.04166
2022-08-09T21:00:00.000000000,145.83,176.63582
2022-08-09T22:00:00.000000000,151.4,174.09106
2022-08-09T23:00:00.000000000,152.17,171.24055
2022-08-10T00:00:00.000000000,153.62,172.52158
2022-08-10T01:00:00.000000000,147.29,170.99927
2022-08-10T02:00:00.000000000,141.4,170.83209
2022-08-10T03:00:00.000000000,139.9,171.95335
2022-08-10T04:00:00.000000000,141.45,174.74223
2022-08-10T05:00:00.000000000,141.94,178.57126
2022-08-10T06:00:00.000000000,134.05,184.43626
2022-08-10T07:00:00.000000000,126.24,191.1879
2022-08-10T08:00:00.000000000,125.38,195.47726
2022-08-10T09:00:00.000000000,131.24,198.56816
2022-08-10T10:00:00.000000000,150.72,201.24816
2022-08-10T11:00:00.000000000,160.79,202.62234
2022-08-10T12:00:00.000000000,160.7,202.60744
2022-08-10T13:00:00.000000000,156.87,202.72828
2022-08-10T14:00:00.000000000,164.44,201.43725
2022-08-10T15:00:00.000000000,174.02,199.95658
2022-08-10T16:00:00.000000000,197.82,197.69604
2022-08-10T17:00:00.000000000,200.06,194.71536
2022-08-10T18:00:00.000000000,169.09,190.20638
2022-08-10T19:00:00.000000000,178.82,186.25575
2022-08-10T20:00:00.000000000,183.62,183.38837
2022-08-10T21:00:00.000000000,187.03,181.04842
2022-08-10T22:00:00.000000000,193.67,178.51196
2022-08-10T23:00:00.000000000,170.99,175.78902
2022-08-11T00:00:00.000000000,167.83,176.11318
2022-08-11T01:00:00.000000000,173.46,173.29411
2022-08-11T02:00:00.000000000,170.83,172.02859
2022-08-11T03:00:00.000000000,176.38,172.56242
2022-08-11T04:00:00.000000000,174.5,175.27838
2022-08-11T05:00:00.000000000,150.53,179.62019
2022-08-11T06:00:00.000000000,162.44,186.53995
2022-08-11T07:00:00.000000000,173.11,194.78478
2022-08-11T08:00:00.000000000,170.28,200.62277
2022-08-11T09:00:00.000000000,162.28,205.26936
2022-08-11T10:00:00.000000000,159.68,209.19814
2022-08-11T11:00:00.000000000,170.35,211.38408
2022-08-11T12:00:00.000000000,165.06,211.46914
2022-08-11T13:00:00.000000000,218.29,211.35027
2022-08-11T14:00:00.000000000,227.15,209.61593
2022-08-11T15:00:00.000000000,209.48,207.44561
2022-08-11T16:00:00.000000000,188.38,204.54405
2022-08-11T17:00:00.000000000,185.9,200.96219
2022-08-11T18:00:00.000000000,178.2,195.79546
2022-08-11T19:00:00.000000000,174.91,191.2075
2022-08-11T20:00:00.000000000,167.98,187.69657
2022-08-11T21:00:00.000000000,167.21,184.79401
2022-08-11T22:00:00.000000000,174.87,181.6786
2022-08-11T23:00:00.000000000,178.76,178.51781
2022-08-12T00:00:00.000000000,186.87,174.60883
2022-08-12T01:00:00.000000000,175.13,173.54336
2022-08-12T02:00:00.000000000,175.16,174.27525
2022-08-12T03:00:00.000000000,175.95,176.64314
2022-08-12T04:00:00.000000000,176.95,181.08467
2022-08-12T05:00:00.000000000,198.27,186.79282
2022-08-12T06:00:00.000000000,213.74,194.52528
2022-08-12T07:00:00.000000000,191.1,203.31956
2022-08-12T08:00:00.000000000,206.04,209.4519
2022-08-12T09:00:00.000000000,214.8,214.45467
2022-08-12T10:00:00.000000000,206.4,218.40205
2022-08-12T11:00:00.000000000,200.49,220.20815
2022-08-12T12:00:00.000000000,201.5,219.37852
2022-08-12T13:00:00.000000000,194.39,218.05306
2022-08-12T14:00:00.000000000,188.04,214.76624
2022-08-12T15:00:00.000000000,186.38,211.10806
2022-08-12T16:00:00.000000000,189.31,207.08503
2022-08-12T17:00:00.000000000,168.9,202.92497
2022-08-12T18:00:00.000000000,166.26,197.23428
2022-08-12T19:00:00.000000000,178.63,192.37799
2022-08-12T20:00:00.000000000,183.37,188.62394
2022-08-12T21:00:00.000000000,176.69,185.61675
2022-08-12T22:00:00.000000000,173.29,182.75571
2022-08-12T23:00:00.000000000,167.22,180.54137
2022-08-10T00:00:00.000000000,153.62,160.40291
2022-08-10T01:00:00.000000000,147.29,159.66698
2022-08-10T02:00:00.000000000,141.4,160.15746
2022-08-10T03:00:00.000000000,139.9,161.81493
2022-08-10T04:00:00.000000000,141.45,165.27141
2022-08-10T05:00:00.000000000,141.94,170.12972
2022-08-10T06:00:00.000000000,134.05,177.2405
2022-08-10T07:00:00.000000000,126.24,185.18467
2022-08-10T08:00:00.000000000,125.38,190.58157
2022-08-10T09:00:00.000000000,131.24,195.08578
2022-08-10T10:00:00.000000000,150.72,198.96645
2022-08-10T11:00:00.000000000,160.79,201.40312
2022-08-10T12:00:00.000000000,160.7,202.19277
2022-08-10T13:00:00.000000000,156.87,202.53039
2022-08-10T14:00:00.000000000,164.44,201.0779
2022-08-10T15:00:00.000000000,174.02,198.88469
2022-08-10T16:00:00.000000000,197.82,195.77921
2022-08-10T17:00:00.000000000,200.06,192.02319
2022-08-10T18:00:00.000000000,169.09,186.80089
2022-08-10T19:00:00.000000000,178.82,182.39042
2022-08-10T20:00:00.000000000,183.62,179.12108
2022-08-10T21:00:00.000000000,187.03,176.60565
2022-08-10T22:00:00.000000000,193.67,174.1683
2022-08-10T23:00:00.000000000,170.99,172.00334
2022-08-11T00:00:00.000000000,167.83,172.24546
2022-08-11T01:00:00.000000000,173.46,169.42047
2022-08-11T02:00:00.000000000,170.83,168.18988
2022-08-11T03:00:00.000000000,176.38,169.0603
2022-08-11T04:00:00.000000000,174.5,172.19821
2022-08-11T05:00:00.000000000,150.53,177.00162
2022-08-11T06:00:00.000000000,162.44,184.38872
2022-08-11T07:00:00.000000000,173.11,192.84159
2022-08-11T08:00:00.000000000,170.28,198.47198
2022-08-11T09:00:00.000000000,162.28,202.50055
2022-08-11T10:00:00.000000000,159.68,205.84431
2022-08-11T11:00:00.000000000,170.35,207.52907
2022-08-11T12:00:00.000000000,165.06,207.63203
2022-08-11T13:00:00.000000000,218.29,208.01601
2022-08-11T14:00:00.000000000,227.15,207.31973
2022-08-11T15:00:00.000000000,209.48,206.33912
2022-08-11T16:00:00.000000000,188.38,204.44991
2022-08-11T17:00:00.000000000,185.9,201.45031
2022-08-11T18:00:00.000000000,178.2,196.8994
2022-08-11T19:00:00.000000000,174.91,192.6094
2022-08-11T20:00:00.000000000,167.98,189.42936
2022-08-11T21:00:00.000000000,167.21,186.76762
2022-08-11T22:00:00.000000000,174.87,183.57035
2022-08-11T23:00:00.000000000,178.76,179.94564
2022-08-12T00:00:00.000000000,186.87,178.55791
2022-08-12T01:00:00.000000000,175.13,176.06218
2022-08-12T02:00:00.000000000,175.16,175.08826
2022-08-12T03:00:00.000000000,175.95,175.68828
2022-08-12T04:00:00.000000000,176.95,178.27102
2022-08-12T05:00:00.000000000,198.27,182.21225
2022-08-12T06:00:00.000000000,213.74,188.46269
2022-08-12T07:00:00.000000000,191.1,195.93367
2022-08-12T08:00:00.000000000,206.04,201.06327
2022-08-12T09:00:00.000000000,214.8,204.95582
2022-08-12T10:00:00.000000000,206.4,208.22043
2022-08-12T11:00:00.000000000,200.49,209.89896
2022-08-12T12:00:00.000000000,201.5,209.64647
2022-08-12T13:00:00.000000000,194.39,209.31349
2022-08-12T14:00:00.000000000,188.04,207.4034
2022-08-12T15:00:00.000000000,186.38,205.25628
2022-08-12T16:00:00.000000000,189.31,202.42714
2022-08-12T17:00:00.000000000,168.9,199.02016
2022-08-12T18:00:00.000000000,166.26,194.07437
2022-08-12T19:00:00.000000000,178.63,189.78901
2022-08-12T20:00:00.000000000,183.37,186.5785
2022-08-12T21:00:00.000000000,176.69,183.95299
2022-08-12T22:00:00.000000000,173.29,181.10704
2022-08-12T23:00:00.000000000,167.22,178.13378
2022-08-13T00:00:00.000000000,163.35,173.26767
2022-08-13T01:00:00.000000000,145.31,171.01694
2022-08-13T02:00:00.000000000,140.08,170.0348
2022-08-13T03:00:00.000000000,156.85,170.53736
2022-08-13T04:00:00.000000000,159.61,172.85678
2022-08-13T05:00:00.000000000,167.61,176.41884
2022-08-13T06:00:00.000000000,199.89,182.20182
2022-08-13T07:00:00.000000000,170.98,189.21231
2022-08-13T08:00:00.000000000,187.0,193.98239
2022-08-13T09:00:00.000000000,174.24,197.51095
2022-08-13T10:00:00.000000000,146.34,200.62135
2022-08-13T11:00:00.000000000,139.1,202.34905
2022-08-13T12:00:00.000000000,135.09,202.5791
2022-08-13T13:00:00.000000000,133.85,202.9556
2022-08-13T14:00:00.000000000,130.32,201.90424
2022-08-13T15:00:00.000000000,119.92,200.51418
2022-08-13T16:00:00.000000000,114.95,198.23463
2022-08-13T17:00:00.000000000,117.16,195.16066
2022-08-13T18:00:00.000000000,141.9,190.61581
2022-08-13T19:00:00.000000000,142.21,186.70884
2022-08-13T20:00:00.000000000,139.9,183.9214
2022-08-13T21:00:00.000000000,141.94,181.72489
2022-08-13T22:00:00.000000000,130.83,179.13923
2022-08-13T23:00:00.000000000,113.32,176.06251
2022-08-11T00:00:00.000000000,167.83,175.94216
2022-08-11T01:00:00.000000000,173.46,172.99112
2022-08-11T02:00:00.000000000,170.83,171.16563
2022-08-11T03:00:00.000000000,176.38,171.03667
2022-08-11T04:00:00.000000000,174.5,172.71085
2022-08-11T05:00:00.000000000,150.53,175.6628
2022-08-11T06:00:00.000000000,162.44,181.01048
2022-08-11T07:00:00.000000000,173.11,188.27414
2022-08-11T08:00:00.000000000,170.28,193.79585
2022-08-11T09:00:00.000000000,162.28,198.25238
2022-08-11T10:00:00.000000000,159.68,202.56697
2022-08-11T11:00:00.000000000,170.35,205.45891
2022-08-11T12:00:00.000000000,165.06,206.58465
2022-08-11T13:00:00.000000000,218.29,207.71342
2022-08-11T14:00:00.000000000,227.15,207.31839
2022-08-11T15:00:00.000000000,209.48,206.32011
2022-08-11T16:00:00.000000000,188.38,204.30685
2022-08-11T17:00:00.000000000,185.9,201.40696
2022-08-11T18:00:00.000000000,178.2,196.85257
2022-08-11T19:00:00.000000000,174.91,192.74674
2022-08-11T20:00:00.000000000,167.98,189.51829
2022-08-11T21:00:00.000000000,167.21,186.937
2022-08-11T22:00:00.000000000,174.87,183.89967
2022-08-11T23:00:00.000000000,178.76,180.22722
2022-08-12T00:00:00.000000000,186.87,178.25522
2022-08-12T01:00:00.000000000,175.13,175.32462
2022-08-12T02:00:00.000000000,175.16,173.88879
2022-08-12T03:00:00.000000000,175.95,174.09258
2022-08-12T04:00:00.000000000,176.95,176.37583
2022-08-12T05:00:00.000000000,198.27,180.19385
2022-08-12T06:00:00.000000000,213.74,186.50284
2022-08-12T07:00:00.000000000,191.1,194.08298
2022-08-12T08:00:00.000000000,206.04,199.35549
2022-08-12T09:00:00.000000000,214.8,203.41716
2022-08-12T10:00:00.000000000,206.4,206.82813
2022-08-12T11:00:00.000000000,200.49,208.68586
2022-08-12T12:00:00.000000000,201.5,208.61391
2022-08-12T13:00:00.000000000,194.39,208.42049
2022-08-12T14:00:00.000000000,188.04,206.59649
2022-08-12T15:00:00.000000000,186.38,204.43807
2022-08-12T16:00:00.000000000,189.31,201.53466
2022-08-12T17:00:00.000000000,168.9,197.99224
2022-08-12T18:00:00.000000000,166.26,192.93862
2022-08-12T19:00:00.000000000,178.63,188.58236
2022-08-12T20:00:00.000000000,183.37,185.34719
2022-08-12T21:00:00.000000000,176.69,182.71266
2022-08-12T22:00:00.000000000,173.29,179.83054
2022-08-12T23:00:00.000000000,167.22,176.77743
2022-08-13T00:00:00.000000000,163.35,172.94898
2022-08-13T01:00:00.000000000,145.31,170.53374
2022-08-13T02:00:00.000000000,140.08,169.442
2022-08-13T03:00:00.000000000,156.85,169.90904
2022-08-13T04:00:00.000000000,159.61,172.30152
2022-08-13T05:00:00.000000000,167.61,176.05436
2022-08-13T06:00:00.000000000,199.89,182.12136
2022-08-13T07:00:00.000000000,170.98,189.33565
2022-08-13T08:00:00.000000000,187.0,194.20305
2022-08-13T09:00:00.000000000,174.24,197.75572
2022-08-13T10:00:00.000000000,146.34,200.81329
2022-08-13T11:00:00.000000000,139.1,202.47367
2022-08-13T12:00:00.000000000,135.09,202.63656
2022-08-13T13:00:00.000000000,133.85,202.94957
2022-08-13T14:00:00.000000000,130.32,201.8634
2022-08-13T15:00:00.000000000,119.92,200.43279
2022-08-13T16:00:00.000000000,114.95,198.09623
2022-08-13T17:00:00.000000000,117.16,194.92069
2022-08-13T18:00:00.000000000,141.9,190.28866
2022-08-13T19:00:00.000000000,142.21,186.28455
2022-08-13T20:00:00.000000000,139.9,183.43568
2022-08-13T21:00:00.000000000,141.94,181.18175
2022-08-13T22:00:00.000000000,130.83,178.53235
2022-08-13T23:00:00.000000000,113.32,175.41663
2022-08-14T00:00:00.000000000,104.5,173.84625
2022-08-14T01:00:00.000000000,106.69,171.32491
2022-08-14T02:00:00.000000000,109.19,170.26947
2022-08-14T03:00:00.000000000,117.16,171.02787
2022-08-14T04:00:00.000000000,122.65,173.88561
2022-08-14T05:00:00.000000000,149.12,178.231
2022-08-14T06:00:00.000000000,169.02,184.98705
2022-08-14T07:00:00.000000000,192.96,193.01575
2022-08-14T08:00:00.000000000,200.56,198.58988
2022-08-14T09:00:00.000000000,152.54,202.7407
2022-08-14T10:00:00.000000000,150.01,206.24315
2022-08-14T11:00:00.000000000,149.35,208.11915
2022-08-14T12:00:00.000000000,151.03,208.19256
2022-08-14T13:00:00.000000000,156.27,208.30905
2022-08-14T14:00:00.000000000,147.56,207.07118
2022-08-14T15:00:00.000000000,132.76,205.46697
2022-08-14T16:00:00.000000000,120.58,203.01641
2022-08-14T17:00:00.000000000,117.69,199.7327
2022-08-14T18:00:00.000000000,112.79,194.93084
2022-08-14T19:00:00.000000000,112.39,190.64442
2022-08-14T20:00:00.000000000,136.32,187.44409
2022-08-14T21:00:00.000000000,140.51,184.86992
2022-08-14T22:00:00.000000000,172.75,181.88816
2022-08-14T23:00:00.000000000,161.04,178.54639
2022-08-12T00:00:00.000000000,186.87,175.22611
2022-08-12T01:00:00.000000000,175.13,172.82275
2022-08-12T02:00:00.000000000,175.16,171.95993
2022-08-12T03:00:00.000000000,175.95,172.85541
2022-08-12T04:00:00.000000000,176.95,175.78356
2022-08-12T05:00:00.000000000,198.27,180.12254
2022-08-12T06:00:00.000000000,213.74,186.78611
2022-08-12T07:00:00.000000000,191.1,194.26225
2022-08-12T08:00:00.000000000,206.04,198.84681
2022-08-12T09:00:00.000000000,214.8,201.7159
2022-08-12T10:00:00.000000000,206.4,203.8203
2022-08-12T11:00:00.000000000,200.49,204.45013
2022-08-12T12:00:00.000000000,201.5,203.74747
2022-08-12T13:00:00.000000000,194.39,203.57131
2022-08-12T14:00:00.000000000,188.04,202.46361
2022-08-12T15:00:00.000000000,186.38,201.46859
2022-08-12T16:00:00.000000000,189.31,199.63643
2022-08-12T17:00:00.000000000,168.9,196.80912
2022-08-12T18:00:00.000000000,166.26,192.58677
2022-08-12T19:00:00.000000000,178.63,188.84612
2022-08-12T20:00:00.000000000,183.37,186.35405
2022-08-12T21:00:00.000000000,176.69,184.34916
2022-08-12T22:00:00.000000000,173.29,181.74137
2022-08-12T23:00:00.000000000,167.22,178.54003
2022-08-13T00:00:00.000000000,163.35,172.13058
2022-08-13T01:00:00.000000000,145.31,170.1011
2022-08-13T02:00:00.000000000,140.08,169.26078
2022-08-13T03:00:00.000000000,156.85,169.73544
2022-08-13T04:00:00.000000000,159.61,171.90295
2022-08-13T05:00:00.000000000,167.61,175.22286
2022-08-13T06:00:00.000000000,199.89,180.67942
2022-08-13T07:00:00.000000000,170.98,187.31323
2022-08-13T08:00:00.000000000,187.0,191.77126
2022-08-13T09:00:00.000000000,174.24,195.13326
2022-08-13T10:00:00.000000000,146.34,198.14699
2022-08-13T11:00:00.000000000,139.1,199.87411
2022-08-13T12:00:00.000000000,135.09,200.21201
2022-08-13T13:00:00.000000000,133.85,200.6841
2022-08-13T14:00:00.000000000,130.32,199.62385
2022-08-13T15:00:00.000000000,119.92,198.20529
2022-08-13T16:00:00.000000000,114.95,195.89365
2022-08-13T17:00:00.000000000,117.16,192.84952
2022-08-13T18:00:00.000000000,141.9,188.35507
2022-08-13T19:00:00.000000000,142.21,184.57772
2022-08-13T20:00:00.000000000,139.9,181.94092
2022-08-13T21:00:00.000000000,141.94,179.87964
2022-08-13T22:00:00.000000000,130.83,177.50019
2022-08-13T23:00:00.000000000,113.32,174.67101
2022-08-14T00:00:00.000000000,104.5,172.33543
2022-08-14T01:00:00.000000000,106.69,170.22081
2022-08-14T02:00:00.000000000,109.19,169.56101
2022-08-14T03:00:00.000000000,117.16,170.48699
2022-08-14T04:00:00.000000000,122.65,173.427
2022-08-14T05:00:00.000000000,149.12,177.79681
2022-08-14T06:00:00.000000000,169.02,184.49437
2022-08-14T07:00:00.000000000,192.96,192.31832
2022-08-14T08:00:00.000000000,200.56,197.70992
2022-08-14T09:00:00.000000000,152.54,201.82167
2022-08-14T10:00:00.000000000,150.01,205.29204
2022-08-14T11:00:00.000000000,149.35,207.17633
2022-08-14T12:00:00.000000000,151.03,207.24848
2022-08-14T13:00:00.000000000,156.27,207.22955
2022-08-14T14:00:00.000000000,147.56,205.71124
2022-08-14T15:00:00.000000000,132.76,203.78602
2022-08-14T16:00:00.000000000,120.58,201.05093
2022-08-14T17:00:00.000000000,117.69,197.60646
2022-08-14T18:00:00.000000000,112.79,192.6385
2022-08-14T19:00:00.000000000,112.39,188.29467
2022-08-14T20:00:00.000000000,136.32,185.0462
2022-08-14T21:00:00.000000000,140.51,182.43896
2022-08-14T22:00:00.000000000,172.75,179.59633
2022-08-14T23:00:00.000000000,161.04,176.60641
2022-08-15T00:00:00.000000000,158.4,173.31228
2022-08-15T01:00:00.000000000,152.22,170.96446
2022-08-15T02:00:00.000000000,152.37,170.05087
2022-08-15T03:00:00.000000000,164.69,170.94645
2022-08-15T04:00:00.000000000,163.53,173.90167
2022-08-15T05:00:00.000000000,161.87,178.27867
2022-08-15T06:00:00.000000000,202.17,185.01428
2022-08-15T07:00:00.000000000,202.7,193.08096
2022-08-15T08:00:00.000000000,174.68,198.73086
2022-08-15T09:00:00.000000000,179.7,202.94866
2022-08-15T10:00:00.000000000,173.53,206.54928
2022-08-15T11:00:00.000000000,173.08,208.50057
2022-08-15T12:00:00.000000000,187.39,208.63281
2022-08-15T13:00:00.000000000,185.72,208.81507
2022-08-15T14:00:00.000000000,184.93,207.6883
2022-08-15T15:00:00.000000000,167.63,206.1832
2022-08-15T16:00:00.000000000,164.95,203.8204
2022-08-15T17:00:00.000000000,181.83,200.61171
2022-08-15T18:00:00.000000000,181.79,195.85305
2022-08-15T19:00:00.000000000,169.98,191.56357
2022-08-15T20:00:00.000000000,182.63,188.31725
2022-08-15T21:00:00.000000000,175.36,185.71226
2022-08-15T22:00:00.000000000,161.24,182.69393
2022-08-15T23:00:00.000000000,169.82,179.29167
2022-08-13T00:00:00.000000000,163.35,167.10269
2022-08-13T01:00:00.000000000,145.31,166.06063
2022-08-13T02:00:00.000000000,140.08,166.14856
2022-08-13T03:00:00.000000000,156.85,167.26303
2022-08-13T04:00:00.000000000,159.61,169.85398
2022-08-13T05:00:00.000000000,167.61,173.38247
2022-08-13T06:00:00.000000000,199.89,178.87541
2022-08-13T07:00:00.000000000,170.98,185.31144
2022-08-13T08:00:00.000000000,187.0,189.50589
2022-08-13T09:00:00.000000000,174.24,192.82202
2022-08-13T10:00:00.000000000,146.34,195.88087
2022-08-13T11:00:00.000000000,139.1,197.74436
2022-08-13T12:00:00.000000000,135.09,198.29699
2022-08-13T13:00:00.000000000,133.85,198.83143
2022-08-13T14:00:00.000000000,130.32,197.71154
2022-08-13T15:00:00.000000000,119.92,196.14968
2022-08-13T16:00:00.000000000,114.95,193.73351
2022-08-13T17:00:00.000000000,117.16,190.66029
2022-08-13T18:00:00.000000000,141.9,186.08421
2022-08-13T19:00:00.000000000,142.21,182.21929
2022-08-13T20:00:00.000000000,139.9,179.45434
2022-08-13T21:00:00.000000000,141.94,177.24146
2022-08-13T22:00:00.000000000,130.83,174.93906
2022-08-13T23:00:00.000000000,113.32,172.48702
2022-08-14T00:00:00.000000000,104.5,170.8206
2022-08-14T01:00:00.000000000,106.69,168.8919
2022-08-14T02:00:00.000000000,109.19,168.42705
2022-08-14T03:00:00.000000000,117.16,169.54327
2022-08-14T04:00:00.000000000,122.65,172.67002
2022-08-14T05:00:00.000000000,149.12,177.21816
2022-08-14T06:00:00.000000000,169.02,184.05513
2022-08-14T07:00:00.000000000,192.96,191.91067
2022-08-14T08:00:00.000000000,200.56,197.23193
2022-08-14T09:00:00.000000000,152.54,201.21739
2022-08-14T10:00:00.000000000,150.01,204.53663
2022-08-14T11:00:00.000000000,149.35,206.28183
2022-08-14T12:00:00.000000000,151.03,206.30455
2022-08-14T13:00:00.000000000,156.27,206.28777
2022-08-14T14:00:00.000000000,147.56,204.82777
2022-08-14T15:00:00.000000000,132.76,202.98191
2022-08-14T16:00:00.000000000,120.58,200.31054
2022-08-14T17:00:00.000000000,117.69,196.89849
2022-08-14T18:00:00.000000000,112.79,191.99577
2022-08-14T19:00:00.000000000,112.39,187.71591
2022-08-14T20:00:00.000000000,136.32,184.56395
2022-08-14T21:00:00.000000000,140.51,182.05163
2022-08-14T22:00:00.000000000,172.75,179.28142
2022-08-14T23:00:00.000000000,161.04,176.34712
2022-08-15T00:00:00.000000000,158.4,173.31069
2022-08-15T01:00:00.000000000,152.22,171.14911
2022-08-15T02:00:00.000000000,152.37,170.47533
2022-08-15T03:00:00.000000000,164.69,171.50395
2022-08-15T04:00:00.000000000,163.53,174.57704
2022-08-15T05:00:00.000000000,161.87,179.0618
2022-08-15T06:00:00.000000000,202.17,185.8603
2022-08-15T07:00:00.000000000,202.7,193.85499
2022-08-15T08:00:00.000000000,174.68,199.3808
2022-08-15T09:00:00.000000000,179.7,203.53625
2022-08-15T10:00:00.000000000,173.53,207.02638
2022-08-15T11:00:00.000000000,173.08,208.86124
2022-08-15T12:00:00.000000000,187.39,208.83875
2022-08-15T13:00:00.000000000,185.72,208.79045
2022-08-15T14:00:00.000000000,184.93,207.33263
2022-08-15T15:00:00.000000000,167.63,205.52118
2022-08-15T16:00:00.000000000,164.95,202.91556
2022-08-15T17:00:00.000000000,181.83,199.57116
2022-08-15T18:00:00.000000000,181.79,194.6921
2022-08-15T19:00:00.000000000,169.98,190.36859
2022-08-15T20:00:00.000000000,182.63,187.1163
2022-08-15T21:00:00.000000000,175.36,184.49903
2022-08-15T22:00:00.000000000,161.24,181.57262
2022-08-15T23:00:00.000000000,169.82,178.42664
2022-08-16T00:00:00.000000000,166.32,174.93564
2022-08-16T01:00:00.000000000,171.17,172.34858
2022-08-16T02:00:00.000000000,178.18,171.23742
2022-08-16T03:00:00.000000000,181.16,171.91603
2022-08-16T04:00:00.000000000,180.03,174.69793
2022-08-16T05:00:00.000000000,182.49,178.98286
2022-08-16T06:00:00.000000000,181.07,185.71956
2022-08-16T07:00:00.000000000,185.0,193.80933
2022-08-16T08:00:00.000000000,169.72,199.52075
2022-08-16T09:00:00.000000000,187.88,203.91157
2022-08-16T10:00:00.000000000,186.86,207.65379
2022-08-16T11:00:00.000000000,186.67,209.7181
2022-08-16T12:00:00.000000000,203.78,209.83441
2022-08-16T13:00:00.000000000,202.34,209.88697
2022-08-16T14:00:00.000000000,195.97,208.49421
2022-08-16T15:00:00.000000000,178.99,206.70268
2022-08-16T16:00:00.000000000,169.29,204.10582
2022-08-16T17:00:00.000000000,181.48,200.7401
2022-08-16T18:00:00.000000000,181.18,195.80443
2022-08-16T19:00:00.000000000,196.88,191.39301
2022-08-16T20:00:00.000000000,191.74,188.02951
2022-08-16T21:00:00.000000000,182.82,185.29291
2022-08-16T22:00:00.000000000,176.63,182.22721
2022-08-16T23:00:00.000000000,167.13,178.9113
2022-08-14T00:00:00.000000000,104.5,114.48364
2022-08-14T01:00:00.000000000,106.69,115.31253
2022-08-14T02:00:00.000000000,109.19,116.41906
2022-08-14T03:00:00.000000000,117.16,117.82885
2022-08-14T04:00:00.000000000,122.65,119.97954
2022-08-14T05:00:00.000000000,149.12,123.31146
2022-08-14T06:00:00.000000000,169.02,128.57856
2022-08-14T07:00:00.000000000,192.96,135.36364
2022-08-14T08:00:00.000000000,200.56,141.5139
2022-08-14T09:00:00.000000000,152.54,148.21863
2022-08-14T10:00:00.000000000,150.01,155.25888
2022-08-14T11:00:00.000000000,149.35,161.25344
2022-08-14T12:00:00.000000000,151.03,165.4423
2022-08-14T13:00:00.000000000,156.27,168.27254
2022-08-14T14:00:00.000000000,147.56,169.22226
2022-08-14T15:00:00.000000000,132.76,168.12342
2022-08-14T16:00:00.000000000,120.58,165.98695
2022-08-14T17:00:00.000000000,117.69,163.12387
2022-08-14T18:00:00.000000000,112.79,158.24759
2022-08-14T19:00:00.000000000,112.39,153.58044
2022-08-14T20:00:00.000000000,136.32,149.19122
2022-08-14T21:00:00.000000000,140.51,145.3233
2022-08-14T22:00:00.000000000,172.75,142.21541
2022-08-14T23:00:00.000000000,161.04,139.75154
2022-08-15T00:00:00.000000000,158.4,141.06463
2022-08-15T01:00:00.000000000,152.22,140.81767
2022-08-15T02:00:00.000000000,152.37,141.18171
2022-08-15T03:00:00.000000000,164.69,142.41755
2022-08-15T04:00:00.000000000,163.53,144.27332
2022-08-15T05:00:00.000000000,161.87,146.83831
2022-08-15T06:00:00.000000000,202.17,151.33448
2022-08-15T07:00:00.000000000,202.7,157.00913
2022-08-15T08:00:00.000000000,174.68,161.05614
2022-08-15T09:00:00.000000000,179.7,165.11384
2022-08-15T10:00:00.000000000,173.53,169.84926
2022-08-15T11:00:00.000000000,173.08,173.97617
2022-08-15T12:00:00.000000000,187.39,177.54111
2022-08-15T13:00:00.000000000,185.72,181.24693
2022-08-15T14:00:00.000000000,184.93,183.54603
2022-08-15T15:00:00.000000000,167.63,184.85588
2022-08-15T16:00:00.000000000,164.95,184.8395
2022-08-15T17:00:00.000000000,181.83,183.59754
2022-08-15T18:00:00.000000000,181.79,180.36388
2022-08-15T19:00:00.000000000,169.98,177.01305
2022-08-15T20:00:00.000000000,182.63,174.07059
2022-08-15T21:00:00.000000000,175.36,171.35224
2022-08-15T22:00:00.000000000,161.24,168.65667
2022-08-15T23:00:00.000000000,169.82,165.85257
2022-08-16T00:00:00.000000000,166.32,166.30905
2022-08-16T01:00:00.000000000,171.17,164.24182
2022-08-16T02:00:00.000000000,178.18,163.12784
2022-08-16T03:00:00.000000000,181.16,163.31453
2022-08-16T04:00:00.000000000,180.03,165.0463
2022-08-16T05:00:00.000000000,182.49,167.94709
2022-08-16T06:00:00.000000000,181.07,173.16928
2022-08-16T07:00:00.000000000,185.0,179.92169
2022-08-16T08:00:00.000000000,169.72,184.88111
2022-08-16T09:00:00.000000000,187.88,189.01666
2022-08-16T10:00:00.000000000,186.86,193.11605
2022-08-16T11:00:00.000000000,186.67,195.96264
2022-08-16T12:00:00.000000000,203.78,197.39894
2022-08-16T13:00:00.000000000,202.34,198.9151
2022-08-16T14:00:00.000000000,195.97,199.08635
2022-08-16T15:00:00.000000000,178.99,198.62899
2022-08-16T16:00:00.000000000,169.29,197.04387
2022-08-16T17:00:00.000000000,181.48,194.44716
2022-08-16T18:00:00.000000000,181.18,190.07045
2022-08-16T19:00:00.000000000,196.88,186.04796
2022-08-16T20:00:00.000000000,191.74,182.83302
2022-08-16T21:00:00.000000000,182.82,180.18786
2022-08-16T22:00:00.000000000,176.63,177.29183
2022-08-16T23:00:00.000000000,167.13,173.9562
2022-08-17T00:00:00.000000000,168.94,171.90883
2022-08-17T01:00:00.000000000,159.6,169.83191
2022-08-17T02:00:00.000000000,171.93,169.11942
2022-08-17T03:00:00.000000000,186.13,170.08211
2022-08-17T04:00:00.000000000,196.84,172.95337
2022-08-17T05:00:00.000000000,205.09,177.08837
2022-08-17T06:00:00.000000000,234.26,183.4426
2022-08-17T07:00:00.000000000,255.72,190.95682
2022-08-17T08:00:00.000000000,250.68,196.01943
2022-08-17T09:00:00.000000000,262.27,199.6253
2022-08-17T10:00:00.000000000,276.78,202.73534
2022-08-17T11:00:00.000000000,271.39,204.35412
2022-08-17T12:00:00.000000000,269.86,204.4698
2022-08-17T13:00:00.000000000,274.5,204.82538
2022-08-17T14:00:00.000000000,263.53,203.98206
2022-08-17T15:00:00.000000000,232.82,202.85204
2022-08-17T16:00:00.000000000,225.95,200.82611
2022-08-17T17:00:00.000000000,223.66,197.88898
2022-08-17T18:00:00.000000000,211.96,193.44002
2022-08-17T19:00:00.000000000,208.73,189.44163
2022-08-17T20:00:00.000000000,195.88,186.5224
2022-08-17T21:00:00.000000000,192.42,184.19237
2022-08-17T22:00:00.000000000,179.18,181.40236
2022-08-17T23:00:00.000000000,171.95,178.09728
2022-08-15T00:00:00.000000000,158.4,162.65819
2022-08-15T01:00:00.000000000,152.22,161.53305
2022-08-15T02:00:00.000000000,152.37,161.15629
2022-08-15T03:00:00.000000000,164.69,161.63279
2022-08-15T04:00:00.000000000,163.53,162.94873
2022-08-15T05:00:00.000000000,161.87,164.8174
2022-08-15T06:00:00.000000000,202.17,168.58513
2022-08-15T07:00:00.000000000,202.7,173.66011
2022-08-15T08:00:00.000000000,174.68,177.05309
2022-08-15T09:00:00.000000000,179.7,180.13724
2022-08-15T10:00:00.000000000,173.53,183.6652
2022-08-15T11:00:00.000000000,173.08,186.38791
2022-08-15T12:00:00.000000000,187.39,188.27486
2022-08-15T13:00:00.000000000,185.72,190.44108
2022-08-15T14:00:00.000000000,184.93,191.20391
2022-08-15T15:00:00.000000000,167.63,191.53863
2022-08-15T16:00:00.000000000,164.95,190.84737
2022-08-15T17:00:00.000000000,181.83,189.20586
2022-08-15T18:00:00.000000000,181.79,185.68787
2022-08-15T19:00:00.000000000,169.98,182.3611
2022-08-15T20:00:00.000000000,182.63,179.66396
2022-08-15T21:00:00.000000000,175.36,177.25987
2022-08-15T22:00:00.000000000,161.24,174.75634
2022-08-15T23:00:00.000000000,169.82,171.96204
2022-08-16T00:00:00.000000000,166.32,169.64448
2022-08-16T01:00:00.000000000,171.17,167.49373
2022-08-16T02:00:00.000000000,178.18,166.73832
2022-08-16T03:00:00.000000000,181.16,167.90906
2022-08-16T04:00:00.000000000,180.03,171.13946
2022-08-16T05:00:00.000000000,182.49,175.78179
2022-08-16T06:00:00.000000000,181.07,182.77467
2022-08-16T07:00:00.000000000,185.0,191.03806
2022-08-16T08:00:00.000000000,169.72,196.75262
2022-08-16T09:00:00.000000000,187.88,200.89516
2022-08-16T10:00:00.000000000,186.86,204.46803
2022-08-16T11:00:00.000000000,186.67,206.40691
2022-08-16T12:00:00.000000000,203.78,206.73567
2022-08-16T13:00:00.000000000,202.34,207.29016
2022-08-16T14:00:00.000000000,195.97,206.7818
2022-08-16T15:00:00.000000000,178.99,205.87789
2022-08-16T16:00:00.000000000,169.29,204.00801
2022-08-16T17:00:00.000000000,181.48,201.07168
2022-08-16T18:00:00.000000000,181.18,196.56398
2022-08-16T19:00:00.000000000,196.88,192.33895
2022-08-16T20:00:00.000000000,191.74,189.13979
2022-08-16T21:00:00.000000000,182.82,186.57196
2022-08-16T22:00:00.000000000,176.63,183.47567
2022-08-16T23:00:00.000000000,167.13,179.84321
2022-08-17T00:00:00.000000000,168.94,175.30089
2022-08-17T01:00:00.000000000,159.6,172.86998
2022-08-17T02:00:00.000000000,171.93,171.94863
2022-08-17T03:00:00.000000000,186.13,172.70514
2022-08-17T04:00:00.000000000,196.84,175.53299
2022-08-17T05:00:00.000000000,205.09,179.83643
2022-08-17T06:00:00.000000000,234.26,186.5451
2022-08-17T07:00:00.000000000,255.72,194.51974
2022-08-17T08:00:00.000000000,250.68,200.1112
2022-08-17T09:00:00.000000000,262.27,204.45811
2022-08-17T10:00:00.000000000,276.78,208.12985
2022-08-17T11:00:00.000000000,271.39,210.12257
2022-08-17T12:00:00.000000000,269.86,210.1153
2022-08-17T13:00:00.000000000,274.5,209.96479
2022-08-17T14:00:00.000000000,263.53,208.26423
2022-08-17T15:00:00.000000000,232.82,206.1833
2022-08-17T16:00:00.000000000,225.95,203.35854
2022-08-17T17:00:00.000000000,223.66,199.87537
2022-08-17T18:00:00.000000000,211.96,194.82811
2022-08-17T19:00:00.000000000,208.73,190.3867
2022-08-17T20:00:00.000000000,195.88,187.00761
2022-08-17T21:00:00.000000000,192.42,184.25254
2022-08-17T22:00:00.000000000,179.18,181.26963
2022-08-17T23:00:00.000000000,171.95,178.1818
2022-08-18T00:00:00.000000000,163.75,176.09124
2022-08-18T01:00:00.000000000,165.06,174.59689
2022-08-18T02:00:00.000000000,175.45,174.37885
2022-08-18T03:00:00.000000000,188.96,175.29115
2022-08-18T04:00:00.000000000,193.44,177.64533
2022-08-18T05:00:00.000000000,193.19,180.80039
2022-08-18T06:00:00.000000000,206.71,185.83177
2022-08-18T07:00:00.000000000,225.72,191.87762
2022-08-18T08:00:00.000000000,179.79,195.67036
2022-08-18T09:00:00.000000000,193.2,198.45433
2022-08-18T10:00:00.000000000,196.42,201.0022
2022-08-18T11:00:00.000000000,191.26,202.3569
2022-08-18T12:00:00.000000000,182.73,202.37053
2022-08-18T13:00:00.000000000,170.4,202.51974
2022-08-18T14:00:00.000000000,181.59,201.1169
2022-08-18T15:00:00.000000000,185.39,199.60585
2022-08-18T16:00:00.000000000,217.36,197.3898
2022-08-18T17:00:00.000000000,238.64,194.57403
2022-08-18T18:00:00.000000000,227.73,190.22125
2022-08-18T19:00:00.000000000,209.16,186.47575
2022-08-18T20:00:00.000000000,200.12,183.7676
2022-08-18T21:00:00.000000000,190.93,181.54088
2022-08-18T22:00:00.000000000,178.41,179.14411
2022-08-18T23:00:00.000000000,165.16,176.54444
2022-08-16T00:00:00.000000000,166.32,166.3645
2022-08-16T01:00:00.000000000,171.17,165.57578
2022-08-16T02:00:00.000000000,178.18,166.26879
2022-08-16T03:00:00.000000000,181.16,168.6714
2022-08-16T04:00:00.000000000,180.03,172.8814
2022-08-16T05:00:00.000000000,182.49,178.12663
2022-08-16T06:00:00.000000000,181.07,185.29237
2022-08-16T07:00:00.000000000,185.0,193.23319
2022-08-16T08:00:00.000000000,169.72,198.25641
2022-08-16T09:00:00.000000000,187.88,201.57496
2022-08-16T10:00:00.000000000,186.86,204.30127
2022-08-16T11:00:00.000000000,186.67,205.4477
2022-08-16T12:00:00.000000000,203.78,205.26282
2022-08-16T13:00:00.000000000,202.34,205.47753
2022-08-16T14:00:00.000000000,195.97,204.82933
2022-08-16T15:00:00.000000000,178.99,204.04868
2022-08-16T16:00:00.000000000,169.29,202.42383
2022-08-16T17:00:00.000000000,181.48,199.79096
2022-08-16T18:00:00.000000000,181.18,195.61692
2022-08-16T19:00:00.000000000,196.88,191.64482
2022-08-16T20:00:00.000000000,191.74,188.71765
2022-08-16T21:00:00.000000000,182.82,186.37054
2022-08-16T22:00:00.000000000,176.63,183.58095
2022-08-16T23:00:00.000000000,167.13,180.41611
2022-08-17T00:00:00.000000000,168.94,175.80497
2022-08-17T01:00:00.000000000,159.6,173.29074
2022-08-17T02:00:00.000000000,171.93,172.31346
2022-08-17T03:00:00.000000000,186.13,173.0692
2022-08-17T04:00:00.000000000,196.84,175.94069
2022-08-17T05:00:00.000000000,205.09,180.33225
2022-08-17T06:00:00.000000000,234.26,187.17949
2022-08-17T07:00:00.000000000,255.72,195.35433
2022-08-17T08:00:00.000000000,250.68,201.1494
2022-08-17T09:00:00.000000000,262.27,205.73145
2022-08-17T10:00:00.000000000,276.78,209.59987
2022-08-17T11:00:00.000000000,271.39,211.71479
2022-08-17T12:00:00.000000000,269.86,211.71294
2022-08-17T13:00:00.000000000,274.5,211.51072
2022-08-17T14:00:00.000000000,263.53,209.71386
2022-08-17T15:00:00.000000000,232.82,207.5093
2022-08-17T16:00:00.000000000,225.95,204.58922
2022-08-17T17:00:00.000000000,223.66,201.03619
2022-08-17T18:00:00.000000000,211.96,195.90024
2022-08-17T19:00:00.000000000,208.73,191.36529
2022-08-17T20:00:00.000000000,195.88,187.88452
2022-08-17T21:00:00.000000000,192.42,185.03289
2022-08-17T22:00:00.000000000,179.18,181.9741
2022-08-17T23:00:00.000000000,171.95,178.86498
2022-08-18T00:00:00.000000000,163.75,174.50079
2022-08-18T01:00:00.000000000,165.06,172.40847
2022-08-18T02:00:00.000000000,175.45,171.5883
2022-08-18T03:00:00.000000000,188.96,172.20382
2022-08-18T04:00:00.000000000,193.44,174.52925
2022-08-18T05:00:00.000000000,193.19,177.94895
2022-08-18T06:00:00.000000000,206.71,183.47651
2022-08-18T07:00:00.000000000,225.72,190.1767
2022-08-18T08:00:00.000000000,179.79,194.60578
2022-08-18T09:00:00.000000000,193.2,197.79798
2022-08-18T10:00:00.000000000,196.42,200.64602
2022-08-18T11:00:00.000000000,191.26,202.15767
2022-08-18T12:00:00.000000000,182.73,202.28235
2022-08-18T13:00:00.000000000,170.4,202.65478
2022-08-18T14:00:00.000000000,181.59,201.6514
2022-08-18T15:00:00.000000000,185.39,200.43153
2022-08-18T16:00:00.000000000,217.36,198.36631
2022-08-18T17:00:00.000000000,238.64,195.51379
2022-08-18T18:00:00.000000000,227.73,191.17765
2022-08-18T19:00:00.000000000,209.16,187.42841
2022-08-18T20:00:00.000000000,200.12,184.77782
2022-08-18T21:00:00.000000000,190.93,182.66364
2022-08-18T22:00:00.000000000,178.41,180.14797
2022-08-18T23:00:00.000000000,165.16,177.11883
2022-08-19T00:00:00.000000000,159.06,177.65541
2022-08-19T01:00:00.000000000,176.14,176.00671
2022-08-19T02:00:00.000000000,187.77,175.71484
2022-08-19T03:00:00.000000000,182.26,176.56898
2022-08-19T04:00:00.000000000,166.38,178.96399
2022-08-19T05:00:00.000000000,166.26,182.27117
2022-08-19T06:00:00.000000000,155.67,187.52028
2022-08-19T07:00:00.000000000,153.82,193.77456
2022-08-19T08:00:00.000000000,139.35,197.75292
2022-08-19T09:00:00.000000000,173.54,200.70629
2022-08-19T10:00:00.000000000,187.81,203.29446
2022-08-19T11:00:00.000000000,207.81,204.63016
2022-08-19T12:00:00.000000000,231.05,204.44957
2022-08-19T13:00:00.000000000,202.55,204.2827
2022-08-19T14:00:00.000000000,221.63,202.46902
2022-08-19T15:00:00.000000000,224.61,200.54667
2022-08-19T16:00:00.000000000,224.61,197.97237
2022-08-19T17:00:00.000000000,223.55,194.89214
2022-08-19T18:00:00.000000000,211.98,190.29495
2022-08-19T19:00:00.000000000,209.0,186.39101
2022-08-19T20:00:00.000000000,206.52,183.55136
2022-08-19T21:00:00.000000000,187.4,181.23139
2022-08-19T22:00:00.000000000,186.97,178.80539
2022-08-19T23:00:00.000000000,182.47,176.30395
2022-08-17T00:00:00.000000000,168.94,167.14152
2022-08-17T01:00:00.000000000,159.6,165.45397
2022-08-17T02:00:00.000000000,171.93,165.38752
2022-08-17T03:00:00.000000000,186.13,167.224
2022-08-17T04:00:00.000000000,196.84,171.17092
2022-08-17T05:00:00.000000000,205.09,176.55526
2022-08-17T06:00:00.000000000,234.26,184.20162
2022-08-17T07:00:00.000000000,255.72,192.32827
2022-08-17T08:00:00.000000000,250.68,197.19825
2022-08-17T09:00:00.000000000,262.27,200.20327
2022-08-17T10:00:00.000000000,276.78,202.48351
2022-08-17T11:00:00.000000000,271.39,203.22788
2022-08-17T12:00:00.000000000,269.86,202.88917
2022-08-17T13:00:00.000000000,274.5,203.16358
2022-08-17T14:00:00.000000000,263.53,202.69616
2022-08-17T15:00:00.000000000,232.82,202.17823
2022-08-17T16:00:00.000000000,225.95,200.71301
2022-08-17T17:00:00.000000000,223.66,198.00617
2022-08-17T18:00:00.000000000,211.96,193.85017
2022-08-17T19:00:00.000000000,208.73,189.91829
2022-08-17T20:00:00.000000000,195.88,187.22736
2022-08-17T21:00:00.000000000,192.42,185.02292
2022-08-17T22:00:00.000000000,179.18,182.22992
2022-08-17T23:00:00.000000000,171.95,178.94036
2022-08-18T00:00:00.000000000,163.75,173.88415
2022-08-18T01:00:00.000000000,165.06,171.59515
2022-08-18T02:00:00.000000000,175.45,170.51607
2022-08-18T03:00:00.000000000,188.96,170.85423
2022-08-18T04:00:00.000000000,193.44,172.91967
2022-08-18T05:00:00.000000000,193.19,176.16355
2022-08-18T06:00:00.000000000,206.71,181.58557
2022-08-18T07:00:00.000000000,225.72,188.30949
2022-08-18T08:00:00.000000000,179.79,192.91193
2022-08-18T09:00:00.000000000,193.2,196.37588
2022-08-18T10:00:00.000000000,196.42,199.50937
2022-08-18T11:00:00.000000000,191.26,201.31645
2022-08-18T12:00:00.000000000,182.73,201.67004
2022-08-18T13:00:00.000000000,170.4,202.1779
2022-08-18T14:00:00.000000000,181.59,201.1962
2022-08-18T15:00:00.000000000,185.39,199.87342
2022-08-18T16:00:00.000000000,217.36,197.6594
2022-08-18T17:00:00.000000000,238.64,194.68604
2022-08-18T18:00:00.000000000,227.73,190.23923
2022-08-18T19:00:00.000000000,209.16,186.45979
2022-08-18T20:00:00.000000000,200.12,183.77926
2022-08-18T21:00:00.000000000,190.93,181.67166
2022-08-18T22:00:00.000000000,178.41,179.17829
2022-08-18T23:00:00.000000000,165.16,176.16189
2022-08-19T00:00:00.000000000,159.06,177.54084
2022-08-19T01:00:00.000000000,176.14,174.60156
2022-08-19T02:00:00.000000000,187.77,173.15289
2022-08-19T03:00:00.000000000,182.26,173.52107
2022-08-19T04:00:00.000000000,166.38,175.961
2022-08-19T05:00:00.000000000,166.26,179.84807
2022-08-19T06:00:00.000000000,155.67,186.15743
2022-08-19T07:00:00.000000000,153.82,193.68728
2022-08-19T08:00:00.000000000,139.35,198.75729
2022-08-19T09:00:00.000000000,173.54,202.36538
2022-08-19T10:00:00.000000000,187.81,205.40305
2022-08-19T11:00:00.000000000,207.81,206.93845
2022-08-19T12:00:00.000000000,231.05,206.83466
2022-08-19T13:00:00.000000000,202.55,206.94279
2022-08-19T14:00:00.000000000,221.63,205.75556
2022-08-19T15:00:00.000000000,224.61,204.36762
2022-08-19T16:00:00.000000000,224.61,202.15181
2022-08-19T17:00:00.000000000,223.55,199.06726
2022-08-19T18:00:00.000000000,211.98,194.47592
2022-08-19T19:00:00.000000000,209.0,190.37119
2022-08-19T20:00:00.000000000,206.52,187.37087
2022-08-19T21:00:00.000000000,187.4,184.91021
2022-08-19T22:00:00.000000000,186.97,181.97659
2022-08-19T23:00:00.000000000,182.47,178.56692
2022-08-20T00:00:00.000000000,190.87,176.0768
2022-08-20T01:00:00.000000000,170.04,173.57008
2022-08-20T02:00:00.000000000,167.15,172.30171
2022-08-20T03:00:00.000000000,167.25,172.51781
2022-08-20T04:00:00.000000000,148.8,174.49646
2022-08-20T05:00:00.000000000,168.69,177.66825
2022-08-20T06:00:00.000000000,172.1,183.04395
2022-08-20T07:00:00.000000000,162.44,189.82321
2022-08-20T08:00:00.000000000,127.96,194.52903
2022-08-20T09:00:00.000000000,152.61,198.06631
2022-08-20T10:00:00.000000000,153.45,201.2733
2022-08-20T11:00:00.000000000,156.16,203.1138
2022-08-20T12:00:00.000000000,153.71,203.41688
2022-08-20T13:00:00.000000000,142.71,203.86604
2022-08-20T14:00:00.000000000,155.09,202.82833
2022-08-20T15:00:00.000000000,152.11,201.47369
2022-08-20T16:00:00.000000000,138.82,199.24783
2022-08-20T17:00:00.000000000,135.62,196.27621
2022-08-20T18:00:00.000000000,165.16,191.81796
2022-08-20T19:00:00.000000000,172.57,188.01545
2022-08-20T20:00:00.000000000,175.63,185.28548
2022-08-20T21:00:00.000000000,191.61,183.13338
2022-08-20T22:00:00.000000000,169.0,180.55846
2022-08-20T23:00:00.000000000,144.02,177.4251
2022-08-18T00:00:00.000000000,163.75,164.36061
2022-08-18T01:00:00.000000000,165.06,165.99821
2022-08-18T02:00:00.000000000,175.45,169.66458
2022-08-18T03:00:00.000000000,188.96,174.75877
2022-08-18T04:00:00.000000000,193.44,181.5225
2022-08-18T05:00:00.000000000,193.19,188.98418
2022-08-18T06:00:00.000000000,206.71,197.63014
2022-08-18T07:00:00.000000000,225.72,206.51037
2022-08-18T08:00:00.000000000,179.79,211.94658
2022-08-18T09:00:00.000000000,193.2,216.17322
2022-08-18T10:00:00.000000000,196.42,219.13383
2022-08-18T11:00:00.000000000,191.26,219.89497
2022-08-18T12:00:00.000000000,182.73,218.26302
2022-08-18T13:00:00.000000000,170.4,216.25911
2022-08-18T14:00:00.000000000,181.59,212.41349
2022-08-18T15:00:00.000000000,185.39,208.53587
2022-08-18T16:00:00.000000000,217.36,204.56409
2022-08-18T17:00:00.000000000,238.64,200.70351
2022-08-18T18:00:00.000000000,227.73,195.42489
2022-08-18T19:00:00.000000000,209.16,190.97116
2022-08-18T20:00:00.000000000,200.12,187.58203
2022-08-18T21:00:00.000000000,190.93,184.87714
2022-08-18T22:00:00.000000000,178.41,182.50718
2022-08-18T23:00:00.000000000,165.16,181.37809
2022-08-19T00:00:00.000000000,159.06,180.11063
2022-08-19T01:00:00.000000000,176.14,177.06527
2022-08-19T02:00:00.000000000,187.77,175.50981
2022-08-19T03:00:00.000000000,182.26,175.57282
2022-08-19T04:00:00.000000000,166.38,177.67316
2022-08-19T05:00:00.000000000,166.26,181.24348
2022-08-19T06:00:00.000000000,155.67,187.25186
2022-08-19T07:00:00.000000000,153.82,194.48753
2022-08-19T08:00:00.000000000,139.35,199.40429
2022-08-19T09:00:00.000000000,173.54,203.05373
2022-08-19T10:00:00.000000000,187.81,206.09352
2022-08-19T11:00:00.000000000,207.81,207.6678
2022-08-19T12:00:00.000000000,231.05,207.44876
2022-08-19T13:00:00.000000000,202.55,207.23406
2022-08-19T14:00:00.000000000,221.63,205.44064
2022-08-19T15:00:00.000000000,224.61,203.42412
2022-08-19T16:00:00.000000000,224.61,200.66225
2022-08-19T17:00:00.000000000,223.55,197.24286
2022-08-19T18:00:00.000000000,211.98,192.34822
2022-08-19T19:00:00.000000000,209.0,188.16044
2022-08-19T20:00:00.000000000,206.52,185.12077
2022-08-19T21:00:00.000000000,187.4,182.65008
2022-08-19T22:00:00.000000000,186.97,179.87005
2022-08-19T23:00:00.000000000,182.47,176.81017
2022-08-20T00:00:00.000000000,190.87,173.70363
2022-08-20T01:00:00.000000000,170.04,171.28794
2022-08-20T02:00:00.000000000,167.15,170.10973
2022-08-20T03:00:00.000000000,167.25,170.39507
2022-08-20T04:00:00.000000000,148.8,172.48736
2022-08-20T05:00:00.000000000,168.69,175.84465
2022-08-20T06:00:00.000000000,172.1,181.44484
2022-08-20T07:00:00.000000000,162.44,188.31247
2022-08-20T08:00:00.000000000,127.96,193.00829
2022-08-20T09:00:00.000000000,152.61,196.5148
2022-08-20T10:00:00.000000000,153.45,199.62782
2022-08-20T11:00:00.000000000,156.16,201.40143
2022-08-20T12:00:00.000000000,153.71,201.70217
2022-08-20T13:00:00.000000000,142.71,202.14628
2022-08-20T14:00:00.000000000,155.09,201.10321
2022-08-20T15:00:00.000000000,152.11,199.70164
2022-08-20T16:00:00.000000000,138.82,197.39421
2022-08-20T17:00:00.000000000,135.62,194.30918
2022-08-20T18:00:00.000000000,165.16,189.77097
2022-08-20T19:00:00.000000000,172.57,185.91665
2022-08-20T20:00:00.000000000,175.63,183.19434
2022-08-20T21:00:00.000000000,191.61,181.06223
2022-08-20T22:00:00.000000000,169.0,178.54038
2022-08-20T23:00:00.000000000,144.02,175.50355
2022-08-21T00:00:00.000000000,134.97,172.97855
2022-08-21T01:00:00.000000000,155.15,171.12089
2022-08-21T02:00:00.000000000,171.92,170.68993
2022-08-21T03:00:00.000000000,169.13,171.89112
2022-08-21T04:00:00.000000000,151.35,174.95135
2022-08-21T05:00:00.000000000,165.09,179.17128
2022-08-21T06:00:00.000000000,181.68,185.50137
2022-08-21T07:00:00.000000000,177.52,192.83732
2022-08-21T08:00:00.000000000,158.68,197.59328
2022-08-21T09:00:00.000000000,197.52,200.82836
2022-08-21T10:00:00.000000000,186.55,203.54938
2022-08-21T11:00:00.000000000,195.17,204.80359
2022-08-21T12:00:00.000000000,199.56,204.63637
2022-08-21T13:00:00.000000000,196.05,204.793
2022-08-21T14:00:00.000000000,210.01,203.81215
2022-08-21T15:00:00.000000000,183.05,202.69076
2022-08-21T16:00:00.000000000,181.21,200.73683
2022-08-21T17:00:00.000000000,183.55,197.90389
2022-08-21T18:00:00.000000000,194.24,193.57122
2022-08-21T19:00:00.000000000,204.5,189.66613
2022-08-21T20:00:00.000000000,193.69,186.85478
2022-08-21T21:00:00.000000000,188.07,184.5939
2022-08-21T22:00:00.000000000,181.47,181.88722
2022-08-21T23:00:00.000000000,174.81,178.70312
2022-08-19T00:00:00.000000000,159.06,174.3015
2022-08-19T01:00:00.000000000,176.14,170.86481
2022-08-19T02:00:00.000000000,187.77,168.57551
2022-08-19T03:00:00.000000000,182.26,168.50757
2022-08-19T04:00:00.000000000,166.38,170.54516
2022-08-19T05:00:00.000000000,166.26,174.15905
2022-08-19T06:00:00.000000000,155.67,180.5174
2022-08-19T07:00:00.000000000,153.82,189.06266
2022-08-19T08:00:00.000000000,139.35,195.64938
2022-08-19T09:00:00.000000000,173.54,200.98123
2022-08-19T10:00:00.000000000,187.81,205.96791
2022-08-19T11:00:00.000000000,207.81,209.32563
2022-08-19T12:00:00.000000000,231.05,210.70398
2022-08-19T13:00:00.000000000,202.55,212.05464
2022-08-19T14:00:00.000000000,221.63,212.04865
2022-08-19T15:00:00.000000000,224.61,211.29579
2022-08-19T16:00:00.000000000,224.61,209.46465
2022-08-19T17:00:00.000000000,223.55,206.48162
2022-08-19T18:00:00.000000000,211.98,201.81326
2022-08-19T19:00:00.000000000,209.0,197.32921
2022-08-19T20:00:00.000000000,206.52,193.71266
2022-08-19T21:00:00.000000000,187.4,190.7918
2022-08-19T22:00:00.000000000,186.97,187.24961
2022-08-19T23:00:00.000000000,182.47,182.97894
2022-08-20T00:00:00.000000000,190.87,180.99174
2022-08-20T01:00:00.000000000,170.04,177.35835
2022-08-20T02:00:00.000000000,167.15,175.25106
2022-08-20T03:00:00.000000000,167.25,175.23131
2022-08-20T04:00:00.000000000,148.8,177.37572
2022-08-20T05:00:00.000000000,168.69,181.05523
2022-08-20T06:00:00.000000000,172.1,187.2992
2022-08-20T07:00:00.000000000,162.44,194.96318
2022-08-20T08:00:00.000000000,127.96,200.16759
2022-08-20T09:00:00.000000000,152.61,203.81881
2022-08-20T10:00:00.000000000,153.45,206.89371
2022-08-20T11:00:00.000000000,156.16,208.44857
2022-08-20T12:00:00.000000000,153.71,208.32952
2022-08-20T13:00:00.000000000,142.71,208.53044
2022-08-20T14:00:00.000000000,155.09,207.50128
2022-08-20T15:00:00.000000000,152.11,206.33786
2022-08-20T16:00:00.000000000,138.82,204.35167
2022-08-20T17:00:00.000000000,135.62,201.41183
2022-08-20T18:00:00.000000000,165.16,196.98698
2022-08-20T19:00:00.000000000,172.57,192.96566
2022-08-20T20:00:00.000000000,175.63,190.04384
2022-08-20T21:00:00.000000000,191.61,187.61467
2022-08-20T22:00:00.000000000,169.0,184.5303
2022-08-20T23:00:00.000000000,144.02,180.76778
2022-08-21T00:00:00.000000000,134.97,179.2355
2022-08-21T01:00:00.000000000,155.15,176.35355
2022-08-21T02:00:00.000000000,171.92,175.02222
2022-08-21T03:00:00.000000000,169.13,175.54462
2022-08-21T04:00:00.000000000,151.35,178.16744
2022-08-21T05:00:00.000000000,165.09,182.22831
2022-08-21T06:00:00.000000000,181.68,188.69633
2022-08-21T07:00:00.000000000,177.52,196.49038
2022-08-21T08:00:00.000000000,158.68,201.84618
2022-08-21T09:00:00.000000000,197.52,205.76582
2022-08-21T10:00:00.000000000,186.55,209.0386
2022-08-21T11:00:00.000000000,195.17,210.66607
2022-08-21T12:00:00.000000000,199.56,210.41403
2022-08-21T13:00:00.000000000,196.05,210.26711
2022-08-21T14:00:00.000000000,210.01,208.75862
2022-08-21T15:00:00.000000000,183.05,207.06511
2022-08-21T16:00:00.000000000,181.21,204.63375
2022-08-21T17:00:00.000000000,183.55,201.44993
2022-08-21T18:00:00.000000000,194.24,196.73315
2022-08-21T19:00:00.000000000,204.5,192.52636
2022-08-21T20:00:00.000000000,193.69,189.3902
2022-08-21T21:00:00.000000000,188.07,186.81067
2022-08-21T22:00:00.000000000,181.47,183.80135
2022-08-21T23:00:00.000000000,174.81,180.41501
2022-08-22T00:00:00.000000000,165.8,160.91005
2022-08-22T01:00:00.000000000,171.11,158.43736
2022-08-22T02:00:00.000000000,168.84,156.87476
2022-08-22T03:00:00.000000000,174.83,156.20103
2022-08-22T04:00:00.000000000,183.01,156.77257
2022-08-22T05:00:00.000000000,192.45,158.51364
2022-08-22T06:00:00.000000000,173.06,162.36394
2022-08-22T07:00:00.000000000,145.0,167.91467
2022-08-22T08:00:00.000000000,176.66,172.50671
2022-08-22T09:00:00.000000000,182.93,176.79984
2022-08-22T10:00:00.000000000,181.44,181.08819
2022-08-22T11:00:00.000000000,174.64,184.38241
2022-08-22T12:00:00.000000000,162.09,185.73846
2022-08-22T13:00:00.000000000,163.21,186.43512
2022-08-22T14:00:00.000000000,163.79,185.17019
2022-08-22T15:00:00.000000000,155.63,183.19333
2022-08-22T16:00:00.000000000,145.61,180.47254
2022-08-22T17:00:00.000000000,160.47,177.35371
2022-08-22T18:00:00.000000000,182.19,172.50867
2022-08-22T19:00:00.000000000,179.18,168.29113
2022-08-22T20:00:00.000000000,188.58,164.68075
2022-08-22T21:00:00.000000000,167.27,161.61355
2022-08-22T22:00:00.000000000,162.23,158.72682
2022-08-22T23:00:00.000000000,165.8,156.02273
2022-08-20T00:00:00.000000000,190.87,181.77965
2022-08-20T01:00:00.000000000,170.04,178.02476
2022-08-20T02:00:00.000000000,167.15,175.97642
2022-08-20T03:00:00.000000000,167.25,176.21324
2022-08-20T04:00:00.000000000,148.8,178.81612
2022-08-20T05:00:00.000000000,168.69,183.17632
2022-08-20T06:00:00.000000000,172.1,190.36478
2022-08-20T07:00:00.000000000,162.44,199.12791
2022-08-20T08:00:00.000000000,127.96,205.31761
2022-08-20T09:00:00.000000000,152.61,210.20947
2022-08-20T10:00:00.000000000,153.45,214.28127
2022-08-20T11:00:00.000000000,156.16,216.40758
2022-08-20T12:00:00.000000000,153.71,216.27761
2022-08-20T13:00:00.000000000,142.71,216.14989
2022-08-20T14:00:00.000000000,155.09,214.55995
2022-08-20T15:00:00.000000000,152.11,212.71468
2022-08-20T16:00:00.000000000,138.82,210.23316
2022-08-20T17:00:00.000000000,135.62,206.96418
2022-08-20T18:00:00.000000000,165.16,202.08093
2022-08-20T19:00:00.000000000,172.57,197.5583
2022-08-20T20:00:00.000000000,175.63,194.11474
2022-08-20T21:00:00.000000000,191.61,191.13102
2022-08-20T22:00:00.000000000,169.0,187.69764
2022-08-20T23:00:00.000000000,144.02,184.0075
2022-08-21T00:00:00.000000000,134.97,182.20777
2022-08-21T01:00:00.000000000,155.15,179.08869
2022-08-21T02:00:00.000000000,171.92,177.64409
2022-08-21T03:00:00.000000000,169.13,178.02967
2022-08-21T04:00:00.000000000,151.35,180.61518
2022-08-21T05:00:00.000000000,165.09,184.79646
2022-08-21T06:00:00.000000000,181.68,191.5742
2022-08-21T07:00:00.000000000,177.52,199.81084
2022-08-21T08:00:00.000000000,158.68,205.70343
2022-08-21T09:00:00.000000000,197.52,210.5066
2022-08-21T10:00:00.000000000,186.55,214.49198
2022-08-21T11:00:00.000000000,195.17,216.58519
2022-08-21T12:00:00.000000000,199.56,216.24504
2022-08-21T13:00:00.000000000,196.05,215.60418
2022-08-21T14:00:00.000000000,210.01,213.17662
2022-08-21T15:00:00.000000000,183.05,210.44235
2022-08-21T16:00:00.000000000,181.21,207.17971
2022-08-21T17:00:00.000000000,183.55,203.46137
2022-08-21T18:00:00.000000000,194.24,198.14068
2022-08-21T19:00:00.000000000,204.5,193.47925
2022-08-21T20:00:00.000000000,193.69,189.89739
2022-08-21T21:00:00.000000000,188.07,186.88257
2022-08-21T22:00:00.000000000,181.47,183.7268
2022-08-21T23:00:00.000000000,174.81,180.6685
2022-08-22T00:00:00.000000000,165.8,175.38484
2022-08-22T01:00:00.000000000,171.11,173.65991
2022-08-22T02:00:00.000000000,168.84,173.05587
2022-08-22T03:00:00.000000000,174.83,173.65415
2022-08-22T04:00:00.000000000,183.01,175.52763
2022-08-22T05:00:00.000000000,192.45,178.10492
2022-08-22T06:00:00.000000000,173.06,182.4988
2022-08-22T07:00:00.000000000,145.0,188.18959
2022-08-22T08:00:00.000000000,176.66,191.86033
2022-08-22T09:00:00.000000000,182.93,194.66062
2022-08-22T10:00:00.000000000,181.44,197.46435
2022-08-22T11:00:00.000000000,174.64,199.14427
2022-08-22T12:00:00.000000000,162.09,199.66879
2022-08-22T13:00:00.000000000,163.21,200.47543
2022-08-22T14:00:00.000000000,163.79,199.73658
2022-08-22T15:00:00.000000000,155.63,198.84903
2022-08-22T16:00:00.000000000,145.61,197.20496
2022-08-22T17:00:00.000000000,160.47,194.90506
2022-08-22T18:00:00.000000000,182.19,191.09827
2022-08-22T19:00:00.000000000,179.18,187.86911
2022-08-22T20:00:00.000000000,188.58,185.61351
2022-08-22T21:00:00.000000000,167.27,183.76951
2022-08-22T22:00:00.000000000,162.23,181.54604
2022-08-22T23:00:00.000000000,165.8,178.80906
2022-08-23T00:00:00.000000000,149.06,176.4276
2022-08-23T01:00:00.000000000,145.01,173.6796
2022-08-23T02:00:00.000000000,151.27,172.394
2022-08-23T03:00:00.000000000,171.9,172.97693
2022-08-23T04:00:00.000000000,181.01,175.60631
2022-08-23T05:00:00.000000000,187.63,179.61715
2022-08-23T06:00:00.000000000,175.58,185.97897
2022-08-23T07:00:00.000000000,162.97,193.60237
2022-08-23T08:00:00.000000000,154.08,198.75146
2022-08-23T09:00:00.000000000,168.6,202.35493
2022-08-23T10:00:00.000000000,191.15,205.40368
2022-08-23T11:00:00.000000000,198.16,206.92169
2022-08-23T12:00:00.000000000,232.51,206.84001
2022-08-23T13:00:00.000000000,221.96,207.04346
2022-08-23T14:00:00.000000000,224.33,206.05315
2022-08-23T15:00:00.000000000,207.98,204.86715
2022-08-23T16:00:00.000000000,189.06,202.82616
2022-08-23T17:00:00.000000000,219.65,199.86792
2022-08-23T18:00:00.000000000,216.78,195.4106
2022-08-23T19:00:00.000000000,213.2,191.38712
2022-08-23T20:00:00.000000000,206.09,188.45203
2022-08-23T21:00:00.000000000,188.05,186.07384
2022-08-23T22:00:00.000000000,185.12,183.1457
2022-08-23T23:00:00.000000000,167.43,179.63223
2022-08-21T00:00:00.000000000,134.97,152.74191
2022-08-21T01:00:00.000000000,155.15,153.31878
2022-08-21T02:00:00.000000000,171.92,154.70514
2022-08-21T03:00:00.000000000,169.13,157.1795
2022-08-21T04:00:00.000000000,151.35,160.41013
2022-08-21T05:00:00.000000000,165.09,164.10973
2022-08-21T06:00:00.000000000,181.68,169.26371
2022-08-21T07:00:00.000000000,177.52,175.60535
2022-08-21T08:00:00.000000000,158.68,179.77628
2022-08-21T09:00:00.000000000,197.52,183.28167
2022-08-21T10:00:00.000000000,186.55,186.86323
2022-08-21T11:00:00.000000000,195.17,189.50157
2022-08-21T12:00:00.000000000,199.56,191.28098
2022-08-21T13:00:00.000000000,196.05,193.19441
2022-08-21T14:00:00.000000000,210.01,193.52146
2022-08-21T15:00:00.000000000,183.05,193.22701
2022-08-21T16:00:00.000000000,181.21,192.0595
2022-08-21T17:00:00.000000000,183.55,190.13335
2022-08-21T18:00:00.000000000,194.24,186.91509
2022-08-21T19:00:00.000000000,204.5,184.22305
2022-08-21T20:00:00.000000000,193.69,182.5318
2022-08-21T21:00:00.000000000,188.07,181.33489
2022-08-21T22:00:00.000000000,181.47,179.73213
2022-08-21T23:00:00.000000000,174.81,177.65097
2022-08-22T00:00:00.000000000,165.8,165.56503
2022-08-22T01:00:00.000000000,171.11,163.99736
2022-08-22T02:00:00.000000000,168.84,163.37152
2022-08-22T03:00:00.000000000,174.83,163.9461
2022-08-22T04:00:00.000000000,183.01,165.27345
2022-08-22T05:00:00.000000000,192.45,167.14742
2022-08-22T06:00:00.000000000,173.06,170.59454
2022-08-22T07:00:00.000000000,145.0,175.67897
2022-08-22T08:00:00.000000000,176.66,179.20526
2022-08-22T09:00:00.000000000,182.93,182.4584
2022-08-22T10:00:00.000000000,181.44,186.0947
2022-08-22T11:00:00.000000000,174.64,188.92054
2022-08-22T12:00:00.000000000,162.09,190.79339
2022-08-22T13:00:00.000000000,163.21,192.83078
2022-08-22T14:00:00.000000000,163.79,193.08307
2022-08-22T15:00:00.000000000,155.63,193.00458
2022-08-22T16:00:00.000000000,145.61,192.2365
2022-08-22T17:00:00.000000000,160.47,190.92764
2022-08-22T18:00:00.000000000,182.19,188.04408
2022-08-22T19:00:00.000000000,179.18,185.56496
2022-08-22T20:00:00.000000000,188.58,183.6602
2022-08-22T21:00:00.000000000,167.27,181.93421
2022-08-22T22:00:00.000000000,162.23,179.80694
2022-08-22T23:00:00.000000000,165.8,177.28352
2022-08-23T00:00:00.000000000,149.06,175.91986
2022-08-23T01:00:00.000000000,145.01,172.98423
2022-08-23T02:00:00.000000000,151.27,171.52004
2022-08-23T03:00:00.000000000,171.9,172.12063
2022-08-23T04:00:00.000000000,181.01,174.86197
2022-08-23T05:00:00.000000000,187.63,179.08107
2022-08-23T06:00:00.000000000,175.58,185.76954
2022-08-23T07:00:00.000000000,162.97,193.87087
2022-08-23T08:00:00.000000000,154.08,199.47341
2022-08-23T09:00:00.000000000,168.6,203.49201
2022-08-23T10:00:00.000000000,191.15,206.92186
2022-08-23T11:00:00.000000000,198.16,208.72365
2022-08-23T12:00:00.000000000,232.51,208.81449
2022-08-23T13:00:00.000000000,221.96,209.17196
2022-08-23T14:00:00.000000000,224.33,208.39242
2022-08-23T15:00:00.000000000,207.98,207.34735
2022-08-23T16:00:00.000000000,189.06,205.41832
2022-08-23T17:00:00.000000000,219.65,202.48146
2022-08-23T18:00:00.000000000,216.78,198.00256
2022-08-23T19:00:00.000000000,213.2,193.84354
2022-08-23T20:00:00.000000000,206.09,190.72917
2022-08-23T21:00:00.000000000,188.05,188.18439
2022-08-23T22:00:00.000000000,185.12,185.03089
2022-08-23T23:00:00.000000000,167.43,181.25999
2022-08-24T00:00:00.000000000,162.64,179.27956
2022-08-24T01:00:00.000000000,168.25,177.40172
2022-08-24T02:00:00.000000000,184.23,176.98367
2022-08-24T03:00:00.000000000,181.77,177.91259
2022-08-24T04:00:00.000000000,185.7,180.545
2022-08-24T05:00:00.000000000,194.31,184.19179
2022-08-24T06:00:00.000000000,198.37,189.84937
2022-08-24T07:00:00.000000000,220.01,196.69804
2022-08-24T08:00:00.000000000,186.8,201.30701
2022-08-24T09:00:00.000000000,204.26,204.76471
2022-08-24T10:00:00.000000000,204.79,207.75927
2022-08-24T11:00:00.000000000,208.7,209.27943
2022-08-24T12:00:00.000000000,213.53,208.9875
2022-08-24T13:00:00.000000000,233.37,208.63953
2022-08-24T14:00:00.000000000,213.47,206.70709
2022-08-24T15:00:00.000000000,191.46,204.64423
2022-08-24T16:00:00.000000000,187.35,201.96347
2022-08-24T17:00:00.000000000,181.59,198.80939
2022-08-24T18:00:00.000000000,176.84,194.08085
2022-08-24T19:00:00.000000000,183.64,189.98558
2022-08-24T20:00:00.000000000,197.99,186.87995
2022-08-24T21:00:00.000000000,181.96,184.33656
2022-08-24T22:00:00.000000000,188.45,181.64119
2022-08-24T23:00:00.000000000,193.93,178.85713
2022-08-22T00:00:00.000000000,165.8,172.16868
2022-08-22T01:00:00.000000000,171.11,170.77402
2022-08-22T02:00:00.000000000,168.84,170.80262
2022-08-22T03:00:00.000000000,174.83,172.38163
2022-08-22T04:00:00.000000000,183.01,175.80007
2022-08-22T05:00:00.000000000,192.45,180.37844
2022-08-22T06:00:00.000000000,173.06,186.95612
2022-08-22T07:00:00.000000000,145.0,194.43661
2022-08-22T08:00:00.000000000,176.66,199.18227
2022-08-22T09:00:00.000000000,182.93,202.31456
2022-08-22T10:00:00.000000000,181.44,204.68992
2022-08-22T11:00:00.000000000,174.64,205.55159
2022-08-22T12:00:00.000000000,162.09,204.9463
2022-08-22T13:00:00.000000000,163.21,204.61406
2022-08-22T14:00:00.000000000,163.79,203.06808
2022-08-22T15:00:00.000000000,155.63,201.44042
2022-08-22T16:00:00.000000000,145.61,199.05032
2022-08-22T17:00:00.000000000,160.47,195.90802
2022-08-22T18:00:00.000000000,182.19,191.49584
2022-08-22T19:00:00.000000000,179.18,187.79083
2022-08-22T20:00:00.000000000,188.58,185.39384
2022-08-22T21:00:00.000000000,167.27,183.63692
2022-08-22T22:00:00.000000000,162.23,181.37156
2022-08-22T23:00:00.000000000,165.8,178.58096
2022-08-23T00:00:00.000000000,149.06,177.38188
2022-08-23T01:00:00.000000000,145.01,174.34382
2022-08-23T02:00:00.000000000,151.27,172.83213
2022-08-23T03:00:00.000000000,171.9,173.21493
2022-08-23T04:00:00.000000000,181.01,175.78267
2022-08-23T05:00:00.000000000,187.63,179.95751
2022-08-23T06:00:00.000000000,175.58,186.70806
2022-08-23T07:00:00.000000000,162.97,194.87815
2022-08-23T08:00:00.000000000,154.08,200.66493
2022-08-23T09:00:00.000000000,168.6,205.14997
2022-08-23T10:00:00.000000000,191.15,208.93759
2022-08-23T11:00:00.000000000,198.16,211.02023
2022-08-23T12:00:00.000000000,232.51,211.06966
2022-08-23T13:00:00.000000000,221.96,211.0335
2022-08-23T14:00:00.000000000,224.33,209.48166
2022-08-23T15:00:00.000000000,207.98,207.54967
2022-08-23T16:00:00.000000000,189.06,204.85295
2022-08-23T17:00:00.000000000,219.65,201.40954
2022-08-23T18:00:00.000000000,216.78,196.41759
2022-08-23T19:00:00.000000000,213.2,191.97393
2022-08-23T20:00:00.000000000,206.09,188.61109
2022-08-23T21:00:00.000000000,188.05,185.85054
2022-08-23T22:00:00.000000000,185.12,182.73587
2022-08-23T23:00:00.000000000,167.43,179.36969
2022-08-24T00:00:00.000000000,162.64,177.68712
2022-08-24T01:00:00.000000000,168.25,175.96417
2022-08-24T02:00:00.000000000,184.23,175.69093
2022-08-24T03:00:00.000000000,181.77,176.7261
2022-08-24T04:00:00.000000000,185.7,179.44585
2022-08-24T05:00:00.000000000,194.31,183.18316
2022-08-24T06:00:00.000000000,198.37,188.9195
2022-08-24T07:00:00.000000000,220.01,195.77193
2022-08-24T08:00:00.000000000,186.8,200.33812
2022-08-24T09:00:00.000000000,204.26,203.77284
2022-08-24T10:00:00.000000000,204.79,206.72676
2022-08-24T11:00:00.000000000,208.7,208.23374
2022-08-24T12:00:00.000000000,213.53,207.96701
2022-08-24T13:00:00.000000000,233.37,207.62723
2022-08-24T14:00:00.000000000,213.47,205.68136
2022-08-24T15:00:00.000000000,191.46,203.58179
2022-08-24T16:00:00.000000000,187.35,200.85906
2022-08-24T17:00:00.000000000,181.59,197.66206
2022-08-24T18:00:00.000000000,176.84,192.91556
2022-08-24T19:00:00.000000000,183.64,188.82958
2022-08-24T20:00:00.000000000,197.99,185.75964
2022-08-24T21:00:00.000000000,181.96,183.25461
2022-08-24T22:00:00.000000000,188.45,180.61994
2022-08-24T23:00:00.000000000,193.93,177.93751
2022-08-25T00:00:00.000000000,177.07,177.71242
2022-08-25T01:00:00.000000000,171.29,175.16681
2022-08-25T02:00:00.000000000,171.58,174.15979
2022-08-25T03:00:00.000000000,170.32,174.84748
2022-08-25T04:00:00.000000000,169.98,177.58418
2022-08-25T05:00:00.000000000,201.64,181.73018
2022-08-25T06:00:00.000000000,207.83,188.2286
2022-08-25T07:00:00.000000000,192.26,195.97876
2022-08-25T08:00:00.000000000,164.39,201.3267
2022-08-25T09:00:00.000000000,165.83,205.3603
2022-08-25T10:00:00.000000000,168.05,208.73607
2022-08-25T11:00:00.000000000,165.72,210.4659
2022-08-25T12:00:00.000000000,189.88,210.25264
2022-08-25T13:00:00.000000000,212.22,210.00086
2022-08-25T14:00:00.000000000,209.15,208.2536
2022-08-25T15:00:00.000000000,197.11,206.25053
2022-08-25T16:00:00.000000000,195.4,203.53741
2022-08-25T17:00:00.000000000,220.24,200.17553
2022-08-25T18:00:00.000000000,223.16,195.26874
2022-08-25T19:00:00.000000000,220.62,190.95662
2022-08-25T20:00:00.000000000,192.13,187.71372
2022-08-25T21:00:00.000000000,181.8,185.06008
2022-08-25T22:00:00.000000000,173.53,182.12317
2022-08-25T23:00:00.000000000,162.01,178.99995
2022-08-23T00:00:00.000000000,149.06,163.4034
2022-08-23T01:00:00.000000000,145.01,162.61227
2022-08-23T02:00:00.000000000,151.27,162.81693
2022-08-23T03:00:00.000000000,171.9,164.19355
2022-08-23T04:00:00.000000000,181.01,166.78693
2022-08-23T05:00:00.000000000,187.63,170.16126
2022-08-23T06:00:00.000000000,175.58,175.29345
2022-08-23T07:00:00.000000000,162.97,181.63134
2022-08-23T08:00:00.000000000,154.08,185.84273
2022-08-23T09:00:00.000000000,168.6,189.2002
2022-08-23T10:00:00.000000000,191.15,192.43078
2022-08-23T11:00:00.000000000,198.16,194.53457
2022-08-23T12:00:00.000000000,232.51,195.51389
2022-08-23T13:00:00.000000000,221.96,196.64126
2022-08-23T14:00:00.000000000,224.33,196.18505
2022-08-23T15:00:00.000000000,207.98,195.27346
2022-08-23T16:00:00.000000000,189.06,193.50336
2022-08-23T17:00:00.000000000,219.65,191.04876
2022-08-23T18:00:00.000000000,216.78,187.22974
2022-08-23T19:00:00.000000000,213.2,184.07843
2022-08-23T20:00:00.000000000,206.09,181.99533
2022-08-23T21:00:00.000000000,188.05,180.42641
2022-08-23T22:00:00.000000000,185.12,178.48676
2022-08-23T23:00:00.000000000,167.43,176.05585
2022-08-24T00:00:00.000000000,162.64,173.30438
2022-08-24T01:00:00.000000000,168.25,171.95143
2022-08-24T02:00:00.000000000,184.23,171.74335
2022-08-24T03:00:00.000000000,181.77,172.74652
2022-08-24T04:00:00.000000000,185.7,175.03595
2022-08-24T05:00:00.000000000,194.31,177.99727
2022-08-24T06:00:00.000000000,198.37,182.72894
2022-08-24T07:00:00.000000000,220.01,188.62863
2022-08-24T08:00:00.000000000,186.8,192.35749
2022-08-24T09:00:00.000000000,204.26,195.10635
2022-08-24T10:00:00.000000000,204.79,197.78539
2022-08-24T11:00:00.000000000,208.7,199.30751
2022-08-24T12:00:00.000000000,213.53,199.68859
2022-08-24T13:00:00.000000000,233.37,200.37002
2022-08-24T14:00:00.000000000,213.47,199.58665
2022-08-24T15:00:00.000000000,191.46,198.67069
2022-08-24T16:00:00.000000000,187.35,197.0068
2022-08-24T17:00:00.000000000,181.59,194.66037
2022-08-24T18:00:00.000000000,176.84,190.83389
2022-08-24T19:00:00.000000000,183.64,187.5564
2022-08-24T20:00:00.000000000,197.99,185.29097
2022-08-24T21:00:00.000000000,181.96,183.46077
2022-08-24T22:00:00.000000000,188.45,181.25517
2022-08-24T23:00:00.000000000,193.93,178.55689
2022-08-25T00:00:00.000000000,177.07,177.17562
2022-08-25T01:00:00.000000000,171.29,174.83893
2022-08-25T02:00:00.000000000,171.58,173.96961
2022-08-25T03:00:00.000000000,170.32,174.70962
2022-08-25T04:00:00.000000000,169.98,177.36188
2022-08-25T05:00:00.000000000,201.64,181.25274
2022-08-25T06:00:00.000000000,207.83,187.34971
2022-08-25T07:00:00.000000000,192.26,194.57667
2022-08-25T08:00:00.000000000,164.39,199.36735
2022-08-25T09:00:00.000000000,165.83,202.74776
2022-08-25T10:00:00.000000000,168.05,205.59845
2022-08-25T11:00:00.000000000,165.72,206.96743
2022-08-25T12:00:00.000000000,189.88,206.72597
2022-08-25T13:00:00.000000000,212.22,206.67619
2022-08-25T14:00:00.000000000,209.15,205.31282
2022-08-25T15:00:00.000000000,197.11,203.81318
2022-08-25T16:00:00.000000000,195.4,201.54128
2022-08-25T17:00:00.000000000,220.24,198.51269
2022-08-25T18:00:00.000000000,223.16,193.96254
2022-08-25T19:00:00.000000000,220.62,189.9372
2022-08-25T20:00:00.000000000,192.13,186.99014
2022-08-25T21:00:00.000000000,181.8,184.59075
2022-08-25T22:00:00.000000000,173.53,181.81529
2022-08-25T23:00:00.000000000,162.01,178.65727
2022-08-26T00:00:00.000000000,155.28,172.53013
2022-08-26T01:00:00.000000000,153.09,171.52508
2022-08-26T02:00:00.000000000,157.67,171.64571
2022-08-26T03:00:00.000000000,175.14,172.51087
2022-08-26T04:00:00.000000000,186.07,174.84383
2022-08-26T05:00:00.000000000,202.23,178.03833
2022-08-26T06:00:00.000000000,209.95,183.05307
2022-08-26T07:00:00.000000000,234.99,189.11638
2022-08-26T08:00:00.000000000,270.86,193.2204
2022-08-26T09:00:00.000000000,248.46,196.36129
2022-08-26T10:00:00.000000000,240.39,199.09572
2022-08-26T11:00:00.000000000,236.17,200.52926
2022-08-26T12:00:00.000000000,238.55,200.23712
2022-08-26T13:00:00.000000000,240.06,199.57006
2022-08-26T14:00:00.000000000,264.57,197.04233
2022-08-26T15:00:00.000000000,253.41,194.22764
2022-08-26T16:00:00.000000000,235.92,190.90895
2022-08-26T17:00:00.000000000,215.74,187.43577
2022-08-26T18:00:00.000000000,208.17,182.68128
2022-08-26T19:00:00.000000000,212.15,178.9925
2022-08-26T20:00:00.000000000,194.31,176.49825
2022-08-26T21:00:00.000000000,183.22,174.68114
2022-08-26T22:00:00.000000000,163.26,172.85405
2022-08-26T23:00:00.000000000,155.5,170.96956
2022-08-24T00:00:00.000000000,162.64,170.96259
2022-08-24T01:00:00.000000000,168.25,169.27418
2022-08-24T02:00:00.000000000,184.23,169.15356
2022-08-24T03:00:00.000000000,181.77,170.76054
2022-08-24T04:00:00.000000000,185.7,174.32329
2022-08-24T05:00:00.000000000,194.31,179.14203
2022-08-24T06:00:00.000000000,198.37,186.11244
2022-08-24T07:00:00.000000000,220.01,193.62063
2022-08-24T08:00:00.000000000,186.8,198.02447
2022-08-24T09:00:00.000000000,204.26,200.65155
2022-08-24T10:00:00.000000000,204.79,202.61174
2022-08-24T11:00:00.000000000,208.7,203.14841
2022-08-24T12:00:00.000000000,213.53,202.58661
2022-08-24T13:00:00.000000000,233.37,202.63065
2022-08-24T14:00:00.000000000,213.47,201.82
2022-08-24T15:00:00.000000000,191.46,201.08057
2022-08-24T16:00:00.000000000,187.35,199.48775
2022-08-24T17:00:00.000000000,181.59,196.80617
2022-08-24T18:00:00.000000000,176.84,192.70827
2022-08-24T19:00:00.000000000,183.64,188.94233
2022-08-24T20:00:00.000000000,197.99,186.42561
2022-08-24T21:00:00.000000000,181.96,184.37322
2022-08-24T22:00:00.000000000,188.45,181.77542
2022-08-24T23:00:00.000000000,193.93,178.66977
2022-08-25T00:00:00.000000000,177.07,176.30412
2022-08-25T01:00:00.000000000,171.29,173.78343
2022-08-25T02:00:00.000000000,171.58,172.66117
2022-08-25T03:00:00.000000000,170.32,173.16812
2022-08-25T04:00:00.000000000,169.98,175.5861
2022-08-25T05:00:00.000000000,201.64,179.27271
2022-08-25T06:00:00.000000000,207.83,185.20619
2022-08-25T07:00:00.000000000,192.26,192.27203
2022-08-25T08:00:00.000000000,164.39,196.92207
2022-08-25T09:00:00.000000000,165.83,200.15288
2022-08-25T10:00:00.000000000,168.05,202.90636
2022-08-25T11:00:00.000000000,165.72,204.25318
2022-08-25T12:00:00.000000000,189.88,204.14296
2022-08-25T13:00:00.000000000,212.22,204.32314
2022-08-25T14:00:00.000000000,209.15,203.21311
2022-08-25T15:00:00.000000000,197.11,201.93803
2022-08-25T16:00:00.000000000,195.4,199.81841
2022-08-25T17:00:00.000000000,220.24,196.8535
2022-08-25T18:00:00.000000000,223.16,192.41767
2022-08-25T19:00:00.000000000,220.62,188.52828
2022-08-25T20:00:00.000000000,192.13,185.77073
2022-08-25T21:00:00.000000000,181.8,183.55211
2022-08-25T22:00:00.000000000,173.53,180.86983
2022-08-25T23:00:00.000000000,162.01,177.65261
2022-08-26T00:00:00.000000000,155.28,166.59692
2022-08-26T01:00:00.000000000,153.09,165.51952
2022-08-26T02:00:00.000000000,157.67,165.41386
2022-08-26T03:00:00.000000000,175.14,165.90652
2022-08-26T04:00:00.000000000,186.07,167.59652
2022-08-26T05:00:00.000000000,202.23,170.21387
2022-08-26T06:00:00.000000000,209.95,174.44371
2022-08-26T07:00:00.000000000,234.99,179.78697
2022-08-26T08:00:00.000000000,270.86,183.62596
2022-08-26T09:00:00.000000000,248.46,186.59932
2022-08-26T10:00:00.000000000,240.39,189.09608
2022-08-26T11:00:00.000000000,236.17,190.51248
2022-08-26T12:00:00.000000000,238.55,190.00039
2022-08-26T13:00:00.000000000,240.06,188.47552
2022-08-26T14:00:00.000000000,264.57,184.69642
2022-08-26T15:00:00.000000000,253.41,180.39441
2022-08-26T16:00:00.000000000,235.92,176.06913
2022-08-26T17:00:00.000000000,215.74,171.95266
2022-08-26T18:00:00.000000000,208.17,167.06597
2022-08-26T19:00:00.000000000,212.15,163.5803
2022-08-26T20:00:00.000000000,194.31,161.5004
2022-08-26T21:00:00.000000000,183.22,160.26127
2022-08-26T22:00:00.000000000,163.26,159.013
2022-08-26T23:00:00.000000000,155.5,157.88996
2022-08-27T00:00:00.000000000,155.72,153.24002
2022-08-27T01:00:00.000000000,143.62,152.09555
2022-08-27T02:00:00.000000000,142.79,150.79325
2022-08-27T03:00:00.000000000,153.93,149.79245
2022-08-27T04:00:00.000000000,174.96,148.57888
2022-08-27T05:00:00.000000000,186.94,147.37152
2022-08-27T06:00:00.000000000,197.09,146.69517
2022-08-27T07:00:00.000000000,177.04,147.20281
2022-08-27T08:00:00.000000000,184.72,146.91999
2022-08-27T09:00:00.000000000,153.15,146.27466
2022-08-27T10:00:00.000000000,150.08,145.68414
2022-08-27T11:00:00.000000000,155.94,144.6839
2022-08-27T12:00:00.000000000,169.96,142.97829
2022-08-27T13:00:00.000000000,140.1,141.28667
2022-08-27T14:00:00.000000000,145.06,138.83213
2022-08-27T15:00:00.000000000,145.74,137.23769
2022-08-27T16:00:00.000000000,131.96,135.86898
2022-08-27T17:00:00.000000000,116.38,134.27043
2022-08-27T18:00:00.000000000,106.19,131.6713
2022-08-27T19:00:00.000000000,98.61,129.75252
2022-08-27T20:00:00.000000000,95.23,128.25858
2022-08-27T21:00:00.000000000,93.21,127.73057
2022-08-27T22:00:00.000000000,102.05,127.47213
2022-08-27T23:00:00.000000000,98.74,127.59965
2022-08-25T00:00:00.000000000,177.07,183.03633
2022-08-25T01:00:00.000000000,171.29,179.76091
2022-08-25T02:00:00.000000000,171.58,178.34118
2022-08-25T03:00:00.000000000,170.32,179.02555
2022-08-25T04:00:00.000000000,169.98,181.88479
2022-08-25T05:00:00.000000000,201.64,186.15057
2022-08-25T06:00:00.000000000,207.83,192.79678
2022-08-25T07:00:00.000000000,192.26,199.99647
2022-08-25T08:00:00.000000000,164.39,203.92075
2022-08-25T09:00:00.000000000,165.83,205.86451
2022-08-25T10:00:00.000000000,168.05,207.09442
2022-08-25T11:00:00.000000000,165.72,206.95999
2022-08-25T12:00:00.000000000,189.88,205.73971
2022-08-25T13:00:00.000000000,212.22,205.43418
2022-08-25T14:00:00.000000000,209.15,204.3366
2022-08-25T15:00:00.000000000,197.11,203.71595
2022-08-25T16:00:00.000000000,195.4,202.38527
2022-08-25T17:00:00.000000000,220.24,199.96075
2022-08-25T18:00:00.000000000,223.16,196.16732
2022-08-25T19:00:00.000000000,220.62,192.64504
2022-08-25T20:00:00.000000000,192.13,190.41045
2022-08-25T21:00:00.000000000,181.8,188.40995
2022-08-25T22:00:00.000000000,173.53,185.63018
2022-08-25T23:00:00.000000000,162.01,182.13073
2022-08-26T00:00:00.000000000,155.28,170.73643
2022-08-26T01:00:00.000000000,153.09,169.45758
2022-08-26T02:00:00.000000000,157.67,169.16068
2022-08-26T03:00:00.000000000,175.14,169.42607
2022-08-26T04:00:00.000000000,186.07,170.95595
2022-08-26T05:00:00.000000000,202.23,173.40517
2022-08-26T06:00:00.000000000,209.95,177.53222
2022-08-26T07:00:00.000000000,234.99,182.81089
2022-08-26T08:00:00.000000000,270.86,186.5891
2022-08-26T09:00:00.000000000,248.46,189.45648
2022-08-26T10:00:00.000000000,240.39,191.84321
2022-08-26T11:00:00.000000000,236.17,193.10055
2022-08-26T12:00:00.000000000,238.55,192.38294
2022-08-26T13:00:00.000000000,240.06,190.69531
2022-08-26T14:00:00.000000000,264.57,186.77431
2022-08-26T15:00:00.000000000,253.41,182.44663
2022-08-26T16:00:00.000000000,235.92,178.10661
2022-08-26T17:00:00.000000000,215.74,174.03012
2022-08-26T18:00:00.000000000,208.17,169.16764
2022-08-26T19:00:00.000000000,212.15,165.73835
2022-08-26T20:00:00.000000000,194.31,163.70783
2022-08-26T21:00:00.000000000,183.22,162.51373
2022-08-26T22:00:00.000000000,163.26,161.29308
2022-08-26T23:00:00.000000000,155.5,160.15781
2022-08-27T00:00:00.000000000,155.72,153.36786
2022-08-27T01:00:00.000000000,143.62,152.30313
2022-08-27T02:00:00.000000000,142.79,151.11252
2022-08-27T03:00:00.000000000,153.93,150.03113
2022-08-27T04:00:00.000000000,174.96,148.59975
2022-08-27T05:00:00.000000000,186.94,146.91987
2022-08-27T06:00:00.000000000,197.09,145.5675
2022-08-27T07:00:00.000000000,177.04,145.22039
2022-08-27T08:00:00.000000000,184.72,144.22759
2022-08-27T09:00:00.000000000,153.15,142.85387
2022-08-27T10:00:00.000000000,150.08,141.49638
2022-08-27T11:00:00.000000000,155.94,139.92072
2022-08-27T12:00:00.000000000,169.96,137.81765
2022-08-27T13:00:00.000000000,140.1,135.79199
2022-08-27T14:00:00.000000000,145.06,133.11842
2022-08-27T15:00:00.000000000,145.74,131.36928
2022-08-27T16:00:00.000000000,131.96,130.05706
2022-08-27T17:00:00.000000000,116.38,128.51538
2022-08-27T18:00:00.000000000,106.19,126.07131
2022-08-27T19:00:00.000000000,98.61,124.18152
2022-08-27T20:00:00.000000000,95.23,122.72608
2022-08-27T21:00:00.000000000,93.21,122.20479
2022-08-27T22:00:00.000000000,102.05,121.98145
2022-08-27T23:00:00.000000000,98.74,122.24383
2022-08-28T00:00:00.000000000,88.88,120.88258
2022-08-28T01:00:00.000000000,89.24,121.45552
2022-08-28T02:00:00.000000000,116.54,122.13352
2022-08-28T03:00:00.000000000,127.58,123.15635
2022-08-28T04:00:00.000000000,137.34,124.89087
2022-08-28T05:00:00.000000000,117.05,127.64051
2022-08-28T06:00:00.000000000,115.37,131.28861
2022-08-28T07:00:00.000000000,111.14,135.88371
2022-08-28T08:00:00.000000000,112.02,139.34305
2022-08-28T09:00:00.000000000,119.55,142.51434
2022-08-28T10:00:00.000000000,116.08,145.42531
2022-08-28T11:00:00.000000000,117.19,147.05875
2022-08-28T12:00:00.000000000,118.78,147.60216
2022-08-28T13:00:00.000000000,120.08,147.44878
2022-08-28T14:00:00.000000000,119.38,146.17086
2022-08-28T15:00:00.000000000,120.21,144.39602
2022-08-28T16:00:00.000000000,119.25,142.29457
2022-08-28T17:00:00.000000000,117.42,139.86917
2022-08-28T18:00:00.000000000,114.27,136.27623
2022-08-28T19:00:00.000000000,115.0,133.39637
2022-08-28T20:00:00.000000000,125.21,131.16351
2022-08-28T21:00:00.000000000,124.25,129.79076
2022-08-28T22:00:00.000000000,120.73,128.90853
2022-08-28T23:00:00.000000000,120.05,128.42538
2022-08-26T00:00:00.000000000,155.28,164.37681
2022-08-26T01:00:00.000000000,153.09,162.89509
2022-08-26T02:00:00.000000000,157.67,161.94351
2022-08-26T03:00:00.000000000,175.14,161.34273
2022-08-26T04:00:00.000000000,186.07,161.79834
2022-08-26T05:00:00.000000000,202.23,163.15025
2022-08-26T06:00:00.000000000,209.95,166.50267
2022-08-26T07:00:00.000000000,234.99,171.3857
2022-08-26T08:00:00.000000000,270.86,175.26292
2022-08-26T09:00:00.000000000,248.46,178.6983
2022-08-26T10:00:00.000000000,240.39,181.99917
2022-08-26T11:00:00.000000000,236.17,184.3886
2022-08-26T12:00:00.000000000,238.55,184.85207
2022-08-26T13:00:00.000000000,240.06,184.34636
2022-08-26T14:00:00.000000000,264.57,181.80708
2022-08-26T15:00:00.000000000,253.41,178.66432
2022-08-26T16:00:00.000000000,235.92,175.16151
2022-08-26T17:00:00.000000000,215.74,171.61691
2022-08-26T18:00:00.000000000,208.17,166.82759
2022-08-26T19:00:00.000000000,212.15,163.12991
2022-08-26T20:00:00.000000000,194.31,160.37947
2022-08-26T21:00:00.000000000,183.22,158.45764
2022-08-26T22:00:00.000000000,163.26,156.74404
2022-08-26T23:00:00.000000000,155.5,155.24983
2022-08-27T00:00:00.000000000,155.72,149.86497
2022-08-27T01:00:00.000000000,143.62,148.76417
2022-08-27T02:00:00.000000000,142.79,147.60354
2022-08-27T03:00:00.000000000,153.93,146.4626
2022-08-27T04:00:00.000000000,174.96,145.00124
2022-08-27T05:00:00.000000000,186.94,143.26681
2022-08-27T06:00:00.000000000,197.09,141.78986
2022-08-27T07:00:00.000000000,177.04,141.19899
2022-08-27T08:00:00.000000000,184.72,140.08765
2022-08-27T09:00:00.000000000,153.15,138.58652
2022-08-27T10:00:00.000000000,150.08,137.08476
2022-08-27T11:00:00.000000000,155.94,135.41619
2022-08-27T12:00:00.000000000,169.96,133.2909
2022-08-27T13:00:00.000000000,140.1,131.23639
2022-08-27T14:00:00.000000000,145.06,128.58094
2022-08-27T15:00:00.000000000,145.74,126.8041
2022-08-27T16:00:00.000000000,131.96,125.50189
2022-08-27T17:00:00.000000000,116.38,123.93473
2022-08-27T18:00:00.000000000,106.19,121.48695
2022-08-27T19:00:00.000000000,98.61,119.56427
2022-08-27T20:00:00.000000000,95.23,118.09199
2022-08-27T21:00:00.000000000,93.21,117.51768
2022-08-27T22:00:00.000000000,102.05,117.25568
2022-08-27T23:00:00.000000000,98.74,117.47663
2022-08-28T00:00:00.000000000,88.88,119.19618
2022-08-28T01:00:00.000000000,89.24,119.79012
2022-08-28T02:00:00.000000000,116.54,120.41277
2022-08-28T03:00:00.000000000,127.58,121.26063
2022-08-28T04:00:00.000000000,137.34,122.78385
2022-08-28T05:00:00.000000000,117.05,125.2905
2022-08-28T06:00:00.000000000,115.37,128.47857
2022-08-28T07:00:00.000000000,111.14,132.50674
2022-08-28T08:00:00.000000000,112.02,135.46292
2022-08-28T09:00:00.000000000,119.55,138.05636
2022-08-28T10:00:00.000000000,116.08,140.31197
2022-08-28T11:00:00.000000000,117.19,141.28724
2022-08-28T12:00:00.000000000,118.78,141.33907
2022-08-28T13:00:00.000000000,120.08,140.70001
2022-08-28T14:00:00.000000000,119.38,139.07499
2022-08-28T15:00:00.000000000,120.21,137.12386
2022-08-28T16:00:00.000000000,119.25,135.01796
2022-08-28T17:00:00.000000000,117.42,132.61291
2022-08-28T18:00:00.000000000,114.27,129.21167
2022-08-28T19:00:00.000000000,115.0,126.58473
2022-08-28T20:00:00.000000000,125.21,124.68704
2022-08-28T21:00:00.000000000,124.25,123.7299
2022-08-28T22:00:00.000000000,120.73,123.26138
2022-08-28T23:00:00.000000000,120.05,123.20299
2022-08-29T00:00:00.000000000,114.56,123.02306
2022-08-29T01:00:00.000000000,111.93,123.90148
2022-08-29T02:00:00.000000000,113.45,125.40178
2022-08-29T03:00:00.000000000,129.88,127.51671
2022-08-29T04:00:00.000000000,138.17,130.68132
2022-08-29T05:00:00.000000000,156.72,134.96084
2022-08-29T06:00:00.000000000,161.03,140.74788
2022-08-29T07:00:00.000000000,175.01,147.52423
2022-08-29T08:00:00.000000000,196.46,152.94957
2022-08-29T09:00:00.000000000,208.27,158.16078
2022-08-29T10:00:00.000000000,206.22,163.19674
2022-08-29T11:00:00.000000000,215.92,167.05254
2022-08-29T12:00:00.000000000,217.78,169.27971
2022-08-29T13:00:00.000000000,224.52,170.42703
2022-08-29T14:00:00.000000000,208.35,169.65201
2022-08-29T15:00:00.000000000,194.08,167.36594
2022-08-29T16:00:00.000000000,191.71,164.31298
2022-08-29T17:00:00.000000000,216.76,160.8727
2022-08-29T18:00:00.000000000,212.94,156.0011
2022-08-29T19:00:00.000000000,173.49,151.85052
2022-08-29T20:00:00.000000000,165.34,148.4505
2022-08-29T21:00:00.000000000,151.99,145.76273
2022-08-29T22:00:00.000000000,155.29,143.5472
2022-08-29T23:00:00.000000000,149.46,141.77298
2022-08-27T00:00:00.000000000,155.72,142.16121
2022-08-27T01:00:00.000000000,143.62,143.60984
2022-08-27T02:00:00.000000000,142.79,146.17174
2022-08-27T03:00:00.000000000,153.93,149.48791
2022-08-27T04:00:00.000000000,174.96,153.81643
2022-08-27T05:00:00.000000000,186.94,158.89443
2022-08-27T06:00:00.000000000,197.09,164.70303
2022-08-27T07:00:00.000000000,177.04,170.81169
2022-08-27T08:00:00.000000000,184.72,174.67805
2022-08-27T09:00:00.000000000,153.15,177.48314
2022-08-27T10:00:00.000000000,150.08,179.51344
2022-08-27T11:00:00.000000000,155.94,180.37853
2022-08-27T12:00:00.000000000,169.96,179.81767
2022-08-27T13:00:00.000000000,140.1,178.34166
2022-08-27T14:00:00.000000000,145.06,174.71908
2022-08-27T15:00:00.000000000,145.74,170.3084
2022-08-27T16:00:00.000000000,131.96,165.90932
2022-08-27T17:00:00.000000000,116.38,161.65711
2022-08-27T18:00:00.000000000,106.19,156.94875
2022-08-27T19:00:00.000000000,98.61,153.65437
2022-08-27T20:00:00.000000000,95.23,151.95872
2022-08-27T21:00:00.000000000,93.21,151.20204
2022-08-27T22:00:00.000000000,102.05,150.54692
2022-08-27T23:00:00.000000000,98.74,150.24345
2022-08-28T00:00:00.000000000,88.88,142.39107
2022-08-28T01:00:00.000000000,89.24,141.48564
2022-08-28T02:00:00.000000000,116.54,141.35765
2022-08-28T03:00:00.000000000,127.58,142.01592
2022-08-28T04:00:00.000000000,137.34,143.8905
2022-08-28T05:00:00.000000000,117.05,146.98093
2022-08-28T06:00:00.000000000,115.37,152.00799
2022-08-28T07:00:00.000000000,111.14,158.36659
2022-08-28T08:00:00.000000000,112.02,163.54921
2022-08-28T09:00:00.000000000,119.55,168.38674
2022-08-28T10:00:00.000000000,116.08,173.03224
2022-08-28T11:00:00.000000000,117.19,176.69211
2022-08-28T12:00:00.000000000,118.78,178.49102
2022-08-28T13:00:00.000000000,120.08,179.22871
2022-08-28T14:00:00.000000000,119.38,177.83358
2022-08-28T15:00:00.000000000,120.21,175.11164
2022-08-28T16:00:00.000000000,119.25,171.70939
2022-08-28T17:00:00.000000000,117.42,168.04224
2022-08-28T18:00:00.000000000,114.27,163.0086
2022-08-28T19:00:00.000000000,115.0,158.84454
2022-08-28T20:00:00.000000000,125.21,155.55504
2022-08-28T21:00:00.000000000,124.25,152.94356
2022-08-28T22:00:00.000000000,120.73,150.55712
2022-08-28T23:00:00.000000000,120.05,148.41697
2022-08-29T00:00:00.000000000,114.56,158.54868
2022-08-29T01:00:00.000000000,111.93,159.20029
2022-08-29T02:00:00.000000000,113.45,161.14399
2022-08-29T03:00:00.000000000,129.88,164.5272
2022-08-29T04:00:00.000000000,138.17,169.3473
2022-08-29T05:00:00.000000000,156.72,174.82421
2022-08-29T06:00:00.000000000,161.03,181.87371
2022-08-29T07:00:00.000000000,175.01,189.69168
2022-08-29T08:00:00.000000000,196.46,194.71341
2022-08-29T09:00:00.000000000,208.27,198.24069
2022-08-29T10:00:00.000000000,206.22,201.3523
2022-08-29T11:00:00.000000000,215.92,202.97183
2022-08-29T12:00:00.000000000,217.78,203.33134
2022-08-29T13:00:00.000000000,224.52,203.8942
2022-08-29T14:00:00.000000000,208.35,203.47887
2022-08-29T15:00:00.000000000,194.08,202.71735
2022-08-29T16:00:00.000000000,191.71,201.11248
2022-08-29T17:00:00.000000000,216.76,198.61088
2022-08-29T18:00:00.000000000,212.94,194.526
2022-08-29T19:00:00.000000000,173.49,190.58186
2022-08-29T20:00:00.000000000,165.34,187.56353
2022-08-29T21:00:00.000000000,151.99,185.20879
2022-08-29T22:00:00.000000000,155.29,182.60994
2022-08-29T23:00:00.000000000,149.46,179.82211
2022-08-30T00:00:00.000000000,155.86,179.07478
2022-08-30T01:00:00.000000000,155.2,176.8768
2022-08-30T02:00:00.000000000,160.83,176.13861
2022-08-30T03:00:00.000000000,170.17,177.0976
2022-08-30T04:00:00.000000000,191.04,179.94513
2022-08-30T05:00:00.000000000,224.88,183.9032
2022-08-30T06:00:00.000000000,252.96,189.97449
2022-08-30T07:00:00.000000000,260.26,197.4304
2022-08-30T08:00:00.000000000,231.8,202.57068
2022-08-30T09:00:00.000000000,232.77,206.23957
2022-08-30T10:00:00.000000000,229.68,209.41499
2022-08-30T11:00:00.000000000,227.49,210.9645
2022-08-30T12:00:00.000000000,212.89,210.71535
2022-08-30T13:00:00.000000000,242.53,210.63799
2022-08-30T14:00:00.000000000,236.73,209.31702
2022-08-30T15:00:00.000000000,213.41,207.87723
2022-08-30T16:00:00.000000000,170.11,205.6972
2022-08-30T17:00:00.000000000,185.23,202.81215
2022-08-30T18:00:00.000000000,220.13,198.33206
2022-08-30T19:00:00.000000000,222.48,194.28412
2022-08-30T20:00:00.000000000,215.98,191.19427
2022-08-30T21:00:00.000000000,206.47,188.69471
2022-08-30T22:00:00.000000000,206.5,185.77618
2022-08-30T23:00:00.000000000,196.25,182.40182
2022-08-28T00:00:00.000000000,88.88,105.36304
2022-08-28T01:00:00.000000000,89.24,106.76758
2022-08-28T02:00:00.000000000,116.54,108.56655
2022-08-28T03:00:00.000000000,127.58,110.92164
2022-08-28T04:00:00.000000000,137.34,114.61154
2022-08-28T05:00:00.000000000,117.05,119.99606
2022-08-28T06:00:00.000000000,115.37,126.59196
2022-08-28T07:00:00.000000000,111.14,133.94654
2022-08-28T08:00:00.000000000,112.02,139.78946
2022-08-28T09:00:00.000000000,119.55,145.24881
2022-08-28T10:00:00.000000000,116.08,150.17783
2022-08-28T11:00:00.000000000,117.19,153.43876
2022-08-28T12:00:00.000000000,118.78,155.38433
2022-08-28T13:00:00.000000000,120.08,155.99063
2022-08-28T14:00:00.000000000,119.38,154.82933
2022-08-28T15:00:00.000000000,120.21,152.19793
2022-08-28T16:00:00.000000000,119.25,149.00236
2022-08-28T17:00:00.000000000,117.42,145.31705
2022-08-28T18:00:00.000000000,114.27,140.64738
2022-08-28T19:00:00.000000000,115.0,136.8841
2022-08-28T20:00:00.000000000,125.21,134.19542
2022-08-28T21:00:00.000000000,124.25,132.49178
2022-08-28T22:00:00.000000000,120.73,131.30923
2022-08-28T23:00:00.000000000,120.05,130.59759
2022-08-29T00:00:00.000000000,114.56,127.934
2022-08-29T01:00:00.000000000,111.93,128.36129
2022-08-29T02:00:00.000000000,113.45,129.57618
2022-08-29T03:00:00.000000000,129.88,131.99894
2022-08-29T04:00:00.000000000,138.17,134.40305
2022-08-29T05:00:00.000000000,156.72,137.15101
2022-08-29T06:00:00.000000000,161.03,141.21592
2022-08-29T07:00:00.000000000,175.01,146.67089
2022-08-29T08:00:00.000000000,196.46,150.78884
2022-08-29T09:00:00.000000000,208.27,155.27656
2022-08-29T10:00:00.000000000,206.22,160.86698
2022-08-29T11:00:00.000000000,215.92,166.02171
2022-08-29T12:00:00.000000000,217.78,170.82398
2022-08-29T13:00:00.000000000,224.52,175.74155
2022-08-29T14:00:00.000000000,208.35,179.18079
2022-08-29T15:00:00.000000000,194.08,181.69314
2022-08-29T16:00:00.000000000,191.71,183.22961
2022-08-29T17:00:00.000000000,216.76,183.80936
2022-08-29T18:00:00.000000000,212.94,182.36107
2022-08-29T19:00:00.000000000,173.49,180.39175
2022-08-29T20:00:00.000000000,165.34,178.13502
2022-08-29T21:00:00.000000000,151.99,175.66026
2022-08-29T22:00:00.000000000,155.29,172.88652
2022-08-29T23:00:00.000000000,149.46,170.04742
2022-08-30T00:00:00.000000000,155.86,161.75285
2022-08-30T01:00:00.000000000,155.2,160.01794
2022-08-30T02:00:00.000000000,160.83,158.95805
2022-08-30T03:00:00.000000000,170.17,158.95145
2022-08-30T04:00:00.000000000,191.04,159.16714
2022-08-30T05:00:00.000000000,224.88,159.68021
2022-08-30T06:00:00.000000000,252.96,161.77827
2022-08-30T07:00:00.000000000,260.26,165.72891
2022-08-30T08:00:00.000000000,231.8,168.52607
2022-08-30T09:00:00.000000000,232.77,171.66077
2022-08-30T10:00:00.000000000,229.68,175.7935
2022-08-30T11:00:00.000000000,227.49,179.49398
2022-08-30T12:00:00.000000000,212.89,182.76573
2022-08-30T13:00:00.000000000,242.53,186.50385
2022-08-30T14:00:00.000000000,236.73,188.66663
2022-08-30T15:00:00.000000000,213.41,190.51619
2022-08-30T16:00:00.000000000,170.11,191.50366
2022-08-30T17:00:00.000000000,185.23,191.67779
2022-08-30T18:00:00.000000000,220.13,189.83649
2022-08-30T19:00:00.000000000,222.48,187.88919
2022-08-30T20:00:00.000000000,215.98,185.97555
2022-08-30T21:00:00.000000000,206.47,183.92859
2022-08-30T22:00:00.000000000,206.5,181.52722
2022-08-30T23:00:00.000000000,196.25,178.76189
2022-08-31T00:00:00.000000000,177.35,175.13634
2022-08-31T01:00:00.000000000,181.3,173.46904
2022-08-31T02:00:00.000000000,185.79,172.76788
2022-08-31T03:00:00.000000000,193.27,173.12409
2022-08-31T04:00:00.000000000,197.61,174.43733
2022-08-31T05:00:00.000000000,213.82,176.22364
2022-08-31T06:00:00.000000000,270.18,179.75121
2022-08-31T07:00:00.000000000,274.77,184.71966
2022-08-31T08:00:00.000000000,278.04,187.9112
2022-08-31T09:00:00.000000000,240.53,190.53765
2022-08-31T10:00:00.000000000,233.71,193.48306
2022-08-31T11:00:00.000000000,221.87,195.49333
2022-08-31T12:00:00.000000000,213.05,196.53613
2022-08-31T13:00:00.000000000,241.62,197.93306
2022-08-31T14:00:00.000000000,259.89,197.81591
2022-08-31T15:00:00.000000000,244.92,197.58775
2022-08-31T16:00:00.000000000,233.3,196.58001
2022-08-31T17:00:00.000000000,236.04,194.86694
2022-08-31T18:00:00.000000000,239.3,191.48296
2022-08-31T19:00:00.000000000,236.39,188.4943
2022-08-31T20:00:00.000000000,225.72,186.2616
2022-08-31T21:00:00.000000000,228.11,184.32586
2022-08-31T22:00:00.000000000,194.8,182.05526
2022-08-31T23:00:00.000000000,182.98,179.29733
2022-08-29T00:00:00.000000000,114.56,119.93237
2022-08-29T01:00:00.000000000,111.93,122.15389
2022-08-29T02:00:00.000000000,113.45,125.08756
2022-08-29T03:00:00.000000000,129.88,128.56565
2022-08-29T04:00:00.000000000,138.17,133.12333
2022-08-29T05:00:00.000000000,156.72,138.68512
2022-08-29T06:00:00.000000000,161.03,145.1997
2022-08-29T07:00:00.000000000,175.01,152.23893
2022-08-29T08:00:00.000000000,196.46,157.4292
2022-08-29T09:00:00.000000000,208.27,162.03334
2022-08-29T10:00:00.000000000,206.22,166.09766
2022-08-29T11:00:00.000000000,215.92,168.66677
2022-08-29T12:00:00.000000000,217.78,169.71557
2022-08-29T13:00:00.000000000,224.52,169.73901
2022-08-29T14:00:00.000000000,208.35,168.01657
2022-08-29T15:00:00.000000000,194.08,165.0894
2022-08-29T16:00:00.000000000,191.71,161.60273
2022-08-29T17:00:00.000000000,216.76,157.87858
2022-08-29T18:00:00.000000000,212.94,152.97846
2022-08-29T19:00:00.000000000,173.49,148.97108
2022-08-29T20:00:00.000000000,165.34,145.94747
2022-08-29T21:00:00.000000000,151.99,143.86328
2022-08-29T22:00:00.000000000,155.29,142.34729
2022-08-29T23:00:00.000000000,149.46,141.43811
2022-08-30T00:00:00.000000000,155.86,143.69405
2022-08-30T01:00:00.000000000,155.2,144.48355
2022-08-30T02:00:00.000000000,160.83,146.05899
2022-08-30T03:00:00.000000000,170.17,148.7292
2022-08-30T04:00:00.000000000,191.04,151.81884
2022-08-30T05:00:00.000000000,224.88,155.18333
2022-08-30T06:00:00.000000000,252.96,159.93429
2022-08-30T07:00:00.000000000,260.26,165.73328
2022-08-30T08:00:00.000000000,231.8,169.47217
2022-08-30T09:00:00.000000000,232.77,172.92615
2022-08-30T10:00:00.000000000,229.68,176.93724
2022-08-30T11:00:00.000000000,227.49,180.28145
2022-08-30T12:00:00.000000000,212.89,183.18347
2022-08-30T13:00:00.000000000,242.53,186.37687
2022-08-30T14:00:00.000000000,236.73,188.08384
2022-08-30T15:00:00.000000000,213.41,189.08389
2022-08-30T16:00:00.000000000,170.11,189.11973
2022-08-30T17:00:00.000000000,185.23,188.18571
2022-08-30T18:00:00.000000000,220.13,185.63038
2022-08-30T19:00:00.000000000,222.48,183.08992
2022-08-30T20:00:00.000000000,215.98,181.12442
2022-08-30T21:00:00.000000000,206.47,179.34982
2022-08-30T22:00:00.000000000,206.5,177.27673
2022-08-30T23:00:00.000000000,196.25,174.91962
2022-08-31T00:00:00.000000000,177.35,173.29635
2022-08-31T01:00:00.000000000,181.3,172.07864
2022-08-31T02:00:00.000000000,185.79,172.10092
2022-08-31T03:00:00.000000000,193.27,173.4833
2022-08-31T04:00:00.000000000,197.61,176.29075
2022-08-31T05:00:00.000000000,213.82,179.82231
2022-08-31T06:00:00.000000000,270.18,185.12575
2022-08-31T07:00:00.000000000,274.77,191.65606
2022-08-31T08:00:00.000000000,278.04,195.94611
2022-08-31T09:00:00.000000000,240.53,199.02283
2022-08-31T10:00:00.000000000,233.71,201.89163
2022-08-31T11:00:00.000000000,221.87,203.43201
2022-08-31T12:00:00.000000000,213.05,203.6156
2022-08-31T13:00:00.000000000,241.62,204.04129
2022-08-31T14:00:00.000000000,259.89,203.13765
2022-08-31T15:00:00.000000000,244.92,202.09322
2022-08-31T16:00:00.000000000,233.3,200.30666
2022-08-31T17:00:00.000000000,236.04,197.84964
2022-08-31T18:00:00.000000000,239.3,193.88468
2022-08-31T19:00:00.000000000,236.39,190.39538
2022-08-31T20:00:00.000000000,225.72,187.86924
2022-08-31T21:00:00.000000000,228.11,185.86732
2022-08-31T22:00:00.000000000,194.8,183.46661
2022-08-31T23:00:00.000000000,182.98,180.57274
2022-09-01T00:00:00.000000000,174.57,172.95898
2022-09-01T01:00:00.000000000,174.52,171.51552
2022-09-01T02:00:00.000000000,188.54,171.29575
2022-09-01T03:00:00.000000000,184.22,172.33374
2022-09-01T04:00:00.000000000,195.63,174.79371
2022-09-01T05:00:00.000000000,204.31,178.01611
2022-09-01T06:00:00.000000000,214.7,183.09543
2022-09-01T07:00:00.000000000,207.29,189.15066
2022-09-01T08:00:00.000000000,246.83,192.86489
2022-09-01T09:00:00.000000000,264.35,195.47697
2022-09-01T10:00:00.000000000,258.72,197.95649
2022-09-01T11:00:00.000000000,235.14,199.26276
2022-09-01T12:00:00.000000000,237.89,199.48495
2022-09-01T13:00:00.000000000,246.31,200.08631
2022-09-01T14:00:00.000000000,252.65,199.34109
2022-09-01T15:00:00.000000000,231.23,198.49427
2022-09-01T16:00:00.000000000,223.1,196.85515
2022-09-01T17:00:00.000000000,208.0,194.42886
2022-09-01T18:00:00.000000000,203.21,190.46893
2022-09-01T19:00:00.000000000,192.28,186.96512
2022-09-01T20:00:00.000000000,200.14,184.49446
2022-09-01T21:00:00.000000000,205.91,182.44679
2022-09-01T22:00:00.000000000,179.82,180.07081
2022-09-01T23:00:00.000000000,165.96,177.26537
2022-08-30T00:00:00.000000000,155.86,157.89098
2022-08-30T01:00:00.000000000,155.2,158.16361
2022-08-30T02:00:00.000000000,160.83,159.87785
2022-08-30T03:00:00.000000000,170.17,162.93106
2022-08-30T04:00:00.000000000,191.04,167.7209
2022-08-30T05:00:00.000000000,224.88,173.59169
2022-08-30T06:00:00.000000000,252.96,181.39162
2022-08-30T07:00:00.000000000,260.26,189.98361
2022-08-30T08:00:00.000000000,231.8,195.91167
2022-08-30T09:00:00.000000000,232.77,200.79892
2022-08-30T10:00:00.000000000,229.68,205.16355
2022-08-30T11:00:00.000000000,227.49,207.77513
2022-08-30T12:00:00.000000000,212.89,208.53908
2022-08-30T13:00:00.000000000,242.53,208.91076
2022-08-30T14:00:00.000000000,236.73,207.80845
2022-08-30T15:00:00.000000000,213.41,205.99933
2022-08-30T16:00:00.000000000,170.11,203.38333
2022-08-30T17:00:00.000000000,185.23,200.05666
2022-08-30T18:00:00.000000000,220.13,194.92546
2022-08-30T19:00:00.000000000,222.48,190.08648
2022-08-30T20:00:00.000000000,215.98,186.05923
2022-08-30T21:00:00.000000000,206.47,182.749
2022-08-30T22:00:00.000000000,206.5,179.64324
2022-08-30T23:00:00.000000000,196.25,177.10175
2022-08-31T00:00:00.000000000,177.35,175.61956
2022-08-31T01:00:00.000000000,181.3,174.42948
2022-08-31T02:00:00.000000000,185.79,174.71158
2022-08-31T03:00:00.000000000,193.27,176.34467
2022-08-31T04:00:00.000000000,197.61,179.59065
2022-08-31T05:00:00.000000000,213.82,183.69391
2022-08-31T06:00:00.000000000,270.18,189.62558
2022-08-31T07:00:00.000000000,274.77,196.57577
2022-08-31T08:00:00.000000000,278.04,201.09147
2022-08-31T09:00:00.000000000,240.53,204.33382
2022-08-31T10:00:00.000000000,233.71,207.11086
2022-08-31T11:00:00.000000000,221.87,208.41831
2022-08-31T12:00:00.000000000,213.05,208.0613
2022-08-31T13:00:00.000000000,241.62,207.75347
2022-08-31T14:00:00.000000000,259.89,206.02548
2022-08-31T15:00:00.000000000,244.92,204.22529
2022-08-31T16:00:00.000000000,233.3,201.81079
2022-08-31T17:00:00.000000000,236.04,198.87281
2022-08-31T18:00:00.000000000,239.3,194.37316
2022-08-31T19:00:00.000000000,236.39,190.39667
2022-08-31T20:00:00.000000000,225.72,187.39079
2022-08-31T21:00:00.000000000,228.11,184.93953
2022-08-31T22:00:00.000000000,194.8,182.30851
2022-08-31T23:00:00.000000000,182.98,179.58814
2022-09-01T00:00:00.000000000,174.57,161.91549
2022-09-01T01:00:00.000000000,174.52,160.82348
2022-09-01T02:00:00.000000000,188.54,160.78195
2022-09-01T03:00:00.000000000,184.22,161.48945
2022-09-01T04:00:00.000000000,195.63,163.6079
2022-09-01T05:00:00.000000000,204.31,166.80068
2022-09-01T06:00:00.000000000,214.7,171.74705
2022-09-01T07:00:00.000000000,207.29,177.8331
2022-09-01T08:00:00.000000000,246.83,182.31182
2022-09-01T09:00:00.000000000,264.35,185.94667
2022-09-01T10:00:00.000000000,258.72,189.10596
2022-09-01T11:00:00.000000000,235.14,191.0468
2022-09-01T12:00:00.000000000,237.89,191.03894
2022-09-01T13:00:00.000000000,246.31,190.14725
2022-09-01T14:00:00.000000000,252.65,187.05942
2022-09-01T15:00:00.000000000,231.23,183.30195
2022-09-01T16:00:00.000000000,223.1,179.23792
2022-09-01T17:00:00.000000000,208.0,175.26673
2022-09-01T18:00:00.000000000,203.21,170.332
2022-09-01T19:00:00.000000000,192.28,166.72664
2022-09-01T20:00:00.000000000,200.14,164.42881
2022-09-01T21:00:00.000000000,205.91,162.8818
2022-09-01T22:00:00.000000000,179.82,161.31602
2022-09-01T23:00:00.000000000,165.96,159.76845
2022-09-02T00:00:00.000000000,164.5,157.88088
2022-09-02T01:00:00.000000000,164.99,158.39787
2022-09-02T02:00:00.000000000,169.74,159.8545
2022-09-02T03:00:00.000000000,180.54,162.398
2022-09-02T04:00:00.000000000,183.61,165.75016
2022-09-02T05:00:00.000000000,196.5,169.41431
2022-09-02T06:00:00.000000000,208.02,174.45782
2022-09-02T07:00:00.000000000,222.03,180.51122
2022-09-02T08:00:00.000000000,253.71,184.25663
2022-09-02T09:00:00.000000000,272.8,187.22481
2022-09-02T10:00:00.000000000,289.9,190.28407
2022-09-02T11:00:00.000000000,303.09,192.34264
2022-09-02T12:00:00.000000000,293.27,193.56956
2022-09-02T13:00:00.000000000,285.7,195.06422
2022-09-02T14:00:00.000000000,278.49,195.07489
2022-09-02T15:00:00.000000000,251.89,194.71063
2022-09-02T16:00:00.000000000,236.0,193.57854
2022-09-02T17:00:00.000000000,238.65,191.72333
2022-09-02T18:00:00.000000000,242.57,188.47112
2022-09-02T19:00:00.000000000,248.02,185.63689
2022-09-02T20:00:00.000000000,248.87,183.75649
2022-09-02T21:00:00.000000000,218.05,182.29798
2022-09-02T22:00:00.000000000,218.19,180.49393
2022-09-02T23:00:00.000000000,198.89,178.29142
2022-08-31T00:00:00.000000000,177.35,184.97669
2022-08-31T01:00:00.000000000,181.3,186.14882
2022-08-31T02:00:00.000000000,185.79,189.46521
2022-08-31T03:00:00.000000000,193.27,194.03589
2022-08-31T04:00:00.000000000,197.61,199.93022
2022-08-31T05:00:00.000000000,213.82,205.86524
2022-08-31T06:00:00.000000000,270.18,212.49423
2022-08-31T07:00:00.000000000,274.77,218.92749
2022-08-31T08:00:00.000000000,278.04,221.55805
2022-08-31T09:00:00.000000000,240.53,222.22159
2022-08-31T10:00:00.000000000,233.71,221.72503
2022-08-31T11:00:00.000000000,221.87,219.48042
2022-08-31T12:00:00.000000000,213.05,215.68469
2022-08-31T13:00:00.000000000,241.62,212.59135
2022-08-31T14:00:00.000000000,259.89,208.61327
2022-08-31T15:00:00.000000000,244.92,205.9527
2022-08-31T16:00:00.000000000,233.3,203.46704
2022-08-31T17:00:00.000000000,236.04,201.06947
2022-08-31T18:00:00.000000000,239.3,197.41411
2022-08-31T19:00:00.000000000,236.39,194.36288
2022-08-31T20:00:00.000000000,225.72,192.40436
2022-08-31T21:00:00.000000000,228.11,190.84462
2022-08-31T22:00:00.000000000,194.8,189.22019
2022-08-31T23:00:00.000000000,182.98,188.05579
2022-09-01T00:00:00.000000000,174.57,173.14525
2022-09-01T01:00:00.000000000,174.52,171.56364
2022-09-01T02:00:00.000000000,188.54,171.08733
2022-09-01T03:00:00.000000000,184.22,171.48439
2022-09-01T04:00:00.000000000,195.63,173.3777
2022-09-01T05:00:00.000000000,204.31,176.20775
2022-09-01T06:00:00.000000000,214.7,180.95139
2022-09-01T07:00:00.000000000,207.29,186.87002
2022-09-01T08:00:00.000000000,246.83,190.93001
2022-09-01T09:00:00.000000000,264.35,194.07576
2022-09-01T10:00:00.000000000,258.72,196.93815
2022-09-01T11:00:00.000000000,235.14,198.54589
2022-09-01T12:00:00.000000000,237.89,198.53792
2022-09-01T13:00:00.000000000,246.31,198.27619
2022-09-01T14:00:00.000000000,252.65,196.17856
2022-09-01T15:00:00.000000000,231.23,193.76419
2022-09-01T16:00:00.000000000,223.1,190.76239
2022-09-01T17:00:00.000000000,208.0,187.49564
2022-09-01T18:00:00.000000000,203.21,182.91926
2022-09-01T19:00:00.000000000,192.28,179.35055
2022-09-01T20:00:00.000000000,200.14,176.94779
2022-09-01T21:00:00.000000000,205.91,175.1539
2022-09-01T22:00:00.000000000,179.82,173.23452
2022-09-01T23:00:00.000000000,165.96,171.08352
2022-09-02T00:00:00.000000000,164.5,168.62115
2022-09-02T01:00:00.000000000,164.99,167.70783
2022-09-02T02:00:00.000000000,169.74,168.13207
2022-09-02T03:00:00.000000000,180.54,170.07362
2022-09-02T04:00:00.000000000,183.61,173.67344
2022-09-02T05:00:00.000000000,196.5,178.19528
2022-09-02T06:00:00.000000000,208.02,184.57358
2022-09-02T07:00:00.000000000,222.03,191.98154
2022-09-02T08:00:00.000000000,253.71,196.84623
2022-09-02T09:00:00.000000000,272.8,200.23834
2022-09-02T10:00:00.000000000,289.9,203.16335
2022-09-02T11:00:00.000000000,303.09,204.60264
2022-09-02T12:00:00.000000000,293.27,204.60939
2022-09-02T13:00:00.000000000,285.7,204.84724
2022-09-02T14:00:00.000000000,278.49,203.92548
2022-09-02T15:00:00.000000000,251.89,202.7786
2022-09-02T16:00:00.000000000,236.0,200.82197
2022-09-02T17:00:00.000000000,238.65,198.07302
2022-09-02T18:00:00.000000000,242.57,193.83162
2022-09-02T19:00:00.000000000,248.02,190.00547
2022-09-02T20:00:00.000000000,248.87,187.21379
2022-09-02T21:00:00.000000000,218.05,185.03963
2022-09-02T22:00:00.000000000,218.19,182.47704
2022-09-02T23:00:00.000000000,198.89,179.49782
2022-09-03T00:00:00.000000000,171.63,164.88642
2022-09-03T01:00:00.000000000,183.84,162.14905
2022-09-03T02:00:00.000000000,180.53,160.16147
2022-09-03T03:00:00.000000000,198.72,159.1192
2022-09-03T04:00:00.000000000,198.11,158.63625
2022-09-03T05:00:00.000000000,216.17,158.78809
2022-09-03T06:00:00.000000000,226.95,160.85943
2022-09-03T07:00:00.000000000,227.17,164.79622
2022-09-03T08:00:00.000000000,220.83,167.85201
2022-09-03T09:00:00.000000000,191.18,171.33294
2022-09-03T10:00:00.000000000,191.79,175.75081
2022-09-03T11:00:00.000000000,142.05,179.65261
2022-09-03T12:00:00.000000000,141.47,182.77911
2022-09-03T13:00:00.000000000,136.55,186.1618
2022-09-03T14:00:00.000000000,130.79,187.89603
2022-09-03T15:00:00.000000000,132.05,189.14993
2022-09-03T16:00:00.000000000,140.97,189.35814
2022-09-03T17:00:00.000000000,164.72,188.69766
2022-09-03T18:00:00.000000000,180.13,185.74381
2022-09-03T19:00:00.000000000,193.88,182.68913
2022-09-03T20:00:00.000000000,201.16,179.61476
2022-09-03T21:00:00.000000000,191.57,176.50983
2022-09-03T22:00:00.000000000,177.46,173.40122
2022-09-03T23:00:00.000000000,184.71,170.24876
2022-09-01T00:00:00.000000000,174.57,172.57316
2022-09-01T01:00:00.000000000,174.52,174.7795
2022-09-01T02:00:00.000000000,188.54,178.85452
2022-09-01T03:00:00.000000000,184.22,184.3456
2022-09-01T04:00:00.000000000,195.63,190.88671
2022-09-01T05:00:00.000000000,204.31,197.1905
2022-09-01T06:00:00.000000000,214.7,204.12902
2022-09-01T07:00:00.000000000,207.29,211.08357
2022-09-01T08:00:00.000000000,246.83,214.32329
2022-09-01T09:00:00.000000000,264.35,215.35269
2022-09-01T10:00:00.000000000,258.72,215.66826
2022-09-01T11:00:00.000000000,235.14,214.47669
2022-09-01T12:00:00.000000000,237.89,212.23533
2022-09-01T13:00:00.000000000,246.31,210.81489
2022-09-01T14:00:00.000000000,252.65,209.03621
2022-09-01T15:00:00.000000000,231.23,208.23449
2022-09-01T16:00:00.000000000,223.1,207.22819
2022-09-01T17:00:00.000000000,208.0,205.67674
2022-09-01T18:00:00.000000000,203.21,202.62241
2022-09-01T19:00:00.000000000,192.28,199.4081
2022-09-01T20:00:00.000000000,200.14,197.07416
2022-09-01T21:00:00.000000000,205.91,195.17702
2022-09-01T22:00:00.000000000,179.82,192.97664
2022-09-01T23:00:00.000000000,165.96,190.80066
2022-09-02T00:00:00.000000000,164.5,180.50913
2022-09-02T01:00:00.000000000,164.99,177.96716
2022-09-02T02:00:00.000000000,169.74,176.91446
2022-09-02T03:00:00.000000000,180.54,177.62738
2022-09-02T04:00:00.000000000,183.61,180.27188
2022-09-02T05:00:00.000000000,196.5,184.0824
2022-09-02T06:00:00.000000000,208.02,190.05443
2022-09-02T07:00:00.000000000,222.03,197.35026
2022-09-02T08:00:00.000000000,253.71,202.26032
2022-09-02T09:00:00.000000000,272.8,205.62176
2022-09-02T10:00:00.000000000,289.9,208.48373
2022-09-02T11:00:00.000000000,303.09,209.77944
2022-09-02T12:00:00.000000000,293.27,209.40882
2022-09-02T13:00:00.000000000,285.7,209.33983
2022-09-02T14:00:00.000000000,278.49,208.07923
2022-09-02T15:00:00.000000000,251.89,206.78506
2022-09-02T16:00:00.000000000,236.0,204.7407
2022-09-02T17:00:00.000000000,238.65,201.93121
2022-09-02T18:00:00.000000000,242.57,197.58891
2022-09-02T19:00:00.000000000,248.02,193.69071
2022-09-02T20:00:00.000000000,248.87,190.81733
2022-09-02T21:00:00.000000000,218.05,188.48953
2022-09-02T22:00:00.000000000,218.19,185.64114
2022-09-02T23:00:00.000000000,198.89,182.20909
2022-09-03T00:00:00.000000000,171.63,172.09417
2022-09-03T01:00:00.000000000,183.84,170.79869
2022-09-03T02:00:00.000000000,180.53,169.38125
2022-09-03T03:00:00.000000000,198.72,168.30986
2022-09-03T04:00:00.000000000,198.11,166.95754
2022-09-03T05:00:00.000000000,216.17,165.46789
2022-09-03T06:00:00.000000000,226.95,164.67696
2022-09-03T07:00:00.000000000,227.17,165.23145
2022-09-03T08:00:00.000000000,220.83,164.71243
2022-09-03T09:00:00.000000000,191.18,163.71609
2022-09-03T10:00:00.000000000,191.79,162.5692
2022-09-03T11:00:00.000000000,142.05,161.04102
2022-09-03T12:00:00.000000000,141.47,158.58253
2022-09-03T13:00:00.000000000,136.55,156.23264
2022-09-03T14:00:00.000000000,130.79,152.9526
2022-09-03T15:00:00.000000000,132.05,150.75262
2022-09-03T16:00:00.000000000,140.97,148.9143
2022-09-03T17:00:00.000000000,164.72,147.05293
2022-09-03T18:00:00.000000000,180.13,144.32262
2022-09-03T19:00:00.000000000,193.88,142.40911
2022-09-03T20:00:00.000000000,201.16,141.00981
2022-09-03T21:00:00.000000000,191.57,140.62261
2022-09-03T22:00:00.000000000,177.46,140.35114
2022-09-03T23:00:00.000000000,184.71,140.52449
2022-09-04T00:00:00.000000000,157.14,135.77279
2022-09-04T01:00:00.000000000,164.14,136.32532
2022-09-04T02:00:00.000000000,180.12,137.02244
2022-09-04T03:00:00.000000000,186.36,138.02086
2022-09-04T04:00:00.000000000,191.33,139.43694
2022-09-04T05:00:00.000000000,201.74,141.41793
2022-09-04T06:00:00.000000000,193.74,143.87353
2022-09-04T07:00:00.000000000,202.91,147.09214
2022-09-04T08:00:00.000000000,186.52,148.96561
2022-09-04T09:00:00.000000000,199.02,150.25845
2022-09-04T10:00:00.000000000,191.04,151.1564
2022-09-04T11:00:00.000000000,202.41,150.97183
2022-09-04T12:00:00.000000000,212.74,149.86507
2022-09-04T13:00:00.000000000,223.04,148.30641
2022-09-04T14:00:00.000000000,226.09,145.73399
2022-09-04T15:00:00.000000000,218.2,143.2866
2022-09-04T16:00:00.000000000,193.77,140.906
2022-09-04T17:00:00.000000000,181.81,138.43432
2022-09-04T18:00:00.000000000,181.96,135.12239
2022-09-04T19:00:00.000000000,191.1,132.75699
2022-09-04T20:00:00.000000000,219.45,131.22869
2022-09-04T21:00:00.000000000,228.38,130.71972
2022-09-04T22:00:00.000000000,216.35,130.59737
2022-09-04T23:00:00.000000000,181.71,130.86422
2022-09-02T00:00:00.000000000,164.5,161.72486
2022-09-02T01:00:00.000000000,164.99,161.43536
2022-09-02T02:00:00.000000000,169.74,162.99604
2022-09-02T03:00:00.000000000,180.54,166.5647
2022-09-02T04:00:00.000000000,183.61,172.42438
2022-09-02T05:00:00.000000000,196.5,179.77031
2022-09-02T06:00:00.000000000,208.02,189.02746
2022-09-02T07:00:00.000000000,222.03,198.78177
2022-09-02T08:00:00.000000000,253.71,205.07993
2022-09-02T09:00:00.000000000,272.8,209.57785
2022-09-02T10:00:00.000000000,289.9,212.85466
2022-09-02T11:00:00.000000000,303.09,213.99662
2022-09-02T12:00:00.000000000,293.27,213.29701
2022-09-02T13:00:00.000000000,285.7,212.65467
2022-09-02T14:00:00.000000000,278.49,210.73306
2022-09-02T15:00:00.000000000,251.89,208.44112
2022-09-02T16:00:00.000000000,236.0,205.38987
2022-09-02T17:00:00.000000000,238.65,201.60298
2022-09-02T18:00:00.000000000,242.57,196.50783
2022-09-02T19:00:00.000000000,248.02,192.06821
2022-09-02T20:00:00.000000000,248.87,188.9297
2022-09-02T21:00:00.000000000,218.05,186.58986
2022-09-02T22:00:00.000000000,218.19,183.91221
2022-09-02T23:00:00.000000000,198.89,181.36951
2022-09-03T00:00:00.000000000,171.63,166.71623
2022-09-03T01:00:00.000000000,183.84,165.05727
2022-09-03T02:00:00.000000000,180.53,163.80312
2022-09-03T03:00:00.000000000,198.72,163.12767
2022-09-03T04:00:00.000000000,198.11,162.87414
2022-09-03T05:00:00.000000000,216.17,163.11975
2022-09-03T06:00:00.000000000,226.95,164.5904
2022-09-03T07:00:00.000000000,227.17,167.37025
2022-09-03T08:00:00.000000000,220.83,169.01824
2022-09-03T09:00:00.000000000,191.18,170.02917
2022-09-03T10:00:00.000000000,191.79,170.84133
2022-09-03T11:00:00.000000000,142.05,171.15375
2022-09-03T12:00:00.000000000,141.47,170.1249
2022-09-03T13:00:00.000000000,136.55,168.59956
2022-09-03T14:00:00.000000000,130.79,165.42131
2022-09-03T15:00:00.000000000,132.05,162.36336
2022-09-03T16:00:00.000000000,140.97,159.36639
2022-09-03T17:00:00.000000000,164.72,156.31015
2022-09-03T18:00:00.000000000,180.13,152.45837
2022-09-03T19:00:00.000000000,193.88,149.72746
2022-09-03T20:00:00.000000000,201.16,147.96914
2022-09-03T21:00:00.000000000,191.57,147.16129
2022-09-03T22:00:00.000000000,177.46,146.35793
2022-09-03T23:00:00.000000000,184.71,145.73809
2022-09-04T00:00:00.000000000,157.14,141.21055
2022-09-04T01:00:00.000000000,164.14,141.08015
2022-09-04T02:00:00.000000000,180.12,141.49256
2022-09-04T03:00:00.000000000,186.36,142.53129
2022-09-04T04:00:00.000000000,191.33,144.40253
2022-09-04T05:00:00.000000000,201.74,147.15927
2022-09-04T06:00:00.000000000,193.74,150.95151
2022-09-04T07:00:00.000000000,202.91,155.59688
2022-09-04T08:00:00.000000000,186.52,158.73929
2022-09-04T09:00:00.000000000,199.02,161.19418
2022-09-04T10:00:00.000000000,191.04,163.23643
2022-09-04T11:00:00.000000000,202.41,164.31037
2022-09-04T12:00:00.000000000,212.74,164.1431
2022-09-04T13:00:00.000000000,223.04,163.25806
2022-09-04T14:00:00.000000000,226.09,160.67635
2022-09-04T15:00:00.000000000,218.2,157.60205
2022-09-04T16:00:00.000000000,193.77,154.34916
2022-09-04T17:00:00.000000000,181.81,151.02091
2022-09-04T18:00:00.000000000,181.96,146.93827
2022-09-04T19:00:00.000000000,191.1,144.06226
2022-09-04T20:00:00.000000000,219.45,142.3206
2022-09-04T21:00:00.000000000,228.38,141.4878
2022-09-04T22:00:00.000000000,216.35,140.79182
2022-09-04T23:00:00.000000000,181.71,140.2308
2022-09-05T00:00:00.000000000,178.56,136.59852
2022-09-05T01:00:00.000000000,180.43,136.85243
2022-09-05T02:00:00.000000000,185.56,137.36523
2022-09-05T03:00:00.000000000,197.57,138.29489
2022-09-05T04:00:00.000000000,201.12,139.83423
2022-09-05T05:00:00.000000000,190.95,142.12856
2022-09-05T06:00:00.000000000,180.21,145.24302
2022-09-05T07:00:00.000000000,184.91,149.2609
2022-09-05T08:00:00.000000000,189.37,151.94972
2022-09-05T09:00:00.000000000,196.31,154.11799
2022-09-05T10:00:00.000000000,201.37,155.93332
2022-09-05T11:00:00.000000000,166.69,156.64866
2022-09-05T12:00:00.000000000,165.69,156.20611
2022-09-05T13:00:00.000000000,169.5,155.16786
2022-09-05T14:00:00.000000000,167.23,152.84968
2022-09-05T15:00:00.000000000,159.36,150.33428
2022-09-05T16:00:00.000000000,178.17,147.69287
2022-09-05T17:00:00.000000000,206.45,144.9285
2022-09-05T18:00:00.000000000,230.39,141.21288
2022-09-05T19:00:00.000000000,239.43,138.48822
2022-09-05T20:00:00.000000000,216.55,136.62524
2022-09-05T21:00:00.000000000,206.64,135.71164
2022-09-05T22:00:00.000000000,197.02,135.14394
2022-09-05T23:00:00.000000000,200.91,134.89294
2022-09-03T00:00:00.000000000,171.63,190.92741
2022-09-03T01:00:00.000000000,183.84,188.76724
2022-09-03T02:00:00.000000000,180.53,187.82044
2022-09-03T03:00:00.000000000,198.72,187.55429
2022-09-03T04:00:00.000000000,198.11,188.73949
2022-09-03T05:00:00.000000000,216.17,190.94543
2022-09-03T06:00:00.000000000,226.95,195.24741
2022-09-03T07:00:00.000000000,227.17,201.07121
2022-09-03T08:00:00.000000000,220.83,205.33496
2022-09-03T09:00:00.000000000,191.18,208.81598
2022-09-03T10:00:00.000000000,191.79,211.49542
2022-09-03T11:00:00.000000000,142.05,212.77157
2022-09-03T12:00:00.000000000,141.47,211.30827
2022-09-03T13:00:00.000000000,136.55,208.82207
2022-09-03T14:00:00.000000000,130.79,204.04552
2022-09-03T15:00:00.000000000,132.05,199.19287
2022-09-03T16:00:00.000000000,140.97,194.47056
2022-09-03T17:00:00.000000000,164.72,190.03182
2022-09-03T18:00:00.000000000,180.13,184.36719
2022-09-03T19:00:00.000000000,193.88,179.89381
2022-09-03T20:00:00.000000000,201.16,176.64404
2022-09-03T21:00:00.000000000,191.57,174.2741
2022-09-03T22:00:00.000000000,177.46,172.24383
2022-09-03T23:00:00.000000000,184.71,170.88518
2022-09-04T00:00:00.000000000,157.14,162.31251
2022-09-04T01:00:00.000000000,164.14,161.46995
2022-09-04T02:00:00.000000000,180.12,161.64015
2022-09-04T03:00:00.000000000,186.36,162.46996
2022-09-04T04:00:00.000000000,191.33,164.63314
2022-09-04T05:00:00.000000000,201.74,167.79891
2022-09-04T06:00:00.000000000,193.74,172.61471
2022-09-04T07:00:00.000000000,202.91,178.4785
2022-09-04T08:00:00.000000000,186.52,182.71332
2022-09-04T09:00:00.000000000,199.02,186.06614
2022-09-04T10:00:00.000000000,191.04,188.90893
2022-09-04T11:00:00.000000000,202.41,190.57844
2022-09-04T12:00:00.000000000,212.74,190.32954
2022-09-04T13:00:00.000000000,223.04,189.105
2022-09-04T14:00:00.000000000,226.09,185.62455
2022-09-04T15:00:00.000000000,218.2,181.49733
2022-09-04T16:00:00.000000000,193.77,177.19422
2022-09-04T17:00:00.000000000,181.81,173.07047
2022-09-04T18:00:00.000000000,181.96,168.11869
2022-09-04T19:00:00.000000000,191.1,164.58415
2022-09-04T20:00:00.000000000,219.45,162.4411
2022-09-04T21:00:00.000000000,228.38,161.11946
2022-09-04T22:00:00.000000000,216.35,159.79976
2022-09-04T23:00:00.000000000,181.71,158.56908
2022-09-05T00:00:00.000000000,178.56,148.51181
2022-09-05T01:00:00.000000000,180.43,147.59679
2022-09-05T02:00:00.000000000,185.56,147.38595
2022-09-05T03:00:00.000000000,197.57,147.83518
2022-09-05T04:00:00.000000000,201.12,149.28956
2022-09-05T05:00:00.000000000,190.95,151.73559
2022-09-05T06:00:00.000000000,180.21,155.81798
2022-09-05T07:00:00.000000000,184.91,161.13577
2022-09-05T08:00:00.000000000,189.37,165.26146
2022-09-05T09:00:00.000000000,196.31,168.92141
2022-09-05T10:00:00.000000000,201.37,172.34089
2022-09-05T11:00:00.000000000,166.69,174.83044
2022-09-05T12:00:00.000000000,165.69,175.56873
2022-09-05T13:00:00.000000000,169.5,175.35227
2022-09-05T14:00:00.000000000,167.23,173.13916
2022-09-05T15:00:00.000000000,159.36,170.07189
2022-09-05T16:00:00.000000000,178.17,166.63617
2022-09-05T17:00:00.000000000,206.45,163.07404
2022-09-05T18:00:00.000000000,230.39,158.35162
2022-09-05T19:00:00.000000000,239.43,154.6531
2022-09-05T20:00:00.000000000,216.55,151.92857
2022-09-05T21:00:00.000000000,206.64,149.95583
2022-09-05T22:00:00.000000000,197.02,148.17571
2022-09-05T23:00:00.000000000,200.91,146.61673
2022-09-06T00:00:00.000000000,192.77,136.4057
2022-09-06T01:00:00.000000000,187.62,135.79823
2022-09-06T02:00:00.000000000,182.53,136.1027
2022-09-06T03:00:00.000000000,178.01,137.38121
2022-09-06T04:00:00.000000000,144.45,139.52321
2022-09-06T05:00:00.000000000,155.49,142.6299
2022-09-06T06:00:00.000000000,190.15,147.52603
2022-09-06T07:00:00.000000000,220.02,153.79893
2022-09-06T08:00:00.000000000,241.54,158.87943
2022-09-06T09:00:00.000000000,252.0,163.90678
2022-09-06T10:00:00.000000000,247.74,169.23346
2022-09-06T11:00:00.000000000,236.49,173.72749
2022-09-06T12:00:00.000000000,230.53,176.76135
2022-09-06T13:00:00.000000000,221.5,179.23613
2022-09-06T14:00:00.000000000,211.91,179.82089
2022-09-06T15:00:00.000000000,195.28,179.19929
2022-09-06T16:00:00.000000000,184.08,177.49031
2022-09-06T17:00:00.000000000,195.6,175.14726
2022-09-06T18:00:00.000000000,230.7,170.96267
2022-09-06T19:00:00.000000000,224.82,167.02747
2022-09-06T20:00:00.000000000,168.89,163.43771
2022-09-06T21:00:00.000000000,137.19,160.18075
2022-09-06T22:00:00.000000000,126.99,157.07583
2022-09-06T23:00:00.000000000,128.51,154.16373
2022-09-04T00:00:00.000000000,157.14,171.79681
2022-09-04T01:00:00.000000000,164.14,170.55428
2022-09-04T02:00:00.000000000,180.12,169.32264
2022-09-04T03:00:00.000000000,186.36,168.47854
2022-09-04T04:00:00.000000000,191.33,167.52547
2022-09-04T05:00:00.000000000,201.74,166.52627
2022-09-04T06:00:00.000000000,193.74,166.28055
2022-09-04T07:00:00.000000000,202.91,167.32218
2022-09-04T08:00:00.000000000,186.52,167.19022
2022-09-04T09:00:00.000000000,199.02,166.53165
2022-09-04T10:00:00.000000000,191.04,165.65176
2022-09-04T11:00:00.000000000,202.41,164.22041
2022-09-04T12:00:00.000000000,212.74,161.7129
2022-09-04T13:00:00.000000000,223.04,159.27725
2022-09-04T14:00:00.000000000,226.09,155.86759
2022-09-04T15:00:00.000000000,218.2,153.53845
2022-09-04T16:00:00.000000000,193.77,151.527
2022-09-04T17:00:00.000000000,181.81,149.53415
2022-09-04T18:00:00.000000000,181.96,146.59321
2022-09-04T19:00:00.000000000,191.1,144.51466
2022-09-04T20:00:00.000000000,219.45,142.95425
2022-09-04T21:00:00.000000000,228.38,142.37384
2022-09-04T22:00:00.000000000,216.35,141.95382
2022-09-04T23:00:00.000000000,181.71,141.96922
2022-09-05T00:00:00.000000000,178.56,139.60924
2022-09-05T01:00:00.000000000,180.43,139.82783
2022-09-05T02:00:00.000000000,185.56,140.07048
2022-09-05T03:00:00.000000000,197.57,140.58041
2022-09-05T04:00:00.000000000,201.12,141.35601
2022-09-05T05:00:00.000000000,190.95,142.5663
2022-09-05T06:00:00.000000000,180.21,144.27992
2022-09-05T07:00:00.000000000,184.91,146.88289
2022-09-05T08:00:00.000000000,189.37,148.27821
2022-09-05T09:00:00.000000000,196.31,149.17043
2022-09-05T10:00:00.000000000,201.37,149.76859
2022-09-05T11:00:00.000000000,166.69,149.40404
2022-09-05T12:00:00.000000000,165.69,148.15037
2022-09-05T13:00:00.000000000,169.5,146.56813
2022-09-05T14:00:00.000000000,167.23,144.07407
2022-09-05T15:00:00.000000000,159.36,141.89577
2022-09-05T16:00:00.000000000,178.17,139.79844
2022-09-05T17:00:00.000000000,206.45,137.59071
2022-09-05T18:00:00.000000000,230.39,134.46465
2022-09-05T19:00:00.000000000,239.43,132.21336
2022-09-05T20:00:00.000000000,216.55,130.66921
2022-09-05T21:00:00.000000000,206.64,130.13396
2022-09-05T22:00:00.000000000,197.02,129.98922
2022-09-05T23:00:00.000000000,200.91,130.2373
2022-09-06T00:00:00.000000000,192.77,129.55432
2022-09-06T01:00:00.000000000,187.62,130.32095
2022-09-06T02:00:00.000000000,182.53,131.31699
2022-09-06T03:00:00.000000000,178.01,132.67673
2022-09-06T04:00:00.000000000,144.45,134.69745
2022-09-06T05:00:00.000000000,155.49,137.53972
2022-09-06T06:00:00.000000000,190.15,141.15096
2022-09-06T07:00:00.000000000,220.02,145.5955
2022-09-06T08:00:00.000000000,241.54,148.67364
2022-09-06T09:00:00.000000000,252.0,151.27803
2022-09-06T10:00:00.000000000,247.74,153.50371
2022-09-06T11:00:00.000000000,236.49,154.47417
2022-09-06T12:00:00.000000000,230.53,154.28138
2022-09-06T13:00:00.000000000,221.5,153.44829
2022-09-06T14:00:00.000000000,211.91,151.41552
2022-09-06T15:00:00.000000000,195.28,149.07347
2022-09-06T16:00:00.000000000,184.08,146.52207
2022-09-06T17:00:00.000000000,195.6,143.8029
2022-09-06T18:00:00.000000000,230.7,140.0389
2022-09-06T19:00:00.000000000,224.82,137.17984
2022-09-06T20:00:00.000000000,168.89,135.12565
2022-09-06T21:00:00.000000000,137.19,134.02155
2022-09-06T22:00:00.000000000,126.99,133.37479
2022-09-06T23:00:00.000000000,128.51,133.12817
2022-09-07T00:00:00.000000000,123.71,136.33339
2022-09-07T01:00:00.000000000,126.29,136.64597
2022-09-07T02:00:00.000000000,130.97,136.97651
2022-09-07T03:00:00.000000000,146.34,137.56297
2022-09-07T04:00:00.000000000,177.57,138.49725
2022-09-07T05:00:00.000000000,213.99,139.97104
2022-09-07T06:00:00.000000000,221.48,142.04574
2022-09-07T07:00:00.000000000,229.44,145.04007
2022-09-07T08:00:00.000000000,254.69,146.85556
2022-09-07T09:00:00.000000000,255.7,148.21861
2022-09-07T10:00:00.000000000,274.43,149.29857
2022-09-07T11:00:00.000000000,286.92,149.3643
2022-09-07T12:00:00.000000000,289.25,148.47872
2022-09-07T13:00:00.000000000,292.69,147.18129
2022-09-07T14:00:00.000000000,274.96,144.92237
2022-09-07T15:00:00.000000000,262.89,142.80019
2022-09-07T16:00:00.000000000,266.93,140.65785
2022-09-07T17:00:00.000000000,241.14,138.37153
2022-09-07T18:00:00.000000000,229.02,135.10937
2022-09-07T19:00:00.000000000,234.52,132.72082
2022-09-07T20:00:00.000000000,212.67,131.0358
2022-09-07T21:00:00.000000000,198.54,130.35105
2022-09-07T22:00:00.000000000,192.16,130.09343
2022-09-07T23:00:00.000000000,164.92,130.22246
2022-09-05T00:00:00.000000000,178.56,177.9416
2022-09-05T01:00:00.000000000,180.43,175.89735
2022-09-05T02:00:00.000000000,185.56,174.71469
2022-09-05T03:00:00.000000000,197.57,173.96059
2022-09-05T04:00:00.000000000,201.12,174.53693
2022-09-05T05:00:00.000000000,190.95,176.05632
2022-09-05T06:00:00.000000000,180.21,179.58494
2022-09-05T07:00:00.000000000,184.91,184.54129
2022-09-05T08:00:00.000000000,189.37,188.24754
2022-09-05T09:00:00.000000000,196.31,191.1437
2022-09-05T10:00:00.000000000,201.37,193.71121
2022-09-05T11:00:00.000000000,166.69,195.13185
2022-09-05T12:00:00.000000000,165.69,194.48944
2022-09-05T13:00:00.000000000,169.5,193.05222
2022-09-05T14:00:00.000000000,167.23,189.62833
2022-09-05T15:00:00.000000000,159.36,186.03933
2022-09-05T16:00:00.000000000,178.17,182.2311
2022-09-05T17:00:00.000000000,206.45,178.56341
2022-09-05T18:00:00.000000000,230.39,173.76243
2022-09-05T19:00:00.000000000,239.43,170.26542
2022-09-05T20:00:00.000000000,216.55,167.91283
2022-09-05T21:00:00.000000000,206.64,166.36187
2022-09-05T22:00:00.000000000,197.02,164.84491
2022-09-05T23:00:00.000000000,200.91,163.323
2022-09-06T00:00:00.000000000,192.77,164.87414
2022-09-06T01:00:00.000000000,187.62,164.97042
2022-09-06T02:00:00.000000000,182.53,166.14714
2022-09-06T03:00:00.000000000,178.01,168.42842
2022-09-06T04:00:00.000000000,144.45,171.698
2022-09-06T05:00:00.000000000,155.49,175.30054
2022-09-06T06:00:00.000000000,190.15,180.33811
2022-09-06T07:00:00.000000000,220.02,186.29122
2022-09-06T08:00:00.000000000,241.54,189.84553
2022-09-06T09:00:00.000000000,252.0,192.43163
2022-09-06T10:00:00.000000000,247.74,195.01571
2022-09-06T11:00:00.000000000,236.49,196.51109
2022-09-06T12:00:00.000000000,230.53,197.08876
2022-09-06T13:00:00.000000000,221.5,198.00642
2022-09-06T14:00:00.000000000,211.91,197.55142
2022-09-06T15:00:00.000000000,195.28,196.93808
2022-09-06T16:00:00.000000000,184.08,195.61735
2022-09-06T17:00:00.000000000,195.6,193.60328
2022-09-06T18:00:00.000000000,230.7,190.12749
2022-09-06T19:00:00.000000000,224.82,187.0462
2022-09-06T20:00:00.000000000,168.89,184.93456
2022-09-06T21:00:00.000000000,137.19,183.24411
2022-09-06T22:00:00.000000000,126.99,181.24527
2022-09-06T23:00:00.000000000,128.51,178.87695
2022-09-07T00:00:00.000000000,123.71,168.59575
2022-09-07T01:00:00.000000000,126.29,167.29355
2022-09-07T02:00:00.000000000,130.97,166.96454
2022-09-07T03:00:00.000000000,146.34,167.29289
2022-09-07T04:00:00.000000000,177.57,168.93797
2022-09-07T05:00:00.000000000,213.99,171.50193
2022-09-07T06:00:00.000000000,221.48,175.88427
2022-09-07T07:00:00.000000000,229.44,181.61258
2022-09-07T08:00:00.000000000,254.69,185.84843
2022-09-07T09:00:00.000000000,255.7,189.33299
2022-09-07T10:00:00.000000000,274.43,192.50626
2022-09-07T11:00:00.000000000,286.92,194.45175
2022-09-07T12:00:00.000000000,289.25,194.49702
2022-09-07T13:00:00.000000000,292.69,193.92266
2022-09-07T14:00:00.000000000,274.96,191.34001
2022-09-07T15:00:00.000000000,262.89,188.29455
2022-09-07T16:00:00.000000000,266.93,184.79261
2022-09-07T17:00:00.000000000,241.14,181.25097
2022-09-07T18:00:00.000000000,229.02,176.50945
2022-09-07T19:00:00.000000000,234.52,172.94057
2022-09-07T20:00:00.000000000,212.67,170.53746
2022-09-07T21:00:00.000000000,198.54,168.84012
2022-09-07T22:00:00.000000000,192.16,167.12003
2022-09-07T23:00:00.000000000,164.92,165.30024
2022-09-08T00:00:00.000000000,177.86,155.2481
2022-09-08T01:00:00.000000000,183.75,154.53966
2022-09-08T02:00:00.000000000,173.96,153.6888
2022-09-08T03:00:00.000000000,186.7,153.08391
2022-09-08T04:00:00.000000000,180.0,152.25594
2022-09-08T05:00:00.000000000,161.11,151.37736
2022-09-08T06:00:00.000000000,155.8,150.94163
2022-09-08T07:00:00.000000000,154.04,151.60228
2022-09-08T08:00:00.000000000,137.93,151.30541
2022-09-08T09:00:00.000000000,172.12,150.57576
2022-09-08T10:00:00.000000000,156.12,149.76484
2022-09-08T11:00:00.000000000,154.73,148.48812
2022-09-08T12:00:00.000000000,132.72,146.51087
2022-09-08T13:00:00.000000000,148.84,144.52107
2022-09-08T14:00:00.000000000,135.97,141.75577
2022-09-08T15:00:00.000000000,125.36,139.83304
2022-09-08T16:00:00.000000000,122.62,138.237
2022-09-08T17:00:00.000000000,116.5,136.50328
2022-09-08T18:00:00.000000000,115.0,133.88024
2022-09-08T19:00:00.000000000,112.08,131.96331
2022-09-08T20:00:00.000000000,109.01,130.56524
2022-09-08T21:00:00.000000000,108.42,130.17376
2022-09-08T22:00:00.000000000,105.7,130.05991
2022-09-08T23:00:00.000000000,106.73,130.40078
2022-09-06T00:00:00.000000000,192.77,185.06919
2022-09-06T01:00:00.000000000,187.62,182.13886
2022-09-06T02:00:00.000000000,182.53,180.00737
2022-09-06T03:00:00.000000000,178.01,179.02552
2022-09-06T04:00:00.000000000,144.45,178.58371
2022-09-06T05:00:00.000000000,155.49,178.4198
2022-09-06T06:00:00.000000000,190.15,179.92338
2022-09-06T07:00:00.000000000,220.02,183.77681
2022-09-06T08:00:00.000000000,241.54,186.69787
2022-09-06T09:00:00.000000000,252.0,189.73949
2022-09-06T10:00:00.000000000,247.74,193.70472
2022-09-06T11:00:00.000000000,236.49,196.92482
2022-09-06T12:00:00.000000000,230.53,199.18063
2022-09-06T13:00:00.000000000,221.5,201.75537
2022-09-06T14:00:00.000000000,211.91,202.50694
2022-09-06T15:00:00.000000000,195.28,203.1677
2022-09-06T16:00:00.000000000,184.08,203.10105
2022-09-06T17:00:00.000000000,195.6,202.4154
2022-09-06T18:00:00.000000000,230.7,199.74237
2022-09-06T19:00:00.000000000,224.82,197.22008
2022-09-06T20:00:00.000000000,168.89,194.89807
2022-09-06T21:00:00.000000000,137.19,192.70062
2022-09-06T22:00:00.000000000,126.99,190.11752
2022-09-06T23:00:00.000000000,128.51,187.05377
2022-09-07T00:00:00.000000000,123.71,174.80939
2022-09-07T01:00:00.000000000,126.29,173.69363
2022-09-07T02:00:00.000000000,130.97,173.51392
2022-09-07T03:00:00.000000000,146.34,173.71676
2022-09-07T04:00:00.000000000,177.57,175.10511
2022-09-07T05:00:00.000000000,213.99,177.27294
2022-09-07T06:00:00.000000000,221.48,181.09212
2022-09-07T07:00:00.000000000,229.44,186.14067
2022-09-07T08:00:00.000000000,254.69,189.7883
2022-09-07T09:00:00.000000000,255.7,192.56691
2022-09-07T10:00:00.000000000,274.43,194.82579
2022-09-07T11:00:00.000000000,286.92,195.8481
2022-09-07T12:00:00.000000000,289.25,194.7562
2022-09-07T13:00:00.000000000,292.69,192.73835
2022-09-07T14:00:00.000000000,274.96,188.60513
2022-09-07T15:00:00.000000000,262.89,184.23226
2022-09-07T16:00:00.000000000,266.93,179.92491
2022-09-07T17:00:00.000000000,241.14,175.95695
2022-09-07T18:00:00.000000000,229.02,171.10197
2022-09-07T19:00:00.000000000,234.52,167.62721
2022-09-07T20:00:00.000000000,212.67,165.48887
2022-09-07T21:00:00.000000000,198.54,164.18125
2022-09-07T22:00:00.000000000,192.16,162.91819
2022-09-07T23:00:00.000000000,164.92,161.80278
2022-09-08T00:00:00.000000000,177.86,153.06793
2022-09-08T01:00:00.000000000,183.75,152.74929
2022-09-08T02:00:00.000000000,173.96,152.47302
2022-09-08T03:00:00.000000000,186.7,152.52085
2022-09-08T04:00:00.000000000,180.0,152.59255
2022-09-08T05:00:00.000000000,161.11,152.83453
2022-09-08T06:00:00.000000000,155.8,153.54271
2022-09-08T07:00:00.000000000,154.04,155.21648
2022-09-08T08:00:00.000000000,137.93,155.66463
2022-09-08T09:00:00.000000000,172.12,155.53086
2022-09-08T10:00:00.000000000,156.12,155.13075
2022-09-08T11:00:00.000000000,154.73,154.05523
2022-09-08T12:00:00.000000000,132.72,152.15362
2022-09-08T13:00:00.000000000,148.84,150.09028
2022-09-08T14:00:00.000000000,135.97,147.06567
2022-09-08T15:00:00.000000000,125.36,144.66426
2022-09-08T16:00:00.000000000,122.62,142.54098
2022-09-08T17:00:00.000000000,116.5,140.37633
2022-09-08T18:00:00.000000000,115.0,137.45293
2022-09-08T19:00:00.000000000,112.08,135.44886
2022-09-08T20:00:00.000000000,109.01,134.19307
2022-09-08T21:00:00.000000000,108.42,133.95995
2022-09-08T22:00:00.000000000,105.7,133.94836
2022-09-08T23:00:00.000000000,106.73,134.30371
2022-09-09T00:00:00.000000000,100.34,129.76038
2022-09-09T01:00:00.000000000,103.97,130.71304
2022-09-09T02:00:00.000000000,102.27,131.87737
2022-09-09T03:00:00.000000000,105.79,133.37506
2022-09-09T04:00:00.000000000,124.33,135.47523
2022-09-09T05:00:00.000000000,127.73,138.32037
2022-09-09T06:00:00.000000000,139.44,141.74613
2022-09-09T07:00:00.000000000,142.31,145.90431
2022-09-09T08:00:00.000000000,127.42,148.6181
2022-09-09T09:00:00.000000000,149.89,150.78004
2022-09-09T10:00:00.000000000,178.94,152.49787
2022-09-09T11:00:00.000000000,190.86,152.93012
2022-09-09T12:00:00.000000000,257.97,152.29724
2022-09-09T13:00:00.000000000,307.82,151.09669
2022-09-09T14:00:00.000000000,268.47,148.8039
2022-09-09T15:00:00.000000000,265.61,146.38185
2022-09-09T16:00:00.000000000,241.03,143.85952
2022-09-09T17:00:00.000000000,222.78,141.21896
2022-09-09T18:00:00.000000000,217.01,137.62474
2022-09-09T19:00:00.000000000,215.26,134.96522
2022-09-09T20:00:00.000000000,203.54,133.14447
2022-09-09T21:00:00.000000000,201.66,132.31417
2022-09-09T22:00:00.000000000,192.81,131.93914
2022-09-09T23:00:00.000000000,162.72,131.98309
2022-09-07T00:00:00.000000000,123.71,140.78992
2022-09-07T01:00:00.000000000,126.29,143.64371
2022-09-07T02:00:00.000000000,130.97,147.2645
2022-09-07T03:00:00.000000000,146.34,150.97662
2022-09-07T04:00:00.000000000,177.57,155.64687
2022-09-07T05:00:00.000000000,213.99,160.86465
2022-09-07T06:00:00.000000000,221.48,167.23231
2022-09-07T07:00:00.000000000,229.44,174.18367
2022-09-07T08:00:00.000000000,254.69,179.15545
2022-09-07T09:00:00.000000000,255.7,183.51612
2022-09-07T10:00:00.000000000,274.43,187.24362
2022-09-07T11:00:00.000000000,286.92,189.58314
2022-09-07T12:00:00.000000000,289.25,190.06694
2022-09-07T13:00:00.000000000,292.69,189.36994
2022-09-07T14:00:00.000000000,274.96,186.62367
2022-09-07T15:00:00.000000000,262.89,182.75798
2022-09-07T16:00:00.000000000,266.93,178.53483
2022-09-07T17:00:00.000000000,241.14,174.4262
2022-09-07T18:00:00.000000000,229.02,169.15042
2022-09-07T19:00:00.000000000,234.52,164.9487
2022-09-07T20:00:00.000000000,212.67,161.91231
2022-09-07T21:00:00.000000000,198.54,159.87103
2022-09-07T22:00:00.000000000,192.16,158.46562
2022-09-07T23:00:00.000000000,164.92,157.87333
2022-09-08T00:00:00.000000000,177.86,150.36246
2022-09-08T01:00:00.000000000,183.75,149.64926
2022-09-08T02:00:00.000000000,173.96,148.8093
2022-09-08T03:00:00.000000000,186.7,148.2197
2022-09-08T04:00:00.000000000,180.0,147.50155
2022-09-08T05:00:00.000000000,161.11,146.84245
2022-09-08T06:00:00.000000000,155.8,146.64638
2022-09-08T07:00:00.000000000,154.04,147.52421
2022-09-08T08:00:00.000000000,137.93,147.50069
2022-09-08T09:00:00.000000000,172.12,147.06442
2022-09-08T10:00:00.000000000,156.12,146.57111
2022-09-08T11:00:00.000000000,154.73,145.54937
2022-09-08T12:00:00.000000000,132.72,143.81951
2022-09-08T13:00:00.000000000,148.84,142.02632
2022-09-08T14:00:00.000000000,135.97,139.46258
2022-09-08T15:00:00.000000000,125.36,137.64699
2022-09-08T16:00:00.000000000,122.62,136.08289
2022-09-08T17:00:00.000000000,116.5,134.33838
2022-09-08T18:00:00.000000000,115.0,131.65705
2022-09-08T19:00:00.000000000,112.08,129.68966
2022-09-08T20:00:00.000000000,109.01,128.235
2022-09-08T21:00:00.000000000,108.42,127.76994
2022-09-08T22:00:00.000000000,105.7,127.61576
2022-09-08T23:00:00.000000000,106.73,127.87454
2022-09-09T00:00:00.000000000,100.34,124.78975
2022-09-09T01:00:00.000000000,103.97,125.50532
2022-09-09T02:00:00.000000000,102.27,126.36525
2022-09-09T03:00:00.000000000,105.79,127.56915
2022-09-09T04:00:00.000000000,124.33,129.43874
2022-09-09T05:00:00.000000000,127.73,132.20604
2022-09-09T06:00:00.000000000,139.44,135.68868
2022-09-09T07:00:00.000000000,142.31,140.00467
2022-09-09T08:00:00.000000000,127.42,143.04405
2022-09-09T09:00:00.000000000,149.89,145.65257
2022-09-09T10:00:00.000000000,178.94,147.90153
2022-09-09T11:00:00.000000000,190.86,148.86126
2022-09-09T12:00:00.000000000,257.97,148.76156
2022-09-09T13:00:00.000000000,307.82,148.02855
2022-09-09T14:00:00.000000000,268.47,146.21118
2022-09-09T15:00:00.000000000,265.61,144.09371
2022-09-09T16:00:00.000000000,241.03,141.77513
2022-09-09T17:00:00.000000000,222.78,139.23022
2022-09-09T18:00:00.000000000,217.01,135.64595
2022-09-09T19:00:00.000000000,215.26,132.89989
2022-09-09T20:00:00.000000000,203.54,130.90572
2022-09-09T21:00:00.000000000,201.66,129.8547
2022-09-09T22:00:00.000000000,192.81,129.27697
2022-09-09T23:00:00.000000000,162.72,129.10188
2022-09-10T00:00:00.000000000,162.13,127.39067
2022-09-10T01:00:00.000000000,164.36,128.13867
2022-09-10T02:00:00.000000000,168.68,128.89348
2022-09-10T03:00:00.000000000,172.49,129.85974
2022-09-10T04:00:00.000000000,192.48,131.17317
2022-09-10T05:00:00.000000000,190.0,133.06131
2022-09-10T06:00:00.000000000,165.41,135.47674
2022-09-10T07:00:00.000000000,169.68,138.73345
2022-09-10T08:00:00.000000000,158.62,140.78783
2022-09-10T09:00:00.000000000,155.95,142.45112
2022-09-10T10:00:00.000000000,159.01,143.88004
2022-09-10T11:00:00.000000000,164.41,144.23368
2022-09-10T12:00:00.000000000,169.4,143.70006
2022-09-10T13:00:00.000000000,170.04,142.85709
2022-09-10T14:00:00.000000000,164.04,141.13243
2022-09-10T15:00:00.000000000,159.04,139.48131
2022-09-10T16:00:00.000000000,186.8,137.71524
2022-09-10T17:00:00.000000000,190.07,135.81214
2022-09-10T18:00:00.000000000,178.45,132.87879
2022-09-10T19:00:00.000000000,168.16,130.77086
2022-09-10T20:00:00.000000000,159.16,129.30218
2022-09-10T21:00:00.000000000,167.45,128.66313
2022-09-10T22:00:00.000000000,170.65,128.45363
2022-09-10T23:00:00.000000000,163.49,128.54046
2022-09-08T00:00:00.000000000,177.86,161.57147
2022-09-08T01:00:00.000000000,183.75,160.61249
2022-09-08T02:00:00.000000000,173.96,160.50951
2022-09-08T03:00:00.000000000,186.7,161.08792
2022-09-08T04:00:00.000000000,180.0,163.07456
2022-09-08T05:00:00.000000000,161.11,166.18713
2022-09-08T06:00:00.000000000,155.8,171.18658
2022-09-08T07:00:00.000000000,154.04,177.39484
2022-09-08T08:00:00.000000000,137.93,181.99573
2022-09-08T09:00:00.000000000,172.12,185.82854
2022-09-08T10:00:00.000000000,156.12,189.21484
2022-09-08T11:00:00.000000000,154.73,191.50468
2022-09-08T12:00:00.000000000,132.72,191.88476
2022-09-08T13:00:00.000000000,148.84,191.2083
2022-09-08T14:00:00.000000000,135.97,188.22641
2022-09-08T15:00:00.000000000,125.36,184.42833
2022-09-08T16:00:00.000000000,122.62,180.23025
2022-09-08T17:00:00.000000000,116.5,176.03173
2022-09-08T18:00:00.000000000,115.0,170.85726
2022-09-08T19:00:00.000000000,112.08,166.99574
2022-09-08T20:00:00.000000000,109.01,164.39687
2022-09-08T21:00:00.000000000,108.42,162.72253
2022-09-08T22:00:00.000000000,105.7,161.15912
2022-09-08T23:00:00.000000000,106.73,159.8222
2022-09-09T00:00:00.000000000,100.34,146.52227
2022-09-09T01:00:00.000000000,103.97,145.58718
2022-09-09T02:00:00.000000000,102.27,145.4153
2022-09-09T03:00:00.000000000,105.79,146.01355
2022-09-09T04:00:00.000000000,124.33,147.72203
2022-09-09T05:00:00.000000000,127.73,150.51084
2022-09-09T06:00:00.000000000,139.44,154.91872
2022-09-09T07:00:00.000000000,142.31,160.50138
2022-09-09T08:00:00.000000000,127.42,164.76828
2022-09-09T09:00:00.000000000,149.89,168.49663
2022-09-09T10:00:00.000000000,178.94,171.9155
2022-09-09T11:00:00.000000000,190.86,174.31645
2022-09-09T12:00:00.000000000,257.97,175.01649
2022-09-09T13:00:00.000000000,307.82,174.85024
2022-09-09T14:00:00.000000000,268.47,172.74713
2022-09-09T15:00:00.000000000,265.61,169.83045
2022-09-09T16:00:00.000000000,241.03,166.47455
2022-09-09T17:00:00.000000000,222.78,162.97923
2022-09-09T18:00:00.000000000,217.01,158.31999
2022-09-09T19:00:00.000000000,215.26,154.66569
2022-09-09T20:00:00.000000000,203.54,151.96117
2022-09-09T21:00:00.000000000,201.66,149.99137
2022-09-09T22:00:00.000000000,192.81,148.17664
2022-09-09T23:00:00.000000000,162.72,146.55257
2022-09-10T00:00:00.000000000,162.13,137.54844
2022-09-10T01:00:00.000000000,164.36,137.56475
2022-09-10T02:00:00.000000000,168.68,137.62628
2022-09-10T03:00:00.000000000,172.49,138.00707
2022-09-10T04:00:00.000000000,192.48,138.71717
2022-09-10T05:00:00.000000000,190.0,139.99033
2022-09-10T06:00:00.000000000,165.41,142.05474
2022-09-10T07:00:00.000000000,169.68,145.18329
2022-09-10T08:00:00.000000000,158.62,147.15872
2022-09-10T09:00:00.000000000,155.95,148.81046
2022-09-10T10:00:00.000000000,159.01,150.30943
2022-09-10T11:00:00.000000000,164.41,150.81766
2022-09-10T12:00:00.000000000,169.4,150.29728
2022-09-10T13:00:00.000000000,170.04,149.49586
2022-09-10T14:00:00.000000000,164.04,147.7339
2022-09-10T15:00:00.000000000,159.04,146.12815
2022-09-10T16:00:00.000000000,186.8,144.34992
2022-09-10T17:00:00.000000000,190.07,142.41428
2022-09-10T18:00:00.000000000,178.45,139.33211
2022-09-10T19:00:00.000000000,168.16,137.06406
2022-09-10T20:00:00.000000000,159.16,135.37417
2022-09-10T21:00:00.000000000,167.45,134.50753
2022-09-10T22:00:00.000000000,170.65,134.00611
2022-09-10T23:00:00.000000000,163.49,133.78431
2022-09-11T00:00:00.000000000,156.71,129.62256
2022-09-11T01:00:00.000000000,165.89,130.91204
2022-09-11T02:00:00.000000000,178.21,132.42732
2022-09-11T03:00:00.000000000,178.46,134.2014
2022-09-11T04:00:00.000000000,188.23,136.51038
2022-09-11T05:00:00.000000000,200.61,139.47399
2022-09-11T06:00:00.000000000,176.98,143.08973
2022-09-11T07:00:00.000000000,172.08,147.45695
2022-09-11T08:00:00.000000000,179.68,150.35291
2022-09-11T09:00:00.000000000,184.48,152.775
2022-09-11T10:00:00.000000000,192.18,154.83236
2022-09-11T11:00:00.000000000,188.88,155.63963
2022-09-11T12:00:00.000000000,186.93,155.31687
2022-09-11T13:00:00.000000000,186.7,154.46045
2022-09-11T14:00:00.000000000,202.82,152.48331
2022-09-11T15:00:00.000000000,188.42,150.29801
2022-09-11T16:00:00.000000000,185.36,147.8732
2022-09-11T17:00:00.000000000,196.65,145.31891
2022-09-11T18:00:00.000000000,176.49,141.6785
2022-09-11T19:00:00.000000000,185.12,138.92167
2022-09-11T20:00:00.000000000,181.06,136.95178
2022-09-11T21:00:00.000000000,201.36,135.91248
2022-09-11T22:00:00.000000000,197.27,135.37651
2022-09-11T23:00:00.000000000,186.18,135.26538
2022-09-09T00:00:00.000000000,100.34,107.63398
2022-09-09T01:00:00.000000000,103.97,108.93984
2022-09-09T02:00:00.000000000,102.27,110.36993
2022-09-09T03:00:00.000000000,105.79,112.13357
2022-09-09T04:00:00.000000000,124.33,114.86118
2022-09-09T05:00:00.000000000,127.73,118.90915
2022-09-09T06:00:00.000000000,139.44,123.66873
2022-09-09T07:00:00.000000000,142.31,129.148
2022-09-09T08:00:00.000000000,127.42,133.33167
2022-09-09T09:00:00.000000000,149.89,137.08198
2022-09-09T10:00:00.000000000,178.94,140.34237
2022-09-09T11:00:00.000000000,190.86,141.99242
2022-09-09T12:00:00.000000000,257.97,142.59443
2022-09-09T13:00:00.000000000,307.82,142.29354
2022-09-09T14:00:00.000000000,268.47,140.85961
2022-09-09T15:00:00.000000000,265.61,138.76324
2022-09-09T16:00:00.000000000,241.03,136.36603
2022-09-09T17:00:00.000000000,222.78,133.58763
2022-09-09T18:00:00.000000000,217.01,129.80248
2022-09-09T19:00:00.000000000,215.26,126.8015
2022-09-09T20:00:00.000000000,203.54,124.60975
2022-09-09T21:00:00.000000000,201.66,123.4147
2022-09-09T22:00:00.000000000,192.81,122.80062
2022-09-09T23:00:00.000000000,162.72,122.70087
2022-09-10T00:00:00.000000000,162.13,121.56263
2022-09-10T01:00:00.000000000,164.36,122.54943
2022-09-10T02:00:00.000000000,168.68,123.54426
2022-09-10T03:00:00.000000000,172.49,124.71677
2022-09-10T04:00:00.000000000,192.48,126.32231
2022-09-10T05:00:00.000000000,190.0,128.58477
2022-09-10T06:00:00.000000000,165.41,131.29086
2022-09-10T07:00:00.000000000,169.68,134.74094
2022-09-10T08:00:00.000000000,158.62,137.00299
2022-09-10T09:00:00.000000000,155.95,138.82419
2022-09-10T10:00:00.000000000,159.01,140.33735
2022-09-10T11:00:00.000000000,164.41,140.69055
2022-09-10T12:00:00.000000000,169.4,140.16948
2022-09-10T13:00:00.000000000,170.04,139.28807
2022-09-10T14:00:00.000000000,164.04,137.54722
2022-09-10T15:00:00.000000000,159.04,135.81387
2022-09-10T16:00:00.000000000,186.8,133.98254
2022-09-10T17:00:00.000000000,190.07,131.99812
2022-09-10T18:00:00.000000000,178.45,129.02198
2022-09-10T19:00:00.000000000,168.16,126.86648
2022-09-10T20:00:00.000000000,159.16,125.37122
2022-09-10T21:00:00.000000000,167.45,124.71485
2022-09-10T22:00:00.000000000,170.65,124.53086
2022-09-10T23:00:00.000000000,163.49,124.67057
2022-09-11T00:00:00.000000000,156.71,122.46871
2022-09-11T01:00:00.000000000,165.89,124.00416
2022-09-11T02:00:00.000000000,178.21,125.80135
2022-09-11T03:00:00.000000000,178.46,127.90444
2022-09-11T04:00:00.000000000,188.23,130.67994
2022-09-11T05:00:00.000000000,200.61,134.27997
2022-09-11T06:00:00.000000000,176.98,138.55244
2022-09-11T07:00:00.000000000,172.08,143.51566
2022-09-11T08:00:00.000000000,179.68,146.98695
2022-09-11T09:00:00.000000000,184.48,149.98808
2022-09-11T10:00:00.000000000,192.18,152.6004
2022-09-11T11:00:00.000000000,188.88,153.86412
2022-09-11T12:00:00.000000000,186.93,153.98527
2022-09-11T13:00:00.000000000,186.7,153.43743
2022-09-11T14:00:00.000000000,202.82,151.70885
2022-09-11T15:00:00.000000000,188.42,149.52422
2022-09-11T16:00:00.000000000,185.36,147.02392
2022-09-11T17:00:00.000000000,196.65,144.31259
2022-09-11T18:00:00.000000000,176.49,140.50185
2022-09-11T19:00:00.000000000,185.12,137.52978
2022-09-11T20:00:00.000000000,181.06,135.35614
2022-09-11T21:00:00.000000000,201.36,134.12194
2022-09-11T22:00:00.000000000,197.27,133.43731
2022-09-11T23:00:00.000000000,186.18,133.22233
2022-09-12T00:00:00.000000000,166.41,133.68793
2022-09-12T01:00:00.000000000,173.9,134.04231
2022-09-12T02:00:00.000000000,191.6,134.51045
2022-09-12T03:00:00.000000000,187.52,135.30572
2022-09-12T04:00:00.000000000,167.56,136.57695
2022-09-12T05:00:00.000000000,164.04,138.52947
2022-09-12T06:00:00.000000000,178.15,141.28009
2022-09-12T07:00:00.000000000,192.54,145.0085
2022-09-12T08:00:00.000000000,237.61,147.51294
2022-09-12T09:00:00.000000000,243.28,149.64342
2022-09-12T10:00:00.000000000,238.38,151.53135
2022-09-12T11:00:00.000000000,228.89,152.30047
2022-09-12T12:00:00.000000000,210.97,151.96127
2022-09-12T13:00:00.000000000,186.09,151.17887
2022-09-12T14:00:00.000000000,217.63,149.34442
2022-09-12T15:00:00.000000000,230.63,147.45261
2022-09-12T16:00:00.000000000,220.94,145.34408
2022-09-12T17:00:00.000000000,213.03,143.05688
2022-09-12T18:00:00.000000000,213.41,139.63033
2022-09-12T19:00:00.000000000,209.42,137.03611
2022-09-12T20:00:00.000000000,228.87,135.09644
2022-09-12T21:00:00.000000000,233.55,134.04071
2022-09-12T22:00:00.000000000,237.4,133.4142
2022-09-12T23:00:00.000000000,242.62,133.13204
2022-09-10T00:00:00.000000000,162.13,169.05062
2022-09-10T01:00:00.000000000,164.36,166.9168
2022-09-10T02:00:00.000000000,168.68,166.33357
2022-09-10T03:00:00.000000000,172.49,167.61727
2022-09-10T04:00:00.000000000,192.48,170.69906
2022-09-10T05:00:00.000000000,190.0,174.93635
2022-09-10T06:00:00.000000000,165.41,181.56451
2022-09-10T07:00:00.000000000,169.68,188.54259
2022-09-10T08:00:00.000000000,158.62,192.26983
2022-09-10T09:00:00.000000000,155.95,194.23022
2022-09-10T10:00:00.000000000,159.01,196.00811
2022-09-10T11:00:00.000000000,164.41,196.55741
2022-09-10T12:00:00.000000000,169.4,196.5877
2022-09-10T13:00:00.000000000,170.04,197.8121
2022-09-10T14:00:00.000000000,164.04,199.09332
2022-09-10T15:00:00.000000000,159.04,200.76471
2022-09-10T16:00:00.000000000,186.8,201.41209
2022-09-10T17:00:00.000000000,190.07,200.27179
2022-09-10T18:00:00.000000000,178.45,197.11968
2022-09-10T19:00:00.000000000,168.16,193.26488
2022-09-10T20:00:00.000000000,159.16,190.1823
2022-09-10T21:00:00.000000000,167.45,187.19715
2022-09-10T22:00:00.000000000,170.65,183.67633
2022-09-10T23:00:00.000000000,163.49,179.66298
2022-09-11T00:00:00.000000000,156.71,176.7141
2022-09-11T01:00:00.000000000,165.89,175.39451
2022-09-11T02:00:00.000000000,178.21,174.83481
2022-09-11T03:00:00.000000000,178.46,175.33667
2022-09-11T04:00:00.000000000,188.23,176.21945
2022-09-11T05:00:00.000000000,200.61,177.14736
2022-09-11T06:00:00.000000000,176.98,179.49039
2022-09-11T07:00:00.000000000,172.08,183.96432
2022-09-11T08:00:00.000000000,179.68,187.15473
2022-09-11T09:00:00.000000000,184.48,190.03658
2022-09-11T10:00:00.000000000,192.18,193.69571
2022-09-11T11:00:00.000000000,188.88,196.63697
2022-09-11T12:00:00.000000000,186.93,198.64396
2022-09-11T13:00:00.000000000,186.7,200.95221
2022-09-11T14:00:00.000000000,202.82,201.68382
2022-09-11T15:00:00.000000000,188.42,202.27836
2022-09-11T16:00:00.000000000,185.36,202.15619
2022-09-11T17:00:00.000000000,196.65,201.53603
2022-09-11T18:00:00.000000000,176.49,199.30567
2022-09-11T19:00:00.000000000,185.12,197.40479
2022-09-11T20:00:00.000000000,181.06,195.95143
2022-09-11T21:00:00.000000000,201.36,194.75835
2022-09-11T22:00:00.000000000,197.27,192.96396
2022-09-11T23:00:00.000000000,186.18,190.39157
2022-09-12T00:00:00.000000000,166.41,177.85051
2022-09-12T01:00:00.000000000,173.9,175.85042
2022-09-12T02:00:00.000000000,191.6,174.5376
2022-09-12T03:00:00.000000000,187.52,174.29026
2022-09-12T04:00:00.000000000,167.56,174.19249
2022-09-12T05:00:00.000000000,164.04,174.0899
2022-09-12T06:00:00.000000000,178.15,175.35335
2022-09-12T07:00:00.000000000,192.54,178.76672
2022-09-12T08:00:00.000000000,237.61,181.06753
2022-09-12T09:00:00.000000000,243.28,183.66282
2022-09-12T10:00:00.000000000,238.38,187.26216
2022-09-12T11:00:00.000000000,228.89,190.32431
2022-09-12T12:00:00.000000000,210.97,192.83853
2022-09-12T13:00:00.000000000,186.09,195.85762
2022-09-12T14:00:00.000000000,217.63,197.14904
2022-09-12T15:00:00.000000000,230.63,198.47036
2022-09-12T16:00:00.000000000,220.94,199.20483
2022-09-12T17:00:00.000000000,213.03,199.3461
2022-09-12T18:00:00.000000000,213.41,197.56364
2022-09-12T19:00:00.000000000,209.42,195.80016
2022-09-12T20:00:00.000000000,228.87,194.13612
2022-09-12T21:00:00.000000000,233.55,192.40205
2022-09-12T22:00:00.000000000,237.4,190.22567
2022-09-12T23:00:00.000000000,242.62,187.6203
2022-09-13T00:00:00.000000000,205.55,178.08109
2022-09-13T01:00:00.000000000,181.48,176.26522
2022-09-13T02:00:00.000000000,183.61,174.9079
2022-09-13T03:00:00.000000000,173.58,173.95024
2022-09-13T04:00:00.000000000,173.54,173.55705
2022-09-13T05:00:00.000000000,198.46,173.5527
2022-09-13T06:00:00.000000000,192.93,174.85817
2022-09-13T07:00:00.000000000,196.45,177.49373
2022-09-13T08:00:00.000000000,212.59,178.92328
2022-09-13T09:00:00.000000000,228.05,179.6748
2022-09-13T10:00:00.000000000,227.73,179.97549
2022-09-13T11:00:00.000000000,210.86,179.3632
2022-09-13T12:00:00.000000000,197.91,177.08546
2022-09-13T13:00:00.000000000,185.8,174.5519
2022-09-13T14:00:00.000000000,174.87,170.65832
2022-09-13T15:00:00.000000000,174.08,167.48638
2022-09-13T16:00:00.000000000,170.81,164.48391
2022-09-13T17:00:00.000000000,170.02,161.61381
2022-09-13T18:00:00.000000000,170.0,157.68109
2022-09-13T19:00:00.000000000,153.12,154.79984
2022-09-13T20:00:00.000000000,154.67,152.66397
2022-09-13T21:00:00.000000000,160.7,151.41243
2022-09-13T22:00:00.000000000,183.53,150.29329
2022-09-13T23:00:00.000000000,174.5,149.49981
2022-09-11T00:00:00.000000000,156.71,161.44799
2022-09-11T01:00:00.000000000,165.89,161.31833
2022-09-11T02:00:00.000000000,178.21,161.83666
2022-09-11T03:00:00.000000000,178.46,163.45153
2022-09-11T04:00:00.000000000,188.23,165.02968
2022-09-11T05:00:00.000000000,200.61,166.44253
2022-09-11T06:00:00.000000000,176.98,169.00433
2022-09-11T07:00:00.000000000,172.08,173.5552
2022-09-11T08:00:00.000000000,179.68,176.75506
2022-09-11T09:00:00.000000000,184.48,179.98228
2022-09-11T10:00:00.000000000,192.18,184.17841
2022-09-11T11:00:00.000000000,188.88,187.79436
2022-09-11T12:00:00.000000000,186.93,190.84601
2022-09-11T13:00:00.000000000,186.7,194.3514
2022-09-11T14:00:00.000000000,202.82,196.38796
2022-09-11T15:00:00.000000000,188.42,198.23188
2022-09-11T16:00:00.000000000,185.36,199.32254
2022-09-11T17:00:00.000000000,196.65,199.70291
2022-09-11T18:00:00.000000000,176.49,198.2082
2022-09-11T19:00:00.000000000,185.12,196.53764
2022-09-11T20:00:00.000000000,181.06,194.9191
2022-09-11T21:00:00.000000000,201.36,193.34046
2022-09-11T22:00:00.000000000,197.27,191.27574
2022-09-11T23:00:00.000000000,186.18,188.70172
2022-09-12T00:00:00.000000000,166.41,176.10798
2022-09-12T01:00:00.000000000,173.9,174.32167
2022-09-12T02:00:00.000000000,191.6,173.4698
2022-09-12T03:00:00.000000000,187.52,173.44816
2022-09-12T04:00:00.000000000,167.56,174.048
2022-09-12T05:00:00.000000000,164.04,174.98536
2022-09-12T06:00:00.000000000,178.15,177.47115
2022-09-12T07:00:00.000000000,192.54,181.80679
2022-09-12T08:00:00.000000000,237.61,185.02271
2022-09-12T09:00:00.000000000,243.28,188.08548
2022-09-12T10:00:00.000000000,238.38,191.59382
2022-09-12T11:00:00.000000000,228.89,194.30504
2022-09-12T12:00:00.000000000,210.97,195.51538
2022-09-12T13:00:00.000000000,186.09,196.5312
2022-09-12T14:00:00.000000000,217.63,195.5491
2022-09-12T15:00:00.000000000,230.63,194.35521
2022-09-12T16:00:00.000000000,220.94,192.48881
2022-09-12T17:00:00.000000000,213.03,190.17427
2022-09-12T18:00:00.000000000,213.41,186.11346
2022-09-12T19:00:00.000000000,209.42,182.458
2022-09-12T20:00:00.000000000,228.87,179.3732
2022-09-12T21:00:00.000000000,233.55,176.703
2022-09-12T22:00:00.000000000,237.4,174.02518
2022-09-12T23:00:00.000000000,242.62,171.35538
2022-09-13T00:00:00.000000000,205.55,162.21198
2022-09-13T01:00:00.000000000,181.48,160.82307
2022-09-13T02:00:00.000000000,183.61,160.36661
2022-09-13T03:00:00.000000000,173.58,160.5688
2022-09-13T04:00:00.000000000,173.54,161.98609
2022-09-13T05:00:00.000000000,198.46,164.38374
2022-09-13T06:00:00.000000000,192.93,168.63186
2022-09-13T07:00:00.000000000,196.45,174.38678
2022-09-13T08:00:00.000000000,212.59,179.01846
2022-09-13T09:00:00.000000000,228.05,183.11358
2022-09-13T10:00:00.000000000,227.73,186.91604
2022-09-13T11:00:00.000000000,210.86,189.50978
2022-09-13T12:00:00.000000000,197.91,189.89509
2022-09-13T13:00:00.000000000,185.8,189.39515
2022-09-13T14:00:00.000000000,174.87,186.83587
2022-09-13T15:00:00.000000000,174.08,183.67413
2022-09-13T16:00:00.000000000,170.81,180.04324
2022-09-13T17:00:00.000000000,170.02,176.27355
2022-09-13T18:00:00.000000000,170.0,171.03417
2022-09-13T19:00:00.000000000,153.12,166.69627
2022-09-13T20:00:00.000000000,154.67,163.25227
2022-09-13T21:00:00.000000000,160.7,160.53799
2022-09-13T22:00:00.000000000,183.53,158.06496
2022-09-13T23:00:00.000000000,174.5,155.84782
2022-09-14T00:00:00.000000000,159.1,150.62247
2022-09-14T01:00:00.000000000,149.04,149.83635
2022-09-14T02:00:00.000000000,147.91,150.01496
2022-09-14T03:00:00.000000000,150.91,151.06611
2022-09-14T04:00:00.000000000,172.55,152.9795
2022-09-14T05:00:00.000000000,191.9,155.65085
2022-09-14T06:00:00.000000000,186.28,159.99098
2022-09-14T07:00:00.000000000,217.38,165.79548
2022-09-14T08:00:00.000000000,225.7,170.37042
2022-09-14T09:00:00.000000000,229.65,174.70406
2022-09-14T10:00:00.000000000,215.73,179.20152
2022-09-14T11:00:00.000000000,216.91,182.7801
2022-09-14T12:00:00.000000000,208.56,184.6482
2022-09-14T13:00:00.000000000,180.22,185.94154
2022-09-14T14:00:00.000000000,209.27,185.23939
2022-09-14T15:00:00.000000000,199.68,183.72182
2022-09-14T16:00:00.000000000,194.77,181.36158
2022-09-14T17:00:00.000000000,196.04,178.53614
2022-09-14T18:00:00.000000000,184.46,174.00324
2022-09-14T19:00:00.000000000,209.15,169.93969
2022-09-14T20:00:00.000000000,224.08,166.45806
2022-09-14T21:00:00.000000000,211.19,163.43622
2022-09-14T22:00:00.000000000,215.87,160.56898
2022-09-14T23:00:00.000000000,188.84,157.87267
2022-09-12T00:00:00.000000000,166.41,177.20857
2022-09-12T01:00:00.000000000,173.9,175.82261
2022-09-12T02:00:00.000000000,191.6,175.21457
2022-09-12T03:00:00.000000000,187.52,175.55376
2022-09-12T04:00:00.000000000,167.56,176.06691
2022-09-12T05:00:00.000000000,164.04,176.50456
2022-09-12T06:00:00.000000000,178.15,178.19549
2022-09-12T07:00:00.000000000,192.54,181.87139
2022-09-12T08:00:00.000000000,237.61,184.31013
2022-09-12T09:00:00.000000000,243.28,186.81443
2022-09-12T10:00:00.000000000,238.38,190.13026
2022-09-12T11:00:00.000000000,228.89,192.87173
2022-09-12T12:00:00.000000000,210.97,194.77733
2022-09-12T13:00:00.000000000,186.09,196.97048
2022-09-12T14:00:00.000000000,217.63,197.35374
2022-09-12T15:00:00.000000000,230.63,197.73414
2022-09-12T16:00:00.000000000,220.94,197.52813
2022-09-12T17:00:00.000000000,213.03,196.82548
2022-09-12T18:00:00.000000000,213.41,194.35852
2022-09-12T19:00:00.000000000,209.42,192.05434
2022-09-12T20:00:00.000000000,228.87,190.07826
2022-09-12T21:00:00.000000000,233.55,188.23314
2022-09-12T22:00:00.000000000,237.4,186.07205
2022-09-12T23:00:00.000000000,242.62,183.62369
2022-09-13T00:00:00.000000000,205.55,178.55084
2022-09-13T01:00:00.000000000,181.48,177.33402
2022-09-13T02:00:00.000000000,183.61,176.68797
2022-09-13T03:00:00.000000000,173.58,176.32321
2022-09-13T04:00:00.000000000,173.54,176.55879
2022-09-13T05:00:00.000000000,198.46,177.11417
2022-09-13T06:00:00.000000000,192.93,178.85753
2022-09-13T07:00:00.000000000,196.45,181.75109
2022-09-13T08:00:00.000000000,212.59,183.2286
2022-09-13T09:00:00.000000000,228.05,183.93266
2022-09-13T10:00:00.000000000,227.73,184.0823
2022-09-13T11:00:00.000000000,210.86,183.17763
2022-09-13T12:00:00.000000000,197.91,180.59282
2022-09-13T13:00:00.000000000,185.8,177.78017
2022-09-13T14:00:00.000000000,174.87,173.60578
2022-09-13T15:00:00.000000000,174.08,170.17858
2022-09-13T16:00:00.000000000,170.81,166.94323
2022-09-13T17:00:00.000000000,170.02,163.97916
2022-09-13T18:00:00.000000000,170.0,160.04569
2022-09-13T19:00:00.000000000,153.12,157.2829
2022-09-13T20:00:00.000000000,154.67,155.42076
2022-09-13T21:00:00.000000000,160.7,154.42372
2022-09-13T22:00:00.000000000,183.53,153.5463
2022-09-13T23:00:00.000000000,174.5,152.95427
2022-09-14T00:00:00.000000000,159.1,149.92744
2022-09-14T01:00:00.000000000,149.04,149.65359
2022-09-14T02:00:00.000000000,147.91,150.2252
2022-09-14T03:00:00.000000000,150.91,151.39104
2022-09-14T04:00:00.000000000,172.55,153.63003
2022-09-14T05:00:00.000000000,191.9,156.76199
2022-09-14T06:00:00.000000000,186.28,161.43353
2022-09-14T07:00:00.000000000,217.38,167.24359
2022-09-14T08:00:00.000000000,225.7,171.66801
2022-09-14T09:00:00.000000000,229.65,175.52107
2022-09-14T10:00:00.000000000,215.73,179.00869
2022-09-14T11:00:00.000000000,216.91,181.29897
2022-09-14T12:00:00.000000000,208.56,181.67716
2022-09-14T13:00:00.000000000,180.22,181.21525
2022-09-14T14:00:00.000000000,209.27,178.8441
2022-09-14T15:00:00.000000000,199.68,175.79209
2022-09-14T16:00:00.000000000,194.77,172.29095
2022-09-14T17:00:00.000000000,196.04,168.70778
2022-09-14T18:00:00.000000000,184.46,163.81738
2022-09-14T19:00:00.000000000,209.15,159.8934
2022-09-14T20:00:00.000000000,224.08,156.90586
2022-09-14T21:00:00.000000000,211.19,154.66101
2022-09-14T22:00:00.000000000,215.87,152.68088
2022-09-14T23:00:00.000000000,188.84,150.97907
2022-09-15T00:00:00.000000000,174.56,152.02129
2022-09-15T01:00:00.000000000,189.22,152.27953
2022-09-15T02:00:00.000000000,198.79,152.87431
2022-09-15T03:00:00.000000000,175.34,153.66938
2022-09-15T04:00:00.000000000,173.33,154.73842
2022-09-15T05:00:00.000000000,179.87,156.08668
2022-09-15T06:00:00.000000000,170.48,158.27935
2022-09-15T07:00:00.000000000,175.04,161.44367
2022-09-15T08:00:00.000000000,187.02,163.1775
2022-09-15T09:00:00.000000000,195.1,164.48979
2022-09-15T10:00:00.000000000,203.09,165.62082
2022-09-15T11:00:00.000000000,204.23,165.82013
2022-09-15T12:00:00.000000000,186.75,164.85023
2022-09-15T13:00:00.000000000,185.91,163.67682
2022-09-15T14:00:00.000000000,182.46,161.37276
2022-09-15T15:00:00.000000000,172.84,159.38741
2022-09-15T16:00:00.000000000,163.44,157.25775
2022-09-15T17:00:00.000000000,134.01,155.13651
2022-09-15T18:00:00.000000000,131.5,151.88512
2022-09-15T19:00:00.000000000,135.74,149.55833
2022-09-15T20:00:00.000000000,140.45,147.97973
2022-09-15T21:00:00.000000000,145.11,147.14946
2022-09-15T22:00:00.000000000,143.84,146.59553
2022-09-15T23:00:00.000000000,142.67,146.30141
2022-09-13T00:00:00.000000000,205.55,226.84228
2022-09-13T01:00:00.000000000,181.48,222.17313
2022-09-13T02:00:00.000000000,183.61,218.32146
2022-09-13T03:00:00.000000000,173.58,214.99566
2022-09-13T04:00:00.000000000,173.54,211.85905
2022-09-13T05:00:00.000000000,198.46,208.54503
2022-09-13T06:00:00.000000000,192.93,206.90897
2022-09-13T07:00:00.000000000,196.45,207.9637
2022-09-13T08:00:00.000000000,212.59,208.51976
2022-09-13T09:00:00.000000000,228.05,209.5898
2022-09-13T10:00:00.000000000,227.73,212.0044
2022-09-13T11:00:00.000000000,210.86,214.04365
2022-09-13T12:00:00.000000000,197.91,215.10346
2022-09-13T13:00:00.000000000,185.8,216.33528
2022-09-13T14:00:00.000000000,174.87,215.17345
2022-09-13T15:00:00.000000000,174.08,214.24308
2022-09-13T16:00:00.000000000,170.81,213.0207
2022-09-13T17:00:00.000000000,170.02,211.79664
2022-09-13T18:00:00.000000000,170.0,208.95607
2022-09-13T19:00:00.000000000,153.12,206.83648
2022-09-13T20:00:00.000000000,154.67,205.33914
2022-09-13T21:00:00.000000000,160.7,204.04219
2022-09-13T22:00:00.000000000,183.53,202.39207
2022-09-13T23:00:00.000000000,174.5,200.33412
2022-09-14T00:00:00.000000000,159.1,194.26795
2022-09-14T01:00:00.000000000,149.04,191.93634
2022-09-14T02:00:00.000000000,147.91,191.03554
2022-09-14T03:00:00.000000000,150.91,191.40551
2022-09-14T04:00:00.000000000,172.55,193.12711
2022-09-14T05:00:00.000000000,191.9,195.29719
2022-09-14T06:00:00.000000000,186.28,199.16315
2022-09-14T07:00:00.000000000,217.38,204.5751
2022-09-14T08:00:00.000000000,225.7,208.09791
2022-09-14T09:00:00.000000000,229.65,210.44723
2022-09-14T10:00:00.000000000,215.73,212.90398
2022-09-14T11:00:00.000000000,216.91,213.98232
2022-09-14T12:00:00.000000000,208.56,213.57848
2022-09-14T13:00:00.000000000,180.22,213.50466
2022-09-14T14:00:00.000000000,209.27,212.16367
2022-09-14T15:00:00.000000000,199.68,211.19957
2022-09-14T16:00:00.000000000,194.77,209.71373
2022-09-14T17:00:00.000000000,196.04,207.81214
2022-09-14T18:00:00.000000000,184.46,204.12533
2022-09-14T19:00:00.000000000,209.15,200.72576
2022-09-14T20:00:00.000000000,224.08,198.0059
2022-09-14T21:00:00.000000000,211.19,195.67716
2022-09-14T22:00:00.000000000,215.87,193.00602
2022-09-14T23:00:00.000000000,188.84,189.81839
2022-09-15T00:00:00.000000000,174.56,186.1764
2022-09-15T01:00:00.000000000,189.22,184.72061
2022-09-15T02:00:00.000000000,198.79,183.81733
2022-09-15T03:00:00.000000000,175.34,182.99649
2022-09-15T04:00:00.000000000,173.33,182.54682
2022-09-15T05:00:00.000000000,179.87,182.17355
2022-09-15T06:00:00.000000000,170.48,183.05668
2022-09-15T07:00:00.000000000,175.04,185.21769
2022-09-15T08:00:00.000000000,187.02,186.08099
2022-09-15T09:00:00.000000000,195.1,186.35776
2022-09-15T10:00:00.000000000,203.09,186.38812
2022-09-15T11:00:00.000000000,204.23,185.5563
2022-09-15T12:00:00.000000000,186.75,183.14017
2022-09-15T13:00:00.000000000,185.91,180.66167
2022-09-15T14:00:00.000000000,182.46,176.87846
2022-09-15T15:00:00.000000000,172.84,173.98788
2022-09-15T16:00:00.000000000,163.44,171.24038
2022-09-15T17:00:00.000000000,134.01,168.75021
2022-09-15T18:00:00.000000000,131.5,165.19913
2022-09-15T19:00:00.000000000,135.74,162.72101
2022-09-15T20:00:00.000000000,140.45,161.11095
2022-09-15T21:00:00.000000000,145.11,160.21718
2022-09-15T22:00:00.000000000,143.84,159.41408
2022-09-15T23:00:00.000000000,142.67,158.80649
2022-09-16T00:00:00.000000000,141.35,161.86721
2022-09-16T01:00:00.000000000,139.1,163.66332
2022-09-16T02:00:00.000000000,123.65,165.66281
2022-09-16T03:00:00.000000000,139.75,167.48621
2022-09-16T04:00:00.000000000,159.47,169.33185
2022-09-16T05:00:00.000000000,161.59,170.90111
2022-09-16T06:00:00.000000000,186.6,172.74205
2022-09-16T07:00:00.000000000,208.0,175.20041
2022-09-16T08:00:00.000000000,211.24,175.87599
2022-09-16T09:00:00.000000000,208.57,175.76246
2022-09-16T10:00:00.000000000,204.55,174.88909
2022-09-16T11:00:00.000000000,201.76,172.89139
2022-09-16T12:00:00.000000000,186.9,169.67768
2022-09-16T13:00:00.000000000,181.78,166.40265
2022-09-16T14:00:00.000000000,178.68,162.29454
2022-09-16T15:00:00.000000000,166.76,159.08328
2022-09-16T16:00:00.000000000,147.77,156.26289
2022-09-16T17:00:00.000000000,149.62,153.90264
2022-09-16T18:00:00.000000000,150.45,150.66308
2022-09-16T19:00:00.000000000,143.97,148.41831
2022-09-16T20:00:00.000000000,146.93,146.97887
2022-09-16T21:00:00.000000000,145.27,146.57743
2022-09-16T22:00:00.000000000,147.38,146.64885
2022-09-16T23:00:00.000000000,140.15,147.43192
2022-09-14T00:00:00.000000000,159.1,169.63648
2022-09-14T01:00:00.000000000,149.04,168.79911
2022-09-14T02:00:00.000000000,147.91,168.88102
2022-09-14T03:00:00.000000000,150.91,169.41807
2022-09-14T04:00:00.000000000,172.55,171.10074
2022-09-14T05:00:00.000000000,191.9,173.53536
2022-09-14T06:00:00.000000000,186.28,177.60262
2022-09-14T07:00:00.000000000,217.38,183.03176
2022-09-14T08:00:00.000000000,225.7,187.15735
2022-09-14T09:00:00.000000000,229.65,190.54623
2022-09-14T10:00:00.000000000,215.73,193.41653
2022-09-14T11:00:00.000000000,216.91,194.93785
2022-09-14T12:00:00.000000000,208.56,194.18987
2022-09-14T13:00:00.000000000,180.22,192.59336
2022-09-14T14:00:00.000000000,209.27,189.01095
2022-09-14T15:00:00.000000000,199.68,185.15961
2022-09-14T16:00:00.000000000,194.77,181.11982
2022-09-14T17:00:00.000000000,196.04,177.17869
2022-09-14T18:00:00.000000000,184.46,171.96612
2022-09-14T19:00:00.000000000,209.15,167.80518
2022-09-14T20:00:00.000000000,224.08,164.70425
2022-09-14T21:00:00.000000000,211.19,162.4446
2022-09-14T22:00:00.000000000,215.87,160.43334
2022-09-14T23:00:00.000000000,188.84,158.74446
2022-09-15T00:00:00.000000000,174.56,157.16673
2022-09-15T01:00:00.000000000,189.22,157.28771
2022-09-15T02:00:00.000000000,198.79,158.22612
2022-09-15T03:00:00.000000000,175.34,159.58831
2022-09-15T04:00:00.000000000,173.33,161.92757
2022-09-15T05:00:00.000000000,179.87,164.94124
2022-09-15T06:00:00.000000000,170.48,169.20953
2022-09-15T07:00:00.000000000,175.04,174.42241
2022-09-15T08:00:00.000000000,187.02,178.041
2022-09-15T09:00:00.000000000,195.1,180.87637
2022-09-15T10:00:00.000000000,203.09,183.11207
2022-09-15T11:00:00.000000000,204.23,184.05433
2022-09-15T12:00:00.000000000,186.75,183.13939
2022-09-15T13:00:00.000000000,185.91,181.52346
2022-09-15T14:00:00.000000000,182.46,178.15446
2022-09-15T15:00:00.000000000,172.84,174.55705
2022-09-15T16:00:00.000000000,163.44,170.78838
2022-09-15T17:00:00.000000000,134.01,167.15258
2022-09-15T18:00:00.000000000,131.5,162.42299
2022-09-15T19:00:00.000000000,135.74,158.82877
2022-09-15T20:00:00.000000000,140.45,156.30929
2022-09-15T21:00:00.000000000,145.11,154.64617
2022-09-15T22:00:00.000000000,143.84,153.24421
2022-09-15T23:00:00.000000000,142.67,152.17447
2022-09-16T00:00:00.000000000,141.35,154.05426
2022-09-16T01:00:00.000000000,139.1,155.08955
2022-09-16T02:00:00.000000000,123.65,156.33226
2022-09-16T03:00:00.000000000,139.75,157.62284
2022-09-16T04:00:00.000000000,159.47,159.13018
2022-09-16T05:00:00.000000000,161.59,160.73496
2022-09-16T06:00:00.000000000,186.6,162.86588
2022-09-16T07:00:00.000000000,208.0,165.78632
2022-09-16T08:00:00.000000000,211.24,167.11968
2022-09-16T09:00:00.000000000,208.57,167.81267
2022-09-16T10:00:00.000000000,204.55,167.96386
2022-09-16T11:00:00.000000000,201.76,167.01687
2022-09-16T12:00:00.000000000,186.9,164.85689
2022-09-16T13:00:00.000000000,181.78,162.50128
2022-09-16T14:00:00.000000000,178.68,159.15983
2022-09-16T15:00:00.000000000,166.76,156.38114
2022-09-16T16:00:00.000000000,147.77,153.73273
2022-09-16T17:00:00.000000000,149.62,151.30066
2022-09-16T18:00:00.000000000,150.45,147.90817
2022-09-16T19:00:00.000000000,143.97,145.54161
2022-09-16T20:00:00.000000000,146.93,143.98413
2022-09-16T21:00:00.000000000,145.27,143.41147
2022-09-16T22:00:00.000000000,147.38,143.25039
2022-09-16T23:00:00.000000000,140.15,143.58777
2022-09-17T00:00:00.000000000,132.09,144.30099
2022-09-17T01:00:00.000000000,142.27,145.36635
2022-09-17T02:00:00.000000000,136.92,146.75457
2022-09-17T03:00:00.000000000,140.22,148.34401
2022-09-17T04:00:00.000000000,136.54,150.36471
2022-09-17T05:00:00.000000000,143.19,152.77953
2022-09-17T06:00:00.000000000,151.32,155.83239
2022-09-17T07:00:00.000000000,158.42,159.64818
2022-09-17T08:00:00.000000000,174.0,161.86853
2022-09-17T09:00:00.000000000,177.26,163.49451
2022-09-17T10:00:00.000000000,189.14,164.65996
2022-09-17T11:00:00.000000000,197.46,164.6353
2022-09-17T12:00:00.000000000,193.34,163.37373
2022-09-17T13:00:00.000000000,183.39,161.74494
2022-09-17T14:00:00.000000000,167.96,158.98758
2022-09-17T15:00:00.000000000,164.01,156.40369
2022-09-17T16:00:00.000000000,145.9,153.73388
2022-09-17T17:00:00.000000000,144.46,151.12677
2022-09-17T18:00:00.000000000,145.5,147.49445
2022-09-17T19:00:00.000000000,136.76,144.87741
2022-09-17T20:00:00.000000000,131.08,143.11975
2022-09-17T21:00:00.000000000,132.33,142.30031
2022-09-17T22:00:00.000000000,132.4,141.8957
2022-09-17T23:00:00.000000000,139.83,141.90594
2022-09-15T00:00:00.000000000,174.56,179.12593
2022-09-15T01:00:00.000000000,189.22,177.98424
2022-09-15T02:00:00.000000000,198.79,177.95736
2022-09-15T03:00:00.000000000,175.34,178.5345
2022-09-15T04:00:00.000000000,173.33,180.42384
2022-09-15T05:00:00.000000000,179.87,183.08306
2022-09-15T06:00:00.000000000,170.48,187.36224
2022-09-15T07:00:00.000000000,175.04,193.07962
2022-09-15T08:00:00.000000000,187.02,197.3775
2022-09-15T09:00:00.000000000,195.1,200.74828
2022-09-15T10:00:00.000000000,203.09,203.49999
2022-09-15T11:00:00.000000000,204.23,204.72363
2022-09-15T12:00:00.000000000,186.75,203.5031
2022-09-15T13:00:00.000000000,185.91,201.42276
2022-09-15T14:00:00.000000000,182.46,197.22309
2022-09-15T15:00:00.000000000,172.84,192.86981
2022-09-15T16:00:00.000000000,163.44,188.4121
2022-09-15T17:00:00.000000000,134.01,184.11146
2022-09-15T18:00:00.000000000,131.5,178.61562
2022-09-15T19:00:00.000000000,135.74,174.23868
2022-09-15T20:00:00.000000000,140.45,171.05996
2022-09-15T21:00:00.000000000,145.11,168.78967
2022-09-15T22:00:00.000000000,143.84,166.67869
2022-09-15T23:00:00.000000000,142.67,164.84175
2022-09-16T00:00:00.000000000,141.35,163.52243
2022-09-16T01:00:00.000000000,139.1,164.16732
2022-09-16T02:00:00.000000000,123.65,165.3169
2022-09-16T03:00:00.000000000,139.75,166.69725
2022-09-16T04:00:00.000000000,159.47,168.52256
2022-09-16T05:00:00.000000000,161.59,170.54109
2022-09-16T06:00:00.000000000,186.6,173.2149
2022-09-16T07:00:00.000000000,208.0,176.60678
2022-09-16T08:00:00.000000000,211.24,178.22613
2022-09-16T09:00:00.000000000,208.57,178.93229
2022-09-16T10:00:00.000000000,204.55,178.84355
2022-09-16T11:00:00.000000000,201.76,177.64526
2022-09-16T12:00:00.000000000,186.9,175.05887
2022-09-16T13:00:00.000000000,181.78,172.13929
2022-09-16T14:00:00.000000000,178.68,167.89389
2022-09-16T15:00:00.000000000,166.76,164.11115
2022-09-16T16:00:00.000000000,147.77,160.6558
2022-09-16T17:00:00.000000000,149.62,157.555
2022-09-16T18:00:00.000000000,150.45,153.75035
2022-09-16T19:00:00.000000000,143.97,151.12997
2022-09-16T20:00:00.000000000,146.93,149.5837
2022-09-16T21:00:00.000000000,145.27,149.03491
2022-09-16T22:00:00.000000000,147.38,148.6841
2022-09-16T23:00:00.000000000,140.15,148.81211
2022-09-17T00:00:00.000000000,132.09,146.00365
2022-09-17T01:00:00.000000000,142.27,146.70146
2022-09-17T02:00:00.000000000,136.92,147.66888
2022-09-17T03:00:00.000000000,140.22,148.9019
2022-09-17T04:00:00.000000000,136.54,150.55138
2022-09-17T05:00:00.000000000,143.19,152.61195
2022-09-17T06:00:00.000000000,151.32,155.30652
2022-09-17T07:00:00.000000000,158.42,158.81996
2022-09-17T08:00:00.000000000,174.0,160.80481
2022-09-17T09:00:00.000000000,177.26,162.18077
2022-09-17T10:00:00.000000000,189.14,163.09007
2022-09-17T11:00:00.000000000,197.46,162.84312
2022-09-17T12:00:00.000000000,193.34,161.3856
2022-09-17T13:00:00.000000000,183.39,159.58168
2022-09-17T14:00:00.000000000,167.96,156.67282
2022-09-17T15:00:00.000000000,164.01,154.04101
2022-09-17T16:00:00.000000000,145.9,151.40652
2022-09-17T17:00:00.000000000,144.46,148.82874
2022-09-17T18:00:00.000000000,145.5,145.26709
2022-09-17T19:00:00.000000000,136.76,142.72353
2022-09-17T20:00:00.000000000,131.08,141.00755
2022-09-17T21:00:00.000000000,132.33,140.25535
2022-09-17T22:00:00.000000000,132.4,139.88562
2022-09-17T23:00:00.000000000,139.83,139.92587
2022-09-18T00:00:00.000000000,142.77,139.32386
2022-09-18T01:00:00.000000000,135.87,140.37676
2022-09-18T02:00:00.000000000,137.02,141.45917
2022-09-18T03:00:00.000000000,118.1,142.66367
2022-09-18T04:00:00.000000000,120.3,144.08227
2022-09-18T05:00:00.000000000,123.91,145.7921
2022-09-18T06:00:00.000000000,140.81,147.85138
2022-09-18T07:00:00.000000000,143.66,150.65736
2022-09-18T08:00:00.000000000,144.13,152.04911
2022-09-18T09:00:00.000000000,141.66,152.87441
2022-09-18T10:00:00.000000000,140.36,153.27948
2022-09-18T11:00:00.000000000,145.67,152.60789
2022-09-18T12:00:00.000000000,147.55,151.01365
2022-09-18T13:00:00.000000000,141.72,149.1438
2022-09-18T14:00:00.000000000,141.36,146.42711
2022-09-18T15:00:00.000000000,137.16,144.1044
2022-09-18T16:00:00.000000000,129.17,141.88389
2022-09-18T17:00:00.000000000,134.05,139.69067
2022-09-18T18:00:00.000000000,133.74,136.58543
2022-09-18T19:00:00.000000000,128.46,134.39689
2022-09-18T20:00:00.000000000,134.42,132.95741
2022-09-18T21:00:00.000000000,135.21,132.54146
2022-09-18T22:00:00.000000000,136.21,132.59622
2022-09-18T23:00:00.000000000,143.3,133.11919
2022-09-16T00:00:00.000000000,141.35,144.95861
2022-09-16T01:00:00.000000000,139.1,146.53371
2022-09-16T02:00:00.000000000,123.65,148.22283
2022-09-16T03:00:00.000000000,139.75,149.96313
2022-09-16T04:00:00.000000000,159.47,151.87395
2022-09-16T05:00:00.000000000,161.59,153.90118
2022-09-16T06:00:00.000000000,186.6,156.21119
2022-09-16T07:00:00.000000000,208.0,159.16566
2022-09-16T08:00:00.000000000,211.24,160.4962
2022-09-16T09:00:00.000000000,208.57,161.15689
2022-09-16T10:00:00.000000000,204.55,161.24137
2022-09-16T11:00:00.000000000,201.76,160.18891
2022-09-16T12:00:00.000000000,186.9,158.10755
2022-09-16T13:00:00.000000000,181.78,155.7821
2022-09-16T14:00:00.000000000,178.68,152.58855
2022-09-16T15:00:00.000000000,166.76,149.8925
2022-09-16T16:00:00.000000000,147.77,147.38482
2022-09-16T17:00:00.000000000,149.62,145.04151
2022-09-16T18:00:00.000000000,150.45,141.79936
2022-09-16T19:00:00.000000000,143.97,139.49607
2022-09-16T20:00:00.000000000,146.93,137.98529
2022-09-16T21:00:00.000000000,145.27,137.53168
2022-09-16T22:00:00.000000000,147.38,137.58057
2022-09-16T23:00:00.000000000,140.15,138.22359
2022-09-17T00:00:00.000000000,132.09,137.70312
2022-09-17T01:00:00.000000000,142.27,138.43741
2022-09-17T02:00:00.000000000,136.92,139.37036
2022-09-17T03:00:00.000000000,140.22,140.59245
2022-09-17T04:00:00.000000000,136.54,142.27845
2022-09-17T05:00:00.000000000,143.19,144.53059
2022-09-17T06:00:00.000000000,151.32,147.4546
2022-09-17T07:00:00.000000000,158.42,151.22679
2022-09-17T08:00:00.000000000,174.0,153.57263
2022-09-17T09:00:00.000000000,177.26,155.41367
2022-09-17T10:00:00.000000000,189.14,156.88305
2022-09-17T11:00:00.000000000,197.46,157.17663
2022-09-17T12:00:00.000000000,193.34,156.33057
2022-09-17T13:00:00.000000000,183.39,155.06604
2022-09-17T14:00:00.000000000,167.96,152.7237
2022-09-17T15:00:00.000000000,164.01,150.44502
2022-09-17T16:00:00.000000000,145.9,148.0382
2022-09-17T17:00:00.000000000,144.46,145.56707
2022-09-17T18:00:00.000000000,145.5,142.05134
2022-09-17T19:00:00.000000000,136.76,139.47668
2022-09-17T20:00:00.000000000,131.08,137.67651
2022-09-17T21:00:00.000000000,132.33,136.81734
2022-09-17T22:00:00.000000000,132.4,136.38332
2022-09-17T23:00:00.000000000,139.83,136.33087
2022-09-18T00:00:00.000000000,142.77,139.04324
2022-09-18T01:00:00.000000000,135.87,139.68937
2022-09-18T02:00:00.000000000,137.02,140.27396
2022-09-18T03:00:00.000000000,118.1,140.96961
2022-09-18T04:00:00.000000000,120.3,141.79948
2022-09-18T05:00:00.000000000,123.91,142.89676
2022-09-18T06:00:00.000000000,140.81,144.37338
2022-09-18T07:00:00.000000000,143.66,146.69684
2022-09-18T08:00:00.000000000,144.13,147.78191
2022-09-18T09:00:00.000000000,141.66,148.38035
2022-09-18T10:00:00.000000000,140.36,148.68098
2022-09-18T11:00:00.000000000,145.67,148.03418
2022-09-18T12:00:00.000000000,147.55,146.53247
2022-09-18T13:00:00.000000000,141.72,144.83532
2022-09-18T14:00:00.000000000,141.36,142.34131
2022-09-18T15:00:00.000000000,137.16,140.30561
2022-09-18T16:00:00.000000000,129.17,138.35595
2022-09-18T17:00:00.000000000,134.05,136.39349
2022-09-18T18:00:00.000000000,133.74,133.5015
2022-09-18T19:00:00.000000000,128.46,131.50934
2022-09-18T20:00:00.000000000,134.42,130.20094
2022-09-18T21:00:00.000000000,135.21,129.86355
2022-09-18T22:00:00.000000000,136.21,129.96296
2022-09-18T23:00:00.000000000,143.3,130.44153
2022-09-19T00:00:00.000000000,139.05,131.63804
2022-09-19T01:00:00.000000000,132.94,133.69936
2022-09-19T02:00:00.000000000,136.75,136.04231
2022-09-19T03:00:00.000000000,145.14,138.55073
2022-09-19T04:00:00.000000000,148.2,141.56893
2022-09-19T05:00:00.000000000,154.8,145.07925
2022-09-19T06:00:00.000000000,166.81,148.9138
2022-09-19T07:00:00.000000000,175.5,153.2369
2022-09-19T08:00:00.000000000,194.56,155.81103
2022-09-19T09:00:00.000000000,199.91,157.67721
2022-09-19T10:00:00.000000000,207.42,158.91875
2022-09-19T11:00:00.000000000,188.38,158.78264
2022-09-19T12:00:00.000000000,183.47,157.55337
2022-09-19T13:00:00.000000000,179.53,155.80898
2022-09-19T14:00:00.000000000,164.36,153.02591
2022-09-19T15:00:00.000000000,165.39,150.24666
2022-09-19T16:00:00.000000000,155.15,147.44348
2022-09-19T17:00:00.000000000,156.45,144.68566
2022-09-19T18:00:00.000000000,164.84,141.01937
2022-09-19T19:00:00.000000000,158.3,138.34288
2022-09-19T20:00:00.000000000,146.84,136.59634
2022-09-19T21:00:00.000000000,144.65,135.91759
2022-09-19T22:00:00.000000000,166.03,135.79877
2022-09-19T23:00:00.000000000,156.37,136.24542
2022-09-17T00:00:00.000000000,132.09,138.5373
2022-09-17T01:00:00.000000000,142.27,139.16152
2022-09-17T02:00:00.000000000,136.92,140.04549
2022-09-17T03:00:00.000000000,140.22,141.26336
2022-09-17T04:00:00.000000000,136.54,143.02829
2022-09-17T05:00:00.000000000,143.19,145.41825
2022-09-17T06:00:00.000000000,151.32,148.56359
2022-09-17T07:00:00.000000000,158.42,152.57153
2022-09-17T08:00:00.000000000,174.0,155.15799
2022-09-17T09:00:00.000000000,177.26,157.21718
2022-09-17T10:00:00.000000000,189.14,158.87852
2022-09-17T11:00:00.000000000,197.46,159.35153
2022-09-17T12:00:00.000000000,193.34,158.6028
2022-09-17T13:00:00.000000000,183.39,157.35434
2022-09-17T14:00:00.000000000,167.96,154.92628
2022-09-17T15:00:00.000000000,164.01,152.46206
2022-09-17T16:00:00.000000000,145.9,149.86297
2022-09-17T17:00:00.000000000,144.46,147.19719
2022-09-17T18:00:00.000000000,145.5,143.48218
2022-09-17T19:00:00.000000000,136.76,140.72531
2022-09-17T20:00:00.000000000,131.08,138.77132
2022-09-17T21:00:00.000000000,132.33,137.76423
2022-09-17T22:00:00.000000000,132.4,137.17293
2022-09-17T23:00:00.000000000,139.83,136.97162
2022-09-18T00:00:00.000000000,142.77,138.45724
2022-09-18T01:00:00.000000000,135.87,138.60906
2022-09-18T02:00:00.000000000,137.02,138.67705
2022-09-18T03:00:00.000000000,118.1,138.9351
2022-09-18T04:00:00.000000000,120.3,139.34686
2022-09-18T05:00:00.000000000,123.91,140.11011
2022-09-18T06:00:00.000000000,140.81,141.37485
2022-09-18T07:00:00.000000000,143.66,143.60271
2022-09-18T08:00:00.000000000,144.13,144.72686
2022-09-18T09:00:00.000000000,141.66,145.44114
2022-09-18T10:00:00.000000000,140.36,145.95962
2022-09-18T11:00:00.000000000,145.67,145.59224
2022-09-18T12:00:00.000000000,147.55,144.3704
2022-09-18T13:00:00.000000000,141.72,142.97132
2022-09-18T14:00:00.000000000,141.36,140.75945
2022-09-18T15:00:00.000000000,137.16,138.97134
2022-09-18T16:00:00.000000000,129.17,137.20693
2022-09-18T17:00:00.000000000,134.05,135.35806
2022-09-18T18:00:00.000000000,133.74,132.52665
2022-09-18T19:00:00.000000000,128.46,130.56687
2022-09-18T20:00:00.000000000,134.42,129.22437
2022-09-18T21:00:00.000000000,135.21,128.7952
2022-09-18T22:00:00.000000000,136.21,128.75166
2022-09-18T23:00:00.000000000,143.3,129.0105
2022-09-19T00:00:00.000000000,139.05,129.71805
2022-09-19T01:00:00.000000000,132.94,131.79162
2022-09-19T02:00:00.000000000,136.75,134.147
2022-09-19T03:00:00.000000000,145.14,136.68181
2022-09-19T04:00:00.000000000,148.2,139.76159
2022-09-19T05:00:00.000000000,154.8,143.38503
2022-09-19T06:00:00.000000000,166.81,147.31152
2022-09-19T07:00:00.000000000,175.5,151.70268
2022-09-19T08:00:00.000000000,194.56,154.35007
2022-09-19T09:00:00.000000000,199.91,156.2776
2022-09-19T10:00:00.000000000,207.42,157.56407
2022-09-19T11:00:00.000000000,188.38,157.44946
2022-09-19T12:00:00.000000000,183.47,156.268
2022-09-19T13:00:00.000000000,179.53,154.53532
2022-09-19T14:00:00.000000000,164.36,151.76905
2022-09-19T15:00:00.000000000,165.39,148.96896
2022-09-19T16:00:00.000000000,155.15,146.15772
2022-09-19T17:00:00.000000000,156.45,143.3741
2022-09-19T18:00:00.000000000,164.84,139.70615
2022-09-19T19:00:00.000000000,158.3,137.02201
2022-09-19T20:00:00.000000000,146.84,135.27831
2022-09-19T21:00:00.000000000,144.65,134.61491
2022-09-19T22:00:00.000000000,166.03,134.51599
2022-09-19T23:00:00.000000000,156.37,134.99008
2022-09-20T00:00:00.000000000,153.44,138.40874
2022-09-20T01:00:00.000000000,165.67,139.06178
2022-09-20T02:00:00.000000000,178.68,139.6857
2022-09-20T03:00:00.000000000,174.81,140.4496
2022-09-20T04:00:00.000000000,191.79,141.3699
2022-09-20T05:00:00.000000000,196.18,142.60593
2022-09-20T06:00:00.000000000,163.46,144.30842
2022-09-20T07:00:00.000000000,170.27,146.89292
2022-09-20T08:00:00.000000000,183.71,148.19637
2022-09-20T09:00:00.000000000,174.78,149.06271
2022-09-20T10:00:00.000000000,185.88,149.68204
2022-09-20T11:00:00.000000000,179.56,149.35329
2022-09-20T12:00:00.000000000,178.42,148.14156
2022-09-20T13:00:00.000000000,165.81,146.75035
2022-09-20T14:00:00.000000000,167.03,144.50383
2022-09-20T15:00:00.000000000,161.63,142.63262
2022-09-20T16:00:00.000000000,153.11,140.74896
2022-09-20T17:00:00.000000000,150.86,138.84856
2022-09-20T18:00:00.000000000,154.09,135.98995
2022-09-20T19:00:00.000000000,154.52,134.07002
2022-09-20T20:00:00.000000000,154.45,132.84928
2022-09-20T21:00:00.000000000,139.05,132.53329
2022-09-20T22:00:00.000000000,132.7,132.61306
2022-09-20T23:00:00.000000000,163.17,132.98999
2022-09-18T00:00:00.000000000,142.77,138.81298
2022-09-18T01:00:00.000000000,135.87,139.19547
2022-09-18T02:00:00.000000000,137.02,139.52382
2022-09-18T03:00:00.000000000,118.1,140.02834
2022-09-18T04:00:00.000000000,120.3,140.71001
2022-09-18T05:00:00.000000000,123.91,141.73638
2022-09-18T06:00:00.000000000,140.81,143.23895
2022-09-18T07:00:00.000000000,143.66,145.65529
2022-09-18T08:00:00.000000000,144.13,146.88268
2022-09-18T09:00:00.000000000,141.66,147.66325
2022-09-18T10:00:00.000000000,140.36,148.19187
2022-09-18T11:00:00.000000000,145.67,147.77966
2022-09-18T12:00:00.000000000,147.55,146.48535
2022-09-18T13:00:00.000000000,141.72,144.97895
2022-09-18T14:00:00.000000000,141.36,142.63936
2022-09-18T15:00:00.000000000,137.16,140.7036
2022-09-18T16:00:00.000000000,129.17,138.79984
2022-09-18T17:00:00.000000000,134.05,136.83569
2022-09-18T18:00:00.000000000,133.74,133.90262
2022-09-18T19:00:00.000000000,128.46,131.85906
2022-09-18T20:00:00.000000000,134.42,130.47218
2022-09-18T21:00:00.000000000,135.21,130.0334
2022-09-18T22:00:00.000000000,136.21,130.00564
2022-09-18T23:00:00.000000000,143.3,130.32106
2022-09-19T00:00:00.000000000,139.05,130.40506
2022-09-19T01:00:00.000000000,132.94,131.96786
2022-09-19T02:00:00.000000000,136.75,133.76761
2022-09-19T03:00:00.000000000,145.14,135.79427
2022-09-19T04:00:00.000000000,148.2,138.37034
2022-09-19T05:00:00.000000000,154.8,141.56076
2022-09-19T06:00:00.000000000,166.81,145.23901
2022-09-19T07:00:00.000000000,175.5,149.54733
2022-09-19T08:00:00.000000000,194.56,152.26758
2022-09-19T09:00:00.000000000,199.91,154.38555
2022-09-19T10:00:00.000000000,207.42,155.99443
2022-09-19T11:00:00.000000000,188.38,156.27511
2022-09-19T12:00:00.000000000,183.47,155.45457
2022-09-19T13:00:00.000000000,179.53,154.09606
2022-09-19T14:00:00.000000000,164.36,151.66534
2022-09-19T15:00:00.000000000,165.39,149.14078
2022-09-19T16:00:00.000000000,155.15,146.50177
2022-09-19T17:00:00.000000000,156.45,143.81645
2022-09-19T18:00:00.000000000,164.84,140.16117
2022-09-19T19:00:00.000000000,158.3,137.46444
2022-09-19T20:00:00.000000000,146.84,135.63943
2022-09-19T21:00:00.000000000,144.65,134.83308
2022-09-19T22:00:00.000000000,166.03,134.54856
2022-09-19T23:00:00.000000000,156.37,134.74517
2022-09-20T00:00:00.000000000,153.44,138.85772
2022-09-20T01:00:00.000000000,165.67,139.98256
2022-09-20T02:00:00.000000000,178.68,141.0438
2022-09-20T03:00:00.000000000,174.81,142.11494
2022-09-20T04:00:00.000000000,191.79,143.26554
2022-09-20T05:00:00.000000000,196.18,144.56894
2022-09-20T06:00:00.000000000,163.46,146.1081
2022-09-20T07:00:00.000000000,170.27,148.38131
2022-09-20T08:00:00.000000000,183.71,149.32888
2022-09-20T09:00:00.000000000,174.78,149.72865
2022-09-20T10:00:00.000000000,185.88,149.74571
2022-09-20T11:00:00.000000000,179.56,148.78572
2022-09-20T12:00:00.000000000,178.42,146.99421
2022-09-20T13:00:00.000000000,165.81,145.02011
2022-09-20T14:00:00.000000000,167.03,142.31033
2022-09-20T15:00:00.000000000,161.63,140.12325
2022-09-20T16:00:00.000000000,153.11,138.09924
2022-09-20T17:00:00.000000000,150.86,136.13232
2022-09-20T18:00:00.000000000,154.09,133.26982
2022-09-20T19:00:00.000000000,154.52,131.29354
2022-09-20T20:00:00.000000000,154.45,130.02499
2022-09-20T21:00:00.000000000,139.05,129.76092
2022-09-20T22:00:00.000000000,132.7,129.99663
2022-09-20T23:00:00.000000000,163.17,130.69735
2022-09-21T00:00:00.000000000,161.02,137.51641
2022-09-21T01:00:00.000000000,168.56,138.09519
2022-09-21T02:00:00.000000000,165.19,138.59298
2022-09-21T03:00:00.000000000,159.26,139.1861
2022-09-21T04:00:00.000000000,161.91,139.90178
2022-09-21T05:00:00.000000000,149.95,140.8818
2022-09-21T06:00:00.000000000,159.06,142.20564
2022-09-21T07:00:00.000000000,172.2,144.36574
2022-09-21T08:00:00.000000000,182.36,145.35281
2022-09-21T09:00:00.000000000,180.51,145.85734
2022-09-21T10:00:00.000000000,180.2,146.08195
2022-09-21T11:00:00.000000000,182.53,145.38797
2022-09-21T12:00:00.000000000,179.05,143.87959
2022-09-21T13:00:00.000000000,165.38,142.18591
2022-09-21T14:00:00.000000000,164.64,139.72728
2022-09-21T15:00:00.000000000,164.57,137.7405
2022-09-21T16:00:00.000000000,158.03,135.86216
2022-09-21T17:00:00.000000000,156.08,133.95556
2022-09-21T18:00:00.000000000,159.1,131.12989
2022-09-21T19:00:00.000000000,162.0,129.18453
2022-09-21T20:00:00.000000000,139.45,127.90781
2022-09-21T21:00:00.000000000,148.07,127.58939
2022-09-21T22:00:00.000000000,142.99,127.71087
2022-09-21T23:00:00.000000000,147.88,128.20099
2022-09-19T00:00:00.000000000,139.05,144.27455
2022-09-19T01:00:00.000000000,132.94,146.75447
2022-09-19T02:00:00.000000000,136.75,149.46229
2022-09-19T03:00:00.000000000,145.14,152.08974
2022-09-19T04:00:00.000000000,148.2,154.91579
2022-09-19T05:00:00.000000000,154.8,157.75989
2022-09-19T06:00:00.000000000,166.81,160.76852
2022-09-19T07:00:00.000000000,175.5,164.22663
2022-09-19T08:00:00.000000000,194.56,165.82128
2022-09-19T09:00:00.000000000,199.91,166.64203
2022-09-19T10:00:00.000000000,207.42,166.73999
2022-09-19T11:00:00.000000000,188.38,165.57379
2022-09-19T12:00:00.000000000,183.47,163.29777
2022-09-19T13:00:00.000000000,179.53,160.74413
2022-09-19T14:00:00.000000000,164.36,157.30385
2022-09-19T15:00:00.000000000,165.39,154.31458
2022-09-19T16:00:00.000000000,155.15,151.50019
2022-09-19T17:00:00.000000000,156.45,148.96921
2022-09-19T18:00:00.000000000,164.84,145.54608
2022-09-19T19:00:00.000000000,158.3,143.11446
2022-09-19T20:00:00.000000000,146.84,141.57535
2022-09-19T21:00:00.000000000,144.65,141.11979
2022-09-19T22:00:00.000000000,166.03,141.25043
2022-09-19T23:00:00.000000000,156.37,142.06714
2022-09-20T00:00:00.000000000,153.44,145.16772
2022-09-20T01:00:00.000000000,165.67,146.4656
2022-09-20T02:00:00.000000000,178.68,147.70818
2022-09-20T03:00:00.000000000,174.81,148.91921
2022-09-20T04:00:00.000000000,191.79,150.12521
2022-09-20T05:00:00.000000000,196.18,151.34232
2022-09-20T06:00:00.000000000,163.46,152.80171
2022-09-20T07:00:00.000000000,170.27,155.00797
2022-09-20T08:00:00.000000000,183.71,155.76967
2022-09-20T09:00:00.000000000,174.78,155.96255
2022-09-20T10:00:00.000000000,185.88,155.72149
2022-09-20T11:00:00.000000000,179.56,154.50711
2022-09-20T12:00:00.000000000,178.42,152.40487
2022-09-20T13:00:00.000000000,165.81,150.18231
2022-09-20T14:00:00.000000000,167.03,147.22442
2022-09-20T15:00:00.000000000,161.63,144.91116
2022-09-20T16:00:00.000000000,153.11,142.7992
2022-09-20T17:00:00.000000000,150.86,140.83353
2022-09-20T18:00:00.000000000,154.09,137.96685
2022-09-20T19:00:00.000000000,154.52,136.00333
2022-09-20T20:00:00.000000000,154.45,134.74841
2022-09-20T21:00:00.000000000,139.05,134.51924
2022-09-20T22:00:00.000000000,132.7,134.78357
2022-09-20T23:00:00.000000000,163.17,135.57399
2022-09-21T00:00:00.000000000,161.02,140.69182
2022-09-21T01:00:00.000000000,168.56,141.2707
2022-09-21T02:00:00.000000000,165.19,141.82987
2022-09-21T03:00:00.000000000,159.26,142.54916
2022-09-21T04:00:00.000000000,161.91,143.45206
2022-09-21T05:00:00.000000000,149.95,144.67129
2022-09-21T06:00:00.000000000,159.06,146.37197
2022-09-21T07:00:00.000000000,172.2,148.96256
2022-09-21T08:00:00.000000000,182.36,150.26765
2022-09-21T09:00:00.000000000,180.51,151.09879
2022-09-21T10:00:00.000000000,180.2,151.63113
2022-09-21T11:00:00.000000000,182.53,151.18315
2022-09-21T12:00:00.000000000,179.05,149.80466
2022-09-21T13:00:00.000000000,165.38,148.20704
2022-09-21T14:00:00.000000000,164.64,145.74722
2022-09-21T15:00:00.000000000,164.57,143.69347
2022-09-21T16:00:00.000000000,158.03,141.66472
2022-09-21T17:00:00.000000000,156.08,139.61597
2022-09-21T18:00:00.000000000,159.1,136.59938
2022-09-21T19:00:00.000000000,162.0,134.50304
2022-09-21T20:00:00.000000000,139.45,133.09769
2022-09-21T21:00:00.000000000,148.07,132.65918
2022-09-21T22:00:00.000000000,142.99,132.64004
2022-09-21T23:00:00.000000000,147.88,132.99028
2022-09-22T00:00:00.000000000,147.79,140.82914
2022-09-22T01:00:00.000000000,137.02,144.43367
2022-09-22T02:00:00.000000000,128.5,148.21326
2022-09-22T03:00:00.000000000,131.93,151.75812
2022-09-22T04:00:00.000000000,127.47,155.29108
2022-09-22T05:00:00.000000000,124.36,158.5511
2022-09-22T06:00:00.000000000,130.12,161.47689
2022-09-22T07:00:00.000000000,150.53,164.55009
2022-09-22T08:00:00.000000000,157.81,165.59608
2022-09-22T09:00:00.000000000,162.06,165.68728
2022-09-22T10:00:00.000000000,164.35,164.80642
2022-09-22T11:00:00.000000000,172.19,162.64471
2022-09-22T12:00:00.000000000,169.08,159.55751
2022-09-22T13:00:00.000000000,150.3,156.27383
2022-09-22T14:00:00.000000000,157.7,152.47685
2022-09-22T15:00:00.000000000,171.58,149.36916
2022-09-22T16:00:00.000000000,193.25,146.69396
2022-09-22T17:00:00.000000000,201.84,144.33926
2022-09-22T18:00:00.000000000,180.36,141.13452
2022-09-22T19:00:00.000000000,154.45,138.64399
2022-09-22T20:00:00.000000000,139.05,136.92209
2022-09-22T21:00:00.000000000,138.45,136.46554
2022-09-22T22:00:00.000000000,133.9,136.83057
2022-09-22T23:00:00.000000000,123.85,138.35307
2022-09-20T00:00:00.000000000,153.44,157.16918
2022-09-20T01:00:00.000000000,165.67,157.08303
2022-09-20T02:00:00.000000000,178.68,156.88493
2022-09-20T03:00:00.000000000,174.81,156.82681
2022-09-20T04:00:00.000000000,191.79,156.67405
2022-09-20T05:00:00.000000000,196.18,156.50813
2022-09-20T06:00:00.000000000,163.46,156.8938
2022-09-20T07:00:00.000000000,170.27,158.37237
2022-09-20T08:00:00.000000000,183.71,158.63273
2022-09-20T09:00:00.000000000,174.78,158.4468
2022-09-20T10:00:00.000000000,185.88,158.00987
2022-09-20T11:00:00.000000000,179.56,156.82996
2022-09-20T12:00:00.000000000,178.42,154.70176
2022-09-20T13:00:00.000000000,165.81,152.58795
2022-09-20T14:00:00.000000000,167.03,149.6698
2022-09-20T15:00:00.000000000,161.63,147.60816
2022-09-20T16:00:00.000000000,153.11,145.74408
2022-09-20T17:00:00.000000000,150.86,143.9441
2022-09-20T18:00:00.000000000,154.09,141.16786
2022-09-20T19:00:00.000000000,154.52,139.26709
2022-09-20T20:00:00.000000000,154.45,137.92827
2022-09-20T21:00:00.000000000,139.05,137.5618
2022-09-20T22:00:00.000000000,132.7,137.52337
2022-09-20T23:00:00.000000000,163.17,137.91609
2022-09-21T00:00:00.000000000,161.02,140.1202
2022-09-21T01:00:00.000000000,168.56,140.5041
2022-09-21T02:00:00.000000000,165.19,140.92823
2022-09-21T03:00:00.000000000,159.26,141.60468
2022-09-21T04:00:00.000000000,161.91,142.57477
2022-09-21T05:00:00.000000000,149.95,143.98715
2022-09-21T06:00:00.000000000,159.06,145.98589
2022-09-21T07:00:00.000000000,172.2,148.90785
2022-09-21T08:00:00.000000000,182.36,150.55026
2022-09-21T09:00:00.000000000,180.51,151.72222
2022-09-21T10:00:00.000000000,180.2,152.59378
2022-09-21T11:00:00.000000000,182.53,152.43275
2022-09-21T12:00:00.000000000,179.05,151.27314
2022-09-21T13:00:00.000000000,165.38,149.81374
2022-09-21T14:00:00.000000000,164.64,147.41641
2022-09-21T15:00:00.000000000,164.57,145.31619
2022-09-21T16:00:00.000000000,158.03,143.19568
2022-09-21T17:00:00.000000000,156.08,141.00521
2022-09-21T18:00:00.000000000,159.1,137.81068
2022-09-21T19:00:00.000000000,162.0,135.52306
2022-09-21T20:00:00.000000000,139.45,133.9266
2022-09-21T21:00:00.000000000,148.07,133.29534
2022-09-21T22:00:00.000000000,142.99,133.07088
2022-09-21T23:00:00.000000000,147.88,133.2163
2022-09-22T00:00:00.000000000,147.79,139.37717
2022-09-22T01:00:00.000000000,137.02,141.63262
2022-09-22T02:00:00.000000000,128.5,143.90217
2022-09-22T03:00:00.000000000,131.93,146.03306
2022-09-22T04:00:00.000000000,127.47,148.14654
2022-09-22T05:00:00.000000000,124.36,150.17064
2022-09-22T06:00:00.000000000,130.12,152.10564
2022-09-22T07:00:00.000000000,150.53,154.49549
2022-09-22T08:00:00.000000000,157.81,155.2702
2022-09-22T09:00:00.000000000,162.06,155.33625
2022-09-22T10:00:00.000000000,164.35,154.8046
2022-09-22T11:00:00.000000000,172.19,153.17891
2022-09-22T12:00:00.000000000,169.08,150.74517
2022-09-22T13:00:00.000000000,150.3,148.13216
2022-09-22T14:00:00.000000000,157.7,144.90854
2022-09-22T15:00:00.000000000,171.58,142.34441
2022-09-22T16:00:00.000000000,193.25,140.13303
2022-09-22T17:00:00.000000000,201.84,138.13662
2022-09-22T18:00:00.000000000,180.36,135.29275
2022-09-22T19:00:00.000000000,154.45,133.2496
2022-09-22T20:00:00.000000000,139.05,131.94325
2022-09-22T21:00:00.000000000,138.45,131.7136
2022-09-22T22:00:00.000000000,133.9,132.12094
2022-09-22T23:00:00.000000000,123.85,133.26222
2022-09-23T00:00:00.000000000,115.88,133.58859
2022-09-23T01:00:00.000000000,110.03,134.4106
2022-09-23T02:00:00.000000000,122.55,135.37249
2022-09-23T03:00:00.000000000,133.49,136.60453
2022-09-23T04:00:00.000000000,144.43,138.30706
2022-09-23T05:00:00.000000000,152.53,140.62271
2022-09-23T06:00:00.000000000,155.36,143.56053
2022-09-23T07:00:00.000000000,162.86,147.32495
2022-09-23T08:00:00.000000000,180.74,149.71121
2022-09-23T09:00:00.000000000,187.64,151.60959
2022-09-23T10:00:00.000000000,194.3,153.14475
2022-09-23T11:00:00.000000000,204.14,153.49122
2022-09-23T12:00:00.000000000,231.74,152.76538
2022-09-23T13:00:00.000000000,234.23,151.59053
2022-09-23T14:00:00.000000000,233.72,149.38456
2022-09-23T15:00:00.000000000,208.37,147.18833
2022-09-23T16:00:00.000000000,197.27,144.8622
2022-09-23T17:00:00.000000000,186.13,142.4361
2022-09-23T18:00:00.000000000,179.85,138.98171
2022-09-23T19:00:00.000000000,174.97,136.44131
2022-09-23T20:00:00.000000000,174.47,134.66121
2022-09-23T21:00:00.000000000,176.07,133.83895
2022-09-23T22:00:00.000000000,174.73,133.47171
2022-09-23T23:00:00.000000000,178.49,133.49356
2022-09-21T00:00:00.000000000,161.02,153.28469
2022-09-21T01:00:00.000000000,168.56,152.7711
2022-09-21T02:00:00.000000000,165.19,152.30145
2022-09-21T03:00:00.000000000,159.26,152.15831
2022-09-21T04:00:00.000000000,161.91,152.18458
2022-09-21T05:00:00.000000000,149.95,152.51285
2022-09-21T06:00:00.000000000,159.06,153.61001
2022-09-21T07:00:00.000000000,172.2,155.855
2022-09-21T08:00:00.000000000,182.36,156.89726
2022-09-21T09:00:00.000000000,180.51,157.51138
2022-09-21T10:00:00.000000000,180.2,157.92327
2022-09-21T11:00:00.000000000,182.53,157.49459
2022-09-21T12:00:00.000000000,179.05,155.98977
2022-09-21T13:00:00.000000000,165.38,154.35989
2022-09-21T14:00:00.000000000,164.64,151.76599
2022-09-21T15:00:00.000000000,164.57,149.77589
2022-09-21T16:00:00.000000000,158.03,147.80286
2022-09-21T17:00:00.000000000,156.08,145.78591
2022-09-21T18:00:00.000000000,159.1,142.71224
2022-09-21T19:00:00.000000000,162.0,140.55882
2022-09-21T20:00:00.000000000,139.45,139.00493
2022-09-21T21:00:00.000000000,148.07,138.36413
2022-09-21T22:00:00.000000000,142.99,138.01241
2022-09-21T23:00:00.000000000,147.88,137.97283
2022-09-22T00:00:00.000000000,147.79,146.28097
2022-09-22T01:00:00.000000000,137.02,149.06379
2022-09-22T02:00:00.000000000,128.5,151.78265
2022-09-22T03:00:00.000000000,131.93,154.14907
2022-09-22T04:00:00.000000000,127.47,156.19323
2022-09-22T05:00:00.000000000,124.36,157.73287
2022-09-22T06:00:00.000000000,130.12,158.96082
2022-09-22T07:00:00.000000000,150.53,160.57188
2022-09-22T08:00:00.000000000,157.81,160.50761
2022-09-22T09:00:00.000000000,162.06,159.69125
2022-09-22T10:00:00.000000000,164.35,158.20838
2022-09-22T11:00:00.000000000,172.19,155.74667
2022-09-22T12:00:00.000000000,169.08,152.53787
2022-09-22T13:00:00.000000000,150.3,149.31672
2022-09-22T14:00:00.000000000,157.7,145.69703
2022-09-22T15:00:00.000000000,171.58,143.07769
2022-09-22T16:00:00.000000000,193.25,141.0349
2022-09-22T17:00:00.000000000,201.84,139.37963
2022-09-22T18:00:00.000000000,180.36,136.86478
2022-09-22T19:00:00.000000000,154.45,134.99273
2022-09-22T20:00:00.000000000,139.05,133.74392
2022-09-22T21:00:00.000000000,138.45,133.57653
2022-09-22T22:00:00.000000000,133.9,134.13801
2022-09-22T23:00:00.000000000,123.85,135.64648
2022-09-23T00:00:00.000000000,115.88,134.98801
2022-09-23T01:00:00.000000000,110.03,135.05056
2022-09-23T02:00:00.000000000,122.55,135.13443
2022-09-23T03:00:00.000000000,133.49,135.53862
2022-09-23T04:00:00.000000000,144.43,136.31661
2022-09-23T05:00:00.000000000,152.53,137.70778
2022-09-23T06:00:00.000000000,155.36,139.84623
2022-09-23T07:00:00.000000000,162.86,143.01576
2022-09-23T08:00:00.000000000,180.74,145.06131
2022-09-23T09:00:00.000000000,187.64,146.7589
2022-09-23T10:00:00.000000000,194.3,148.26327
2022-09-23T11:00:00.000000000,204.14,148.73547
2022-09-23T12:00:00.000000000,231.74,148.19127
2022-09-23T13:00:00.000000000,234.23,147.30452
2022-09-23T14:00:00.000000000,233.72,145.46887
2022-09-23T15:00:00.000000000,208.37,143.74526
2022-09-23T16:00:00.000000000,197.27,141.87574
2022-09-23T17:00:00.000000000,186.13,139.82708
2022-09-23T18:00:00.000000000,179.85,136.65833
2022-09-23T19:00:00.000000000,174.97,134.29439
2022-09-23T20:00:00.000000000,174.47,132.51976
2022-09-23T21:00:00.000000000,176.07,131.61664
2022-09-23T22:00:00.000000000,174.73,131.11476
2022-09-23T23:00:00.000000000,178.49,130.933
2022-09-24T00:00:00.000000000,177.56,132.47674
2022-09-24T01:00:00.000000000,181.66,134.90381
2022-09-24T02:00:00.000000000,187.48,137.82398
2022-09-24T03:00:00.000000000,195.3,140.93586
2022-09-24T04:00:00.000000000,205.49,144.5103
2022-09-24T05:00:00.000000000,208.87,148.46359
2022-09-24T06:00:00.000000000,225.4,152.87413
2022-09-24T07:00:00.000000000,231.78,157.74629
2022-09-24T08:00:00.000000000,202.35,160.74194
2022-09-24T09:00:00.000000000,214.81,163.12215
2022-09-24T10:00:00.000000000,224.29,165.05432
2022-09-24T11:00:00.000000000,231.33,165.70897
2022-09-24T12:00:00.000000000,230.26,165.19207
2022-09-24T13:00:00.000000000,226.55,164.14576
2022-09-24T14:00:00.000000000,207.48,161.84618
2022-09-24T15:00:00.000000000,181.89,159.32109
2022-09-24T16:00:00.000000000,168.22,156.56453
2022-09-24T17:00:00.000000000,163.6,153.79333
2022-09-24T18:00:00.000000000,161.49,149.95768
2022-09-24T19:00:00.000000000,159.29,147.01949
2022-09-24T20:00:00.000000000,160.49,145.01133
2022-09-24T21:00:00.000000000,156.19,143.92355
2022-09-24T22:00:00.000000000,151.7,143.37151
2022-09-24T23:00:00.000000000,150.66,143.37362
2022-09-22T00:00:00.000000000,147.79,151.10524
2022-09-22T01:00:00.000000000,137.02,152.55381
2022-09-22T02:00:00.000000000,128.5,153.86557
2022-09-22T03:00:00.000000000,131.93,155.03433
2022-09-22T04:00:00.000000000,127.47,155.91335
2022-09-22T05:00:00.000000000,124.36,156.45392
2022-09-22T06:00:00.000000000,130.12,157.00782
2022-09-22T07:00:00.000000000,150.53,158.25894
2022-09-22T08:00:00.000000000,157.81,158.09663
2022-09-22T09:00:00.000000000,162.06,157.33511
2022-09-22T10:00:00.000000000,164.35,156.10765
2022-09-22T11:00:00.000000000,172.19,154.04971
2022-09-22T12:00:00.000000000,169.08,151.23345
2022-09-22T13:00:00.000000000,150.3,148.4296
2022-09-22T14:00:00.000000000,157.7,145.09393
2022-09-22T15:00:00.000000000,171.58,142.72603
2022-09-22T16:00:00.000000000,193.25,140.85464
2022-09-22T17:00:00.000000000,201.84,139.21165
2022-09-22T18:00:00.000000000,180.36,136.69403
2022-09-22T19:00:00.000000000,154.45,134.85165
2022-09-22T20:00:00.000000000,139.05,133.58363
2022-09-22T21:00:00.000000000,138.45,133.35368
2022-09-22T22:00:00.000000000,133.9,133.6682
2022-09-22T23:00:00.000000000,123.85,134.73953
2022-09-23T00:00:00.000000000,115.88,134.16034
2022-09-23T01:00:00.000000000,110.03,134.13106
2022-09-23T02:00:00.000000000,122.55,134.08104
2022-09-23T03:00:00.000000000,133.49,134.33746
2022-09-23T04:00:00.000000000,144.43,134.94748
2022-09-23T05:00:00.000000000,152.53,136.16112
2022-09-23T06:00:00.000000000,155.36,138.07548
2022-09-23T07:00:00.000000000,162.86,141.01619
2022-09-23T08:00:00.000000000,180.74,142.89967
2022-09-23T09:00:00.000000000,187.64,144.4329
2022-09-23T10:00:00.000000000,194.3,145.77536
2022-09-23T11:00:00.000000000,204.14,146.11098
2022-09-23T12:00:00.000000000,231.74,145.48173
2022-09-23T13:00:00.000000000,234.23,144.51018
2022-09-23T14:00:00.000000000,233.72,142.6327
2022-09-23T15:00:00.000000000,208.37,140.90437
2022-09-23T16:00:00.000000000,197.27,139.07929
2022-09-23T17:00:00.000000000,186.13,137.05809
2022-09-23T18:00:00.000000000,179.85,133.94225
2022-09-23T19:00:00.000000000,174.97,131.60828
2022-09-23T20:00:00.000000000,174.47,129.84798
2022-09-23T21:00:00.000000000,176.07,128.97841
2022-09-23T22:00:00.000000000,174.73,128.5176
2022-09-23T23:00:00.000000000,178.49,128.39326
2022-09-24T00:00:00.000000000,177.56,129.84572
2022-09-24T01:00:00.000000000,181.66,131.961
2022-09-24T02:00:00.000000000,187.48,134.60313
2022-09-24T03:00:00.000000000,195.3,137.54919
2022-09-24T04:00:00.000000000,205.49,141.04069
2022-09-24T05:00:00.000000000,208.87,145.05621
2022-09-24T06:00:00.000000000,225.4,149.66607
2022-09-24T07:00:00.000000000,231.78,154.81024
2022-09-24T08:00:00.000000000,202.35,158.15054
2022-09-24T09:00:00.000000000,214.81,160.94166
2022-09-24T10:00:00.000000000,224.29,163.36771
2022-09-24T11:00:00.000000000,231.33,164.52691
2022-09-24T12:00:00.000000000,230.26,164.50393
2022-09-24T13:00:00.000000000,226.55,163.90048
2022-09-24T14:00:00.000000000,207.48,161.96918
2022-09-24T15:00:00.000000000,181.89,159.64524
2022-09-24T16:00:00.000000000,168.22,156.99362
2022-09-24T17:00:00.000000000,163.6,154.23024
2022-09-24T18:00:00.000000000,161.49,150.34894
2022-09-24T19:00:00.000000000,159.29,147.31192
2022-09-24T20:00:00.000000000,160.49,145.16335
2022-09-24T21:00:00.000000000,156.19,143.8794
2022-09-24T22:00:00.000000000,151.7,143.08797
2022-09-24T23:00:00.000000000,150.66,142.79986
2022-09-25T00:00:00.000000000,153.87,143.75323
2022-09-25T01:00:00.000000000,191.67,146.57028
2022-09-25T02:00:00.000000000,204.37,150.19866
2022-09-25T03:00:00.000000000,212.97,154.01815
2022-09-25T04:00:00.000000000,207.08,158.35175
2022-09-25T05:00:00.000000000,202.34,162.86809
2022-09-25T06:00:00.000000000,200.53,167.87513
2022-09-25T07:00:00.000000000,187.47,173.27274
2022-09-25T08:00:00.000000000,226.31,176.50059
2022-09-25T09:00:00.000000000,227.39,178.90148
2022-09-25T10:00:00.000000000,232.38,180.68035
2022-09-25T11:00:00.000000000,228.89,181.13368
2022-09-25T12:00:00.000000000,228.46,180.16001
2022-09-25T13:00:00.000000000,224.05,178.74541
2022-09-25T14:00:00.000000000,217.19,175.97471
2022-09-25T15:00:00.000000000,175.55,173.08067
2022-09-25T16:00:00.000000000,164.69,169.87965
2022-09-25T17:00:00.000000000,158.04,166.74949
2022-09-25T18:00:00.000000000,156.53,162.4858
2022-09-25T19:00:00.000000000,159.6,159.11783
2022-09-25T20:00:00.000000000,160.75,156.7786
2022-09-25T21:00:00.000000000,156.0,155.41411
2022-09-25T22:00:00.000000000,153.01,154.59254
2022-09-25T23:00:00.000000000,152.5,154.44661
2022-09-23T00:00:00.000000000,115.88,124.24488
2022-09-23T01:00:00.000000000,110.03,124.51576
2022-09-23T02:00:00.000000000,122.55,124.86464
2022-09-23T03:00:00.000000000,133.49,125.57024
2022-09-23T04:00:00.000000000,144.43,126.67971
2022-09-23T05:00:00.000000000,152.53,128.55543
2022-09-23T06:00:00.000000000,155.36,131.53775
2022-09-23T07:00:00.000000000,162.86,135.70232
2022-09-23T08:00:00.000000000,180.74,138.94117
2022-09-23T09:00:00.000000000,187.64,142.19732
2022-09-23T10:00:00.000000000,194.3,145.56184
2022-09-23T11:00:00.000000000,204.14,147.94649
2022-09-23T12:00:00.000000000,231.74,149.202
2022-09-23T13:00:00.000000000,234.23,149.94929
2022-09-23T14:00:00.000000000,233.72,149.56515
2022-09-23T15:00:00.000000000,208.37,148.68911
2022-09-23T16:00:00.000000000,197.27,147.338
2022-09-23T17:00:00.000000000,186.13,145.56852
2022-09-23T18:00:00.000000000,179.85,142.29569
2022-09-23T19:00:00.000000000,174.97,139.45225
2022-09-23T20:00:00.000000000,174.47,136.92697
2022-09-23T21:00:00.000000000,176.07,135.00483
2022-09-23T22:00:00.000000000,174.73,133.57295
2022-09-23T23:00:00.000000000,178.49,132.52154
2022-09-24T00:00:00.000000000,177.56,134.17179
2022-09-24T01:00:00.000000000,181.66,136.68594
2022-09-24T02:00:00.000000000,187.48,139.70783
2022-09-24T03:00:00.000000000,195.3,142.88966
2022-09-24T04:00:00.000000000,205.49,146.48926
2022-09-24T05:00:00.000000000,208.87,150.3945
2022-09-24T06:00:00.000000000,225.4,154.72281
2022-09-24T07:00:00.000000000,231.78,159.49089
2022-09-24T08:00:00.000000000,202.35,162.34888
2022-09-24T09:00:00.000000000,214.81,164.57601
2022-09-24T10:00:00.000000000,224.29,166.35361
2022-09-24T11:00:00.000000000,231.33,166.87739
2022-09-24T12:00:00.000000000,230.26,166.23922
2022-09-24T13:00:00.000000000,226.55,165.10316
2022-09-24T14:00:00.000000000,207.48,162.72275
2022-09-24T15:00:00.000000000,181.89,160.17466
2022-09-24T16:00:00.000000000,168.22,157.41588
2022-09-24T17:00:00.000000000,163.6,154.67348
2022-09-24T18:00:00.000000000,161.49,150.8754
2022-09-24T19:00:00.000000000,159.29,147.97978
2022-09-24T20:00:00.000000000,160.49,146.02511
2022-09-24T21:00:00.000000000,156.19,144.98657
2022-09-24T22:00:00.000000000,151.7,144.47978
2022-09-24T23:00:00.000000000,150.66,144.53353
2022-09-25T00:00:00.000000000,153.87,144.8419
2022-09-25T01:00:00.000000000,191.67,147.96048
2022-09-25T02:00:00.000000000,204.37,151.9887
2022-09-25T03:00:00.000000000,212.97,156.24069
2022-09-25T04:00:00.000000000,207.08,161.0448
2022-09-25T05:00:00.000000000,202.34,166.01127
2022-09-25T06:00:00.000000000,200.53,171.44304
2022-09-25T07:00:00.000000000,187.47,177.22695
2022-09-25T08:00:00.000000000,226.31,180.70784
2022-09-25T09:00:00.000000000,227.39,183.26834
2022-09-25T10:00:00.000000000,232.38,185.10492
2022-09-25T11:00:00.000000000,228.89,185.55482
2022-09-25T12:00:00.000000000,228.46,184.49586
2022-09-25T13:00:00.000000000,224.05,183.02646
2022-09-25T14:00:00.000000000,217.19,180.21545
2022-09-25T15:00:00.000000000,175.55,177.279
2022-09-25T16:00:00.000000000,164.69,173.96571
2022-09-25T17:00:00.000000000,158.04,170.7085
2022-09-25T18:00:00.000000000,156.53,166.27825
2022-09-25T19:00:00.000000000,159.6,162.69694
2022-09-25T20:00:00.000000000,160.75,160.15336
2022-09-25T21:00:00.000000000,156.0,158.65236
2022-09-25T22:00:00.000000000,153.01,157.7433
2022-09-25T23:00:00.000000000,152.5,157.60752
2022-09-26T00:00:00.000000000,187.63,155.22771
2022-09-26T01:00:00.000000000,194.31,156.83478
2022-09-26T02:00:00.000000000,201.32,158.91498
2022-09-26T03:00:00.000000000,205.32,160.97612
2022-09-26T04:00:00.000000000,216.72,163.26151
2022-09-26T05:00:00.000000000,178.98,165.52837
2022-09-26T06:00:00.000000000,201.7,168.30438
2022-09-26T07:00:00.000000000,231.04,171.7103
2022-09-26T08:00:00.000000000,236.58,173.31187
2022-09-26T09:00:00.000000000,237.63,174.24176
2022-09-26T10:00:00.000000000,226.84,174.70313
2022-09-26T11:00:00.000000000,223.14,174.08132
2022-09-26T12:00:00.000000000,214.76,172.21243
2022-09-26T13:00:00.000000000,183.36,170.12165
2022-09-26T14:00:00.000000000,176.28,166.8919
2022-09-26T15:00:00.000000000,175.08,164.09799
2022-09-26T16:00:00.000000000,166.9,161.32724
2022-09-26T17:00:00.000000000,168.58,158.80955
2022-09-26T18:00:00.000000000,163.06,155.30499
2022-09-26T19:00:00.000000000,144.36,152.83135
2022-09-26T20:00:00.000000000,141.47,151.30151
2022-09-26T21:00:00.000000000,143.06,150.64288
2022-09-26T22:00:00.000000000,140.91,150.37217
2022-09-26T23:00:00.000000000,172.21,150.5677
2022-09-24T00:00:00.000000000,177.56,179.20993
2022-09-24T01:00:00.000000000,181.66,178.77228
2022-09-24T02:00:00.000000000,187.48,179.53699
2022-09-24T03:00:00.000000000,195.3,181.28711
2022-09-24T04:00:00.000000000,205.49,183.89128
2022-09-24T05:00:00.000000000,208.87,186.56004
2022-09-24T06:00:00.000000000,225.4,190.59087
2022-09-24T07:00:00.000000000,231.78,195.68125
2022-09-24T08:00:00.000000000,202.35,198.5265
2022-09-24T09:00:00.000000000,214.81,200.28802
2022-09-24T10:00:00.000000000,224.29,202.13753
2022-09-24T11:00:00.000000000,231.33,202.95135
2022-09-24T12:00:00.000000000,230.26,202.77112
2022-09-24T13:00:00.000000000,226.55,203.06386
2022-09-24T14:00:00.000000000,207.48,202.3261
2022-09-24T15:00:00.000000000,181.89,201.99885
2022-09-24T16:00:00.000000000,168.22,201.12447
2022-09-24T17:00:00.000000000,163.6,199.66253
2022-09-24T18:00:00.000000000,161.49,196.46334
2022-09-24T19:00:00.000000000,159.29,193.36798
2022-09-24T20:00:00.000000000,160.49,190.95308
2022-09-24T21:00:00.000000000,156.19,188.87631
2022-09-24T22:00:00.000000000,151.7,186.56862
2022-09-24T23:00:00.000000000,150.66,183.93736
2022-09-25T00:00:00.000000000,153.87,183.57977
2022-09-25T01:00:00.000000000,191.67,182.8669
2022-09-25T02:00:00.000000000,204.37,183.25743
2022-09-25T03:00:00.000000000,212.97,185.18189
2022-09-25T04:00:00.000000000,207.08,187.77664
2022-09-25T05:00:00.000000000,202.34,190.33968
2022-09-25T06:00:00.000000000,200.53,194.21721
2022-09-25T07:00:00.000000000,187.47,200.52507
2022-09-25T08:00:00.000000000,226.31,205.23043
2022-09-25T09:00:00.000000000,227.39,209.13349
2022-09-25T10:00:00.000000000,232.38,213.36105
2022-09-25T11:00:00.000000000,228.89,216.39413
2022-09-25T12:00:00.000000000,228.46,217.86515
2022-09-25T13:00:00.000000000,224.05,219.65359
2022-09-25T14:00:00.000000000,217.19,220.08359
2022-09-25T15:00:00.000000000,175.55,220.44934
2022-09-25T16:00:00.000000000,164.69,219.91549
2022-09-25T17:00:00.000000000,158.04,218.82436
2022-09-25T18:00:00.000000000,156.53,215.75848
2022-09-25T19:00:00.000000000,159.6,212.51534
2022-09-25T20:00:00.000000000,160.75,209.52991
2022-09-25T21:00:00.000000000,156.0,207.11107
2022-09-25T22:00:00.000000000,153.01,204.32345
2022-09-25T23:00:00.000000000,152.5,201.05634
2022-09-26T00:00:00.000000000,187.63,195.15039
2022-09-26T01:00:00.000000000,194.31,192.9956
2022-09-26T02:00:00.000000000,201.32,191.76532
2022-09-26T03:00:00.000000000,205.32,191.57829
2022-09-26T04:00:00.000000000,216.72,191.81917
2022-09-26T05:00:00.000000000,178.98,191.9378
2022-09-26T06:00:00.000000000,201.7,193.45469
2022-09-26T07:00:00.000000000,231.04,197.38356
2022-09-26T08:00:00.000000000,236.58,200.21827
2022-09-26T09:00:00.000000000,237.63,202.74675
2022-09-26T10:00:00.000000000,226.84,206.16658
2022-09-26T11:00:00.000000000,223.14,208.77339
2022-09-26T12:00:00.000000000,214.76,210.22053
2022-09-26T13:00:00.000000000,183.36,211.97932
2022-09-26T14:00:00.000000000,176.28,212.10261
2022-09-26T15:00:00.000000000,175.08,212.34631
2022-09-26T16:00:00.000000000,166.9,211.9135
2022-09-26T17:00:00.000000000,168.58,211.11924
2022-09-26T18:00:00.000000000,163.06,208.48679
2022-09-26T19:00:00.000000000,144.36,206.05186
2022-09-26T20:00:00.000000000,141.47,203.95471
2022-09-26T21:00:00.000000000,143.06,202.18224
2022-09-26T22:00:00.000000000,140.91,199.97519
2022-09-26T23:00:00.000000000,172.21,197.12635
2022-09-27T00:00:00.000000000,167.32,182.92857
2022-09-27T01:00:00.000000000,172.62,181.55929
2022-09-27T02:00:00.000000000,184.67,180.6727
2022-09-27T03:00:00.000000000,187.16,179.79969
2022-09-27T04:00:00.000000000,171.46,179.53399
2022-09-27T05:00:00.000000000,171.69,179.53599
2022-09-27T06:00:00.000000000,189.59,181.06703
2022-09-27T07:00:00.000000000,192.96,184.06563
2022-09-27T08:00:00.000000000,190.17,186.06036
2022-09-27T09:00:00.000000000,180.93,187.53962
2022-09-27T10:00:00.000000000,179.6,188.63995
2022-09-27T11:00:00.000000000,167.27,188.62199
2022-09-27T12:00:00.000000000,159.12,186.55578
2022-09-27T13:00:00.000000000,170.78,184.05268
2022-09-27T14:00:00.000000000,160.2,180.12037
2022-09-27T15:00:00.000000000,140.76,176.76081
2022-09-27T16:00:00.000000000,143.22,173.53995
2022-09-27T17:00:00.000000000,137.19,170.52097
2022-09-27T18:00:00.000000000,141.45,166.14361
2022-09-27T19:00:00.000000000,129.17,162.64741
2022-09-27T20:00:00.000000000,119.56,159.88208
2022-09-27T21:00:00.000000000,120.96,157.93742
2022-09-27T22:00:00.000000000,118.65,156.3557
2022-09-27T23:00:00.000000000,117.82,155.27124
2022-09-25T00:00:00.000000000,153.87,155.39539
2022-09-25T01:00:00.000000000,191.67,157.53677
2022-09-25T02:00:00.000000000,204.37,160.63476
2022-09-25T03:00:00.000000000,212.97,164.27836
2022-09-25T04:00:00.000000000,207.08,168.40355
2022-09-25T05:00:00.000000000,202.34,172.40037
2022-09-25T06:00:00.000000000,200.53,177.2786
2022-09-25T07:00:00.000000000,187.47,182.9154
2022-09-25T08:00:00.000000000,226.31,186.32264
2022-09-25T09:00:00.000000000,227.39,188.98843
2022-09-25T10:00:00.000000000,232.38,191.61048
2022-09-25T11:00:00.000000000,228.89,193.25715
2022-09-25T12:00:00.000000000,228.46,193.73647
2022-09-25T13:00:00.000000000,224.05,194.03218
2022-09-25T14:00:00.000000000,217.19,192.66244
2022-09-25T15:00:00.000000000,175.55,190.96662
2022-09-25T16:00:00.000000000,164.69,188.81942
2022-09-25T17:00:00.000000000,158.04,186.50457
2022-09-25T18:00:00.000000000,156.53,182.87863
2022-09-25T19:00:00.000000000,159.6,179.82585
2022-09-25T20:00:00.000000000,160.75,177.72236
2022-09-25T21:00:00.000000000,156.0,176.17956
2022-09-25T22:00:00.000000000,153.01,174.72276
2022-09-25T23:00:00.000000000,152.5,173.40748
2022-09-26T00:00:00.000000000,187.63,166.96678
2022-09-26T01:00:00.000000000,194.31,167.12485
2022-09-26T02:00:00.000000000,201.32,167.76395
2022-09-26T03:00:00.000000000,205.32,168.47091
2022-09-26T04:00:00.000000000,216.72,169.64102
2022-09-26T05:00:00.000000000,178.98,170.99467
2022-09-26T06:00:00.000000000,201.7,173.29297
2022-09-26T07:00:00.000000000,231.04,176.55454
2022-09-26T08:00:00.000000000,236.58,178.30871
2022-09-26T09:00:00.000000000,237.63,179.38181
2022-09-26T10:00:00.000000000,226.84,179.92385
2022-09-26T11:00:00.000000000,223.14,179.33989
2022-09-26T12:00:00.000000000,214.76,177.17147
2022-09-26T13:00:00.000000000,183.36,174.72969
2022-09-26T14:00:00.000000000,176.28,171.04328
2022-09-26T15:00:00.000000000,175.08,167.89288
2022-09-26T16:00:00.000000000,166.9,164.81311
2022-09-26T17:00:00.000000000,168.58,161.98653
2022-09-26T18:00:00.000000000,163.06,158.08578
2022-09-26T19:00:00.000000000,144.36,155.25827
2022-09-26T20:00:00.000000000,141.47,153.30961
2022-09-26T21:00:00.000000000,143.06,152.24461
2022-09-26T22:00:00.000000000,140.91,151.50043
2022-09-26T23:00:00.000000000,172.21,151.17405
2022-09-27T00:00:00.000000000,167.32,149.85763
2022-09-27T01:00:00.000000000,172.62,150.63526
2022-09-27T02:00:00.000000000,184.67,151.43843
2022-09-27T03:00:00.000000000,187.16,152.31342
2022-09-27T04:00:00.000000000,171.46,153.2882
2022-09-27T05:00:00.000000000,171.69,154.37768
2022-09-27T06:00:00.000000000,189.59,155.95469
2022-09-27T07:00:00.000000000,192.96,158.4118
2022-09-27T08:00:00.000000000,190.17,159.44426
2022-09-27T09:00:00.000000000,180.93,159.9453
2022-09-27T10:00:00.000000000,179.6,160.0468
2022-09-27T11:00:00.000000000,167.27,159.17105
2022-09-27T12:00:00.000000000,159.12,157.25994
2022-09-27T13:00:00.000000000,170.78,155.20873
2022-09-27T14:00:00.000000000,160.2,152.28142
2022-09-27T15:00:00.000000000,140.76,149.94147
2022-09-27T16:00:00.000000000,143.22,147.70565
2022-09-27T17:00:00.000000000,137.19,145.58448
2022-09-27T18:00:00.000000000,141.45,142.50064
2022-09-27T19:00:00.000000000,129.17,140.37842
2022-09-27T20:00:00.000000000,119.56,138.97024
2022-09-27T21:00:00.000000000,120.96,138.54982
2022-09-27T22:00:00.000000000,118.65,138.54217
2022-09-27T23:00:00.000000000,117.82,138.98159
2022-09-28T00:00:00.000000000,147.64,142.43662
2022-09-28T01:00:00.000000000,155.62,142.85588
2022-09-28T02:00:00.000000000,161.69,143.17572
2022-09-28T03:00:00.000000000,170.32,143.60453
2022-09-28T04:00:00.000000000,132.96,144.08194
2022-09-28T05:00:00.000000000,133.52,144.73573
2022-09-28T06:00:00.000000000,154.36,145.75598
2022-09-28T07:00:00.000000000,177.64,147.66345
2022-09-28T08:00:00.000000000,179.5,148.40086
2022-09-28T09:00:00.000000000,179.34,148.65797
2022-09-28T10:00:00.000000000,172.29,148.64156
2022-09-28T11:00:00.000000000,166.35,147.76161
2022-09-28T12:00:00.000000000,162.58,146.06354
2022-09-28T13:00:00.000000000,159.01,144.21205
2022-09-28T14:00:00.000000000,158.87,141.60359
2022-09-28T15:00:00.000000000,150.91,139.56912
2022-09-28T16:00:00.000000000,156.94,137.70127
2022-09-28T17:00:00.000000000,160.25,135.81105
2022-09-28T18:00:00.000000000,157.28,132.9929
2022-09-28T19:00:00.000000000,158.7,131.01577
2022-09-28T20:00:00.000000000,146.43,129.6716
2022-09-28T21:00:00.000000000,139.94,129.31607
2022-09-28T22:00:00.000000000,169.46,129.38808
2022-09-28T23:00:00.000000000,166.62,129.88305
2022-09-26T00:00:00.000000000,187.63,150.17818
2022-09-26T01:00:00.000000000,194.31,152.61964
2022-09-26T02:00:00.000000000,201.32,156.0677
2022-09-26T03:00:00.000000000,205.32,160.12398
2022-09-26T04:00:00.000000000,216.72,164.86865
2022-09-26T05:00:00.000000000,178.98,169.75865
2022-09-26T06:00:00.000000000,201.7,175.58141
2022-09-26T07:00:00.000000000,231.04,182.28927
2022-09-26T08:00:00.000000000,236.58,186.82741
2022-09-26T09:00:00.000000000,237.63,190.55817
2022-09-26T10:00:00.000000000,226.84,193.92945
2022-09-26T11:00:00.000000000,223.14,196.11768
2022-09-26T12:00:00.000000000,214.76,196.66941
2022-09-26T13:00:00.000000000,183.36,196.68913
2022-09-26T14:00:00.000000000,176.28,194.80516
2022-09-26T15:00:00.000000000,175.08,192.25241
2022-09-26T16:00:00.000000000,166.9,189.12425
2022-09-26T17:00:00.000000000,168.58,185.87298
2022-09-26T18:00:00.000000000,163.06,181.37761
2022-09-26T19:00:00.000000000,144.36,177.65808
2022-09-26T20:00:00.000000000,141.47,175.02159
2022-09-26T21:00:00.000000000,143.06,173.20407
2022-09-26T22:00:00.000000000,140.91,171.59961
2022-09-26T23:00:00.000000000,172.21,170.30022
2022-09-27T00:00:00.000000000,167.32,166.75411
2022-09-27T01:00:00.000000000,172.62,166.79094
2022-09-27T02:00:00.000000000,184.67,166.88321
2022-09-27T03:00:00.000000000,187.16,166.99496
2022-09-27T04:00:00.000000000,171.46,167.09817
2022-09-27T05:00:00.000000000,171.69,167.09736
2022-09-27T06:00:00.000000000,189.59,167.74756
2022-09-27T07:00:00.000000000,192.96,169.45119
2022-09-27T08:00:00.000000000,190.17,169.77491
2022-09-27T09:00:00.000000000,180.93,169.5573
2022-09-27T10:00:00.000000000,179.6,168.9275
2022-09-27T11:00:00.000000000,167.27,167.46074
2022-09-27T12:00:00.000000000,159.12,164.83276
2022-09-27T13:00:00.000000000,170.78,162.24524
2022-09-27T14:00:00.000000000,160.2,158.769
2022-09-27T15:00:00.000000000,140.76,156.24079
2022-09-27T16:00:00.000000000,143.22,153.95265
2022-09-27T17:00:00.000000000,137.19,151.91425
2022-09-27T18:00:00.000000000,141.45,148.92122
2022-09-27T19:00:00.000000000,129.17,146.9316
2022-09-27T20:00:00.000000000,119.56,145.60619
2022-09-27T21:00:00.000000000,120.96,145.22066
2022-09-27T22:00:00.000000000,118.65,145.12585
2022-09-27T23:00:00.000000000,117.82,145.46949
2022-09-28T00:00:00.000000000,147.64,148.93919
2022-09-28T01:00:00.000000000,155.62,149.59732
2022-09-28T02:00:00.000000000,161.69,150.12324
2022-09-28T03:00:00.000000000,170.32,150.67869
2022-09-28T04:00:00.000000000,132.96,151.13623
2022-09-28T05:00:00.000000000,133.52,151.56141
2022-09-28T06:00:00.000000000,154.36,152.29203
2022-09-28T07:00:00.000000000,177.64,153.90761
2022-09-28T08:00:00.000000000,179.5,154.25395
2022-09-28T09:00:00.000000000,179.34,154.09313
2022-09-28T10:00:00.000000000,172.29,153.59747
2022-09-28T11:00:00.000000000,166.35,152.27016
2022-09-28T12:00:00.000000000,162.58,150.1105
2022-09-28T13:00:00.000000000,159.01,147.89081
2022-09-28T14:00:00.000000000,158.87,144.96943
2022-09-28T15:00:00.000000000,150.91,142.8113
2022-09-28T16:00:00.000000000,156.94,140.92347
2022-09-28T17:00:00.000000000,160.25,139.11885
2022-09-28T18:00:00.000000000,157.28,136.39855
2022-09-28T19:00:00.000000000,158.7,134.49317
2022-09-28T20:00:00.000000000,146.43,133.19735
2022-09-28T21:00:00.000000000,139.94,132.91448
2022-09-28T22:00:00.000000000,169.46,133.06985
2022-09-28T23:00:00.000000000,166.62,133.74893
2022-09-29T00:00:00.000000000,172.6,138.69732
2022-09-29T01:00:00.000000000,193.37,138.61246
2022-09-29T02:00:00.000000000,185.86,138.40999
2022-09-29T03:00:00.000000000,173.17,138.37521
2022-09-29T04:00:00.000000000,139.98,138.42231
2022-09-29T05:00:00.000000000,157.62,138.74869
2022-09-29T06:00:00.000000000,162.6,139.50296
2022-09-29T07:00:00.000000000,160.66,141.21507
2022-09-29T08:00:00.000000000,160.96,141.94915
2022-09-29T09:00:00.000000000,159.71,142.27358
2022-09-29T10:00:00.000000000,152.76,142.43993
2022-09-29T11:00:00.000000000,140.03,141.81473
2022-09-29T12:00:00.000000000,139.56,140.4189
2022-09-29T13:00:00.000000000,152.76,138.88946
2022-09-29T14:00:00.000000000,197.08,136.61307
2022-09-29T15:00:00.000000000,195.89,134.86612
2022-09-29T16:00:00.000000000,191.22,133.23257
2022-09-29T17:00:00.000000000,192.38,131.491
2022-09-29T18:00:00.000000000,162.74,128.79275
2022-09-29T19:00:00.000000000,161.92,126.9137
2022-09-29T20:00:00.000000000,165.21,125.61177
2022-09-29T21:00:00.000000000,162.66,125.21774
2022-09-29T22:00:00.000000000,162.05,125.19994
2022-09-29T23:00:00.000000000,151.56,125.49641
2022-09-27T00:00:00.000000000,167.32,160.68728
2022-09-27T01:00:00.000000000,172.62,161.13457
2022-09-27T02:00:00.000000000,184.67,161.94452
2022-09-27T03:00:00.000000000,187.16,162.95884
2022-09-27T04:00:00.000000000,171.46,164.3323
2022-09-27T05:00:00.000000000,171.69,165.89528
2022-09-27T06:00:00.000000000,189.59,168.1119
2022-09-27T07:00:00.000000000,192.96,171.15098
2022-09-27T08:00:00.000000000,190.17,172.5704
2022-09-27T09:00:00.000000000,180.93,173.22455
2022-09-27T10:00:00.000000000,179.6,173.24108
2022-09-27T11:00:00.000000000,167.27,172.1537
2022-09-27T12:00:00.000000000,159.12,169.73645
2022-09-27T13:00:00.000000000,170.78,167.07555
2022-09-27T14:00:00.000000000,160.2,163.26105
2022-09-27T15:00:00.000000000,140.76,160.03531
2022-09-27T16:00:00.000000000,143.22,157.04361
2022-09-27T17:00:00.000000000,137.19,154.31191
2022-09-27T18:00:00.000000000,141.45,150.71444
2022-09-27T19:00:00.000000000,129.17,148.2141
2022-09-27T20:00:00.000000000,119.56,146.60484
2022-09-27T21:00:00.000000000,120.96,145.96956
2022-09-27T22:00:00.000000000,118.65,145.60807
2022-09-27T23:00:00.000000000,117.82,145.70572
2022-09-28T00:00:00.000000000,147.64,149.40617
2022-09-28T01:00:00.000000000,155.62,149.9284
2022-09-28T02:00:00.000000000,161.69,150.27918
2022-09-28T03:00:00.000000000,170.32,150.63946
2022-09-28T04:00:00.000000000,132.96,150.83796
2022-09-28T05:00:00.000000000,133.52,150.95334
2022-09-28T06:00:00.000000000,154.36,151.35146
2022-09-28T07:00:00.000000000,177.64,152.66094
2022-09-28T08:00:00.000000000,179.5,152.77373
2022-09-28T09:00:00.000000000,179.34,152.40425
2022-09-28T10:00:00.000000000,172.29,151.74859
2022-09-28T11:00:00.000000000,166.35,150.33331
2022-09-28T12:00:00.000000000,162.58,148.13317
2022-09-28T13:00:00.000000000,159.01,145.91282
2022-09-28T14:00:00.000000000,158.87,143.02482
2022-09-28T15:00:00.000000000,150.91,140.95687
2022-09-28T16:00:00.000000000,156.94,139.19005
2022-09-28T17:00:00.000000000,160.25,137.50084
2022-09-28T18:00:00.000000000,157.28,134.90281
2022-09-28T19:00:00.000000000,158.7,133.09614
2022-09-28T20:00:00.000000000,146.43,131.87225
2022-09-28T21:00:00.000000000,139.94,131.64365
2022-09-28T22:00:00.000000000,169.46,131.84296
2022-09-28T23:00:00.000000000,166.62,132.55212
2022-09-29T00:00:00.000000000,172.6,139.00786
2022-09-29T01:00:00.000000000,193.37,138.87594
2022-09-29T02:00:00.000000000,185.86,138.60589
2022-09-29T03:00:00.000000000,173.17,138.47825
2022-09-29T04:00:00.000000000,139.98,138.38679
2022-09-29T05:00:00.000000000,157.62,138.52618
2022-09-29T06:00:00.000000000,162.6,139.06602
2022-09-29T07:00:00.000000000,160.66,140.56604
2022-09-29T08:00:00.000000000,160.96,141.13046
2022-09-29T09:00:00.000000000,159.71,141.29287
2022-09-29T10:00:00.000000000,152.76,141.31823
2022-09-29T11:00:00.000000000,140.03,140.59803
2022-09-29T12:00:00.000000000,139.56,139.13555
2022-09-29T13:00:00.000000000,152.76,137.5735
2022-09-29T14:00:00.000000000,197.08,135.29095
2022-09-29T15:00:00.000000000,195.89,133.58485
2022-09-29T16:00:00.000000000,191.22,132.0167
2022-09-29T17:00:00.000000000,192.38,130.34429
2022-09-29T18:00:00.000000000,162.74,127.7214
2022-09-29T19:00:00.000000000,161.92,125.9077
2022-09-29T20:00:00.000000000,165.21,124.65603
2022-09-29T21:00:00.000000000,162.66,124.30111
2022-09-29T22:00:00.000000000,162.05,124.31834
2022-09-29T23:00:00.000000000,151.56,124.64455
2022-09-30T00:00:00.000000000,155.45,129.52136
2022-09-30T01:00:00.000000000,147.27,130.33885
2022-09-30T02:00:00.000000000,153.4,131.65676
2022-09-30T03:00:00.000000000,149.48,133.48271
2022-09-30T04:00:00.000000000,137.42,135.9781
2022-09-30T05:00:00.000000000,137.74,139.29323
2022-09-30T06:00:00.000000000,147.66,143.6122
2022-09-30T07:00:00.000000000,148.23,148.79588
2022-09-30T08:00:00.000000000,139.27,152.51194
2022-09-30T09:00:00.000000000,134.4,155.87916
2022-09-30T10:00:00.000000000,136.75,159.08494
2022-09-30T11:00:00.000000000,142.52,161.10595
2022-09-30T12:00:00.000000000,146.86,161.90091
2022-09-30T13:00:00.000000000,107.31,162.11672
2022-09-30T14:00:00.000000000,41.9,160.97081
2022-09-30T15:00:00.000000000,41.45,159.27315
2022-09-30T16:00:00.000000000,45.36,157.08616
2022-09-30T17:00:00.000000000,43.95,154.61795
2022-09-30T18:00:00.000000000,43.86,150.85508
2022-09-30T19:00:00.000000000,40.94,147.79171
2022-09-30T20:00:00.000000000,42.34,145.41241
2022-09-30T21:00:00.000000000,41.71,143.73754
2022-09-30T22:00:00.000000000,43.72,142.42678
2022-09-30T23:00:00.000000000,42.25,141.45969
2022-09-28T00:00:00.000000000,147.64,129.85769
2022-09-28T01:00:00.000000000,155.62,131.27354
2022-09-28T02:00:00.000000000,161.69,132.64804
2022-09-28T03:00:00.000000000,170.32,133.88736
2022-09-28T04:00:00.000000000,132.96,135.20349
2022-09-28T05:00:00.000000000,133.52,136.63336
2022-09-28T06:00:00.000000000,154.36,138.0283
2022-09-28T07:00:00.000000000,177.64,139.93487
2022-09-28T08:00:00.000000000,179.5,140.66195
2022-09-28T09:00:00.000000000,179.34,140.77425
2022-09-28T10:00:00.000000000,172.29,140.45441
2022-09-28T11:00:00.000000000,166.35,139.17885
2022-09-28T12:00:00.000000000,162.58,137.21083
2022-09-28T13:00:00.000000000,159.01,135.04283
2022-09-28T14:00:00.000000000,158.87,132.26913
2022-09-28T15:00:00.000000000,150.91,130.05345
2022-09-28T16:00:00.000000000,156.94,128.14857
2022-09-28T17:00:00.000000000,160.25,126.27981
2022-09-28T18:00:00.000000000,157.28,123.58247
2022-09-28T19:00:00.000000000,158.7,121.67704
2022-09-28T20:00:00.000000000,146.43,120.47432
2022-09-28T21:00:00.000000000,139.94,120.22444
2022-09-28T22:00:00.000000000,169.46,120.55271
2022-09-28T23:00:00.000000000,166.62,121.39846
2022-09-29T00:00:00.000000000,172.6,130.53214
2022-09-29T01:00:00.000000000,193.37,130.62749
2022-09-29T02:00:00.000000000,185.86,130.60113
2022-09-29T03:00:00.000000000,173.17,130.6571
2022-09-29T04:00:00.000000000,139.98,130.87561
2022-09-29T05:00:00.000000000,157.62,131.44672
2022-09-29T06:00:00.000000000,162.6,132.35999
2022-09-29T07:00:00.000000000,160.66,134.12182
2022-09-29T08:00:00.000000000,160.96,135.02076
2022-09-29T09:00:00.000000000,159.71,135.50616
2022-09-29T10:00:00.000000000,152.76,135.7885
2022-09-29T11:00:00.000000000,140.03,135.22272
2022-09-29T12:00:00.000000000,139.56,133.93338
2022-09-29T13:00:00.000000000,152.76,132.47745
2022-09-29T14:00:00.000000000,197.08,130.34084
2022-09-29T15:00:00.000000000,195.89,128.64076
2022-09-29T16:00:00.000000000,191.22,127.07194
2022-09-29T17:00:00.000000000,192.38,125.36335
2022-09-29T18:00:00.000000000,162.74,122.70671
2022-09-29T19:00:00.000000000,161.92,120.81803
2022-09-29T20:00:00.000000000,165.21,119.49159
2022-09-29T21:00:00.000000000,162.66,119.01924
2022-09-29T22:00:00.000000000,162.05,118.96777
2022-09-29T23:00:00.000000000,151.56,119.23578
2022-09-30T00:00:00.000000000,155.45,126.25861
2022-09-30T01:00:00.000000000,147.27,127.62178
2022-09-30T02:00:00.000000000,153.4,129.51934
2022-09-30T03:00:00.000000000,149.48,131.91271
2022-09-30T04:00:00.000000000,137.42,134.82471
2022-09-30T05:00:00.000000000,137.74,138.40932
2022-09-30T06:00:00.000000000,147.66,142.84168
2022-09-30T07:00:00.000000000,148.23,148.01026
2022-09-30T08:00:00.000000000,139.27,151.5899
2022-09-30T09:00:00.000000000,134.4,154.85495
2022-09-30T10:00:00.000000000,136.75,158.07104
2022-09-30T11:00:00.000000000,142.52,160.18262
2022-09-30T12:00:00.000000000,146.86,161.24245
2022-09-30T13:00:00.000000000,107.31,161.76656
2022-09-30T14:00:00.000000000,41.9,160.92165
2022-09-30T15:00:00.000000000,41.45,159.50753
2022-09-30T16:00:00.000000000,45.36,157.6139
2022-09-30T17:00:00.000000000,43.95,155.40517
2022-09-30T18:00:00.000000000,43.86,151.91846
2022-09-30T19:00:00.000000000,40.94,149.0353
2022-09-30T20:00:00.000000000,42.34,146.81868
2022-09-30T21:00:00.000000000,41.71,145.23875
2022-09-30T22:00:00.000000000,43.72,144.01103
2022-09-30T23:00:00.000000000,42.25,143.15201
2022-10-01T00:00:00.000000000,40.14,148.67783
2022-10-01T01:00:00.000000000,40.2,150.04456
2022-10-01T02:00:00.000000000,37.82,151.72859
2022-10-01T03:00:00.000000000,39.83,153.44605
2022-10-01T04:00:00.000000000,47.32,155.25572
2022-10-01T05:00:00.000000000,50.23,157.09824
2022-10-01T06:00:00.000000000,57.28,159.46719
2022-10-01T07:00:00.000000000,32.93,162.56397
2022-10-01T08:00:00.000000000,65.28,164.01577
2022-10-01T09:00:00.000000000,65.5,164.98933
2022-10-01T10:00:00.000000000,71.32,165.73157
2022-10-01T11:00:00.000000000,67.65,165.54849
2022-10-01T12:00:00.000000000,67.49,164.34519
2022-10-01T13:00:00.000000000,67.34,162.96524
2022-10-01T14:00:00.000000000,77.83,160.51114
2022-10-01T15:00:00.000000000,133.69,158.41133
2022-10-01T16:00:00.000000000,123.55,156.24469
2022-10-01T17:00:00.000000000,114.84,154.18191
2022-10-01T18:00:00.000000000,112.22,151.09276
2022-10-01T19:00:00.000000000,110.28,148.93667
2022-10-01T20:00:00.000000000,110.07,147.61182
2022-10-01T21:00:00.000000000,112.07,147.07443
2022-10-01T22:00:00.000000000,114.0,146.88855
2022-10-01T23:00:00.000000000,113.08,147.05931
2022-09-29T00:00:00.000000000,172.6,161.87873
2022-09-29T01:00:00.000000000,193.37,160.24838
2022-09-29T02:00:00.000000000,185.86,158.39366
2022-09-29T03:00:00.000000000,173.17,156.92513
2022-09-29T04:00:00.000000000,139.98,155.09213
2022-09-29T05:00:00.000000000,157.62,153.17107
2022-09-29T06:00:00.000000000,162.6,151.92311
2022-09-29T07:00:00.000000000,160.66,152.08786
2022-09-29T08:00:00.000000000,160.96,151.44064
2022-09-29T09:00:00.000000000,159.71,150.52157
2022-09-29T10:00:00.000000000,152.76,149.78356
2022-09-29T11:00:00.000000000,140.03,148.76891
2022-09-29T12:00:00.000000000,139.56,147.00402
2022-09-29T13:00:00.000000000,152.76,145.4101
2022-09-29T14:00:00.000000000,197.08,143.02196
2022-09-29T15:00:00.000000000,195.89,141.71819
2022-09-29T16:00:00.000000000,191.22,140.60223
2022-09-29T17:00:00.000000000,192.38,139.30747
2022-09-29T18:00:00.000000000,162.74,136.96243
2022-09-29T19:00:00.000000000,161.92,135.34093
2022-09-29T20:00:00.000000000,165.21,134.05803
2022-09-29T21:00:00.000000000,162.66,133.68198
2022-09-29T22:00:00.000000000,162.05,133.47366
2022-09-29T23:00:00.000000000,151.56,133.58314
2022-09-30T00:00:00.000000000,155.45,135.9908
2022-09-30T01:00:00.000000000,147.27,136.0899
2022-09-30T02:00:00.000000000,153.4,136.39048
2022-09-30T03:00:00.000000000,149.48,137.08068
2022-09-30T04:00:00.000000000,137.42,138.12825
2022-09-30T05:00:00.000000000,137.74,139.78535
2022-09-30T06:00:00.000000000,147.66,142.37357
2022-09-30T07:00:00.000000000,148.23,146.02714
2022-09-30T08:00:00.000000000,139.27,148.46607
2022-09-30T09:00:00.000000000,134.4,150.67732
2022-09-30T10:00:00.000000000,136.75,152.86545
2022-09-30T11:00:00.000000000,142.52,154.07319
2022-09-30T12:00:00.000000000,146.86,154.24891
2022-09-30T13:00:00.000000000,107.31,154.12454
2022-09-30T14:00:00.000000000,41.9,152.93713
2022-09-30T15:00:00.000000000,41.45,151.72033
2022-09-30T16:00:00.000000000,45.36,150.21416
2022-09-30T17:00:00.000000000,43.95,148.49023
2022-09-30T18:00:00.000000000,43.86,145.49491
2022-09-30T19:00:00.000000000,40.94,143.18266
2022-09-30T20:00:00.000000000,42.34,141.39249
2022-09-30T21:00:00.000000000,41.71,140.25398
2022-09-30T22:00:00.000000000,43.72,139.4224
2022-09-30T23:00:00.000000000,42.25,138.83234
2022-10-01T00:00:00.000000000,40.14,143.63873
2022-10-01T01:00:00.000000000,40.2,144.49551
2022-10-01T02:00:00.000000000,37.82,145.59958
2022-10-01T03:00:00.000000000,39.83,146.86736
2022-10-01T04:00:00.000000000,47.32,148.14129
2022-10-01T05:00:00.000000000,50.23,149.53622
2022-10-01T06:00:00.000000000,57.28,151.56116
2022-10-01T07:00:00.000000000,32.93,154.44682
2022-10-01T08:00:00.000000000,65.28,155.86251
2022-10-01T09:00:00.000000000,65.5,157.00067
2022-10-01T10:00:00.000000000,71.32,158.18576
2022-10-01T11:00:00.000000000,67.65,158.60327
2022-10-01T12:00:00.000000000,67.49,158.19902
2022-10-01T13:00:00.000000000,67.34,157.6809
2022-10-01T14:00:00.000000000,77.83,156.10673
2022-10-01T15:00:00.000000000,133.69,154.8094
2022-10-01T16:00:00.000000000,123.55,153.37514
2022-10-01T17:00:00.000000000,114.84,151.89187
2022-10-01T18:00:00.000000000,112.22,149.30326
2022-10-01T19:00:00.000000000,110.28,147.49701
2022-10-01T20:00:00.000000000,110.07,146.36612
2022-10-01T21:00:00.000000000,112.07,145.84334
2022-10-01T22:00:00.000000000,114.0,145.56829
2022-10-01T23:00:00.000000000,113.08,145.50182
2022-10-02T00:00:00.000000000,98.53,148.26686
2022-10-02T01:00:00.000000000,110.91,149.25828
2022-10-02T02:00:00.000000000,117.21,150.57385
2022-10-02T03:00:00.000000000,113.41,151.99008
2022-10-02T04:00:00.000000000,114.69,153.49493
2022-10-02T05:00:00.000000000,124.38,155.08657
2022-10-02T06:00:00.000000000,130.67,157.32611
2022-10-02T07:00:00.000000000,105.35,160.38977
2022-10-02T08:00:00.000000000,53.46,161.91053
2022-10-02T09:00:00.000000000,49.96,163.04962
2022-10-02T10:00:00.000000000,52.82,164.0913
2022-10-02T11:00:00.000000000,51.04,164.27919
2022-10-02T12:00:00.000000000,51.09,163.47054
2022-10-02T13:00:00.000000000,56.97,162.49381
2022-10-02T14:00:00.000000000,55.36,160.41278
2022-10-02T15:00:00.000000000,57.36,158.63111
2022-10-02T16:00:00.000000000,58.28,156.71842
2022-10-02T17:00:00.000000000,58.14,154.82549
2022-10-02T18:00:00.000000000,55.08,151.82849
2022-10-02T19:00:00.000000000,51.59,149.68772
2022-10-02T20:00:00.000000000,50.99,148.30548
2022-10-02T21:00:00.000000000,49.53,147.62554
2022-10-02T22:00:00.000000000,48.74,147.25165
2022-10-02T23:00:00.000000000,44.05,147.17156
2022-09-30T00:00:00.000000000,155.45,152.35363
2022-09-30T01:00:00.000000000,147.27,151.50485
2022-09-30T02:00:00.000000000,153.4,150.75002
2022-09-30T03:00:00.000000000,149.48,150.34092
2022-09-30T04:00:00.000000000,137.42,150.09937
2022-09-30T05:00:00.000000000,137.74,150.22499
2022-09-30T06:00:00.000000000,147.66,151.31916
2022-09-30T07:00:00.000000000,148.23,153.67539
2022-09-30T08:00:00.000000000,139.27,154.90974
2022-09-30T09:00:00.000000000,134.4,155.88078
2022-09-30T10:00:00.000000000,136.75,156.83626
2022-09-30T11:00:00.000000000,142.52,157.03672
2022-09-30T12:00:00.000000000,146.86,156.19662
2022-09-30T13:00:00.000000000,107.31,155.30338
2022-09-30T14:00:00.000000000,41.9,153.4469
2022-09-30T15:00:00.000000000,41.45,152.09739
2022-09-30T16:00:00.000000000,45.36,150.62404
2022-09-30T17:00:00.000000000,43.95,149.05063
2022-09-30T18:00:00.000000000,43.86,146.28976
2022-09-30T19:00:00.000000000,40.94,144.36747
2022-09-30T20:00:00.000000000,42.34,142.9579
2022-09-30T21:00:00.000000000,41.71,142.25396
2022-09-30T22:00:00.000000000,43.72,141.75538
2022-09-30T23:00:00.000000000,42.25,141.42314
2022-10-01T00:00:00.000000000,40.14,146.16764
2022-10-01T01:00:00.000000000,40.2,146.90133
2022-10-01T02:00:00.000000000,37.82,147.71188
2022-10-01T03:00:00.000000000,39.83,148.60154
2022-10-01T04:00:00.000000000,47.32,149.34971
2022-10-01T05:00:00.000000000,50.23,150.09237
2022-10-01T06:00:00.000000000,57.28,151.35074
2022-10-01T07:00:00.000000000,32.93,153.5072
2022-10-01T08:00:00.000000000,65.28,154.25172
2022-10-01T09:00:00.000000000,65.5,154.71134
2022-10-01T10:00:00.000000000,71.32,155.2018
2022-10-01T11:00:00.000000000,67.65,155.02483
2022-10-01T12:00:00.000000000,67.49,154.12904
2022-10-01T13:00:00.000000000,67.34,153.24618
2022-10-01T14:00:00.000000000,77.83,151.42874
2022-10-01T15:00:00.000000000,133.69,150.11954
2022-10-01T16:00:00.000000000,123.55,148.78812
2022-10-01T17:00:00.000000000,114.84,147.4887
2022-10-01T18:00:00.000000000,112.22,145.19963
2022-10-01T19:00:00.000000000,110.28,143.78624
2022-10-01T20:00:00.000000000,110.07,143.0523
2022-10-01T21:00:00.000000000,112.07,142.97149
2022-10-01T22:00:00.000000000,114.0,143.11954
2022-10-01T23:00:00.000000000,113.08,143.43204
2022-10-02T00:00:00.000000000,98.53,146.73126
2022-10-02T01:00:00.000000000,110.91,148.06322
2022-10-02T02:00:00.000000000,117.21,149.66311
2022-10-02T03:00:00.000000000,113.41,151.30616
2022-10-02T04:00:00.000000000,114.69,153.0384
2022-10-02T05:00:00.000000000,124.38,154.83554
2022-10-02T06:00:00.000000000,130.67,157.1645
2022-10-02T07:00:00.000000000,105.35,160.24387
2022-10-02T08:00:00.000000000,53.46,161.72462
2022-10-02T09:00:00.000000000,49.96,162.75559
2022-10-02T10:00:00.000000000,52.82,163.57185
2022-10-02T11:00:00.000000000,51.04,163.46715
2022-10-02T12:00:00.000000000,51.09,162.36038
2022-10-02T13:00:00.000000000,56.97,161.06903
2022-10-02T14:00:00.000000000,55.36,158.72356
2022-10-02T15:00:00.000000000,57.36,156.7048
2022-10-02T16:00:00.000000000,58.28,154.60289
2022-10-02T17:00:00.000000000,58.14,152.57482
2022-10-02T18:00:00.000000000,55.08,149.50605
2022-10-02T19:00:00.000000000,51.59,147.35291
2022-10-02T20:00:00.000000000,50.99,146.00126
2022-10-02T21:00:00.000000000,49.53,145.44391
2022-10-02T22:00:00.000000000,48.74,145.25528
2022-10-02T23:00:00.000000000,44.05,145.42137
2022-10-03T00:00:00.000000000,46.16,148.26012
2022-10-03T01:00:00.000000000,98.8,149.81759
2022-10-03T02:00:00.000000000,103.0,151.87523
2022-10-03T03:00:00.000000000,102.66,154.02663
2022-10-03T04:00:00.000000000,110.54,156.35768
2022-10-03T05:00:00.000000000,132.93,158.74335
2022-10-03T06:00:00.000000000,96.37,161.71351
2022-10-03T07:00:00.000000000,54.31,165.35257
2022-10-03T08:00:00.000000000,55.58,167.25479
2022-10-03T09:00:00.000000000,61.03,168.65536
2022-10-03T10:00:00.000000000,61.82,169.84441
2022-10-03T11:00:00.000000000,61.28,170.06575
2022-10-03T12:00:00.000000000,72.47,169.17734
2022-10-03T13:00:00.000000000,134.85,168.03364
2022-10-03T14:00:00.000000000,141.59,165.67798
2022-10-03T15:00:00.000000000,137.95,163.52158
2022-10-03T16:00:00.000000000,131.16,161.22046
2022-10-03T17:00:00.000000000,130.33,158.98408
2022-10-03T18:00:00.000000000,133.94,155.64474
2022-10-03T19:00:00.000000000,145.84,153.17425
2022-10-03T20:00:00.000000000,163.37,151.56214
2022-10-03T21:00:00.000000000,157.77,150.68699
2022-10-03T22:00:00.000000000,151.27,150.16678
2022-10-03T23:00:00.000000000,143.48,150.0363
2022-10-01T00:00:00.000000000,40.14,73.62173
2022-10-01T01:00:00.000000000,40.2,75.85501
2022-10-01T02:00:00.000000000,37.82,78.68031
2022-10-01T03:00:00.000000000,39.83,82.12028
2022-10-01T04:00:00.000000000,47.32,85.71172
2022-10-01T05:00:00.000000000,50.23,90.03921
2022-10-01T06:00:00.000000000,57.28,93.49528
2022-10-01T07:00:00.000000000,32.93,96.98331
2022-10-01T08:00:00.000000000,65.28,99.12941
2022-10-01T09:00:00.000000000,65.5,100.78104
2022-10-01T10:00:00.000000000,71.32,102.37523
2022-10-01T11:00:00.000000000,67.65,102.74579
2022-10-01T12:00:00.000000000,67.49,103.30842
2022-10-01T13:00:00.000000000,67.34,103.39522
2022-10-01T14:00:00.000000000,77.83,102.85891
2022-10-01T15:00:00.000000000,133.69,102.17862
2022-10-01T16:00:00.000000000,123.55,102.04269
2022-10-01T17:00:00.000000000,114.84,102.00015
2022-10-01T18:00:00.000000000,112.22,101.22439
2022-10-01T19:00:00.000000000,110.28,100.54239
2022-10-01T20:00:00.000000000,110.07,100.21717
2022-10-01T21:00:00.000000000,112.07,100.09842
2022-10-01T22:00:00.000000000,114.0,100.34165
2022-10-01T23:00:00.000000000,113.08,101.16678
2022-10-02T00:00:00.000000000,98.53,114.66691
2022-10-02T01:00:00.000000000,110.91,117.33695
2022-10-02T02:00:00.000000000,117.21,120.36675
2022-10-02T03:00:00.000000000,113.41,123.72004
2022-10-02T04:00:00.000000000,114.69,127.47624
2022-10-02T05:00:00.000000000,124.38,131.70184
2022-10-02T06:00:00.000000000,130.67,136.21437
2022-10-02T07:00:00.000000000,105.35,141.06994
2022-10-02T08:00:00.000000000,53.46,144.15279
2022-10-02T09:00:00.000000000,49.96,146.7161
2022-10-02T10:00:00.000000000,52.82,149.02243
2022-10-02T11:00:00.000000000,51.04,150.16254
2022-10-02T12:00:00.000000000,51.09,150.41796
2022-10-02T13:00:00.000000000,56.97,150.18326
2022-10-02T14:00:00.000000000,55.36,148.72889
2022-10-02T15:00:00.000000000,57.36,146.89574
2022-10-02T16:00:00.000000000,58.28,144.85124
2022-10-02T17:00:00.000000000,58.14,142.57837
2022-10-02T18:00:00.000000000,55.08,139.26843
2022-10-02T19:00:00.000000000,51.59,136.62767
2022-10-02T20:00:00.000000000,50.99,134.74084
2022-10-02T21:00:00.000000000,49.53,133.60126
2022-10-02T22:00:00.000000000,48.74,133.0193
2022-10-02T23:00:00.000000000,44.05,132.97312
2022-10-03T00:00:00.000000000,46.16,138.04192
2022-10-03T01:00:00.000000000,98.8,140.47611
2022-10-03T02:00:00.000000000,103.0,143.45612
2022-10-03T03:00:00.000000000,102.66,146.56921
2022-10-03T04:00:00.000000000,110.54,149.85738
2022-10-03T05:00:00.000000000,132.93,153.21747
2022-10-03T06:00:00.000000000,96.37,156.99692
2022-10-03T07:00:00.000000000,54.31,161.25555
2022-10-03T08:00:00.000000000,55.58,163.62022
2022-10-03T09:00:00.000000000,61.03,165.47714
2022-10-03T10:00:00.000000000,61.82,167.13215
2022-10-03T11:00:00.000000000,61.28,167.77009
2022-10-03T12:00:00.000000000,72.47,167.39813
2022-10-03T13:00:00.000000000,134.85,166.6694
2022-10-03T14:00:00.000000000,141.59,164.68718
2022-10-03T15:00:00.000000000,137.95,162.64626
2022-10-03T16:00:00.000000000,131.16,160.3808
2022-10-03T17:00:00.000000000,130.33,158.10158
2022-10-03T18:00:00.000000000,133.94,154.71038
2022-10-03T19:00:00.000000000,145.84,152.09686
2022-10-03T20:00:00.000000000,163.37,150.35093
2022-10-03T21:00:00.000000000,157.77,149.35887
2022-10-03T22:00:00.000000000,151.27,148.80599
2022-10-03T23:00:00.000000000,143.48,148.74026
2022-10-04T00:00:00.000000000,129.76,151.82043
2022-10-04T01:00:00.000000000,127.38,153.58186
2022-10-04T02:00:00.000000000,148.4,155.83717
2022-10-04T03:00:00.000000000,151.73,158.09124
2022-10-04T04:00:00.000000000,153.87,160.47782
2022-10-04T05:00:00.000000000,133.98,162.79943
2022-10-04T06:00:00.000000000,147.06,165.62528
2022-10-04T07:00:00.000000000,146.95,169.07107
2022-10-04T08:00:00.000000000,173.03,170.71961
2022-10-04T09:00:00.000000000,170.46,171.79965
2022-10-04T10:00:00.000000000,176.66,172.58288
2022-10-04T11:00:00.000000000,176.57,172.38567
2022-10-04T12:00:00.000000000,164.4,171.04961
2022-10-04T13:00:00.000000000,128.6,169.49269
2022-10-04T14:00:00.000000000,163.0,166.76186
2022-10-04T15:00:00.000000000,161.21,164.36116
2022-10-04T16:00:00.000000000,154.96,161.89841
2022-10-04T17:00:00.000000000,164.35,159.5955
2022-10-04T18:00:00.000000000,172.88,156.23773
2022-10-04T19:00:00.000000000,161.25,153.79585
2022-10-04T20:00:00.000000000,164.66,152.25236
2022-10-04T21:00:00.000000000,155.95,151.4906
2022-10-04T22:00:00.000000000,143.63,151.11074
2022-10-04T23:00:00.000000000,126.59,151.17192
2022-10-02T00:00:00.000000000,98.53,134.47209
2022-10-02T01:00:00.000000000,110.91,136.33328
2022-10-02T02:00:00.000000000,117.21,137.51888
2022-10-02T03:00:00.000000000,113.41,138.22694
2022-10-02T04:00:00.000000000,114.69,137.85576
2022-10-02T05:00:00.000000000,124.38,136.7752
2022-10-02T06:00:00.000000000,130.67,135.43476
2022-10-02T07:00:00.000000000,105.35,134.81145
2022-10-02T08:00:00.000000000,53.46,133.00029
2022-10-02T09:00:00.000000000,49.96,131.15006
2022-10-02T10:00:00.000000000,52.82,129.7814
2022-10-02T11:00:00.000000000,51.04,128.15204
2022-10-02T12:00:00.000000000,51.09,127.08583
2022-10-02T13:00:00.000000000,56.97,126.63928
2022-10-02T14:00:00.000000000,55.36,126.00403
2022-10-02T15:00:00.000000000,57.36,126.80063
2022-10-02T16:00:00.000000000,58.28,128.58618
2022-10-02T17:00:00.000000000,58.14,130.77999
2022-10-02T18:00:00.000000000,55.08,132.36345
2022-10-02T19:00:00.000000000,51.59,134.58944
2022-10-02T20:00:00.000000000,50.99,137.18742
2022-10-02T21:00:00.000000000,49.53,139.85199
2022-10-02T22:00:00.000000000,48.74,142.41755
2022-10-02T23:00:00.000000000,44.05,144.71525
2022-10-03T00:00:00.000000000,46.16,147.13919
2022-10-03T01:00:00.000000000,98.8,149.09051
2022-10-03T02:00:00.000000000,103.0,151.41865
2022-10-03T03:00:00.000000000,102.66,153.72299
2022-10-03T04:00:00.000000000,110.54,155.96911
2022-10-03T05:00:00.000000000,132.93,158.06063
2022-10-03T06:00:00.000000000,96.37,160.53182
2022-10-03T07:00:00.000000000,54.31,163.59872
2022-10-03T08:00:00.000000000,55.58,164.89244
2022-10-03T09:00:00.000000000,61.03,165.72644
2022-10-03T10:00:00.000000000,61.82,166.41805
2022-10-03T11:00:00.000000000,61.28,166.26585
2022-10-03T12:00:00.000000000,72.47,165.21577
2022-10-03T13:00:00.000000000,134.85,164.03149
2022-10-03T14:00:00.000000000,141.59,161.77094
2022-10-03T15:00:00.000000000,137.95,159.86861
2022-10-03T16:00:00.000000000,131.16,157.90049
2022-10-03T17:00:00.000000000,130.33,156.03622
2022-10-03T18:00:00.000000000,133.94,153.13219
2022-10-03T19:00:00.000000000,145.84,151.07025
2022-10-03T20:00:00.000000000,163.37,149.83741
2022-10-03T21:00:00.000000000,157.77,149.32673
2022-10-03T22:00:00.000000000,151.27,149.18502
2022-10-03T23:00:00.000000000,143.48,149.4409
2022-10-04T00:00:00.000000000,129.76,151.85541
2022-10-04T01:00:00.000000000,127.38,153.81982
2022-10-04T02:00:00.000000000,148.4,156.28295
2022-10-04T03:00:00.000000000,151.73,158.71262
2022-10-04T04:00:00.000000000,153.87,161.23775
2022-10-04T05:00:00.000000000,133.98,163.63958
2022-10-04T06:00:00.000000000,147.06,166.48055
2022-10-04T07:00:00.000000000,146.95,169.89268
2022-10-04T08:00:00.000000000,173.03,171.45781
2022-10-04T09:00:00.000000000,170.46,172.43258
2022-10-04T10:00:00.000000000,176.66,173.09289
2022-10-04T11:00:00.000000000,176.57,172.77554
2022-10-04T12:00:00.000000000,164.4,171.34227
2022-10-04T13:00:00.000000000,128.6,169.70151
2022-10-04T14:00:00.000000000,163.0,166.90409
2022-10-04T15:00:00.000000000,161.21,164.46636
2022-10-04T16:00:00.000000000,154.96,161.98951
2022-10-04T17:00:00.000000000,164.35,159.6992
2022-10-04T18:00:00.000000000,172.88,156.37347
2022-10-04T19:00:00.000000000,161.25,153.96419
2022-10-04T20:00:00.000000000,164.66,152.46714
2022-10-04T21:00:00.000000000,155.95,151.76134
2022-10-04T22:00:00.000000000,143.63,151.45197
2022-10-04T23:00:00.000000000,126.59,151.60959
2022-10-05T00:00:00.000000000,120.8,153.48238
2022-10-05T01:00:00.000000000,127.49,154.96078
2022-10-05T02:00:00.000000000,144.26,156.86271
2022-10-05T03:00:00.000000000,146.6,158.74889
2022-10-05T04:00:00.000000000,158.2,160.63478
2022-10-05T05:00:00.000000000,170.43,162.38258
2022-10-05T06:00:00.000000000,182.87,164.63804
2022-10-05T07:00:00.000000000,193.2,167.58156
2022-10-05T08:00:00.000000000,182.26,168.80202
2022-10-05T09:00:00.000000000,184.33,169.54061
2022-10-05T10:00:00.000000000,180.52,170.1152
2022-10-05T11:00:00.000000000,187.37,169.84655
2022-10-05T12:00:00.000000000,184.17,168.57242
2022-10-05T13:00:00.000000000,171.15,167.18112
2022-10-05T14:00:00.000000000,163.07,164.67406
2022-10-05T15:00:00.000000000,152.76,162.60943
2022-10-05T16:00:00.000000000,151.56,160.5046
2022-10-05T17:00:00.000000000,139.65,158.54167
2022-10-05T18:00:00.000000000,138.69,155.53663
2022-10-05T19:00:00.000000000,141.82,153.41987
2022-10-05T20:00:00.000000000,133.49,152.15107
2022-10-05T21:00:00.000000000,138.73,151.59306
2022-10-05T22:00:00.000000000,136.95,151.34962
2022-10-05T23:00:00.000000000,128.43,151.46629
2022-10-03T00:00:00.000000000,46.16,56.70868
2022-10-03T01:00:00.000000000,98.8,57.76576
2022-10-03T02:00:00.000000000,103.0,59.08475
2022-10-03T03:00:00.000000000,102.66,60.83246
2022-10-03T04:00:00.000000000,110.54,62.53029
2022-10-03T05:00:00.000000000,132.93,64.85109
2022-10-03T06:00:00.000000000,96.37,65.98309
2022-10-03T07:00:00.000000000,54.31,67.16874
2022-10-03T08:00:00.000000000,55.58,67.95346
2022-10-03T09:00:00.000000000,61.03,68.35637
2022-10-03T10:00:00.000000000,61.82,68.9778
2022-10-03T11:00:00.000000000,61.28,68.75605
2022-10-03T12:00:00.000000000,72.47,69.26089
2022-10-03T13:00:00.000000000,134.85,69.55088
2022-10-03T14:00:00.000000000,141.59,69.84499
2022-10-03T15:00:00.000000000,137.95,70.01404
2022-10-03T16:00:00.000000000,131.16,70.97258
2022-10-03T17:00:00.000000000,130.33,72.15589
2022-10-03T18:00:00.000000000,133.94,72.62149
2022-10-03T19:00:00.000000000,145.84,72.95892
2022-10-03T20:00:00.000000000,163.37,73.27568
2022-10-03T21:00:00.000000000,157.77,73.4776
2022-10-03T22:00:00.000000000,151.27,73.90243
2022-10-03T23:00:00.000000000,143.48,74.59785
2022-10-04T00:00:00.000000000,129.76,96.50316
2022-10-04T01:00:00.000000000,127.38,97.91406
2022-10-04T02:00:00.000000000,148.4,99.58008
2022-10-04T03:00:00.000000000,151.73,101.8933
2022-10-04T04:00:00.000000000,153.87,104.8113
2022-10-04T05:00:00.000000000,133.98,108.39258
2022-10-04T06:00:00.000000000,147.06,111.75437
2022-10-04T07:00:00.000000000,146.95,115.48466
2022-10-04T08:00:00.000000000,173.03,117.6262
2022-10-04T09:00:00.000000000,170.46,118.88339
2022-10-04T10:00:00.000000000,176.66,119.34262
2022-10-04T11:00:00.000000000,176.57,118.46372
2022-10-04T12:00:00.000000000,164.4,116.9971
2022-10-04T13:00:00.000000000,128.6,115.40367
2022-10-04T14:00:00.000000000,163.0,112.82169
2022-10-04T15:00:00.000000000,161.21,110.49301
2022-10-04T16:00:00.000000000,154.96,108.68212
2022-10-04T17:00:00.000000000,164.35,107.01704
2022-10-04T18:00:00.000000000,172.88,104.59161
2022-10-04T19:00:00.000000000,161.25,102.86181
2022-10-04T20:00:00.000000000,164.66,101.79157
2022-10-04T21:00:00.000000000,155.95,101.33516
2022-10-04T22:00:00.000000000,143.63,101.47528
2022-10-04T23:00:00.000000000,126.59,102.12599
2022-10-05T00:00:00.000000000,120.8,115.12036
2022-10-05T01:00:00.000000000,127.49,117.84369
2022-10-05T02:00:00.000000000,144.26,120.86798
2022-10-05T03:00:00.000000000,146.6,124.15384
2022-10-05T04:00:00.000000000,158.2,127.73801
2022-10-05T05:00:00.000000000,170.43,131.68099
2022-10-05T06:00:00.000000000,182.87,135.77834
2022-10-05T07:00:00.000000000,193.2,140.17947
2022-10-05T08:00:00.000000000,182.26,142.8186
2022-10-05T09:00:00.000000000,184.33,144.90604
2022-10-05T10:00:00.000000000,180.52,146.73263
2022-10-05T11:00:00.000000000,187.37,147.44766
2022-10-05T12:00:00.000000000,184.17,147.36641
2022-10-05T13:00:00.000000000,171.15,146.90961
2022-10-05T14:00:00.000000000,163.07,145.32525
2022-10-05T15:00:00.000000000,152.76,143.55291
2022-10-05T16:00:00.000000000,151.56,141.6659
2022-10-05T17:00:00.000000000,139.65,139.61166
2022-10-05T18:00:00.000000000,138.69,136.58436
2022-10-05T19:00:00.000000000,141.82,134.25244
2022-10-05T20:00:00.000000000,133.49,132.66771
2022-10-05T21:00:00.000000000,138.73,131.80588
2022-10-05T22:00:00.000000000,136.95,131.48448
2022-10-05T23:00:00.000000000,128.43,131.65945
2022-10-06T00:00:00.000000000,120.04,135.95805
2022-10-06T01:00:00.000000000,127.15,137.66145
2022-10-06T02:00:00.000000000,131.93,139.66071
2022-10-06T03:00:00.000000000,134.54,141.80419
2022-10-06T04:00:00.000000000,153.09,144.06456
2022-10-06T05:00:00.000000000,165.83,146.50602
2022-10-06T06:00:00.000000000,192.86,149.43873
2022-10-06T07:00:00.000000000,215.83,153.0406
2022-10-06T08:00:00.000000000,190.88,155.0252
2022-10-06T09:00:00.000000000,188.62,156.63361
2022-10-06T10:00:00.000000000,186.88,158.14048
2022-10-06T11:00:00.000000000,187.8,158.71423
2022-10-06T12:00:00.000000000,183.03,158.39484
2022-10-06T13:00:00.000000000,161.51,157.80168
2022-10-06T14:00:00.000000000,141.99,156.10162
2022-10-06T15:00:00.000000000,134.78,154.45302
2022-10-06T16:00:00.000000000,114.13,152.61495
2022-10-06T17:00:00.000000000,121.27,150.70947
2022-10-06T18:00:00.000000000,136.42,147.70616
2022-10-06T19:00:00.000000000,153.08,145.48132
2022-10-06T20:00:00.000000000,154.69,144.00423
2022-10-06T21:00:00.000000000,140.8,143.25138
2022-10-06T22:00:00.000000000,149.12,142.89863
2022-10-06T23:00:00.000000000,135.15,142.90849
2022-10-04T00:00:00.000000000,129.76,149.31674
2022-10-04T01:00:00.000000000,127.38,148.13652
2022-10-04T02:00:00.000000000,148.4,146.50068
2022-10-04T03:00:00.000000000,151.73,145.03146
2022-10-04T04:00:00.000000000,153.87,142.56771
2022-10-04T05:00:00.000000000,133.98,139.74653
2022-10-04T06:00:00.000000000,147.06,137.29083
2022-10-04T07:00:00.000000000,146.95,136.16657
2022-10-04T08:00:00.000000000,173.03,134.22035
2022-10-04T09:00:00.000000000,170.46,132.49394
2022-10-04T10:00:00.000000000,176.66,131.55681
2022-10-04T11:00:00.000000000,176.57,130.66523
2022-10-04T12:00:00.000000000,164.4,130.12612
2022-10-04T13:00:00.000000000,128.6,130.28036
2022-10-04T14:00:00.000000000,163.0,130.03014
2022-10-04T15:00:00.000000000,161.21,131.14679
2022-10-04T16:00:00.000000000,154.96,132.91779
2022-10-04T17:00:00.000000000,164.35,134.84617
2022-10-04T18:00:00.000000000,172.88,136.0349
2022-10-04T19:00:00.000000000,161.25,137.85714
2022-10-04T20:00:00.000000000,164.66,139.88995
2022-10-04T21:00:00.000000000,155.95,141.93169
2022-10-04T22:00:00.000000000,143.63,143.50989
2022-10-04T23:00:00.000000000,126.59,144.69463
2022-10-05T00:00:00.000000000,120.8,153.16121
2022-10-05T01:00:00.000000000,127.49,153.60751
2022-10-05T02:00:00.000000000,144.26,153.66206
2022-10-05T03:00:00.000000000,146.6,153.53858
2022-10-05T04:00:00.000000000,158.2,152.4136
2022-10-05T05:00:00.000000000,170.43,150.596
2022-10-05T06:00:00.000000000,182.87,148.95134
2022-10-05T07:00:00.000000000,193.2,148.33484
2022-10-05T08:00:00.000000000,182.26,146.48544
2022-10-05T09:00:00.000000000,184.33,144.66217
2022-10-05T10:00:00.000000000,180.52,143.37025
2022-10-05T11:00:00.000000000,187.37,142.06822
2022-10-05T12:00:00.000000000,184.17,140.86608
2022-10-05T13:00:00.000000000,171.15,140.25149
2022-10-05T14:00:00.000000000,163.07,139.04828
2022-10-05T15:00:00.000000000,152.76,139.10633
2022-10-05T16:00:00.000000000,151.56,139.66333
2022-10-05T17:00:00.000000000,139.65,140.48778
2022-10-05T18:00:00.000000000,138.69,140.6115
2022-10-05T19:00:00.000000000,141.82,141.56936
2022-10-05T20:00:00.000000000,133.49,143.04685
2022-10-05T21:00:00.000000000,138.73,144.79462
2022-10-05T22:00:00.000000000,136.95,146.4253
2022-10-05T23:00:00.000000000,128.43,147.85715
2022-10-06T00:00:00.000000000,120.04,151.85116
2022-10-06T01:00:00.000000000,127.15,152.65432
2022-10-06T02:00:00.000000000,131.93,153.44523
2022-10-06T03:00:00.000000000,134.54,154.19104
2022-10-06T04:00:00.000000000,153.09,154.47658
2022-10-06T05:00:00.000000000,165.83,154.41234
2022-10-06T06:00:00.000000000,192.86,154.73243
2022-10-06T07:00:00.000000000,215.83,155.94477
2022-10-06T08:00:00.000000000,190.88,155.72292
2022-10-06T09:00:00.000000000,188.62,155.28781
2022-10-06T10:00:00.000000000,186.88,155.01971
2022-10-06T11:00:00.000000000,187.8,154.32605
2022-10-06T12:00:00.000000000,183.03,153.12098
2022-10-06T13:00:00.000000000,161.51,152.15158
2022-10-06T14:00:00.000000000,141.99,150.34402
2022-10-06T15:00:00.000000000,134.78,149.34276
2022-10-06T16:00:00.000000000,114.13,148.44598
2022-10-06T17:00:00.000000000,121.27,147.66365
2022-10-06T18:00:00.000000000,136.42,145.94754
2022-10-06T19:00:00.000000000,153.08,145.08472
2022-10-06T20:00:00.000000000,154.69,144.85798
2022-10-06T21:00:00.000000000,140.8,145.18807
2022-10-06T22:00:00.000000000,149.12,145.67995
2022-10-06T23:00:00.000000000,135.15,146.28514
2022-10-07T00:00:00.000000000,132.21,147.19473
2022-10-07T01:00:00.000000000,139.59,148.26152
2022-10-07T02:00:00.000000000,144.44,149.74454
2022-10-07T03:00:00.000000000,140.25,151.37693
2022-10-07T04:00:00.000000000,165.41,153.21605
2022-10-07T05:00:00.000000000,158.15,155.22583
2022-10-07T06:00:00.000000000,177.27,157.93598
2022-10-07T07:00:00.000000000,166.03,161.4434
2022-10-07T08:00:00.000000000,167.3,163.36773
2022-10-07T09:00:00.000000000,170.57,164.8722
2022-10-07T10:00:00.000000000,167.54,166.22882
2022-10-07T11:00:00.000000000,167.58,166.64557
2022-10-07T12:00:00.000000000,170.4,165.9627
2022-10-07T13:00:00.000000000,149.09,165.02833
2022-10-07T14:00:00.000000000,158.22,162.913
2022-10-07T15:00:00.000000000,155.28,160.97509
2022-10-07T16:00:00.000000000,165.49,158.85581
2022-10-07T17:00:00.000000000,165.04,156.73538
2022-10-07T18:00:00.000000000,169.03,153.47006
2022-10-07T19:00:00.000000000,158.91,151.05317
2022-10-07T20:00:00.000000000,155.15,149.41969
2022-10-07T21:00:00.000000000,152.14,148.50323
2022-10-07T22:00:00.000000000,147.72,147.91835
2022-10-07T23:00:00.000000000,139.72,147.66436
2022-10-05T00:00:00.000000000,120.8,134.10537
2022-10-05T01:00:00.000000000,127.49,135.30534
2022-10-05T02:00:00.000000000,144.26,136.64504
2022-10-05T03:00:00.000000000,146.6,138.16826
2022-10-05T04:00:00.000000000,158.2,139.66078
2022-10-05T05:00:00.000000000,170.43,141.31561
2022-10-05T06:00:00.000000000,182.87,143.46108
2022-10-05T07:00:00.000000000,193.2,146.39546
2022-10-05T08:00:00.000000000,182.26,147.89805
2022-10-05T09:00:00.000000000,184.33,149.15622
2022-10-05T10:00:00.000000000,180.52,150.49059
2022-10-05T11:00:00.000000000,187.37,151.04836
2022-10-05T12:00:00.000000000,184.17,150.91445
2022-10-05T13:00:00.000000000,171.15,150.66043
2022-10-05T14:00:00.000000000,163.07,149.4145
2022-10-05T15:00:00.000000000,152.76,148.35822
2022-10-05T16:00:00.000000000,151.56,147.17953
2022-10-05T17:00:00.000000000,139.65,145.89705
2022-10-05T18:00:00.000000000,138.69,143.52661
2022-10-05T19:00:00.000000000,141.82,141.8625
2022-10-05T20:00:00.000000000,133.49,140.80297
2022-10-05T21:00:00.000000000,138.73,140.33069
2022-10-05T22:00:00.000000000,136.95,140.1584
2022-10-05T23:00:00.000000000,128.43,140.20902
2022-10-06T00:00:00.000000000,120.04,142.36904
2022-10-06T01:00:00.000000000,127.15,143.29242
2022-10-06T02:00:00.000000000,131.93,144.44
2022-10-06T03:00:00.000000000,134.54,145.74463
2022-10-06T04:00:00.000000000,153.09,147.13562
2022-10-06T05:00:00.000000000,165.83,148.71128
2022-10-06T06:00:00.000000000,192.86,150.92397
2022-10-06T07:00:00.000000000,215.83,153.99361
2022-10-06T08:00:00.000000000,190.88,155.60763
2022-10-06T09:00:00.000000000,188.62,156.90326
2022-10-06T10:00:00.000000000,186.88,158.15246
2022-10-06T11:00:00.000000000,187.8,158.55317
2022-10-06T12:00:00.000000000,183.03,158.03686
2022-10-06T13:00:00.000000000,161.51,157.34191
2022-10-06T14:00:00.000000000,141.99,155.59
2022-10-06T15:00:00.000000000,134.78,154.06238
2022-10-06T16:00:00.000000000,114.13,152.37478
2022-10-06T17:00:00.000000000,121.27,150.63437
2022-10-06T18:00:00.000000000,136.42,147.77744
2022-10-06T19:00:00.000000000,153.08,145.7318
2022-10-06T20:00:00.000000000,154.69,144.37594
2022-10-06T21:00:00.000000000,140.8,143.71346
2022-10-06T22:00:00.000000000,149.12,143.3714
2022-10-06T23:00:00.000000000,135.15,143.29874
2022-10-07T00:00:00.000000000,132.21,144.73659
2022-10-07T01:00:00.000000000,139.59,145.80999
2022-10-07T02:00:00.000000000,144.44,147.24456
2022-10-07T03:00:00.000000000,140.25,148.84043
2022-10-07T04:00:00.000000000,165.41,150.66512
2022-10-07T05:00:00.000000000,158.15,152.71889
2022-10-07T06:00:00.000000000,177.27,155.4587
2022-10-07T07:00:00.000000000,166.03,159.00134
2022-10-07T08:00:00.000000000,167.3,160.98809
2022-10-07T09:00:00.000000000,170.57,162.55792
2022-10-07T10:00:00.000000000,167.54,163.95559
2022-10-07T11:00:00.000000000,167.58,164.38393
2022-10-07T12:00:00.000000000,170.4,163.725
2022-10-07T13:00:00.000000000,149.09,162.79463
2022-10-07T14:00:00.000000000,158.22,160.71329
2022-10-07T15:00:00.000000000,155.28,158.77946
2022-10-07T16:00:00.000000000,165.49,156.65999
2022-10-07T17:00:00.000000000,165.04,154.52485
2022-10-07T18:00:00.000000000,169.03,151.25744
2022-10-07T19:00:00.000000000,158.91,148.85035
2022-10-07T20:00:00.000000000,155.15,147.21671
2022-10-07T21:00:00.000000000,152.14,146.33277
2022-10-07T22:00:00.000000000,147.72,145.80174
2022-10-07T23:00:00.000000000,139.72,145.60622
2022-10-08T00:00:00.000000000,125.68,146.726
2022-10-08T01:00:00.000000000,120.81,147.67559
2022-10-08T02:00:00.000000000,123.71,149.05002
2022-10-08T03:00:00.000000000,122.19,150.60536
2022-10-08T04:00:00.000000000,142.73,152.39005
2022-10-08T05:00:00.000000000,162.02,154.38529
2022-10-08T06:00:00.000000000,168.89,157.1252
2022-10-08T07:00:00.000000000,157.88,160.69074
2022-10-08T08:00:00.000000000,171.85,162.70197
2022-10-08T09:00:00.000000000,175.09,164.31405
2022-10-08T10:00:00.000000000,167.36,165.80381
2022-10-08T11:00:00.000000000,165.37,166.35689
2022-10-08T12:00:00.000000000,162.26,165.80216
2022-10-08T13:00:00.000000000,157.73,164.98579
2022-10-08T14:00:00.000000000,136.41,162.97389
2022-10-08T15:00:00.000000000,135.47,161.10459
2022-10-08T16:00:00.000000000,119.28,159.02857
2022-10-08T17:00:00.000000000,115.04,156.92364
2022-10-08T18:00:00.000000000,114.93,153.64849
2022-10-08T19:00:00.000000000,112.99,151.20164
2022-10-08T20:00:00.000000000,119.73,149.51879
2022-10-08T21:00:00.000000000,117.56,148.5348
2022-10-08T22:00:00.000000000,108.16,147.87254
2022-10-08T23:00:00.000000000,106.92,147.52705
2022-10-06T00:00:00.000000000,120.04,134.06376
2022-10-06T01:00:00.000000000,127.15,135.2965
2022-10-06T02:00:00.000000000,131.93,136.71908
2022-10-06T03:00:00.000000000,134.54,138.33836
2022-10-06T04:00:00.000000000,153.09,140.06695
2022-10-06T05:00:00.000000000,165.83,142.0667
2022-10-06T06:00:00.000000000,192.86,144.61465
2022-10-06T07:00:00.000000000,215.83,147.94309
2022-10-06T08:00:00.000000000,190.88,149.81288
2022-10-06T09:00:00.000000000,188.62,151.37773
2022-10-06T10:00:00.000000000,186.88,152.91373
2022-10-06T11:00:00.000000000,187.8,153.56396
2022-10-06T12:00:00.000000000,183.03,153.38852
2022-10-06T13:00:00.000000000,161.51,152.98504
2022-10-06T14:00:00.000000000,141.99,151.53527
2022-10-06T15:00:00.000000000,134.78,150.16602
2022-10-06T16:00:00.000000000,114.13,148.6182
2022-10-06T17:00:00.000000000,121.27,146.95962
2022-10-06T18:00:00.000000000,136.42,144.20309
2022-10-06T19:00:00.000000000,153.08,142.20292
2022-10-06T20:00:00.000000000,154.69,140.86898
2022-10-06T21:00:00.000000000,140.8,140.21184
2022-10-06T22:00:00.000000000,149.12,139.90606
2022-10-06T23:00:00.000000000,135.15,139.8767
2022-10-07T00:00:00.000000000,132.21,141.63437
2022-10-07T01:00:00.000000000,139.59,142.61435
2022-10-07T02:00:00.000000000,144.44,143.90687
2022-10-07T03:00:00.000000000,140.25,145.39764
2022-10-07T04:00:00.000000000,165.41,147.09488
2022-10-07T05:00:00.000000000,158.15,149.06703
2022-10-07T06:00:00.000000000,177.27,151.73992
2022-10-07T07:00:00.000000000,166.03,155.25014
2022-10-07T08:00:00.000000000,167.3,157.26752
2022-10-07T09:00:00.000000000,170.57,158.93237
2022-10-07T10:00:00.000000000,167.54,160.49937
2022-10-07T11:00:00.000000000,167.58,161.13117
2022-10-07T12:00:00.000000000,170.4,160.74226
2022-10-07T13:00:00.000000000,149.09,160.08608
2022-10-07T14:00:00.000000000,158.22,158.29979
2022-10-07T15:00:00.000000000,155.28,156.612
2022-10-07T16:00:00.000000000,165.49,154.70944
2022-10-07T17:00:00.000000000,165.04,152.73387
2022-10-07T18:00:00.000000000,169.03,149.60271
2022-10-07T19:00:00.000000000,158.91,147.27959
2022-10-07T20:00:00.000000000,155.15,145.67429
2022-10-07T21:00:00.000000000,152.14,144.78303
2022-10-07T22:00:00.000000000,147.72,144.23587
2022-10-07T23:00:00.000000000,139.72,143.99567
2022-10-08T00:00:00.000000000,125.68,145.96754
2022-10-08T01:00:00.000000000,120.81,147.0522
2022-10-08T02:00:00.000000000,123.71,148.5534
2022-10-08T03:00:00.000000000,122.19,150.21941
2022-10-08T04:00:00.000000000,142.73,152.0514
2022-10-08T05:00:00.000000000,162.02,154.04014
2022-10-08T06:00:00.000000000,168.89,156.72039
2022-10-08T07:00:00.000000000,157.88,160.19608
2022-10-08T08:00:00.000000000,171.85,162.09237
2022-10-08T09:00:00.000000000,175.09,163.60719
2022-10-08T10:00:00.000000000,167.36,165.03909
2022-10-08T11:00:00.000000000,165.37,165.57208
2022-10-08T12:00:00.000000000,162.26,165.06665
2022-10-08T13:00:00.000000000,157.73,164.32729
2022-10-08T14:00:00.000000000,136.41,162.40846
2022-10-08T15:00:00.000000000,135.47,160.64872
2022-10-08T16:00:00.000000000,119.28,158.69247
2022-10-08T17:00:00.000000000,115.04,156.70667
2022-10-08T18:00:00.000000000,114.93,153.56377
2022-10-08T19:00:00.000000000,112.99,151.22809
2022-10-08T20:00:00.000000000,119.73,149.65156
2022-10-08T21:00:00.000000000,117.56,148.75007
2022-10-08T22:00:00.000000000,108.16,148.16127
2022-10-08T23:00:00.000000000,106.92,147.88292
2022-10-09T00:00:00.000000000,99.7,148.8551
2022-10-09T01:00:00.000000000,98.63,150.4293
2022-10-09T02:00:00.000000000,97.9,152.52383
2022-10-09T03:00:00.000000000,108.27,154.70745
2022-10-09T04:00:00.000000000,116.13,157.03077
2022-10-09T05:00:00.000000000,139.9,159.36457
2022-10-09T06:00:00.000000000,159.66,162.28354
2022-10-09T07:00:00.000000000,182.9,165.87202
2022-10-09T08:00:00.000000000,180.66,167.71851
2022-10-09T09:00:00.000000000,182.93,169.08443
2022-10-09T10:00:00.000000000,181.89,170.28886
2022-10-09T11:00:00.000000000,183.47,170.56795
2022-10-09T12:00:00.000000000,180.55,169.76322
2022-10-09T13:00:00.000000000,178.35,168.72141
2022-10-09T14:00:00.000000000,143.85,166.45367
2022-10-09T15:00:00.000000000,138.05,164.39058
2022-10-09T16:00:00.000000000,133.69,162.17487
2022-10-09T17:00:00.000000000,118.23,160.01388
2022-10-09T18:00:00.000000000,117.78,156.73527
2022-10-09T19:00:00.000000000,103.5,154.29387
2022-10-09T20:00:00.000000000,110.59,152.70132
2022-10-09T21:00:00.000000000,112.47,151.81094
2022-10-09T22:00:00.000000000,109.36,151.26044
2022-10-09T23:00:00.000000000,106.91,151.08925
2022-10-07T00:00:00.000000000,132.21,139.34749
2022-10-07T01:00:00.000000000,139.59,140.31948
2022-10-07T02:00:00.000000000,144.44,141.52242
2022-10-07T03:00:00.000000000,140.25,142.92448
2022-10-07T04:00:00.000000000,165.41,144.52223
2022-10-07T05:00:00.000000000,158.15,146.43058
2022-10-07T06:00:00.000000000,177.27,148.97885
2022-10-07T07:00:00.000000000,166.03,152.36204
2022-10-07T08:00:00.000000000,167.3,154.2774
2022-10-07T09:00:00.000000000,170.57,155.83199
2022-10-07T10:00:00.000000000,167.54,157.26758
2022-10-07T11:00:00.000000000,167.58,157.75867
2022-10-07T12:00:00.000000000,170.4,157.29258
2022-10-07T13:00:00.000000000,149.09,156.57493
2022-10-07T14:00:00.000000000,158.22,154.78489
2022-10-07T15:00:00.000000000,155.28,153.12393
2022-10-07T16:00:00.000000000,165.49,151.28457
2022-10-07T17:00:00.000000000,165.04,149.37879
2022-10-07T18:00:00.000000000,169.03,146.37806
2022-10-07T19:00:00.000000000,158.91,144.21868
2022-10-07T20:00:00.000000000,155.15,142.78006
2022-10-07T21:00:00.000000000,152.14,142.08293
2022-10-07T22:00:00.000000000,147.72,141.72792
2022-10-07T23:00:00.000000000,139.72,141.65682
2022-10-08T00:00:00.000000000,125.68,143.55592
2022-10-08T01:00:00.000000000,120.81,144.46292
2022-10-08T02:00:00.000000000,123.71,145.71739
2022-10-08T03:00:00.000000000,122.19,147.17024
2022-10-08T04:00:00.000000000,142.73,148.74603
2022-10-08T05:00:00.000000000,162.02,150.51348
2022-10-08T06:00:00.000000000,168.89,152.99317
2022-10-08T07:00:00.000000000,157.88,156.32312
2022-10-08T08:00:00.000000000,171.85,158.15674
2022-10-08T09:00:00.000000000,175.09,159.68633
2022-10-08T10:00:00.000000000,167.36,161.21928
2022-10-08T11:00:00.000000000,165.37,161.90556
2022-10-08T12:00:00.000000000,162.26,161.63601
2022-10-08T13:00:00.000000000,157.73,161.16048
2022-10-08T14:00:00.000000000,136.41,159.54668
2022-10-08T15:00:00.000000000,135.47,158.08011
2022-10-08T16:00:00.000000000,119.28,156.40224
2022-10-08T17:00:00.000000000,115.04,154.64274
2022-10-08T18:00:00.000000000,114.93,151.70392
2022-10-08T19:00:00.000000000,112.99,149.52048
2022-10-08T20:00:00.000000000,119.73,148.02532
2022-10-08T21:00:00.000000000,117.56,147.16056
2022-10-08T22:00:00.000000000,108.16,146.58731
2022-10-08T23:00:00.000000000,106.92,146.28294
2022-10-09T00:00:00.000000000,99.7,147.15184
2022-10-09T01:00:00.000000000,98.63,148.63163
2022-10-09T02:00:00.000000000,97.9,150.5883
2022-10-09T03:00:00.000000000,108.27,152.64958
2022-10-09T04:00:00.000000000,116.13,154.89421
2022-10-09T05:00:00.000000000,139.9,157.22417
2022-10-09T06:00:00.000000000,159.66,160.17694
2022-10-09T07:00:00.000000000,182.9,163.83259
2022-10-09T08:00:00.000000000,180.66,165.80122
2022-10-09T09:00:00.000000000,182.93,167.30632
2022-10-09T10:00:00.000000000,181.89,168.63219
2022-10-09T11:00:00.000000000,183.47,169.0025
2022-10-09T12:00:00.000000000,180.55,168.26356
2022-10-09T13:00:00.000000000,178.35,167.25397
2022-10-09T14:00:00.000000000,143.85,165.03079
2022-10-09T15:00:00.000000000,138.05,162.96322
2022-10-09T16:00:00.000000000,133.69,160.72117
2022-10-09T17:00:00.000000000,118.23,158.51037
2022-10-09T18:00:00.000000000,117.78,155.16434
2022-10-09T19:00:00.000000000,103.5,152.6599
2022-10-09T20:00:00.000000000,110.59,150.98273
2022-10-09T21:00:00.000000000,112.47,150.03342
2022-10-09T22:00:00.000000000,109.36,149.44729
2022-10-09T23:00:00.000000000,106.91,149.24601
2022-10-10T00:00:00.000000000,103.71,148.76837
2022-10-10T01:00:00.000000000,97.08,150.95246
2022-10-10T02:00:00.000000000,98.68,153.35123
2022-10-10T03:00:00.000000000,105.12,155.67859
2022-10-10T04:00:00.000000000,112.7,158.17134
2022-10-10T05:00:00.000000000,145.05,160.63092
2022-10-10T06:00:00.000000000,163.45,163.31696
2022-10-10T07:00:00.000000000,170.44,166.52489
2022-10-10T08:00:00.000000000,169.2,167.92273
2022-10-10T09:00:00.000000000,179.57,168.55551
2022-10-10T10:00:00.000000000,176.24,168.46271
2022-10-10T11:00:00.000000000,174.48,167.14939
2022-10-10T12:00:00.000000000,164.21,164.6852
2022-10-10T13:00:00.000000000,153.02,161.9846
2022-10-10T14:00:00.000000000,185.49,158.39424
2022-10-10T15:00:00.000000000,180.42,155.34999
2022-10-10T16:00:00.000000000,162.33,152.53841
2022-10-10T17:00:00.000000000,160.71,150.03293
2022-10-10T18:00:00.000000000,152.53,146.62309
2022-10-10T19:00:00.000000000,156.88,144.18754
2022-10-10T20:00:00.000000000,152.86,142.60436
2022-10-10T21:00:00.000000000,148.09,142.09185
2022-10-10T22:00:00.000000000,133.49,142.13274
2022-10-10T23:00:00.000000000,122.93,142.86981
2022-10-08T00:00:00.000000000,125.68,143.71055
2022-10-08T01:00:00.000000000,120.81,144.34636
2022-10-08T02:00:00.000000000,123.71,145.2816
2022-10-08T03:00:00.000000000,122.19,146.44078
2022-10-08T04:00:00.000000000,142.73,147.62965
2022-10-08T05:00:00.000000000,162.02,148.98045
2022-10-08T06:00:00.000000000,168.89,151.07182
2022-10-08T07:00:00.000000000,157.88,154.08233
2022-10-08T08:00:00.000000000,171.85,155.67534
2022-10-08T09:00:00.000000000,175.09,157.05566
2022-10-08T10:00:00.000000000,167.36,158.56708
2022-10-08T11:00:00.000000000,165.37,159.33312
2022-10-08T12:00:00.000000000,162.26,159.25308
2022-10-08T13:00:00.000000000,157.73,159.04796
2022-10-08T14:00:00.000000000,136.41,157.74793
2022-10-08T15:00:00.000000000,135.47,156.65782
2022-10-08T16:00:00.000000000,119.28,155.37307
2022-10-08T17:00:00.000000000,115.04,153.97469
2022-10-08T18:00:00.000000000,114.93,151.37266
2022-10-08T19:00:00.000000000,112.99,149.46007
2022-10-08T20:00:00.000000000,119.73,148.15296
2022-10-08T21:00:00.000000000,117.56,147.38231
2022-10-08T22:00:00.000000000,108.16,146.84057
2022-10-08T23:00:00.000000000,106.92,146.49883
2022-10-09T00:00:00.000000000,99.7,147.18575
2022-10-09T01:00:00.000000000,98.63,148.63016
2022-10-09T02:00:00.000000000,97.9,150.52319
2022-10-09T03:00:00.000000000,108.27,152.51165
2022-10-09T04:00:00.000000000,116.13,154.71521
2022-10-09T05:00:00.000000000,139.9,157.03418
2022-10-09T06:00:00.000000000,159.66,159.98413
2022-10-09T07:00:00.000000000,182.9,163.64855
2022-10-09T08:00:00.000000000,180.66,165.64496
2022-10-09T09:00:00.000000000,182.93,167.1611
2022-10-09T10:00:00.000000000,181.89,168.44932
2022-10-09T11:00:00.000000000,183.47,168.7466
2022-10-09T12:00:00.000000000,180.55,167.89857
2022-10-09T13:00:00.000000000,178.35,166.76446
2022-10-09T14:00:00.000000000,143.85,164.43351
2022-10-09T15:00:00.000000000,138.05,162.2652
2022-10-09T16:00:00.000000000,133.69,159.93338
2022-10-09T17:00:00.000000000,118.23,157.64628
2022-10-09T18:00:00.000000000,117.78,154.23016
2022-10-09T19:00:00.000000000,103.5,151.68292
2022-10-09T20:00:00.000000000,110.59,149.96588
2022-10-09T21:00:00.000000000,112.47,149.01323
2022-10-09T22:00:00.000000000,109.36,148.44478
2022-10-09T23:00:00.000000000,106.91,148.27655
2022-10-10T00:00:00.000000000,103.71,148.44179
2022-10-10T01:00:00.000000000,97.08,150.40926
2022-10-10T02:00:00.000000000,98.68,152.45162
2022-10-10T03:00:00.000000000,105.12,154.41939
2022-10-10T04:00:00.000000000,112.7,156.4187
2022-10-10T05:00:00.000000000,145.05,158.32585
2022-10-10T06:00:00.000000000,163.45,160.38656
2022-10-10T07:00:00.000000000,170.44,163.02521
2022-10-10T08:00:00.000000000,169.2,163.96565
2022-10-10T09:00:00.000000000,179.57,164.18997
2022-10-10T10:00:00.000000000,176.24,163.75208
2022-10-10T11:00:00.000000000,174.48,162.19895
2022-10-10T12:00:00.000000000,164.21,159.64217
2022-10-10T13:00:00.000000000,153.02,156.92635
2022-10-10T14:00:00.000000000,185.49,153.44941
2022-10-10T15:00:00.000000000,180.42,150.64185
2022-10-10T16:00:00.000000000,162.33,148.13938
2022-10-10T17:00:00.000000000,160.71,145.9043
2022-10-10T18:00:00.000000000,152.53,142.78993
2022-10-10T19:00:00.000000000,156.88,140.56626
2022-10-10T20:00:00.000000000,152.86,139.10657
2022-10-10T21:00:00.000000000,148.09,138.72925
2022-10-10T22:00:00.000000000,133.49,138.89986
2022-10-10T23:00:00.000000000,122.93,139.77957
2022-10-11T00:00:00.000000000,114.63,143.50454
2022-10-11T01:00:00.000000000,122.3,142.98425
2022-10-11T02:00:00.000000000,120.02,142.27944
2022-10-11T03:00:00.000000000,120.12,141.67113
2022-10-11T04:00:00.000000000,128.59,140.904
2022-10-11T05:00:00.000000000,135.31,140.17293
2022-10-11T06:00:00.000000000,121.37,139.78842
2022-10-11T07:00:00.000000000,115.12,140.41461
2022-10-11T08:00:00.000000000,54.42,140.26168
2022-10-11T09:00:00.000000000,51.33,139.74723
2022-10-11T10:00:00.000000000,46.78,139.20753
2022-10-11T11:00:00.000000000,43.77,138.14201
2022-10-11T12:00:00.000000000,40.13,136.44652
2022-10-11T13:00:00.000000000,43.93,134.76246
2022-10-11T14:00:00.000000000,91.78,132.41796
2022-10-11T15:00:00.000000000,94.57,130.84094
2022-10-11T16:00:00.000000000,88.39,129.50829
2022-10-11T17:00:00.000000000,85.82,128.06029
2022-10-11T18:00:00.000000000,81.77,125.68936
2022-10-11T19:00:00.000000000,85.14,124.07557
2022-10-11T20:00:00.000000000,84.34,122.97052
2022-10-11T21:00:00.000000000,83.91,122.73907
2022-10-11T22:00:00.000000000,82.76,122.8254
2022-10-11T23:00:00.000000000,83.24,123.21932
2022-10-09T00:00:00.000000000,99.7,115.93589
2022-10-09T01:00:00.000000000,98.63,119.0908
2022-10-09T02:00:00.000000000,97.9,122.71376
2022-10-09T03:00:00.000000000,108.27,126.63484
2022-10-09T04:00:00.000000000,116.13,131.05254
2022-10-09T05:00:00.000000000,139.9,135.95207
2022-10-09T06:00:00.000000000,159.66,141.13169
2022-10-09T07:00:00.000000000,182.9,146.56622
2022-10-09T08:00:00.000000000,180.66,150.0537
2022-10-09T09:00:00.000000000,182.93,152.94265
2022-10-09T10:00:00.000000000,181.89,155.44808
2022-10-09T11:00:00.000000000,183.47,156.66507
2022-10-09T12:00:00.000000000,180.55,156.874
2022-10-09T13:00:00.000000000,178.35,156.45316
2022-10-09T14:00:00.000000000,143.85,154.7423
2022-10-09T15:00:00.000000000,138.05,152.51757
2022-10-09T16:00:00.000000000,133.69,150.0155
2022-10-09T17:00:00.000000000,118.23,147.30533
2022-10-09T18:00:00.000000000,117.78,143.53572
2022-10-09T19:00:00.000000000,103.5,140.4749
2022-10-09T20:00:00.000000000,110.59,138.26858
2022-10-09T21:00:00.000000000,112.47,136.94071
2022-10-09T22:00:00.000000000,109.36,136.26233
2022-10-09T23:00:00.000000000,106.91,136.2558
2022-10-10T00:00:00.000000000,103.71,139.77027
2022-10-10T01:00:00.000000000,97.08,142.02272
2022-10-10T02:00:00.000000000,98.68,144.29488
2022-10-10T03:00:00.000000000,105.12,146.44624
2022-10-10T04:00:00.000000000,112.7,148.6267
2022-10-10T05:00:00.000000000,145.05,150.76761
2022-10-10T06:00:00.000000000,163.45,152.88431
2022-10-10T07:00:00.000000000,170.44,155.46653
2022-10-10T08:00:00.000000000,169.2,156.41542
2022-10-10T09:00:00.000000000,179.57,156.64842
2022-10-10T10:00:00.000000000,176.24,156.23199
2022-10-10T11:00:00.000000000,174.48,154.6938
2022-10-10T12:00:00.000000000,164.21,152.31993
2022-10-10T13:00:00.000000000,153.02,149.72217
2022-10-10T14:00:00.000000000,185.49,146.49255
2022-10-10T15:00:00.000000000,180.42,143.85341
2022-10-10T16:00:00.000000000,162.33,141.55252
2022-10-10T17:00:00.000000000,160.71,139.44523
2022-10-10T18:00:00.000000000,152.53,136.48293
2022-10-10T19:00:00.000000000,156.88,134.29922
2022-10-10T20:00:00.000000000,152.86,132.85521
2022-10-10T21:00:00.000000000,148.09,132.51772
2022-10-10T22:00:00.000000000,133.49,132.82242
2022-10-10T23:00:00.000000000,122.93,133.89671
2022-10-11T00:00:00.000000000,114.63,138.53494
2022-10-11T01:00:00.000000000,122.3,138.10491
2022-10-11T02:00:00.000000000,120.02,137.49559
2022-10-11T03:00:00.000000000,120.12,136.97154
2022-10-11T04:00:00.000000000,128.59,136.37487
2022-10-11T05:00:00.000000000,135.31,135.91218
2022-10-11T06:00:00.000000000,121.37,135.79575
2022-10-11T07:00:00.000000000,115.12,136.65223
2022-10-11T08:00:00.000000000,54.42,136.76164
2022-10-11T09:00:00.000000000,51.33,136.5194
2022-10-11T10:00:00.000000000,46.78,136.22001
2022-10-11T11:00:00.000000000,43.77,135.31519
2022-10-11T12:00:00.000000000,40.13,133.77766
2022-10-11T13:00:00.000000000,43.93,132.22565
2022-10-11T14:00:00.000000000,91.78,130.04105
2022-10-11T15:00:00.000000000,94.57,128.53714
2022-10-11T16:00:00.000000000,88.39,127.24708
2022-10-11T17:00:00.000000000,85.82,125.82753
2022-10-11T18:00:00.000000000,81.77,123.4651
2022-10-11T19:00:00.000000000,85.14,121.84445
2022-10-11T20:00:00.000000000,84.34,120.71761
2022-10-11T21:00:00.000000000,83.91,120.42279
2022-10-11T22:00:00.000000000,82.76,120.45938
2022-10-11T23:00:00.000000000,83.24,120.78784
2022-10-12T00:00:00.000000000,82.3,125.42835
2022-10-12T01:00:00.000000000,81.82,127.3657
2022-10-12T02:00:00.000000000,82.89,130.0482
2022-10-12T03:00:00.000000000,82.38,133.32904
2022-10-12T04:00:00.000000000,89.32,137.03681
2022-10-12T05:00:00.000000000,96.79,141.24093
2022-10-12T06:00:00.000000000,111.68,146.22425
2022-10-12T07:00:00.000000000,123.35,151.81176
2022-10-12T08:00:00.000000000,130.44,155.59264
2022-10-12T09:00:00.000000000,136.54,159.05461
2022-10-12T10:00:00.000000000,131.16,162.59382
2022-10-12T11:00:00.000000000,140.23,165.13914
2022-10-12T12:00:00.000000000,144.5,166.71985
2022-10-12T13:00:00.000000000,135.36,167.79157
2022-10-12T14:00:00.000000000,113.44,167.3418
2022-10-12T15:00:00.000000000,113.84,166.16861
2022-10-12T16:00:00.000000000,119.24,164.42476
2022-10-12T17:00:00.000000000,130.03,162.2992
2022-10-12T18:00:00.000000000,164.31,158.84712
2022-10-12T19:00:00.000000000,165.62,155.8605
2022-10-12T20:00:00.000000000,164.13,153.52915
2022-10-12T21:00:00.000000000,157.63,151.74032
2022-10-12T22:00:00.000000000,149.52,150.24608
2022-10-12T23:00:00.000000000,123.44,149.15951
2022-10-10T00:00:00.000000000,103.71,115.38739
2022-10-10T01:00:00.000000000,97.08,118.03425
2022-10-10T02:00:00.000000000,98.68,120.8565
2022-10-10T03:00:00.000000000,105.12,123.67404
2022-10-10T04:00:00.000000000,112.7,126.99922
2022-10-10T05:00:00.000000000,145.05,130.93137
2022-10-10T06:00:00.000000000,163.45,134.83001
2022-10-10T07:00:00.000000000,170.44,138.97627
2022-10-10T08:00:00.000000000,169.2,141.50962
2022-10-10T09:00:00.000000000,179.57,143.29378
2022-10-10T10:00:00.000000000,176.24,144.38104
2022-10-10T11:00:00.000000000,174.48,144.00645
2022-10-10T12:00:00.000000000,164.21,142.79721
2022-10-10T13:00:00.000000000,153.02,140.97889
2022-10-10T14:00:00.000000000,185.49,138.3714
2022-10-10T15:00:00.000000000,180.42,135.82154
2022-10-10T16:00:00.000000000,162.33,133.39526
2022-10-10T17:00:00.000000000,160.71,130.89847
2022-10-10T18:00:00.000000000,152.53,127.59009
2022-10-10T19:00:00.000000000,156.88,125.10158
2022-10-10T20:00:00.000000000,152.86,123.49377
2022-10-10T21:00:00.000000000,148.09,122.97736
2022-10-10T22:00:00.000000000,133.49,123.16601
2022-10-10T23:00:00.000000000,122.93,124.07774
2022-10-11T00:00:00.000000000,114.63,130.98849
2022-10-11T01:00:00.000000000,122.3,130.98662
2022-10-11T02:00:00.000000000,120.02,130.84082
2022-10-11T03:00:00.000000000,120.12,130.69901
2022-10-11T04:00:00.000000000,128.59,130.61915
2022-10-11T05:00:00.000000000,135.31,130.76989
2022-10-11T06:00:00.000000000,121.37,131.16776
2022-10-11T07:00:00.000000000,115.12,132.38177
2022-10-11T08:00:00.000000000,54.42,132.83982
2022-10-11T09:00:00.000000000,51.33,132.88974
2022-10-11T10:00:00.000000000,46.78,132.77064
2022-10-11T11:00:00.000000000,43.77,131.90896
2022-10-11T12:00:00.000000000,40.13,130.41228
2022-10-11T13:00:00.000000000,43.93,128.81617
2022-10-11T14:00:00.000000000,91.78,126.60792
2022-10-11T15:00:00.000000000,94.57,124.95374
2022-10-11T16:00:00.000000000,88.39,123.52322
2022-10-11T17:00:00.000000000,85.82,121.96225
2022-10-11T18:00:00.000000000,81.77,119.48808
2022-10-11T19:00:00.000000000,85.14,117.75225
2022-10-11T20:00:00.000000000,84.34,116.55883
2022-10-11T21:00:00.000000000,83.91,116.18916
2022-10-11T22:00:00.000000000,82.76,116.22446
2022-10-11T23:00:00.000000000,83.24,116.57854
2022-10-12T00:00:00.000000000,82.3,121.14607
2022-10-12T01:00:00.000000000,81.82,123.07328
2022-10-12T02:00:00.000000000,82.89,125.59132
2022-10-12T03:00:00.000000000,82.38,128.63887
2022-10-12T04:00:00.000000000,89.32,132.17823
2022-10-12T05:00:00.000000000,96.79,136.34003
2022-10-12T06:00:00.000000000,111.68,141.27109
2022-10-12T07:00:00.000000000,123.35,146.8161
2022-10-12T08:00:00.000000000,130.44,150.65689
2022-10-12T09:00:00.000000000,136.54,154.19427
2022-10-12T10:00:00.000000000,131.16,157.73086
2022-10-12T11:00:00.000000000,140.23,160.18336
2022-10-12T12:00:00.000000000,144.5,161.63969
2022-10-12T13:00:00.000000000,135.36,162.49897
2022-10-12T14:00:00.000000000,113.44,161.90622
2022-10-12T15:00:00.000000000,113.84,160.56517
2022-10-12T16:00:00.000000000,119.24,158.69729
2022-10-12T17:00:00.000000000,130.03,156.44219
2022-10-12T18:00:00.000000000,164.31,152.89067
2022-10-12T19:00:00.000000000,165.62,149.84729
2022-10-12T20:00:00.000000000,164.13,147.45966
2022-10-12T21:00:00.000000000,157.63,145.69463
2022-10-12T22:00:00.000000000,149.52,144.32907
2022-10-12T23:00:00.000000000,123.44,143.42207
2022-10-13T00:00:00.000000000,114.16,147.10133
2022-10-13T01:00:00.000000000,111.94,149.91067
2022-10-13T02:00:00.000000000,113.49,153.3652
2022-10-13T03:00:00.000000000,119.64,156.81455
2022-10-13T04:00:00.000000000,143.8,160.29647
2022-10-13T05:00:00.000000000,174.55,163.5509
2022-10-13T06:00:00.000000000,190.36,167.12809
2022-10-13T07:00:00.000000000,204.23,171.11993
2022-10-13T08:00:00.000000000,218.77,173.06097
2022-10-13T09:00:00.000000000,226.42,174.39239
2022-10-13T10:00:00.000000000,199.11,175.46172
2022-10-13T11:00:00.000000000,178.36,175.57171
2022-10-13T12:00:00.000000000,169.77,174.62458
2022-10-13T13:00:00.000000000,141.74,173.45225
2022-10-13T14:00:00.000000000,141.3,171.07483
2022-10-13T15:00:00.000000000,131.16,168.89222
2022-10-13T16:00:00.000000000,161.04,166.53923
2022-10-13T17:00:00.000000000,149.49,164.27944
2022-10-13T18:00:00.000000000,153.09,160.8914
2022-10-13T19:00:00.000000000,176.82,158.24642
2022-10-13T20:00:00.000000000,177.99,156.50056
2022-10-13T21:00:00.000000000,173.09,155.52508
2022-10-13T22:00:00.000000000,161.31,155.01791
2022-10-13T23:00:00.000000000,140.61,155.08771
2022-10-11T00:00:00.000000000,114.63,129.63241
2022-10-11T01:00:00.000000000,122.3,129.75333
2022-10-11T02:00:00.000000000,120.02,129.75276
2022-10-11T03:00:00.000000000,120.12,129.83066
2022-10-11T04:00:00.000000000,128.59,130.08651
2022-10-11T05:00:00.000000000,135.31,130.71459
2022-10-11T06:00:00.000000000,121.37,131.68526
2022-10-11T07:00:00.000000000,115.12,133.49875
2022-10-11T08:00:00.000000000,54.42,134.45164
2022-10-11T09:00:00.000000000,51.33,134.99548
2022-10-11T10:00:00.000000000,46.78,135.33011
2022-10-11T11:00:00.000000000,43.77,134.79664
2022-10-11T12:00:00.000000000,40.13,133.54207
2022-10-11T13:00:00.000000000,43.93,132.11476
2022-10-11T14:00:00.000000000,91.78,130.01342
2022-10-11T15:00:00.000000000,94.57,128.33488
2022-10-11T16:00:00.000000000,88.39,126.78519
2022-10-11T17:00:00.000000000,85.82,125.09525
2022-10-11T18:00:00.000000000,81.77,122.45331
2022-10-11T19:00:00.000000000,85.14,120.57226
2022-10-11T20:00:00.000000000,84.34,119.24909
2022-10-11T21:00:00.000000000,83.91,118.76878
2022-10-11T22:00:00.000000000,82.76,118.70875
2022-10-11T23:00:00.000000000,83.24,118.96753
2022-10-12T00:00:00.000000000,82.3,122.31473
2022-10-12T01:00:00.000000000,81.82,124.11083
2022-10-12T02:00:00.000000000,82.89,126.34488
2022-10-12T03:00:00.000000000,82.38,128.98139
2022-10-12T04:00:00.000000000,89.32,132.18196
2022-10-12T05:00:00.000000000,96.79,136.08071
2022-10-12T06:00:00.000000000,111.68,140.6952
2022-10-12T07:00:00.000000000,123.35,145.95265
2022-10-12T08:00:00.000000000,130.44,149.58998
2022-10-12T09:00:00.000000000,136.54,152.84275
2022-10-12T10:00:00.000000000,131.16,155.90486
2022-10-12T11:00:00.000000000,140.23,157.75469
2022-10-12T12:00:00.000000000,144.5,158.51954
2022-10-12T13:00:00.000000000,135.36,158.65857
2022-10-12T14:00:00.000000000,113.44,157.47221
2022-10-12T15:00:00.000000000,113.84,155.69469
2022-10-12T16:00:00.000000000,119.24,153.48931
2022-10-12T17:00:00.000000000,130.03,150.99717
2022-10-12T18:00:00.000000000,164.31,147.30051
2022-10-12T19:00:00.000000000,165.62,144.28355
2022-10-12T20:00:00.000000000,164.13,142.00426
2022-10-12T21:00:00.000000000,157.63,140.49823
2022-10-12T22:00:00.000000000,149.52,139.47447
2022-10-12T23:00:00.000000000,123.44,138.91826
2022-10-13T00:00:00.000000000,114.16,142.26555
2022-10-13T01:00:00.000000000,111.94,144.34572
2022-10-13T02:00:00.000000000,113.49,146.88285
2022-10-13T03:00:00.000000000,119.64,149.48633
2022-10-13T04:00:00.000000000,143.8,152.18852
2022-10-13T05:00:00.000000000,174.55,154.90031
2022-10-13T06:00:00.000000000,190.36,158.06764
2022-10-13T07:00:00.000000000,204.23,161.80768
2022-10-13T08:00:00.000000000,218.77,163.75916
2022-10-13T09:00:00.000000000,226.42,165.24136
2022-10-13T10:00:00.000000000,199.11,166.55089
2022-10-13T11:00:00.000000000,178.36,166.91296
2022-10-13T12:00:00.000000000,169.77,166.27995
2022-10-13T13:00:00.000000000,141.74,165.37008
2022-10-13T14:00:00.000000000,141.3,163.28017
2022-10-13T15:00:00.000000000,131.16,161.29702
2022-10-13T16:00:00.000000000,161.04,159.14198
2022-10-13T17:00:00.000000000,149.49,157.01219
2022-10-13T18:00:00.000000000,153.09,153.77699
2022-10-13T19:00:00.000000000,176.82,151.34524
2022-10-13T20:00:00.000000000,177.99,149.74958
2022-10-13T21:00:00.000000000,173.09,148.89643
2022-10-13T22:00:00.000000000,161.31,148.45794
2022-10-13T23:00:00.000000000,140.61,148.46002
2022-10-14T00:00:00.000000000,135.06,148.10107
2022-10-14T01:00:00.000000000,133.18,149.03743
2022-10-14T02:00:00.000000000,139.49,150.30143
2022-10-14T03:00:00.000000000,148.89,151.68367
2022-10-14T04:00:00.000000000,166.93,153.18949
2022-10-14T05:00:00.000000000,188.03,154.81814
2022-10-14T06:00:00.000000000,200.51,157.11539
2022-10-14T07:00:00.000000000,218.86,160.24741
2022-10-14T08:00:00.000000000,234.12,161.84497
2022-10-14T09:00:00.000000000,238.52,163.05262
2022-10-14T10:00:00.000000000,235.7,164.14377
2022-10-14T11:00:00.000000000,236.63,164.35657
2022-10-14T12:00:00.000000000,218.32,163.54484
2022-10-14T13:00:00.000000000,175.82,162.55
2022-10-14T14:00:00.000000000,173.72,160.44598
2022-10-14T15:00:00.000000000,169.31,158.62679
2022-10-14T16:00:00.000000000,130.57,156.66915
2022-10-14T17:00:00.000000000,124.27,154.72541
2022-10-14T18:00:00.000000000,131.37,151.67041
2022-10-14T19:00:00.000000000,129.18,149.47765
2022-10-14T20:00:00.000000000,123.64,148.04251
2022-10-14T21:00:00.000000000,123.07,147.32154
2022-10-14T22:00:00.000000000,149.71,146.91225
2022-10-14T23:00:00.000000000,149.21,146.80138
2022-10-12T00:00:00.000000000,82.3,100.93149
2022-10-12T01:00:00.000000000,81.82,102.77651
2022-10-12T02:00:00.000000000,82.89,104.90753
2022-10-12T03:00:00.000000000,82.38,107.64666
2022-10-12T04:00:00.000000000,89.32,111.07289
2022-10-12T05:00:00.000000000,96.79,115.23886
2022-10-12T06:00:00.000000000,111.68,119.46514
2022-10-12T07:00:00.000000000,123.35,124.02024
2022-10-12T08:00:00.000000000,130.44,126.90553
2022-10-12T09:00:00.000000000,136.54,129.00702
2022-10-12T10:00:00.000000000,131.16,130.47751
2022-10-12T11:00:00.000000000,140.23,130.56946
2022-10-12T12:00:00.000000000,144.5,129.86267
2022-10-12T13:00:00.000000000,135.36,128.83475
2022-10-12T14:00:00.000000000,113.44,126.67724
2022-10-12T15:00:00.000000000,113.84,124.42714
2022-10-12T16:00:00.000000000,119.24,122.39023
2022-10-12T17:00:00.000000000,130.03,120.28823
2022-10-12T18:00:00.000000000,164.31,117.34566
2022-10-12T19:00:00.000000000,165.62,115.1187
2022-10-12T20:00:00.000000000,164.13,113.60261
2022-10-12T21:00:00.000000000,157.63,112.76079
2022-10-12T22:00:00.000000000,149.52,112.48571
2022-10-12T23:00:00.000000000,123.44,112.72554
2022-10-13T00:00:00.000000000,114.16,121.88744
2022-10-13T01:00:00.000000000,111.94,125.1188
2022-10-13T02:00:00.000000000,113.49,128.81613
2022-10-13T03:00:00.000000000,119.64,132.71793
2022-10-13T04:00:00.000000000,143.8,136.79219
2022-10-13T05:00:00.000000000,174.55,141.01095
2022-10-13T06:00:00.000000000,190.36,145.42694
2022-10-13T07:00:00.000000000,204.23,150.11446
2022-10-13T08:00:00.000000000,218.77,152.8442
2022-10-13T09:00:00.000000000,226.42,155.07167
2022-10-13T10:00:00.000000000,199.11,157.12182
2022-10-13T11:00:00.000000000,178.36,158.13932
2022-10-13T12:00:00.000000000,169.77,158.321
2022-10-13T13:00:00.000000000,141.74,158.07043
2022-10-13T14:00:00.000000000,141.3,156.57768
2022-10-13T15:00:00.000000000,131.16,154.7867
2022-10-13T16:00:00.000000000,161.04,152.75927
2022-10-13T17:00:00.000000000,149.49,150.5735
2022-10-13T18:00:00.000000000,153.09,147.29992
2022-10-13T19:00:00.000000000,176.82,144.66023
2022-10-13T20:00:00.000000000,177.99,142.81408
2022-10-13T21:00:00.000000000,173.09,141.71304
2022-10-13T22:00:00.000000000,161.31,141.17982
2022-10-13T23:00:00.000000000,140.61,141.24202
2022-10-14T00:00:00.000000000,135.06,143.34138
2022-10-14T01:00:00.000000000,133.18,144.81754
2022-10-14T02:00:00.000000000,139.49,146.63379
2022-10-14T03:00:00.000000000,148.89,148.54691
2022-10-14T04:00:00.000000000,166.93,150.50614
2022-10-14T05:00:00.000000000,188.03,152.51973
2022-10-14T06:00:00.000000000,200.51,155.07031
2022-10-14T07:00:00.000000000,218.86,158.33735
2022-10-14T08:00:00.000000000,234.12,159.97871
2022-10-14T09:00:00.000000000,238.52,161.24414
2022-10-14T10:00:00.000000000,235.7,162.43794
2022-10-14T11:00:00.000000000,236.63,162.77344
2022-10-14T12:00:00.000000000,218.32,162.19439
2022-10-14T13:00:00.000000000,175.82,161.42206
2022-10-14T14:00:00.000000000,173.72,159.53939
2022-10-14T15:00:00.000000000,169.31,157.86337
2022-10-14T16:00:00.000000000,130.57,156.03576
2022-10-14T17:00:00.000000000,124.27,154.20182
2022-10-14T18:00:00.000000000,131.37,151.2671
2022-10-14T19:00:00.000000000,129.18,149.136
2022-10-14T20:00:00.000000000,123.64,147.76768
2022-10-14T21:00:00.000000000,123.07,147.08793
2022-10-14T22:00:00.000000000,149.71,146.74887
2022-10-14T23:00:00.000000000,149.21,146.73967
2022-10-15T00:00:00.000000000,131.19,149.5968
2022-10-15T01:00:00.000000000,143.22,151.51826
2022-10-15T02:00:00.000000000,152.5,153.68067
2022-10-15T03:00:00.000000000,159.11,155.7359
2022-10-15T04:00:00.000000000,175.22,157.78802
2022-10-15T05:00:00.000000000,216.03,159.70924
2022-10-15T06:00:00.000000000,230.72,161.95383
2022-10-15T07:00:00.000000000,203.14,164.81093
2022-10-15T08:00:00.000000000,190.74,165.92315
2022-10-15T09:00:00.000000000,187.03,166.46458
2022-10-15T10:00:00.000000000,186.89,166.62799
2022-10-15T11:00:00.000000000,180.59,165.83043
2022-10-15T12:00:00.000000000,181.7,164.03583
2022-10-15T13:00:00.000000000,164.58,162.11105
2022-10-15T14:00:00.000000000,155.21,159.22508
2022-10-15T15:00:00.000000000,131.04,156.84534
2022-10-15T16:00:00.000000000,121.14,154.51212
2022-10-15T17:00:00.000000000,121.34,152.40191
2022-10-15T18:00:00.000000000,112.23,149.34459
2022-10-15T19:00:00.000000000,102.98,147.2667
2022-10-15T20:00:00.000000000,107.16,146.05155
2022-10-15T21:00:00.000000000,113.93,145.7255
2022-10-15T22:00:00.000000000,106.87,145.83614
2022-10-15T23:00:00.000000000,101.14,146.41525
2022-10-13T00:00:00.000000000,114.16,134.92177
2022-10-13T01:00:00.000000000,111.94,137.99375
2022-10-13T02:00:00.000000000,113.49,141.46908
2022-10-13T03:00:00.000000000,119.64,144.92723
2022-10-13T04:00:00.000000000,143.8,148.23925
2022-10-13T05:00:00.000000000,174.55,151.33212
2022-10-13T06:00:00.000000000,190.36,154.54048
2022-10-13T07:00:00.000000000,204.23,158.08952
2022-10-13T08:00:00.000000000,218.77,159.68556
2022-10-13T09:00:00.000000000,226.42,160.80888
2022-10-13T10:00:00.000000000,199.11,161.8351
2022-10-13T11:00:00.000000000,178.36,162.02869
2022-10-13T12:00:00.000000000,169.77,161.50831
2022-10-13T13:00:00.000000000,141.74,160.79365
2022-10-13T14:00:00.000000000,141.3,158.98352
2022-10-13T15:00:00.000000000,131.16,157.31322
2022-10-13T16:00:00.000000000,161.04,155.53456
2022-10-13T17:00:00.000000000,149.49,153.78027
2022-10-13T18:00:00.000000000,153.09,150.99705
2022-10-13T19:00:00.000000000,176.82,148.92997
2022-10-13T20:00:00.000000000,177.99,147.68895
2022-10-13T21:00:00.000000000,173.09,147.15243
2022-10-13T22:00:00.000000000,161.31,147.08318
2022-10-13T23:00:00.000000000,140.61,147.50384
2022-10-14T00:00:00.000000000,135.06,148.10026
2022-10-14T01:00:00.000000000,133.18,149.4219
2022-10-14T02:00:00.000000000,139.49,151.07987
2022-10-14T03:00:00.000000000,148.89,152.78691
2022-10-14T04:00:00.000000000,166.93,154.44825
2022-10-14T05:00:00.000000000,188.03,156.04816
2022-10-14T06:00:00.000000000,200.51,158.18247
2022-10-14T07:00:00.000000000,218.86,161.06283
2022-10-14T08:00:00.000000000,234.12,162.32282
2022-10-14T09:00:00.000000000,238.52,163.21876
2022-10-14T10:00:00.000000000,235.7,164.08568
2022-10-14T11:00:00.000000000,236.63,164.1779
2022-10-14T12:00:00.000000000,218.32,163.3933
2022-10-14T13:00:00.000000000,175.82,162.50264
2022-10-14T14:00:00.000000000,173.72,160.52804
2022-10-14T15:00:00.000000000,169.31,158.9075
2022-10-14T16:00:00.000000000,130.57,157.18749
2022-10-14T17:00:00.000000000,124.27,155.50684
2022-10-14T18:00:00.000000000,131.37,152.74594
2022-10-14T19:00:00.000000000,129.18,150.80102
2022-10-14T20:00:00.000000000,123.64,149.61837
2022-10-14T21:00:00.000000000,123.07,149.0863
2022-10-14T22:00:00.000000000,149.71,148.8453
2022-10-14T23:00:00.000000000,149.21,148.89755
2022-10-15T00:00:00.000000000,131.19,152.17258
2022-10-15T01:00:00.000000000,143.22,154.25504
2022-10-15T02:00:00.000000000,152.5,156.46723
2022-10-15T03:00:00.000000000,159.11,158.46347
2022-10-15T04:00:00.000000000,175.22,160.35476
2022-10-15T05:00:00.000000000,216.03,161.98261
2022-10-15T06:00:00.000000000,230.72,163.82232
2022-10-15T07:00:00.000000000,203.14,166.2607
2022-10-15T08:00:00.000000000,190.74,166.95438
2022-10-15T09:00:00.000000000,187.03,167.03407
2022-10-15T10:00:00.000000000,186.89,166.64143
2022-10-15T11:00:00.000000000,180.59,165.29883
2022-10-15T12:00:00.000000000,181.7,162.98504
2022-10-15T13:00:00.000000000,164.58,160.62058
2022-10-15T14:00:00.000000000,155.21,157.42196
2022-10-15T15:00:00.000000000,131.04,154.91243
2022-10-15T16:00:00.000000000,121.14,152.55875
2022-10-15T17:00:00.000000000,121.34,150.52184
2022-10-15T18:00:00.000000000,112.23,147.58787
2022-10-15T19:00:00.000000000,102.98,145.65189
2022-10-15T20:00:00.000000000,107.16,144.55311
2022-10-15T21:00:00.000000000,113.93,144.4108
2022-10-15T22:00:00.000000000,106.87,144.74869
2022-10-15T23:00:00.000000000,101.14,145.62373
2022-10-16T00:00:00.000000000,100.58,147.47428
2022-10-16T01:00:00.000000000,106.28,147.60213
2022-10-16T02:00:00.000000000,112.64,147.56624
2022-10-16T03:00:00.000000000,110.22,147.60676
2022-10-16T04:00:00.000000000,115.21,147.43888
2022-10-16T05:00:00.000000000,132.53,147.27537
2022-10-16T06:00:00.000000000,78.15,147.57696
2022-10-16T07:00:00.000000000,52.75,148.93077
2022-10-16T08:00:00.000000000,49.57,149.10836
2022-10-16T09:00:00.000000000,50.32,148.99528
2022-10-16T10:00:00.000000000,55.84,148.88216
2022-10-16T11:00:00.000000000,55.56,148.17928
2022-10-16T12:00:00.000000000,52.09,146.79847
2022-10-16T13:00:00.000000000,54.43,145.50882
2022-10-16T14:00:00.000000000,54.29,143.42843
2022-10-16T15:00:00.000000000,57.67,142.05484
2022-10-16T16:00:00.000000000,56.71,140.7692
2022-10-16T17:00:00.000000000,60.71,139.53907
2022-10-16T18:00:00.000000000,60.34,137.41042
2022-10-16T19:00:00.000000000,59.21,136.23444
2022-10-16T20:00:00.000000000,53.89,135.68804
2022-10-16T21:00:00.000000000,53.52,135.90746
2022-10-16T22:00:00.000000000,48.01,136.35763
2022-10-16T23:00:00.000000000,70.8,136.94964
2022-10-14T00:00:00.000000000,135.06,146.80135
2022-10-14T01:00:00.000000000,133.18,148.94004
2022-10-14T02:00:00.000000000,139.49,151.47552
2022-10-14T03:00:00.000000000,148.89,153.96916
2022-10-14T04:00:00.000000000,166.93,156.35753
2022-10-14T05:00:00.000000000,188.03,158.53783
2022-10-14T06:00:00.000000000,200.51,161.03843
2022-10-14T07:00:00.000000000,218.86,164.08535
2022-10-14T08:00:00.000000000,234.12,165.30481
2022-10-14T09:00:00.000000000,238.52,166.05366
2022-10-14T10:00:00.000000000,235.7,166.67869
2022-10-14T11:00:00.000000000,236.63,166.48826
2022-10-14T12:00:00.000000000,218.32,165.45698
2022-10-14T13:00:00.000000000,175.82,164.30846
2022-10-14T14:00:00.000000000,173.72,162.08373
2022-10-14T15:00:00.000000000,169.31,160.22489
2022-10-14T16:00:00.000000000,130.57,158.31267
2022-10-14T17:00:00.000000000,124.27,156.51906
2022-10-14T18:00:00.000000000,131.37,153.71419
2022-10-14T19:00:00.000000000,129.18,151.74577
2022-10-14T20:00:00.000000000,123.64,150.62791
2022-10-14T21:00:00.000000000,123.07,150.21542
2022-10-14T22:00:00.000000000,149.71,150.15783
2022-10-14T23:00:00.000000000,149.21,150.49264
2022-10-15T00:00:00.000000000,131.19,152.07478
2022-10-15T01:00:00.000000000,143.22,153.51026
2022-10-15T02:00:00.000000000,152.5,155.04063
2022-10-15T03:00:00.000000000,159.11,156.45615
2022-10-15T04:00:00.000000000,175.22,157.76461
2022-10-15T05:00:00.000000000,216.03,158.90822
2022-10-15T06:00:00.000000000,230.72,160.40234
2022-10-15T07:00:00.000000000,203.14,162.64122
2022-10-15T08:00:00.000000000,190.74,163.27879
2022-10-15T09:00:00.000000000,187.03,163.41118
2022-10-15T10:00:00.000000000,186.89,163.23485
2022-10-15T11:00:00.000000000,180.59,162.21796
2022-10-15T12:00:00.000000000,181.7,160.28724
2022-10-15T13:00:00.000000000,164.58,158.33385
2022-10-15T14:00:00.000000000,155.21,155.50232
2022-10-15T15:00:00.000000000,131.04,153.32544
2022-10-15T16:00:00.000000000,121.14,151.23795
2022-10-15T17:00:00.000000000,121.34,149.37335
2022-10-15T18:00:00.000000000,112.23,146.59862
2022-10-15T19:00:00.000000000,102.98,144.82526
2022-10-15T20:00:00.000000000,107.16,143.85534
2022-10-15T21:00:00.000000000,113.93,143.76546
2022-10-15T22:00:00.000000000,106.87,144.05685
2022-10-15T23:00:00.000000000,101.14,144.73927
2022-10-16T00:00:00.000000000,100.58,145.83369
2022-10-16T01:00:00.000000000,106.28,146.38417
2022-10-16T02:00:00.000000000,112.64,146.95962
2022-10-16T03:00:00.000000000,110.22,147.63084
2022-10-16T04:00:00.000000000,115.21,148.01834
2022-10-16T05:00:00.000000000,132.53,148.32366
2022-10-16T06:00:00.000000000,78.15,149.13072
2022-10-16T07:00:00.000000000,52.75,150.87924
2022-10-16T08:00:00.000000000,49.57,151.27326
2022-10-16T09:00:00.000000000,50.32,151.48177
2022-10-16T10:00:00.000000000,55.84,151.88048
2022-10-16T11:00:00.000000000,55.56,151.75104
2022-10-16T12:00:00.000000000,52.09,151.07555
2022-10-16T13:00:00.000000000,54.43,150.5245
2022-10-16T14:00:00.000000000,54.29,149.08288
2022-10-16T15:00:00.000000000,57.67,148.23412
2022-10-16T16:00:00.000000000,56.71,147.41222
2022-10-16T17:00:00.000000000,60.71,146.61102
2022-10-16T18:00:00.000000000,60.34,144.82569
2022-10-16T19:00:00.000000000,59.21,143.85278
2022-10-16T20:00:00.000000000,53.89,143.48123
2022-10-16T21:00:00.000000000,53.52,143.62958
2022-10-16T22:00:00.000000000,48.01,143.91376
2022-10-16T23:00:00.000000000,70.8,144.26183
2022-10-17T00:00:00.000000000,133.86,147.08487
2022-10-17T01:00:00.000000000,151.85,149.68945
2022-10-17T02:00:00.000000000,160.0,153.1696
2022-10-17T03:00:00.000000000,166.18,157.06394
2022-10-17T04:00:00.000000000,165.15,160.8441
2022-10-17T05:00:00.000000000,182.88,164.29363
2022-10-17T06:00:00.000000000,202.72,168.19555
2022-10-17T07:00:00.000000000,209.64,172.76415
2022-10-17T08:00:00.000000000,220.71,175.22652
2022-10-17T09:00:00.000000000,219.39,177.21874
2022-10-17T10:00:00.000000000,214.95,179.43285
2022-10-17T11:00:00.000000000,201.16,180.95524
2022-10-17T12:00:00.000000000,194.77,181.66765
2022-10-17T13:00:00.000000000,144.27,182.3361
2022-10-17T14:00:00.000000000,147.21,181.57737
2022-10-17T15:00:00.000000000,144.64,180.79837
2022-10-17T16:00:00.000000000,155.99,179.60592
2022-10-17T17:00:00.000000000,159.66,178.19528
2022-10-17T18:00:00.000000000,173.42,175.46904
2022-10-17T19:00:00.000000000,181.36,173.0917
2022-10-17T20:00:00.000000000,180.9,171.42827
2022-10-17T21:00:00.000000000,182.38,170.21001
2022-10-17T22:00:00.000000000,168.73,169.12752
2022-10-17T23:00:00.000000000,157.93,168.32771
2022-10-15T00:00:00.000000000,131.19,149.74882
2022-10-15T01:00:00.000000000,143.22,151.28455
2022-10-15T02:00:00.000000000,152.5,152.91686
2022-10-15T03:00:00.000000000,159.11,154.47997
2022-10-15T04:00:00.000000000,175.22,156.08172
2022-10-15T05:00:00.000000000,216.03,157.64871
2022-10-15T06:00:00.000000000,230.72,159.55336
2022-10-15T07:00:00.000000000,203.14,162.1695
2022-10-15T08:00:00.000000000,190.74,163.16388
2022-10-15T09:00:00.000000000,187.03,163.56708
2022-10-15T10:00:00.000000000,186.89,163.50577
2022-10-15T11:00:00.000000000,180.59,162.43454
2022-10-15T12:00:00.000000000,181.7,160.34582
2022-10-15T13:00:00.000000000,164.58,158.14207
2022-10-15T14:00:00.000000000,155.21,155.071
2022-10-15T15:00:00.000000000,131.04,152.59639
2022-10-15T16:00:00.000000000,121.14,150.23497
2022-10-15T17:00:00.000000000,121.34,148.09828
2022-10-15T18:00:00.000000000,112.23,145.04886
2022-10-15T19:00:00.000000000,102.98,143.01463
2022-10-15T20:00:00.000000000,107.16,141.79209
2022-10-15T21:00:00.000000000,113.93,141.55016
2022-10-15T22:00:00.000000000,106.87,141.75821
2022-10-15T23:00:00.000000000,101.14,142.44767
2022-10-16T00:00:00.000000000,100.58,143.54996
2022-10-16T01:00:00.000000000,106.28,143.92528
2022-10-16T02:00:00.000000000,112.64,144.28595
2022-10-16T03:00:00.000000000,110.22,144.79134
2022-10-16T04:00:00.000000000,115.21,145.04968
2022-10-16T05:00:00.000000000,132.53,145.30844
2022-10-16T06:00:00.000000000,78.15,146.09394
2022-10-16T07:00:00.000000000,52.75,147.86249
2022-10-16T08:00:00.000000000,49.57,148.34664
2022-10-16T09:00:00.000000000,50.32,148.66403
2022-10-16T10:00:00.000000000,55.84,149.17921
2022-10-16T11:00:00.000000000,55.56,149.1481
2022-10-16T12:00:00.000000000,52.09,148.5766
2022-10-16T13:00:00.000000000,54.43,148.12024
2022-10-16T14:00:00.000000000,54.29,146.7949
2022-10-16T15:00:00.000000000,57.67,146.03505
2022-10-16T16:00:00.000000000,56.71,145.29975
2022-10-16T17:00:00.000000000,60.71,144.55705
2022-10-16T18:00:00.000000000,60.34,142.81848
2022-10-16T19:00:00.000000000,59.21,141.87391
2022-10-16T20:00:00.000000000,53.89,141.48717
2022-10-16T21:00:00.000000000,53.52,141.61315
2022-10-16T22:00:00.000000000,48.01,141.87049
2022-10-16T23:00:00.000000000,70.8,142.17503
2022-10-17T00:00:00.000000000,133.86,146.07837
2022-10-17T01:00:00.000000000,151.85,148.69719
2022-10-17T02:00:00.000000000,160.0,151.98525
2022-10-17T03:00:00.000000000,166.18,155.37803
2022-10-17T04:00:00.000000000,165.15,158.50782
2022-10-17T05:00:00.000000000,182.88,161.23082
2022-10-17T06:00:00.000000000,202.72,164.27392
2022-10-17T07:00:00.000000000,209.64,167.82017
2022-10-17T08:00:00.000000000,220.71,169.36646
2022-10-17T09:00:00.000000000,219.39,170.53109
2022-10-17T10:00:00.000000000,214.95,171.89672
2022-10-17T11:00:00.000000000,201.16,172.61716
2022-10-17T12:00:00.000000000,194.77,172.67314
2022-10-17T13:00:00.000000000,144.27,172.69648
2022-10-17T14:00:00.000000000,147.21,171.47455
2022-10-17T15:00:00.000000000,144.64,170.45824
2022-10-17T16:00:00.000000000,155.99,169.25306
2022-10-17T17:00:00.000000000,159.66,168.00945
2022-10-17T18:00:00.000000000,173.42,165.5868
2022-10-17T19:00:00.000000000,181.36,163.68741
2022-10-17T20:00:00.000000000,180.9,162.54511
2022-10-17T21:00:00.000000000,182.38,161.84711
2022-10-17T22:00:00.000000000,168.73,161.36716
2022-10-17T23:00:00.000000000,157.93,161.20847
2022-10-18T00:00:00.000000000,137.94,162.96799
2022-10-18T01:00:00.000000000,145.42,164.93102
2022-10-18T02:00:00.000000000,162.91,167.70858
2022-10-18T03:00:00.000000000,165.99,170.58475
2022-10-18T04:00:00.000000000,177.49,173.50039
2022-10-18T05:00:00.000000000,190.79,176.07392
2022-10-18T06:00:00.000000000,195.54,179.18867
2022-10-18T07:00:00.000000000,233.99,182.92064
2022-10-18T08:00:00.000000000,228.61,184.56691
2022-10-18T09:00:00.000000000,236.13,185.54035
2022-10-18T10:00:00.000000000,232.47,186.23029
2022-10-18T11:00:00.000000000,232.89,185.9986
2022-10-18T12:00:00.000000000,220.13,184.54871
2022-10-18T13:00:00.000000000,146.82,183.13234
2022-10-18T14:00:00.000000000,125.45,180.54599
2022-10-18T15:00:00.000000000,128.74,178.49148
2022-10-18T16:00:00.000000000,131.32,176.28196
2022-10-18T17:00:00.000000000,139.37,174.16006
2022-10-18T18:00:00.000000000,155.29,170.80864
2022-10-18T19:00:00.000000000,153.73,168.0587
2022-10-18T20:00:00.000000000,156.42,166.16404
2022-10-18T21:00:00.000000000,157.0,164.96062
2022-10-18T22:00:00.000000000,151.49,164.12682
2022-10-18T23:00:00.000000000,153.01,163.85132
2022-10-16T00:00:00.000000000,100.58,113.6886
2022-10-16T01:00:00.000000000,106.28,115.48507
2022-10-16T02:00:00.000000000,112.64,117.34921
2022-10-16T03:00:00.000000000,110.22,119.41344
2022-10-16T04:00:00.000000000,115.21,121.75983
2022-10-16T05:00:00.000000000,132.53,124.57591
2022-10-16T06:00:00.000000000,78.15,127.54077
2022-10-16T07:00:00.000000000,52.75,130.9896
2022-10-16T08:00:00.000000000,49.57,133.04518
2022-10-16T09:00:00.000000000,50.32,134.58857
2022-10-16T10:00:00.000000000,55.84,135.88383
2022-10-16T11:00:00.000000000,55.56,136.10065
2022-10-16T12:00:00.000000000,52.09,135.64551
2022-10-16T13:00:00.000000000,54.43,134.97895
2022-10-16T14:00:00.000000000,54.29,133.41177
2022-10-16T15:00:00.000000000,57.67,131.94687
2022-10-16T16:00:00.000000000,56.71,130.51912
2022-10-16T17:00:00.000000000,60.71,128.97693
2022-10-16T18:00:00.000000000,60.34,126.54837
2022-10-16T19:00:00.000000000,59.21,124.86905
2022-10-16T20:00:00.000000000,53.89,123.83545
2022-10-16T21:00:00.000000000,53.52,123.45248
2022-10-16T22:00:00.000000000,48.01,123.50504
2022-10-16T23:00:00.000000000,70.8,123.86011
2022-10-17T00:00:00.000000000,133.86,131.48465
2022-10-17T01:00:00.000000000,151.85,134.51111
2022-10-17T02:00:00.000000000,160.0,138.12347
2022-10-17T03:00:00.000000000,166.18,141.95143
2022-10-17T04:00:00.000000000,165.15,145.55642
2022-10-17T05:00:00.000000000,182.88,148.92815
2022-10-17T06:00:00.000000000,202.72,152.57638
2022-10-17T07:00:00.000000000,209.64,156.62581
2022-10-17T08:00:00.000000000,220.71,158.70662
2022-10-17T09:00:00.000000000,219.39,160.49754
2022-10-17T10:00:00.000000000,214.95,162.54397
2022-10-17T11:00:00.000000000,201.16,163.91626
2022-10-17T12:00:00.000000000,194.77,164.74821
2022-10-17T13:00:00.000000000,144.27,165.44572
2022-10-17T14:00:00.000000000,147.21,164.90784
2022-10-17T15:00:00.000000000,144.64,164.24947
2022-10-17T16:00:00.000000000,155.99,163.32313
2022-10-17T17:00:00.000000000,159.66,162.2029
2022-10-17T18:00:00.000000000,173.42,159.85333
2022-10-17T19:00:00.000000000,181.36,157.90027
2022-10-17T20:00:00.000000000,180.9,156.5772
2022-10-17T21:00:00.000000000,182.38,155.67974
2022-10-17T22:00:00.000000000,168.73,155.07556
2022-10-17T23:00:00.000000000,157.93,154.86417
2022-10-18T00:00:00.000000000,137.94,157.05487
2022-10-18T01:00:00.000000000,145.42,159.44822
2022-10-18T02:00:00.000000000,162.91,162.68487
2022-10-18T03:00:00.000000000,165.99,166.0597
2022-10-18T04:00:00.000000000,177.49,169.48244
2022-10-18T05:00:00.000000000,190.79,172.60525
2022-10-18T06:00:00.000000000,195.54,176.20016
2022-10-18T07:00:00.000000000,233.99,180.3375
2022-10-18T08:00:00.000000000,228.61,182.3203
2022-10-18T09:00:00.000000000,236.13,183.62369
2022-10-18T10:00:00.000000000,232.47,184.65111
2022-10-18T11:00:00.000000000,232.89,184.72861
2022-10-18T12:00:00.000000000,220.13,183.63132
2022-10-18T13:00:00.000000000,146.82,182.52356
2022-10-18T14:00:00.000000000,125.45,180.24262
2022-10-18T15:00:00.000000000,128.74,178.35421
2022-10-18T16:00:00.000000000,131.32,176.21545
2022-10-18T17:00:00.000000000,139.37,174.09543
2022-10-18T18:00:00.000000000,155.29,170.71151
2022-10-18T19:00:00.000000000,153.73,167.88125
2022-10-18T20:00:00.000000000,156.42,165.88879
2022-10-18T21:00:00.000000000,157.0,164.611
2022-10-18T22:00:00.000000000,151.49,163.74174
2022-10-18T23:00:00.000000000,153.01,163.46602
2022-10-19T00:00:00.000000000,131.15,164.77636
2022-10-19T01:00:00.000000000,126.71,166.69851
2022-10-19T02:00:00.000000000,112.05,169.41612
2022-10-19T03:00:00.000000000,117.06,172.17216
2022-10-19T04:00:00.000000000,122.36,174.98362
2022-10-19T05:00:00.000000000,145.64,177.43324
2022-10-19T06:00:00.000000000,151.64,180.41385
2022-10-19T07:00:00.000000000,221.87,184.01618
2022-10-19T08:00:00.000000000,228.71,185.57055
2022-10-19T09:00:00.000000000,234.03,186.42489
2022-10-19T10:00:00.000000000,232.78,186.9723
2022-10-19T11:00:00.000000000,229.33,186.59546
2022-10-19T12:00:00.000000000,209.9,184.95362
2022-10-19T13:00:00.000000000,156.57,183.28271
2022-10-19T14:00:00.000000000,150.63,180.38976
2022-10-19T15:00:00.000000000,148.48,178.04112
2022-10-19T16:00:00.000000000,136.25,175.60718
2022-10-19T17:00:00.000000000,150.62,173.33795
2022-10-19T18:00:00.000000000,142.99,169.90041
2022-10-19T19:00:00.000000000,148.01,167.15015
2022-10-19T20:00:00.000000000,149.2,165.30742
2022-10-19T21:00:00.000000000,145.35,164.17555
2022-10-19T22:00:00.000000000,141.15,163.40739
2022-10-19T23:00:00.000000000,138.23,163.18471
2022-10-17T00:00:00.000000000,133.86,89.35421
2022-10-17T01:00:00.000000000,151.85,92.59386
2022-10-17T02:00:00.000000000,160.0,96.40205
2022-10-17T03:00:00.000000000,166.18,101.00829
2022-10-17T04:00:00.000000000,165.15,105.83337
2022-10-17T05:00:00.000000000,182.88,110.85876
2022-10-17T06:00:00.000000000,202.72,114.98139
2022-10-17T07:00:00.000000000,209.64,118.99256
2022-10-17T08:00:00.000000000,220.71,120.8824
2022-10-17T09:00:00.000000000,219.39,121.82116
2022-10-17T10:00:00.000000000,214.95,122.13962
2022-10-17T11:00:00.000000000,201.16,121.15052
2022-10-17T12:00:00.000000000,194.77,119.87933
2022-10-17T13:00:00.000000000,144.27,118.43631
2022-10-17T14:00:00.000000000,147.21,115.99091
2022-10-17T15:00:00.000000000,144.64,113.89953
2022-10-17T16:00:00.000000000,155.99,112.6757
2022-10-17T17:00:00.000000000,159.66,111.70362
2022-10-17T18:00:00.000000000,173.42,109.99464
2022-10-17T19:00:00.000000000,181.36,108.59281
2022-10-17T20:00:00.000000000,180.9,107.71092
2022-10-17T21:00:00.000000000,182.38,107.26949
2022-10-17T22:00:00.000000000,168.73,107.49352
2022-10-17T23:00:00.000000000,157.93,108.60989
2022-10-18T00:00:00.000000000,137.94,121.47148
2022-10-18T01:00:00.000000000,145.42,125.70603
2022-10-18T02:00:00.000000000,162.91,130.46267
2022-10-18T03:00:00.000000000,165.99,135.33752
2022-10-18T04:00:00.000000000,177.49,140.09699
2022-10-18T05:00:00.000000000,190.79,144.57098
2022-10-18T06:00:00.000000000,195.54,148.88743
2022-10-18T07:00:00.000000000,233.99,153.20059
2022-10-18T08:00:00.000000000,228.61,155.29764
2022-10-18T09:00:00.000000000,236.13,156.79823
2022-10-18T10:00:00.000000000,232.47,158.15409
2022-10-18T11:00:00.000000000,232.89,158.64542
2022-10-18T12:00:00.000000000,220.13,158.48939
2022-10-18T13:00:00.000000000,146.82,158.0991
2022-10-18T14:00:00.000000000,125.45,156.50675
2022-10-18T15:00:00.000000000,128.74,154.83075
2022-10-18T16:00:00.000000000,131.32,153.07754
2022-10-18T17:00:00.000000000,139.37,151.25535
2022-10-18T18:00:00.000000000,155.29,148.40793
2022-10-18T19:00:00.000000000,153.73,146.11897
2022-10-18T20:00:00.000000000,156.42,144.62134
2022-10-18T21:00:00.000000000,157.0,143.77222
2022-10-18T22:00:00.000000000,151.49,143.51028
2022-10-18T23:00:00.000000000,153.01,143.90593
2022-10-19T00:00:00.000000000,131.15,147.57641
2022-10-19T01:00:00.000000000,126.71,150.36089
2022-10-19T02:00:00.000000000,112.05,153.74596
2022-10-19T03:00:00.000000000,117.06,157.0868
2022-10-19T04:00:00.000000000,122.36,160.25197
2022-10-19T05:00:00.000000000,145.64,163.02789
2022-10-19T06:00:00.000000000,151.64,166.0499
2022-10-19T07:00:00.000000000,221.87,169.49116
2022-10-19T08:00:00.000000000,228.71,170.91585
2022-10-19T09:00:00.000000000,234.03,171.83641
2022-10-19T10:00:00.000000000,232.78,172.70204
2022-10-19T11:00:00.000000000,229.33,172.79252
2022-10-19T12:00:00.000000000,209.9,172.03909
2022-10-19T13:00:00.000000000,156.57,171.15447
2022-10-19T14:00:00.000000000,150.63,169.0788
2022-10-19T15:00:00.000000000,148.48,167.28795
2022-10-19T16:00:00.000000000,136.25,165.39091
2022-10-19T17:00:00.000000000,150.62,163.59286
2022-10-19T18:00:00.000000000,142.99,160.70563
2022-10-19T19:00:00.000000000,148.01,158.51807
2022-10-19T20:00:00.000000000,149.2,157.19838
2022-10-19T21:00:00.000000000,145.35,156.514
2022-10-19T22:00:00.000000000,141.15,156.20085
2022-10-19T23:00:00.000000000,138.23,156.3553
2022-10-20T00:00:00.000000000,120.7,157.37078
2022-10-20T01:00:00.000000000,122.31,160.05388
2022-10-20T02:00:00.000000000,116.14,162.8987
2022-10-20T03:00:00.000000000,121.31,165.42923
2022-10-20T04:00:00.000000000,131.33,167.88784
2022-10-20T05:00:00.000000000,145.16,169.93752
2022-10-20T06:00:00.000000000,166.38,172.04421
2022-10-20T07:00:00.000000000,171.28,174.59967
2022-10-20T08:00:00.000000000,198.81,175.24191
2022-10-20T09:00:00.000000000,207.81,175.05441
2022-10-20T10:00:00.000000000,210.41,174.0303
2022-10-20T11:00:00.000000000,202.38,171.83888
2022-10-20T12:00:00.000000000,159.61,168.51017
2022-10-20T13:00:00.000000000,133.89,165.12528
2022-10-20T14:00:00.000000000,135.47,161.02627
2022-10-20T15:00:00.000000000,143.41,157.8225
2022-10-20T16:00:00.000000000,146.02,155.02764
2022-10-20T17:00:00.000000000,159.16,152.74455
2022-10-20T18:00:00.000000000,171.15,149.57898
2022-10-20T19:00:00.000000000,184.34,147.35017
2022-10-20T20:00:00.000000000,208.21,145.92389
2022-10-20T21:00:00.000000000,215.09,145.58526
2022-10-20T22:00:00.000000000,228.34,145.84875
2022-10-20T23:00:00.000000000,221.42,146.95165
2022-10-18T00:00:00.000000000,137.94,162.06107
2022-10-18T01:00:00.000000000,145.42,164.89438
2022-10-18T02:00:00.000000000,162.91,168.02674
2022-10-18T03:00:00.000000000,165.99,170.86892
2022-10-18T04:00:00.000000000,177.49,172.85506
2022-10-18T05:00:00.000000000,190.79,173.73259
2022-10-18T06:00:00.000000000,195.54,174.47717
2022-10-18T07:00:00.000000000,233.99,175.53725
2022-10-18T08:00:00.000000000,228.61,174.36775
2022-10-18T09:00:00.000000000,236.13,172.71893
2022-10-18T10:00:00.000000000,232.47,171.01622
2022-10-18T11:00:00.000000000,232.89,168.86474
2022-10-18T12:00:00.000000000,220.13,166.44365
2022-10-18T13:00:00.000000000,146.82,164.72161
2022-10-18T14:00:00.000000000,125.45,162.51551
2022-10-18T15:00:00.000000000,128.74,161.72008
2022-10-18T16:00:00.000000000,131.32,161.29546
2022-10-18T17:00:00.000000000,139.37,161.24551
2022-10-18T18:00:00.000000000,155.29,160.23854
2022-10-18T19:00:00.000000000,153.73,159.80558
2022-10-18T20:00:00.000000000,156.42,159.9864
2022-10-18T21:00:00.000000000,157.0,160.62315
2022-10-18T22:00:00.000000000,151.49,161.51269
2022-10-18T23:00:00.000000000,153.01,162.84808
2022-10-19T00:00:00.000000000,131.15,163.25108
2022-10-19T01:00:00.000000000,126.71,165.00033
2022-10-19T02:00:00.000000000,112.05,167.21172
2022-10-19T03:00:00.000000000,117.06,169.21553
2022-10-19T04:00:00.000000000,122.36,170.9375
2022-10-19T05:00:00.000000000,145.64,172.11955
2022-10-19T06:00:00.000000000,151.64,173.65847
2022-10-19T07:00:00.000000000,221.87,175.81972
2022-10-19T08:00:00.000000000,228.71,176.14924
2022-10-19T09:00:00.000000000,234.03,175.97471
2022-10-19T10:00:00.000000000,232.78,175.71865
2022-10-19T11:00:00.000000000,229.33,174.80613
2022-10-19T12:00:00.000000000,209.9,173.00291
2022-10-19T13:00:00.000000000,156.57,171.26408
2022-10-19T14:00:00.000000000,150.63,168.46641
2022-10-19T15:00:00.000000000,148.48,166.43332
2022-10-19T16:00:00.000000000,136.25,164.51265
2022-10-19T17:00:00.000000000,150.62,162.87503
2022-10-19T18:00:00.000000000,142.99,160.25846
2022-10-19T19:00:00.000000000,148.01,158.4897
2022-10-19T20:00:00.000000000,149.2,157.59266
2022-10-19T21:00:00.000000000,145.35,157.32525
2022-10-19T22:00:00.000000000,141.15,157.32729
2022-10-19T23:00:00.000000000,138.23,157.70656
2022-10-20T00:00:00.000000000,120.7,158.74208
2022-10-20T01:00:00.000000000,122.31,160.9655
2022-10-20T02:00:00.000000000,116.14,162.98352
2022-10-20T03:00:00.000000000,121.31,164.60157
2022-10-20T04:00:00.000000000,131.33,165.65456
2022-10-20T05:00:00.000000000,145.16,165.9672
2022-10-20T06:00:00.000000000,166.38,166.10074
2022-10-20T07:00:00.000000000,171.28,166.85189
2022-10-20T08:00:00.000000000,198.81,166.03253
2022-10-20T09:00:00.000000000,207.81,164.55981
2022-10-20T10:00:00.000000000,210.41,162.513
2022-10-20T11:00:00.000000000,202.38,159.6744
2022-10-20T12:00:00.000000000,159.61,156.08331
2022-10-20T13:00:00.000000000,133.89,152.66257
2022-10-20T14:00:00.000000000,135.47,148.89092
2022-10-20T15:00:00.000000000,143.41,146.40532
2022-10-20T16:00:00.000000000,146.02,144.59115
2022-10-20T17:00:00.000000000,159.16,143.2446
2022-10-20T18:00:00.000000000,171.15,141.02028
2022-10-20T19:00:00.000000000,184.34,139.39483
2022-10-20T20:00:00.000000000,208.21,138.27477
2022-10-20T21:00:00.000000000,215.09,138.20322
2022-10-20T22:00:00.000000000,228.34,138.76015
2022-10-20T23:00:00.000000000,221.42,140.26618
2022-10-21T00:00:00.000000000,214.11,145.49383
2022-10-21T01:00:00.000000000,193.01,146.24504
2022-10-21T02:00:00.000000000,170.0,146.81394
2022-10-21T03:00:00.000000000,194.43,147.32016
2022-10-21T04:00:00.000000000,217.42,147.63027
2022-10-21T05:00:00.000000000,210.39,147.81967
2022-10-21T06:00:00.000000000,201.4,148.17476
2022-10-21T07:00:00.000000000,197.47,149.36504
2022-10-21T08:00:00.000000000,249.81,149.38081
2022-10-21T09:00:00.000000000,226.59,148.91639
2022-10-21T10:00:00.000000000,223.27,148.19253
2022-10-21T11:00:00.000000000,238.07,146.73157
2022-10-21T12:00:00.000000000,238.86,144.55506
2022-10-21T13:00:00.000000000,152.48,142.37068
2022-10-21T14:00:00.000000000,166.44,139.56017
2022-10-21T15:00:00.000000000,174.65,137.563
2022-10-21T16:00:00.000000000,172.95,135.88121
2022-10-21T17:00:00.000000000,202.26,134.29921
2022-10-21T18:00:00.000000000,198.36,131.83866
2022-10-21T19:00:00.000000000,194.14,130.18252
2022-10-21T20:00:00.000000000,174.69,129.13586
2022-10-21T21:00:00.000000000,166.38,129.05049
2022-10-21T22:00:00.000000000,175.46,129.42298
2022-10-21T23:00:00.000000000,190.24,130.27346
2022-10-19T00:00:00.000000000,131.15,152.79722
2022-10-19T01:00:00.000000000,126.71,155.27698
2022-10-19T02:00:00.000000000,112.05,158.3848
2022-10-19T03:00:00.000000000,117.06,161.46457
2022-10-19T04:00:00.000000000,122.36,164.64214
2022-10-19T05:00:00.000000000,145.64,167.60547
2022-10-19T06:00:00.000000000,151.64,170.91156
2022-10-19T07:00:00.000000000,221.87,174.65811
2022-10-19T08:00:00.000000000,228.71,176.35037
2022-10-19T09:00:00.000000000,234.03,177.346
2022-10-19T10:00:00.000000000,232.78,177.92986
2022-10-19T11:00:00.000000000,229.33,177.47752
2022-10-19T12:00:00.000000000,209.9,175.8699
2022-10-19T13:00:00.000000000,156.57,174.08973
2022-10-19T14:00:00.000000000,150.63,171.15525
2022-10-19T15:00:00.000000000,148.48,168.60374
2022-10-19T16:00:00.000000000,136.25,165.9998
2022-10-19T17:00:00.000000000,150.62,163.60185
2022-10-19T18:00:00.000000000,142.99,160.15532
2022-10-19T19:00:00.000000000,148.01,157.57826
2022-10-19T20:00:00.000000000,149.2,155.9528
2022-10-19T21:00:00.000000000,145.35,155.15216
2022-10-19T22:00:00.000000000,141.15,154.79814
2022-10-19T23:00:00.000000000,138.23,155.02042
2022-10-20T00:00:00.000000000,120.7,156.90559
2022-10-20T01:00:00.000000000,122.31,158.83815
2022-10-20T02:00:00.000000000,116.14,160.69884
2022-10-20T03:00:00.000000000,121.31,162.29519
2022-10-20T04:00:00.000000000,131.33,163.64892
2022-10-20T05:00:00.000000000,145.16,164.59528
2022-10-20T06:00:00.000000000,166.38,165.63883
2022-10-20T07:00:00.000000000,171.28,167.34669
2022-10-20T08:00:00.000000000,198.81,167.41784
2022-10-20T09:00:00.000000000,207.81,166.82371
2022-10-20T10:00:00.000000000,210.41,165.60585
2022-10-20T11:00:00.000000000,202.38,163.43069
2022-10-20T12:00:00.000000000,159.61,160.31203
2022-10-20T13:00:00.000000000,133.89,157.24239
2022-10-20T14:00:00.000000000,135.47,153.57669
2022-10-20T15:00:00.000000000,143.41,150.9167
2022-10-20T16:00:00.000000000,146.02,148.67775
2022-10-20T17:00:00.000000000,159.16,146.83494
2022-10-20T18:00:00.000000000,171.15,144.10921
2022-10-20T19:00:00.000000000,184.34,142.23242
2022-10-20T20:00:00.000000000,208.21,141.01759
2022-10-20T21:00:00.000000000,215.09,140.86238
2022-10-20T22:00:00.000000000,228.34,141.24892
2022-10-20T23:00:00.000000000,221.42,142.38368
2022-10-21T00:00:00.000000000,214.11,147.83306
2022-10-21T01:00:00.000000000,193.01,147.92468
2022-10-21T02:00:00.000000000,170.0,147.79731
2022-10-21T03:00:00.000000000,194.43,147.60474
2022-10-21T04:00:00.000000000,217.42,147.10837
2022-10-21T05:00:00.000000000,210.39,146.39313
2022-10-21T06:00:00.000000000,201.4,145.8552
2022-10-21T07:00:00.000000000,197.47,146.21721
2022-10-21T08:00:00.000000000,249.81,145.66799
2022-10-21T09:00:00.000000000,226.59,144.69174
2022-10-21T10:00:00.000000000,223.27,143.55961
2022-10-21T11:00:00.000000000,238.07,141.9058
2022-10-21T12:00:00.000000000,238.86,139.64525
2022-10-21T13:00:00.000000000,152.48,137.44075
2022-10-21T14:00:00.000000000,166.44,134.66481
2022-10-21T15:00:00.000000000,174.65,132.7996
2022-10-21T16:00:00.000000000,172.95,131.35315
2022-10-21T17:00:00.000000000,202.26,129.91583
2022-10-21T18:00:00.000000000,198.36,127.60287
2022-10-21T19:00:00.000000000,194.14,125.96976
2022-10-21T20:00:00.000000000,174.69,124.85355
2022-10-21T21:00:00.000000000,166.38,124.66321
2022-10-21T22:00:00.000000000,175.46,124.88056
2022-10-21T23:00:00.000000000,190.24,125.58376
2022-10-22T00:00:00.000000000,165.75,132.14627
2022-10-22T01:00:00.000000000,154.69,132.22029
2022-10-22T02:00:00.000000000,158.62,132.15171
2022-10-22T03:00:00.000000000,157.03,132.27565
2022-10-22T04:00:00.000000000,164.05,132.48838
2022-10-22T05:00:00.000000000,171.42,133.08687
2022-10-22T06:00:00.000000000,198.73,134.22017
2022-10-22T07:00:00.000000000,182.24,136.36803
2022-10-22T08:00:00.000000000,194.27,137.53499
2022-10-22T09:00:00.000000000,199.18,138.44372
2022-10-22T10:00:00.000000000,209.42,139.31095
2022-10-22T11:00:00.000000000,205.41,139.34787
2022-10-22T12:00:00.000000000,176.99,138.66963
2022-10-22T13:00:00.000000000,144.44,137.93369
2022-10-22T14:00:00.000000000,144.76,136.47238
2022-10-22T15:00:00.000000000,173.99,135.39988
2022-10-22T16:00:00.000000000,169.55,134.33412
2022-10-22T17:00:00.000000000,143.09,133.16786
2022-10-22T18:00:00.000000000,143.98,130.95024
2022-10-22T19:00:00.000000000,140.57,129.48096
2022-10-22T20:00:00.000000000,141.3,128.47132
2022-10-22T21:00:00.000000000,135.61,128.13833
2022-10-22T22:00:00.000000000,139.75,128.10485
2022-10-22T23:00:00.000000000,136.75,128.24738
2022-10-20T00:00:00.000000000,120.7,139.29117
2022-10-20T01:00:00.000000000,122.31,141.90266
2022-10-20T02:00:00.000000000,116.14,144.63741
2022-10-20T03:00:00.000000000,121.31,147.26234
2022-10-20T04:00:00.000000000,131.33,150.03205
2022-10-20T05:00:00.000000000,145.16,152.82615
2022-10-20T06:00:00.000000000,166.38,155.6728
2022-10-20T07:00:00.000000000,171.28,158.94175
2022-10-20T08:00:00.000000000,198.81,160.40944
2022-10-20T09:00:00.000000000,207.81,161.1287
2022-10-20T10:00:00.000000000,210.41,161.15713
2022-10-20T11:00:00.000000000,202.38,159.9443
2022-10-20T12:00:00.000000000,159.61,157.7499
2022-10-20T13:00:00.000000000,133.89,155.28201
2022-10-20T14:00:00.000000000,135.47,152.04154
2022-10-20T15:00:00.000000000,143.41,149.25708
2022-10-20T16:00:00.000000000,146.02,146.66254
2022-10-20T17:00:00.000000000,159.16,144.30135
2022-10-20T18:00:00.000000000,171.15,141.05509
2022-10-20T19:00:00.000000000,184.34,138.73039
2022-10-20T20:00:00.000000000,208.21,137.24565
2022-10-20T21:00:00.000000000,215.09,136.86973
2022-10-20T22:00:00.000000000,228.34,137.13868
2022-10-20T23:00:00.000000000,221.42,138.1217
2022-10-21T00:00:00.000000000,214.11,143.7354
2022-10-21T01:00:00.000000000,193.01,144.05418
2022-10-21T02:00:00.000000000,170.0,144.16476
2022-10-21T03:00:00.000000000,194.43,143.86251
2022-10-21T04:00:00.000000000,217.42,143.02176
2022-10-21T05:00:00.000000000,210.39,141.65757
2022-10-21T06:00:00.000000000,201.4,140.18325
2022-10-21T07:00:00.000000000,197.47,139.38927
2022-10-21T08:00:00.000000000,249.81,137.94584
2022-10-21T09:00:00.000000000,226.59,136.13305
2022-10-21T10:00:00.000000000,223.27,134.21013
2022-10-21T11:00:00.000000000,238.07,132.06162
2022-10-21T12:00:00.000000000,238.86,129.62496
2022-10-21T13:00:00.000000000,152.48,127.31634
2022-10-21T14:00:00.000000000,166.44,124.6282
2022-10-21T15:00:00.000000000,174.65,122.87883
2022-10-21T16:00:00.000000000,172.95,121.7507
2022-10-21T17:00:00.000000000,202.26,120.66826
2022-10-21T18:00:00.000000000,198.36,118.8464
2022-10-21T19:00:00.000000000,194.14,117.59061
2022-10-21T20:00:00.000000000,174.69,116.86403
2022-10-21T21:00:00.000000000,166.38,116.9517
2022-10-21T22:00:00.000000000,175.46,117.44025
2022-10-21T23:00:00.000000000,190.24,118.46224
2022-10-22T00:00:00.000000000,165.75,129.70717
2022-10-22T01:00:00.000000000,154.69,129.90446
2022-10-22T02:00:00.000000000,158.62,129.8862
2022-10-22T03:00:00.000000000,157.03,129.88328
2022-10-22T04:00:00.000000000,164.05,129.88769
2022-10-22T05:00:00.000000000,171.42,130.1444
2022-10-22T06:00:00.000000000,198.73,130.6757
2022-10-22T07:00:00.000000000,182.24,132.09054
2022-10-22T08:00:00.000000000,194.27,132.65574
2022-10-22T09:00:00.000000000,199.18,132.87932
2022-10-22T10:00:00.000000000,209.42,133.0042
2022-10-22T11:00:00.000000000,205.41,132.3715
2022-10-22T12:00:00.000000000,176.99,131.14895
2022-10-22T13:00:00.000000000,144.44,129.91189
2022-10-22T14:00:00.000000000,144.76,128.07058
2022-10-22T15:00:00.000000000,173.99,126.77672
2022-10-22T16:00:00.000000000,169.55,125.66128
2022-10-22T17:00:00.000000000,143.09,124.50363
2022-10-22T18:00:00.000000000,143.98,122.44574
2022-10-22T19:00:00.000000000,140.57,121.18916
2022-10-22T20:00:00.000000000,141.3,120.45633
2022-10-22T21:00:00.000000000,135.61,120.44105
2022-10-22T22:00:00.000000000,139.75,120.75595
2022-10-22T23:00:00.000000000,136.75,121.25909
2022-10-23T00:00:00.000000000,126.62,129.68762
2022-10-23T01:00:00.000000000,123.88,131.40801
2022-10-23T02:00:00.000000000,125.16,133.1194
2022-10-23T03:00:00.000000000,127.63,134.82319
2022-10-23T04:00:00.000000000,135.68,136.53899
2022-10-23T05:00:00.000000000,166.7,138.39091
2022-10-23T06:00:00.000000000,154.64,140.36336
2022-10-23T07:00:00.000000000,172.22,142.92565
2022-10-23T08:00:00.000000000,170.85,144.04452
2022-10-23T09:00:00.000000000,144.64,144.66758
2022-10-23T10:00:00.000000000,165.35,145.06409
2022-10-23T11:00:00.000000000,165.72,144.56772
2022-10-23T12:00:00.000000000,165.78,143.41074
2022-10-23T13:00:00.000000000,157.65,142.13462
2022-10-23T14:00:00.000000000,126.44,140.04527
2022-10-23T15:00:00.000000000,125.93,138.32357
2022-10-23T16:00:00.000000000,122.29,136.66423
2022-10-23T17:00:00.000000000,130.9,135.05431
2022-10-23T18:00:00.000000000,141.12,132.6096
2022-10-23T19:00:00.000000000,149.28,131.08792
2022-10-23T20:00:00.000000000,147.68,130.33413
2022-10-23T21:00:00.000000000,142.66,130.38553
2022-10-23T22:00:00.000000000,147.18,130.86333
2022-10-23T23:00:00.000000000,141.6,131.61967
2022-10-21T00:00:00.000000000,214.11,197.86823
2022-10-21T01:00:00.000000000,193.01,195.02546
2022-10-21T02:00:00.000000000,170.0,191.57892
2022-10-21T03:00:00.000000000,194.43,188.30131
2022-10-21T04:00:00.000000000,217.42,183.76399
2022-10-21T05:00:00.000000000,210.39,178.36418
2022-10-21T06:00:00.000000000,201.4,173.7723
2022-10-21T07:00:00.000000000,197.47,171.1992
2022-10-21T08:00:00.000000000,249.81,167.87897
2022-10-21T09:00:00.000000000,226.59,164.60943
2022-10-21T10:00:00.000000000,223.27,161.98329
2022-10-21T11:00:00.000000000,238.07,160.0165
2022-10-21T12:00:00.000000000,238.86,157.65353
2022-10-21T13:00:00.000000000,152.48,155.9396
2022-10-21T14:00:00.000000000,166.44,153.31905
2022-10-21T15:00:00.000000000,174.65,152.38814
2022-10-21T16:00:00.000000000,172.95,152.00747
2022-10-21T17:00:00.000000000,202.26,151.85507
2022-10-21T18:00:00.000000000,198.36,151.11563
2022-10-21T19:00:00.000000000,194.14,151.31903
2022-10-21T20:00:00.000000000,174.69,151.89143
2022-10-21T21:00:00.000000000,166.38,153.2148
2022-10-21T22:00:00.000000000,175.46,154.23981
2022-10-21T23:00:00.000000000,190.24,155.36815
2022-10-22T00:00:00.000000000,165.75,160.84179
2022-10-22T01:00:00.000000000,154.69,159.25831
2022-10-22T02:00:00.000000000,158.62,157.26032
2022-10-22T03:00:00.000000000,157.03,155.44552
2022-10-22T04:00:00.000000000,164.05,152.79644
2022-10-22T05:00:00.000000000,171.42,149.80315
2022-10-22T06:00:00.000000000,198.73,147.3361
2022-10-22T07:00:00.000000000,182.24,146.3564
2022-10-22T08:00:00.000000000,194.27,144.58094
2022-10-22T09:00:00.000000000,199.18,142.86449
2022-10-22T10:00:00.000000000,209.42,141.71891
2022-10-22T11:00:00.000000000,205.41,140.689
2022-10-22T12:00:00.000000000,176.99,139.48373
2022-10-22T13:00:00.000000000,144.44,138.71467
2022-10-22T14:00:00.000000000,144.76,137.22476
2022-10-22T15:00:00.000000000,173.99,136.94635
2022-10-22T16:00:00.000000000,169.55,137.04701
2022-10-22T17:00:00.000000000,143.09,137.22485
2022-10-22T18:00:00.000000000,143.98,136.67178
2022-10-22T19:00:00.000000000,140.57,137.01452
2022-10-22T20:00:00.000000000,141.3,137.79782
2022-10-22T21:00:00.000000000,135.61,139.08357
2022-10-22T22:00:00.000000000,139.75,140.16853
2022-10-22T23:00:00.000000000,136.75,141.13793
2022-10-23T00:00:00.000000000,126.62,145.66551
2022-10-23T01:00:00.000000000,123.88,147.81159
2022-10-23T02:00:00.000000000,125.16,149.98363
2022-10-23T03:00:00.000000000,127.63,151.96236
2022-10-23T04:00:00.000000000,135.68,153.81864
2022-10-23T05:00:00.000000000,166.7,155.48392
2022-10-23T06:00:00.000000000,154.64,157.25298
2022-10-23T07:00:00.000000000,172.22,159.60213
2022-10-23T08:00:00.000000000,170.85,160.26936
2022-10-23T09:00:00.000000000,144.64,160.33414
2022-10-23T10:00:00.000000000,165.35,159.9586
2022-10-23T11:00:00.000000000,165.72,158.64732
2022-10-23T12:00:00.000000000,165.78,156.48655
2022-10-23T13:00:00.000000000,157.65,154.26517
2022-10-23T14:00:00.000000000,126.44,151.27298
2022-10-23T15:00:00.000000000,125.93,148.92607
2022-10-23T16:00:00.000000000,122.29,146.73788
2022-10-23T17:00:00.000000000,130.9,144.81672
2022-10-23T18:00:00.000000000,141.12,142.05198
2022-10-23T19:00:00.000000000,149.28,140.28464
2022-10-23T20:00:00.000000000,147.68,139.35055
2022-10-23T21:00:00.000000000,142.66,139.39613
2022-10-23T22:00:00.000000000,147.18,139.94443
2022-10-23T23:00:00.000000000,141.6,140.99335
2022-10-24T00:00:00.000000000,145.43,143.7067
2022-10-24T01:00:00.000000000,138.58,146.67794
2022-10-24T02:00:00.000000000,135.37,150.11393
2022-10-24T03:00:00.000000000,133.48,153.48214
2022-10-24T04:00:00.000000000,135.03,157.08197
2022-10-24T05:00:00.000000000,156.43,160.64733
2022-10-24T06:00:00.000000000,156.46,164.36256
2022-10-24T07:00:00.000000000,165.8,168.38701
2022-10-24T08:00:00.000000000,188.94,170.33591
2022-10-24T09:00:00.000000000,190.73,171.48058
2022-10-24T10:00:00.000000000,195.67,171.96706
2022-10-24T11:00:00.000000000,194.26,171.19258
2022-10-24T12:00:00.000000000,202.4,169.26936
2022-10-24T13:00:00.000000000,161.12,167.02493
2022-10-24T14:00:00.000000000,152.79,163.71898
2022-10-24T15:00:00.000000000,158.27,160.70144
2022-10-24T16:00:00.000000000,163.69,157.72997
2022-10-24T17:00:00.000000000,190.0,155.04256
2022-10-24T18:00:00.000000000,191.43,151.44623
2022-10-24T19:00:00.000000000,197.11,148.87759
2022-10-24T20:00:00.000000000,206.39,147.32585
2022-10-24T21:00:00.000000000,209.5,146.78394
2022-10-24T22:00:00.000000000,211.81,146.80231
2022-10-24T23:00:00.000000000,209.57,147.47693
2022-10-22T00:00:00.000000000,165.75,180.88033
2022-10-22T01:00:00.000000000,154.69,178.06725
2022-10-22T02:00:00.000000000,158.62,175.04269
2022-10-22T03:00:00.000000000,157.03,172.44702
2022-10-22T04:00:00.000000000,164.05,169.30895
2022-10-22T05:00:00.000000000,171.42,165.94328
2022-10-22T06:00:00.000000000,198.73,163.59292
2022-10-22T07:00:00.000000000,182.24,163.0048
2022-10-22T08:00:00.000000000,194.27,161.5316
2022-10-22T09:00:00.000000000,199.18,159.97232
2022-10-22T10:00:00.000000000,209.42,158.77991
2022-10-22T11:00:00.000000000,205.41,157.70615
2022-10-22T12:00:00.000000000,176.99,155.92536
2022-10-22T13:00:00.000000000,144.44,154.60655
2022-10-22T14:00:00.000000000,144.76,152.35103
2022-10-22T15:00:00.000000000,173.99,151.44035
2022-10-22T16:00:00.000000000,169.55,150.71856
2022-10-22T17:00:00.000000000,143.09,149.99086
2022-10-22T18:00:00.000000000,143.98,148.35336
2022-10-22T19:00:00.000000000,140.57,147.68773
2022-10-22T20:00:00.000000000,141.3,147.40876
2022-10-22T21:00:00.000000000,135.61,147.81812
2022-10-22T22:00:00.000000000,139.75,148.0902
2022-10-22T23:00:00.000000000,136.75,148.37433
2022-10-23T00:00:00.000000000,126.62,150.33745
2022-10-23T01:00:00.000000000,123.88,151.01411
2022-10-23T02:00:00.000000000,125.16,151.64787
2022-10-23T03:00:00.000000000,127.63,152.27839
2022-10-23T04:00:00.000000000,135.68,152.79277
2022-10-23T05:00:00.000000000,166.7,153.27996
2022-10-23T06:00:00.000000000,154.64,154.21245
2022-10-23T07:00:00.000000000,172.22,156.07302
2022-10-23T08:00:00.000000000,170.85,156.55166
2022-10-23T09:00:00.000000000,144.64,156.62198
2022-10-23T10:00:00.000000000,165.35,156.51306
2022-10-23T11:00:00.000000000,165.72,155.66643
2022-10-23T12:00:00.000000000,165.78,153.99385
2022-10-23T13:00:00.000000000,157.65,152.33802
2022-10-23T14:00:00.000000000,126.44,149.83472
2022-10-23T15:00:00.000000000,125.93,147.99506
2022-10-23T16:00:00.000000000,122.29,146.22442
2022-10-23T17:00:00.000000000,130.9,144.58696
2022-10-23T18:00:00.000000000,141.12,142.05843
2022-10-23T19:00:00.000000000,149.28,140.54446
2022-10-23T20:00:00.000000000,147.68,139.76709
2022-10-23T21:00:00.000000000,142.66,139.84359
2022-10-23T22:00:00.000000000,147.18,140.21982
2022-10-23T23:00:00.000000000,141.6,140.84971
2022-10-24T00:00:00.000000000,145.43,146.74938
2022-10-24T01:00:00.000000000,138.58,149.35839
2022-10-24T02:00:00.000000000,135.37,152.01503
2022-10-24T03:00:00.000000000,133.48,154.38571
2022-10-24T04:00:00.000000000,135.03,156.50798
2022-10-24T05:00:00.000000000,156.43,158.26564
2022-10-24T06:00:00.000000000,156.46,159.96123
2022-10-24T07:00:00.000000000,165.8,162.1236
2022-10-24T08:00:00.000000000,188.94,162.48106
2022-10-24T09:00:00.000000000,190.73,162.19158
2022-10-24T10:00:00.000000000,195.67,161.44821
2022-10-24T11:00:00.000000000,194.26,159.81935
2022-10-24T12:00:00.000000000,202.4,157.41981
2022-10-24T13:00:00.000000000,161.12,155.01568
2022-10-24T14:00:00.000000000,152.79,151.8798
2022-10-24T15:00:00.000000000,158.27,149.48611
2022-10-24T16:00:00.000000000,163.69,147.32083
2022-10-24T17:00:00.000000000,190.0,145.50953
2022-10-24T18:00:00.000000000,191.43,142.92069
2022-10-24T19:00:00.000000000,197.11,141.34008
2022-10-24T20:00:00.000000000,206.39,140.63653
2022-10-24T21:00:00.000000000,209.5,140.90559
2022-10-24T22:00:00.000000000,211.81,141.68732
2022-10-24T23:00:00.000000000,209.57,143.00751
2022-10-25T00:00:00.000000000,206.75,143.8638
2022-10-25T01:00:00.000000000,169.65,143.51264
2022-10-25T02:00:00.000000000,161.85,143.06034
2022-10-25T03:00:00.000000000,161.66,142.8516
2022-10-25T04:00:00.000000000,163.13,142.62326
2022-10-25T05:00:00.000000000,198.78,142.66154
2022-10-25T06:00:00.000000000,193.42,143.38014
2022-10-25T07:00:00.000000000,230.02,145.25568
2022-10-25T08:00:00.000000000,192.64,146.0604
2022-10-25T09:00:00.000000000,186.4,146.63275
2022-10-25T10:00:00.000000000,186.35,147.24549
2022-10-25T11:00:00.000000000,189.06,147.17934
2022-10-25T12:00:00.000000000,164.03,146.34833
2022-10-25T13:00:00.000000000,135.73,145.53227
2022-10-25T14:00:00.000000000,133.18,143.88904
2022-10-25T15:00:00.000000000,131.75,142.77507
2022-10-25T16:00:00.000000000,164.24,141.63555
2022-10-25T17:00:00.000000000,181.04,140.43382
2022-10-25T18:00:00.000000000,157.42,138.19375
2022-10-25T19:00:00.000000000,143.66,136.80752
2022-10-25T20:00:00.000000000,156.31,135.93896
2022-10-25T21:00:00.000000000,162.03,135.76599
2022-10-25T22:00:00.000000000,174.99,135.7962
2022-10-25T23:00:00.000000000,207.13,135.93787
2022-10-23T00:00:00.000000000,126.62,138.00462
2022-10-23T01:00:00.000000000,123.88,138.45975
2022-10-23T02:00:00.000000000,125.16,138.87544
2022-10-23T03:00:00.000000000,127.63,139.46321
2022-10-23T04:00:00.000000000,135.68,140.21252
2022-10-23T05:00:00.000000000,166.7,141.31653
2022-10-23T06:00:00.000000000,154.64,142.94876
2022-10-23T07:00:00.000000000,172.22,145.51806
2022-10-23T08:00:00.000000000,170.85,146.86343
2022-10-23T09:00:00.000000000,144.64,147.81434
2022-10-23T10:00:00.000000000,165.35,148.57443
2022-10-23T11:00:00.000000000,165.72,148.41526
2022-10-23T12:00:00.000000000,165.78,147.38148
2022-10-23T13:00:00.000000000,157.65,146.17415
2022-10-23T14:00:00.000000000,126.44,144.10426
2022-10-23T15:00:00.000000000,125.93,142.38127
2022-10-23T16:00:00.000000000,122.29,140.61343
2022-10-23T17:00:00.000000000,130.9,138.79711
2022-10-23T18:00:00.000000000,141.12,135.99393
2022-10-23T19:00:00.000000000,149.28,134.10604
2022-10-23T20:00:00.000000000,147.68,132.88173
2022-10-23T21:00:00.000000000,142.66,132.52556
2022-10-23T22:00:00.000000000,147.18,132.53686
2022-10-23T23:00:00.000000000,141.6,132.80802
2022-10-24T00:00:00.000000000,145.43,139.30655
2022-10-24T01:00:00.000000000,138.58,141.95576
2022-10-24T02:00:00.000000000,135.37,144.68525
2022-10-24T03:00:00.000000000,133.48,147.22461
2022-10-24T04:00:00.000000000,135.03,149.63799
2022-10-24T05:00:00.000000000,156.43,151.86434
2022-10-24T06:00:00.000000000,156.46,154.03738
2022-10-24T07:00:00.000000000,165.8,156.63537
2022-10-24T08:00:00.000000000,188.94,157.44483
2022-10-24T09:00:00.000000000,190.73,157.61465
2022-10-24T10:00:00.000000000,195.67,157.36321
2022-10-24T11:00:00.000000000,194.26,156.16564
2022-10-24T12:00:00.000000000,202.4,154.21746
2022-10-24T13:00:00.000000000,161.12,152.17266
2022-10-24T14:00:00.000000000,152.79,149.33666
2022-10-24T15:00:00.000000000,158.27,147.05003
2022-10-24T16:00:00.000000000,163.69,144.90984
2022-10-24T17:00:00.000000000,190.0,143.01793
2022-10-24T18:00:00.000000000,191.43,140.33354
2022-10-24T19:00:00.000000000,197.11,138.64243
2022-10-24T20:00:00.000000000,206.39,137.84464
2022-10-24T21:00:00.000000000,209.5,138.00223
2022-10-24T22:00:00.000000000,211.81,138.68627
2022-10-24T23:00:00.000000000,209.57,139.86419
2022-10-25T00:00:00.000000000,206.75,142.2975
2022-10-25T01:00:00.000000000,169.65,142.03814
2022-10-25T02:00:00.000000000,161.85,141.81761
2022-10-25T03:00:00.000000000,161.66,141.90156
2022-10-25T04:00:00.000000000,163.13,141.84995
2022-10-25T05:00:00.000000000,198.78,141.99597
2022-10-25T06:00:00.000000000,193.42,142.92424
2022-10-25T07:00:00.000000000,230.02,145.00202
2022-10-25T08:00:00.000000000,192.64,145.95519
2022-10-25T09:00:00.000000000,186.4,146.86275
2022-10-25T10:00:00.000000000,186.35,148.08375
2022-10-25T11:00:00.000000000,189.06,148.73794
2022-10-25T12:00:00.000000000,164.03,148.78135
2022-10-25T13:00:00.000000000,135.73,148.90666
2022-10-25T14:00:00.000000000,133.18,148.14388
2022-10-25T15:00:00.000000000,131.75,147.81898
2022-10-25T16:00:00.000000000,164.24,147.41901
2022-10-25T17:00:00.000000000,181.04,146.88409
2022-10-25T18:00:00.000000000,157.42,145.15839
2022-10-25T19:00:00.000000000,143.66,144.04687
2022-10-25T20:00:00.000000000,156.31,143.31147
2022-10-25T21:00:00.000000000,162.03,142.96808
2022-10-25T22:00:00.000000000,174.99,142.71665
2022-10-25T23:00:00.000000000,207.13,142.49541
2022-10-26T00:00:00.000000000,196.73,152.09831
2022-10-26T01:00:00.000000000,173.25,153.7317
2022-10-26T02:00:00.000000000,171.05,155.10399
2022-10-26T03:00:00.000000000,181.12,156.10276
2022-10-26T04:00:00.000000000,186.22,156.61514
2022-10-26T05:00:00.000000000,205.5,156.64358
2022-10-26T06:00:00.000000000,199.08,156.65674
2022-10-26T07:00:00.000000000,203.47,157.43246
2022-10-26T08:00:00.000000000,209.24,156.82251
2022-10-26T09:00:00.000000000,217.15,155.70832
2022-10-26T10:00:00.000000000,206.13,154.28923
2022-10-26T11:00:00.000000000,217.52,152.24445
2022-10-26T12:00:00.000000000,227.19,149.55363
2022-10-26T13:00:00.000000000,147.72,147.00887
2022-10-26T14:00:00.000000000,134.89,143.92168
2022-10-26T15:00:00.000000000,131.39,141.85414
2022-10-26T16:00:00.000000000,158.44,140.174
2022-10-26T17:00:00.000000000,164.6,138.85773
2022-10-26T18:00:00.000000000,137.49,136.78603
2022-10-26T19:00:00.000000000,129.87,135.64374
2022-10-26T20:00:00.000000000,125.97,135.21521
2022-10-26T21:00:00.000000000,116.54,135.74219
2022-10-26T22:00:00.000000000,117.06,136.73095
2022-10-26T23:00:00.000000000,118.78,138.20371
2022-10-24T00:00:00.000000000,145.43,148.96787
2022-10-24T01:00:00.000000000,138.58,152.0153
2022-10-24T02:00:00.000000000,135.37,155.13804
2022-10-24T03:00:00.000000000,133.48,157.89445
2022-10-24T04:00:00.000000000,135.03,160.41124
2022-10-24T05:00:00.000000000,156.43,162.47979
2022-10-24T06:00:00.000000000,156.46,164.38815
2022-10-24T07:00:00.000000000,165.8,166.66687
2022-10-24T08:00:00.000000000,188.94,167.02531
2022-10-24T09:00:00.000000000,190.73,166.63087
2022-10-24T10:00:00.000000000,195.67,165.60608
2022-10-24T11:00:00.000000000,194.26,163.5822
2022-10-24T12:00:00.000000000,202.4,160.7098
2022-10-24T13:00:00.000000000,161.12,157.82185
2022-10-24T14:00:00.000000000,152.79,154.26796
2022-10-24T15:00:00.000000000,158.27,151.5377
2022-10-24T16:00:00.000000000,163.69,149.12932
2022-10-24T17:00:00.000000000,190.0,147.18018
2022-10-24T18:00:00.000000000,191.43,144.46123
2022-10-24T19:00:00.000000000,197.11,142.73929
2022-10-24T20:00:00.000000000,206.39,141.90088
2022-10-24T21:00:00.000000000,209.5,142.11263
2022-10-24T22:00:00.000000000,211.81,142.91451
2022-10-24T23:00:00.000000000,209.57,144.40798
2022-10-25T00:00:00.000000000,206.75,144.73756
2022-10-25T01:00:00.000000000,169.65,144.57705
2022-10-25T02:00:00.000000000,161.85,144.29174
2022-10-25T03:00:00.000000000,161.66,144.19266
2022-10-25T04:00:00.000000000,163.13,144.09242
2022-10-25T05:00:00.000000000,198.78,144.22165
2022-10-25T06:00:00.000000000,193.42,144.93784
2022-10-25T07:00:00.000000000,230.02,146.75187
2022-10-25T08:00:00.000000000,192.64,147.47039
2022-10-25T09:00:00.000000000,186.4,147.86356
2022-10-25T10:00:00.000000000,186.35,148.18515
2022-10-25T11:00:00.000000000,189.06,147.78151
2022-10-25T12:00:00.000000000,164.03,146.56047
2022-10-25T13:00:00.000000000,135.73,145.31029
2022-10-25T14:00:00.000000000,133.18,143.24185
2022-10-25T15:00:00.000000000,131.75,141.73892
2022-10-25T16:00:00.000000000,164.24,140.24432
2022-10-25T17:00:00.000000000,181.04,138.7139
2022-10-25T18:00:00.000000000,157.42,136.20071
2022-10-25T19:00:00.000000000,143.66,134.60666
2022-10-25T20:00:00.000000000,156.31,133.60235
2022-10-25T21:00:00.000000000,162.03,133.42866
2022-10-25T22:00:00.000000000,174.99,133.53365
2022-10-25T23:00:00.000000000,207.13,133.82962
2022-10-26T00:00:00.000000000,196.73,143.99516
2022-10-26T01:00:00.000000000,173.25,145.2149
2022-10-26T02:00:00.000000000,171.05,146.195
2022-10-26T03:00:00.000000000,181.12,146.91737
2022-10-26T04:00:00.000000000,186.22,147.33965
2022-10-26T05:00:00.000000000,205.5,147.52064
2022-10-26T06:00:00.000000000,199.08,147.71996
2022-10-26T07:00:00.000000000,203.47,148.67524
2022-10-26T08:00:00.000000000,209.24,148.43959
2022-10-26T09:00:00.000000000,217.15,147.70163
2022-10-26T10:00:00.000000000,206.13,146.68195
2022-10-26T11:00:00.000000000,217.52,144.97994
2022-10-26T12:00:00.000000000,227.19,142.6399
2022-10-26T13:00:00.000000000,147.72,140.33734
2022-10-26T14:00:00.000000000,134.89,137.47942
2022-10-26T15:00:00.000000000,131.39,135.47686
2022-10-26T16:00:00.000000000,158.44,133.82521
2022-10-26T17:00:00.000000000,164.6,132.38159
2022-10-26T18:00:00.000000000,137.49,130.14807
2022-10-26T19:00:00.000000000,129.87,128.79005
2022-10-26T20:00:00.000000000,125.97,128.11329
2022-10-26T21:00:00.000000000,116.54,128.38384
2022-10-26T22:00:00.000000000,117.06,129.13523
2022-10-26T23:00:00.000000000,118.78,130.32852
2022-10-27T00:00:00.000000000,116.95,133.0226
2022-10-27T01:00:00.000000000,127.3,135.26128
2022-10-27T02:00:00.000000000,129.96,137.89434
2022-10-27T03:00:00.000000000,160.32,140.68526
2022-10-27T04:00:00.000000000,168.75,143.77111
2022-10-27T05:00:00.000000000,172.49,147.14262
2022-10-27T06:00:00.000000000,171.08,150.91385
2022-10-27T07:00:00.000000000,160.78,155.19354
2022-10-27T08:00:00.000000000,164.17,157.66935
2022-10-27T09:00:00.000000000,164.68,159.60433
2022-10-27T10:00:00.000000000,151.97,161.2262
2022-10-27T11:00:00.000000000,162.39,161.71328
2022-10-27T12:00:00.000000000,193.72,161.20461
2022-10-27T13:00:00.000000000,210.06,160.2918
2022-10-27T14:00:00.000000000,162.7,158.2197
2022-10-27T15:00:00.000000000,160.27,156.07311
2022-10-27T16:00:00.000000000,184.14,153.73423
2022-10-27T17:00:00.000000000,182.11,151.37022
2022-10-27T18:00:00.000000000,199.77,147.9788
2022-10-27T19:00:00.000000000,218.53,145.4548
2022-10-27T20:00:00.000000000,185.32,143.81112
2022-10-27T21:00:00.000000000,189.9,143.02086
2022-10-27T22:00:00.000000000,190.33,142.70277
2022-10-27T23:00:00.000000000,168.3,142.85039
2022-10-25T00:00:00.000000000,206.75,195.28644
2022-10-25T01:00:00.000000000,169.65,192.1287
2022-10-25T02:00:00.000000000,161.85,188.91157
2022-10-25T03:00:00.000000000,161.66,185.96074
2022-10-25T04:00:00.000000000,163.13,182.66724
2022-10-25T05:00:00.000000000,198.78,179.11255
2022-10-25T06:00:00.000000000,193.42,176.81693
2022-10-25T07:00:00.000000000,230.02,176.32155
2022-10-25T08:00:00.000000000,192.64,174.90235
2022-10-25T09:00:00.000000000,186.4,173.27605
2022-10-25T10:00:00.000000000,186.35,171.78677
2022-10-25T11:00:00.000000000,189.06,170.26381
2022-10-25T12:00:00.000000000,164.03,167.70624
2022-10-25T13:00:00.000000000,135.73,165.6161
2022-10-25T14:00:00.000000000,133.18,162.52352
2022-10-25T15:00:00.000000000,131.75,160.89749
2022-10-25T16:00:00.000000000,164.24,159.53653
2022-10-25T17:00:00.000000000,181.04,158.33266
2022-10-25T18:00:00.000000000,157.42,156.22693
2022-10-25T19:00:00.000000000,143.66,155.18945
2022-10-25T20:00:00.000000000,156.31,154.62637
2022-10-25T21:00:00.000000000,162.03,154.77219
2022-10-25T22:00:00.000000000,174.99,154.76909
2022-10-25T23:00:00.000000000,207.13,154.82029
2022-10-26T00:00:00.000000000,196.73,162.81509
2022-10-26T01:00:00.000000000,173.25,163.4601
2022-10-26T02:00:00.000000000,171.05,163.72057
2022-10-26T03:00:00.000000000,181.12,163.64554
2022-10-26T04:00:00.000000000,186.22,162.90904
2022-10-26T05:00:00.000000000,205.5,161.58879
2022-10-26T06:00:00.000000000,199.08,160.4592
2022-10-26T07:00:00.000000000,203.47,160.39143
2022-10-26T08:00:00.000000000,209.24,159.13385
2022-10-26T09:00:00.000000000,217.15,157.52057
2022-10-26T10:00:00.000000000,206.13,155.76806
2022-10-26T11:00:00.000000000,217.52,153.62394
2022-10-26T12:00:00.000000000,227.19,150.86436
2022-10-26T13:00:00.000000000,147.72,148.38603
2022-10-26T14:00:00.000000000,134.89,145.35569
2022-10-26T15:00:00.000000000,131.39,143.5301
2022-10-26T16:00:00.000000000,158.44,142.14176
2022-10-26T17:00:00.000000000,164.6,141.1199
2022-10-26T18:00:00.000000000,137.49,139.35404
2022-10-26T19:00:00.000000000,129.87,138.51072
2022-10-26T20:00:00.000000000,125.97,138.28863
2022-10-26T21:00:00.000000000,116.54,138.97355
2022-10-26T22:00:00.000000000,117.06,139.96301
2022-10-26T23:00:00.000000000,118.78,141.3622
2022-10-27T00:00:00.000000000,116.95,143.27314
2022-10-27T01:00:00.000000000,127.3,145.1181
2022-10-27T02:00:00.000000000,129.96,147.1527
2022-10-27T03:00:00.000000000,160.32,149.17603
2022-10-27T04:00:00.000000000,168.75,151.35693
2022-10-27T05:00:00.000000000,172.49,153.64039
2022-10-27T06:00:00.000000000,171.08,156.2527
2022-10-27T07:00:00.000000000,160.78,159.48276
2022-10-27T08:00:00.000000000,164.17,161.01438
2022-10-27T09:00:00.000000000,164.68,161.93922
2022-10-27T10:00:00.000000000,151.97,162.40594
2022-10-27T11:00:00.000000000,162.39,161.77981
2022-10-27T12:00:00.000000000,193.72,160.13422
2022-10-27T13:00:00.000000000,210.06,158.25751
2022-10-27T14:00:00.000000000,162.7,155.4298
2022-10-27T15:00:00.000000000,160.27,152.9706
2022-10-27T16:00:00.000000000,184.14,150.5256
2022-10-27T17:00:00.000000000,182.11,148.2406
2022-10-27T18:00:00.000000000,199.77,145.03159
2022-10-27T19:00:00.000000000,218.53,142.83388
2022-10-27T20:00:00.000000000,185.32,141.50917
2022-10-27T21:00:00.000000000,189.9,141.15385
2022-10-27T22:00:00.000000000,190.33,141.27208
2022-10-27T23:00:00.000000000,168.3,141.86005
2022-10-28T00:00:00.000000000,190.14,145.80051
2022-10-28T01:00:00.000000000,202.31,146.27679
2022-10-28T02:00:00.000000000,195.41,146.96203
2022-10-28T03:00:00.000000000,158.81,147.83139
2022-10-28T04:00:00.000000000,186.14,148.36137
2022-10-28T05:00:00.000000000,198.05,148.78893
2022-10-28T06:00:00.000000000,194.74,149.86388
2022-10-28T07:00:00.000000000,190.93,151.89265
2022-10-28T08:00:00.000000000,176.55,152.53662
2022-10-28T09:00:00.000000000,170.87,153.15139
2022-10-28T10:00:00.000000000,157.99,154.22799
2022-10-28T11:00:00.000000000,152.34,154.85509
2022-10-28T12:00:00.000000000,150.03,155.08509
2022-10-28T13:00:00.000000000,142.28,155.49854
2022-10-28T14:00:00.000000000,132.77,154.96152
2022-10-28T15:00:00.000000000,130.44,154.91937
2022-10-28T16:00:00.000000000,133.95,154.84817
2022-10-28T17:00:00.000000000,140.18,154.69816
2022-10-28T18:00:00.000000000,138.7,153.38938
2022-10-28T19:00:00.000000000,144.94,152.64333
2022-10-28T20:00:00.000000000,157.23,152.36102
2022-10-28T21:00:00.000000000,169.64,152.31032
2022-10-28T22:00:00.000000000,191.35,152.25078
2022-10-28T23:00:00.000000000,207.17,152.16052
2022-10-26T00:00:00.000000000,196.73,195.0672
2022-10-26T01:00:00.000000000,173.25,192.85807
2022-10-26T02:00:00.000000000,171.05,190.20459
2022-10-26T03:00:00.000000000,181.12,187.4874
2022-10-26T04:00:00.000000000,186.22,183.90752
2022-10-26T05:00:00.000000000,205.5,179.60231
2022-10-26T06:00:00.000000000,199.08,176.16822
2022-10-26T07:00:00.000000000,203.47,174.50999
2022-10-26T08:00:00.000000000,209.24,171.97561
2022-10-26T09:00:00.000000000,217.15,169.34278
2022-10-26T10:00:00.000000000,206.13,166.89682
2022-10-26T11:00:00.000000000,217.52,164.61245
2022-10-26T12:00:00.000000000,227.19,161.61254
2022-10-26T13:00:00.000000000,147.72,159.22816
2022-10-26T14:00:00.000000000,134.89,156.06378
2022-10-26T15:00:00.000000000,131.39,154.56059
2022-10-26T16:00:00.000000000,158.44,153.56366
2022-10-26T17:00:00.000000000,164.6,152.91143
2022-10-26T18:00:00.000000000,137.49,151.54052
2022-10-26T19:00:00.000000000,129.87,151.16472
2022-10-26T20:00:00.000000000,125.97,151.20789
2022-10-26T21:00:00.000000000,116.54,152.01207
2022-10-26T22:00:00.000000000,117.06,152.68681
2022-10-26T23:00:00.000000000,118.78,153.56434
2022-10-27T00:00:00.000000000,116.95,153.66999
2022-10-27T01:00:00.000000000,127.3,154.70964
2022-10-27T02:00:00.000000000,129.96,156.19595
2022-10-27T03:00:00.000000000,160.32,157.76372
2022-10-27T04:00:00.000000000,168.75,159.35938
2022-10-27T05:00:00.000000000,172.49,160.91066
2022-10-27T06:00:00.000000000,171.08,163.05784
2022-10-27T07:00:00.000000000,160.78,165.96511
2022-10-27T08:00:00.000000000,164.17,167.19468
2022-10-27T09:00:00.000000000,164.68,167.98408
2022-10-27T10:00:00.000000000,151.97,168.7031
2022-10-27T11:00:00.000000000,162.39,168.62853
2022-10-27T12:00:00.000000000,193.72,167.61674
2022-10-27T13:00:00.000000000,210.06,166.52274
2022-10-27T14:00:00.000000000,162.7,164.28779
2022-10-27T15:00:00.000000000,160.27,162.48377
2022-10-27T16:00:00.000000000,184.14,160.6168
2022-10-27T17:00:00.000000000,182.11,158.84742
2022-10-27T18:00:00.000000000,199.77,156.05162
2022-10-27T19:00:00.000000000,218.53,154.14946
2022-10-27T20:00:00.000000000,185.32,153.08614
2022-10-27T21:00:00.000000000,189.9,152.65426
2022-10-27T22:00:00.000000000,190.33,152.42548
2022-10-27T23:00:00.000000000,168.3,152.43236
2022-10-28T00:00:00.000000000,190.14,159.1426
2022-10-28T01:00:00.000000000,202.31,160.73352
2022-10-28T02:00:00.000000000,195.41,162.51716
2022-10-28T03:00:00.000000000,158.81,164.0448
2022-10-28T04:00:00.000000000,186.14,164.89074
2022-10-28T05:00:00.000000000,198.05,165.01857
2022-10-28T06:00:00.000000000,194.74,165.37831
2022-10-28T07:00:00.000000000,190.93,166.42166
2022-10-28T08:00:00.000000000,176.55,165.75148
2022-10-28T09:00:00.000000000,170.87,164.82685
2022-10-28T10:00:00.000000000,157.99,164.17148
2022-10-28T11:00:00.000000000,152.34,163.20632
2022-10-28T12:00:00.000000000,150.03,161.90858
2022-10-28T13:00:00.000000000,142.28,160.9688
2022-10-28T14:00:00.000000000,132.77,159.18283
2022-10-28T15:00:00.000000000,130.44,158.34364
2022-10-28T16:00:00.000000000,133.95,157.70836
2022-10-28T17:00:00.000000000,140.18,157.33223
2022-10-28T18:00:00.000000000,138.7,156.07563
2022-10-28T19:00:00.000000000,144.94,155.62065
2022-10-28T20:00:00.000000000,157.23,155.90628
2022-10-28T21:00:00.000000000,169.64,156.58702
2022-10-28T22:00:00.000000000,191.35,157.32559
2022-10-28T23:00:00.000000000,207.17,158.14796
2022-10-29T00:00:00.000000000,199.57,166.11464
2022-10-29T01:00:00.000000000,179.92,169.61037
2022-10-29T02:00:00.000000000,188.32,173.69018
2022-10-29T03:00:00.000000000,199.15,177.2811
2022-10-29T04:00:00.000000000,200.99,180.40433
2022-10-29T05:00:00.000000000,213.85,182.54758
2022-10-29T06:00:00.000000000,235.13,184.63376
2022-10-29T07:00:00.000000000,254.1,186.9924
2022-10-29T08:00:00.000000000,280.98,187.11847
2022-10-29T09:00:00.000000000,271.1,186.47519
2022-10-29T10:00:00.000000000,271.28,185.47602
2022-10-29T11:00:00.000000000,267.34,183.76222
2022-10-29T12:00:00.000000000,230.03,181.11535
2022-10-29T13:00:00.000000000,212.91,178.54149
2022-10-29T14:00:00.000000000,192.16,175.02533
2022-10-29T15:00:00.000000000,193.39,172.42895
2022-10-29T16:00:00.000000000,194.61,170.07377
2022-10-29T17:00:00.000000000,210.09,168.2301
2022-10-29T18:00:00.000000000,212.56,165.4423
2022-10-29T19:00:00.000000000,224.18,163.39397
2022-10-29T20:00:00.000000000,240.02,162.29365
2022-10-29T21:00:00.000000000,233.25,161.9605
2022-10-29T22:00:00.000000000,226.43,162.12584
2022-10-29T23:00:00.000000000,213.72,163.01627
2022-10-27T00:00:00.000000000,116.95,121.64913
2022-10-27T01:00:00.000000000,127.3,123.69585
2022-10-27T02:00:00.000000000,129.96,126.21841
2022-10-27T03:00:00.000000000,160.32,129.15536
2022-10-27T04:00:00.000000000,168.75,132.56771
2022-10-27T05:00:00.000000000,172.49,136.58181
2022-10-27T06:00:00.000000000,171.08,141.21439
2022-10-27T07:00:00.000000000,160.78,146.41243
2022-10-27T08:00:00.000000000,164.17,149.89982
2022-10-27T09:00:00.000000000,164.68,153.00128
2022-10-27T10:00:00.000000000,151.97,155.96546
2022-10-27T11:00:00.000000000,162.39,157.7652
2022-10-27T12:00:00.000000000,193.72,158.58235
2022-10-27T13:00:00.000000000,210.06,158.8291
2022-10-27T14:00:00.000000000,162.7,157.7512
2022-10-27T15:00:00.000000000,160.27,156.12343
2022-10-27T16:00:00.000000000,184.14,154.10223
2022-10-27T17:00:00.000000000,182.11,151.79475
2022-10-27T18:00:00.000000000,199.77,148.30762
2022-10-27T19:00:00.000000000,218.53,145.45696
2022-10-27T20:00:00.000000000,185.32,143.33946
2022-10-27T21:00:00.000000000,189.9,141.94289
2022-10-27T22:00:00.000000000,190.33,140.99568
2022-10-27T23:00:00.000000000,168.3,140.51665
2022-10-28T00:00:00.000000000,190.14,146.64459
2022-10-28T01:00:00.000000000,202.31,148.02527
2022-10-28T02:00:00.000000000,195.41,149.40854
2022-10-28T03:00:00.000000000,158.81,150.69424
2022-10-28T04:00:00.000000000,186.14,151.40095
2022-10-28T05:00:00.000000000,198.05,151.66929
2022-10-28T06:00:00.000000000,194.74,152.15844
2022-10-28T07:00:00.000000000,190.93,153.39746
2022-10-28T08:00:00.000000000,176.55,153.10816
2022-10-28T09:00:00.000000000,170.87,152.6197
2022-10-28T10:00:00.000000000,157.99,152.39266
2022-10-28T11:00:00.000000000,152.34,151.79486
2022-10-28T12:00:00.000000000,150.03,150.89823
2022-10-28T13:00:00.000000000,142.28,150.27569
2022-10-28T14:00:00.000000000,132.77,148.8297
2022-10-28T15:00:00.000000000,130.44,148.15061
2022-10-28T16:00:00.000000000,133.95,147.62784
2022-10-28T17:00:00.000000000,140.18,147.24429
2022-10-28T18:00:00.000000000,138.7,145.99304
2022-10-28T19:00:00.000000000,144.94,145.55593
2022-10-28T20:00:00.000000000,157.23,145.77939
2022-10-28T21:00:00.000000000,169.64,146.44551
2022-10-28T22:00:00.000000000,191.35,147.21895
2022-10-28T23:00:00.000000000,207.17,148.03001
2022-10-29T00:00:00.000000000,199.57,153.8309
2022-10-29T01:00:00.000000000,179.92,157.79787
2022-10-29T02:00:00.000000000,188.32,162.59313
2022-10-29T03:00:00.000000000,199.15,167.24405
2022-10-29T04:00:00.000000000,200.99,171.77341
2022-10-29T05:00:00.000000000,213.85,175.66791
2022-10-29T06:00:00.000000000,235.13,179.58477
2022-10-29T07:00:00.000000000,254.1,183.70496
2022-10-29T08:00:00.000000000,280.98,185.42265
2022-10-29T09:00:00.000000000,271.1,186.28135
2022-10-29T10:00:00.000000000,271.28,186.69731
2022-10-29T11:00:00.000000000,267.34,186.15289
2022-10-29T12:00:00.000000000,230.03,184.479
2022-10-29T13:00:00.000000000,212.91,182.65073
2022-10-29T14:00:00.000000000,192.16,179.66225
2022-10-29T15:00:00.000000000,193.39,177.08832
2022-10-29T16:00:00.000000000,194.61,174.45177
2022-10-29T17:00:00.000000000,210.09,172.08375
2022-10-29T18:00:00.000000000,212.56,168.60262
2022-10-29T19:00:00.000000000,224.18,165.75834
2022-10-29T20:00:00.000000000,240.02,163.87223
2022-10-29T21:00:00.000000000,233.25,162.82526
2022-10-29T22:00:00.000000000,226.43,162.36033
2022-10-29T23:00:00.000000000,213.72,162.69836
2022-10-30T00:00:00.000000000,208.26,167.02583
2022-10-30T01:00:00.000000000,183.86,169.62837
2022-10-30T02:00:00.000000000,179.93,172.5525
2022-10-30T03:00:00.000000000,196.55,175.02803
2022-10-30T04:00:00.000000000,214.29,177.31592
2022-10-30T05:00:00.000000000,230.97,178.97082
2022-10-30T06:00:00.000000000,236.54,180.75725
2022-10-30T07:00:00.000000000,263.31,183.00057
2022-10-30T08:00:00.000000000,281.58,183.251
2022-10-30T09:00:00.000000000,281.88,182.69675
2022-10-30T10:00:00.000000000,281.47,181.44977
2022-10-30T11:00:00.000000000,281.15,179.21305
2022-10-30T12:00:00.000000000,229.08,175.82254
2022-10-30T13:00:00.000000000,214.66,172.47578
2022-10-30T14:00:00.000000000,196.84,168.31193
2022-10-30T15:00:00.000000000,197.16,165.14126
2022-10-30T16:00:00.000000000,219.92,162.32598
2022-10-30T17:00:00.000000000,227.25,160.11341
2022-10-30T18:00:00.000000000,206.38,157.04336
2022-10-30T19:00:00.000000000,187.89,154.98016
2022-10-30T20:00:00.000000000,185.09,153.82955
2022-10-30T21:00:00.000000000,174.76,153.64793
2022-10-30T22:00:00.000000000,172.27,153.9713
2022-10-30T23:00:00.000000000,161.23,155.02444
2022-10-28T00:00:00.000000000,190.14,175.72903
2022-10-28T01:00:00.000000000,202.31,175.71554
2022-10-28T02:00:00.000000000,195.41,175.57464
2022-10-28T03:00:00.000000000,158.81,175.12346
2022-10-28T04:00:00.000000000,186.14,173.91172
2022-10-28T05:00:00.000000000,198.05,171.95382
2022-10-28T06:00:00.000000000,194.74,170.43235
2022-10-28T07:00:00.000000000,190.93,170.01783
2022-10-28T08:00:00.000000000,176.55,168.23089
2022-10-28T09:00:00.000000000,170.87,166.21258
2022-10-28T10:00:00.000000000,157.99,164.34496
2022-10-28T11:00:00.000000000,152.34,162.36994
2022-10-28T12:00:00.000000000,150.03,159.92084
2022-10-28T13:00:00.000000000,142.28,157.97673
2022-10-28T14:00:00.000000000,132.77,155.27344
2022-10-28T15:00:00.000000000,130.44,153.90157
2022-10-28T16:00:00.000000000,133.95,152.88783
2022-10-28T17:00:00.000000000,140.18,152.29744
2022-10-28T18:00:00.000000000,138.7,151.04759
2022-10-28T19:00:00.000000000,144.94,150.88795
2022-10-28T20:00:00.000000000,157.23,151.46459
2022-10-28T21:00:00.000000000,169.64,152.62654
2022-10-28T22:00:00.000000000,191.35,153.73774
2022-10-28T23:00:00.000000000,207.17,154.88413
2022-10-29T00:00:00.000000000,199.57,158.39657
2022-10-29T01:00:00.000000000,179.92,161.94224
2022-10-29T02:00:00.000000000,188.32,166.48694
2022-10-29T03:00:00.000000000,199.15,171.11553
2022-10-29T04:00:00.000000000,200.99,175.9239
2022-10-29T05:00:00.000000000,213.85,180.30321
2022-10-29T06:00:00.000000000,235.13,184.92988
2022-10-29T07:00:00.000000000,254.1,189.91837
2022-10-29T08:00:00.000000000,280.98,192.45145
2022-10-29T09:00:00.000000000,271.1,193.96846
2022-10-29T10:00:00.000000000,271.28,194.82417
2022-10-29T11:00:00.000000000,267.34,194.5199
2022-10-29T12:00:00.000000000,230.03,192.73889
2022-10-29T13:00:00.000000000,212.91,190.76972
2022-10-29T14:00:00.000000000,192.16,187.54528
2022-10-29T15:00:00.000000000,193.39,184.64854
2022-10-29T16:00:00.000000000,194.61,181.57386
2022-10-29T17:00:00.000000000,210.09,178.71493
2022-10-29T18:00:00.000000000,212.56,174.65881
2022-10-29T19:00:00.000000000,224.18,171.21122
2022-10-29T20:00:00.000000000,240.02,168.74612
2022-10-29T21:00:00.000000000,233.25,167.21885
2022-10-29T22:00:00.000000000,226.43,166.27747
2022-10-29T23:00:00.000000000,213.72,166.19168
2022-10-30T00:00:00.000000000,208.26,170.03351
2022-10-30T01:00:00.000000000,183.86,172.01719
2022-10-30T02:00:00.000000000,179.93,174.17089
2022-10-30T03:00:00.000000000,196.55,175.85296
2022-10-30T04:00:00.000000000,214.29,177.20758
2022-10-30T05:00:00.000000000,230.97,177.88781
2022-10-30T06:00:00.000000000,236.54,178.76392
2022-10-30T07:00:00.000000000,263.31,180.26499
2022-10-30T08:00:00.000000000,281.58,179.96231
2022-10-30T09:00:00.000000000,281.88,178.98079
2022-10-30T10:00:00.000000000,281.47,177.4711
2022-10-30T11:00:00.000000000,281.15,175.15539
2022-10-30T12:00:00.000000000,229.08,171.81856
2022-10-30T13:00:00.000000000,214.66,168.62853
2022-10-30T14:00:00.000000000,196.84,164.66845
2022-10-30T15:00:00.000000000,197.16,161.81987
2022-10-30T16:00:00.000000000,219.92,159.35049
2022-10-30T17:00:00.000000000,227.25,157.47134
2022-10-30T18:00:00.000000000,206.38,154.78549
2022-10-30T19:00:00.000000000,187.89,153.14195
2022-10-30T20:00:00.000000000,185.09,152.35616
2022-10-30T21:00:00.000000000,174.76,152.4841
2022-10-30T22:00:00.000000000,172.27,153.00729
2022-10-30T23:00:00.000000000,161.23,154.11752
2022-10-31T00:00:00.000000000,181.81,158.68095
2022-10-31T01:00:00.000000000,173.78,159.03009
2022-10-31T02:00:00.000000000,176.49,159.15185
2022-10-31T03:00:00.000000000,174.49,159.16021
2022-10-31T04:00:00.000000000,201.98,158.81197
2022-10-31T05:00:00.000000000,216.4,158.19599
2022-10-31T06:00:00.000000000,235.19,157.95599
2022-10-31T07:00:00.000000000,255.1,158.77466
2022-10-31T08:00:00.000000000,258.91,158.34856
2022-10-31T09:00:00.000000000,257.97,157.53345
2022-10-31T10:00:00.000000000,249.49,156.5454
2022-10-31T11:00:00.000000000,247.81,154.99045
2022-10-31T12:00:00.000000000,195.28,152.67066
2022-10-31T13:00:00.000000000,183.1,150.51449
2022-10-31T14:00:00.000000000,153.62,147.65019
2022-10-31T15:00:00.000000000,151.2,145.76795
2022-10-31T16:00:00.000000000,169.78,144.13835
2022-10-31T17:00:00.000000000,170.96,142.73869
2022-10-31T18:00:00.000000000,183.78,140.51298
2022-10-31T19:00:00.000000000,188.82,139.27896
2022-10-31T20:00:00.000000000,200.92,138.70249
2022-10-31T21:00:00.000000000,196.59,139.03568
2022-10-31T22:00:00.000000000,191.06,139.65321
2022-10-31T23:00:00.000000000,193.61,140.59525
2022-10-29T00:00:00.000000000,199.57,205.07337
2022-10-29T01:00:00.000000000,179.92,205.43049
2022-10-29T02:00:00.000000000,188.32,206.72784
2022-10-29T03:00:00.000000000,199.15,208.06911
2022-10-29T04:00:00.000000000,200.99,209.87813
2022-10-29T05:00:00.000000000,213.85,211.2484
2022-10-29T06:00:00.000000000,235.13,213.70287
2022-10-29T07:00:00.000000000,254.1,217.27753
2022-10-29T08:00:00.000000000,280.98,218.85039
2022-10-29T09:00:00.000000000,271.1,219.33399
2022-10-29T10:00:00.000000000,271.28,218.78909
2022-10-29T11:00:00.000000000,267.34,216.87371
2022-10-29T12:00:00.000000000,230.03,212.72534
2022-10-29T13:00:00.000000000,212.91,208.5881
2022-10-29T14:00:00.000000000,192.16,203.20887
2022-10-29T15:00:00.000000000,193.39,198.86357
2022-10-29T16:00:00.000000000,194.61,194.8575
2022-10-29T17:00:00.000000000,210.09,191.42365
2022-10-29T18:00:00.000000000,212.56,186.80011
2022-10-29T19:00:00.000000000,224.18,182.81736
2022-10-29T20:00:00.000000000,240.02,179.85475
2022-10-29T21:00:00.000000000,233.25,177.9113
2022-10-29T22:00:00.000000000,226.43,176.43952
2022-10-29T23:00:00.000000000,213.72,175.89659
2022-10-30T00:00:00.000000000,208.26,181.32343
2022-10-30T01:00:00.000000000,183.86,183.48491
2022-10-30T02:00:00.000000000,179.93,186.14531
2022-10-30T03:00:00.000000000,196.55,188.44953
2022-10-30T04:00:00.000000000,214.29,190.74139
2022-10-30T05:00:00.000000000,230.97,192.362
2022-10-30T06:00:00.000000000,236.54,194.39641
2022-10-30T07:00:00.000000000,263.31,196.97252
2022-10-30T08:00:00.000000000,281.58,197.3954
2022-10-30T09:00:00.000000000,281.88,196.88168
2022-10-30T10:00:00.000000000,281.47,195.32284
2022-10-30T11:00:00.000000000,281.15,192.59099
2022-10-30T12:00:00.000000000,229.08,188.29939
2022-10-30T13:00:00.000000000,214.66,184.20132
2022-10-30T14:00:00.000000000,196.84,179.302
2022-10-30T15:00:00.000000000,197.16,175.59264
2022-10-30T16:00:00.000000000,219.92,172.29865
2022-10-30T17:00:00.000000000,227.25,169.68394
2022-10-30T18:00:00.000000000,206.38,166.09213
2022-10-30T19:00:00.000000000,187.89,163.3875
2022-10-30T20:00:00.000000000,185.09,161.57825
2022-10-30T21:00:00.000000000,174.76,160.78973
2022-10-30T22:00:00.000000000,172.27,160.57872
2022-10-30T23:00:00.000000000,161.23,161.34184
2022-10-31T00:00:00.000000000,181.81,166.44092
2022-10-31T01:00:00.000000000,173.78,166.92785
2022-10-31T02:00:00.000000000,176.49,167.51863
2022-10-31T03:00:00.000000000,174.49,167.9429
2022-10-31T04:00:00.000000000,201.98,168.07014
2022-10-31T05:00:00.000000000,216.4,167.82436
2022-10-31T06:00:00.000000000,235.19,168.1089
2022-10-31T07:00:00.000000000,255.1,169.34669
2022-10-31T08:00:00.000000000,258.91,169.10079
2022-10-31T09:00:00.000000000,257.97,168.45687
2022-10-31T10:00:00.000000000,249.49,167.7045
2022-10-31T11:00:00.000000000,247.81,166.39939
2022-10-31T12:00:00.000000000,195.28,164.24243
2022-10-31T13:00:00.000000000,183.1,162.26983
2022-10-31T14:00:00.000000000,153.62,159.40461
2022-10-31T15:00:00.000000000,151.2,157.48739
2022-10-31T16:00:00.000000000,169.78,155.73426
2022-10-31T17:00:00.000000000,170.96,154.27017
2022-10-31T18:00:00.000000000,183.78,151.93161
2022-10-31T19:00:00.000000000,188.82,150.6193
2022-10-31T20:00:00.000000000,200.92,150.07781
2022-10-31T21:00:00.000000000,196.59,150.2631
2022-10-31T22:00:00.000000000,191.06,150.62346
2022-10-31T23:00:00.000000000,193.61,151.21593
2022-11-01T00:00:00.000000000,190.77,154.11858
2022-11-01T01:00:00.000000000,185.45,155.10713
2022-11-01T02:00:00.000000000,166.14,156.16995
2022-11-01T03:00:00.000000000,154.89,157.18417
2022-11-01T04:00:00.000000000,181.11,158.21354
2022-11-01T05:00:00.000000000,180.26,159.21186
2022-11-01T06:00:00.000000000,181.69,160.68377
2022-11-01T07:00:00.000000000,149.74,163.00406
2022-11-01T08:00:00.000000000,165.39,163.81081
2022-11-01T09:00:00.000000000,168.67,164.08715
2022-11-01T10:00:00.000000000,166.07,163.98118
2022-11-01T11:00:00.000000000,171.03,162.96196
2022-11-01T12:00:00.000000000,167.8,160.91341
2022-11-01T13:00:00.000000000,159.26,158.80192
2022-11-01T14:00:00.000000000,152.52,155.80072
2022-11-01T15:00:00.000000000,148.17,153.45406
2022-11-01T16:00:00.000000000,154.28,151.20263
2022-11-01T17:00:00.000000000,170.53,149.16125
2022-11-01T18:00:00.000000000,174.28,146.19397
2022-11-01T19:00:00.000000000,175.1,144.25877
2022-11-01T20:00:00.000000000,168.15,143.10568
2022-11-01T21:00:00.000000000,175.13,142.88822
2022-11-01T22:00:00.000000000,179.29,143.04282
2022-11-01T23:00:00.000000000,189.07,143.59543
2022-10-30T00:00:00.000000000,208.26,216.51675
2022-10-30T01:00:00.000000000,183.86,216.26713
2022-10-30T02:00:00.000000000,179.93,216.28562
2022-10-30T03:00:00.000000000,196.55,215.74029
2022-10-30T04:00:00.000000000,214.29,214.96051
2022-10-30T05:00:00.000000000,230.97,213.20333
2022-10-30T06:00:00.000000000,236.54,212.34704
2022-10-30T07:00:00.000000000,263.31,212.59567
2022-10-30T08:00:00.000000000,281.58,211.19819
2022-10-30T09:00:00.000000000,281.88,209.00786
2022-10-30T10:00:00.000000000,281.47,205.92063
2022-10-30T11:00:00.000000000,281.15,201.88773
2022-10-30T12:00:00.000000000,229.08,196.1337
2022-10-30T13:00:00.000000000,214.66,190.82824
2022-10-30T14:00:00.000000000,196.84,184.70455
2022-10-30T15:00:00.000000000,197.16,180.478
2022-10-30T16:00:00.000000000,219.92,177.19804
2022-10-30T17:00:00.000000000,227.25,174.96069
2022-10-30T18:00:00.000000000,206.38,171.96201
2022-10-30T19:00:00.000000000,187.89,169.99197
2022-10-30T20:00:00.000000000,185.09,168.85037
2022-10-30T21:00:00.000000000,174.76,168.61166
2022-10-30T22:00:00.000000000,172.27,168.61269
2022-10-30T23:00:00.000000000,161.23,169.38131
2022-10-31T00:00:00.000000000,181.81,175.57489
2022-10-31T01:00:00.000000000,173.78,175.63165
2022-10-31T02:00:00.000000000,176.49,175.5884
2022-10-31T03:00:00.000000000,174.49,175.26388
2022-10-31T04:00:00.000000000,201.98,174.39324
2022-10-31T05:00:00.000000000,216.4,172.91773
2022-10-31T06:00:00.000000000,235.19,171.9387
2022-10-31T07:00:00.000000000,255.1,172.06468
2022-10-31T08:00:00.000000000,258.91,170.82158
2022-10-31T09:00:00.000000000,257.97,169.22611
2022-10-31T10:00:00.000000000,249.49,167.54529
2022-10-31T11:00:00.000000000,247.81,165.52595
2022-10-31T12:00:00.000000000,195.28,162.75716
2022-10-31T13:00:00.000000000,183.1,160.36904
2022-10-31T14:00:00.000000000,153.62,157.2136
2022-10-31T15:00:00.000000000,151.2,155.32366
2022-10-31T16:00:00.000000000,169.78,153.75387
2022-10-31T17:00:00.000000000,170.96,152.60005
2022-10-31T18:00:00.000000000,183.78,150.69905
2022-10-31T19:00:00.000000000,188.82,149.88891
2022-10-31T20:00:00.000000000,200.92,149.79529
2022-10-31T21:00:00.000000000,196.59,150.4561
2022-10-31T22:00:00.000000000,191.06,151.21476
2022-10-31T23:00:00.000000000,193.61,152.18717
2022-11-01T00:00:00.000000000,190.77,155.42323
2022-11-01T01:00:00.000000000,185.45,156.22173
2022-11-01T02:00:00.000000000,166.14,156.93679
2022-11-01T03:00:00.000000000,154.89,157.56796
2022-11-01T04:00:00.000000000,181.11,158.0557
2022-11-01T05:00:00.000000000,180.26,158.40718
2022-11-01T06:00:00.000000000,181.69,159.15787
2022-11-01T07:00:00.000000000,149.74,160.82934
2022-11-01T08:00:00.000000000,165.39,161.09561
2022-11-01T09:00:00.000000000,168.67,160.87391
2022-11-01T10:00:00.000000000,166.07,160.3191
2022-11-01T11:00:00.000000000,171.03,158.96995
2022-11-01T12:00:00.000000000,167.8,156.70708
2022-11-01T13:00:00.000000000,159.26,154.48162
2022-11-01T14:00:00.000000000,152.52,151.47979
2022-11-01T15:00:00.000000000,148.17,149.29424
2022-11-01T16:00:00.000000000,154.28,147.2898
2022-11-01T17:00:00.000000000,170.53,145.50758
2022-11-01T18:00:00.000000000,174.28,142.84171
2022-11-01T19:00:00.000000000,175.1,141.1789
2022-11-01T20:00:00.000000000,168.15,140.22724
2022-11-01T21:00:00.000000000,175.13,140.22933
2022-11-01T22:00:00.000000000,179.29,140.59299
2022-11-01T23:00:00.000000000,189.07,141.35685
2022-11-02T00:00:00.000000000,159.23,143.75053
2022-11-02T01:00:00.000000000,140.95,143.80852
2022-11-02T02:00:00.000000000,126.6,144.07423
2022-11-02T03:00:00.000000000,149.61,144.62753
2022-11-02T04:00:00.000000000,167.97,145.0679
2022-11-02T05:00:00.000000000,150.43,145.66124
2022-11-02T06:00:00.000000000,164.0,147.06267
2022-11-02T07:00:00.000000000,177.46,149.52338
2022-11-02T08:00:00.000000000,171.97,150.72069
2022-11-02T09:00:00.000000000,162.84,151.86058
2022-11-02T10:00:00.000000000,189.75,153.35161
2022-11-02T11:00:00.000000000,180.6,154.26338
2022-11-02T12:00:00.000000000,180.07,154.55153
2022-11-02T13:00:00.000000000,161.68,154.87576
2022-11-02T14:00:00.000000000,214.95,154.20538
2022-11-02T15:00:00.000000000,221.94,153.86927
2022-11-02T16:00:00.000000000,230.7,153.39373
2022-11-02T17:00:00.000000000,230.28,152.76822
2022-11-02T18:00:00.000000000,257.84,150.91143
2022-11-02T19:00:00.000000000,237.43,149.63306
2022-11-02T20:00:00.000000000,241.05,148.79554
2022-11-02T21:00:00.000000000,224.32,148.30161
2022-11-02T22:00:00.000000000,225.97,147.88343
2022-11-02T23:00:00.000000000,219.14,147.50585
2022-10-31T00:00:00.000000000,181.81,168.05895
2022-10-31T01:00:00.000000000,173.78,168.84893
2022-10-31T02:00:00.000000000,176.49,169.64695
2022-10-31T03:00:00.000000000,174.49,170.20867
2022-10-31T04:00:00.000000000,201.98,170.50727
2022-10-31T05:00:00.000000000,216.4,170.39931
2022-10-31T06:00:00.000000000,235.19,170.71515
2022-10-31T07:00:00.000000000,255.1,171.94782
2022-10-31T08:00:00.000000000,258.91,171.66404
2022-10-31T09:00:00.000000000,257.97,170.85256
2022-10-31T10:00:00.000000000,249.49,169.66937
2022-10-31T11:00:00.000000000,247.81,167.77647
2022-10-31T12:00:00.000000000,195.28,164.90654
2022-10-31T13:00:00.000000000,183.1,162.20887
2022-10-31T14:00:00.000000000,153.62,158.72536
2022-10-31T15:00:00.000000000,151.2,156.30604
2022-10-31T16:00:00.000000000,169.78,154.17406
2022-10-31T17:00:00.000000000,170.96,152.44711
2022-10-31T18:00:00.000000000,183.78,149.88556
2022-10-31T19:00:00.000000000,188.82,148.39019
2022-10-31T20:00:00.000000000,200.92,147.64568
2022-10-31T21:00:00.000000000,196.59,147.80299
2022-10-31T22:00:00.000000000,191.06,148.24884
2022-10-31T23:00:00.000000000,193.61,149.10889
2022-11-01T00:00:00.000000000,190.77,152.88938
2022-11-01T01:00:00.000000000,185.45,153.99331
2022-11-01T02:00:00.000000000,166.14,155.00055
2022-11-01T03:00:00.000000000,154.89,155.90619
2022-11-01T04:00:00.000000000,181.11,156.6677
2022-11-01T05:00:00.000000000,180.26,157.27803
2022-11-01T06:00:00.000000000,181.69,158.17268
2022-11-01T07:00:00.000000000,149.74,159.90572
2022-11-01T08:00:00.000000000,165.39,160.1981
2022-11-01T09:00:00.000000000,168.67,159.95207
2022-11-01T10:00:00.000000000,166.07,159.30375
2022-11-01T11:00:00.000000000,171.03,157.79738
2022-11-01T12:00:00.000000000,167.8,155.39957
2022-11-01T13:00:00.000000000,159.26,153.00611
2022-11-01T14:00:00.000000000,152.52,149.89105
2022-11-01T15:00:00.000000000,148.17,147.59782
2022-11-01T16:00:00.000000000,154.28,145.54987
2022-11-01T17:00:00.000000000,170.53,143.73787
2022-11-01T18:00:00.000000000,174.28,141.05468
2022-11-01T19:00:00.000000000,175.1,139.32448
2022-11-01T20:00:00.000000000,168.15,138.29599
2022-11-01T21:00:00.000000000,175.13,138.26533
2022-11-01T22:00:00.000000000,179.29,138.65714
2022-11-01T23:00:00.000000000,189.07,139.53957
2022-11-02T00:00:00.000000000,159.23,140.8538
2022-11-02T01:00:00.000000000,140.95,139.98351
2022-11-02T02:00:00.000000000,126.6,138.96571
2022-11-02T03:00:00.000000000,149.61,138.30586
2022-11-02T04:00:00.000000000,167.97,137.13101
2022-11-02T05:00:00.000000000,150.43,135.99047
2022-11-02T06:00:00.000000000,164.0,135.58171
2022-11-02T07:00:00.000000000,177.46,136.49979
2022-11-02T08:00:00.000000000,171.97,136.55779
2022-11-02T09:00:00.000000000,162.84,136.83541
2022-11-02T10:00:00.000000000,189.75,137.77197
2022-11-02T11:00:00.000000000,180.6,138.41777
2022-11-02T12:00:00.000000000,180.07,138.84909
2022-11-02T13:00:00.000000000,161.68,139.70529
2022-11-02T14:00:00.000000000,214.95,139.94012
2022-11-02T15:00:00.000000000,221.94,140.94928
2022-11-02T16:00:00.000000000,230.7,142.06811
2022-11-02T17:00:00.000000000,230.28,143.03681
2022-11-02T18:00:00.000000000,257.84,142.7348
2022-11-02T19:00:00.000000000,237.43,142.75248
2022-11-02T20:00:00.000000000,241.05,142.7683
2022-11-02T21:00:00.000000000,224.32,142.83042
2022-11-02T22:00:00.000000000,225.97,142.78079
2022-11-02T23:00:00.000000000,219.14,142.61748
2022-11-03T00:00:00.000000000,226.18,146.0884
2022-11-03T01:00:00.000000000,214.5,151.81975
2022-11-03T02:00:00.000000000,220.99,158.02499
2022-11-03T03:00:00.000000000,229.03,163.74454
2022-11-03T04:00:00.000000000,231.8,169.42743
2022-11-03T05:00:00.000000000,247.45,174.44174
2022-11-03T06:00:00.000000000,309.56,178.97125
2022-11-03T07:00:00.000000000,298.39,183.26536
2022-11-03T08:00:00.000000000,307.04,184.84276
2022-11-03T09:00:00.000000000,302.22,185.21065
2022-11-03T10:00:00.000000000,279.55,184.27064
2022-11-03T11:00:00.000000000,266.24,181.87993
2022-11-03T12:00:00.000000000,241.46,178.27658
2022-11-03T13:00:00.000000000,211.05,174.56
2022-11-03T14:00:00.000000000,198.55,170.27996
2022-11-03T15:00:00.000000000,194.21,166.67654
2022-11-03T16:00:00.000000000,186.24,163.28856
2022-11-03T17:00:00.000000000,222.76,160.46442
2022-11-03T18:00:00.000000000,239.12,156.6428
2022-11-03T19:00:00.000000000,227.43,153.58107
2022-11-03T20:00:00.000000000,198.5,151.41972
2022-11-03T21:00:00.000000000,181.26,150.62328
2022-11-03T22:00:00.000000000,166.54,150.90626
2022-11-03T23:00:00.000000000,163.16,152.62843
2022-11-01T00:00:00.000000000,190.77,187.41386
2022-11-01T01:00:00.000000000,185.45,186.77032
2022-11-01T02:00:00.000000000,166.14,185.99434
2022-11-01T03:00:00.000000000,154.89,185.07232
2022-11-01T04:00:00.000000000,181.11,183.71885
2022-11-01T05:00:00.000000000,180.26,181.76113
2022-11-01T06:00:00.000000000,181.69,180.44068
2022-11-01T07:00:00.000000000,149.74,180.38249
2022-11-01T08:00:00.000000000,165.39,179.05556
2022-11-01T09:00:00.000000000,168.67,177.23444
2022-11-01T10:00:00.000000000,166.07,175.06123
2022-11-01T11:00:00.000000000,171.03,172.36883
2022-11-01T12:00:00.000000000,167.8,168.61342
2022-11-01T13:00:00.000000000,159.26,165.23945
2022-11-01T14:00:00.000000000,152.52,161.13052
2022-11-01T15:00:00.000000000,148.17,158.58423
2022-11-01T16:00:00.000000000,154.28,156.62432
2022-11-01T17:00:00.000000000,170.53,155.13922
2022-11-01T18:00:00.000000000,174.28,152.8211
2022-11-01T19:00:00.000000000,175.1,151.4525
2022-11-01T20:00:00.000000000,168.15,150.58421
2022-11-01T21:00:00.000000000,175.13,150.61374
2022-11-01T22:00:00.000000000,179.29,150.78674
2022-11-01T23:00:00.000000000,189.07,151.46108
2022-11-02T00:00:00.000000000,159.23,152.9169
2022-11-02T01:00:00.000000000,140.95,151.60546
2022-11-02T02:00:00.000000000,126.6,149.97877
2022-11-02T03:00:00.000000000,149.61,148.61952
2022-11-02T04:00:00.000000000,167.97,146.69783
2022-11-02T05:00:00.000000000,150.43,144.67302
2022-11-02T06:00:00.000000000,164.0,143.248
2022-11-02T07:00:00.000000000,177.46,143.21743
2022-11-02T08:00:00.000000000,171.97,142.32113
2022-11-02T09:00:00.000000000,162.84,141.43056
2022-11-02T10:00:00.000000000,189.75,140.97933
2022-11-02T11:00:00.000000000,180.6,140.37204
2022-11-02T12:00:00.000000000,180.07,139.46073
2022-11-02T13:00:00.000000000,161.68,138.93601
2022-11-02T14:00:00.000000000,214.95,137.73296
2022-11-02T15:00:00.000000000,221.94,137.55198
2022-11-02T16:00:00.000000000,230.7,137.63286
2022-11-02T17:00:00.000000000,230.28,137.74327
2022-11-02T18:00:00.000000000,257.84,136.96628
2022-11-02T19:00:00.000000000,237.43,136.99492
2022-11-02T20:00:00.000000000,241.05,137.37448
2022-11-02T21:00:00.000000000,224.32,138.19566
2022-11-02T22:00:00.000000000,225.97,138.89685
2022-11-02T23:00:00.000000000,219.14,139.4916
2022-11-03T00:00:00.000000000,226.18,140.32458
2022-11-03T01:00:00.000000000,214.5,146.32063
2022-11-03T02:00:00.000000000,220.99,153.34141
2022-11-03T03:00:00.000000000,229.03,160.28662
2022-11-03T04:00:00.000000000,231.8,167.55379
2022-11-03T05:00:00.000000000,247.45,174.47444
2022-11-03T06:00:00.000000000,309.56,181.13413
2022-11-03T07:00:00.000000000,298.39,187.56809
2022-11-03T08:00:00.000000000,307.04,191.05387
2022-11-03T09:00:00.000000000,302.22,193.21608
2022-11-03T10:00:00.000000000,279.55,194.19015
2022-11-03T11:00:00.000000000,266.24,193.60811
2022-11-03T12:00:00.000000000,241.46,191.53883
2022-11-03T13:00:00.000000000,211.05,189.1139
2022-11-03T14:00:00.000000000,198.55,185.69676
2022-11-03T15:00:00.000000000,194.21,182.34139
2022-11-03T16:00:00.000000000,186.24,178.68419
2022-11-03T17:00:00.000000000,222.76,175.28373
2022-11-03T18:00:00.000000000,239.12,170.67349
2022-11-03T19:00:00.000000000,227.43,166.6931
2022-11-03T20:00:00.000000000,198.5,163.70526
2022-11-03T21:00:00.000000000,181.26,162.07976
2022-11-03T22:00:00.000000000,166.54,161.49012
2022-11-03T23:00:00.000000000,163.16,162.32098
2022-11-04T00:00:00.000000000,168.3,168.23066
2022-11-04T01:00:00.000000000,182.21,168.26883
2022-11-04T02:00:00.000000000,183.94,168.20201
2022-11-04T03:00:00.000000000,182.64,167.96742
2022-11-04T04:00:00.000000000,188.71,167.20456
2022-11-04T05:00:00.000000000,223.72,165.95469
2022-11-04T06:00:00.000000000,253.33,165.19685
2022-11-04T07:00:00.000000000,253.75,165.5359
2022-11-04T08:00:00.000000000,214.19,164.53199
2022-11-04T09:00:00.000000000,220.07,163.24848
2022-11-04T10:00:00.000000000,211.24,162.00451
2022-11-04T11:00:00.000000000,213.95,160.44789
2022-11-04T12:00:00.000000000,253.01,158.24996
2022-11-04T13:00:00.000000000,229.9,156.40017
2022-11-04T14:00:00.000000000,203.88,153.75326
2022-11-04T15:00:00.000000000,209.76,152.23202
2022-11-04T16:00:00.000000000,235.59,150.94584
2022-11-04T17:00:00.000000000,258.68,149.95405
2022-11-04T18:00:00.000000000,244.96,148.17923
2022-11-04T19:00:00.000000000,233.55,147.45486
2022-11-04T20:00:00.000000000,217.71,147.43069
2022-11-04T21:00:00.000000000,205.02,148.09625
2022-11-04T22:00:00.000000000,230.96,148.84228
2022-11-04T23:00:00.000000000,229.02,149.71274
2022-11-02T00:00:00.000000000,159.23,176.62475
2022-11-02T01:00:00.000000000,140.95,173.32491
2022-11-02T02:00:00.000000000,126.6,170.03722
2022-11-02T03:00:00.000000000,149.61,167.3517
2022-11-02T04:00:00.000000000,167.97,164.28018
2022-11-02T05:00:00.000000000,150.43,161.20168
2022-11-02T06:00:00.000000000,164.0,159.38189
2022-11-02T07:00:00.000000000,177.46,159.33626
2022-11-02T08:00:00.000000000,171.97,158.38952
2022-11-02T09:00:00.000000000,162.84,157.53771
2022-11-02T10:00:00.000000000,189.75,157.231
2022-11-02T11:00:00.000000000,180.6,156.95312
2022-11-02T12:00:00.000000000,180.07,156.10408
2022-11-02T13:00:00.000000000,161.68,155.82255
2022-11-02T14:00:00.000000000,214.95,154.69293
2022-11-02T15:00:00.000000000,221.94,154.85025
2022-11-02T16:00:00.000000000,230.7,155.18845
2022-11-02T17:00:00.000000000,230.28,155.4493
2022-11-02T18:00:00.000000000,257.84,154.55272
2022-11-02T19:00:00.000000000,237.43,154.3592
2022-11-02T20:00:00.000000000,241.05,154.33494
2022-11-02T21:00:00.000000000,224.32,154.55162
2022-11-02T22:00:00.000000000,225.97,154.47018
2022-11-02T23:00:00.000000000,219.14,154.216
2022-11-03T00:00:00.000000000,226.18,156.50593
2022-11-03T01:00:00.000000000,214.5,161.59059
2022-11-03T02:00:00.000000000,220.99,167.59048
2022-11-03T03:00:00.000000000,229.03,173.37045
2022-11-03T04:00:00.000000000,231.8,179.29236
2022-11-03T05:00:00.000000000,247.45,184.58945
2022-11-03T06:00:00.000000000,309.56,189.7689
2022-11-03T07:00:00.000000000,298.39,194.91238
2022-11-03T08:00:00.000000000,307.04,197.25939
2022-11-03T09:00:00.000000000,302.22,198.34905
2022-11-03T10:00:00.000000000,279.55,198.23589
2022-11-03T11:00:00.000000000,266.24,196.70761
2022-11-03T12:00:00.000000000,241.46,193.62282
2022-11-03T13:00:00.000000000,211.05,190.39586
2022-11-03T14:00:00.000000000,198.55,186.27341
2022-11-03T15:00:00.000000000,194.21,182.67949
2022-11-03T16:00:00.000000000,186.24,179.08048
2022-11-03T17:00:00.000000000,222.76,175.9515
2022-11-03T18:00:00.000000000,239.12,171.6485
2022-11-03T19:00:00.000000000,227.43,167.96905
2022-11-03T20:00:00.000000000,198.5,165.25574
2022-11-03T21:00:00.000000000,181.26,163.76527
2022-11-03T22:00:00.000000000,166.54,163.22279
2022-11-03T23:00:00.000000000,163.16,164.03463
2022-11-04T00:00:00.000000000,168.3,170.51539
2022-11-04T01:00:00.000000000,182.21,170.17867
2022-11-04T02:00:00.000000000,183.94,169.59361
2022-11-04T03:00:00.000000000,182.64,168.84275
2022-11-04T04:00:00.000000000,188.71,167.47007
2022-11-04T05:00:00.000000000,223.72,165.5809
2022-11-04T06:00:00.000000000,253.33,164.20161
2022-11-04T07:00:00.000000000,253.75,164.05687
2022-11-04T08:00:00.000000000,214.19,162.70864
2022-11-04T09:00:00.000000000,220.07,161.13003
2022-11-04T10:00:00.000000000,211.24,159.62332
2022-11-04T11:00:00.000000000,213.95,157.90372
2022-11-04T12:00:00.000000000,253.01,155.57216
2022-11-04T13:00:00.000000000,229.9,153.63592
2022-11-04T14:00:00.000000000,203.88,150.94947
2022-11-04T15:00:00.000000000,209.76,149.48162
2022-11-04T16:00:00.000000000,235.59,148.30073
2022-11-04T17:00:00.000000000,258.68,147.41717
2022-11-04T18:00:00.000000000,244.96,145.7849
2022-11-04T19:00:00.000000000,233.55,145.20727
2022-11-04T20:00:00.000000000,217.71,145.27769
2022-11-04T21:00:00.000000000,205.02,146.07889
2022-11-04T22:00:00.000000000,230.96,146.94294
2022-11-04T23:00:00.000000000,229.02,147.93637
2022-11-05T00:00:00.000000000,228.9,140.47101
2022-11-05T01:00:00.000000000,209.05,139.61355
2022-11-05T02:00:00.000000000,210.97,138.56481
2022-11-05T03:00:00.000000000,200.25,137.13826
2022-11-05T04:00:00.000000000,192.1,135.09381
2022-11-05T05:00:00.000000000,181.4,132.64974
2022-11-05T06:00:00.000000000,160.68,130.24237
2022-11-05T07:00:00.000000000,184.52,128.64922
2022-11-05T08:00:00.000000000,200.27,126.85188
2022-11-05T09:00:00.000000000,204.32,124.90424
2022-11-05T10:00:00.000000000,183.18,123.20107
2022-11-05T11:00:00.000000000,188.13,121.58928
2022-11-05T12:00:00.000000000,192.66,120.00296
2022-11-05T13:00:00.000000000,177.03,118.55641
2022-11-05T14:00:00.000000000,146.4,116.65836
2022-11-05T15:00:00.000000000,144.9,115.55227
2022-11-05T16:00:00.000000000,129.82,115.00543
2022-11-05T17:00:00.000000000,120.03,114.33111
2022-11-05T18:00:00.000000000,110.33,113.04565
2022-11-05T19:00:00.000000000,111.33,112.48934
2022-11-05T20:00:00.000000000,110.62,112.51409
2022-11-05T21:00:00.000000000,111.62,113.21327
2022-11-05T22:00:00.000000000,111.65,113.94194
2022-11-05T23:00:00.000000000,121.65,114.85118
2022-11-03T00:00:00.000000000,226.18,220.02478
2022-11-03T01:00:00.000000000,214.5,221.3689
2022-11-03T02:00:00.000000000,220.99,223.2588
2022-11-03T03:00:00.000000000,229.03,224.30679
2022-11-03T04:00:00.000000000,231.8,225.13638
2022-11-03T05:00:00.000000000,247.45,224.73316
2022-11-03T06:00:00.000000000,309.56,224.95748
2022-11-03T07:00:00.000000000,298.39,226.08561
2022-11-03T08:00:00.000000000,307.04,225.36026
2022-11-03T09:00:00.000000000,302.22,223.50553
2022-11-03T10:00:00.000000000,279.55,220.66689
2022-11-03T11:00:00.000000000,266.24,216.77932
2022-11-03T12:00:00.000000000,241.46,210.96787
2022-11-03T13:00:00.000000000,211.05,205.2603
2022-11-03T14:00:00.000000000,198.55,198.64877
2022-11-03T15:00:00.000000000,194.21,193.72795
2022-11-03T16:00:00.000000000,186.24,189.75124
2022-11-03T17:00:00.000000000,222.76,186.9139
2022-11-03T18:00:00.000000000,239.12,183.20975
2022-11-03T19:00:00.000000000,227.43,180.25992
2022-11-03T20:00:00.000000000,198.5,178.28829
2022-11-03T21:00:00.000000000,181.26,177.40274
2022-11-03T22:00:00.000000000,166.54,177.05565
2022-11-03T23:00:00.000000000,163.16,177.80784
2022-11-04T00:00:00.000000000,168.3,180.45719
2022-11-04T01:00:00.000000000,182.21,179.79562
2022-11-04T02:00:00.000000000,183.94,178.92674
2022-11-04T03:00:00.000000000,182.64,177.85241
2022-11-04T04:00:00.000000000,188.71,176.23734
2022-11-04T05:00:00.000000000,223.72,174.06756
2022-11-04T06:00:00.000000000,253.33,172.54341
2022-11-04T07:00:00.000000000,253.75,172.33074
2022-11-04T08:00:00.000000000,214.19,170.91909
2022-11-04T09:00:00.000000000,220.07,169.1958
2022-11-04T10:00:00.000000000,211.24,167.38505
2022-11-04T11:00:00.000000000,213.95,165.28724
2022-11-04T12:00:00.000000000,253.01,162.36581
2022-11-04T13:00:00.000000000,229.9,159.86296
2022-11-04T14:00:00.000000000,203.88,156.60483
2022-11-04T15:00:00.000000000,209.76,154.70682
2022-11-04T16:00:00.000000000,235.59,153.16213
2022-11-04T17:00:00.000000000,258.68,152.00489
2022-11-04T18:00:00.000000000,244.96,150.07731
2022-11-04T19:00:00.000000000,233.55,149.23218
2022-11-04T20:00:00.000000000,217.71,149.00516
2022-11-04T21:00:00.000000000,205.02,149.58024
2022-11-04T22:00:00.000000000,230.96,150.22341
2022-11-04T23:00:00.000000000,229.02,151.09644
2022-11-05T00:00:00.000000000,228.9,139.80373
2022-11-05T01:00:00.000000000,209.05,138.63476
2022-11-05T02:00:00.000000000,210.97,137.48744
2022-11-05T03:00:00.000000000,200.25,135.95687
2022-11-05T04:00:00.000000000,192.1,133.90069
2022-11-05T05:00:00.000000000,181.4,131.38168
2022-11-05T06:00:00.000000000,160.68,128.88239
2022-11-05T07:00:00.000000000,184.52,127.00039
2022-11-05T08:00:00.000000000,200.27,125.08981
2022-11-05T09:00:00.000000000,204.32,122.94166
2022-11-05T10:00:00.000000000,183.18,120.93402
2022-11-05T11:00:00.000000000,188.13,119.07273
2022-11-05T12:00:00.000000000,192.66,117.21365
2022-11-05T13:00:00.000000000,177.03,115.4689
2022-11-05T14:00:00.000000000,146.4,113.32206
2022-11-05T15:00:00.000000000,144.9,111.92212
2022-11-05T16:00:00.000000000,129.82,111.11812
2022-11-05T17:00:00.000000000,120.03,109.99972
2022-11-05T18:00:00.000000000,110.33,108.18864
2022-11-05T19:00:00.000000000,111.33,106.92525
2022-11-05T20:00:00.000000000,110.62,106.21176
2022-11-05T21:00:00.000000000,111.62,106.23479
2022-11-05T22:00:00.000000000,111.65,106.36878
2022-11-05T23:00:00.000000000,121.65,106.85677
2022-11-06T00:00:00.000000000,125.05,116.06846
2022-11-06T01:00:00.000000000,148.01,117.91148
2022-11-06T02:00:00.000000000,149.71,119.91552
2022-11-06T03:00:00.000000000,149.68,122.1223
2022-11-06T04:00:00.000000000,150.51,124.95669
2022-11-06T05:00:00.000000000,154.67,128.58301
2022-11-06T06:00:00.000000000,181.93,132.53089
2022-11-06T07:00:00.000000000,218.19,136.98221
2022-11-06T08:00:00.000000000,243.49,139.94545
2022-11-06T09:00:00.000000000,242.67,142.29826
2022-11-06T10:00:00.000000000,250.07,144.14092
2022-11-06T11:00:00.000000000,248.08,144.58147
2022-11-06T12:00:00.000000000,248.82,144.07404
2022-11-06T13:00:00.000000000,231.58,143.02343
2022-11-06T14:00:00.000000000,198.14,141.00719
2022-11-06T15:00:00.000000000,188.58,138.80263
2022-11-06T16:00:00.000000000,164.21,136.4715
2022-11-06T17:00:00.000000000,139.53,133.99109
2022-11-06T18:00:00.000000000,125.02,130.60477
2022-11-06T19:00:00.000000000,112.46,128.11242
2022-11-06T20:00:00.000000000,116.54,126.45698
2022-11-06T21:00:00.000000000,109.09,125.759
2022-11-06T22:00:00.000000000,109.77,125.6146
2022-11-06T23:00:00.000000000,118.92,125.92179
2022-11-04T00:00:00.000000000,168.3,167.76847
2022-11-04T01:00:00.000000000,182.21,167.16227
2022-11-04T02:00:00.000000000,183.94,166.3679
2022-11-04T03:00:00.000000000,182.64,165.57783
2022-11-04T04:00:00.000000000,188.71,164.42675
2022-11-04T05:00:00.000000000,223.72,163.02039
2022-11-04T06:00:00.000000000,253.33,162.25291
2022-11-04T07:00:00.000000000,253.75,162.75819
2022-11-04T08:00:00.000000000,214.19,162.1023
2022-11-04T09:00:00.000000000,220.07,161.14144
2022-11-04T10:00:00.000000000,211.24,160.12584
2022-11-04T11:00:00.000000000,213.95,158.69443
2022-11-04T12:00:00.000000000,253.01,156.43982
2022-11-04T13:00:00.000000000,229.9,154.44638
2022-11-04T14:00:00.000000000,203.88,151.65545
2022-11-04T15:00:00.000000000,209.76,149.95594
2022-11-04T16:00:00.000000000,235.59,148.4603
2022-11-04T17:00:00.000000000,258.68,147.15285
2022-11-04T18:00:00.000000000,244.96,144.97697
2022-11-04T19:00:00.000000000,233.55,143.82564
2022-11-04T20:00:00.000000000,217.71,143.2729
2022-11-04T21:00:00.000000000,205.02,143.5545
2022-11-04T22:00:00.000000000,230.96,143.98122
2022-11-04T23:00:00.000000000,229.02,144.62206
2022-11-05T00:00:00.000000000,228.9,141.69342
2022-11-05T01:00:00.000000000,209.05,140.50847
2022-11-05T02:00:00.000000000,210.97,139.27698
2022-11-05T03:00:00.000000000,200.25,137.72988
2022-11-05T04:00:00.000000000,192.1,135.61601
2022-11-05T05:00:00.000000000,181.4,133.08854
2022-11-05T06:00:00.000000000,160.68,130.64676
2022-11-05T07:00:00.000000000,184.52,128.95364
2022-11-05T08:00:00.000000000,200.27,127.15195
2022-11-05T09:00:00.000000000,204.32,125.14726
2022-11-05T10:00:00.000000000,183.18,123.32632
2022-11-05T11:00:00.000000000,188.13,121.61594
2022-11-05T12:00:00.000000000,192.66,119.85364
2022-11-05T13:00:00.000000000,177.03,118.23049
2022-11-05T14:00:00.000000000,146.4,116.1678
2022-11-05T15:00:00.000000000,144.9,114.91004
2022-11-05T16:00:00.000000000,129.82,114.18907
2022-11-05T17:00:00.000000000,120.03,113.19555
2022-11-05T18:00:00.000000000,110.33,111.49749
2022-11-05T19:00:00.000000000,111.33,110.41269
2022-11-05T20:00:00.000000000,110.62,109.86551
2022-11-05T21:00:00.000000000,111.62,110.05062
2022-11-05T22:00:00.000000000,111.65,110.29675
2022-11-05T23:00:00.000000000,121.65,110.85179
2022-11-06T00:00:00.000000000,125.05,118.21392
2022-11-06T01:00:00.000000000,148.01,120.22487
2022-11-06T02:00:00.000000000,149.71,122.51292
2022-11-06T03:00:00.000000000,149.68,125.086
2022-11-06T04:00:00.000000000,150.51,128.32232
2022-11-06T05:00:00.000000000,154.67,132.36195
2022-11-06T06:00:00.000000000,181.93,136.85483
2022-11-06T07:00:00.000000000,218.19,141.86563
2022-11-06T08:00:00.000000000,243.49,145.25134
2022-11-06T09:00:00.000000000,242.67,148.06554
2022-11-06T10:00:00.000000000,250.07,150.41613
2022-11-06T11:00:00.000000000,248.08,151.35219
2022-11-06T12:00:00.000000000,248.82,151.25737
2022-11-06T13:00:00.000000000,231.58,150.53041
2022-11-06T14:00:00.000000000,198.14,148.69135
2022-11-06T15:00:00.000000000,188.58,146.46793
2022-11-06T16:00:00.000000000,164.21,143.99965
2022-11-06T17:00:00.000000000,139.53,141.34438
2022-11-06T18:00:00.000000000,125.02,137.69785
2022-11-06T19:00:00.000000000,112.46,134.9095
2022-11-06T20:00:00.000000000,116.54,132.97621
2022-11-06T21:00:00.000000000,109.09,132.00239
2022-11-06T22:00:00.000000000,109.77,131.58584
2022-11-06T23:00:00.000000000,118.92,131.66721
2022-11-07T00:00:00.000000000,135.31,134.16985
2022-11-07T01:00:00.000000000,132.45,135.02427
2022-11-07T02:00:00.000000000,136.65,136.52401
2022-11-07T03:00:00.000000000,131.24,138.61829
2022-11-07T04:00:00.000000000,131.99,140.78906
2022-11-07T05:00:00.000000000,133.0,143.25291
2022-11-07T06:00:00.000000000,132.56,146.64439
2022-11-07T07:00:00.000000000,135.99,150.93334
2022-11-07T08:00:00.000000000,135.02,153.69453
2022-11-07T09:00:00.000000000,136.69,156.41642
2022-11-07T10:00:00.000000000,151.4,159.64416
2022-11-07T11:00:00.000000000,166.36,162.20473
2022-11-07T12:00:00.000000000,171.71,164.13834
2022-11-07T13:00:00.000000000,171.5,165.94454
2022-11-07T14:00:00.000000000,155.79,166.43021
2022-11-07T15:00:00.000000000,142.54,166.60444
2022-11-07T16:00:00.000000000,139.12,166.29933
2022-11-07T17:00:00.000000000,134.32,165.58343
2022-11-07T18:00:00.000000000,158.16,163.39576
2022-11-07T19:00:00.000000000,177.46,161.43979
2022-11-07T20:00:00.000000000,166.82,159.84734
2022-11-07T21:00:00.000000000,187.36,158.43333
2022-11-07T22:00:00.000000000,202.49,157.04142
2022-11-07T23:00:00.000000000,209.98,155.76337
2022-11-05T00:00:00.000000000,228.9,200.79895
2022-11-05T01:00:00.000000000,209.05,196.48179
2022-11-05T02:00:00.000000000,210.97,191.85749
2022-11-05T03:00:00.000000000,200.25,188.11938
2022-11-05T04:00:00.000000000,192.1,183.23977
2022-11-05T05:00:00.000000000,181.4,177.76351
2022-11-05T06:00:00.000000000,160.68,173.41829
2022-11-05T07:00:00.000000000,184.52,171.28388
2022-11-05T08:00:00.000000000,200.27,168.32471
2022-11-05T09:00:00.000000000,204.32,165.44786
2022-11-05T10:00:00.000000000,183.18,163.44656
2022-11-05T11:00:00.000000000,188.13,162.30188
2022-11-05T12:00:00.000000000,192.66,160.65141
2022-11-05T13:00:00.000000000,177.03,159.66235
2022-11-05T14:00:00.000000000,146.4,157.4761
2022-11-05T15:00:00.000000000,144.9,157.0478
2022-11-05T16:00:00.000000000,129.82,156.9423
2022-11-05T17:00:00.000000000,120.03,156.66646
2022-11-05T18:00:00.000000000,110.33,155.55555
2022-11-05T19:00:00.000000000,111.33,155.2645
2022-11-05T20:00:00.000000000,110.62,155.18655
2022-11-05T21:00:00.000000000,111.62,155.81514
2022-11-05T22:00:00.000000000,111.65,156.05846
2022-11-05T23:00:00.000000000,121.65,156.37012
2022-11-06T00:00:00.000000000,125.05,155.17538
2022-11-06T01:00:00.000000000,148.01,156.47619
2022-11-06T02:00:00.000000000,149.71,158.31736
2022-11-06T03:00:00.000000000,149.68,160.29605
2022-11-06T04:00:00.000000000,150.51,162.73586
2022-11-06T05:00:00.000000000,154.67,165.37952
2022-11-06T06:00:00.000000000,181.93,168.57715
2022-11-06T07:00:00.000000000,218.19,172.39166
2022-11-06T08:00:00.000000000,243.49,174.35374
2022-11-06T09:00:00.000000000,242.67,175.49795
2022-11-06T10:00:00.000000000,250.07,175.98127
2022-11-06T11:00:00.000000000,248.08,175.21225
2022-11-06T12:00:00.000000000,248.82,173.0656
2022-11-06T13:00:00.000000000,231.58,170.62108
2022-11-06T14:00:00.000000000,198.14,166.97348
2022-11-06T15:00:00.000000000,188.58,163.72997
2022-11-06T16:00:00.000000000,164.21,160.55504
2022-11-06T17:00:00.000000000,139.53,157.66131
2022-11-06T18:00:00.000000000,125.02,153.86417
2022-11-06T19:00:00.000000000,112.46,151.22993
2022-11-06T20:00:00.000000000,116.54,149.61457
2022-11-06T21:00:00.000000000,109.09,148.95631
2022-11-06T22:00:00.000000000,109.77,148.6491
2022-11-06T23:00:00.000000000,118.92,148.79746
2022-11-07T00:00:00.000000000,135.31,148.7084
2022-11-07T01:00:00.000000000,132.45,148.39154
2022-11-07T02:00:00.000000000,136.65,148.44795
2022-11-07T03:00:00.000000000,131.24,148.86236
2022-11-07T04:00:00.000000000,131.99,149.21388
2022-11-07T05:00:00.000000000,133.0,149.72298
2022-11-07T06:00:00.000000000,132.56,151.22335
2022-11-07T07:00:00.000000000,135.99,153.85454
2022-11-07T08:00:00.000000000,135.02,155.23499
2022-11-07T09:00:00.000000000,136.69,156.61495
2022-11-07T10:00:00.000000000,151.4,158.45655
2022-11-07T11:00:00.000000000,166.36,159.74924
2022-11-07T12:00:00.000000000,171.71,160.3563
2022-11-07T13:00:00.000000000,171.5,161.01657
2022-11-07T14:00:00.000000000,155.79,160.59411
2022-11-07T15:00:00.000000000,142.54,160.47791
2022-11-07T16:00:00.000000000,139.12,160.15129
2022-11-07T17:00:00.000000000,134.32,159.60649
2022-11-07T18:00:00.000000000,158.16,157.67407
2022-11-07T19:00:00.000000000,177.46,156.19257
2022-11-07T20:00:00.000000000,166.82,155.08741
2022-11-07T21:00:00.000000000,187.36,154.20628
2022-11-07T22:00:00.000000000,202.49,153.35108
2022-11-07T23:00:00.000000000,209.98,152.52431
2022-11-08T00:00:00.000000000,198.24,151.75811
2022-11-08T01:00:00.000000000,175.05,153.54139
2022-11-08T02:00:00.000000000,169.67,156.45112
2022-11-08T03:00:00.000000000,177.97,160.74705
2022-11-08T04:00:00.000000000,179.68,165.31185
2022-11-08T05:00:00.000000000,183.88,169.75312
2022-11-08T06:00:00.000000000,210.58,174.98448
2022-11-08T07:00:00.000000000,245.47,181.59524
2022-11-08T08:00:00.000000000,238.3,186.02355
2022-11-08T09:00:00.000000000,247.22,189.87446
2022-11-08T10:00:00.000000000,267.77,194.03662
2022-11-08T11:00:00.000000000,262.44,197.36074
2022-11-08T12:00:00.000000000,258.69,199.65806
2022-11-08T13:00:00.000000000,230.56,202.07123
2022-11-08T14:00:00.000000000,161.33,202.74299
2022-11-08T15:00:00.000000000,144.89,202.89963
2022-11-08T16:00:00.000000000,150.19,202.21966
2022-11-08T17:00:00.000000000,167.12,200.86622
2022-11-08T18:00:00.000000000,177.42,197.87295
2022-11-08T19:00:00.000000000,169.84,194.77295
2022-11-08T20:00:00.000000000,176.27,192.10807
2022-11-08T21:00:00.000000000,179.54,189.87076
2022-11-08T22:00:00.000000000,163.4,187.4351
2022-11-08T23:00:00.000000000,174.91,185.0472
2022-11-06T00:00:00.000000000,125.05,120.55113
2022-11-06T01:00:00.000000000,148.01,123.45568
2022-11-06T02:00:00.000000000,149.71,127.10732
2022-11-06T03:00:00.000000000,149.68,131.27158
2022-11-06T04:00:00.000000000,150.51,136.56709
2022-11-06T05:00:00.000000000,154.67,142.9029
2022-11-06T06:00:00.000000000,181.93,149.77282
2022-11-06T07:00:00.000000000,218.19,156.86789
2022-11-06T08:00:00.000000000,243.49,161.74785
2022-11-06T09:00:00.000000000,242.67,165.67302
2022-11-06T10:00:00.000000000,250.07,168.7327
2022-11-06T11:00:00.000000000,248.08,170.0424
2022-11-06T12:00:00.000000000,248.82,169.96643
2022-11-06T13:00:00.000000000,231.58,168.92677
2022-11-06T14:00:00.000000000,198.14,166.37752
2022-11-06T15:00:00.000000000,188.58,162.92545
2022-11-06T16:00:00.000000000,164.21,159.06003
2022-11-06T17:00:00.000000000,139.53,155.05412
2022-11-06T18:00:00.000000000,125.02,150.16984
2022-11-06T19:00:00.000000000,112.46,146.38981
2022-11-06T20:00:00.000000000,116.54,143.85407
2022-11-06T21:00:00.000000000,109.09,142.55664
2022-11-06T22:00:00.000000000,109.77,141.84528
2022-11-06T23:00:00.000000000,118.92,141.81487
2022-11-07T00:00:00.000000000,135.31,142.92398
2022-11-07T01:00:00.000000000,132.45,142.88662
2022-11-07T02:00:00.000000000,136.65,142.99232
2022-11-07T03:00:00.000000000,131.24,143.39251
2022-11-07T04:00:00.000000000,131.99,143.71161
2022-11-07T05:00:00.000000000,133.0,144.22783
2022-11-07T06:00:00.000000000,132.56,145.55219
2022-11-07T07:00:00.000000000,135.99,147.96814
2022-11-07T08:00:00.000000000,135.02,149.17243
2022-11-07T09:00:00.000000000,136.69,150.30493
2022-11-07T10:00:00.000000000,151.4,151.73111
2022-11-07T11:00:00.000000000,166.36,152.54482
2022-11-07T12:00:00.000000000,171.71,152.6821
2022-11-07T13:00:00.000000000,171.5,152.83763
2022-11-07T14:00:00.000000000,155.79,152.02888
2022-11-07T15:00:00.000000000,142.54,151.56698
2022-11-07T16:00:00.000000000,139.12,150.97215
2022-11-07T17:00:00.000000000,134.32,150.2275
2022-11-07T18:00:00.000000000,158.16,148.25706
2022-11-07T19:00:00.000000000,177.46,146.89251
2022-11-07T20:00:00.000000000,166.82,145.95667
2022-11-07T21:00:00.000000000,187.36,145.42486
2022-11-07T22:00:00.000000000,202.49,145.01299
2022-11-07T23:00:00.000000000,209.98,144.67163
2022-11-08T00:00:00.000000000,198.24,149.06751
2022-11-08T01:00:00.000000000,175.05,152.95489
2022-11-08T02:00:00.000000000,169.67,157.6104
2022-11-08T03:00:00.000000000,177.97,162.15699
2022-11-08T04:00:00.000000000,179.68,166.43882
2022-11-08T05:00:00.000000000,183.88,170.06446
2022-11-08T06:00:00.000000000,210.58,173.67684
2022-11-08T07:00:00.000000000,245.47,177.49928
2022-11-08T08:00:00.000000000,238.3,178.99202
2022-11-08T09:00:00.000000000,247.22,179.79129
2022-11-08T10:00:00.000000000,267.77,180.41967
2022-11-08T11:00:00.000000000,262.44,180.25035
2022-11-08T12:00:00.000000000,258.69,179.21051
2022-11-08T13:00:00.000000000,230.56,178.03992
2022-11-08T14:00:00.000000000,161.33,175.65356
2022-11-08T15:00:00.000000000,144.89,173.59507
2022-11-08T16:00:00.000000000,150.19,171.46561
2022-11-08T17:00:00.000000000,167.12,169.52928
2022-11-08T18:00:00.000000000,177.42,166.52479
2022-11-08T19:00:00.000000000,169.84,164.15513
2022-11-08T20:00:00.000000000,176.27,162.72806
2022-11-08T21:00:00.000000000,179.54,161.99354
2022-11-08T22:00:00.000000000,163.4,161.71167
2022-11-08T23:00:00.000000000,174.91,162.0525
2022-11-09T00:00:00.000000000,146.0,161.95305
2022-11-09T01:00:00.000000000,127.99,161.96108
2022-11-09T02:00:00.000000000,123.81,162.37861
2022-11-09T03:00:00.000000000,131.22,162.89754
2022-11-09T04:00:00.000000000,140.44,163.17229
2022-11-09T05:00:00.000000000,144.86,163.22244
2022-11-09T06:00:00.000000000,155.39,164.0836
2022-11-09T07:00:00.000000000,163.44,165.96714
2022-11-09T08:00:00.000000000,167.44,166.41198
2022-11-09T09:00:00.000000000,203.5,166.71307
2022-11-09T10:00:00.000000000,213.67,167.404
2022-11-09T11:00:00.000000000,193.48,167.65009
2022-11-09T12:00:00.000000000,188.1,167.22245
2022-11-09T13:00:00.000000000,174.63,166.97575
2022-11-09T14:00:00.000000000,201.3,165.62315
2022-11-09T15:00:00.000000000,216.16,164.93447
2022-11-09T16:00:00.000000000,212.51,164.2172
2022-11-09T17:00:00.000000000,206.17,163.49068
2022-11-09T18:00:00.000000000,191.52,161.58361
2022-11-09T19:00:00.000000000,205.76,160.33398
2022-11-09T20:00:00.000000000,242.51,159.69829
2022-11-09T21:00:00.000000000,215.11,159.35249
2022-11-09T22:00:00.000000000,180.29,158.99959
2022-11-09T23:00:00.000000000,170.58,158.66079
2022-11-07T00:00:00.000000000,135.31,122.02118
2022-11-07T01:00:00.000000000,132.45,123.36179
2022-11-07T02:00:00.000000000,136.65,124.74443
2022-11-07T03:00:00.000000000,131.24,126.29501
2022-11-07T04:00:00.000000000,131.99,128.1368
2022-11-07T05:00:00.000000000,133.0,130.47798
2022-11-07T06:00:00.000000000,132.56,133.17901
2022-11-07T07:00:00.000000000,135.99,136.55575
2022-11-07T08:00:00.000000000,135.02,138.6223
2022-11-07T09:00:00.000000000,136.69,140.26074
2022-11-07T10:00:00.000000000,151.4,141.67988
2022-11-07T11:00:00.000000000,166.36,142.04016
2022-11-07T12:00:00.000000000,171.71,141.61626
2022-11-07T13:00:00.000000000,171.5,140.91563
2022-11-07T14:00:00.000000000,155.79,139.32336
2022-11-07T15:00:00.000000000,142.54,137.77943
2022-11-07T16:00:00.000000000,139.12,136.1443
2022-11-07T17:00:00.000000000,134.32,134.38616
2022-11-07T18:00:00.000000000,158.16,131.65252
2022-11-07T19:00:00.000000000,177.46,129.72176
2022-11-07T20:00:00.000000000,166.82,128.45239
2022-11-07T21:00:00.000000000,187.36,127.9439
2022-11-07T22:00:00.000000000,202.49,127.87286
2022-11-07T23:00:00.000000000,209.98,128.09342
2022-11-08T00:00:00.000000000,198.24,135.11287
2022-11-08T01:00:00.000000000,175.05,138.59726
2022-11-08T02:00:00.000000000,169.67,142.68168
2022-11-08T03:00:00.000000000,177.97,146.79753
2022-11-08T04:00:00.000000000,179.68,150.91229
2022-11-08T05:00:00.000000000,183.88,154.84065
2022-11-08T06:00:00.000000000,210.58,158.94907
2022-11-08T07:00:00.000000000,245.47,163.32999
2022-11-08T08:00:00.000000000,238.3,165.6143
2022-11-08T09:00:00.000000000,247.22,167.35432
2022-11-08T10:00:00.000000000,267.77,168.91373
2022-11-08T11:00:00.000000000,262.44,169.52468
2022-11-08T12:00:00.000000000,258.69,169.22697
2022-11-08T13:00:00.000000000,230.56,168.57771
2022-11-08T14:00:00.000000000,161.33,166.67657
2022-11-08T15:00:00.000000000,144.89,164.68494
2022-11-08T16:00:00.000000000,150.19,162.46902
2022-11-08T17:00:00.000000000,167.12,160.2501
2022-11-08T18:00:00.000000000,177.42,156.90534
2022-11-08T19:00:00.000000000,169.84,154.23006
2022-11-08T20:00:00.000000000,176.27,152.42937
2022-11-08T21:00:00.000000000,179.54,151.39087
2022-11-08T22:00:00.000000000,163.4,150.89298
2022-11-08T23:00:00.000000000,174.91,151.02264
2022-11-09T00:00:00.000000000,146.0,149.97475
2022-11-09T01:00:00.000000000,127.99,150.59374
2022-11-09T02:00:00.000000000,123.81,151.58375
2022-11-09T03:00:00.000000000,131.22,152.75145
2022-11-09T04:00:00.000000000,140.44,153.85991
2022-11-09T05:00:00.000000000,144.86,154.98279
2022-11-09T06:00:00.000000000,155.39,156.79856
2022-11-09T07:00:00.000000000,163.44,159.49612
2022-11-09T08:00:00.000000000,167.44,160.66851
2022-11-09T09:00:00.000000000,203.5,161.58856
2022-11-09T10:00:00.000000000,213.67,162.67158
2022-11-09T11:00:00.000000000,193.48,163.08329
2022-11-09T12:00:00.000000000,188.1,162.736
2022-11-09T13:00:00.000000000,174.63,162.37549
2022-11-09T14:00:00.000000000,201.3,160.91852
2022-11-09T15:00:00.000000000,216.16,159.85333
2022-11-09T16:00:00.000000000,212.51,158.68639
2022-11-09T17:00:00.000000000,206.17,157.49515
2022-11-09T18:00:00.000000000,191.52,155.18462
2022-11-09T19:00:00.000000000,205.76,153.61841
2022-11-09T20:00:00.000000000,242.51,152.72876
2022-11-09T21:00:00.000000000,215.11,152.30849
2022-11-09T22:00:00.000000000,180.29,152.00598
2022-11-09T23:00:00.000000000,170.58,151.82479
2022-11-10T00:00:00.000000000,175.43,154.61678
2022-11-10T01:00:00.000000000,167.06,158.12159
2022-11-10T02:00:00.000000000,160.03,162.31872
2022-11-10T03:00:00.000000000,159.06,166.45544
2022-11-10T04:00:00.000000000,135.09,169.96294
2022-11-10T05:00:00.000000000,134.03,172.545
2022-11-10T06:00:00.000000000,140.22,175.17458
2022-11-10T07:00:00.000000000,146.07,178.27925
2022-11-10T08:00:00.000000000,156.88,179.17119
2022-11-10T09:00:00.000000000,161.39,179.59105
2022-11-10T10:00:00.000000000,165.21,180.2737
2022-11-10T11:00:00.000000000,162.96,180.45873
2022-11-10T12:00:00.000000000,159.65,180.18473
2022-11-10T13:00:00.000000000,145.36,180.18006
2022-11-10T14:00:00.000000000,128.87,179.16643
2022-11-10T15:00:00.000000000,121.33,178.75303
2022-11-10T16:00:00.000000000,128.25,178.26165
2022-11-10T17:00:00.000000000,139.0,177.81987
2022-11-10T18:00:00.000000000,146.46,176.11411
2022-11-10T19:00:00.000000000,152.99,174.66733
2022-11-10T20:00:00.000000000,158.74,173.85441
2022-11-10T21:00:00.000000000,154.01,173.41208
2022-11-10T22:00:00.000000000,140.95,173.186
2022-11-10T23:00:00.000000000,177.7,173.31713
2022-11-08T00:00:00.000000000,198.24,208.27941
2022-11-08T01:00:00.000000000,175.05,209.34858
2022-11-08T02:00:00.000000000,169.67,210.76895
2022-11-08T03:00:00.000000000,177.97,211.36517
2022-11-08T04:00:00.000000000,179.68,211.74443
2022-11-08T05:00:00.000000000,183.88,211.11076
2022-11-08T06:00:00.000000000,210.58,211.04244
2022-11-08T07:00:00.000000000,245.47,211.81173
2022-11-08T08:00:00.000000000,238.3,210.86483
2022-11-08T09:00:00.000000000,247.22,208.92533
2022-11-08T10:00:00.000000000,267.77,206.11222
2022-11-08T11:00:00.000000000,262.44,202.29625
2022-11-08T12:00:00.000000000,258.69,196.82661
2022-11-08T13:00:00.000000000,230.56,191.49781
2022-11-08T14:00:00.000000000,161.33,185.28667
2022-11-08T15:00:00.000000000,144.89,180.74647
2022-11-08T16:00:00.000000000,150.19,177.13591
2022-11-08T17:00:00.000000000,167.12,174.64034
2022-11-08T18:00:00.000000000,177.42,171.45899
2022-11-08T19:00:00.000000000,169.84,169.37144
2022-11-08T20:00:00.000000000,176.27,168.25743
2022-11-08T21:00:00.000000000,179.54,168.13838
2022-11-08T22:00:00.000000000,163.4,168.35043
2022-11-08T23:00:00.000000000,174.91,169.34728
2022-11-09T00:00:00.000000000,146.0,168.20034
2022-11-09T01:00:00.000000000,127.99,169.1146
2022-11-09T02:00:00.000000000,123.81,170.3647
2022-11-09T03:00:00.000000000,131.22,171.43528
2022-11-09T04:00:00.000000000,140.44,172.33228
2022-11-09T05:00:00.000000000,144.86,172.83936
2022-11-09T06:00:00.000000000,155.39,173.85488
2022-11-09T07:00:00.000000000,163.44,175.67151
2022-11-09T08:00:00.000000000,167.44,175.82092
2022-11-09T09:00:00.000000000,203.5,175.44785
2022-11-09T10:00:00.000000000,213.67,174.87806
2022-11-09T11:00:00.000000000,193.48,173.61305
2022-11-09T12:00:00.000000000,188.1,171.34982
2022-11-09T13:00:00.000000000,174.63,169.17694
2022-11-09T14:00:00.000000000,201.3,165.99486
2022-11-09T15:00:00.000000000,216.16,163.69756
2022-11-09T16:00:00.000000000,212.51,161.57556
2022-11-09T17:00:00.000000000,206.17,159.79402
2022-11-09T18:00:00.000000000,191.52,157.11577
2022-11-09T19:00:00.000000000,205.76,155.45251
2022-11-09T20:00:00.000000000,242.51,154.66214
2022-11-09T21:00:00.000000000,215.11,154.58754
2022-11-09T22:00:00.000000000,180.29,154.72348
2022-11-09T23:00:00.000000000,170.58,155.17112
2022-11-10T00:00:00.000000000,175.43,156.49233
2022-11-10T01:00:00.000000000,167.06,158.59523
2022-11-10T02:00:00.000000000,160.03,161.28292
2022-11-10T03:00:00.000000000,159.06,164.04434
2022-11-10T04:00:00.000000000,135.09,166.25174
2022-11-10T05:00:00.000000000,134.03,167.7719
2022-11-10T06:00:00.000000000,140.22,169.65783
2022-11-10T07:00:00.000000000,146.07,172.28277
2022-11-10T08:00:00.000000000,156.88,173.00122
2022-11-10T09:00:00.000000000,161.39,173.49555
2022-11-10T10:00:00.000000000,165.21,174.50718
2022-11-10T11:00:00.000000000,162.96,175.08948
2022-11-10T12:00:00.000000000,159.65,175.35167
2022-11-10T13:00:00.000000000,145.36,175.96642
2022-11-10T14:00:00.000000000,128.87,175.49535
2022-11-10T15:00:00.000000000,121.33,175.61075
2022-11-10T16:00:00.000000000,128.25,175.68725
2022-11-10T17:00:00.000000000,139.0,175.74506
2022-11-10T18:00:00.000000000,146.46,174.55111
2022-11-10T19:00:00.000000000,152.99,173.701
2022-11-10T20:00:00.000000000,158.74,173.42043
2022-11-10T21:00:00.000000000,154.01,173.28747
2022-11-10T22:00:00.000000000,140.95,173.10564
2022-11-10T23:00:00.000000000,177.7,172.95337
2022-11-11T00:00:00.000000000,196.23,176.06612
2022-11-11T01:00:00.000000000,183.83,178.59208
2022-11-11T02:00:00.000000000,186.56,181.55253
2022-11-11T03:00:00.000000000,184.11,183.93637
2022-11-11T04:00:00.000000000,196.82,185.51836
2022-11-11T05:00:00.000000000,222.98,185.88967
2022-11-11T06:00:00.000000000,253.4,186.29316
2022-11-11T07:00:00.000000000,282.18,187.17791
2022-11-11T08:00:00.000000000,331.09,186.03029
2022-11-11T09:00:00.000000000,331.23,184.33454
2022-11-11T10:00:00.000000000,332.78,182.64904
2022-11-11T11:00:00.000000000,327.39,180.61562
2022-11-11T12:00:00.000000000,328.75,177.99531
2022-11-11T13:00:00.000000000,321.03,175.77391
2022-11-11T14:00:00.000000000,231.22,172.74554
2022-11-11T15:00:00.000000000,223.65,170.98624
2022-11-11T16:00:00.000000000,227.44,169.58146
2022-11-11T17:00:00.000000000,237.59,168.70128
2022-11-11T18:00:00.000000000,226.14,166.93775
2022-11-11T19:00:00.000000000,243.18,165.87445
2022-11-11T20:00:00.000000000,232.79,165.66299
2022-11-11T21:00:00.000000000,231.55,165.97899
2022-11-11T22:00:00.000000000,237.86,166.54367
2022-11-11T23:00:00.000000000,237.9,167.55637
2022-11-09T00:00:00.000000000,146.0,166.21885
2022-11-09T01:00:00.000000000,127.99,166.0923
2022-11-09T02:00:00.000000000,123.81,166.25919
2022-11-09T03:00:00.000000000,131.22,166.5035
2022-11-09T04:00:00.000000000,140.44,166.90379
2022-11-09T05:00:00.000000000,144.86,167.35136
2022-11-09T06:00:00.000000000,155.39,168.60272
2022-11-09T07:00:00.000000000,163.44,170.88241
2022-11-09T08:00:00.000000000,167.44,171.70831
2022-11-09T09:00:00.000000000,203.5,172.00369
2022-11-09T10:00:00.000000000,213.67,171.99626
2022-11-09T11:00:00.000000000,193.48,171.13599
2022-11-09T12:00:00.000000000,188.1,169.05621
2022-11-09T13:00:00.000000000,174.63,166.94278
2022-11-09T14:00:00.000000000,201.3,163.76618
2022-11-09T15:00:00.000000000,216.16,161.33479
2022-11-09T16:00:00.000000000,212.51,158.98289
2022-11-09T17:00:00.000000000,206.17,156.8403
2022-11-09T18:00:00.000000000,191.52,153.72422
2022-11-09T19:00:00.000000000,205.76,151.69146
2022-11-09T20:00:00.000000000,242.51,150.46648
2022-11-09T21:00:00.000000000,215.11,150.05298
2022-11-09T22:00:00.000000000,180.29,149.84102
2022-11-09T23:00:00.000000000,170.58,149.89106
2022-11-10T00:00:00.000000000,175.43,151.76646
2022-11-10T01:00:00.000000000,167.06,153.38261
2022-11-10T02:00:00.000000000,160.03,155.52534
2022-11-10T03:00:00.000000000,159.06,157.80769
2022-11-10T04:00:00.000000000,135.09,159.60554
2022-11-10T05:00:00.000000000,134.03,160.92131
2022-11-10T06:00:00.000000000,140.22,162.74266
2022-11-10T07:00:00.000000000,146.07,165.34462
2022-11-10T08:00:00.000000000,156.88,166.18868
2022-11-10T09:00:00.000000000,161.39,166.92359
2022-11-10T10:00:00.000000000,165.21,168.24063
2022-11-10T11:00:00.000000000,162.96,169.13523
2022-11-10T12:00:00.000000000,159.65,169.7331
2022-11-10T13:00:00.000000000,145.36,170.63407
2022-11-10T14:00:00.000000000,128.87,170.44438
2022-11-10T15:00:00.000000000,121.33,170.73057
2022-11-10T16:00:00.000000000,128.25,170.9328
2022-11-10T17:00:00.000000000,139.0,171.03994
2022-11-10T18:00:00.000000000,146.46,169.87533
2022-11-10T19:00:00.000000000,152.99,169.06805
2022-11-10T20:00:00.000000000,158.74,168.77819
2022-11-10T21:00:00.000000000,154.01,168.58838
2022-11-10T22:00:00.000000000,140.95,168.32425
2022-11-10T23:00:00.000000000,177.7,168.043
2022-11-11T00:00:00.000000000,196.23,172.10503
2022-11-11T01:00:00.000000000,183.83,175.32248
2022-11-11T02:00:00.000000000,186.56,179.03141
2022-11-11T03:00:00.000000000,184.11,182.14372
2022-11-11T04:00:00.000000000,196.82,184.37509
2022-11-11T05:00:00.000000000,222.98,185.29448
2022-11-11T06:00:00.000000000,253.4,186.0876
2022-11-11T07:00:00.000000000,282.18,187.23497
2022-11-11T08:00:00.000000000,331.09,186.2122
2022-11-11T09:00:00.000000000,331.23,184.60814
2022-11-11T10:00:00.000000000,332.78,183.04885
2022-11-11T11:00:00.000000000,327.39,181.1506
2022-11-11T12:00:00.000000000,328.75,178.7745
2022-11-11T13:00:00.000000000,321.03,176.80153
2022-11-11T14:00:00.000000000,231.22,174.05426
2022-11-11T15:00:00.000000000,223.65,172.53768
2022-11-11T16:00:00.000000000,227.44,171.36012
2022-11-11T17:00:00.000000000,237.59,170.69682
2022-11-11T18:00:00.000000000,226.14,169.10637
2022-11-11T19:00:00.000000000,243.18,168.1137
2022-11-11T20:00:00.000000000,232.79,167.95101
2022-11-11T21:00:00.000000000,231.55,168.28154
2022-11-11T22:00:00.000000000,237.86,168.90137
2022-11-11T23:00:00.000000000,237.9,170.00119
2022-11-12T00:00:00.000000000,237.73,170.96627
2022-11-12T01:00:00.000000000,200.53,171.48391
2022-11-12T02:00:00.000000000,192.44,172.38087
2022-11-12T03:00:00.000000000,167.87,173.16327
2022-11-12T04:00:00.000000000,172.25,173.28226
2022-11-12T05:00:00.000000000,171.39,172.67305
2022-11-12T06:00:00.000000000,183.98,172.62963
2022-11-12T07:00:00.000000000,146.96,173.52019
2022-11-12T08:00:00.000000000,151.44,172.79212
2022-11-12T09:00:00.000000000,171.78,171.99281
2022-11-12T10:00:00.000000000,176.16,171.83585
2022-11-12T11:00:00.000000000,179.31,171.43662
2022-11-12T12:00:00.000000000,169.25,170.86642
2022-11-12T13:00:00.000000000,167.04,170.88412
2022-11-12T14:00:00.000000000,145.28,169.99099
2022-11-12T15:00:00.000000000,149.02,170.19057
2022-11-12T16:00:00.000000000,193.22,170.63594
2022-11-12T17:00:00.000000000,192.6,171.24487
2022-11-12T18:00:00.000000000,200.85,170.74372
2022-11-12T19:00:00.000000000,218.84,170.78988
2022-11-12T20:00:00.000000000,239.04,171.39335
2022-11-12T21:00:00.000000000,263.35,172.00023
2022-11-12T22:00:00.000000000,268.78,172.37977
2022-11-12T23:00:00.000000000,256.18,172.57537
2022-11-10T00:00:00.000000000,175.43,168.61938
2022-11-10T01:00:00.000000000,167.06,168.93095
2022-11-10T02:00:00.000000000,160.03,169.76599
2022-11-10T03:00:00.000000000,159.06,170.67743
2022-11-10T04:00:00.000000000,135.09,171.17343
2022-11-10T05:00:00.000000000,134.03,171.16837
2022-11-10T06:00:00.000000000,140.22,171.8795
2022-11-10T07:00:00.000000000,146.07,173.60267
2022-11-10T08:00:00.000000000,156.88,173.72918
2022-11-10T09:00:00.000000000,161.39,173.72542
2022-11-10T10:00:00.000000000,165.21,174.30337
2022-11-10T11:00:00.000000000,162.96,174.5262
2022-11-10T12:00:00.000000000,159.65,174.31712
2022-11-10T13:00:00.000000000,145.36,174.5005
2022-11-10T14:00:00.000000000,128.87,173.5617
2022-11-10T15:00:00.000000000,121.33,173.4297
2022-11-10T16:00:00.000000000,128.25,173.35558
2022-11-10T17:00:00.000000000,139.0,173.31344
2022-11-10T18:00:00.000000000,146.46,172.08145
2022-11-10T19:00:00.000000000,152.99,171.37502
2022-11-10T20:00:00.000000000,158.74,171.27299
2022-11-10T21:00:00.000000000,154.01,171.26057
2022-11-10T22:00:00.000000000,140.95,171.07062
2022-11-10T23:00:00.000000000,177.7,170.75317
2022-11-11T00:00:00.000000000,196.23,175.19079
2022-11-11T01:00:00.000000000,183.83,178.17892
2022-11-11T02:00:00.000000000,186.56,181.60493
2022-11-11T03:00:00.000000000,184.11,184.38036
2022-11-11T04:00:00.000000000,196.82,186.28082
2022-11-11T05:00:00.000000000,222.98,186.86525
2022-11-11T06:00:00.000000000,253.4,187.35345
2022-11-11T07:00:00.000000000,282.18,188.22852
2022-11-11T08:00:00.000000000,331.09,186.98464
2022-11-11T09:00:00.000000000,331.23,185.14734
2022-11-11T10:00:00.000000000,332.78,183.28596
2022-11-11T11:00:00.000000000,327.39,181.08793
2022-11-11T12:00:00.000000000,328.75,178.3476
2022-11-11T13:00:00.000000000,321.03,176.01161
2022-11-11T14:00:00.000000000,231.22,172.91376
2022-11-11T15:00:00.000000000,223.65,171.11531
2022-11-11T16:00:00.000000000,227.44,169.70318
2022-11-11T17:00:00.000000000,237.59,168.86657
2022-11-11T18:00:00.000000000,226.14,167.16744
2022-11-11T19:00:00.000000000,243.18,166.15171
2022-11-11T20:00:00.000000000,232.79,166.00038
2022-11-11T21:00:00.000000000,231.55,166.39656
2022-11-11T22:00:00.000000000,237.86,167.08653
2022-11-11T23:00:00.000000000,237.9,168.28005
2022-11-12T00:00:00.000000000,237.73,169.64865
2022-11-12T01:00:00.000000000,200.53,170.18103
2022-11-12T02:00:00.000000000,192.44,171.18809
2022-11-12T03:00:00.000000000,167.87,172.18249
2022-11-12T04:00:00.000000000,172.25,172.62262
2022-11-12T05:00:00.000000000,171.39,172.4163
2022-11-12T06:00:00.000000000,183.98,172.83309
2022-11-12T07:00:00.000000000,146.96,174.22187
2022-11-12T08:00:00.000000000,151.44,173.99197
2022-11-12T09:00:00.000000000,171.78,173.67992
2022-11-12T10:00:00.000000000,176.16,174.01167
2022-11-12T11:00:00.000000000,179.31,174.03784
2022-11-12T12:00:00.000000000,169.25,173.77366
2022-11-12T13:00:00.000000000,167.04,174.00704
2022-11-12T14:00:00.000000000,145.28,173.20857
2022-11-12T15:00:00.000000000,149.02,173.33316
2022-11-12T16:00:00.000000000,193.22,173.58148
2022-11-12T17:00:00.000000000,192.6,173.89911
2022-11-12T18:00:00.000000000,200.85,173.01159
2022-11-12T19:00:00.000000000,218.84,172.60252
2022-11-12T20:00:00.000000000,239.04,172.74516
2022-11-12T21:00:00.000000000,263.35,172.92068
2022-11-12T22:00:00.000000000,268.78,172.91386
2022-11-12T23:00:00.000000000,256.18,172.77275
2022-11-13T00:00:00.000000000,254.36,173.28156
2022-11-13T01:00:00.000000000,236.29,176.0793
2022-11-13T02:00:00.000000000,236.57,179.78116
2022-11-13T03:00:00.000000000,221.1,183.57522
2022-11-13T04:00:00.000000000,241.12,186.96033
2022-11-13T05:00:00.000000000,264.89,189.35496
2022-11-13T06:00:00.000000000,255.13,191.93445
2022-11-13T07:00:00.000000000,241.19,195.26967
2022-11-13T08:00:00.000000000,268.1,196.34186
2022-11-13T09:00:00.000000000,237.31,196.67286
2022-11-13T10:00:00.000000000,243.28,196.99888
2022-11-13T11:00:00.000000000,235.0,196.69659
2022-11-13T12:00:00.000000000,230.31,195.47369
2022-11-13T13:00:00.000000000,224.79,194.53037
2022-11-13T14:00:00.000000000,175.65,192.50344
2022-11-13T15:00:00.000000000,165.88,191.2619
2022-11-13T16:00:00.000000000,167.71,189.95516
2022-11-13T17:00:00.000000000,213.98,188.7837
2022-11-13T18:00:00.000000000,231.3,186.27693
2022-11-13T19:00:00.000000000,249.63,183.93816
2022-11-13T20:00:00.000000000,244.86,182.27675
2022-11-13T21:00:00.000000000,245.76,181.15512
2022-11-13T22:00:00.000000000,237.84,180.30627
2022-11-13T23:00:00.000000000,238.43,179.9717
2022-11-11T00:00:00.000000000,196.23,175.58744
2022-11-11T01:00:00.000000000,183.83,180.25815
2022-11-11T02:00:00.000000000,186.56,185.28768
2022-11-11T03:00:00.000000000,184.11,189.29616
2022-11-11T04:00:00.000000000,196.82,192.24691
2022-11-11T05:00:00.000000000,222.98,193.50374
2022-11-11T06:00:00.000000000,253.4,194.20512
2022-11-11T07:00:00.000000000,282.18,194.9494
2022-11-11T08:00:00.000000000,331.09,193.28662
2022-11-11T09:00:00.000000000,331.23,190.77357
2022-11-11T10:00:00.000000000,332.78,187.79769
2022-11-11T11:00:00.000000000,327.39,184.38269
2022-11-11T12:00:00.000000000,328.75,180.33798
2022-11-11T13:00:00.000000000,321.03,176.66728
2022-11-11T14:00:00.000000000,231.22,172.46796
2022-11-11T15:00:00.000000000,223.65,169.77471
2022-11-11T16:00:00.000000000,227.44,167.66986
2022-11-11T17:00:00.000000000,237.59,166.44837
2022-11-11T18:00:00.000000000,226.14,164.47087
2022-11-11T19:00:00.000000000,243.18,163.19519
2022-11-11T20:00:00.000000000,232.79,162.83502
2022-11-11T21:00:00.000000000,231.55,163.29068
2022-11-11T22:00:00.000000000,237.86,164.35717
2022-11-11T23:00:00.000000000,237.9,166.36424
2022-11-12T00:00:00.000000000,237.73,167.3474
2022-11-12T01:00:00.000000000,200.53,168.22187
2022-11-12T02:00:00.000000000,192.44,169.5881
2022-11-12T03:00:00.000000000,167.87,170.91606
2022-11-12T04:00:00.000000000,172.25,171.70447
2022-11-12T05:00:00.000000000,171.39,171.84289
2022-11-12T06:00:00.000000000,183.98,172.52728
2022-11-12T07:00:00.000000000,146.96,174.09172
2022-11-12T08:00:00.000000000,151.44,173.96173
2022-11-12T09:00:00.000000000,171.78,173.67096
2022-11-12T10:00:00.000000000,176.16,173.92674
2022-11-12T11:00:00.000000000,179.31,173.84476
2022-11-12T12:00:00.000000000,169.25,173.41405
2022-11-12T13:00:00.000000000,167.04,173.41228
2022-11-12T14:00:00.000000000,145.28,172.3685
2022-11-12T15:00:00.000000000,149.02,172.20677
2022-11-12T16:00:00.000000000,193.22,172.16227
2022-11-12T17:00:00.000000000,192.6,172.21894
2022-11-12T18:00:00.000000000,200.85,171.13088
2022-11-12T19:00:00.000000000,218.84,170.5747
2022-11-12T20:00:00.000000000,239.04,170.63966
2022-11-12T21:00:00.000000000,263.35,170.81664
2022-11-12T22:00:00.000000000,268.78,170.86418
2022-11-12T23:00:00.000000000,256.18,170.84103
2022-11-13T00:00:00.000000000,254.36,171.90859
2022-11-13T01:00:00.000000000,236.29,175.20467
2022-11-13T02:00:00.000000000,236.57,179.48335
2022-11-13T03:00:00.000000000,221.1,183.8134
2022-11-13T04:00:00.000000000,241.12,187.81514
2022-11-13T05:00:00.000000000,264.89,190.84742
2022-11-13T06:00:00.000000000,255.13,194.03111
2022-11-13T07:00:00.000000000,241.19,197.76083
2022-11-13T08:00:00.000000000,268.1,199.02253
2022-11-13T09:00:00.000000000,237.31,199.39262
2022-11-13T10:00:00.000000000,243.28,199.42474
2022-11-13T11:00:00.000000000,235.0,198.66208
2022-11-13T12:00:00.000000000,230.31,196.76161
2022-11-13T13:00:00.000000000,224.79,195.14718
2022-11-13T14:00:00.000000000,175.65,192.5976
2022-11-13T15:00:00.000000000,165.88,190.90582
2022-11-13T16:00:00.000000000,167.71,189.12597
2022-11-13T17:00:00.000000000,213.98,187.4989
2022-11-13T18:00:00.000000000,231.3,184.4862
2022-11-13T19:00:00.000000000,249.63,181.57784
2022-11-13T20:00:00.000000000,244.86,179.3691
2022-11-13T21:00:00.000000000,245.76,177.85519
2022-11-13T22:00:00.000000000,237.84,176.83996
2022-11-13T23:00:00.000000000,238.43,176.65973
2022-11-14T00:00:00.000000000,241.07,178.50451
2022-11-14T01:00:00.000000000,225.42,180.59928
2022-11-14T02:00:00.000000000,216.05,183.65174
2022-11-14T03:00:00.000000000,213.43,186.82743
2022-11-14T04:00:00.000000000,216.13,189.82733
2022-11-14T05:00:00.000000000,210.83,192.04982
2022-11-14T06:00:00.000000000,180.33,194.74373
2022-11-14T07:00:00.000000000,194.86,198.12306
2022-11-14T08:00:00.000000000,255.9,199.17754
2022-11-14T09:00:00.000000000,254.21,199.43564
2022-11-14T10:00:00.000000000,255.9,199.31529
2022-11-14T11:00:00.000000000,267.82,198.33196
2022-11-14T12:00:00.000000000,303.16,196.09107
2022-11-14T13:00:00.000000000,297.84,194.23711
2022-11-14T14:00:00.000000000,253.15,191.44805
2022-11-14T15:00:00.000000000,237.79,189.63046
2022-11-14T16:00:00.000000000,237.64,187.76689
2022-11-14T17:00:00.000000000,229.96,186.04067
2022-11-14T18:00:00.000000000,255.56,182.93019
2022-11-14T19:00:00.000000000,277.67,180.01984
2022-11-14T20:00:00.000000000,286.72,177.83344
2022-11-14T21:00:00.000000000,293.65,176.29185
2022-11-14T22:00:00.000000000,285.67,175.17054
2022-11-14T23:00:00.000000000,290.75,174.81476
2022-11-12T00:00:00.000000000,237.73,230.56317
2022-11-12T01:00:00.000000000,200.53,225.96252
2022-11-12T02:00:00.000000000,192.44,222.48875
2022-11-12T03:00:00.000000000,167.87,219.75238
2022-11-12T04:00:00.000000000,172.25,217.65995
2022-11-12T05:00:00.000000000,171.39,215.65323
2022-11-12T06:00:00.000000000,183.98,215.67071
2022-11-12T07:00:00.000000000,146.96,218.194
2022-11-12T08:00:00.000000000,151.44,219.84584
2022-11-12T09:00:00.000000000,171.78,221.16385
2022-11-12T10:00:00.000000000,176.16,223.4642
2022-11-12T11:00:00.000000000,179.31,225.34054
2022-11-12T12:00:00.000000000,169.25,225.6165
2022-11-12T13:00:00.000000000,167.04,225.9837
2022-11-12T14:00:00.000000000,145.28,224.39495
2022-11-12T15:00:00.000000000,149.02,223.13719
2022-11-12T16:00:00.000000000,193.22,221.14796
2022-11-12T17:00:00.000000000,192.6,218.51806
2022-11-12T18:00:00.000000000,200.85,213.9086
2022-11-12T19:00:00.000000000,218.84,209.43892
2022-11-12T20:00:00.000000000,239.04,205.61325
2022-11-12T21:00:00.000000000,263.35,202.37952
2022-11-12T22:00:00.000000000,268.78,199.13028
2022-11-12T23:00:00.000000000,256.18,195.83522
2022-11-13T00:00:00.000000000,254.36,198.19239
2022-11-13T01:00:00.000000000,236.29,201.01581
2022-11-13T02:00:00.000000000,236.57,204.74663
2022-11-13T03:00:00.000000000,221.1,208.20307
2022-11-13T04:00:00.000000000,241.12,211.37537
2022-11-13T05:00:00.000000000,264.89,213.29627
2022-11-13T06:00:00.000000000,255.13,215.48337
2022-11-13T07:00:00.000000000,241.19,218.41973
2022-11-13T08:00:00.000000000,268.1,218.98356
2022-11-13T09:00:00.000000000,237.31,218.41896
2022-11-13T10:00:00.000000000,243.28,217.08225
2022-11-13T11:00:00.000000000,235.0,214.82317
2022-11-13T12:00:00.000000000,230.31,210.93001
2022-11-13T13:00:00.000000000,224.79,207.26058
2022-11-13T14:00:00.000000000,175.65,202.69629
2022-11-13T15:00:00.000000000,165.88,199.35332
2022-11-13T16:00:00.000000000,167.71,196.31419
2022-11-13T17:00:00.000000000,213.98,193.85146
2022-11-13T18:00:00.000000000,231.3,190.11353
2022-11-13T19:00:00.000000000,249.63,186.54494
2022-11-13T20:00:00.000000000,244.86,183.79938
2022-11-13T21:00:00.000000000,245.76,182.01996
2022-11-13T22:00:00.000000000,237.84,180.91449
2022-11-13T23:00:00.000000000,238.43,180.9799
2022-11-14T00:00:00.000000000,241.07,180.32452
2022-11-14T01:00:00.000000000,225.42,182.30444
2022-11-14T02:00:00.000000000,216.05,185.42525
2022-11-14T03:00:00.000000000,213.43,189.04059
2022-11-14T04:00:00.000000000,216.13,192.65701
2022-11-14T05:00:00.000000000,210.83,195.58612
2022-11-14T06:00:00.000000000,180.33,199.10099
2022-11-14T07:00:00.000000000,194.86,203.54841
2022-11-14T08:00:00.000000000,255.9,205.573
2022-11-14T09:00:00.000000000,254.21,206.69959
2022-11-14T10:00:00.000000000,255.9,207.38087
2022-11-14T11:00:00.000000000,267.82,207.0617
2022-11-14T12:00:00.000000000,303.16,205.27704
2022-11-14T13:00:00.000000000,297.84,203.8976
2022-11-14T14:00:00.000000000,253.15,201.5132
2022-11-14T15:00:00.000000000,237.79,199.9375
2022-11-14T16:00:00.000000000,237.64,198.12907
2022-11-14T17:00:00.000000000,229.96,196.27993
2022-11-14T18:00:00.000000000,255.56,192.85139
2022-11-14T19:00:00.000000000,277.67,189.35239
2022-11-14T20:00:00.000000000,286.72,186.49831
2022-11-14T21:00:00.000000000,293.65,184.32772
2022-11-14T22:00:00.000000000,285.67,182.565
2022-11-14T23:00:00.000000000,290.75,181.59347
2022-11-15T00:00:00.000000000,273.25,183.91555
2022-11-15T01:00:00.000000000,258.55,184.74442
2022-11-15T02:00:00.000000000,240.31,186.28467
2022-11-15T03:00:00.000000000,235.6,187.73679
2022-11-15T04:00:00.000000000,246.57,188.83925
2022-11-15T05:00:00.000000000,244.16,189.1566
2022-11-15T06:00:00.000000000,256.38,190.06901
2022-11-15T07:00:00.000000000,229.52,191.86929
2022-11-15T08:00:00.000000000,278.07,191.80701
2022-11-15T09:00:00.000000000,287.14,191.24412
2022-11-15T10:00:00.000000000,286.18,190.78373
2022-11-15T11:00:00.000000000,289.67,189.78814
2022-11-15T12:00:00.000000000,329.55,187.86464
2022-11-15T13:00:00.000000000,324.05,186.30642
2022-11-15T14:00:00.000000000,246.84,183.66515
2022-11-15T15:00:00.000000000,227.21,182.0892
2022-11-15T16:00:00.000000000,222.62,180.65124
2022-11-15T17:00:00.000000000,225.08,179.45186
2022-11-15T18:00:00.000000000,244.47,177.08793
2022-11-15T19:00:00.000000000,270.81,175.23932
2022-11-15T20:00:00.000000000,287.56,174.16484
2022-11-15T21:00:00.000000000,285.64,173.52016
2022-11-15T22:00:00.000000000,282.69,172.9944
2022-11-15T23:00:00.000000000,284.59,172.79816
2022-11-13T00:00:00.000000000,254.36,261.28442
2022-11-13T01:00:00.000000000,236.29,260.96389
2022-11-13T02:00:00.000000000,236.57,260.76984
2022-11-13T03:00:00.000000000,221.1,259.1075
2022-11-13T04:00:00.000000000,241.12,256.3201
2022-11-13T05:00:00.000000000,264.89,251.37535
2022-11-13T06:00:00.000000000,255.13,247.26267
2022-11-13T07:00:00.000000000,241.19,244.64829
2022-11-13T08:00:00.000000000,268.1,240.77539
2022-11-13T09:00:00.000000000,237.31,236.28373
2022-11-13T10:00:00.000000000,243.28,231.53275
2022-11-13T11:00:00.000000000,235.0,226.49318
2022-11-13T12:00:00.000000000,230.31,219.96665
2022-11-13T13:00:00.000000000,224.79,214.03664
2022-11-13T14:00:00.000000000,175.65,207.32377
2022-11-13T15:00:00.000000000,165.88,202.91036
2022-11-13T16:00:00.000000000,167.71,199.81464
2022-11-13T17:00:00.000000000,213.98,198.1622
2022-11-13T18:00:00.000000000,231.3,195.76764
2022-11-13T19:00:00.000000000,249.63,193.93283
2022-11-13T20:00:00.000000000,244.86,192.94447
2022-11-13T21:00:00.000000000,245.76,192.85949
2022-11-13T22:00:00.000000000,237.84,193.10501
2022-11-13T23:00:00.000000000,238.43,194.33011
2022-11-14T00:00:00.000000000,241.07,192.75537
2022-11-14T01:00:00.000000000,225.42,194.67097
2022-11-14T02:00:00.000000000,216.05,197.80195
2022-11-14T03:00:00.000000000,213.43,201.62593
2022-11-14T04:00:00.000000000,216.13,205.64253
2022-11-14T05:00:00.000000000,210.83,208.90214
2022-11-14T06:00:00.000000000,180.33,212.84642
2022-11-14T07:00:00.000000000,194.86,218.0925
2022-11-14T08:00:00.000000000,255.9,220.85798
2022-11-14T09:00:00.000000000,254.21,222.49107
2022-11-14T10:00:00.000000000,255.9,223.34206
2022-11-14T11:00:00.000000000,267.82,222.98909
2022-11-14T12:00:00.000000000,303.16,220.68979
2022-11-14T13:00:00.000000000,297.84,218.71405
2022-11-14T14:00:00.000000000,253.15,215.67593
2022-11-14T15:00:00.000000000,237.79,213.36759
2022-11-14T16:00:00.000000000,237.64,210.80432
2022-11-14T17:00:00.000000000,229.96,208.24404
2022-11-14T18:00:00.000000000,255.56,203.98556
2022-11-14T19:00:00.000000000,277.67,199.44908
2022-11-14T20:00:00.000000000,286.72,195.56327
2022-11-14T21:00:00.000000000,293.65,192.61879
2022-11-14T22:00:00.000000000,285.67,190.21621
2022-11-14T23:00:00.000000000,290.75,188.83111
2022-11-15T00:00:00.000000000,273.25,191.16205
2022-11-15T01:00:00.000000000,258.55,191.61629
2022-11-15T02:00:00.000000000,240.31,192.8095
2022-11-15T03:00:00.000000000,235.6,193.94622
2022-11-15T04:00:00.000000000,246.57,194.7044
2022-11-15T05:00:00.000000000,244.16,194.59644
2022-11-15T06:00:00.000000000,256.38,195.15294
2022-11-15T07:00:00.000000000,229.52,196.71934
2022-11-15T08:00:00.000000000,278.07,196.45321
2022-11-15T09:00:00.000000000,287.14,195.71035
2022-11-15T10:00:00.000000000,286.18,195.12625
2022-11-15T11:00:00.000000000,289.67,194.03438
2022-11-15T12:00:00.000000000,329.55,192.01854
2022-11-15T13:00:00.000000000,324.05,190.47128
2022-11-15T14:00:00.000000000,246.84,187.86282
2022-11-15T15:00:00.000000000,227.21,186.42265
2022-11-15T16:00:00.000000000,222.62,185.15191
2022-11-15T17:00:00.000000000,225.08,184.11954
2022-11-15T18:00:00.000000000,244.47,181.85967
2022-11-15T19:00:00.000000000,270.81,180.00974
2022-11-15T20:00:00.000000000,287.56,178.88171
2022-11-15T21:00:00.000000000,285.64,178.13946
2022-11-15T22:00:00.000000000,282.69,177.48113
2022-11-15T23:00:00.000000000,284.59,177.14486
2022-11-16T00:00:00.000000000,294.27,179.51117
2022-11-16T01:00:00.000000000,278.7,181.21033
2022-11-16T02:00:00.000000000,267.99,183.82294
2022-11-16T03:00:00.000000000,272.69,186.70244
2022-11-16T04:00:00.000000000,294.34,189.21818
2022-11-16T05:00:00.000000000,313.72,190.84319
2022-11-16T06:00:00.000000000,325.11,192.93443
2022-11-16T07:00:00.000000000,335.35,195.9599
2022-11-16T08:00:00.000000000,334.84,196.80978
2022-11-16T09:00:00.000000000,336.02,197.06788
2022-11-16T10:00:00.000000000,335.82,197.40335
2022-11-16T11:00:00.000000000,338.99,197.08466
2022-11-16T12:00:00.000000000,332.95,195.88854
2022-11-16T13:00:00.000000000,333.82,195.23418
2022-11-16T14:00:00.000000000,253.74,193.62616
2022-11-16T15:00:00.000000000,231.37,192.99458
2022-11-16T16:00:00.000000000,241.34,192.30457
2022-11-16T17:00:00.000000000,234.13,191.61897
2022-11-16T18:00:00.000000000,221.48,189.43635
2022-11-16T19:00:00.000000000,239.52,187.23829
2022-11-16T20:00:00.000000000,307.22,185.56549
2022-11-16T21:00:00.000000000,300.83,184.27003
2022-11-16T22:00:00.000000000,288.8,183.14911
2022-11-16T23:00:00.000000000,308.6,182.47868
2022-11-14T00:00:00.000000000,241.07,234.13796
2022-11-14T01:00:00.000000000,225.42,233.85393
2022-11-14T02:00:00.000000000,216.05,234.35775
2022-11-14T03:00:00.000000000,213.43,234.56892
2022-11-14T04:00:00.000000000,216.13,234.46813
2022-11-14T05:00:00.000000000,210.83,233.06518
2022-11-14T06:00:00.000000000,180.33,232.56297
2022-11-14T07:00:00.000000000,194.86,233.59808
2022-11-14T08:00:00.000000000,255.9,232.95826
2022-11-14T09:00:00.000000000,254.21,231.55281
2022-11-14T10:00:00.000000000,255.9,229.90768
2022-11-14T11:00:00.000000000,267.82,227.56494
2022-11-14T12:00:00.000000000,303.16,223.55381
2022-11-14T13:00:00.000000000,297.84,219.92045
2022-11-14T14:00:00.000000000,253.15,215.12936
2022-11-14T15:00:00.000000000,237.79,211.74079
2022-11-14T16:00:00.000000000,237.64,208.79965
2022-11-14T17:00:00.000000000,229.96,206.46964
2022-11-14T18:00:00.000000000,255.56,202.81591
2022-11-14T19:00:00.000000000,277.67,199.34107
2022-11-14T20:00:00.000000000,286.72,196.6529
2022-11-14T21:00:00.000000000,293.65,194.83846
2022-11-14T22:00:00.000000000,285.67,193.4367
2022-11-14T23:00:00.000000000,290.75,192.91645
2022-11-15T00:00:00.000000000,273.25,195.48897
2022-11-15T01:00:00.000000000,258.55,196.33021
2022-11-15T02:00:00.000000000,240.31,198.13655
2022-11-15T03:00:00.000000000,235.6,200.15732
2022-11-15T04:00:00.000000000,246.57,202.01894
2022-11-15T05:00:00.000000000,244.16,203.02475
2022-11-15T06:00:00.000000000,256.38,204.78776
2022-11-15T07:00:00.000000000,229.52,207.58949
2022-11-15T08:00:00.000000000,278.07,208.22954
2022-11-15T09:00:00.000000000,287.14,208.15383
2022-11-15T10:00:00.000000000,286.18,207.76708
2022-11-15T11:00:00.000000000,289.67,206.54716
2022-11-15T12:00:00.000000000,329.55,203.96135
2022-11-15T13:00:00.000000000,324.05,201.93253
2022-11-15T14:00:00.000000000,246.84,198.96895
2022-11-15T15:00:00.000000000,227.21,197.17845
2022-11-15T16:00:00.000000000,222.62,195.43767
2022-11-15T17:00:00.000000000,225.08,193.83886
2022-11-15T18:00:00.000000000,244.47,190.75004
2022-11-15T19:00:00.000000000,270.81,187.70119
2022-11-15T20:00:00.000000000,287.56,185.31051
2022-11-15T21:00:00.000000000,285.64,183.48686
2022-11-15T22:00:00.000000000,282.69,181.99682
2022-11-15T23:00:00.000000000,284.59,181.23444
2022-11-16T00:00:00.000000000,294.27,183.00341
2022-11-16T01:00:00.000000000,278.7,184.73909
2022-11-16T02:00:00.000000000,267.99,187.43136
2022-11-16T03:00:00.000000000,272.69,190.41283
2022-11-16T04:00:00.000000000,294.34,193.07106
2022-11-16T05:00:00.000000000,313.72,194.79986
2022-11-16T06:00:00.000000000,325.11,196.99335
2022-11-16T07:00:00.000000000,335.35,200.16802
2022-11-16T08:00:00.000000000,334.84,201.13246
2022-11-16T09:00:00.000000000,336.02,201.42603
2022-11-16T10:00:00.000000000,335.82,201.70399
2022-11-16T11:00:00.000000000,338.99,201.28684
2022-11-16T12:00:00.000000000,332.95,199.86408
2022-11-16T13:00:00.000000000,333.82,198.95752
2022-11-16T14:00:00.000000000,253.74,197.08126
2022-11-16T15:00:00.000000000,231.37,196.18177
2022-11-16T16:00:00.000000000,241.34,195.21668
2022-11-16T17:00:00.000000000,234.13,194.27868
2022-11-16T18:00:00.000000000,221.48,191.82198
2022-11-16T19:00:00.000000000,239.52,189.31086
2022-11-16T20:00:00.000000000,307.22,187.34307
2022-11-16T21:00:00.000000000,300.83,185.82973
2022-11-16T22:00:00.000000000,288.8,184.54672
2022-11-16T23:00:00.000000000,308.6,183.7988
2022-11-17T00:00:00.000000000,317.46,184.5508
2022-11-17T01:00:00.000000000,263.78,185.35252
2022-11-17T02:00:00.000000000,256.43,186.4092
2022-11-17T03:00:00.000000000,256.73,186.96649
2022-11-17T04:00:00.000000000,259.38,186.93483
2022-11-17T05:00:00.000000000,268.34,185.99105
2022-11-17T06:00:00.000000000,330.81,185.46852
2022-11-17T07:00:00.000000000,306.34,185.798
2022-11-17T08:00:00.000000000,332.89,184.4816
2022-11-17T09:00:00.000000000,333.61,182.6858
2022-11-17T10:00:00.000000000,338.33,180.83577
2022-11-17T11:00:00.000000000,339.73,178.61155
2022-11-17T12:00:00.000000000,314.66,175.56114
2022-11-17T13:00:00.000000000,273.07,172.87279
2022-11-17T14:00:00.000000000,234.62,169.29923
2022-11-17T15:00:00.000000000,241.21,167.06852
2022-11-17T16:00:00.000000000,241.36,165.2454
2022-11-17T17:00:00.000000000,258.91,163.98527
2022-11-17T18:00:00.000000000,267.44,161.95913
2022-11-17T19:00:00.000000000,262.84,160.92246
2022-11-17T20:00:00.000000000,248.12,160.7553
2022-11-17T21:00:00.000000000,215.35,161.2041
2022-11-17T22:00:00.000000000,206.15,161.75792
2022-11-17T23:00:00.000000000,201.95,162.60318
2022-11-15T00:00:00.000000000,273.25,280.40213
2022-11-15T01:00:00.000000000,258.55,276.48326
2022-11-15T02:00:00.000000000,240.31,272.75246
2022-11-15T03:00:00.000000000,235.6,267.88547
2022-11-15T04:00:00.000000000,246.57,261.96225
2022-11-15T05:00:00.000000000,244.16,254.18707
2022-11-15T06:00:00.000000000,256.38,247.94156
2022-11-15T07:00:00.000000000,229.52,244.06021
2022-11-15T08:00:00.000000000,278.07,239.72484
2022-11-15T09:00:00.000000000,287.14,235.65347
2022-11-15T10:00:00.000000000,286.18,232.53973
2022-11-15T11:00:00.000000000,289.67,229.48697
2022-11-15T12:00:00.000000000,329.55,225.3671
2022-11-15T13:00:00.000000000,324.05,222.06051
2022-11-15T14:00:00.000000000,246.84,217.39758
2022-11-15T15:00:00.000000000,227.21,214.66169
2022-11-15T16:00:00.000000000,222.62,212.7972
2022-11-15T17:00:00.000000000,225.08,211.97659
2022-11-15T18:00:00.000000000,244.47,210.03911
2022-11-15T19:00:00.000000000,270.81,208.63049
2022-11-15T20:00:00.000000000,287.56,207.90472
2022-11-15T21:00:00.000000000,285.64,207.62332
2022-11-15T22:00:00.000000000,282.69,207.30375
2022-11-15T23:00:00.000000000,284.59,207.28698
2022-11-16T00:00:00.000000000,294.27,209.02591
2022-11-16T01:00:00.000000000,278.7,209.54708
2022-11-16T02:00:00.000000000,267.99,211.11755
2022-11-16T03:00:00.000000000,272.69,213.04933
2022-11-16T04:00:00.000000000,294.34,214.92883
2022-11-16T05:00:00.000000000,313.72,215.85943
2022-11-16T06:00:00.000000000,325.11,217.73144
2022-11-16T07:00:00.000000000,335.35,220.89789
2022-11-16T08:00:00.000000000,334.84,221.82239
2022-11-16T09:00:00.000000000,336.02,221.94043
2022-11-16T10:00:00.000000000,335.82,221.47925
2022-11-16T11:00:00.000000000,338.99,220.00207
2022-11-16T12:00:00.000000000,332.95,216.81216
2022-11-16T13:00:00.000000000,333.82,214.28713
2022-11-16T14:00:00.000000000,253.74,210.90825
2022-11-16T15:00:00.000000000,231.37,208.78758
2022-11-16T16:00:00.000000000,241.34,206.72865
2022-11-16T17:00:00.000000000,234.13,204.80651
2022-11-16T18:00:00.000000000,221.48,201.18236
2022-11-16T19:00:00.000000000,239.52,197.278
2022-11-16T20:00:00.000000000,307.22,193.96118
2022-11-16T21:00:00.000000000,300.83,191.32721
2022-11-16T22:00:00.000000000,288.8,189.17831
2022-11-16T23:00:00.000000000,308.6,188.03198
2022-11-17T00:00:00.000000000,317.46,187.14032
2022-11-17T01:00:00.000000000,263.78,187.70892
2022-11-17T02:00:00.000000000,256.43,188.65921
2022-11-17T03:00:00.000000000,256.73,189.16861
2022-11-17T04:00:00.000000000,259.38,189.17627
2022-11-17T05:00:00.000000000,268.34,188.32322
2022-11-17T06:00:00.000000000,330.81,187.98853
2022-11-17T07:00:00.000000000,306.34,188.53636
2022-11-17T08:00:00.000000000,332.89,187.44005
2022-11-17T09:00:00.000000000,333.61,185.85078
2022-11-17T10:00:00.000000000,338.33,184.26672
2022-11-17T11:00:00.000000000,339.73,182.2799
2022-11-17T12:00:00.000000000,314.66,179.39844
2022-11-17T13:00:00.000000000,273.07,176.83698
2022-11-17T14:00:00.000000000,234.62,173.28906
2022-11-17T15:00:00.000000000,241.21,171.03558
2022-11-17T16:00:00.000000000,241.36,169.1636
2022-11-17T17:00:00.000000000,258.91,167.81788
2022-11-17T18:00:00.000000000,267.44,165.65715
2022-11-17T19:00:00.000000000,262.84,164.44297
2022-11-17T20:00:00.000000000,248.12,164.12558
2022-11-17T21:00:00.000000000,215.35,164.37317
2022-11-17T22:00:00.000000000,206.15,164.69492
2022-11-17T23:00:00.000000000,201.95,165.27802
2022-11-18T00:00:00.000000000,206.64,163.27564
2022-11-18T01:00:00.000000000,184.56,164.97657
2022-11-18T02:00:00.000000000,177.39,167.35879
2022-11-18T03:00:00.000000000,186.59,169.86383
2022-11-18T04:00:00.000000000,198.96,171.94883
2022-11-18T05:00:00.000000000,227.84,173.37848
2022-11-18T06:00:00.000000000,255.02,175.24825
2022-11-18T07:00:00.000000000,277.35,177.94935
2022-11-18T08:00:00.000000000,272.63,178.75273
2022-11-18T09:00:00.000000000,274.78,179.2384
2022-11-18T10:00:00.000000000,274.7,180.15835
2022-11-18T11:00:00.000000000,280.87,180.60458
2022-11-18T12:00:00.000000000,258.51,180.52738
2022-11-18T13:00:00.000000000,239.92,180.74019
2022-11-18T14:00:00.000000000,211.91,179.74157
2022-11-18T15:00:00.000000000,212.65,179.34576
2022-11-18T16:00:00.000000000,212.92,178.89631
2022-11-18T17:00:00.000000000,229.82,178.46471
2022-11-18T18:00:00.000000000,263.76,176.80558
2022-11-18T19:00:00.000000000,260.94,175.56649
2022-11-18T20:00:00.000000000,280.94,174.98619
2022-11-18T21:00:00.000000000,277.09,174.63109
2022-11-18T22:00:00.000000000,276.85,174.23305
2022-11-18T23:00:00.000000000,282.04,173.88725
2022-11-16T00:00:00.000000000,294.27,277.70681
2022-11-16T01:00:00.000000000,278.7,274.32658
2022-11-16T02:00:00.000000000,267.99,271.47419
2022-11-16T03:00:00.000000000,272.69,268.273
2022-11-16T04:00:00.000000000,294.34,264.714
2022-11-16T05:00:00.000000000,313.72,259.68589
2022-11-16T06:00:00.000000000,325.11,256.45466
2022-11-16T07:00:00.000000000,335.35,255.83023
2022-11-16T08:00:00.000000000,334.84,254.26728
2022-11-16T09:00:00.000000000,336.02,252.62899
2022-11-16T10:00:00.000000000,335.82,251.13298
2022-11-16T11:00:00.000000000,338.99,248.92019
2022-11-16T12:00:00.000000000,332.95,244.75294
2022-11-16T13:00:00.000000000,333.82,241.24987
2022-11-16T14:00:00.000000000,253.74,236.38914
2022-11-16T15:00:00.000000000,231.37,233.0697
2022-11-16T16:00:00.000000000,241.34,230.34191
2022-11-16T17:00:00.000000000,234.13,228.24892
2022-11-16T18:00:00.000000000,221.48,224.38728
2022-11-16T19:00:00.000000000,239.52,220.26219
2022-11-16T20:00:00.000000000,307.22,216.63967
2022-11-16T21:00:00.000000000,300.83,213.76394
2022-11-16T22:00:00.000000000,288.8,211.3499
2022-11-16T23:00:00.000000000,308.6,209.95421
2022-11-17T00:00:00.000000000,317.46,210.39589
2022-11-17T01:00:00.000000000,263.78,210.89407
2022-11-17T02:00:00.000000000,256.43,212.01585
2022-11-17T03:00:00.000000000,256.73,212.76501
2022-11-17T04:00:00.000000000,259.38,213.42372
2022-11-17T05:00:00.000000000,268.34,213.16617
2022-11-17T06:00:00.000000000,330.81,213.80032
2022-11-17T07:00:00.000000000,306.34,215.40615
2022-11-17T08:00:00.000000000,332.89,215.05274
2022-11-17T09:00:00.000000000,333.61,213.83317
2022-11-17T10:00:00.000000000,338.33,211.71161
2022-11-17T11:00:00.000000000,339.73,208.55518
2022-11-17T12:00:00.000000000,314.66,203.58328
2022-11-17T13:00:00.000000000,273.07,199.01713
2022-11-17T14:00:00.000000000,234.62,193.58874
2022-11-17T15:00:00.000000000,241.21,189.72753
2022-11-17T16:00:00.000000000,241.36,186.45669
2022-11-17T17:00:00.000000000,258.91,183.93392
2022-11-17T18:00:00.000000000,267.44,180.34035
2022-11-17T19:00:00.000000000,262.84,177.3841
2022-11-17T20:00:00.000000000,248.12,175.31587
2022-11-17T21:00:00.000000000,215.35,174.12351
2022-11-17T22:00:00.000000000,206.15,173.37858
2022-11-17T23:00:00.000000000,201.95,173.59505
2022-11-18T00:00:00.000000000,206.64,170.52928
2022-11-18T01:00:00.000000000,184.56,171.77894
2022-11-18T02:00:00.000000000,177.39,173.63158
2022-11-18T03:00:00.000000000,186.59,175.41067
2022-11-18T04:00:00.000000000,198.96,176.7088
2022-11-18T05:00:00.000000000,227.84,177.27968
2022-11-18T06:00:00.000000000,255.02,178.30834
2022-11-18T07:00:00.000000000,277.35,180.14726
2022-11-18T08:00:00.000000000,272.63,180.16991
2022-11-18T09:00:00.000000000,274.78,179.86785
2022-11-18T10:00:00.000000000,274.7,179.95945
2022-11-18T11:00:00.000000000,280.87,179.64482
2022-11-18T12:00:00.000000000,258.51,178.79071
2022-11-18T13:00:00.000000000,239.92,178.2708
2022-11-18T14:00:00.000000000,211.91,176.62955
2022-11-18T15:00:00.000000000,212.65,175.85354
2022-11-18T16:00:00.000000000,212.92,175.18188
2022-11-18T17:00:00.000000000,229.82,174.67727
2022-11-18T18:00:00.000000000,263.76,173.06496
2022-11-18T19:00:00.000000000,260.94,172.02401
2022-11-18T20:00:00.000000000,280.94,171.71486
2022-11-18T21:00:00.000000000,277.09,171.65624
2022-11-18T22:00:00.000000000,276.85,171.56654
2022-11-18T23:00:00.000000000,282.04,171.54435
2022-11-19T00:00:00.000000000,307.26,172.03918
2022-11-19T01:00:00.000000000,257.74,174.76617
2022-11-19T02:00:00.000000000,249.73,178.20798
2022-11-19T03:00:00.000000000,258.06,181.40357
2022-11-19T04:00:00.000000000,273.05,184.05741
2022-11-19T05:00:00.000000000,280.82,185.69332
2022-11-19T06:00:00.000000000,321.12,187.47173
2022-11-19T07:00:00.000000000,323.16,189.72925
2022-11-19T08:00:00.000000000,325.83,189.76971
2022-11-19T09:00:00.000000000,304.34,189.1599
2022-11-19T10:00:00.000000000,300.75,188.46907
2022-11-19T11:00:00.000000000,295.59,187.20853
2022-11-19T12:00:00.000000000,294.05,185.15264
2022-11-19T13:00:00.000000000,281.7,183.44035
2022-11-19T14:00:00.000000000,247.53,180.83279
2022-11-19T15:00:00.000000000,244.93,179.26542
2022-11-19T16:00:00.000000000,227.56,177.82777
2022-11-19T17:00:00.000000000,257.84,176.68691
2022-11-19T18:00:00.000000000,267.12,174.39526
2022-11-19T19:00:00.000000000,271.73,172.52138
2022-11-19T20:00:00.000000000,271.83,171.4141
2022-11-19T21:00:00.000000000,253.75,170.84557
2022-11-19T22:00:00.000000000,245.39,170.61653
2022-11-19T23:00:00.000000000,247.37,170.97271
2022-11-17T00:00:00.000000000,317.46,293.03309
2022-11-17T01:00:00.000000000,263.78,290.27183
2022-11-17T02:00:00.000000000,256.43,287.56401
2022-11-17T03:00:00.000000000,256.73,283.57523
2022-11-17T04:00:00.000000000,259.38,278.94217
2022-11-17T05:00:00.000000000,268.34,272.36462
2022-11-17T06:00:00.000000000,330.81,267.63201
2022-11-17T07:00:00.000000000,306.34,264.9751
2022-11-17T08:00:00.000000000,332.89,261.29303
2022-11-17T09:00:00.000000000,333.61,257.11113
2022-11-17T10:00:00.000000000,338.33,252.09382
2022-11-17T11:00:00.000000000,339.73,246.11268
2022-11-17T12:00:00.000000000,314.66,237.70479
2022-11-17T13:00:00.000000000,273.07,229.93838
2022-11-17T14:00:00.000000000,234.62,221.18717
2022-11-17T15:00:00.000000000,241.21,215.13484
2022-11-17T16:00:00.000000000,241.36,211.05685
2022-11-17T17:00:00.000000000,258.91,208.88702
2022-11-17T18:00:00.000000000,267.44,205.97304
2022-11-17T19:00:00.000000000,262.84,203.68258
2022-11-17T20:00:00.000000000,248.12,202.2147
2022-11-17T21:00:00.000000000,215.35,201.60964
2022-11-17T22:00:00.000000000,206.15,201.2624
2022-11-17T23:00:00.000000000,201.95,202.03929
2022-11-18T00:00:00.000000000,206.64,196.62568
2022-11-18T01:00:00.000000000,184.56,196.75971
2022-11-18T02:00:00.000000000,177.39,197.79705
2022-11-18T03:00:00.000000000,186.59,198.99228
2022-11-18T04:00:00.000000000,198.96,200.14783
2022-11-18T05:00:00.000000000,227.84,200.63138
2022-11-18T06:00:00.000000000,255.02,201.9934
2022-11-18T07:00:00.000000000,277.35,204.49966
2022-11-18T08:00:00.000000000,272.63,205.09981
2022-11-18T09:00:00.000000000,274.78,205.03818
2022-11-18T10:00:00.000000000,274.7,204.80667
2022-11-18T11:00:00.000000000,280.87,203.7839
2022-11-18T12:00:00.000000000,258.51,201.3744
2022-11-18T13:00:00.000000000,239.92,199.33049
2022-11-18T14:00:00.000000000,211.91,196.11733
2022-11-18T15:00:00.000000000,212.65,193.95243
2022-11-18T16:00:00.000000000,212.92,191.87043
2022-11-18T17:00:00.000000000,229.82,189.99315
2022-11-18T18:00:00.000000000,263.76,186.79617
2022-11-18T19:00:00.000000000,260.94,183.96402
2022-11-18T20:00:00.000000000,280.94,181.92408
2022-11-18T21:00:00.000000000,277.09,180.45812
2022-11-18T22:00:00.000000000,276.85,179.18599
2022-11-18T23:00:00.000000000,282.04,178.41551
2022-11-19T00:00:00.000000000,307.26,177.66823
2022-11-19T01:00:00.000000000,257.74,180.67098
2022-11-19T02:00:00.000000000,249.73,184.68446
2022-11-19T03:00:00.000000000,258.06,188.77226
2022-11-19T04:00:00.000000000,273.05,192.5942
2022-11-19T05:00:00.000000000,280.82,195.43845
2022-11-19T06:00:00.000000000,321.12,198.50745
2022-11-19T07:00:00.000000000,323.16,202.19903
2022-11-19T08:00:00.000000000,325.83,203.42902
2022-11-19T09:00:00.000000000,304.34,203.71608
2022-11-19T10:00:00.000000000,300.75,203.57718
2022-11-19T11:00:00.000000000,295.59,202.59545
2022-11-19T12:00:00.000000000,294.05,200.34581
2022-11-19T13:00:00.000000000,281.7,198.39573
2022-11-19T14:00:00.000000000,247.53,195.50286
2022-11-19T15:00:00.000000000,244.93,193.53568
2022-11-19T16:00:00.000000000,227.56,191.52777
2022-11-19T17:00:00.000000000,257.84,189.71667
2022-11-19T18:00:00.000000000,267.12,186.51427
2022-11-19T19:00:00.000000000,271.73,183.41033
2022-11-19T20:00:00.000000000,271.83,181.02679
2022-11-19T21:00:00.000000000,253.75,179.37501
2022-11-19T22:00:00.000000000,245.39,178.23452
2022-11-19T23:00:00.000000000,247.37,177.97349
2022-11-20T00:00:00.000000000,272.27,176.05466
2022-11-20T01:00:00.000000000,240.58,177.87069
2022-11-20T02:00:00.000000000,231.07,180.32823
2022-11-20T03:00:00.000000000,229.64,182.61185
2022-11-20T04:00:00.000000000,234.57,184.26334
2022-11-20T05:00:00.000000000,257.55,184.9091
2022-11-20T06:00:00.000000000,274.66,185.84899
2022-11-20T07:00:00.000000000,261.98,187.51608
2022-11-20T08:00:00.000000000,251.31,187.18647
2022-11-20T09:00:00.000000000,292.18,186.42349
2022-11-20T10:00:00.000000000,286.72,185.95836
2022-11-20T11:00:00.000000000,285.32,185.09258
2022-11-20T12:00:00.000000000,283.74,183.72279
2022-11-20T13:00:00.000000000,245.93,182.84382
2022-11-20T14:00:00.000000000,233.79,181.03232
2022-11-20T15:00:00.000000000,214.24,180.32172
2022-11-20T16:00:00.000000000,216.92,179.79709
2022-11-20T17:00:00.000000000,221.07,179.52193
2022-11-20T18:00:00.000000000,235.62,178.08337
2022-11-20T19:00:00.000000000,251.58,177.04155
2022-11-20T20:00:00.000000000,250.77,176.66747
2022-11-20T21:00:00.000000000,260.82,176.56772
2022-11-20T22:00:00.000000000,268.7,176.52317
2022-11-20T23:00:00.000000000,278.53,176.70063
2022-11-18T00:00:00.000000000,206.64,195.89662
2022-11-18T01:00:00.000000000,184.56,193.17634
2022-11-18T02:00:00.000000000,177.39,191.56991
2022-11-18T03:00:00.000000000,186.59,191.12772
2022-11-18T04:00:00.000000000,198.96,191.36211
2022-11-18T05:00:00.000000000,227.84,191.88007
2022-11-18T06:00:00.000000000,255.02,194.17709
2022-11-18T07:00:00.000000000,277.35,198.54325
2022-11-18T08:00:00.000000000,272.63,201.50148
2022-11-18T09:00:00.000000000,274.78,203.98648
2022-11-18T10:00:00.000000000,274.7,207.24366
2022-11-18T11:00:00.000000000,280.87,210.06057
2022-11-18T12:00:00.000000000,258.51,211.53662
2022-11-18T13:00:00.000000000,239.92,213.1157
2022-11-18T14:00:00.000000000,211.91,212.79432
2022-11-18T15:00:00.000000000,212.65,212.35664
2022-11-18T16:00:00.000000000,212.92,210.94049
2022-11-18T17:00:00.000000000,229.82,208.60472
2022-11-18T18:00:00.000000000,263.76,204.37522
2022-11-18T19:00:00.000000000,260.94,200.21827
2022-11-18T20:00:00.000000000,280.94,196.65519
2022-11-18T21:00:00.000000000,277.09,193.56943
2022-11-18T22:00:00.000000000,276.85,190.32664
2022-11-18T23:00:00.000000000,282.04,186.92291
2022-11-19T00:00:00.000000000,307.26,187.44736
2022-11-19T01:00:00.000000000,257.74,189.70738
2022-11-19T02:00:00.000000000,249.73,192.8218
2022-11-19T03:00:00.000000000,258.06,195.76832
2022-11-19T04:00:00.000000000,273.05,198.28156
2022-11-19T05:00:00.000000000,280.82,199.671
2022-11-19T06:00:00.000000000,321.12,201.34506
2022-11-19T07:00:00.000000000,323.16,203.74896
2022-11-19T08:00:00.000000000,325.83,203.94038
2022-11-19T09:00:00.000000000,304.34,203.32933
2022-11-19T10:00:00.000000000,300.75,202.49656
2022-11-19T11:00:00.000000000,295.59,201.01644
2022-11-19T12:00:00.000000000,294.05,198.41852
2022-11-19T13:00:00.000000000,281.7,196.17469
2022-11-19T14:00:00.000000000,247.53,192.98292
2022-11-19T15:00:00.000000000,244.93,190.93122
2022-11-19T16:00:00.000000000,227.56,189.03938
2022-11-19T17:00:00.000000000,257.84,187.49697
2022-11-19T18:00:00.000000000,267.12,184.69201
2022-11-19T19:00:00.000000000,271.73,182.12964
2022-11-19T20:00:00.000000000,271.83,180.32017
2022-11-19T21:00:00.000000000,253.75,179.14668
2022-11-19T22:00:00.000000000,245.39,178.36669
2022-11-19T23:00:00.000000000,247.37,178.31672
2022-11-20T00:00:00.000000000,272.27,176.41829
2022-11-20T01:00:00.000000000,240.58,178.3384
2022-11-20T02:00:00.000000000,231.07,180.91843
2022-11-20T03:00:00.000000000,229.64,183.32835
2022-11-20T04:00:00.000000000,234.57,185.10242
2022-11-20T05:00:00.000000000,257.55,185.84506
2022-11-20T06:00:00.000000000,274.66,186.86051
2022-11-20T07:00:00.000000000,261.98,188.59021
2022-11-20T08:00:00.000000000,251.31,188.28816
2022-11-20T09:00:00.000000000,292.18,187.52654
2022-11-20T10:00:00.000000000,286.72,187.03556
2022-11-20T11:00:00.000000000,285.32,186.13113
2022-11-20T12:00:00.000000000,283.74,184.70791
2022-11-20T13:00:00.000000000,245.93,183.78447
2022-11-20T14:00:00.000000000,233.79,181.94587
2022-11-20T15:00:00.000000000,214.24,181.22134
2022-11-20T16:00:00.000000000,216.92,180.6812
2022-11-20T17:00:00.000000000,221.07,180.39266
2022-11-20T18:00:00.000000000,235.62,178.92454
2022-11-20T19:00:00.000000000,251.58,177.82035
2022-11-20T20:00:00.000000000,250.77,177.37549
2022-11-20T21:00:00.000000000,260.82,177.21785
2022-11-20T22:00:00.000000000,268.7,177.13656
2022-11-20T23:00:00.000000000,278.53,177.31104
2022-11-21T00:00:00.000000000,302.88,174.52561
2022-11-21T01:00:00.000000000,274.6,177.20859
2022-11-21T02:00:00.000000000,262.02,180.8668
2022-11-21T03:00:00.000000000,251.56,184.97093
2022-11-21T04:00:00.000000000,247.96,188.65593
2022-11-21T05:00:00.000000000,267.07,191.32358
2022-11-21T06:00:00.000000000,275.46,194.23595
2022-11-21T07:00:00.000000000,320.26,198.13063
2022-11-21T08:00:00.000000000,323.53,199.6533
2022-11-21T09:00:00.000000000,346.51,200.44718
2022-11-21T10:00:00.000000000,350.14,201.27557
2022-11-21T11:00:00.000000000,346.94,201.40024
2022-11-21T12:00:00.000000000,337.79,200.69498
2022-11-21T13:00:00.000000000,301.92,200.55632
2022-11-21T14:00:00.000000000,265.2,199.53582
2022-11-21T15:00:00.000000000,259.65,199.38735
2022-11-21T16:00:00.000000000,265.52,199.07817
2022-11-21T17:00:00.000000000,255.17,198.69538
2022-11-21T18:00:00.000000000,283.22,196.69175
2022-11-21T19:00:00.000000000,280.18,194.41221
2022-11-21T20:00:00.000000000,294.48,192.5146
2022-11-21T21:00:00.000000000,279.19,191.03958
2022-11-21T22:00:00.000000000,298.15,189.75916
2022-11-21T23:00:00.000000000,280.12,188.9658
2022-11-19T00:00:00.000000000,307.26,277.9737
2022-11-19T01:00:00.000000000,257.74,276.23404
2022-11-19T02:00:00.000000000,249.73,274.67738
2022-11-19T03:00:00.000000000,258.06,271.7849
2022-11-19T04:00:00.000000000,273.05,267.87133
2022-11-19T05:00:00.000000000,280.82,261.87926
2022-11-19T06:00:00.000000000,321.12,257.04705
2022-11-19T07:00:00.000000000,323.16,254.19407
2022-11-19T08:00:00.000000000,325.83,250.40753
2022-11-19T09:00:00.000000000,304.34,246.17921
2022-11-19T10:00:00.000000000,300.75,242.09887
2022-11-19T11:00:00.000000000,295.59,237.8257
2022-11-19T12:00:00.000000000,294.05,231.99633
2022-11-19T13:00:00.000000000,281.7,226.69364
2022-11-19T14:00:00.000000000,247.53,220.24683
2022-11-19T15:00:00.000000000,244.93,215.86664
2022-11-19T16:00:00.000000000,227.56,212.65937
2022-11-19T17:00:00.000000000,257.84,210.77637
2022-11-19T18:00:00.000000000,267.12,208.01957
2022-11-19T19:00:00.000000000,271.73,205.77071
2022-11-19T20:00:00.000000000,271.83,204.37964
2022-11-19T21:00:00.000000000,253.75,203.9077
2022-11-19T22:00:00.000000000,245.39,203.70623
2022-11-19T23:00:00.000000000,247.37,204.32847
2022-11-20T00:00:00.000000000,272.27,200.21731
2022-11-20T01:00:00.000000000,240.58,201.71707
2022-11-20T02:00:00.000000000,231.07,204.25485
2022-11-20T03:00:00.000000000,229.64,207.17115
2022-11-20T04:00:00.000000000,234.57,209.7743
2022-11-20T05:00:00.000000000,257.55,211.21157
2022-11-20T06:00:00.000000000,274.66,213.2069
2022-11-20T07:00:00.000000000,261.98,216.40369
2022-11-20T08:00:00.000000000,251.31,217.25824
2022-11-20T09:00:00.000000000,292.18,217.30006
2022-11-20T10:00:00.000000000,286.72,217.04135
2022-11-20T11:00:00.000000000,285.32,215.97046
2022-11-20T12:00:00.000000000,283.74,213.59767
2022-11-20T13:00:00.000000000,245.93,211.92933
2022-11-20T14:00:00.000000000,233.79,209.46876
2022-11-20T15:00:00.000000000,214.24,208.2201
2022-11-20T16:00:00.000000000,216.92,206.97322
2022-11-20T17:00:00.000000000,221.07,205.79801
2022-11-20T18:00:00.000000000,235.62,202.90599
2022-11-20T19:00:00.000000000,251.58,199.59167
2022-11-20T20:00:00.000000000,250.77,196.72987
2022-11-20T21:00:00.000000000,260.82,194.45228
2022-11-20T22:00:00.000000000,268.7,192.58047
2022-11-20T23:00:00.000000000,278.53,191.56968
2022-11-21T00:00:00.000000000,302.88,186.5766
2022-11-21T01:00:00.000000000,274.6,189.04899
2022-11-21T02:00:00.000000000,262.02,192.63623
2022-11-21T03:00:00.000000000,251.56,197.2829
2022-11-21T04:00:00.000000000,247.96,201.69656
2022-11-21T05:00:00.000000000,267.07,205.00279
2022-11-21T06:00:00.000000000,275.46,208.66397
2022-11-21T07:00:00.000000000,320.26,213.95468
2022-11-21T08:00:00.000000000,323.53,216.73271
2022-11-21T09:00:00.000000000,346.51,218.55999
2022-11-21T10:00:00.000000000,350.14,220.15496
2022-11-21T11:00:00.000000000,346.94,220.82128
2022-11-21T12:00:00.000000000,337.79,220.23236
2022-11-21T13:00:00.000000000,301.92,220.3514
2022-11-21T14:00:00.000000000,265.2,219.64608
2022-11-21T15:00:00.000000000,259.65,219.70658
2022-11-21T16:00:00.000000000,265.52,219.3811
2022-11-21T17:00:00.000000000,255.17,218.7678
2022-11-21T18:00:00.000000000,283.22,216.16364
2022-11-21T19:00:00.000000000,280.18,212.69408
2022-11-21T20:00:00.000000000,294.48,209.3682
2022-11-21T21:00:00.000000000,279.19,206.67089
2022-11-21T22:00:00.000000000,298.15,204.23102
2022-11-21T23:00:00.000000000,280.12,202.44553
2022-11-22T00:00:00.000000000,282.12,207.90386
2022-11-22T01:00:00.000000000,266.43,208.44175
2022-11-22T02:00:00.000000000,259.01,209.75925
2022-11-22T03:00:00.000000000,259.72,210.88983
2022-11-22T04:00:00.000000000,268.68,211.62017
2022-11-22T05:00:00.000000000,299.18,211.20943
2022-11-22T06:00:00.000000000,317.19,211.51342
2022-11-22T07:00:00.000000000,337.1,212.86635
2022-11-22T08:00:00.000000000,334.57,212.24308
2022-11-22T09:00:00.000000000,302.22,210.95468
2022-11-22T10:00:00.000000000,287.66,209.422
2022-11-22T11:00:00.000000000,294.34,207.24346
2022-11-22T12:00:00.000000000,268.16,203.77841
2022-11-22T13:00:00.000000000,243.6,200.90182
2022-11-22T14:00:00.000000000,214.96,197.1467
2022-11-22T15:00:00.000000000,195.93,194.86207
2022-11-22T16:00:00.000000000,190.65,192.91018
2022-11-22T17:00:00.000000000,188.5,191.37538
2022-11-22T18:00:00.000000000,203.78,188.53921
2022-11-22T19:00:00.000000000,222.86,185.91287
2022-11-22T20:00:00.000000000,255.41,184.00659
2022-11-22T21:00:00.000000000,254.2,182.68598
2022-11-22T22:00:00.000000000,279.38,181.68645
2022-11-22T23:00:00.000000000,283.59,181.42992
2022-11-20T00:00:00.000000000,272.27,238.06648
2022-11-20T01:00:00.000000000,240.58,236.5821
2022-11-20T02:00:00.000000000,231.07,235.81273
2022-11-20T03:00:00.000000000,229.64,234.77082
2022-11-20T04:00:00.000000000,234.57,233.22218
2022-11-20T05:00:00.000000000,257.55,230.36245
2022-11-20T06:00:00.000000000,274.66,228.50328
2022-11-20T07:00:00.000000000,261.98,228.42631
2022-11-20T08:00:00.000000000,251.31,227.00266
2022-11-20T09:00:00.000000000,292.18,225.18478
2022-11-20T10:00:00.000000000,286.72,223.83316
2022-11-20T11:00:00.000000000,285.32,222.18152
2022-11-20T12:00:00.000000000,283.74,219.39251
2022-11-20T13:00:00.000000000,245.93,217.17081
2022-11-20T14:00:00.000000000,233.79,213.69
2022-11-20T15:00:00.000000000,214.24,211.57063
2022-11-20T16:00:00.000000000,216.92,209.73403
2022-11-20T17:00:00.000000000,221.07,208.3273
2022-11-20T18:00:00.000000000,235.62,205.53884
2022-11-20T19:00:00.000000000,251.58,202.95163
2022-11-20T20:00:00.000000000,250.77,201.04065
2022-11-20T21:00:00.000000000,260.82,199.71734
2022-11-20T22:00:00.000000000,268.7,198.53024
2022-11-20T23:00:00.000000000,278.53,197.77122
2022-11-21T00:00:00.000000000,302.88,193.78865
2022-11-21T01:00:00.000000000,274.6,195.95965
2022-11-21T02:00:00.000000000,262.02,199.21786
2022-11-21T03:00:00.000000000,251.56,203.27083
2022-11-21T04:00:00.000000000,247.96,207.03888
2022-11-21T05:00:00.000000000,267.07,209.61408
2022-11-21T06:00:00.000000000,275.46,212.57858
2022-11-21T07:00:00.000000000,320.26,217.03855
2022-11-21T08:00:00.000000000,323.53,219.03983
2022-11-21T09:00:00.000000000,346.51,220.12434
2022-11-21T10:00:00.000000000,350.14,220.95674
2022-11-21T11:00:00.000000000,346.94,220.91418
2022-11-21T12:00:00.000000000,337.79,219.60377
2022-11-21T13:00:00.000000000,301.92,218.99921
2022-11-21T14:00:00.000000000,265.2,217.58322
2022-11-21T15:00:00.000000000,259.65,217.10937
2022-11-21T16:00:00.000000000,265.52,216.41324
2022-11-21T17:00:00.000000000,255.17,215.58772
2022-11-21T18:00:00.000000000,283.22,212.85973
2022-11-21T19:00:00.000000000,280.18,209.39617
2022-11-21T20:00:00.000000000,294.48,206.18315
2022-11-21T21:00:00.000000000,279.19,203.59893
2022-11-21T22:00:00.000000000,298.15,201.34965
2022-11-21T23:00:00.000000000,280.12,199.85726
2022-11-22T00:00:00.000000000,282.12,205.81129
2022-11-22T01:00:00.000000000,266.43,206.89392
2022-11-22T02:00:00.000000000,259.01,208.80005
2022-11-22T03:00:00.000000000,259.72,210.53697
2022-11-22T04:00:00.000000000,268.68,212.09518
2022-11-22T05:00:00.000000000,299.18,212.62542
2022-11-22T06:00:00.000000000,317.19,213.91055
2022-11-22T07:00:00.000000000,337.1,216.09694
2022-11-22T08:00:00.000000000,334.57,216.08496
2022-11-22T09:00:00.000000000,302.22,215.20276
2022-11-22T10:00:00.000000000,287.66,213.5454
2022-11-22T11:00:00.000000000,294.34,210.92206
2022-11-22T12:00:00.000000000,268.16,206.61979
2022-11-22T13:00:00.000000000,243.6,202.84658
2022-11-22T14:00:00.000000000,214.96,198.28164
2022-11-22T15:00:00.000000000,195.93,195.18881
2022-11-22T16:00:00.000000000,190.65,192.45701
2022-11-22T17:00:00.000000000,188.5,190.22989
2022-11-22T18:00:00.000000000,203.78,186.689
2022-11-22T19:00:00.000000000,222.86,183.39279
2022-11-22T20:00:00.000000000,255.41,180.88002
2022-11-22T21:00:00.000000000,254.2,179.15983
2022-11-22T22:00:00.000000000,279.38,177.97515
2022-11-22T23:00:00.000000000,283.59,177.84695
2022-11-23T00:00:00.000000000,274.79,178.9797
2022-11-23T01:00:00.000000000,220.69,177.5422
2022-11-23T02:00:00.000000000,214.55,175.96736
2022-11-23T03:00:00.000000000,231.23,174.35535
2022-11-23T04:00:00.000000000,264.42,172.05373
2022-11-23T05:00:00.000000000,285.88,169.22125
2022-11-23T06:00:00.000000000,312.55,167.16366
2022-11-23T07:00:00.000000000,326.84,166.51752
2022-11-23T08:00:00.000000000,309.42,164.7259
2022-11-23T09:00:00.000000000,256.99,162.86766
2022-11-23T10:00:00.000000000,219.22,161.385
2022-11-23T11:00:00.000000000,220.09,159.95374
2022-11-23T12:00:00.000000000,192.39,158.07838
2022-11-23T13:00:00.000000000,166.43,156.77309
2022-11-23T14:00:00.000000000,209.66,154.63705
2022-11-23T15:00:00.000000000,213.57,153.8508
2022-11-23T16:00:00.000000000,209.16,153.36177
2022-11-23T17:00:00.000000000,204.58,153.1293
2022-11-23T18:00:00.000000000,171.33,152.14628
2022-11-23T19:00:00.000000000,135.36,152.21406
2022-11-23T20:00:00.000000000,136.32,152.87736
2022-11-23T21:00:00.000000000,134.21,153.98378
2022-11-23T22:00:00.000000000,137.99,154.86238
2022-11-23T23:00:00.000000000,147.59,155.57954
2022-11-21T00:00:00.000000000,302.88,267.35572
2022-11-21T01:00:00.000000000,274.6,263.98919
2022-11-21T02:00:00.000000000,262.02,261.31764
2022-11-21T03:00:00.000000000,251.56,258.81849
2022-11-21T04:00:00.000000000,247.96,256.05907
2022-11-21T05:00:00.000000000,267.07,251.9898
2022-11-21T06:00:00.000000000,275.46,249.61536
2022-11-21T07:00:00.000000000,320.26,250.03717
2022-11-21T08:00:00.000000000,323.53,249.43311
2022-11-21T09:00:00.000000000,346.51,248.82034
2022-11-21T10:00:00.000000000,350.14,248.68999
2022-11-21T11:00:00.000000000,346.94,247.93772
2022-11-21T12:00:00.000000000,337.79,245.49529
2022-11-21T13:00:00.000000000,301.92,243.81555
2022-11-21T14:00:00.000000000,265.2,240.73428
2022-11-21T15:00:00.000000000,259.65,238.8003
2022-11-21T16:00:00.000000000,265.52,236.92493
2022-11-21T17:00:00.000000000,255.17,235.14621
2022-11-21T18:00:00.000000000,283.22,231.21946
2022-11-21T19:00:00.000000000,280.18,226.64547
2022-11-21T20:00:00.000000000,294.48,222.37576
2022-11-21T21:00:00.000000000,279.19,218.77934
2022-11-21T22:00:00.000000000,298.15,215.62576
2022-11-21T23:00:00.000000000,280.12,213.33641
2022-11-22T00:00:00.000000000,282.12,220.3462
2022-11-22T01:00:00.000000000,266.43,220.61299
2022-11-22T02:00:00.000000000,259.01,221.52182
2022-11-22T03:00:00.000000000,259.72,222.06187
2022-11-22T04:00:00.000000000,268.68,222.28511
2022-11-22T05:00:00.000000000,299.18,221.3042
2022-11-22T06:00:00.000000000,317.19,221.27791
2022-11-22T07:00:00.000000000,337.1,222.31859
2022-11-22T08:00:00.000000000,334.57,221.3353
2022-11-22T09:00:00.000000000,302.22,219.59835
2022-11-22T10:00:00.000000000,287.66,217.03893
2022-11-22T11:00:00.000000000,294.34,213.57676
2022-11-22T12:00:00.000000000,268.16,208.38285
2022-11-22T13:00:00.000000000,243.6,203.8887
2022-11-22T14:00:00.000000000,214.96,198.70616
2022-11-22T15:00:00.000000000,195.93,195.32304
2022-11-22T16:00:00.000000000,190.65,192.55368
2022-11-22T17:00:00.000000000,188.5,190.47773
2022-11-22T18:00:00.000000000,203.78,187.16268
2022-11-22T19:00:00.000000000,222.86,184.13405
2022-11-22T20:00:00.000000000,255.41,181.86376
2022-11-22T21:00:00.000000000,254.2,180.35669
2022-11-22T22:00:00.000000000,279.38,179.33767
2022-11-22T23:00:00.000000000,283.59,179.40798
2022-11-23T00:00:00.000000000,274.79,180.07462
2022-11-23T01:00:00.000000000,220.69,178.43816
2022-11-23T02:00:00.000000000,214.55,176.65472
2022-11-23T03:00:00.000000000,231.23,174.86872
2022-11-23T04:00:00.000000000,264.42,172.38416
2022-11-23T05:00:00.000000000,285.88,169.3773
2022-11-23T06:00:00.000000000,312.55,167.17959
2022-11-23T07:00:00.000000000,326.84,166.43746
2022-11-23T08:00:00.000000000,309.42,164.57563
2022-11-23T09:00:00.000000000,256.99,162.66678
2022-11-23T10:00:00.000000000,219.22,161.1594
2022-11-23T11:00:00.000000000,220.09,159.73848
2022-11-23T12:00:00.000000000,192.39,157.88288
2022-11-23T13:00:00.000000000,166.43,156.61714
2022-11-23T14:00:00.000000000,209.66,154.5156
2022-11-23T15:00:00.000000000,213.57,153.79079
2022-11-23T16:00:00.000000000,209.16,153.37166
2022-11-23T17:00:00.000000000,204.58,153.19957
2022-11-23T18:00:00.000000000,171.33,152.27736
2022-11-23T19:00:00.000000000,135.36,152.40689
2022-11-23T20:00:00.000000000,136.32,153.11221
2022-11-23T21:00:00.000000000,134.21,154.24732
2022-11-23T22:00:00.000000000,137.99,155.12896
2022-11-23T23:00:00.000000000,147.59,155.82926
2022-11-24T00:00:00.000000000,163.21,160.12785
2022-11-24T01:00:00.000000000,176.32,162.91334
2022-11-24T02:00:00.000000000,176.5,166.46473
2022-11-24T03:00:00.000000000,182.82,170.30392
2022-11-24T04:00:00.000000000,184.52,173.63816
2022-11-24T05:00:00.000000000,228.09,176.13158
2022-11-24T06:00:00.000000000,274.96,178.87313
2022-11-24T07:00:00.000000000,269.82,182.47335
2022-11-24T08:00:00.000000000,272.09,183.93049
2022-11-24T09:00:00.000000000,304.79,184.94029
2022-11-24T10:00:00.000000000,300.07,186.31043
2022-11-24T11:00:00.000000000,299.32,187.12279
2022-11-24T12:00:00.000000000,302.05,187.43331
2022-11-24T13:00:00.000000000,285.51,188.14801
2022-11-24T14:00:00.000000000,277.64,187.79261
2022-11-24T15:00:00.000000000,258.72,188.00524
2022-11-24T16:00:00.000000000,243.11,188.04367
2022-11-24T17:00:00.000000000,236.59,187.98002
2022-11-24T18:00:00.000000000,244.35,186.47686
2022-11-24T19:00:00.000000000,278.51,185.02266
2022-11-24T20:00:00.000000000,266.63,184.03027
2022-11-24T21:00:00.000000000,229.56,183.30819
2022-11-24T22:00:00.000000000,214.46,182.6123
2022-11-24T23:00:00.000000000,216.34,182.09575
2022-11-22T00:00:00.000000000,282.12,282.99775
2022-11-22T01:00:00.000000000,266.43,280.05615
2022-11-22T02:00:00.000000000,259.01,277.21766
2022-11-22T03:00:00.000000000,259.72,273.05434
2022-11-22T04:00:00.000000000,268.68,268.08666
2022-11-22T05:00:00.000000000,299.18,261.27551
2022-11-22T06:00:00.000000000,317.19,256.04609
2022-11-22T07:00:00.000000000,337.1,252.87833
2022-11-22T08:00:00.000000000,334.57,248.95046
2022-11-22T09:00:00.000000000,302.22,244.58868
2022-11-22T10:00:00.000000000,287.66,240.1981
2022-11-22T11:00:00.000000000,294.34,235.43552
2022-11-22T12:00:00.000000000,268.16,228.84616
2022-11-22T13:00:00.000000000,243.6,222.79274
2022-11-22T14:00:00.000000000,214.96,215.62041
2022-11-22T15:00:00.000000000,195.93,210.79896
2022-11-22T16:00:00.000000000,190.65,207.41874
2022-11-22T17:00:00.000000000,188.5,205.53855
2022-11-22T18:00:00.000000000,203.78,202.91026
2022-11-22T19:00:00.000000000,222.86,201.05376
2022-11-22T20:00:00.000000000,255.41,200.05553
2022-11-22T21:00:00.000000000,254.2,199.89703
2022-11-22T22:00:00.000000000,279.38,199.8501
2022-11-22T23:00:00.000000000,283.59,200.47437
2022-11-23T00:00:00.000000000,274.79,195.8659
2022-11-23T01:00:00.000000000,220.69,193.30254
2022-11-23T02:00:00.000000000,214.55,190.79749
2022-11-23T03:00:00.000000000,231.23,188.27309
2022-11-23T04:00:00.000000000,264.42,185.25236
2022-11-23T05:00:00.000000000,285.88,181.74937
2022-11-23T06:00:00.000000000,312.55,179.39643
2022-11-23T07:00:00.000000000,326.84,178.64751
2022-11-23T08:00:00.000000000,309.42,176.84829
2022-11-23T09:00:00.000000000,256.99,174.92825
2022-11-23T10:00:00.000000000,219.22,173.36268
2022-11-23T11:00:00.000000000,220.09,171.81634
2022-11-23T12:00:00.000000000,192.39,169.50696
2022-11-23T13:00:00.000000000,166.43,167.76138
2022-11-23T14:00:00.000000000,209.66,165.04073
2022-11-23T15:00:00.000000000,213.57,163.80484
2022-11-23T16:00:00.000000000,209.16,162.90611
2022-11-23T17:00:00.000000000,204.58,162.29907
2022-11-23T18:00:00.000000000,171.33,160.87848
2022-11-23T19:00:00.000000000,135.36,160.52721
2022-11-23T20:00:00.000000000,136.32,160.80555
2022-11-23T21:00:00.000000000,134.21,161.50629
2022-11-23T22:00:00.000000000,137.99,161.91457
2022-11-23T23:00:00.000000000,147.59,162.15858
2022-11-24T00:00:00.000000000,163.21,164.61884
2022-11-24T01:00:00.000000000,176.32,167.85792
2022-11-24T02:00:00.000000000,176.5,172.02361
2022-11-24T03:00:00.000000000,182.82,176.79775
2022-11-24T04:00:00.000000000,184.52,181.15756
2022-11-24T05:00:00.000000000,228.09,184.56515
2022-11-24T06:00:00.000000000,274.96,188.1418
2022-11-24T07:00:00.000000000,269.82,192.83093
2022-11-24T08:00:00.000000000,272.09,195.18056
2022-11-24T09:00:00.000000000,304.79,196.82296
2022-11-24T10:00:00.000000000,300.07,198.60286
2022-11-24T11:00:00.000000000,299.32,199.68796
2022-11-24T12:00:00.000000000,302.05,199.99559
2022-11-24T13:00:00.000000000,285.51,200.74842
2022-11-24T14:00:00.000000000,277.64,200.48003
2022-11-24T15:00:00.000000000,258.72,200.74186
2022-11-24T16:00:00.000000000,243.11,200.66173
2022-11-24T17:00:00.000000000,236.59,200.37276
2022-11-24T18:00:00.000000000,244.35,198.4367
2022-11-24T19:00:00.000000000,278.51,196.20251
2022-11-24T20:00:00.000000000,266.63,194.28863
2022-11-24T21:00:00.000000000,229.56,192.82601
2022-11-24T22:00:00.000000000,214.46,191.47547
2022-11-24T23:00:00.000000000,216.34,190.47001
2022-11-25T00:00:00.000000000,245.96,196.15444
2022-11-25T01:00:00.000000000,209.97,196.05113
2022-11-25T02:00:00.000000000,182.66,196.16212
2022-11-25T03:00:00.000000000,171.73,195.70804
2022-11-25T04:00:00.000000000,180.38,194.35418
2022-11-25T05:00:00.000000000,192.03,191.83723
2022-11-25T06:00:00.000000000,184.6,189.85652
2022-11-25T07:00:00.000000000,180.22,188.91248
2022-11-25T08:00:00.000000000,159.03,186.45318
2022-11-25T09:00:00.000000000,152.56,183.73528
2022-11-25T10:00:00.000000000,146.89,181.40496
2022-11-25T11:00:00.000000000,146.91,179.06928
2022-11-25T12:00:00.000000000,145.4,176.28926
2022-11-25T13:00:00.000000000,168.3,174.18306
2022-11-25T14:00:00.000000000,165.54,171.25235
2022-11-25T15:00:00.000000000,147.97,169.94815
2022-11-25T16:00:00.000000000,146.67,169.1706
2022-11-25T17:00:00.000000000,130.42,168.97676
2022-11-25T18:00:00.000000000,135.95,168.06221
2022-11-25T19:00:00.000000000,139.76,168.05529
2022-11-25T20:00:00.000000000,141.3,168.8508
2022-11-25T21:00:00.000000000,150.34,169.94991
2022-11-25T22:00:00.000000000,142.11,170.86256
2022-11-25T23:00:00.000000000,146.66,171.75968
2022-11-23T00:00:00.000000000,274.79,257.38172
2022-11-23T01:00:00.000000000,220.69,251.48678
2022-11-23T02:00:00.000000000,214.55,245.50544
2022-11-23T03:00:00.000000000,231.23,239.08103
2022-11-23T04:00:00.000000000,264.42,231.87984
2022-11-23T05:00:00.000000000,285.88,223.60667
2022-11-23T06:00:00.000000000,312.55,217.33682
2022-11-23T07:00:00.000000000,326.84,213.48353
2022-11-23T08:00:00.000000000,309.42,209.15259
2022-11-23T09:00:00.000000000,256.99,204.96872
2022-11-23T10:00:00.000000000,219.22,201.43077
2022-11-23T11:00:00.000000000,220.09,198.21198
2022-11-23T12:00:00.000000000,192.39,193.8663
2022-11-23T13:00:00.000000000,166.43,190.43588
2022-11-23T14:00:00.000000000,209.66,185.77022
2022-11-23T15:00:00.000000000,213.57,183.37926
2022-11-23T16:00:00.000000000,209.16,182.0048
2022-11-23T17:00:00.000000000,204.58,181.62914
2022-11-23T18:00:00.000000000,171.33,180.79866
2022-11-23T19:00:00.000000000,135.36,181.34017
2022-11-23T20:00:00.000000000,136.32,182.64088
2022-11-23T21:00:00.000000000,134.21,184.21042
2022-11-23T22:00:00.000000000,137.99,185.07439
2022-11-23T23:00:00.000000000,147.59,185.49819
2022-11-24T00:00:00.000000000,163.21,187.30626
2022-11-24T01:00:00.000000000,176.32,189.76259
2022-11-24T02:00:00.000000000,176.5,193.31747
2022-11-24T03:00:00.000000000,182.82,197.56885
2022-11-24T04:00:00.000000000,184.52,201.57438
2022-11-24T05:00:00.000000000,228.09,204.48523
2022-11-24T06:00:00.000000000,274.96,207.74413
2022-11-24T07:00:00.000000000,269.82,212.35131
2022-11-24T08:00:00.000000000,272.09,214.52269
2022-11-24T09:00:00.000000000,304.79,215.75334
2022-11-24T10:00:00.000000000,300.07,216.72514
2022-11-24T11:00:00.000000000,299.32,216.83744
2022-11-24T12:00:00.000000000,302.05,215.64086
2022-11-24T13:00:00.000000000,285.51,214.97998
2022-11-24T14:00:00.000000000,277.64,213.39907
2022-11-24T15:00:00.000000000,258.72,212.63216
2022-11-24T16:00:00.000000000,243.11,211.59048
2022-11-24T17:00:00.000000000,236.59,210.43445
2022-11-24T18:00:00.000000000,244.35,207.47548
2022-11-24T19:00:00.000000000,278.51,203.96588
2022-11-24T20:00:00.000000000,266.63,200.81356
2022-11-24T21:00:00.000000000,229.56,198.34047
2022-11-24T22:00:00.000000000,214.46,196.23099
2022-11-24T23:00:00.000000000,216.34,194.8734
2022-11-25T00:00:00.000000000,245.96,200.88281
2022-11-25T01:00:00.000000000,209.97,200.36853
2022-11-25T02:00:00.000000000,182.66,199.93949
2022-11-25T03:00:00.000000000,171.73,198.89981
2022-11-25T04:00:00.000000000,180.38,196.94517
2022-11-25T05:00:00.000000000,192.03,193.81876
2022-11-25T06:00:00.000000000,184.6,191.29998
2022-11-25T07:00:00.000000000,180.22,189.93842
2022-11-25T08:00:00.000000000,159.03,187.17424
2022-11-25T09:00:00.000000000,152.56,184.13802
2022-11-25T10:00:00.000000000,146.89,181.37854
2022-11-25T11:00:00.000000000,146.91,178.65406
2022-11-25T12:00:00.000000000,145.4,175.36489
2022-11-25T13:00:00.000000000,168.3,172.75711
2022-11-25T14:00:00.000000000,165.54,169.33851
2022-11-25T15:00:00.000000000,147.97,167.64094
2022-11-25T16:00:00.000000000,146.67,166.51964
2022-11-25T17:00:00.000000000,130.42,166.06337
2022-11-25T18:00:00.000000000,135.95,164.99418
2022-11-25T19:00:00.000000000,139.76,164.97208
2022-11-25T20:00:00.000000000,141.3,165.7719
2022-11-25T21:00:00.000000000,150.34,166.99423
2022-11-25T22:00:00.000000000,142.11,168.02263
2022-11-25T23:00:00.000000000,146.66,169.06184
2022-11-26T00:00:00.000000000,218.16,172.39521
2022-11-26T01:00:00.000000000,211.71,172.46695
2022-11-26T02:00:00.000000000,209.12,172.50787
2022-11-26T03:00:00.000000000,217.5,172.30652
2022-11-26T04:00:00.000000000,216.8,171.4548
2022-11-26T05:00:00.000000000,231.13,169.95946
2022-11-26T06:00:00.000000000,239.3,168.9437
2022-11-26T07:00:00.000000000,259.58,168.98579
2022-11-26T08:00:00.000000000,264.38,167.61689
2022-11-26T09:00:00.000000000,232.05,166.00762
2022-11-26T10:00:00.000000000,233.08,164.56094
2022-11-26T11:00:00.000000000,224.26,162.92381
2022-11-26T12:00:00.000000000,213.06,160.77142
2022-11-26T13:00:00.000000000,178.14,159.05864
2022-11-26T14:00:00.000000000,154.7,156.5377
2022-11-26T15:00:00.000000000,142.8,155.23093
2022-11-26T16:00:00.000000000,147.39,154.20909
2022-11-26T17:00:00.000000000,147.04,153.5376
2022-11-26T18:00:00.000000000,137.37,152.12526
2022-11-26T19:00:00.000000000,138.68,151.75215
2022-11-26T20:00:00.000000000,110.46,152.11257
2022-11-26T21:00:00.000000000,110.54,153.02611
2022-11-26T22:00:00.000000000,111.42,153.91222
2022-11-26T23:00:00.000000000,112.15,154.83087
2022-11-24T00:00:00.000000000,163.21,153.23752
2022-11-24T01:00:00.000000000,176.32,158.31708
2022-11-24T02:00:00.000000000,176.5,164.21911
2022-11-24T03:00:00.000000000,182.82,170.17459
2022-11-24T04:00:00.000000000,184.52,175.41865
2022-11-24T05:00:00.000000000,228.09,179.42154
2022-11-24T06:00:00.000000000,274.96,183.1515
2022-11-24T07:00:00.000000000,269.82,187.38402
2022-11-24T08:00:00.000000000,272.09,189.10025
2022-11-24T09:00:00.000000000,304.79,190.07344
2022-11-24T10:00:00.000000000,300.07,191.14178
2022-11-24T11:00:00.000000000,299.32,191.66766
2022-11-24T12:00:00.000000000,302.05,191.58226
2022-11-24T13:00:00.000000000,285.51,191.68575
2022-11-24T14:00:00.000000000,277.64,190.75477
2022-11-24T15:00:00.000000000,258.72,190.27622
2022-11-24T16:00:00.000000000,243.11,189.612
2022-11-24T17:00:00.000000000,236.59,188.99163
2022-11-24T18:00:00.000000000,244.35,186.97719
2022-11-24T19:00:00.000000000,278.51,184.95375
2022-11-24T20:00:00.000000000,266.63,183.48744
2022-11-24T21:00:00.000000000,229.56,182.56947
2022-11-24T22:00:00.000000000,214.46,182.01555
2022-11-24T23:00:00.000000000,216.34,182.01038
2022-11-25T00:00:00.000000000,245.96,187.55794
2022-11-25T01:00:00.000000000,209.97,187.20348
2022-11-25T02:00:00.000000000,182.66,186.90102
2022-11-25T03:00:00.000000000,171.73,186.18833
2022-11-25T04:00:00.000000000,180.38,184.64267
2022-11-25T05:00:00.000000000,192.03,182.15332
2022-11-25T06:00:00.000000000,184.6,180.23318
2022-11-25T07:00:00.000000000,180.22,179.43043
2022-11-25T08:00:00.000000000,159.03,177.2124
2022-11-25T09:00:00.000000000,152.56,174.78878
2022-11-25T10:00:00.000000000,146.89,172.68207
2022-11-25T11:00:00.000000000,146.91,170.57548
2022-11-25T12:00:00.000000000,145.4,168.02091
2022-11-25T13:00:00.000000000,168.3,166.09201
2022-11-25T14:00:00.000000000,165.54,163.3551
2022-11-25T15:00:00.000000000,147.97,162.1305
2022-11-25T16:00:00.000000000,146.67,161.34223
2022-11-25T17:00:00.000000000,130.42,161.04021
2022-11-25T18:00:00.000000000,135.95,160.05055
2022-11-25T19:00:00.000000000,139.76,160.07802
2022-11-25T20:00:00.000000000,141.3,160.86152
2022-11-25T21:00:00.000000000,150.34,162.03607
2022-11-25T22:00:00.000000000,142.11,163.0282
2022-11-25T23:00:00.000000000,146.66,163.96509
2022-11-26T00:00:00.000000000,218.16,165.72763
2022-11-26T01:00:00.000000000,211.71,165.69078
2022-11-26T02:00:00.000000000,209.12,165.50952
2022-11-26T03:00:00.000000000,217.5,165.2081
2022-11-26T04:00:00.000000000,216.8,164.48336
2022-11-26T05:00:00.000000000,231.13,163.40497
2022-11-26T06:00:00.000000000,239.3,162.85029
2022-11-26T07:00:00.000000000,259.58,163.42885
2022-11-26T08:00:00.000000000,264.38,162.72206
2022-11-26T09:00:00.000000000,232.05,161.70447
2022-11-26T10:00:00.000000000,233.08,160.64579
2022-11-26T11:00:00.000000000,224.26,159.18026
2022-11-26T12:00:00.000000000,213.06,156.98621
2022-11-26T13:00:00.000000000,178.14,155.06639
2022-11-26T14:00:00.000000000,154.7,152.35074
2022-11-26T15:00:00.000000000,142.8,150.68361
2022-11-26T16:00:00.000000000,147.39,149.22107
2022-11-26T17:00:00.000000000,147.04,148.0174
2022-11-26T18:00:00.000000000,137.37,146.00981
2022-11-26T19:00:00.000000000,138.68,145.06558
2022-11-26T20:00:00.000000000,110.46,144.81223
2022-11-26T21:00:00.000000000,110.54,145.33299
2022-11-26T22:00:00.000000000,111.42,145.98682
2022-11-26T23:00:00.000000000,112.15,146.80833
2022-11-27T00:00:00.000000000,142.66,153.71693
2022-11-27T01:00:00.000000000,140.38,156.47803
2022-11-27T02:00:00.000000000,141.15,159.12431
2022-11-27T03:00:00.000000000,144.57,161.27303
2022-11-27T04:00:00.000000000,147.12,162.94223
2022-11-27T05:00:00.000000000,157.36,163.95595
2022-11-27T06:00:00.000000000,199.97,164.76385
2022-11-27T07:00:00.000000000,227.84,166.07017
2022-11-27T08:00:00.000000000,236.49,165.63837
2022-11-27T09:00:00.000000000,258.79,164.52901
2022-11-27T10:00:00.000000000,253.73,162.87426
2022-11-27T11:00:00.000000000,251.81,160.41272
2022-11-27T12:00:00.000000000,253.21,157.20794
2022-11-27T13:00:00.000000000,248.07,154.13282
2022-11-27T14:00:00.000000000,189.89,150.55398
2022-11-27T15:00:00.000000000,220.02,148.05166
2022-11-27T16:00:00.000000000,207.31,145.99258
2022-11-27T17:00:00.000000000,199.79,144.45391
2022-11-27T18:00:00.000000000,202.6,142.15216
2022-11-27T19:00:00.000000000,205.95,140.77354
2022-11-27T20:00:00.000000000,207.69,140.1628
2022-11-27T21:00:00.000000000,218.33,140.5813
2022-11-27T22:00:00.000000000,209.25,141.58838
2022-11-27T23:00:00.000000000,190.74,143.29614
2022-11-25T00:00:00.000000000,245.96,217.08536
2022-11-25T01:00:00.000000000,209.97,216.11768
2022-11-25T02:00:00.000000000,182.66,215.36207
2022-11-25T03:00:00.000000000,171.73,213.86389
2022-11-25T04:00:00.000000000,180.38,211.60267
2022-11-25T05:00:00.000000000,192.03,208.12522
2022-11-25T06:00:00.000000000,184.6,205.44551
2022-11-25T07:00:00.000000000,180.22,204.02977
2022-11-25T08:00:00.000000000,159.03,201.27399
2022-11-25T09:00:00.000000000,152.56,198.09122
2022-11-25T10:00:00.000000000,146.89,195.03263
2022-11-25T11:00:00.000000000,146.91,191.84671
2022-11-25T12:00:00.000000000,145.4,187.7349
2022-11-25T13:00:00.000000000,168.3,184.19985
2022-11-25T14:00:00.000000000,165.54,179.72243
2022-11-25T15:00:00.000000000,147.97,177.05211
2022-11-25T16:00:00.000000000,146.67,175.11021
2022-11-25T17:00:00.000000000,130.42,174.03502
2022-11-25T18:00:00.000000000,135.95,172.4031
2022-11-25T19:00:00.000000000,139.76,171.88558
2022-11-25T20:00:00.000000000,141.3,172.32261
2022-11-25T21:00:00.000000000,150.34,173.29594
2022-11-25T22:00:00.000000000,142.11,174.09155
2022-11-25T23:00:00.000000000,146.66,174.99914
2022-11-26T00:00:00.000000000,218.16,175.88253
2022-11-26T01:00:00.000000000,211.71,176.33212
2022-11-26T02:00:00.000000000,209.12,177.18648
2022-11-26T03:00:00.000000000,217.5,177.83481
2022-11-26T04:00:00.000000000,216.8,178.24888
2022-11-26T05:00:00.000000000,231.13,178.18231
2022-11-26T06:00:00.000000000,239.3,178.73309
2022-11-26T07:00:00.000000000,259.58,180.17326
2022-11-26T08:00:00.000000000,264.38,179.9932
2022-11-26T09:00:00.000000000,232.05,179.32533
2022-11-26T10:00:00.000000000,233.08,178.59678
2022-11-26T11:00:00.000000000,224.26,177.30119
2022-11-26T12:00:00.000000000,213.06,175.03116
2022-11-26T13:00:00.000000000,178.14,172.92429
2022-11-26T14:00:00.000000000,154.7,169.74893
2022-11-26T15:00:00.000000000,142.8,167.56591
2022-11-26T16:00:00.000000000,147.39,165.59298
2022-11-26T17:00:00.000000000,147.04,163.98122
2022-11-26T18:00:00.000000000,137.37,161.4873
2022-11-26T19:00:00.000000000,138.68,159.98736
2022-11-26T20:00:00.000000000,110.46,159.37965
2022-11-26T21:00:00.000000000,110.54,159.3796
2022-11-26T22:00:00.000000000,111.42,159.477
2022-11-26T23:00:00.000000000,112.15,159.78965
2022-11-27T00:00:00.000000000,142.66,167.34063
2022-11-27T01:00:00.000000000,140.38,169.42867
2022-11-27T02:00:00.000000000,141.15,171.24863
2022-11-27T03:00:00.000000000,144.57,172.44137
2022-11-27T04:00:00.000000000,147.12,172.90132
2022-11-27T05:00:00.000000000,157.36,172.4468
2022-11-27T06:00:00.000000000,199.97,171.91831
2022-11-27T07:00:00.000000000,227.84,172.13159
2022-11-27T08:00:00.000000000,236.49,170.77799
2022-11-27T09:00:00.000000000,258.79,168.85873
2022-11-27T10:00:00.000000000,253.73,166.48343
2022-11-27T11:00:00.000000000,251.81,163.52696
2022-11-27T12:00:00.000000000,253.21,159.8509
2022-11-27T13:00:00.000000000,248.07,156.49677
2022-11-27T14:00:00.000000000,189.89,152.72998
2022-11-27T15:00:00.000000000,220.02,150.36213
2022-11-27T16:00:00.000000000,207.31,148.57443
2022-11-27T17:00:00.000000000,199.79,147.42558
2022-11-27T18:00:00.000000000,202.6,145.52516
2022-11-27T19:00:00.000000000,205.95,144.512
2022-11-27T20:00:00.000000000,207.69,144.14549
2022-11-27T21:00:00.000000000,218.33,144.75723
2022-11-27T22:00:00.000000000,209.25,145.85067
2022-11-27T23:00:00.000000000,190.74,147.63694
2022-11-28T00:00:00.000000000,187.78,143.66013
2022-11-28T01:00:00.000000000,189.33,143.18506
2022-11-28T02:00:00.000000000,190.74,142.79415
2022-11-28T03:00:00.000000000,211.12,142.75794
2022-11-28T04:00:00.000000000,233.49,142.76424
2022-11-28T05:00:00.000000000,214.91,143.12466
2022-11-28T06:00:00.000000000,183.34,144.37709
2022-11-28T07:00:00.000000000,185.18,146.8235
2022-11-28T08:00:00.000000000,170.06,148.14782
2022-11-28T09:00:00.000000000,177.07,149.3594
2022-11-28T10:00:00.000000000,192.34,150.76212
2022-11-28T11:00:00.000000000,195.37,151.47007
2022-11-28T12:00:00.000000000,188.49,151.40386
2022-11-28T13:00:00.000000000,207.2,151.33202
2022-11-28T14:00:00.000000000,256.58,150.34195
2022-11-28T15:00:00.000000000,233.57,149.72895
2022-11-28T16:00:00.000000000,228.83,148.99288
2022-11-28T17:00:00.000000000,237.93,148.11409
2022-11-28T18:00:00.000000000,249.02,146.01832
2022-11-28T19:00:00.000000000,311.63,144.58692
2022-11-28T20:00:00.000000000,290.63,143.56719
2022-11-28T21:00:00.000000000,277.8,143.0276
2022-11-28T22:00:00.000000000,261.85,142.613
2022-11-28T23:00:00.000000000,226.13,142.2706
2022-11-26T00:00:00.000000000,218.16,150.62448
2022-11-26T01:00:00.000000000,211.71,152.47951
2022-11-26T02:00:00.000000000,209.12,154.74525
2022-11-26T03:00:00.000000000,217.5,156.9528
2022-11-26T04:00:00.000000000,216.8,158.96398
2022-11-26T05:00:00.000000000,231.13,160.69089
2022-11-26T06:00:00.000000000,239.3,162.80294
2022-11-26T07:00:00.000000000,259.58,165.53252
2022-11-26T08:00:00.000000000,264.38,166.48333
2022-11-26T09:00:00.000000000,232.05,167.02675
2022-11-26T10:00:00.000000000,233.08,167.5794
2022-11-26T11:00:00.000000000,224.26,167.44586
2022-11-26T12:00:00.000000000,213.06,166.54721
2022-11-26T13:00:00.000000000,178.14,165.60778
2022-11-26T14:00:00.000000000,154.7,163.57489
2022-11-26T15:00:00.000000000,142.8,161.97212
2022-11-26T16:00:00.000000000,147.39,160.31926
2022-11-26T17:00:00.000000000,147.04,158.78274
2022-11-26T18:00:00.000000000,137.37,156.23458
2022-11-26T19:00:00.000000000,138.68,154.49721
2022-11-26T20:00:00.000000000,110.46,153.5959
2022-11-26T21:00:00.000000000,110.54,153.30203
2022-11-26T22:00:00.000000000,111.42,153.26519
2022-11-26T23:00:00.000000000,112.15,153.52096
2022-11-27T00:00:00.000000000,142.66,162.83952
2022-11-27T01:00:00.000000000,140.38,163.9944
2022-11-27T02:00:00.000000000,141.15,164.79708
2022-11-27T03:00:00.000000000,144.57,165.15211
2022-11-27T04:00:00.000000000,147.12,164.76976
2022-11-27T05:00:00.000000000,157.36,163.67812
2022-11-27T06:00:00.000000000,199.97,162.66376
2022-11-27T07:00:00.000000000,227.84,162.59621
2022-11-27T08:00:00.000000000,236.49,161.20633
2022-11-27T09:00:00.000000000,258.79,159.4327
2022-11-27T10:00:00.000000000,253.73,157.50279
2022-11-27T11:00:00.000000000,251.81,155.19708
2022-11-27T12:00:00.000000000,253.21,152.32753
2022-11-27T13:00:00.000000000,248.07,149.76941
2022-11-27T14:00:00.000000000,189.89,146.67452
2022-11-27T15:00:00.000000000,220.02,144.81684
2022-11-27T16:00:00.000000000,207.31,143.40963
2022-11-27T17:00:00.000000000,199.79,142.45228
2022-11-27T18:00:00.000000000,202.6,140.79716
2022-11-27T19:00:00.000000000,205.95,140.10093
2022-11-27T20:00:00.000000000,207.69,140.08762
2022-11-27T21:00:00.000000000,218.33,140.95803
2022-11-27T22:00:00.000000000,209.25,142.14968
2022-11-27T23:00:00.000000000,190.74,143.75107
2022-11-28T00:00:00.000000000,187.78,141.70939
2022-11-28T01:00:00.000000000,189.33,141.93227
2022-11-28T02:00:00.000000000,190.74,142.33538
2022-11-28T03:00:00.000000000,211.12,143.024
2022-11-28T04:00:00.000000000,233.49,143.68287
2022-11-28T05:00:00.000000000,214.91,144.57005
2022-11-28T06:00:00.000000000,183.34,146.20805
2022-11-28T07:00:00.000000000,185.18,148.85916
2022-11-28T08:00:00.000000000,170.06,150.20381
2022-11-28T09:00:00.000000000,177.07,151.4105
2022-11-28T10:00:00.000000000,192.34,152.84136
2022-11-28T11:00:00.000000000,195.37,153.5911
2022-11-28T12:00:00.000000000,188.49,153.66714
2022-11-28T13:00:00.000000000,207.2,153.72028
2022-11-28T14:00:00.000000000,256.58,152.78418
2022-11-28T15:00:00.000000000,233.57,152.15172
2022-11-28T16:00:00.000000000,228.83,151.39827
2022-11-28T17:00:00.000000000,237.93,150.52797
2022-11-28T18:00:00.000000000,249.02,148.49966
2022-11-28T19:00:00.000000000,311.63,147.13899
2022-11-28T20:00:00.000000000,290.63,146.29119
2022-11-28T21:00:00.000000000,277.8,145.88414
2022-11-28T22:00:00.000000000,261.85,145.59385
2022-11-28T23:00:00.000000000,226.13,145.37471
2022-11-29T00:00:00.000000000,234.75,147.38686
2022-11-29T01:00:00.000000000,213.38,149.02142
2022-11-29T02:00:00.000000000,181.66,150.55863
2022-11-29T03:00:00.000000000,155.65,151.88851
2022-11-29T04:00:00.000000000,160.89,152.34104
2022-11-29T05:00:00.000000000,179.85,152.09442
2022-11-29T06:00:00.000000000,199.03,151.92226
2022-11-29T07:00:00.000000000,208.07,152.45198
2022-11-29T08:00:00.000000000,194.79,151.42023
2022-11-29T09:00:00.000000000,171.24,150.27774
2022-11-29T10:00:00.000000000,167.3,149.58106
2022-11-29T11:00:00.000000000,161.77,148.69807
2022-11-29T12:00:00.000000000,169.4,147.8689
2022-11-29T13:00:00.000000000,201.16,147.55607
2022-11-29T14:00:00.000000000,222.58,146.56344
2022-11-29T15:00:00.000000000,212.37,146.58541
2022-11-29T16:00:00.000000000,224.29,146.95455
2022-11-29T17:00:00.000000000,220.96,147.55365
2022-11-29T18:00:00.000000000,230.99,147.35456
2022-11-29T19:00:00.000000000,238.28,147.91146
2022-11-29T20:00:00.000000000,248.53,149.05416
2022-11-29T21:00:00.000000000,249.4,150.42499
2022-11-29T22:00:00.000000000,280.61,151.74931
2022-11-29T23:00:00.000000000,295.48,152.94175
2022-11-27T00:00:00.000000000,142.66,128.44917
2022-11-27T01:00:00.000000000,140.38,133.16462
2022-11-27T02:00:00.000000000,141.15,137.90001
2022-11-27T03:00:00.000000000,144.57,141.946
2022-11-27T04:00:00.000000000,147.12,145.60645
2022-11-27T05:00:00.000000000,157.36,148.61539
2022-11-27T06:00:00.000000000,199.97,150.72992
2022-11-27T07:00:00.000000000,227.84,152.70158
2022-11-27T08:00:00.000000000,236.49,152.75857
2022-11-27T09:00:00.000000000,258.79,151.82972
2022-11-27T10:00:00.000000000,253.73,150.12437
2022-11-27T11:00:00.000000000,251.81,147.43424
2022-11-27T12:00:00.000000000,253.21,144.13564
2022-11-27T13:00:00.000000000,248.07,140.79749
2022-11-27T14:00:00.000000000,189.89,137.11955
2022-11-27T15:00:00.000000000,220.02,134.41988
2022-11-27T16:00:00.000000000,207.31,132.27038
2022-11-27T17:00:00.000000000,199.79,130.60838
2022-11-27T18:00:00.000000000,202.6,128.23319
2022-11-27T19:00:00.000000000,205.95,126.63693
2022-11-27T20:00:00.000000000,207.69,125.88488
2022-11-27T21:00:00.000000000,218.33,126.19188
2022-11-27T22:00:00.000000000,209.25,127.46119
2022-11-27T23:00:00.000000000,190.74,129.6664
2022-11-28T00:00:00.000000000,187.78,129.43021
2022-11-28T01:00:00.000000000,189.33,129.7452
2022-11-28T02:00:00.000000000,190.74,130.09906
2022-11-28T03:00:00.000000000,211.12,130.79598
2022-11-28T04:00:00.000000000,233.49,131.20951
2022-11-28T05:00:00.000000000,214.91,131.80963
2022-11-28T06:00:00.000000000,183.34,133.06737
2022-11-28T07:00:00.000000000,185.18,135.35828
2022-11-28T08:00:00.000000000,170.06,136.54844
2022-11-28T09:00:00.000000000,177.07,137.84758
2022-11-28T10:00:00.000000000,192.34,139.71064
2022-11-28T11:00:00.000000000,195.37,141.06035
2022-11-28T12:00:00.000000000,188.49,142.13246
2022-11-28T13:00:00.000000000,207.2,143.36555
2022-11-28T14:00:00.000000000,256.58,143.77228
2022-11-28T15:00:00.000000000,233.57,144.47754
2022-11-28T16:00:00.000000000,228.83,145.14044
2022-11-28T17:00:00.000000000,237.93,145.57588
2022-11-28T18:00:00.000000000,249.02,144.74435
2022-11-28T19:00:00.000000000,311.63,144.21451
2022-11-28T20:00:00.000000000,290.63,143.83412
2022-11-28T21:00:00.000000000,277.8,143.54467
2022-11-28T22:00:00.000000000,261.85,143.26377
2022-11-28T23:00:00.000000000,226.13,142.94474
2022-11-29T00:00:00.000000000,234.75,145.90601
2022-11-29T01:00:00.000000000,213.38,149.73188
2022-11-29T02:00:00.000000000,181.66,154.16127
2022-11-29T03:00:00.000000000,155.65,158.53817
2022-11-29T04:00:00.000000000,160.89,162.20835
2022-11-29T05:00:00.000000000,179.85,164.97795
2022-11-29T06:00:00.000000000,199.03,167.75135
2022-11-29T07:00:00.000000000,208.07,170.92555
2022-11-29T08:00:00.000000000,194.79,171.92383
2022-11-29T09:00:00.000000000,171.24,172.56331
2022-11-29T10:00:00.000000000,167.3,173.58123
2022-11-29T11:00:00.000000000,161.77,174.16126
2022-11-29T12:00:00.000000000,169.4,174.45565
2022-11-29T13:00:00.000000000,201.16,175.00467
2022-11-29T14:00:00.000000000,222.58,174.53852
2022-11-29T15:00:00.000000000,212.37,174.49396
2022-11-29T16:00:00.000000000,224.29,174.34965
2022-11-29T17:00:00.000000000,220.96,174.18975
2022-11-29T18:00:00.000000000,230.99,172.77177
2022-11-29T19:00:00.000000000,238.28,171.60289
2022-11-29T20:00:00.000000000,248.53,171.02003
2022-11-29T21:00:00.000000000,249.4,170.73966
2022-11-29T22:00:00.000000000,280.61,170.64576
2022-11-29T23:00:00.000000000,295.48,170.84656
2022-11-30T00:00:00.000000000,294.17,176.49319
2022-11-30T01:00:00.000000000,250.91,179.53326
2022-11-30T02:00:00.000000000,247.11,182.84082
2022-11-30T03:00:00.000000000,242.52,185.40203
2022-11-30T04:00:00.000000000,252.61,187.13804
2022-11-30T05:00:00.000000000,269.24,187.57706
2022-11-30T06:00:00.000000000,270.54,187.85371
2022-11-30T07:00:00.000000000,265.35,188.49912
2022-11-30T08:00:00.000000000,225.36,187.03723
2022-11-30T09:00:00.000000000,177.64,184.88482
2022-11-30T10:00:00.000000000,169.79,182.38095
2022-11-30T11:00:00.000000000,166.05,179.41669
2022-11-30T12:00:00.000000000,168.06,175.75852
2022-11-30T13:00:00.000000000,159.63,172.49989
2022-11-30T14:00:00.000000000,170.0,168.59497
2022-11-30T15:00:00.000000000,172.42,166.10042
2022-11-30T16:00:00.000000000,168.14,164.09517
2022-11-30T17:00:00.000000000,164.47,162.8221
2022-11-30T18:00:00.000000000,177.06,160.8224
2022-11-30T19:00:00.000000000,169.46,159.702
2022-11-30T20:00:00.000000000,169.95,159.48304
2022-11-30T21:00:00.000000000,153.88,160.03242
2022-11-30T22:00:00.000000000,166.64,160.97321
2022-11-30T23:00:00.000000000,177.81,162.57197
2022-11-28T00:00:00.000000000,187.78,180.48181
2022-11-28T01:00:00.000000000,189.33,178.07796
2022-11-28T02:00:00.000000000,190.74,176.0123
2022-11-28T03:00:00.000000000,211.12,174.24207
2022-11-28T04:00:00.000000000,233.49,172.53745
2022-11-28T05:00:00.000000000,214.91,170.93641
2022-11-28T06:00:00.000000000,183.34,170.66352
2022-11-28T07:00:00.000000000,185.18,171.89798
2022-11-28T08:00:00.000000000,170.06,172.04252
2022-11-28T09:00:00.000000000,177.07,171.96236
2022-11-28T10:00:00.000000000,192.34,172.09276
2022-11-28T11:00:00.000000000,195.37,171.80548
2022-11-28T12:00:00.000000000,188.49,170.45247
2022-11-28T13:00:00.000000000,207.2,169.32475
2022-11-28T14:00:00.000000000,256.58,167.0908
2022-11-28T15:00:00.000000000,233.57,165.84991
2022-11-28T16:00:00.000000000,228.83,164.65208
2022-11-28T17:00:00.000000000,237.93,163.46963
2022-11-28T18:00:00.000000000,249.02,161.13082
2022-11-28T19:00:00.000000000,311.63,159.68741
2022-11-28T20:00:00.000000000,290.63,158.81302
2022-11-28T21:00:00.000000000,277.8,158.38669
2022-11-28T22:00:00.000000000,261.85,157.86066
2022-11-28T23:00:00.000000000,226.13,157.27482
2022-11-29T00:00:00.000000000,234.75,155.36371
2022-11-29T01:00:00.000000000,213.38,159.71131
2022-11-29T02:00:00.000000000,181.66,165.01891
2022-11-29T03:00:00.000000000,155.65,170.52844
2022-11-29T04:00:00.000000000,160.89,175.63365
2022-11-29T05:00:00.000000000,179.85,179.78879
2022-11-29T06:00:00.000000000,199.03,183.86437
2022-11-29T07:00:00.000000000,208.07,188.46744
2022-11-29T08:00:00.000000000,194.79,190.56547
2022-11-29T09:00:00.000000000,171.24,191.82299
2022-11-29T10:00:00.000000000,167.3,193.01006
2022-11-29T11:00:00.000000000,161.77,193.50768
2022-11-29T12:00:00.000000000,169.4,193.11827
2022-11-29T13:00:00.000000000,201.16,192.79898
2022-11-29T14:00:00.000000000,222.58,191.28409
2022-11-29T15:00:00.000000000,212.37,190.13448
2022-11-29T16:00:00.000000000,224.29,188.72414
2022-11-29T17:00:00.000000000,220.96,187.33953
2022-11-29T18:00:00.000000000,230.99,184.63664
2022-11-29T19:00:00.000000000,238.28,182.088
2022-11-29T20:00:00.000000000,248.53,180.24676
2022-11-29T21:00:00.000000000,249.4,179.05231
2022-11-29T22:00:00.000000000,280.61,178.2117
2022-11-29T23:00:00.000000000,295.48,177.95157
2022-11-30T00:00:00.000000000,294.17,185.24122
2022-11-30T01:00:00.000000000,250.91,186.47289
2022-11-30T02:00:00.000000000,247.11,187.55557
2022-11-30T03:00:00.000000000,242.52,187.89063
2022-11-30T04:00:00.000000000,252.61,187.19745
2022-11-30T05:00:00.000000000,269.24,185.23708
2022-11-30T06:00:00.000000000,270.54,183.38539
2022-11-30T07:00:00.000000000,265.35,182.40524
2022-11-30T08:00:00.000000000,225.36,179.83208
2022-11-30T09:00:00.000000000,177.64,176.85077
2022-11-30T10:00:00.000000000,169.79,173.7744
2022-11-30T11:00:00.000000000,166.05,170.58139
2022-11-30T12:00:00.000000000,168.06,166.87215
2022-11-30T13:00:00.000000000,159.63,163.76647
2022-11-30T14:00:00.000000000,170.0,160.08552
2022-11-30T15:00:00.000000000,172.42,158.05313
2022-11-30T16:00:00.000000000,168.14,156.60446
2022-11-30T17:00:00.000000000,164.47,155.91268
2022-11-30T18:00:00.000000000,177.06,154.65986
2022-11-30T19:00:00.000000000,169.46,154.48043
2022-11-30T20:00:00.000000000,169.95,155.08388
2022-11-30T21:00:00.000000000,153.88,156.39719
2022-11-30T22:00:00.000000000,166.64,157.82419
2022-11-30T23:00:00.000000000,177.81,159.58461
2022-12-01T00:00:00.000000000,173.58,159.84302
2022-12-01T01:00:00.000000000,162.47,159.72101
2022-12-01T02:00:00.000000000,163.11,160.1502
2022-12-01T03:00:00.000000000,172.43,160.84856
2022-12-01T04:00:00.000000000,185.21,161.41967
2022-12-01T05:00:00.000000000,184.02,161.88965
2022-12-01T06:00:00.000000000,189.48,163.2851
2022-12-01T07:00:00.000000000,177.37,165.7442
2022-12-01T08:00:00.000000000,169.67,166.75079
2022-12-01T09:00:00.000000000,197.03,167.65016
2022-12-01T10:00:00.000000000,198.86,169.03305
2022-12-01T11:00:00.000000000,201.03,169.9223
2022-12-01T12:00:00.000000000,208.05,170.13599
2022-12-01T13:00:00.000000000,170.5,170.50626
2022-12-01T14:00:00.000000000,157.32,169.65839
2022-12-01T15:00:00.000000000,191.96,169.30041
2022-12-01T16:00:00.000000000,190.41,168.80974
2022-12-01T17:00:00.000000000,194.07,168.1944
2022-12-01T18:00:00.000000000,185.25,166.27162
2022-12-01T19:00:00.000000000,205.92,164.86956
2022-12-01T20:00:00.000000000,219.43,164.0193
2022-12-01T21:00:00.000000000,237.25,163.34925
2022-12-01T22:00:00.000000000,248.14,162.61583
2022-12-01T23:00:00.000000000,200.93,161.84918
2022-11-29T00:00:00.000000000,234.75,223.80557
2022-11-29T01:00:00.000000000,213.38,222.10038
2022-11-29T02:00:00.000000000,181.66,221.01174
2022-11-29T03:00:00.000000000,155.65,219.61928
2022-11-29T04:00:00.000000000,160.89,217.72547
2022-11-29T05:00:00.000000000,179.85,214.77141
2022-11-29T06:00:00.000000000,199.03,212.79403
2022-11-29T07:00:00.000000000,208.07,212.44195
2022-11-29T08:00:00.000000000,194.79,210.83888
2022-11-29T09:00:00.000000000,171.24,208.9564
2022-11-29T10:00:00.000000000,167.3,207.71688
2022-11-29T11:00:00.000000000,161.77,206.27487
2022-11-29T12:00:00.000000000,169.4,203.98559
2022-11-29T13:00:00.000000000,201.16,202.2137
2022-11-29T14:00:00.000000000,222.58,199.11794
2022-11-29T15:00:00.000000000,212.37,197.35241
2022-11-29T16:00:00.000000000,224.29,195.9483
2022-11-29T17:00:00.000000000,220.96,195.0473
2022-11-29T18:00:00.000000000,230.99,193.10655
2022-11-29T19:00:00.000000000,238.28,191.83351
2022-11-29T20:00:00.000000000,248.53,191.38301
2022-11-29T21:00:00.000000000,249.4,191.29525
2022-11-29T22:00:00.000000000,280.61,190.99312
2022-11-29T23:00:00.000000000,295.48,190.65134
2022-11-30T00:00:00.000000000,294.17,197.28384
2022-11-30T01:00:00.000000000,250.91,198.05245
2022-11-30T02:00:00.000000000,247.11,198.6482
2022-11-30T03:00:00.000000000,242.52,198.36707
2022-11-30T04:00:00.000000000,252.61,196.96381
2022-11-30T05:00:00.000000000,269.24,194.12304
2022-11-30T06:00:00.000000000,270.54,191.50356
2022-11-30T07:00:00.000000000,265.35,189.87418
2022-11-30T08:00:00.000000000,225.36,186.72427
2022-11-30T09:00:00.000000000,177.64,183.1751
2022-11-30T10:00:00.000000000,169.79,179.54657
2022-11-30T11:00:00.000000000,166.05,175.89745
2022-11-30T12:00:00.000000000,168.06,171.68217
2022-11-30T13:00:00.000000000,159.63,168.17401
2022-11-30T14:00:00.000000000,170.0,164.09918
2022-11-30T15:00:00.000000000,172.42,161.88514
2022-11-30T16:00:00.000000000,168.14,160.37591
2022-11-30T17:00:00.000000000,164.47,159.76297
2022-11-30T18:00:00.000000000,177.06,158.65737
2022-11-30T19:00:00.000000000,169.46,158.66814
2022-11-30T20:00:00.000000000,169.95,159.46039
2022-11-30T21:00:00.000000000,153.88,160.9375
2022-11-30T22:00:00.000000000,166.64,162.44053
2022-11-30T23:00:00.000000000,177.81,164.2547
2022-12-01T00:00:00.000000000,173.58,167.16835
2022-12-01T01:00:00.000000000,162.47,166.9991
2022-12-01T02:00:00.000000000,163.11,167.1399
2022-12-01T03:00:00.000000000,172.43,167.29012
2022-12-01T04:00:00.000000000,185.21,166.96373
2022-12-01T05:00:00.000000000,184.02,166.20618
2022-12-01T06:00:00.000000000,189.48,166.18948
2022-12-01T07:00:00.000000000,177.37,167.22206
2022-12-01T08:00:00.000000000,169.67,166.81672
2022-12-01T09:00:00.000000000,197.03,166.34589
2022-12-01T10:00:00.000000000,198.86,166.40499
2022-12-01T11:00:00.000000000,201.03,166.19122
2022-12-01T12:00:00.000000000,208.05,165.57702
2022-12-01T13:00:00.000000000,170.5,165.37109
2022-12-01T14:00:00.000000000,157.32,164.19246
2022-12-01T15:00:00.000000000,191.96,163.96525
2022-12-01T16:00:00.000000000,190.41,163.88263
2022-12-01T17:00:00.000000000,194.07,163.8861
2022-12-01T18:00:00.000000000,185.25,162.80268
2022-12-01T19:00:00.000000000,205.92,162.38854
2022-12-01T20:00:00.000000000,219.43,162.55012
2022-12-01T21:00:00.000000000,237.25,162.85866
2022-12-01T22:00:00.000000000,248.14,163.00779
2022-12-01T23:00:00.000000000,200.93,163.02341
2022-12-02T00:00:00.000000000,177.42,169.48416
2022-12-02T01:00:00.000000000,166.27,170.53696
2022-12-02T02:00:00.000000000,165.03,171.41801
2022-12-02T03:00:00.000000000,169.54,171.82482
2022-12-02T04:00:00.000000000,193.1,171.21213
2022-12-02T05:00:00.000000000,195.93,169.58131
2022-12-02T06:00:00.000000000,218.45,168.0782
2022-12-02T07:00:00.000000000,237.08,167.44814
2022-12-02T08:00:00.000000000,240.64,165.29
2022-12-02T09:00:00.000000000,238.63,162.9222
2022-12-02T10:00:00.000000000,238.27,160.79851
2022-12-02T11:00:00.000000000,242.96,158.65891
2022-12-02T12:00:00.000000000,251.63,156.32564
2022-12-02T13:00:00.000000000,226.6,154.58945
2022-12-02T14:00:00.000000000,232.7,152.21376
2022-12-02T15:00:00.000000000,229.59,151.22494
2022-12-02T16:00:00.000000000,228.67,150.66265
2022-12-02T17:00:00.000000000,217.98,150.57082
2022-12-02T18:00:00.000000000,242.4,149.84504
2022-12-02T19:00:00.000000000,255.05,150.10836
2022-12-02T20:00:00.000000000,259.1,151.10772
2022-12-02T21:00:00.000000000,265.06,152.59757
2022-12-02T22:00:00.000000000,270.06,154.0828
2022-12-02T23:00:00.000000000,283.02,155.607
2022-11-30T00:00:00.000000000,294.17,274.78066
2022-11-30T01:00:00.000000000,250.91,269.28187
2022-11-30T02:00:00.000000000,247.11,263.08439
2022-11-30T03:00:00.000000000,242.52,255.83069
2022-11-30T04:00:00.000000000,252.61,246.9539
2022-11-30T05:00:00.000000000,269.24,236.09416
2022-11-30T06:00:00.000000000,270.54,227.00986
2022-11-30T07:00:00.000000000,265.35,220.50572
2022-11-30T08:00:00.000000000,225.36,213.63329
2022-11-30T09:00:00.000000000,177.64,207.11632
2022-11-30T10:00:00.000000000,169.79,201.35876
2022-11-30T11:00:00.000000000,166.05,196.43668
2022-11-30T12:00:00.000000000,168.06,190.80172
2022-11-30T13:00:00.000000000,159.63,186.56696
2022-11-30T14:00:00.000000000,170.0,181.37633
2022-11-30T15:00:00.000000000,172.42,179.05839
2022-11-30T16:00:00.000000000,168.14,178.23494
2022-11-30T17:00:00.000000000,164.47,179.00527
2022-11-30T18:00:00.000000000,177.06,179.82143
2022-11-30T19:00:00.000000000,169.46,182.23524
2022-11-30T20:00:00.000000000,169.95,185.35305
2022-11-30T21:00:00.000000000,153.88,188.6713
2022-11-30T22:00:00.000000000,166.64,191.02117
2022-11-30T23:00:00.000000000,177.81,192.79869
2022-12-01T00:00:00.000000000,173.58,184.67688
2022-12-01T01:00:00.000000000,162.47,181.40215
2022-12-01T02:00:00.000000000,163.11,177.85066
2022-12-01T03:00:00.000000000,172.43,174.7472
2022-12-01T04:00:00.000000000,185.21,170.79801
2022-12-01T05:00:00.000000000,184.02,166.46887
2022-12-01T06:00:00.000000000,189.48,163.13618
2022-12-01T07:00:00.000000000,177.37,161.68441
2022-12-01T08:00:00.000000000,169.67,159.36336
2022-12-01T09:00:00.000000000,197.03,157.15537
2022-12-01T10:00:00.000000000,198.86,155.60769
2022-12-01T11:00:00.000000000,201.03,154.52619
2022-12-01T12:00:00.000000000,208.05,153.10282
2022-12-01T13:00:00.000000000,170.5,152.31614
2022-12-01T14:00:00.000000000,157.32,150.57951
2022-12-01T15:00:00.000000000,191.96,150.33474
2022-12-01T16:00:00.000000000,190.41,150.43265
2022-12-01T17:00:00.000000000,194.07,150.62646
2022-12-01T18:00:00.000000000,185.25,150.10556
2022-12-01T19:00:00.000000000,205.92,150.62814
2022-12-01T20:00:00.000000000,219.43,151.55679
2022-12-01T21:00:00.000000000,237.25,152.92782
2022-12-01T22:00:00.000000000,248.14,153.87701
2022-12-01T23:00:00.000000000,200.93,154.5838
2022-12-02T00:00:00.000000000,177.42,148.91004
2022-12-02T01:00:00.000000000,166.27,147.66285
2022-12-02T02:00:00.000000000,165.03,146.25656
2022-12-02T03:00:00.000000000,169.54,145.231
2022-12-02T04:00:00.000000000,193.1,143.91708
2022-12-02T05:00:00.000000000,195.93,142.73554
2022-12-02T06:00:00.000000000,218.45,142.37456
2022-12-02T07:00:00.000000000,237.08,143.40454
2022-12-02T08:00:00.000000000,240.64,143.53404
2022-12-02T09:00:00.000000000,238.63,143.67083
2022-12-02T10:00:00.000000000,238.27,144.16208
2022-12-02T11:00:00.000000000,242.96,144.25292
2022-12-02T12:00:00.000000000,251.63,143.78939
2022-12-02T13:00:00.000000000,226.6,143.60661
2022-12-02T14:00:00.000000000,232.7,142.70594
2022-12-02T15:00:00.000000000,229.59,142.60069
2022-12-02T16:00:00.000000000,228.67,142.56591
2022-12-02T17:00:00.000000000,217.98,142.43307
2022-12-02T18:00:00.000000000,242.4,141.13618
2022-12-02T19:00:00.000000000,255.05,140.46134
2022-12-02T20:00:00.000000000,259.1,140.00592
2022-12-02T21:00:00.000000000,265.06,139.95067
2022-12-02T22:00:00.000000000,270.06,139.89844
2022-12-02T23:00:00.000000000,283.02,139.84343
2022-12-03T00:00:00.000000000,208.79,144.01239
2022-12-03T01:00:00.000000000,196.28,145.74186
2022-12-03T02:00:00.000000000,199.54,147.58994
2022-12-03T03:00:00.000000000,186.98,149.38225
2022-12-03T04:00:00.000000000,199.07,150.40384
2022-12-03T05:00:00.000000000,201.7,150.84516
2022-12-03T06:00:00.000000000,200.13,151.52834
2022-12-03T07:00:00.000000000,161.61,152.89545
2022-12-03T08:00:00.000000000,166.1,152.64998
2022-12-03T09:00:00.000000000,158.57,152.37685
2022-12-03T10:00:00.000000000,164.73,152.69224
2022-12-03T11:00:00.000000000,173.58,152.73238
2022-12-03T12:00:00.000000000,173.65,152.8285
2022-12-03T13:00:00.000000000,163.06,153.40457
2022-12-03T14:00:00.000000000,149.07,153.21921
2022-12-03T15:00:00.000000000,135.23,153.81481
2022-12-03T16:00:00.000000000,133.42,154.62062
2022-12-03T17:00:00.000000000,135.62,155.49351
2022-12-03T18:00:00.000000000,149.14,155.32852
2022-12-03T19:00:00.000000000,150.83,155.66403
2022-12-03T20:00:00.000000000,154.01,156.44536
2022-12-03T21:00:00.000000000,156.39,157.28023
2022-12-03T22:00:00.000000000,159.41,158.01997
2022-12-03T23:00:00.000000000,166.78,158.62962
2022-12-01T00:00:00.000000000,173.58,173.09279
2022-12-01T01:00:00.000000000,162.47,171.30266
2022-12-01T02:00:00.000000000,163.11,169.57916
2022-12-01T03:00:00.000000000,172.43,168.05908
2022-12-01T04:00:00.000000000,185.21,166.32836
2022-12-01T05:00:00.000000000,184.02,164.53905
2022-12-01T06:00:00.000000000,189.48,163.79884
2022-12-01T07:00:00.000000000,177.37,164.51334
2022-12-01T08:00:00.000000000,169.67,164.14533
2022-12-01T09:00:00.000000000,197.03,163.61828
2022-12-01T10:00:00.000000000,198.86,163.3182
2022-12-01T11:00:00.000000000,201.03,162.73058
2022-12-01T12:00:00.000000000,208.05,161.31699
2022-12-01T13:00:00.000000000,170.5,160.20133
2022-12-01T14:00:00.000000000,157.32,158.13562
2022-12-01T15:00:00.000000000,191.96,157.0978
2022-12-01T16:00:00.000000000,190.41,156.13933
2022-12-01T17:00:00.000000000,194.07,155.24002
2022-12-01T18:00:00.000000000,185.25,153.32279
2022-12-01T19:00:00.000000000,205.92,152.36044
2022-12-01T20:00:00.000000000,219.43,151.93683
2022-12-01T21:00:00.000000000,237.25,152.03892
2022-12-01T22:00:00.000000000,248.14,152.06073
2022-12-01T23:00:00.000000000,200.93,152.02931
2022-12-02T00:00:00.000000000,177.42,153.11862
2022-12-02T01:00:00.000000000,166.27,154.23772
2022-12-02T02:00:00.000000000,165.03,155.43599
2022-12-02T03:00:00.000000000,169.54,156.51652
2022-12-02T04:00:00.000000000,193.1,156.93398
2022-12-02T05:00:00.000000000,195.93,156.80326
2022-12-02T06:00:00.000000000,218.45,157.00565
2022-12-02T07:00:00.000000000,237.08,158.01696
2022-12-02T08:00:00.000000000,240.64,157.49072
2022-12-02T09:00:00.000000000,238.63,156.84517
2022-12-02T10:00:00.000000000,238.27,156.59629
2022-12-02T11:00:00.000000000,242.96,156.07193
2022-12-02T12:00:00.000000000,251.63,155.30913
2022-12-02T13:00:00.000000000,226.6,154.92038
2022-12-02T14:00:00.000000000,232.7,153.70627
2022-12-02T15:00:00.000000000,229.59,153.35787
2022-12-02T16:00:00.000000000,228.67,153.17745
2022-12-02T17:00:00.000000000,217.98,153.14069
2022-12-02T18:00:00.000000000,242.4,152.16831
2022-12-02T19:00:00.000000000,255.05,151.93922
2022-12-02T20:00:00.000000000,259.1,152.32374
2022-12-02T21:00:00.000000000,265.06,153.01559
2022-12-02T22:00:00.000000000,270.06,153.7084
2022-12-02T23:00:00.000000000,283.02,154.36915
2022-12-03T00:00:00.000000000,208.79,157.06432
2022-12-03T01:00:00.000000000,196.28,159.36008
2022-12-03T02:00:00.000000000,199.54,161.96394
2022-12-03T03:00:00.000000000,186.98,164.35387
2022-12-03T04:00:00.000000000,199.07,165.82369
2022-12-03T05:00:00.000000000,201.7,166.33372
2022-12-03T06:00:00.000000000,200.13,167.04106
2022-12-03T07:00:00.000000000,161.61,168.38471
2022-12-03T08:00:00.000000000,166.1,167.87228
2022-12-03T09:00:00.000000000,158.57,167.27225
2022-12-03T10:00:00.000000000,164.73,167.327
2022-12-03T11:00:00.000000000,173.58,167.11448
2022-12-03T12:00:00.000000000,173.65,167.03924
2022-12-03T13:00:00.000000000,163.06,167.65263
2022-12-03T14:00:00.000000000,149.07,167.57005
2022-12-03T15:00:00.000000000,135.23,168.50979
2022-12-03T16:00:00.000000000,133.42,169.70767
2022-12-03T17:00:00.000000000,135.62,171.04636
2022-12-03T18:00:00.000000000,149.14,171.1966
2022-12-03T19:00:00.000000000,150.83,171.67634
2022-12-03T20:00:00.000000000,154.01,172.58345
2022-12-03T21:00:00.000000000,156.39,173.43488
2022-12-03T22:00:00.000000000,159.41,174.14017
2022-12-03T23:00:00.000000000,166.78,174.71886
2022-12-04T00:00:00.000000000,227.27,174.77285
2022-12-04T01:00:00.000000000,185.12,178.67205
2022-12-04T02:00:00.000000000,178.9,183.21
2022-12-04T03:00:00.000000000,175.59,187.9029
2022-12-04T04:00:00.000000000,175.48,191.74643
2022-12-04T05:00:00.000000000,182.35,194.09618
2022-12-04T06:00:00.000000000,154.52,196.28984
2022-12-04T07:00:00.000000000,151.93,199.61358
2022-12-04T08:00:00.000000000,153.39,200.64178
2022-12-04T09:00:00.000000000,169.32,201.03949
2022-12-04T10:00:00.000000000,187.82,201.72687
2022-12-04T11:00:00.000000000,185.16,201.85535
2022-12-04T12:00:00.000000000,177.92,201.71287
2022-12-04T13:00:00.000000000,178.36,202.3375
2022-12-04T14:00:00.000000000,178.72,202.41958
2022-12-04T15:00:00.000000000,158.96,203.53662
2022-12-04T16:00:00.000000000,150.25,204.685
2022-12-04T17:00:00.000000000,148.2,205.93808
2022-12-04T18:00:00.000000000,151.3,205.42981
2022-12-04T19:00:00.000000000,187.02,204.43612
2022-12-04T20:00:00.000000000,169.87,203.46959
2022-12-04T21:00:00.000000000,156.42,202.78876
2022-12-04T22:00:00.000000000,147.98,202.24059
2022-12-04T23:00:00.000000000,190.84,201.96621
2022-12-02T00:00:00.000000000,177.42,206.21533
2022-12-02T01:00:00.000000000,166.27,205.20915
2022-12-02T02:00:00.000000000,165.03,204.49537
2022-12-02T03:00:00.000000000,169.54,203.26672
2022-12-02T04:00:00.000000000,193.1,201.36341
2022-12-02T05:00:00.000000000,195.93,198.44541
2022-12-02T06:00:00.000000000,218.45,196.34854
2022-12-02T07:00:00.000000000,237.08,195.4929
2022-12-02T08:00:00.000000000,240.64,193.28715
2022-12-02T09:00:00.000000000,238.63,190.7715
2022-12-02T10:00:00.000000000,238.27,188.56944
2022-12-02T11:00:00.000000000,242.96,186.24469
2022-12-02T12:00:00.000000000,251.63,183.13112
2022-12-02T13:00:00.000000000,226.6,180.56886
2022-12-02T14:00:00.000000000,232.7,177.01308
2022-12-02T15:00:00.000000000,229.59,175.05723
2022-12-02T16:00:00.000000000,228.67,173.6361
2022-12-02T17:00:00.000000000,217.98,172.81984
2022-12-02T18:00:00.000000000,242.4,171.26701
2022-12-02T19:00:00.000000000,255.05,170.68979
2022-12-02T20:00:00.000000000,259.1,170.97907
2022-12-02T21:00:00.000000000,265.06,171.66688
2022-12-02T22:00:00.000000000,270.06,172.1688
2022-12-02T23:00:00.000000000,283.02,172.69061
2022-12-03T00:00:00.000000000,208.79,173.52395
2022-12-03T01:00:00.000000000,196.28,174.76051
2022-12-03T02:00:00.000000000,199.54,176.29417
2022-12-03T03:00:00.000000000,186.98,177.45002
2022-12-03T04:00:00.000000000,199.07,177.74774
2022-12-03T05:00:00.000000000,201.7,177.0359
2022-12-03T06:00:00.000000000,200.13,176.64183
2022-12-03T07:00:00.000000000,161.61,177.01265
2022-12-03T08:00:00.000000000,166.1,175.64675
2022-12-03T09:00:00.000000000,158.57,174.08357
2022-12-03T10:00:00.000000000,164.73,173.0069
2022-12-03T11:00:00.000000000,173.58,171.7667
2022-12-03T12:00:00.000000000,173.65,170.34897
2022-12-03T13:00:00.000000000,163.06,169.541
2022-12-03T14:00:00.000000000,149.07,167.94346
2022-12-03T15:00:00.000000000,135.23,167.61951
2022-12-03T16:00:00.000000000,133.42,167.64705
2022-12-03T17:00:00.000000000,135.62,168.02144
2022-12-03T18:00:00.000000000,149.14,167.44723
2022-12-03T19:00:00.000000000,150.83,167.52945
2022-12-03T20:00:00.000000000,154.01,168.27992
2022-12-03T21:00:00.000000000,156.39,169.18115
2022-12-03T22:00:00.000000000,159.41,169.97037
2022-12-03T23:00:00.000000000,166.78,170.71802
2022-12-04T00:00:00.000000000,227.27,171.26875
2022-12-04T01:00:00.000000000,185.12,174.24856
2022-12-04T02:00:00.000000000,178.9,177.7388
2022-12-04T03:00:00.000000000,175.59,181.19366
2022-12-04T04:00:00.000000000,175.48,183.78721
2022-12-04T05:00:00.000000000,182.35,185.10517
2022-12-04T06:00:00.000000000,154.52,186.47681
2022-12-04T07:00:00.000000000,151.93,188.81349
2022-12-04T08:00:00.000000000,153.39,189.07303
2022-12-04T09:00:00.000000000,169.32,188.98081
2022-12-04T10:00:00.000000000,187.82,189.42315
2022-12-04T11:00:00.000000000,185.16,189.4198
2022-12-04T12:00:00.000000000,177.92,189.39155
2022-12-04T13:00:00.000000000,178.36,190.15382
2022-12-04T14:00:00.000000000,178.72,190.26647
2022-12-04T15:00:00.000000000,158.96,191.45415
2022-12-04T16:00:00.000000000,150.25,192.81645
2022-12-04T17:00:00.000000000,148.2,194.33309
2022-12-04T18:00:00.000000000,151.3,194.32726
2022-12-04T19:00:00.000000000,187.02,194.22729
2022-12-04T20:00:00.000000000,169.87,194.32891
2022-12-04T21:00:00.000000000,156.42,194.48414
2022-12-04T22:00:00.000000000,147.98,194.5608
2022-12-04T23:00:00.000000000,190.84,194.6283
2022-12-05T00:00:00.000000000,196.14,194.40684
2022-12-05T01:00:00.000000000,204.15,197.80208
2022-12-05T02:00:00.000000000,190.02,202.10842
2022-12-05T03:00:00.000000000,197.94,206.35859
2022-12-05T04:00:00.000000000,209.52,209.9914
2022-12-05T05:00:00.000000000,241.65,212.06951
2022-12-05T06:00:00.000000000,259.71,214.11154
2022-12-05T07:00:00.000000000,275.86,217.16166
2022-12-05T08:00:00.000000000,282.37,217.83698
2022-12-05T09:00:00.000000000,276.32,217.50758
2022-12-05T10:00:00.000000000,296.07,216.91752
2022-12-05T11:00:00.000000000,296.72,215.71238
2022-12-05T12:00:00.000000000,300.26,213.33782
2022-12-05T13:00:00.000000000,291.97,211.33106
2022-12-05T14:00:00.000000000,283.61,208.4545
2022-12-05T15:00:00.000000000,250.32,206.65291
2022-12-05T16:00:00.000000000,246.55,204.92407
2022-12-05T17:00:00.000000000,256.56,203.54071
2022-12-05T18:00:00.000000000,270.56,200.66383
2022-12-05T19:00:00.000000000,279.55,197.54695
2022-12-05T20:00:00.000000000,301.89,194.97785
2022-12-05T21:00:00.000000000,310.82,193.211
2022-12-05T22:00:00.000000000,307.59,191.98654
2022-12-05T23:00:00.000000000,314.04,191.69287
2022-12-03T00:00:00.000000000,208.79,270.31665
2022-12-03T01:00:00.000000000,196.28,266.08148
2022-12-03T02:00:00.000000000,199.54,261.88951
2022-12-03T03:00:00.000000000,186.98,256.56166
2022-12-03T04:00:00.000000000,199.07,250.05426
2022-12-03T05:00:00.000000000,201.7,241.7918
2022-12-03T06:00:00.000000000,200.13,235.0599
2022-12-03T07:00:00.000000000,161.61,230.54012
2022-12-03T08:00:00.000000000,166.1,225.53914
2022-12-03T09:00:00.000000000,158.57,220.8239
2022-12-03T10:00:00.000000000,164.73,217.15382
2022-12-03T11:00:00.000000000,173.58,213.79951
2022-12-03T12:00:00.000000000,173.65,209.6825
2022-12-03T13:00:00.000000000,163.06,206.54826
2022-12-03T14:00:00.000000000,149.07,202.22296
2022-12-03T15:00:00.000000000,135.23,200.02496
2022-12-03T16:00:00.000000000,133.42,198.77599
2022-12-03T17:00:00.000000000,135.62,198.59664
2022-12-03T18:00:00.000000000,149.14,197.6565
2022-12-03T19:00:00.000000000,150.83,197.5993
2022-12-03T20:00:00.000000000,154.01,198.32653
2022-12-03T21:00:00.000000000,156.39,199.29535
2022-12-03T22:00:00.000000000,159.41,199.86434
2022-12-03T23:00:00.000000000,166.78,200.32075
2022-12-04T00:00:00.000000000,227.27,197.80053
2022-12-04T01:00:00.000000000,185.12,200.13076
2022-12-04T02:00:00.000000000,178.9,203.33205
2022-12-04T03:00:00.000000000,175.59,207.07011
2022-12-04T04:00:00.000000000,175.48,210.24209
2022-12-04T05:00:00.000000000,182.35,211.94916
2022-12-04T06:00:00.000000000,154.52,213.86074
2022-12-04T07:00:00.000000000,151.93,217.37262
2022-12-04T08:00:00.000000000,153.39,218.62051
2022-12-04T09:00:00.000000000,169.32,219.11515
2022-12-04T10:00:00.000000000,187.82,219.66174
2022-12-04T11:00:00.000000000,185.16,219.52652
2022-12-04T12:00:00.000000000,177.92,218.50193
2022-12-04T13:00:00.000000000,178.36,218.26666
2022-12-04T14:00:00.000000000,178.72,217.31187
2022-12-04T15:00:00.000000000,158.96,217.40389
2022-12-04T16:00:00.000000000,150.25,217.39852
2022-12-04T17:00:00.000000000,148.2,217.38577
2022-12-04T18:00:00.000000000,151.3,215.44886
2022-12-04T19:00:00.000000000,187.02,212.75786
2022-12-04T20:00:00.000000000,169.87,210.15903
2022-12-04T21:00:00.000000000,156.42,208.08504
2022-12-04T22:00:00.000000000,147.98,206.28269
2022-12-04T23:00:00.000000000,190.84,205.08421
2022-12-05T00:00:00.000000000,196.14,203.87567
2022-12-05T01:00:00.000000000,204.15,206.33054
2022-12-05T02:00:00.000000000,190.02,209.49044
2022-12-05T03:00:00.000000000,197.94,212.94753
2022-12-05T04:00:00.000000000,209.52,215.69969
2022-12-05T05:00:00.000000000,241.65,216.80217
2022-12-05T06:00:00.000000000,259.71,217.97977
2022-12-05T07:00:00.000000000,275.86,220.9884
2022-12-05T08:00:00.000000000,282.37,221.99755
2022-12-05T09:00:00.000000000,276.32,222.3466
2022-12-05T10:00:00.000000000,296.07,222.93355
2022-12-05T11:00:00.000000000,296.72,222.9674
2022-12-05T12:00:00.000000000,300.26,222.15622
2022-12-05T13:00:00.000000000,291.97,221.99464
2022-12-05T14:00:00.000000000,283.61,220.96839
2022-12-05T15:00:00.000000000,250.32,220.83947
2022-12-05T16:00:00.000000000,246.55,220.57466
2022-12-05T17:00:00.000000000,256.56,220.42106
2022-12-05T18:00:00.000000000,270.56,218.36406
2022-12-05T19:00:00.000000000,279.55,215.66508
2022-12-05T20:00:00.000000000,301.89,213.05559
2022-12-05T21:00:00.000000000,310.82,211.09862
2022-12-05T22:00:00.000000000,307.59,209.45937
2022-12-05T23:00:00.000000000,314.04,208.38525
2022-12-06T00:00:00.000000000,289.39,210.27653
2022-12-06T01:00:00.000000000,245.77,210.03934
2022-12-06T02:00:00.000000000,241.61,210.30789
2022-12-06T03:00:00.000000000,244.85,210.12134
2022-12-06T04:00:00.000000000,250.85,209.31831
2022-12-06T05:00:00.000000000,260.9,207.33427
2022-12-06T06:00:00.000000000,279.93,206.10647
2022-12-06T07:00:00.000000000,286.79,205.96363
2022-12-06T08:00:00.000000000,297.37,204.13719
2022-12-06T09:00:00.000000000,322.69,201.83424
2022-12-06T10:00:00.000000000,312.65,199.5394
2022-12-06T11:00:00.000000000,305.51,196.88701
2022-12-06T12:00:00.000000000,289.83,193.22733
2022-12-06T13:00:00.000000000,304.94,190.21497
2022-12-06T14:00:00.000000000,275.57,186.33025
2022-12-06T15:00:00.000000000,273.09,184.11817
2022-12-06T16:00:00.000000000,251.02,182.4272
2022-12-06T17:00:00.000000000,261.1,181.3222
2022-12-06T18:00:00.000000000,258.5,179.2403
2022-12-06T19:00:00.000000000,255.34,177.76977
2022-12-06T20:00:00.000000000,286.55,177.10288
2022-12-06T21:00:00.000000000,294.1,176.90913
2022-12-06T22:00:00.000000000,308.89,176.78513
2022-12-06T23:00:00.000000000,315.51,177.07673
2022-12-04T00:00:00.000000000,227.27,167.179
2022-12-04T01:00:00.000000000,185.12,167.90516
2022-12-04T02:00:00.000000000,178.9,168.98705
2022-12-04T03:00:00.000000000,175.59,169.98501
2022-12-04T04:00:00.000000000,175.48,170.28393
2022-12-04T05:00:00.000000000,182.35,169.86282
2022-12-04T06:00:00.000000000,154.52,169.9796
2022-12-04T07:00:00.000000000,151.93,171.0091
2022-12-04T08:00:00.000000000,153.39,170.39761
2022-12-04T09:00:00.000000000,169.32,169.75994
2022-12-04T10:00:00.000000000,187.82,169.81871
2022-12-04T11:00:00.000000000,185.16,169.62158
2022-12-04T12:00:00.000000000,177.92,169.37454
2022-12-04T13:00:00.000000000,178.36,169.76423
2022-12-04T14:00:00.000000000,178.72,169.29163
2022-12-04T15:00:00.000000000,158.96,169.87903
2022-12-04T16:00:00.000000000,150.25,170.71366
2022-12-04T17:00:00.000000000,148.2,171.67753
2022-12-04T18:00:00.000000000,151.3,171.49202
2022-12-04T19:00:00.000000000,187.02,171.7846
2022-12-04T20:00:00.000000000,169.87,172.57028
2022-12-04T21:00:00.000000000,156.42,173.28559
2022-12-04T22:00:00.000000000,147.98,173.73488
2022-12-04T23:00:00.000000000,190.84,173.94696
2022-12-05T00:00:00.000000000,196.14,174.44389
2022-12-05T01:00:00.000000000,204.15,178.44508
2022-12-05T02:00:00.000000000,190.02,183.49643
2022-12-05T03:00:00.000000000,197.94,188.76974
2022-12-05T04:00:00.000000000,209.52,193.55108
2022-12-05T05:00:00.000000000,241.65,197.07525
2022-12-05T06:00:00.000000000,259.71,200.54481
2022-12-05T07:00:00.000000000,275.86,204.72365
2022-12-05T08:00:00.000000000,282.37,206.2685
2022-12-05T09:00:00.000000000,276.32,206.80376
2022-12-05T10:00:00.000000000,296.07,207.0333
2022-12-05T11:00:00.000000000,296.72,206.51425
2022-12-05T12:00:00.000000000,300.26,204.92765
2022-12-05T13:00:00.000000000,291.97,203.75498
2022-12-05T14:00:00.000000000,283.61,201.77907
2022-12-05T15:00:00.000000000,250.32,200.71464
2022-12-05T16:00:00.000000000,246.55,199.51865
2022-12-05T17:00:00.000000000,256.56,198.41075
2022-12-05T18:00:00.000000000,270.56,195.73325
2022-12-05T19:00:00.000000000,279.55,192.75537
2022-12-05T20:00:00.000000000,301.89,190.27064
2022-12-05T21:00:00.000000000,310.82,188.47688
2022-12-05T22:00:00.000000000,307.59,187.19402
2022-12-05T23:00:00.000000000,314.04,186.7984
2022-12-06T00:00:00.000000000,289.39,189.24974
2022-12-06T01:00:00.000000000,245.77,189.28374
2022-12-06T02:00:00.000000000,241.61,189.6167
2022-12-06T03:00:00.000000000,244.85,189.52772
2022-12-06T04:00:00.000000000,250.85,188.77505
2022-12-06T05:00:00.000000000,260.9,187.10171
2022-12-06T06:00:00.000000000,279.93,186.00618
2022-12-06T07:00:00.000000000,286.79,185.90723
2022-12-06T08:00:00.000000000,297.37,184.26638
2022-12-06T09:00:00.000000000,322.69,182.29319
2022-12-06T10:00:00.000000000,312.65,180.57
2022-12-06T11:00:00.000000000,305.51,178.65538
2022-12-06T12:00:00.000000000,289.83,176.09241
2022-12-06T13:00:00.000000000,304.94,174.01235
2022-12-06T14:00:00.000000000,275.57,170.99515
2022-12-06T15:00:00.000000000,273.09,169.37585
2022-12-06T16:00:00.000000000,251.02,168.15914
2022-12-06T17:00:00.000000000,261.1,167.42681
2022-12-06T18:00:00.000000000,258.5,165.90528
2022-12-06T19:00:00.000000000,255.34,165.30935
2022-12-06T20:00:00.000000000,286.55,165.5484
2022-12-06T21:00:00.000000000,294.1,166.19299
2022-12-06T22:00:00.000000000,308.89,166.75161
2022-12-06T23:00:00.000000000,315.51,167.37919
2022-12-07T00:00:00.000000000,283.99,169.46702
2022-12-07T01:00:00.000000000,263.83,170.49984
2022-12-07T02:00:00.000000000,260.5,171.91056
2022-12-07T03:00:00.000000000,260.45,173.09301
2022-12-07T04:00:00.000000000,286.18,173.66574
2022-12-07T05:00:00.000000000,281.27,173.49075
2022-12-07T06:00:00.000000000,306.12,173.74741
2022-12-07T07:00:00.000000000,318.06,174.79701
2022-12-07T08:00:00.000000000,320.02,174.1487
2022-12-07T09:00:00.000000000,280.05,173.24556
2022-12-07T10:00:00.000000000,278.74,172.70327
2022-12-07T11:00:00.000000000,279.38,171.86026
2022-12-07T12:00:00.000000000,276.51,170.568
2022-12-07T13:00:00.000000000,255.14,169.66202
2022-12-07T14:00:00.000000000,228.04,167.79647
2022-12-07T15:00:00.000000000,208.63,166.9537
2022-12-07T16:00:00.000000000,213.09,166.31393
2022-12-07T17:00:00.000000000,222.75,165.92252
2022-12-07T18:00:00.000000000,262.53,164.55539
2022-12-07T19:00:00.000000000,249.66,163.90924
2022-12-07T20:00:00.000000000,255.37,164.00148
2022-12-07T21:00:00.000000000,235.93,164.38573
2022-12-07T22:00:00.000000000,233.2,164.74921
2022-12-07T23:00:00.000000000,244.06,165.16544
2022-12-05T00:00:00.000000000,196.14,182.84177
2022-12-05T01:00:00.000000000,204.15,187.58683
2022-12-05T02:00:00.000000000,190.02,193.19682
2022-12-05T03:00:00.000000000,197.94,198.32117
2022-12-05T04:00:00.000000000,209.52,202.67967
2022-12-05T05:00:00.000000000,241.65,205.3836
2022-12-05T06:00:00.000000000,259.71,207.67581
2022-12-05T07:00:00.000000000,275.86,210.42165
2022-12-05T08:00:00.000000000,282.37,210.61632
2022-12-05T09:00:00.000000000,276.32,209.69497
2022-12-05T10:00:00.000000000,296.07,208.42822
2022-12-05T11:00:00.000000000,296.72,206.62168
2022-12-05T12:00:00.000000000,300.26,203.82361
2022-12-05T13:00:00.000000000,291.97,201.18295
2022-12-05T14:00:00.000000000,283.61,197.65438
2022-12-05T15:00:00.000000000,250.32,195.22567
2022-12-05T16:00:00.000000000,246.55,193.04968
2022-12-05T17:00:00.000000000,256.56,191.50631
2022-12-05T18:00:00.000000000,270.56,188.82905
2022-12-05T19:00:00.000000000,279.55,186.33994
2022-12-05T20:00:00.000000000,301.89,184.66057
2022-12-05T21:00:00.000000000,310.82,183.81041
2022-12-05T22:00:00.000000000,307.59,183.55113
2022-12-05T23:00:00.000000000,314.04,184.21224
2022-12-06T00:00:00.000000000,289.39,187.3513
2022-12-06T01:00:00.000000000,245.77,188.73917
2022-12-06T02:00:00.000000000,241.61,190.61588
2022-12-06T03:00:00.000000000,244.85,192.00623
2022-12-06T04:00:00.000000000,250.85,192.86277
2022-12-06T05:00:00.000000000,260.9,192.70097
2022-12-06T06:00:00.000000000,279.93,192.8956
2022-12-06T07:00:00.000000000,286.79,193.79403
2022-12-06T08:00:00.000000000,297.37,192.80455
2022-12-06T09:00:00.000000000,322.69,191.18934
2022-12-06T10:00:00.000000000,312.65,189.41212
2022-12-06T11:00:00.000000000,305.51,187.14229
2022-12-06T12:00:00.000000000,289.83,183.92425
2022-12-06T13:00:00.000000000,304.94,181.05531
2022-12-06T14:00:00.000000000,275.57,177.27075
2022-12-06T15:00:00.000000000,273.09,174.82259
2022-12-06T16:00:00.000000000,251.02,172.77722
2022-12-06T17:00:00.000000000,261.1,171.30973
2022-12-06T18:00:00.000000000,258.5,168.98155
2022-12-06T19:00:00.000000000,255.34,167.47278
2022-12-06T20:00:00.000000000,286.55,166.87382
2022-12-06T21:00:00.000000000,294.1,166.89523
2022-12-06T22:00:00.000000000,308.89,167.12314
2022-12-06T23:00:00.000000000,315.51,167.81565
2022-12-07T00:00:00.000000000,283.99,168.48065
2022-12-07T01:00:00.000000000,263.83,169.14051
2022-12-07T02:00:00.000000000,260.5,170.23281
2022-12-07T03:00:00.000000000,260.45,171.22568
2022-12-07T04:00:00.000000000,286.18,171.71068
2022-12-07T05:00:00.000000000,281.27,171.588
2022-12-07T06:00:00.000000000,306.12,172.03197
2022-12-07T07:00:00.000000000,318.06,173.35399
2022-12-07T08:00:00.000000000,320.02,173.03899
2022-12-07T09:00:00.000000000,280.05,172.5237
2022-12-07T10:00:00.000000000,278.74,172.44755
2022-12-07T11:00:00.000000000,279.38,172.04075
2022-12-07T12:00:00.000000000,276.51,171.16818
2022-12-07T13:00:00.000000000,255.14,170.65922
2022-12-07T14:00:00.000000000,228.04,169.11927
2022-12-07T15:00:00.000000000,208.63,168.50434
2022-12-07T16:00:00.000000000,213.09,168.02886
2022-12-07T17:00:00.000000000,222.75,167.70775
2022-12-07T18:00:00.000000000,262.53,166.32872
2022-12-07T19:00:00.000000000,249.66,165.61332
2022-12-07T20:00:00.000000000,255.37,165.58887
2022-12-07T21:00:00.000000000,235.93,165.78637
2022-12-07T22:00:00.000000000,233.2,165.91083
2022-12-07T23:00:00.000000000,244.06,166.02212
2022-12-08T00:00:00.000000000,264.9,170.51413
2022-12-08T01:00:00.000000000,209.51,171.70414
2022-12-08T02:00:00.000000000,203.81,172.93428
2022-12-08T03:00:00.000000000,208.85,173.74809
2022-12-08T04:00:00.000000000,218.85,173.87062
2022-12-08T05:00:00.000000000,230.37,173.17123
2022-12-08T06:00:00.000000000,250.38,172.70724
2022-12-08T07:00:00.000000000,248.43,173.04696
2022-12-08T08:00:00.000000000,195.23,171.75797
2022-12-08T09:00:00.000000000,211.58,170.08961
2022-12-08T10:00:00.000000000,207.82,168.4157
2022-12-08T11:00:00.000000000,210.41,166.43312
2022-12-08T12:00:00.000000000,200.19,163.89088
2022-12-08T13:00:00.000000000,158.14,161.73724
2022-12-08T14:00:00.000000000,145.45,158.8168
2022-12-08T15:00:00.000000000,190.13,157.1036
2022-12-08T16:00:00.000000000,203.59,155.71241
2022-12-08T17:00:00.000000000,193.65,154.77827
2022-12-08T18:00:00.000000000,201.76,153.1185
2022-12-08T19:00:00.000000000,207.36,152.47438
2022-12-08T20:00:00.000000000,211.23,152.64066
2022-12-08T21:00:00.000000000,202.08,153.45041
2022-12-08T22:00:00.000000000,197.27,154.38757
2022-12-08T23:00:00.000000000,194.63,155.54717
2022-12-06T00:00:00.000000000,289.39,298.41369
2022-12-06T01:00:00.000000000,245.77,293.91045
2022-12-06T02:00:00.000000000,241.61,289.22939
2022-12-06T03:00:00.000000000,244.85,282.96378
2022-12-06T04:00:00.000000000,250.85,275.58051
2022-12-06T05:00:00.000000000,260.9,266.14753
2022-12-06T06:00:00.000000000,279.93,258.56736
2022-12-06T07:00:00.000000000,286.79,253.40246
2022-12-06T08:00:00.000000000,297.37,247.9357
2022-12-06T09:00:00.000000000,322.69,242.45624
2022-12-06T10:00:00.000000000,312.65,237.41673
2022-12-06T11:00:00.000000000,305.51,232.29744
2022-12-06T12:00:00.000000000,289.83,225.62601
2022-12-06T13:00:00.000000000,304.94,219.70113
2022-12-06T14:00:00.000000000,275.57,212.52256
2022-12-06T15:00:00.000000000,273.09,207.93222
2022-12-06T16:00:00.000000000,251.02,205.0692
2022-12-06T17:00:00.000000000,261.1,204.03682
2022-12-06T18:00:00.000000000,258.5,202.60028
2022-12-06T19:00:00.000000000,255.34,202.31686
2022-12-06T20:00:00.000000000,286.55,202.96188
2022-12-06T21:00:00.000000000,294.1,204.16893
2022-12-06T22:00:00.000000000,308.89,205.0527
2022-12-06T23:00:00.000000000,315.51,206.09162
2022-12-07T00:00:00.000000000,283.99,203.71573
2022-12-07T01:00:00.000000000,263.83,203.64718
2022-12-07T02:00:00.000000000,260.5,204.32309
2022-12-07T03:00:00.000000000,260.45,204.89419
2022-12-07T04:00:00.000000000,286.18,205.07726
2022-12-07T05:00:00.000000000,281.27,204.27997
2022-12-07T06:00:00.000000000,306.12,204.26868
2022-12-07T07:00:00.000000000,318.06,205.40714
2022-12-07T08:00:00.000000000,320.02,204.76064
2022-12-07T09:00:00.000000000,280.05,203.61262
2022-12-07T10:00:00.000000000,278.74,202.55382
2022-12-07T11:00:00.000000000,279.38,200.98082
2022-12-07T12:00:00.000000000,276.51,198.34927
2022-12-07T13:00:00.000000000,255.14,196.2752
2022-12-07T14:00:00.000000000,228.04,193.17886
2022-12-07T15:00:00.000000000,208.63,191.42547
2022-12-07T16:00:00.000000000,213.09,189.93571
2022-12-07T17:00:00.000000000,222.75,188.76861
2022-12-07T18:00:00.000000000,262.53,186.35474
2022-12-07T19:00:00.000000000,249.66,184.29155
2022-12-07T20:00:00.000000000,255.37,182.95112
2022-12-07T21:00:00.000000000,235.93,182.04137
2022-12-07T22:00:00.000000000,233.2,181.23863
2022-12-07T23:00:00.000000000,244.06,180.84836
2022-12-08T00:00:00.000000000,264.9,184.06385
2022-12-08T01:00:00.000000000,209.51,185.1465
2022-12-08T02:00:00.000000000,203.81,186.47373
2022-12-08T03:00:00.000000000,208.85,187.24373
2022-12-08T04:00:00.000000000,218.85,187.274
2022-12-08T05:00:00.000000000,230.37,186.25407
2022-12-08T06:00:00.000000000,250.38,185.54106
2022-12-08T07:00:00.000000000,248.43,185.61516
2022-12-08T08:00:00.000000000,195.23,183.97647
2022-12-08T09:00:00.000000000,211.58,181.88677
2022-12-08T10:00:00.000000000,207.82,179.83364
2022-12-08T11:00:00.000000000,210.41,177.51746
2022-12-08T12:00:00.000000000,200.19,174.5444
2022-12-08T13:00:00.000000000,158.14,172.01316
2022-12-08T14:00:00.000000000,145.45,168.64527
2022-12-08T15:00:00.000000000,190.13,166.67313
2022-12-08T16:00:00.000000000,203.59,165.1336
2022-12-08T17:00:00.000000000,193.65,164.17928
2022-12-08T18:00:00.000000000,201.76,162.50139
2022-12-08T19:00:00.000000000,207.36,161.78417
2022-12-08T20:00:00.000000000,211.23,161.94498
2022-12-08T21:00:00.000000000,202.08,162.65754
2022-12-08T22:00:00.000000000,197.27,163.43855
2022-12-08T23:00:00.000000000,194.63,164.47088
2022-12-09T00:00:00.000000000,199.2,164.03199
2022-12-09T01:00:00.000000000,194.49,165.71991
2022-12-09T02:00:00.000000000,190.25,168.27063
2022-12-09T03:00:00.000000000,173.15,171.03568
2022-12-09T04:00:00.000000000,185.72,173.7645
2022-12-09T05:00:00.000000000,186.68,176.10006
2022-12-09T06:00:00.000000000,192.78,178.98579
2022-12-09T07:00:00.000000000,197.36,182.63298
2022-12-09T08:00:00.000000000,223.97,184.27008
2022-12-09T09:00:00.000000000,191.22,185.2924
2022-12-09T10:00:00.000000000,172.54,186.4023
2022-12-09T11:00:00.000000000,163.97,186.83574
2022-12-09T12:00:00.000000000,164.39,186.25529
2022-12-09T13:00:00.000000000,164.33,185.64397
2022-12-09T14:00:00.000000000,205.05,183.59127
2022-12-09T15:00:00.000000000,223.0,181.89295
2022-12-09T16:00:00.000000000,223.35,179.99435
2022-12-09T17:00:00.000000000,235.97,178.11626
2022-12-09T18:00:00.000000000,254.56,175.09197
2022-12-09T19:00:00.000000000,250.92,172.69793
2022-12-09T20:00:00.000000000,248.35,171.21836
2022-12-09T21:00:00.000000000,254.4,170.26808
2022-12-09T22:00:00.000000000,254.71,169.43302
2022-12-09T23:00:00.000000000,246.95,168.82911
2022-12-07T00:00:00.000000000,283.99,295.16753
2022-12-07T01:00:00.000000000,263.83,289.27132
2022-12-07T02:00:00.000000000,260.5,283.45651
2022-12-07T03:00:00.000000000,260.45,276.44645
2022-12-07T04:00:00.000000000,286.18,268.46632
2022-12-07T05:00:00.000000000,281.27,258.78646
2022-12-07T06:00:00.000000000,306.12,251.13515
2022-12-07T07:00:00.000000000,318.06,246.30514
2022-12-07T08:00:00.000000000,320.02,241.54759
2022-12-07T09:00:00.000000000,280.05,237.4601
2022-12-07T10:00:00.000000000,278.74,234.71081
2022-12-07T11:00:00.000000000,279.38,232.04511
2022-12-07T12:00:00.000000000,276.51,228.23287
2022-12-07T13:00:00.000000000,255.14,225.21876
2022-12-07T14:00:00.000000000,228.04,220.54717
2022-12-07T15:00:00.000000000,208.63,217.80451
2022-12-07T16:00:00.000000000,213.09,216.00917
2022-12-07T17:00:00.000000000,222.75,215.35972
2022-12-07T18:00:00.000000000,262.53,213.58073
2022-12-07T19:00:00.000000000,249.66,212.54179
2022-12-07T20:00:00.000000000,255.37,212.16307
2022-12-07T21:00:00.000000000,235.93,212.06296
2022-12-07T22:00:00.000000000,233.2,211.75016
2022-12-07T23:00:00.000000000,244.06,211.4676
2022-12-08T00:00:00.000000000,264.9,214.88886
2022-12-08T01:00:00.000000000,209.51,215.12404
2022-12-08T02:00:00.000000000,203.81,215.63309
2022-12-08T03:00:00.000000000,208.85,215.37226
2022-12-08T04:00:00.000000000,218.85,214.37362
2022-12-08T05:00:00.000000000,230.37,211.99586
2022-12-08T06:00:00.000000000,250.38,210.26507
2022-12-08T07:00:00.000000000,248.43,209.55983
2022-12-08T08:00:00.000000000,195.23,207.17785
2022-12-08T09:00:00.000000000,211.58,204.209
2022-12-08T10:00:00.000000000,207.82,200.90861
2022-12-08T11:00:00.000000000,210.41,197.20453
2022-12-08T12:00:00.000000000,200.19,192.3407
2022-12-08T13:00:00.000000000,158.14,188.12193
2022-12-08T14:00:00.000000000,145.45,183.17945
2022-12-08T15:00:00.000000000,190.13,180.13818
2022-12-08T16:00:00.000000000,203.59,177.85362
2022-12-08T17:00:00.000000000,193.65,176.4576
2022-12-08T18:00:00.000000000,201.76,174.28991
2022-12-08T19:00:00.000000000,207.36,172.93166
2022-12-08T20:00:00.000000000,211.23,172.42087
2022-12-08T21:00:00.000000000,202.08,172.58348
2022-12-08T22:00:00.000000000,197.27,172.91051
2022-12-08T23:00:00.000000000,194.63,173.83855
2022-12-09T00:00:00.000000000,199.2,172.54167
2022-12-09T01:00:00.000000000,194.49,173.43031
2022-12-09T02:00:00.000000000,190.25,175.05307
2022-12-09T03:00:00.000000000,173.15,176.76126
2022-12-09T04:00:00.000000000,185.72,178.23909
2022-12-09T05:00:00.000000000,186.68,179.17304
2022-12-09T06:00:00.000000000,192.78,180.71148
2022-12-09T07:00:00.000000000,197.36,183.16673
2022-12-09T08:00:00.000000000,223.97,183.82629
2022-12-09T09:00:00.000000000,191.22,184.06019
2022-12-09T10:00:00.000000000,172.54,184.58257
2022-12-09T11:00:00.000000000,163.97,184.57736
2022-12-09T12:00:00.000000000,164.39,183.75856
2022-12-09T13:00:00.000000000,164.33,183.12289
2022-12-09T14:00:00.000000000,205.05,181.16796
2022-12-09T15:00:00.000000000,223.0,179.90093
2022-12-09T16:00:00.000000000,223.35,178.62965
2022-12-09T17:00:00.000000000,235.97,177.47646
2022-12-09T18:00:00.000000000,254.56,175.19768
2022-12-09T19:00:00.000000000,250.92,173.54332
2022-12-09T20:00:00.000000000,248.35,172.70303
2022-12-09T21:00:00.000000000,254.4,172.2123
2022-12-09T22:00:00.000000000,254.71,171.69967
2022-12-09T23:00:00.000000000,246.95,171.27351
2022-12-10T00:00:00.000000000,277.29,175.81549
2022-12-10T01:00:00.000000000,306.1,174.90439
2022-12-10T02:00:00.000000000,287.83,173.80979
2022-12-10T03:00:00.000000000,273.83,172.57242
2022-12-10T04:00:00.000000000,261.88,170.47828
2022-12-10T05:00:00.000000000,220.65,167.6928
2022-12-10T06:00:00.000000000,182.9,165.52549
2022-12-10T07:00:00.000000000,142.94,164.65681
2022-12-10T08:00:00.000000000,140.02,162.57587
2022-12-10T09:00:00.000000000,145.43,160.47746
2022-12-10T10:00:00.000000000,145.8,158.84272
2022-12-10T11:00:00.000000000,143.18,157.32208
2022-12-10T12:00:00.000000000,140.05,155.56065
2022-12-10T13:00:00.000000000,141.16,154.4478
2022-12-10T14:00:00.000000000,138.88,152.57807
2022-12-10T15:00:00.000000000,130.4,152.09956
2022-12-10T16:00:00.000000000,120.31,151.97751
2022-12-10T17:00:00.000000000,129.33,152.1522
2022-12-10T18:00:00.000000000,122.66,151.60985
2022-12-10T19:00:00.000000000,111.08,152.07045
2022-12-10T20:00:00.000000000,124.14,153.124
2022-12-10T21:00:00.000000000,134.26,154.52464
2022-12-10T22:00:00.000000000,118.94,155.67405
2022-12-10T23:00:00.000000000,111.24,156.6143
2022-12-08T00:00:00.000000000,264.9,237.37608
2022-12-08T01:00:00.000000000,209.51,235.72732
2022-12-08T02:00:00.000000000,203.81,234.14609
2022-12-08T03:00:00.000000000,208.85,231.56782
2022-12-08T04:00:00.000000000,218.85,228.22418
2022-12-08T05:00:00.000000000,230.37,223.4847
2022-12-08T06:00:00.000000000,250.38,219.78772
2022-12-08T07:00:00.000000000,248.43,217.58718
2022-12-08T08:00:00.000000000,195.23,214.26782
2022-12-08T09:00:00.000000000,211.58,210.45457
2022-12-08T10:00:00.000000000,207.82,206.56386
2022-12-08T11:00:00.000000000,210.41,202.41865
2022-12-08T12:00:00.000000000,200.19,197.00029
2022-12-08T13:00:00.000000000,158.14,192.16366
2022-12-08T14:00:00.000000000,145.45,186.39735
2022-12-08T15:00:00.000000000,190.13,182.74662
2022-12-08T16:00:00.000000000,203.59,180.16615
2022-12-08T17:00:00.000000000,193.65,178.79184
2022-12-08T18:00:00.000000000,201.76,176.96725
2022-12-08T19:00:00.000000000,207.36,176.36414
2022-12-08T20:00:00.000000000,211.23,176.71396
2022-12-08T21:00:00.000000000,202.08,177.74193
2022-12-08T22:00:00.000000000,197.27,178.5958
2022-12-08T23:00:00.000000000,194.63,179.67212
2022-12-09T00:00:00.000000000,199.2,176.8639
2022-12-09T01:00:00.000000000,194.49,177.0815
2022-12-09T02:00:00.000000000,190.25,177.96799
2022-12-09T03:00:00.000000000,173.15,178.84239
2022-12-09T04:00:00.000000000,185.72,179.7017
2022-12-09T05:00:00.000000000,186.68,180.22177
2022-12-09T06:00:00.000000000,192.78,181.54017
2022-12-09T07:00:00.000000000,197.36,183.81627
2022-12-09T08:00:00.000000000,223.97,184.45699
2022-12-09T09:00:00.000000000,191.22,184.58918
2022-12-09T10:00:00.000000000,172.54,184.76139
2022-12-09T11:00:00.000000000,163.97,184.27046
2022-12-09T12:00:00.000000000,164.39,182.63634
2022-12-09T13:00:00.000000000,164.33,181.04168
2022-12-09T14:00:00.000000000,205.05,178.12878
2022-12-09T15:00:00.000000000,223.0,175.97611
2022-12-09T16:00:00.000000000,223.35,173.88728
2022-12-09T17:00:00.000000000,235.97,172.01452
2022-12-09T18:00:00.000000000,254.56,169.08744
2022-12-09T19:00:00.000000000,250.92,167.00924
2022-12-09T20:00:00.000000000,248.35,165.83704
2022-12-09T21:00:00.000000000,254.4,165.19027
2022-12-09T22:00:00.000000000,254.71,164.62375
2022-12-09T23:00:00.000000000,246.95,164.24735
2022-12-10T00:00:00.000000000,277.29,168.97244
2022-12-10T01:00:00.000000000,306.1,168.19615
2022-12-10T02:00:00.000000000,287.83,167.2092
2022-12-10T03:00:00.000000000,273.83,166.16552
2022-12-10T04:00:00.000000000,261.88,164.36735
2022-12-10T05:00:00.000000000,220.65,162.03655
2022-12-10T06:00:00.000000000,182.9,160.28898
2022-12-10T07:00:00.000000000,142.94,159.82333
2022-12-10T08:00:00.000000000,140.02,158.17267
2022-12-10T09:00:00.000000000,145.43,156.47849
2022-12-10T10:00:00.000000000,145.8,155.19033
2022-12-10T11:00:00.000000000,143.18,153.91067
2022-12-10T12:00:00.000000000,140.05,152.33422
2022-12-10T13:00:00.000000000,141.16,151.29543
2022-12-10T14:00:00.000000000,138.88,149.48175
2022-12-10T15:00:00.000000000,130.4,148.91499
2022-12-10T16:00:00.000000000,120.31,148.64704
2022-12-10T17:00:00.000000000,129.33,148.61283
2022-12-10T18:00:00.000000000,122.66,147.83672
2022-12-10T19:00:00.000000000,111.08,148.06313
2022-12-10T20:00:00.000000000,124.14,148.87942
2022-12-10T21:00:00.000000000,134.26,150.12029
2022-12-10T22:00:00.000000000,118.94,151.18848
2022-12-10T23:00:00.000000000,111.24,152.09352
2022-12-11T00:00:00.000000000,127.1,154.71974
2022-12-11T01:00:00.000000000,127.12,156.29591
2022-12-11T02:00:00.000000000,126.97,158.51073
2022-12-11T03:00:00.000000000,126.27,162.34115
2022-12-11T04:00:00.000000000,126.49,166.04009
2022-12-11T05:00:00.000000000,129.55,169.33727
2022-12-11T06:00:00.000000000,135.38,173.48752
2022-12-11T07:00:00.000000000,137.27,179.65483
2022-12-11T08:00:00.000000000,135.21,183.8498
2022-12-11T09:00:00.000000000,155.26,187.77822
2022-12-11T10:00:00.000000000,145.97,192.46907
2022-12-11T11:00:00.000000000,129.4,196.49507
2022-12-11T12:00:00.000000000,120.84,200.17853
2022-12-11T13:00:00.000000000,133.51,204.56847
2022-12-11T14:00:00.000000000,145.71,207.67478
2022-12-11T15:00:00.000000000,139.65,210.45793
2022-12-11T16:00:00.000000000,130.55,212.45952
2022-12-11T17:00:00.000000000,112.86,213.56239
2022-12-11T18:00:00.000000000,112.52,212.67643
2022-12-11T19:00:00.000000000,120.61,211.14658
2022-12-11T20:00:00.000000000,129.23,209.42753
2022-12-11T21:00:00.000000000,137.95,207.7849
2022-12-11T22:00:00.000000000,149.6,205.53345
2022-12-11T23:00:00.000000000,190.22,202.81161
2022-12-09T00:00:00.000000000,199.2,188.96038
2022-12-09T01:00:00.000000000,194.49,187.39073
2022-12-09T02:00:00.000000000,190.25,186.26254
2022-12-09T03:00:00.000000000,173.15,185.11668
2022-12-09T04:00:00.000000000,185.72,183.957
2022-12-09T05:00:00.000000000,186.68,182.57901
2022-12-09T06:00:00.000000000,192.78,182.35986
2022-12-09T07:00:00.000000000,197.36,183.4664
2022-12-09T08:00:00.000000000,223.97,183.32298
2022-12-09T09:00:00.000000000,191.22,182.80958
2022-12-09T10:00:00.000000000,172.54,182.3961
2022-12-09T11:00:00.000000000,163.97,181.46736
2022-12-09T12:00:00.000000000,164.39,179.34244
2022-12-09T13:00:00.000000000,164.33,177.3968
2022-12-09T14:00:00.000000000,205.05,174.24828
2022-12-09T15:00:00.000000000,223.0,172.17062
2022-12-09T16:00:00.000000000,223.35,170.27537
2022-12-09T17:00:00.000000000,235.97,168.6207
2022-12-09T18:00:00.000000000,254.56,165.94687
2022-12-09T19:00:00.000000000,250.92,164.24945
2022-12-09T20:00:00.000000000,248.35,163.34802
2022-12-09T21:00:00.000000000,254.4,162.96625
2022-12-09T22:00:00.000000000,254.71,162.53906
2022-12-09T23:00:00.000000000,246.95,162.16485
2022-12-10T00:00:00.000000000,277.29,166.47371
2022-12-10T01:00:00.000000000,306.1,165.54692
2022-12-10T02:00:00.000000000,287.83,164.36402
2022-12-10T03:00:00.000000000,273.83,163.19212
2022-12-10T04:00:00.000000000,261.88,161.2864
2022-12-10T05:00:00.000000000,220.65,158.928
2022-12-10T06:00:00.000000000,182.9,157.15794
2022-12-10T07:00:00.000000000,142.94,156.71529
2022-12-10T08:00:00.000000000,140.02,155.1482
2022-12-10T09:00:00.000000000,145.43,153.5552
2022-12-10T10:00:00.000000000,145.8,152.38326
2022-12-10T11:00:00.000000000,143.18,151.21434
2022-12-10T12:00:00.000000000,140.05,149.75622
2022-12-10T13:00:00.000000000,141.16,148.80716
2022-12-10T14:00:00.000000000,138.88,147.08375
2022-12-10T15:00:00.000000000,130.4,146.5738
2022-12-10T16:00:00.000000000,120.31,146.36059
2022-12-10T17:00:00.000000000,129.33,146.34785
2022-12-10T18:00:00.000000000,122.66,145.59298
2022-12-10T19:00:00.000000000,111.08,145.83874
2022-12-10T20:00:00.000000000,124.14,146.64912
2022-12-10T21:00:00.000000000,134.26,147.9012
2022-12-10T22:00:00.000000000,118.94,148.9831
2022-12-10T23:00:00.000000000,111.24,149.89429
2022-12-11T00:00:00.000000000,127.1,152.93
2022-12-11T01:00:00.000000000,127.12,155.62804
2022-12-11T02:00:00.000000000,126.97,158.88239
2022-12-11T03:00:00.000000000,126.27,162.6129
2022-12-11T04:00:00.000000000,126.49,165.73239
2022-12-11T05:00:00.000000000,129.55,168.07309
2022-12-11T06:00:00.000000000,135.38,170.73896
2022-12-11T07:00:00.000000000,137.27,174.4723
2022-12-11T08:00:00.000000000,135.21,176.19046
2022-12-11T09:00:00.000000000,155.26,177.69792
2022-12-11T10:00:00.000000000,145.97,179.83334
2022-12-11T11:00:00.000000000,129.4,181.43719
2022-12-11T12:00:00.000000000,120.84,182.95364
2022-12-11T13:00:00.000000000,133.51,185.10028
2022-12-11T14:00:00.000000000,145.71,186.26539
2022-12-11T15:00:00.000000000,139.65,187.87522
2022-12-11T16:00:00.000000000,130.55,189.33525
2022-12-11T17:00:00.000000000,112.86,190.56332
2022-12-11T18:00:00.000000000,112.52,190.27732
2022-12-11T19:00:00.000000000,120.61,189.91244
2022-12-11T20:00:00.000000000,129.23,189.7547
2022-12-11T21:00:00.000000000,137.95,189.61099
2022-12-11T22:00:00.000000000,149.6,189.17882
2022-12-11T23:00:00.000000000,190.22,188.56256
2022-12-12T00:00:00.000000000,198.59,190.78492
2022-12-12T01:00:00.000000000,213.31,193.9556
2022-12-12T02:00:00.000000000,194.77,197.9782
2022-12-12T03:00:00.000000000,177.22,201.64931
2022-12-12T04:00:00.000000000,181.55,204.83063
2022-12-12T05:00:00.000000000,163.77,206.67381
2022-12-12T06:00:00.000000000,155.21,208.63486
2022-12-12T07:00:00.000000000,155.99,211.07579
2022-12-12T08:00:00.000000000,164.59,211.01353
2022-12-12T09:00:00.000000000,158.58,209.9361
2022-12-12T10:00:00.000000000,157.14,208.17959
2022-12-12T11:00:00.000000000,161.89,205.62925
2022-12-12T12:00:00.000000000,159.81,201.7691
2022-12-12T13:00:00.000000000,143.03,198.3515
2022-12-12T14:00:00.000000000,152.57,194.24284
2022-12-12T15:00:00.000000000,188.99,191.52095
2022-12-12T16:00:00.000000000,202.16,189.1085
2022-12-12T17:00:00.000000000,194.77,187.23073
2022-12-12T18:00:00.000000000,195.88,184.10797
2022-12-12T19:00:00.000000000,195.2,181.15708
2022-12-12T20:00:00.000000000,200.33,178.97712
2022-12-12T21:00:00.000000000,204.1,177.61847
2022-12-12T22:00:00.000000000,191.49,176.91093
2022-12-12T23:00:00.000000000,181.21,177.3401
2022-12-10T00:00:00.000000000,277.29,236.83032
2022-12-10T01:00:00.000000000,306.1,232.02925
2022-12-10T02:00:00.000000000,287.83,226.88024
2022-12-10T03:00:00.000000000,273.83,221.41926
2022-12-10T04:00:00.000000000,261.88,214.64198
2022-12-10T05:00:00.000000000,220.65,206.58556
2022-12-10T06:00:00.000000000,182.9,199.98595
2022-12-10T07:00:00.000000000,142.94,195.61197
2022-12-10T08:00:00.000000000,140.02,190.50867
2022-12-10T09:00:00.000000000,145.43,185.66158
2022-12-10T10:00:00.000000000,145.8,181.64063
2022-12-10T11:00:00.000000000,143.18,178.54626
2022-12-10T12:00:00.000000000,140.05,175.08249
2022-12-10T13:00:00.000000000,141.16,172.82043
2022-12-10T14:00:00.000000000,138.88,169.56973
2022-12-10T15:00:00.000000000,130.4,168.58025
2022-12-10T16:00:00.000000000,120.31,168.43716
2022-12-10T17:00:00.000000000,129.33,169.08852
2022-12-10T18:00:00.000000000,122.66,169.50426
2022-12-10T19:00:00.000000000,111.08,171.32018
2022-12-10T20:00:00.000000000,124.14,173.81428
2022-12-10T21:00:00.000000000,134.26,176.49916
2022-12-10T22:00:00.000000000,118.94,178.30988
2022-12-10T23:00:00.000000000,111.24,179.53493
2022-12-11T00:00:00.000000000,127.1,179.62917
2022-12-11T01:00:00.000000000,127.12,181.55407
2022-12-11T02:00:00.000000000,126.97,184.17109
2022-12-11T03:00:00.000000000,126.27,187.11234
2022-12-11T04:00:00.000000000,126.49,189.42421
2022-12-11T05:00:00.000000000,129.55,190.61376
2022-12-11T06:00:00.000000000,135.38,192.12534
2022-12-11T07:00:00.000000000,137.27,194.8783
2022-12-11T08:00:00.000000000,135.21,195.57917
2022-12-11T09:00:00.000000000,155.26,195.90614
2022-12-11T10:00:00.000000000,145.97,196.70513
2022-12-11T11:00:00.000000000,129.4,196.94282
2022-12-11T12:00:00.000000000,120.84,196.87141
2022-12-11T13:00:00.000000000,133.51,197.64833
2022-12-11T14:00:00.000000000,145.71,197.69826
2022-12-11T15:00:00.000000000,139.65,198.81316
2022-12-11T16:00:00.000000000,130.55,199.95774
2022-12-11T17:00:00.000000000,112.86,201.07012
2022-12-11T18:00:00.000000000,112.52,200.46452
2022-12-11T19:00:00.000000000,120.61,199.53632
2022-12-11T20:00:00.000000000,129.23,198.72921
2022-12-11T21:00:00.000000000,137.95,198.00842
2022-12-11T22:00:00.000000000,149.6,197.21749
2022-12-11T23:00:00.000000000,190.22,196.52014
2022-12-12T00:00:00.000000000,198.59,200.96827
2022-12-12T01:00:00.000000000,213.31,204.08655
2022-12-12T02:00:00.000000000,194.77,207.87273
2022-12-12T03:00:00.000000000,177.22,210.91593
2022-12-12T04:00:00.000000000,181.55,213.27903
2022-12-12T05:00:00.000000000,163.77,214.05461
2022-12-12T06:00:00.000000000,155.21,214.87983
2022-12-12T07:00:00.000000000,155.99,216.20684
2022-12-12T08:00:00.000000000,164.59,215.20849
2022-12-12T09:00:00.000000000,158.58,213.19208
2022-12-12T10:00:00.000000000,157.14,210.49012
2022-12-12T11:00:00.000000000,161.89,207.11079
2022-12-12T12:00:00.000000000,159.81,202.42708
2022-12-12T13:00:00.000000000,143.03,198.13283
2022-12-12T14:00:00.000000000,152.57,193.17676
2022-12-12T15:00:00.000000000,188.99,189.83523
2022-12-12T16:00:00.000000000,202.16,187.08465
2022-12-12T17:00:00.000000000,194.77,185.15903
2022-12-12T18:00:00.000000000,195.88,182.17723
2022-12-12T19:00:00.000000000,195.2,179.53689
2022-12-12T20:00:00.000000000,200.33,177.73392
2022-12-12T21:00:00.000000000,204.1,176.81428
2022-12-12T22:00:00.000000000,191.49,176.55218
2022-12-12T23:00:00.000000000,181.21,177.46429
2022-12-13T00:00:00.000000000,192.67,171.52975
2022-12-13T01:00:00.000000000,185.52,173.18224
2022-12-13T02:00:00.000000000,183.96,175.72542
2022-12-13T03:00:00.000000000,189.2,179.62576
2022-12-13T04:00:00.000000000,194.2,183.46782
2022-12-13T05:00:00.000000000,206.98,186.64164
2022-12-13T06:00:00.000000000,222.67,190.37463
2022-12-13T07:00:00.000000000,229.64,196.04712
2022-12-13T08:00:00.000000000,193.85,199.6262
2022-12-13T09:00:00.000000000,189.65,202.6435
2022-12-13T10:00:00.000000000,193.11,205.94138
2022-12-13T11:00:00.000000000,198.17,208.36515
2022-12-13T12:00:00.000000000,237.58,209.9235
2022-12-13T13:00:00.000000000,228.39,212.09286
2022-12-13T14:00:00.000000000,206.96,212.98402
2022-12-13T15:00:00.000000000,200.39,214.05855
2022-12-13T16:00:00.000000000,193.89,214.57966
2022-12-13T17:00:00.000000000,184.78,214.58986
2022-12-13T18:00:00.000000000,167.79,212.71408
2022-12-13T19:00:00.000000000,146.98,210.34359
2022-12-13T20:00:00.000000000,143.81,208.03716
2022-12-13T21:00:00.000000000,141.08,206.10726
2022-12-13T22:00:00.000000000,158.77,203.92333
2022-12-13T23:00:00.000000000,154.39,201.70806
2022-12-11T00:00:00.000000000,127.1,132.51547
2022-12-11T01:00:00.000000000,127.12,136.18193
2022-12-11T02:00:00.000000000,126.97,140.27867
2022-12-11T03:00:00.000000000,126.27,144.67617
2022-12-11T04:00:00.000000000,126.49,148.30243
2022-12-11T05:00:00.000000000,129.55,151.04957
2022-12-11T06:00:00.000000000,135.38,153.9043
2022-12-11T07:00:00.000000000,137.27,157.19149
2022-12-11T08:00:00.000000000,135.21,158.42207
2022-12-11T09:00:00.000000000,155.26,159.50546
2022-12-11T10:00:00.000000000,145.97,161.23438
2022-12-11T11:00:00.000000000,129.4,162.59903
2022-12-11T12:00:00.000000000,120.84,164.09833
2022-12-11T13:00:00.000000000,133.51,166.20842
2022-12-11T14:00:00.000000000,145.71,167.46434
2022-12-11T15:00:00.000000000,139.65,169.02609
2022-12-11T16:00:00.000000000,130.55,170.68151
2022-12-11T17:00:00.000000000,112.86,172.14706
2022-12-11T18:00:00.000000000,112.52,172.18098
2022-12-11T19:00:00.000000000,120.61,172.1101
2022-12-11T20:00:00.000000000,129.23,172.13431
2022-12-11T21:00:00.000000000,137.95,171.99831
2022-12-11T22:00:00.000000000,149.6,171.75751
2022-12-11T23:00:00.000000000,190.22,171.56096
2022-12-12T00:00:00.000000000,198.59,174.39714
2022-12-12T01:00:00.000000000,213.31,178.62119
2022-12-12T02:00:00.000000000,194.77,183.91266
2022-12-12T03:00:00.000000000,177.22,189.16871
2022-12-12T04:00:00.000000000,181.55,194.25044
2022-12-12T05:00:00.000000000,163.77,198.29328
2022-12-12T06:00:00.000000000,155.21,202.33928
2022-12-12T07:00:00.000000000,155.99,206.78497
2022-12-12T08:00:00.000000000,164.59,208.51511
2022-12-12T09:00:00.000000000,158.58,209.03035
2022-12-12T10:00:00.000000000,157.14,208.71681
2022-12-12T11:00:00.000000000,161.89,207.35788
2022-12-12T12:00:00.000000000,159.81,204.47434
2022-12-12T13:00:00.000000000,143.03,201.71515
2022-12-12T14:00:00.000000000,152.57,198.04185
2022-12-12T15:00:00.000000000,188.99,195.22115
2022-12-12T16:00:00.000000000,202.16,192.39657
2022-12-12T17:00:00.000000000,194.77,189.92644
2022-12-12T18:00:00.000000000,195.88,186.11699
2022-12-12T19:00:00.000000000,195.2,182.45714
2022-12-12T20:00:00.000000000,200.33,179.6133
2022-12-12T21:00:00.000000000,204.1,177.75233
2022-12-12T22:00:00.000000000,191.49,176.64223
2022-12-12T23:00:00.000000000,181.21,176.72377
2022-12-13T00:00:00.000000000,192.67,172.91104
2022-12-13T01:00:00.000000000,185.52,174.64144
2022-12-13T02:00:00.000000000,183.96,177.08218
2022-12-13T03:00:00.000000000,189.2,180.15372
2022-12-13T04:00:00.000000000,194.2,182.86409
2022-12-13T05:00:00.000000000,206.98,184.73384
2022-12-13T06:00:00.000000000,222.67,187.02135
2022-12-13T07:00:00.000000000,229.64,190.8548
2022-12-13T08:00:00.000000000,193.85,192.79829
2022-12-13T09:00:00.000000000,189.65,194.36135
2022-12-13T10:00:00.000000000,193.11,196.43261
2022-12-13T11:00:00.000000000,198.17,197.92449
2022-12-13T12:00:00.000000000,237.58,198.83959
2022-12-13T13:00:00.000000000,228.39,200.23235
2022-12-13T14:00:00.000000000,206.96,200.33299
2022-12-13T15:00:00.000000000,200.39,200.84835
2022-12-13T16:00:00.000000000,193.89,201.09032
2022-12-13T17:00:00.000000000,184.78,201.17365
2022-12-13T18:00:00.000000000,167.79,199.6866
2022-12-13T19:00:00.000000000,146.98,198.18957
2022-12-13T20:00:00.000000000,143.81,197.01531
2022-12-13T21:00:00.000000000,141.08,196.11256
2022-12-13T22:00:00.000000000,158.77,195.00274
2022-12-13T23:00:00.000000000,154.39,193.77605
2022-12-14T00:00:00.000000000,147.28,189.9877
2022-12-14T01:00:00.000000000,160.06,192.52073
2022-12-14T02:00:00.000000000,166.6,195.85177
2022-12-14T03:00:00.000000000,166.74,199.29252
2022-12-14T04:00:00.000000000,169.05,201.97415
2022-12-14T05:00:00.000000000,171.1,203.18746
2022-12-14T06:00:00.000000000,170.78,204.53976
2022-12-14T07:00:00.000000000,173.48,206.97839
2022-12-14T08:00:00.000000000,184.81,207.1603
2022-12-14T09:00:00.000000000,202.27,206.73549
2022-12-14T10:00:00.000000000,208.81,206.50463
2022-12-14T11:00:00.000000000,211.93,205.74059
2022-12-14T12:00:00.000000000,193.97,204.43092
2022-12-14T13:00:00.000000000,182.1,203.96893
2022-12-14T14:00:00.000000000,173.86,202.94719
2022-12-14T15:00:00.000000000,199.48,203.24435
2022-12-14T16:00:00.000000000,205.53,203.65534
2022-12-14T17:00:00.000000000,222.24,204.19208
2022-12-14T18:00:00.000000000,247.4,202.9732
2022-12-14T19:00:00.000000000,248.53,201.24607
2022-12-14T20:00:00.000000000,246.28,199.68296
2022-12-14T21:00:00.000000000,265.02,198.41376
2022-12-14T22:00:00.000000000,253.16,197.39361
2022-12-14T23:00:00.000000000,240.06,196.91309
2022-12-12T00:00:00.000000000,198.59,184.96576
2022-12-12T01:00:00.000000000,213.31,189.61944
2022-12-12T02:00:00.000000000,194.77,194.96103
2022-12-12T03:00:00.000000000,177.22,199.40699
2022-12-12T04:00:00.000000000,181.55,203.01703
2022-12-12T05:00:00.000000000,163.77,204.94067
2022-12-12T06:00:00.000000000,155.21,206.44619
2022-12-12T07:00:00.000000000,155.99,208.10566
2022-12-12T08:00:00.000000000,164.59,207.26409
2022-12-12T09:00:00.000000000,158.58,205.34444
2022-12-12T10:00:00.000000000,157.14,202.87509
2022-12-12T11:00:00.000000000,161.89,199.82954
2022-12-12T12:00:00.000000000,159.81,195.78267
2022-12-12T13:00:00.000000000,143.03,191.92365
2022-12-12T14:00:00.000000000,152.57,187.3437
2022-12-12T15:00:00.000000000,188.99,184.17803
2022-12-12T16:00:00.000000000,202.16,181.55959
2022-12-12T17:00:00.000000000,194.77,179.82403
2022-12-12T18:00:00.000000000,195.88,177.16801
2022-12-12T19:00:00.000000000,195.2,174.99092
2022-12-12T20:00:00.000000000,200.33,173.7467
2022-12-12T21:00:00.000000000,204.1,173.36694
2022-12-12T22:00:00.000000000,191.49,173.67266
2022-12-12T23:00:00.000000000,181.21,175.06183
2022-12-13T00:00:00.000000000,192.67,172.61458
2022-12-13T01:00:00.000000000,185.52,174.18834
2022-12-13T02:00:00.000000000,183.96,176.5294
2022-12-13T03:00:00.000000000,189.2,179.15608
2022-12-13T04:00:00.000000000,194.2,181.37617
2022-12-13T05:00:00.000000000,206.98,182.79633
2022-12-13T06:00:00.000000000,222.67,184.67539
2022-12-13T07:00:00.000000000,229.64,187.63949
2022-12-13T08:00:00.000000000,193.85,188.66144
2022-12-13T09:00:00.000000000,189.65,189.29488
2022-12-13T10:00:00.000000000,193.11,190.34852
2022-12-13T11:00:00.000000000,198.17,190.8725
2022-12-13T12:00:00.000000000,237.58,190.78469
2022-12-13T13:00:00.000000000,228.39,191.13327
2022-12-13T14:00:00.000000000,206.96,190.31692
2022-12-13T15:00:00.000000000,200.39,190.20293
2022-12-13T16:00:00.000000000,193.89,189.9888
2022-12-13T17:00:00.000000000,184.78,189.73674
2022-12-13T18:00:00.000000000,167.79,188.06099
2022-12-13T19:00:00.000000000,146.98,186.53805
2022-12-13T20:00:00.000000000,143.81,185.52468
2022-12-13T21:00:00.000000000,141.08,184.7517
2022-12-13T22:00:00.000000000,158.77,183.93244
2022-12-13T23:00:00.000000000,154.39,183.20623
2022-12-14T00:00:00.000000000,147.28,179.54853
2022-12-14T01:00:00.000000000,160.06,181.86639
2022-12-14T02:00:00.000000000,166.6,184.89923
2022-12-14T03:00:00.000000000,166.74,188.10447
2022-12-14T04:00:00.000000000,169.05,190.61449
2022-12-14T05:00:00.000000000,171.1,191.90514
2022-12-14T06:00:00.000000000,170.78,193.41805
2022-12-14T07:00:00.000000000,173.48,196.02105
2022-12-14T08:00:00.000000000,184.81,196.51061
2022-12-14T09:00:00.000000000,202.27,196.55595
2022-12-14T10:00:00.000000000,208.81,196.99769
2022-12-14T11:00:00.000000000,211.93,196.92188
2022-12-14T12:00:00.000000000,193.97,196.47374
2022-12-14T13:00:00.000000000,182.1,196.80269
2022-12-14T14:00:00.000000000,173.86,196.4237
2022-12-14T15:00:00.000000000,199.48,197.1523
2022-12-14T16:00:00.000000000,205.53,197.93108
2022-12-14T17:00:00.000000000,222.24,198.74643
2022-12-14T18:00:00.000000000,247.4,197.89438
2022-12-14T19:00:00.000000000,248.53,196.75146
2022-12-14T20:00:00.000000000,246.28,195.80301
2022-12-14T21:00:00.000000000,265.02,195.01898
2022-12-14T22:00:00.000000000,253.16,194.28734
2022-12-14T23:00:00.000000000,240.06,193.79302
2022-12-15T00:00:00.000000000,244.89,190.33332
2022-12-15T01:00:00.000000000,218.01,192.45504
2022-12-15T02:00:00.000000000,200.77,195.36813
2022-12-15T03:00:00.000000000,196.92,198.31602
2022-12-15T04:00:00.000000000,196.16,200.52613
2022-12-15T05:00:00.000000000,231.83,201.35023
2022-12-15T06:00:00.000000000,247.78,202.41165
2022-12-15T07:00:00.000000000,243.73,204.45808
2022-12-15T08:00:00.000000000,251.03,204.28954
2022-12-15T09:00:00.000000000,226.04,203.56432
2022-12-15T10:00:00.000000000,217.39,203.03962
2022-12-15T11:00:00.000000000,212.62,202.01553
2022-12-15T12:00:00.000000000,210.34,200.44258
2022-12-15T13:00:00.000000000,215.64,199.71508
2022-12-15T14:00:00.000000000,203.86,198.38893
2022-12-15T15:00:00.000000000,200.31,198.44511
2022-12-15T16:00:00.000000000,220.8,198.67264
2022-12-15T17:00:00.000000000,235.97,199.06091
2022-12-15T18:00:00.000000000,232.47,197.81215
2022-12-15T19:00:00.000000000,228.02,196.22211
2022-12-15T20:00:00.000000000,240.11,194.90574
2022-12-15T21:00:00.000000000,233.31,193.84364
2022-12-15T22:00:00.000000000,241.78,192.98865
2022-12-15T23:00:00.000000000,232.91,192.64009
2022-12-13T00:00:00.000000000,192.67,182.11608
2022-12-13T01:00:00.000000000,185.52,183.30977
2022-12-13T02:00:00.000000000,183.96,185.0622
2022-12-13T03:00:00.000000000,189.2,186.61876
2022-12-13T04:00:00.000000000,194.2,187.46782
2022-12-13T05:00:00.000000000,206.98,187.25678
2022-12-13T06:00:00.000000000,222.67,187.4457
2022-12-13T07:00:00.000000000,229.64,188.60796
2022-12-13T08:00:00.000000000,193.85,187.99648
2022-12-13T09:00:00.000000000,189.65,187.13291
2022-12-13T10:00:00.000000000,193.11,186.84899
2022-12-13T11:00:00.000000000,198.17,186.26784
2022-12-13T12:00:00.000000000,237.58,185.34751
2022-12-13T13:00:00.000000000,228.39,185.01373
2022-12-13T14:00:00.000000000,206.96,183.72304
2022-12-13T15:00:00.000000000,200.39,183.56794
2022-12-13T16:00:00.000000000,193.89,183.62814
2022-12-13T17:00:00.000000000,184.78,183.92498
2022-12-13T18:00:00.000000000,167.79,182.96983
2022-12-13T19:00:00.000000000,146.98,182.35704
2022-12-13T20:00:00.000000000,143.81,182.29409
2022-12-13T21:00:00.000000000,141.08,182.3536
2022-12-13T22:00:00.000000000,158.77,182.33598
2022-12-13T23:00:00.000000000,154.39,182.34318
2022-12-14T00:00:00.000000000,147.28,179.29915
2022-12-14T01:00:00.000000000,160.06,181.69222
2022-12-14T02:00:00.000000000,166.6,184.83054
2022-12-14T03:00:00.000000000,166.74,188.15849
2022-12-14T04:00:00.000000000,169.05,190.80718
2022-12-14T05:00:00.000000000,171.1,192.23921
2022-12-14T06:00:00.000000000,170.78,193.88352
2022-12-14T07:00:00.000000000,173.48,196.58909
2022-12-14T08:00:00.000000000,184.81,197.13715
2022-12-14T09:00:00.000000000,202.27,197.19807
2022-12-14T10:00:00.000000000,208.81,197.60442
2022-12-14T11:00:00.000000000,211.93,197.47915
2022-12-14T12:00:00.000000000,193.97,196.93566
2022-12-14T13:00:00.000000000,182.1,197.15502
2022-12-14T14:00:00.000000000,173.86,196.66602
2022-12-14T15:00:00.000000000,199.48,197.28485
2022-12-14T16:00:00.000000000,205.53,197.94513
2022-12-14T17:00:00.000000000,222.24,198.64112
2022-12-14T18:00:00.000000000,247.4,197.68144
2022-12-14T19:00:00.000000000,248.53,196.42506
2022-12-14T20:00:00.000000000,246.28,195.38512
2022-12-14T21:00:00.000000000,265.02,194.53848
2022-12-14T22:00:00.000000000,253.16,193.76545
2022-12-14T23:00:00.000000000,240.06,193.26967
2022-12-15T00:00:00.000000000,244.89,188.29381
2022-12-15T01:00:00.000000000,218.01,191.231
2022-12-15T02:00:00.000000000,200.77,195.22565
2022-12-15T03:00:00.000000000,196.92,199.67988
2022-12-15T04:00:00.000000000,196.16,203.73224
2022-12-15T05:00:00.000000000,231.83,206.50795
2022-12-15T06:00:00.000000000,247.78,209.47424
2022-12-15T07:00:00.000000000,243.73,213.59875
2022-12-15T08:00:00.000000000,251.03,215.22498
2022-12-15T09:00:00.000000000,226.04,215.88101
2022-12-15T10:00:00.000000000,217.39,216.24762
2022-12-15T11:00:00.000000000,212.62,215.8218
2022-12-15T12:00:00.000000000,210.34,214.1715
2022-12-15T13:00:00.000000000,215.64,213.07271
2022-12-15T14:00:00.000000000,203.86,211.16302
2022-12-15T15:00:00.000000000,200.31,210.22379
2022-12-15T16:00:00.000000000,220.8,209.1382
2022-12-15T17:00:00.000000000,235.97,208.06832
2022-12-15T18:00:00.000000000,232.47,205.25495
2022-12-15T19:00:00.000000000,228.02,201.91117
2022-12-15T20:00:00.000000000,240.11,198.94391
2022-12-15T21:00:00.000000000,233.31,196.664
2022-12-15T22:00:00.000000000,241.78,194.83541
2022-12-15T23:00:00.000000000,232.91,193.86951
2022-12-16T00:00:00.000000000,241.06,185.60235
2022-12-16T01:00:00.000000000,230.21,187.46382
2022-12-16T02:00:00.000000000,238.59,190.10408
2022-12-16T03:00:00.000000000,237.8,193.07706
2022-12-16T04:00:00.000000000,236.59,195.48545
2022-12-16T05:00:00.000000000,245.25,196.71848
2022-12-16T06:00:00.000000000,267.52,198.26493
2022-12-16T07:00:00.000000000,267.84,201.11662
2022-12-16T08:00:00.000000000,282.51,201.9013
2022-12-16T09:00:00.000000000,287.68,202.19448
2022-12-16T10:00:00.000000000,294.03,202.84714
2022-12-16T11:00:00.000000000,296.67,202.93242
2022-12-16T12:00:00.000000000,296.11,202.47195
2022-12-16T13:00:00.000000000,251.54,202.74547
2022-12-16T14:00:00.000000000,249.42,202.18568
2022-12-16T15:00:00.000000000,250.54,202.64772
2022-12-16T16:00:00.000000000,236.27,203.09248
2022-12-16T17:00:00.000000000,248.12,203.54625
2022-12-16T18:00:00.000000000,239.28,202.29249
2022-12-16T19:00:00.000000000,252.99,200.7247
2022-12-16T20:00:00.000000000,248.57,199.36632
2022-12-16T21:00:00.000000000,268.58,198.25462
2022-12-16T22:00:00.000000000,276.85,197.18542
2022-12-16T23:00:00.000000000,287.28,196.36005
2022-12-14T00:00:00.000000000,147.28,159.20304
2022-12-14T01:00:00.000000000,160.06,160.9868
2022-12-14T02:00:00.000000000,166.6,163.19818
2022-12-14T03:00:00.000000000,166.74,165.41259
2022-12-14T04:00:00.000000000,169.05,166.86238
2022-12-14T05:00:00.000000000,171.1,167.49527
2022-12-14T06:00:00.000000000,170.78,168.54395
2022-12-14T07:00:00.000000000,173.48,170.46729
2022-12-14T08:00:00.000000000,184.81,170.63734
2022-12-14T09:00:00.000000000,202.27,170.79682
2022-12-14T10:00:00.000000000,208.81,171.72401
2022-12-14T11:00:00.000000000,211.93,172.34571
2022-12-14T12:00:00.000000000,193.97,172.96392
2022-12-14T13:00:00.000000000,182.1,174.20942
2022-12-14T14:00:00.000000000,173.86,174.56023
2022-12-14T15:00:00.000000000,199.48,175.69588
2022-12-14T16:00:00.000000000,205.53,176.87409
2022-12-14T17:00:00.000000000,222.24,178.00373
2022-12-14T18:00:00.000000000,247.4,177.75332
2022-12-14T19:00:00.000000000,248.53,177.68636
2022-12-14T20:00:00.000000000,246.28,177.9697
2022-12-14T21:00:00.000000000,265.02,178.17403
2022-12-14T22:00:00.000000000,253.16,178.20258
2022-12-14T23:00:00.000000000,240.06,178.08049
2022-12-15T00:00:00.000000000,244.89,177.97867
2022-12-15T01:00:00.000000000,218.01,180.49794
2022-12-15T02:00:00.000000000,200.77,183.76436
2022-12-15T03:00:00.000000000,196.92,186.85619
2022-12-15T04:00:00.000000000,196.16,189.27874
2022-12-15T05:00:00.000000000,231.83,190.5272
2022-12-15T06:00:00.000000000,247.78,191.97843
2022-12-15T07:00:00.000000000,243.73,193.9905
2022-12-15T08:00:00.000000000,251.03,193.72627
2022-12-15T09:00:00.000000000,226.04,192.86368
2022-12-15T10:00:00.000000000,217.39,191.97201
2022-12-15T11:00:00.000000000,212.62,190.5609
2022-12-15T12:00:00.000000000,210.34,188.44905
2022-12-15T13:00:00.000000000,215.64,186.95957
2022-12-15T14:00:00.000000000,203.86,184.78103
2022-12-15T15:00:00.000000000,200.31,183.87856
2022-12-15T16:00:00.000000000,220.8,183.1148
2022-12-15T17:00:00.000000000,235.97,182.5679
2022-12-15T18:00:00.000000000,232.47,180.68259
2022-12-15T19:00:00.000000000,228.02,178.89667
2022-12-15T20:00:00.000000000,240.11,177.68452
2022-12-15T21:00:00.000000000,233.31,176.88907
2022-12-15T22:00:00.000000000,241.78,176.42432
2022-12-15T23:00:00.000000000,232.91,176.59562
2022-12-16T00:00:00.000000000,241.06,173.42271
2022-12-16T01:00:00.000000000,230.21,174.57119
2022-12-16T02:00:00.000000000,238.59,176.06897
2022-12-16T03:00:00.000000000,237.8,177.26666
2022-12-16T04:00:00.000000000,236.59,177.63781
2022-12-16T05:00:00.000000000,245.25,177.03292
2022-12-16T06:00:00.000000000,267.52,176.79848
2022-12-16T07:00:00.000000000,267.84,177.36873
2022-12-16T08:00:00.000000000,282.51,176.20064
2022-12-16T09:00:00.000000000,287.68,174.88329
2022-12-16T10:00:00.000000000,294.03,174.14625
2022-12-16T11:00:00.000000000,296.67,173.20761
2022-12-16T12:00:00.000000000,296.11,172.15959
2022-12-16T13:00:00.000000000,251.54,171.76872
2022-12-16T14:00:00.000000000,249.42,170.58043
2022-12-16T15:00:00.000000000,250.54,170.64431
2022-12-16T16:00:00.000000000,236.27,171.05136
2022-12-16T17:00:00.000000000,248.12,171.74968
2022-12-16T18:00:00.000000000,239.28,171.39903
2022-12-16T19:00:00.000000000,252.99,171.59916
2022-12-16T20:00:00.000000000,248.57,172.38881
2022-12-16T21:00:00.000000000,268.58,173.22255
2022-12-16T22:00:00.000000000,276.85,173.88939
2022-12-16T23:00:00.000000000,287.28,174.4507
2022-12-17T00:00:00.000000000,309.55,172.4261
2022-12-17T01:00:00.000000000,274.59,172.75316
2022-12-17T02:00:00.000000000,269.78,173.133
2022-12-17T03:00:00.000000000,259.58,173.21693
2022-12-17T04:00:00.000000000,259.35,172.4759
2022-12-17T05:00:00.000000000,264.97,170.91033
2022-12-17T06:00:00.000000000,277.02,169.78329
2022-12-17T07:00:00.000000000,286.15,169.62438
2022-12-17T08:00:00.000000000,296.31,167.97216
2022-12-17T09:00:00.000000000,288.49,166.1891
2022-12-17T10:00:00.000000000,303.57,164.81942
2022-12-17T11:00:00.000000000,298.24,163.38104
2022-12-17T12:00:00.000000000,294.34,161.69436
2022-12-17T13:00:00.000000000,269.59,160.58926
2022-12-17T14:00:00.000000000,258.66,158.71291
2022-12-17T15:00:00.000000000,258.93,158.12589
2022-12-17T16:00:00.000000000,230.15,157.87525
2022-12-17T17:00:00.000000000,220.49,157.95901
2022-12-17T18:00:00.000000000,239.41,157.23721
2022-12-17T19:00:00.000000000,234.39,157.39459
2022-12-17T20:00:00.000000000,216.52,158.22656
2022-12-17T21:00:00.000000000,217.67,159.34827
2022-12-17T22:00:00.000000000,208.28,160.32779
2022-12-17T23:00:00.000000000,221.8,161.20654
2022-12-15T00:00:00.000000000,244.89,242.82126
2022-12-15T01:00:00.000000000,218.01,243.34507
2022-12-15T02:00:00.000000000,200.77,244.13828
2022-12-15T03:00:00.000000000,196.92,243.64155
2022-12-15T04:00:00.000000000,196.16,241.73112
2022-12-15T05:00:00.000000000,231.83,237.57068
2022-12-15T06:00:00.000000000,247.78,233.80409
2022-12-15T07:00:00.000000000,243.73,231.27348
2022-12-15T08:00:00.000000000,251.03,227.22459
2022-12-15T09:00:00.000000000,226.04,222.73145
2022-12-15T10:00:00.000000000,217.39,218.51182
2022-12-15T11:00:00.000000000,212.62,214.39597
2022-12-15T12:00:00.000000000,210.34,209.55891
2022-12-15T13:00:00.000000000,215.64,205.57801
2022-12-15T14:00:00.000000000,203.86,200.9793
2022-12-15T15:00:00.000000000,200.31,198.52502
2022-12-15T16:00:00.000000000,220.8,196.98024
2022-12-15T17:00:00.000000000,235.97,196.49326
2022-12-15T18:00:00.000000000,232.47,195.07136
2022-12-15T19:00:00.000000000,228.02,193.94591
2022-12-15T20:00:00.000000000,240.11,193.52946
2022-12-15T21:00:00.000000000,233.31,193.69839
2022-12-15T22:00:00.000000000,241.78,194.12032
2022-12-15T23:00:00.000000000,232.91,195.27363
2022-12-16T00:00:00.000000000,241.06,190.87244
2022-12-16T01:00:00.000000000,230.21,191.77653
2022-12-16T02:00:00.000000000,238.59,193.39328
2022-12-16T03:00:00.000000000,237.8,194.92907
2022-12-16T04:00:00.000000000,236.59,195.86736
2022-12-16T05:00:00.000000000,245.25,195.71639
2022-12-16T06:00:00.000000000,267.52,196.10362
2022-12-16T07:00:00.000000000,267.84,197.41315
2022-12-16T08:00:00.000000000,282.51,196.74136
2022-12-16T09:00:00.000000000,287.68,195.6408
2022-12-16T10:00:00.000000000,294.03,194.74138
2022-12-16T11:00:00.000000000,296.67,193.40046
2022-12-16T12:00:00.000000000,296.11,191.37112
2022-12-16T13:00:00.000000000,251.54,190.06477
2022-12-16T14:00:00.000000000,249.42,187.95588
2022-12-16T15:00:00.000000000,250.54,187.22615
2022-12-16T16:00:00.000000000,236.27,186.7199
2022-12-16T17:00:00.000000000,248.12,186.428
2022-12-16T18:00:00.000000000,239.28,184.79115
2022-12-16T19:00:00.000000000,252.99,183.30121
2022-12-16T20:00:00.000000000,248.57,182.36333
2022-12-16T21:00:00.000000000,268.58,181.68658
2022-12-16T22:00:00.000000000,276.85,181.11318
2022-12-16T23:00:00.000000000,287.28,180.92148
2022-12-17T00:00:00.000000000,309.55,178.65331
2022-12-17T01:00:00.000000000,274.59,179.08996
2022-12-17T02:00:00.000000000,269.78,179.68805
2022-12-17T03:00:00.000000000,259.58,179.90101
2022-12-17T04:00:00.000000000,259.35,179.28383
2022-12-17T05:00:00.000000000,264.97,177.72683
2022-12-17T06:00:00.000000000,277.02,176.6032
2022-12-17T07:00:00.000000000,286.15,176.40231
2022-12-17T08:00:00.000000000,296.31,174.63195
2022-12-17T09:00:00.000000000,288.49,172.66314
2022-12-17T10:00:00.000000000,303.57,171.08443
2022-12-17T11:00:00.000000000,298.24,169.42107
2022-12-17T12:00:00.000000000,294.34,167.44173
2022-12-17T13:00:00.000000000,269.59,166.05318
2022-12-17T14:00:00.000000000,258.66,163.86298
2022-12-17T15:00:00.000000000,258.93,163.03985
2022-12-17T16:00:00.000000000,230.15,162.5973
2022-12-17T17:00:00.000000000,220.49,162.56049
2022-12-17T18:00:00.000000000,239.41,161.72316
2022-12-17T19:00:00.000000000,234.39,161.75158
2022-12-17T20:00:00.000000000,216.52,162.51073
2022-12-17T21:00:00.000000000,217.67,163.55516
2022-12-17T22:00:00.000000000,208.28,164.4646
2022-12-17T23:00:00.000000000,221.8,165.32479
2022-12-18T00:00:00.000000000,238.88,161.11688
2022-12-18T01:00:00.000000000,230.3,162.69629
2022-12-18T02:00:00.000000000,227.39,164.69971
2022-12-18T03:00:00.000000000,229.95,166.59535
2022-12-18T04:00:00.000000000,240.46,167.81291
2022-12-18T05:00:00.000000000,259.76,168.28035
2022-12-18T06:00:00.000000000,272.82,169.12829
2022-12-18T07:00:00.000000000,280.31,170.72085
2022-12-18T08:00:00.000000000,273.8,170.53261
2022-12-18T09:00:00.000000000,271.56,170.19976
2022-12-18T10:00:00.000000000,274.57,170.42551
2022-12-18T11:00:00.000000000,264.21,170.33084
2022-12-18T12:00:00.000000000,260.33,170.05014
2022-12-18T13:00:00.000000000,255.05,170.24483
2022-12-18T14:00:00.000000000,240.46,169.5133
2022-12-18T15:00:00.000000000,235.81,169.6595
2022-12-18T16:00:00.000000000,243.78,169.94847
2022-12-18T17:00:00.000000000,226.53,170.34738
2022-12-18T18:00:00.000000000,231.39,169.60428
2022-12-18T19:00:00.000000000,232.51,169.33405
2022-12-18T20:00:00.000000000,233.51,169.63911
2022-12-18T21:00:00.000000000,229.06,170.03131
2022-12-18T22:00:00.000000000,227.54,170.32433
2022-12-18T23:00:00.000000000,228.43,170.56564
2022-12-16T00:00:00.000000000,241.06,229.3287
2022-12-16T01:00:00.000000000,230.21,227.26308
2022-12-16T02:00:00.000000000,238.59,225.43333
2022-12-16T03:00:00.000000000,237.8,222.85641
2022-12-16T04:00:00.000000000,236.59,219.2542
2022-12-16T05:00:00.000000000,245.25,214.22245
2022-12-16T06:00:00.000000000,267.52,210.17052
2022-12-16T07:00:00.000000000,267.84,207.71509
2022-12-16T08:00:00.000000000,282.51,204.20893
2022-12-16T09:00:00.000000000,287.68,200.77186
2022-12-16T10:00:00.000000000,294.03,198.23059
2022-12-16T11:00:00.000000000,296.67,195.86143
2022-12-16T12:00:00.000000000,296.11,193.10506
2022-12-16T13:00:00.000000000,251.54,191.27561
2022-12-16T14:00:00.000000000,249.42,188.50485
2022-12-16T15:00:00.000000000,250.54,187.56155
2022-12-16T16:00:00.000000000,236.27,187.22635
2022-12-16T17:00:00.000000000,248.12,187.53797
2022-12-16T18:00:00.000000000,239.28,186.89775
2022-12-16T19:00:00.000000000,252.99,186.93173
2022-12-16T20:00:00.000000000,248.57,187.62659
2022-12-16T21:00:00.000000000,268.58,188.43274
2022-12-16T22:00:00.000000000,276.85,188.91511
2022-12-16T23:00:00.000000000,287.28,189.27006
2022-12-17T00:00:00.000000000,309.55,186.01108
2022-12-17T01:00:00.000000000,274.59,185.52702
2022-12-17T02:00:00.000000000,269.78,185.09904
2022-12-17T03:00:00.000000000,259.58,184.30543
2022-12-17T04:00:00.000000000,259.35,182.66459
2022-12-17T05:00:00.000000000,264.97,180.10743
2022-12-17T06:00:00.000000000,277.02,178.16115
2022-12-17T07:00:00.000000000,286.15,177.35638
2022-12-17T08:00:00.000000000,296.31,175.16554
2022-12-17T09:00:00.000000000,288.49,172.83852
2022-12-17T10:00:00.000000000,303.57,170.93403
2022-12-17T11:00:00.000000000,298.24,169.06479
2022-12-17T12:00:00.000000000,294.34,166.83295
2022-12-17T13:00:00.000000000,269.59,165.25954
2022-12-17T14:00:00.000000000,258.66,162.88238
2022-12-17T15:00:00.000000000,258.93,161.999
2022-12-17T16:00:00.000000000,230.15,161.5317
2022-12-17T17:00:00.000000000,220.49,161.48935
2022-12-17T18:00:00.000000000,239.41,160.70546
2022-12-17T19:00:00.000000000,234.39,160.87625
2022-12-17T20:00:00.000000000,216.52,161.75371
2022-12-17T21:00:00.000000000,217.67,162.93235
2022-12-17T22:00:00.000000000,208.28,163.88625
2022-12-17T23:00:00.000000000,221.8,164.71729
2022-12-18T00:00:00.000000000,238.88,159.98975
2022-12-18T01:00:00.000000000,230.3,161.14985
2022-12-18T02:00:00.000000000,227.39,162.64524
2022-12-18T03:00:00.000000000,229.95,164.04419
2022-12-18T04:00:00.000000000,240.46,164.76632
2022-12-18T05:00:00.000000000,259.76,164.82429
2022-12-18T06:00:00.000000000,272.82,165.3414
2022-12-18T07:00:00.000000000,280.31,166.669
2022-12-18T08:00:00.000000000,273.8,166.34101
2022-12-18T09:00:00.000000000,271.56,165.94499
2022-12-18T10:00:00.000000000,274.57,166.14496
2022-12-18T11:00:00.000000000,264.21,166.0682
2022-12-18T12:00:00.000000000,260.33,165.82854
2022-12-18T13:00:00.000000000,255.05,166.06752
2022-12-18T14:00:00.000000000,240.46,165.41012
2022-12-18T15:00:00.000000000,235.81,165.64065
2022-12-18T16:00:00.000000000,243.78,166.01965
2022-12-18T17:00:00.000000000,226.53,166.48942
2022-12-18T18:00:00.000000000,231.39,165.83312
2022-12-18T19:00:00.000000000,232.51,165.69038
2022-12-18T20:00:00.000000000,233.51,166.09183
2022-12-18T21:00:00.000000000,229.06,166.5621
2022-12-18T22:00:00.000000000,227.54,166.90867
2022-12-18T23:00:00.000000000,228.43,167.15452
2022-12-19T00:00:00.000000000,243.77,162.94222
2022-12-19T01:00:00.000000000,247.62,164.82806
2022-12-19T02:00:00.000000000,250.03,167.09811
2022-12-19T03:00:00.000000000,238.7,169.12998
2022-12-19T04:00:00.000000000,240.27,170.38002
2022-12-19T05:00:00.000000000,243.95,170.7333
2022-12-19T06:00:00.000000000,249.27,171.3498
2022-12-19T07:00:00.000000000,250.46,172.63415
2022-12-19T08:00:00.000000000,261.91,172.08382
2022-12-19T09:00:00.000000000,246.91,171.3428
2022-12-19T10:00:00.000000000,248.06,171.11111
2022-12-19T11:00:00.000000000,241.06,170.60045
2022-12-19T12:00:00.000000000,244.32,169.93403
2022-12-19T13:00:00.000000000,220.63,169.7816
2022-12-19T14:00:00.000000000,220.71,168.77678
2022-12-19T15:00:00.000000000,223.71,168.7695
2022-12-19T16:00:00.000000000,229.33,168.97463
2022-12-19T17:00:00.000000000,232.86,169.37921
2022-12-19T18:00:00.000000000,239.59,168.70248
2022-12-19T19:00:00.000000000,245.59,168.53667
2022-12-19T20:00:00.000000000,243.74,168.98241
2022-12-19T21:00:00.000000000,243.63,169.55518
2022-12-19T22:00:00.000000000,245.8,170.07163
2022-12-19T23:00:00.000000000,244.08,170.58361
2022-12-17T00:00:00.000000000,309.55,278.05209
2022-12-17T01:00:00.000000000,274.59,274.97155
2022-12-17T02:00:00.000000000,269.78,271.77718
2022-12-17T03:00:00.000000000,259.58,267.1412
2022-12-17T04:00:00.000000000,259.35,261.14029
2022-12-17T05:00:00.000000000,264.97,252.9652
2022-12-17T06:00:00.000000000,277.02,246.18312
2022-12-17T07:00:00.000000000,286.15,241.40069
2022-12-17T08:00:00.000000000,296.31,235.86681
2022-12-17T09:00:00.000000000,288.49,230.28374
2022-12-17T10:00:00.000000000,303.57,225.09775
2022-12-17T11:00:00.000000000,298.24,220.06172
2022-12-17T12:00:00.000000000,294.34,213.90335
2022-12-17T13:00:00.000000000,269.59,208.7696
2022-12-17T14:00:00.000000000,258.66,202.76176
2022-12-17T15:00:00.000000000,258.93,199.34503
2022-12-17T16:00:00.000000000,230.15,197.34708
2022-12-17T17:00:00.000000000,220.49,196.82972
2022-12-17T18:00:00.000000000,239.41,195.75237
2022-12-17T19:00:00.000000000,234.39,195.50936
2022-12-17T20:00:00.000000000,216.52,196.07567
2022-12-17T21:00:00.000000000,217.67,197.11728
2022-12-17T22:00:00.000000000,208.28,197.95409
2022-12-17T23:00:00.000000000,221.8,199.11643
2022-12-18T00:00:00.000000000,238.88,191.55559
2022-12-18T01:00:00.000000000,230.3,192.6658
2022-12-18T02:00:00.000000000,227.39,194.51103
2022-12-18T03:00:00.000000000,229.95,196.25328
2022-12-18T04:00:00.000000000,240.46,197.41997
2022-12-18T05:00:00.000000000,259.76,197.47215
2022-12-18T06:00:00.000000000,272.82,197.98388
2022-12-18T07:00:00.000000000,280.31,199.4768
2022-12-18T08:00:00.000000000,273.8,199.02316
2022-12-18T09:00:00.000000000,271.56,198.08342
2022-12-18T10:00:00.000000000,274.57,197.38815
2022-12-18T11:00:00.000000000,264.21,196.26131
2022-12-18T12:00:00.000000000,260.33,194.41793
2022-12-18T13:00:00.000000000,255.05,193.16689
2022-12-18T14:00:00.000000000,240.46,190.9909
2022-12-18T15:00:00.000000000,235.81,190.06536
2022-12-18T16:00:00.000000000,243.78,189.33714
2022-12-18T17:00:00.000000000,226.53,188.86525
2022-12-18T18:00:00.000000000,231.39,187.08421
2022-12-18T19:00:00.000000000,232.51,185.50432
2022-12-18T20:00:00.000000000,233.51,184.52578
2022-12-18T21:00:00.000000000,229.06,183.87053
2022-12-18T22:00:00.000000000,227.54,183.31214
2022-12-18T23:00:00.000000000,228.43,183.09722
2022-12-19T00:00:00.000000000,243.77,176.76765
2022-12-19T01:00:00.000000000,247.62,178.98485
2022-12-19T02:00:00.000000000,250.03,181.75728
2022-12-19T03:00:00.000000000,238.7,184.19305
2022-12-19T04:00:00.000000000,240.27,185.81165
2022-12-19T05:00:00.000000000,243.95,186.23327
2022-12-19T06:00:00.000000000,249.27,186.80652
2022-12-19T07:00:00.000000000,250.46,188.06434
2022-12-19T08:00:00.000000000,261.91,187.31593
2022-12-19T09:00:00.000000000,246.91,186.16402
2022-12-19T10:00:00.000000000,248.06,185.39534
2022-12-19T11:00:00.000000000,241.06,184.31896
2022-12-19T12:00:00.000000000,244.32,182.93026
2022-12-19T13:00:00.000000000,220.63,182.11159
2022-12-19T14:00:00.000000000,220.71,180.47204
2022-12-19T15:00:00.000000000,223.71,180.04564
2022-12-19T16:00:00.000000000,229.33,179.90146
2022-12-19T17:00:00.000000000,232.86,180.09871
2022-12-19T18:00:00.000000000,239.59,179.15451
2022-12-19T19:00:00.000000000,245.59,178.58305
2022-12-19T20:00:00.000000000,243.74,178.63501
2022-12-19T21:00:00.000000000,243.63,178.90105
2022-12-19T22:00:00.000000000,245.8,179.20516
2022-12-19T23:00:00.000000000,244.08,179.68595
2022-12-20T00:00:00.000000000,229.81,177.138
2022-12-20T01:00:00.000000000,217.31,179.20543
2022-12-20T02:00:00.000000000,213.2,181.77565
2022-12-20T03:00:00.000000000,229.76,184.02507
2022-12-20T04:00:00.000000000,239.5,185.41942
2022-12-20T05:00:00.000000000,248.07,185.61187
2022-12-20T06:00:00.000000000,272.36,185.97613
2022-12-20T07:00:00.000000000,301.63,187.09058
2022-12-20T08:00:00.000000000,297.83,186.24237
2022-12-20T09:00:00.000000000,296.39,185.06458
2022-12-20T10:00:00.000000000,289.15,184.38147
2022-12-20T11:00:00.000000000,277.61,183.40612
2022-12-20T12:00:00.000000000,261.01,182.28306
2022-12-20T13:00:00.000000000,232.22,181.83034
2022-12-20T14:00:00.000000000,208.3,180.61408
2022-12-20T15:00:00.000000000,231.53,180.66139
2022-12-20T16:00:00.000000000,225.95,181.04451
2022-12-20T17:00:00.000000000,241.76,181.77495
2022-12-20T18:00:00.000000000,269.13,181.3373
2022-12-20T19:00:00.000000000,276.62,181.24443
2022-12-20T20:00:00.000000000,272.3,181.69456
2022-12-20T21:00:00.000000000,270.38,182.24294
2022-12-20T22:00:00.000000000,269.59,182.72225
2022-12-20T23:00:00.000000000,267.78,183.23608
2022-12-18T00:00:00.000000000,238.88,208.84579
2022-12-18T01:00:00.000000000,230.3,207.62958
2022-12-18T02:00:00.000000000,227.39,207.02952
2022-12-18T03:00:00.000000000,229.95,206.23571
2022-12-18T04:00:00.000000000,240.46,204.9974
2022-12-18T05:00:00.000000000,259.76,202.86011
2022-12-18T06:00:00.000000000,272.82,201.64196
2022-12-18T07:00:00.000000000,280.31,201.90389
2022-12-18T08:00:00.000000000,273.8,200.85073
2022-12-18T09:00:00.000000000,271.56,199.57576
2022-12-18T10:00:00.000000000,274.57,198.93354
2022-12-18T11:00:00.000000000,264.21,198.02957
2022-12-18T12:00:00.000000000,260.33,196.33663
2022-12-18T13:00:00.000000000,255.05,195.11418
2022-12-18T14:00:00.000000000,240.46,192.59872
2022-12-18T15:00:00.000000000,235.81,191.26862
2022-12-18T16:00:00.000000000,243.78,190.16448
2022-12-18T17:00:00.000000000,226.53,189.38568
2022-12-18T18:00:00.000000000,231.39,187.44989
2022-12-18T19:00:00.000000000,232.51,186.10729
2022-12-18T20:00:00.000000000,233.51,185.50114
2022-12-18T21:00:00.000000000,229.06,185.18399
2022-12-18T22:00:00.000000000,227.54,184.70281
2022-12-18T23:00:00.000000000,228.43,184.2
2022-12-19T00:00:00.000000000,243.77,179.34497
2022-12-19T01:00:00.000000000,247.62,179.78191
2022-12-19T02:00:00.000000000,250.03,180.55901
2022-12-19T03:00:00.000000000,238.7,181.03931
2022-12-19T04:00:00.000000000,240.27,180.7604
2022-12-19T05:00:00.000000000,243.95,179.57126
2022-12-19T06:00:00.000000000,249.27,178.9029
2022-12-19T07:00:00.000000000,250.46,179.17034
2022-12-19T08:00:00.000000000,261.91,177.83077
2022-12-19T09:00:00.000000000,246.91,176.34707
2022-12-19T10:00:00.000000000,248.06,175.42889
2022-12-19T11:00:00.000000000,241.06,174.35669
2022-12-19T12:00:00.000000000,244.32,173.02699
2022-12-19T13:00:00.000000000,220.63,172.3091
2022-12-19T14:00:00.000000000,220.71,170.7136
2022-12-19T15:00:00.000000000,223.71,170.39713
2022-12-19T16:00:00.000000000,229.33,170.41133
2022-12-19T17:00:00.000000000,232.86,170.72857
2022-12-19T18:00:00.000000000,239.59,170.05193
2022-12-19T19:00:00.000000000,245.59,170.02987
2022-12-19T20:00:00.000000000,243.74,170.65917
2022-12-19T21:00:00.000000000,243.63,171.39385
2022-12-19T22:00:00.000000000,245.8,171.9441
2022-12-19T23:00:00.000000000,244.08,172.38477
2022-12-20T00:00:00.000000000,229.81,172.36285
2022-12-20T01:00:00.000000000,217.31,174.97867
2022-12-20T02:00:00.000000000,213.2,178.19087
2022-12-20T03:00:00.000000000,229.76,181.08958
2022-12-20T04:00:00.000000000,239.5,183.21093
2022-12-20T05:00:00.000000000,248.07,184.16908
2022-12-20T06:00:00.000000000,272.36,185.21239
2022-12-20T07:00:00.000000000,301.63,186.83531
2022-12-20T08:00:00.000000000,297.83,186.35971
2022-12-20T09:00:00.000000000,296.39,185.41273
2022-12-20T10:00:00.000000000,289.15,184.74917
2022-12-20T11:00:00.000000000,277.61,183.72549
2022-12-20T12:00:00.000000000,261.01,182.31599
2022-12-20T13:00:00.000000000,232.22,181.39543
2022-12-20T14:00:00.000000000,208.3,179.6266
2022-12-20T15:00:00.000000000,231.53,178.98046
2022-12-20T16:00:00.000000000,225.95,178.56601
2022-12-20T17:00:00.000000000,241.76,178.47232
2022-12-20T18:00:00.000000000,269.13,177.25342
2022-12-20T19:00:00.000000000,276.62,176.42029
2022-12-20T20:00:00.000000000,272.3,176.25815
2022-12-20T21:00:00.000000000,270.38,176.38617
2022-12-20T22:00:00.000000000,269.59,176.6269
2022-12-20T23:00:00.000000000,267.78,177.13482
2022-12-21T00:00:00.000000000,229.62,179.06922
2022-12-21T01:00:00.000000000,191.9,180.56273
2022-12-21T02:00:00.000000000,204.28,182.11668
2022-12-21T03:00:00.000000000,217.86,183.06255
2022-12-21T04:00:00.000000000,221.06,183.31376
2022-12-21T05:00:00.000000000,237.81,182.56399
2022-12-21T06:00:00.000000000,260.85,182.01688
2022-12-21T07:00:00.000000000,289.24,182.22835
2022-12-21T08:00:00.000000000,305.86,180.74879
2022-12-21T09:00:00.000000000,243.17,178.75843
2022-12-21T10:00:00.000000000,206.01,176.53861
2022-12-21T11:00:00.000000000,194.62,173.90772
2022-12-21T12:00:00.000000000,182.45,170.5162
2022-12-21T13:00:00.000000000,170.02,167.51663
2022-12-21T14:00:00.000000000,139.14,163.80592
2022-12-21T15:00:00.000000000,146.76,161.4768
2022-12-21T16:00:00.000000000,149.75,159.59458
2022-12-21T17:00:00.000000000,153.88,158.34768
2022-12-21T18:00:00.000000000,159.09,156.38035
2022-12-21T19:00:00.000000000,159.34,155.43385
2022-12-21T20:00:00.000000000,160.21,155.30715
2022-12-21T21:00:00.000000000,153.91,155.93458
2022-12-21T22:00:00.000000000,156.16,156.79243
2022-12-21T23:00:00.000000000,184.46,158.07451
2022-12-19T00:00:00.000000000,243.77,219.25055
2022-12-19T01:00:00.000000000,247.62,217.5368
2022-12-19T02:00:00.000000000,250.03,216.48069
2022-12-19T03:00:00.000000000,238.7,215.18112
2022-12-19T04:00:00.000000000,240.27,213.55836
2022-12-19T05:00:00.000000000,243.95,211.06837
2022-12-19T06:00:00.000000000,249.27,209.66054
2022-12-19T07:00:00.000000000,250.46,209.83025
2022-12-19T08:00:00.000000000,261.91,208.74859
2022-12-19T09:00:00.000000000,246.91,207.3058
2022-12-19T10:00:00.000000000,248.06,206.37401
2022-12-19T11:00:00.000000000,241.06,205.15394
2022-12-19T12:00:00.000000000,244.32,202.86287
2022-12-19T13:00:00.000000000,220.63,200.94659
2022-12-19T14:00:00.000000000,220.71,197.65653
2022-12-19T15:00:00.000000000,223.71,195.58496
2022-12-19T16:00:00.000000000,229.33,193.7483
2022-12-19T17:00:00.000000000,232.86,192.28387
2022-12-19T18:00:00.000000000,239.59,189.70773
2022-12-19T19:00:00.000000000,245.59,187.80108
2022-12-19T20:00:00.000000000,243.74,186.74007
2022-12-19T21:00:00.000000000,243.63,186.14438
2022-12-19T22:00:00.000000000,245.8,185.44842
2022-12-19T23:00:00.000000000,244.08,184.82832
2022-12-20T00:00:00.000000000,229.81,183.53931
2022-12-20T01:00:00.000000000,217.31,186.63396
2022-12-20T02:00:00.000000000,213.2,190.85426
2022-12-20T03:00:00.000000000,229.76,195.69928
2022-12-20T04:00:00.000000000,239.5,200.29593
2022-12-20T05:00:00.000000000,248.07,203.76635
2022-12-20T06:00:00.000000000,272.36,207.44568
2022-12-20T07:00:00.000000000,301.63,212.32117
2022-12-20T08:00:00.000000000,297.83,214.64357
2022-12-20T09:00:00.000000000,296.39,215.89773
2022-12-20T10:00:00.000000000,289.15,216.76316
2022-12-20T11:00:00.000000000,277.61,216.74544
2022-12-20T12:00:00.000000000,261.01,215.35298
2022-12-20T13:00:00.000000000,232.22,214.39258
2022-12-20T14:00:00.000000000,208.3,212.49958
2022-12-20T15:00:00.000000000,231.53,211.37557
2022-12-20T16:00:00.000000000,225.95,209.97904
2022-12-20T17:00:00.000000000,241.76,208.53438
2022-12-20T18:00:00.000000000,269.13,205.37497
2022-12-20T19:00:00.000000000,276.62,201.74424
2022-12-20T20:00:00.000000000,272.3,198.55226
2022-12-20T21:00:00.000000000,270.38,196.14061
2022-12-20T22:00:00.000000000,269.59,194.16507
2022-12-20T23:00:00.000000000,267.78,193.02975
2022-12-21T00:00:00.000000000,229.62,187.09691
2022-12-21T01:00:00.000000000,191.9,187.46393
2022-12-21T02:00:00.000000000,204.28,187.4435
2022-12-21T03:00:00.000000000,217.86,186.86793
2022-12-21T04:00:00.000000000,221.06,185.44063
2022-12-21T05:00:00.000000000,237.81,182.99186
2022-12-21T06:00:00.000000000,260.85,180.86816
2022-12-21T07:00:00.000000000,289.24,179.93274
2022-12-21T08:00:00.000000000,305.86,177.73529
2022-12-21T09:00:00.000000000,243.17,175.12374
2022-12-21T10:00:00.000000000,206.01,172.21167
2022-12-21T11:00:00.000000000,194.62,168.95519
2022-12-21T12:00:00.000000000,182.45,164.8937
2022-12-21T13:00:00.000000000,170.02,161.3471
2022-12-21T14:00:00.000000000,139.14,157.34585
2022-12-21T15:00:00.000000000,146.76,155.08202
2022-12-21T16:00:00.000000000,149.75,153.53769
2022-12-21T17:00:00.000000000,153.88,152.67062
2022-12-21T18:00:00.000000000,159.09,151.04388
2022-12-21T19:00:00.000000000,159.34,150.28589
2022-12-21T20:00:00.000000000,160.21,149.98404
2022-12-21T21:00:00.000000000,153.91,150.58263
2022-12-21T22:00:00.000000000,156.16,151.42495
2022-12-21T23:00:00.000000000,184.46,152.87994
2022-12-22T00:00:00.000000000,185.4,141.92514
2022-12-22T01:00:00.000000000,170.11,142.7171
2022-12-22T02:00:00.000000000,183.01,143.99532
2022-12-22T03:00:00.000000000,186.89,145.70483
2022-12-22T04:00:00.000000000,183.24,147.06041
2022-12-22T05:00:00.000000000,178.07,148.31702
2022-12-22T06:00:00.000000000,193.5,150.34421
2022-12-22T07:00:00.000000000,204.78,153.3105
2022-12-22T08:00:00.000000000,207.82,154.75499
2022-12-22T09:00:00.000000000,209.56,156.30957
2022-12-22T10:00:00.000000000,223.86,158.63706
2022-12-22T11:00:00.000000000,241.51,160.51573
2022-12-22T12:00:00.000000000,249.71,162.25173
2022-12-22T13:00:00.000000000,220.02,164.30464
2022-12-22T14:00:00.000000000,213.29,165.32123
2022-12-22T15:00:00.000000000,210.22,166.57773
2022-12-22T16:00:00.000000000,199.95,167.65523
2022-12-22T17:00:00.000000000,186.85,168.43961
2022-12-22T18:00:00.000000000,199.27,167.78082
2022-12-22T19:00:00.000000000,201.38,167.25543
2022-12-22T20:00:00.000000000,212.96,166.94611
2022-12-22T21:00:00.000000000,224.75,166.52295
2022-12-22T22:00:00.000000000,218.24,165.88546
2022-12-22T23:00:00.000000000,213.8,165.1114
2022-12-20T00:00:00.000000000,229.81,244.57081
2022-12-20T01:00:00.000000000,217.31,243.51017
2022-12-20T02:00:00.000000000,213.2,243.21811
2022-12-20T03:00:00.000000000,229.76,242.75311
2022-12-20T04:00:00.000000000,239.5,242.46851
2022-12-20T05:00:00.000000000,248.07,241.1986
2022-12-20T06:00:00.000000000,272.36,241.43658
2022-12-20T07:00:00.000000000,301.63,243.37285
2022-12-20T08:00:00.000000000,297.83,243.56291
2022-12-20T09:00:00.000000000,296.39,242.86686
2022-12-20T10:00:00.000000000,289.15,241.08319
2022-12-20T11:00:00.000000000,277.61,237.95901
2022-12-20T12:00:00.000000000,261.01,232.31969
2022-12-20T13:00:00.000000000,232.22,227.0314
2022-12-20T14:00:00.000000000,208.3,220.66957
2022-12-20T15:00:00.000000000,231.53,215.88902
2022-12-20T16:00:00.000000000,225.95,211.87071
2022-12-20T17:00:00.000000000,241.76,208.67992
2022-12-20T18:00:00.000000000,269.13,204.10018
2022-12-20T19:00:00.000000000,276.62,199.68531
2022-12-20T20:00:00.000000000,272.3,196.09895
2022-12-20T21:00:00.000000000,270.38,193.54005
2022-12-20T22:00:00.000000000,269.59,191.57127
2022-12-20T23:00:00.000000000,267.78,190.89632
2022-12-21T00:00:00.000000000,229.62,185.52434
2022-12-21T01:00:00.000000000,191.9,184.01696
2022-12-21T02:00:00.000000000,204.28,182.00759
2022-12-21T03:00:00.000000000,217.86,179.8006
2022-12-21T04:00:00.000000000,221.06,176.54652
2022-12-21T05:00:00.000000000,237.81,172.49827
2022-12-21T06:00:00.000000000,260.85,169.06191
2022-12-21T07:00:00.000000000,289.24,167.25861
2022-12-21T08:00:00.000000000,305.86,164.52971
2022-12-21T09:00:00.000000000,243.17,161.78494
2022-12-21T10:00:00.000000000,206.01,159.3924
2022-12-21T11:00:00.000000000,194.62,157.2727
2022-12-21T12:00:00.000000000,182.45,154.7388
2022-12-21T13:00:00.000000000,170.02,152.80074
2022-12-21T14:00:00.000000000,139.14,150.12608
2022-12-21T15:00:00.000000000,146.76,148.98593
2022-12-21T16:00:00.000000000,149.75,148.33764
2022-12-21T17:00:00.000000000,153.88,148.07926
2022-12-21T18:00:00.000000000,159.09,147.24706
2022-12-21T19:00:00.000000000,159.34,147.47924
2022-12-21T20:00:00.000000000,160.21,148.27567
2022-12-21T21:00:00.000000000,153.91,149.74754
2022-12-21T22:00:00.000000000,156.16,151.05726
2022-12-21T23:00:00.000000000,184.46,152.42629
2022-12-22T00:00:00.000000000,185.4,147.18556
2022-12-22T01:00:00.000000000,170.11,148.09993
2022-12-22T02:00:00.000000000,183.01,149.6383
2022-12-22T03:00:00.000000000,186.89,152.38401
2022-12-22T04:00:00.000000000,183.24,154.91387
2022-12-22T05:00:00.000000000,178.07,157.27258
2022-12-22T06:00:00.000000000,193.5,160.59444
2022-12-22T07:00:00.000000000,204.78,165.46636
2022-12-22T08:00:00.000000000,207.82,168.59795
2022-12-22T09:00:00.000000000,209.56,171.76654
2022-12-22T10:00:00.000000000,223.86,175.87116
2022-12-22T11:00:00.000000000,241.51,179.40764
2022-12-22T12:00:00.000000000,249.71,182.88191
2022-12-22T13:00:00.000000000,220.02,187.02507
2022-12-22T14:00:00.000000000,213.29,189.96533
2022-12-22T15:00:00.000000000,210.22,192.77166
2022-12-22T16:00:00.000000000,199.95,195.04071
2022-12-22T17:00:00.000000000,186.85,196.59316
2022-12-22T18:00:00.000000000,199.27,196.3264
2022-12-22T19:00:00.000000000,201.38,195.66941
2022-12-22T20:00:00.000000000,212.96,194.88314
2022-12-22T21:00:00.000000000,224.75,193.88054
2022-12-22T22:00:00.000000000,218.24,192.25718
2022-12-22T23:00:00.000000000,213.8,190.16703
2022-12-23T00:00:00.000000000,212.89,194.18651
2022-12-23T01:00:00.000000000,199.94,197.91665
2022-12-23T02:00:00.000000000,196.45,202.44677
2022-12-23T03:00:00.000000000,204.77,206.68376
2022-12-23T04:00:00.000000000,196.73,210.08769
2022-12-23T05:00:00.000000000,199.11,211.76198
2022-12-23T06:00:00.000000000,218.94,213.20975
2022-12-23T07:00:00.000000000,226.82,215.57875
2022-12-23T08:00:00.000000000,222.79,215.61527
2022-12-23T09:00:00.000000000,221.93,214.7109
2022-12-23T10:00:00.000000000,222.04,213.73264
2022-12-23T11:00:00.000000000,201.12,212.30084
2022-12-23T12:00:00.000000000,201.33,210.00737
2022-12-23T13:00:00.000000000,200.79,208.11889
2022-12-23T14:00:00.000000000,198.21,205.41358
2022-12-23T15:00:00.000000000,181.92,203.87912
2022-12-23T16:00:00.000000000,209.19,202.53794
2022-12-23T17:00:00.000000000,222.62,201.69243
2022-12-23T18:00:00.000000000,224.69,199.4803
2022-12-23T19:00:00.000000000,209.61,197.15985
2022-12-23T20:00:00.000000000,208.88,195.39603
2022-12-23T21:00:00.000000000,208.83,194.34385
2022-12-23T22:00:00.000000000,215.18,193.74505
2022-12-23T23:00:00.000000000,200.74,193.91354
2022-12-21T00:00:00.000000000,229.62,229.78981
2022-12-21T01:00:00.000000000,191.9,224.44919
2022-12-21T02:00:00.000000000,204.28,218.65141
2022-12-21T03:00:00.000000000,217.86,213.16337
2022-12-21T04:00:00.000000000,221.06,206.28857
2022-12-21T05:00:00.000000000,237.81,198.35554
2022-12-21T06:00:00.000000000,260.85,191.87358
2022-12-21T07:00:00.000000000,289.24,187.89222
2022-12-21T08:00:00.000000000,305.86,183.19295
2022-12-21T09:00:00.000000000,243.17,178.82617
2022-12-21T10:00:00.000000000,206.01,175.31722
2022-12-21T11:00:00.000000000,194.62,173.00902
2022-12-21T12:00:00.000000000,182.45,170.27558
2022-12-21T13:00:00.000000000,170.02,168.59974
2022-12-21T14:00:00.000000000,139.14,165.7165
2022-12-21T15:00:00.000000000,146.76,164.93141
2022-12-21T16:00:00.000000000,149.75,164.85131
2022-12-21T17:00:00.000000000,153.88,165.22865
2022-12-21T18:00:00.000000000,159.09,165.25397
2022-12-21T19:00:00.000000000,159.34,166.50876
2022-12-21T20:00:00.000000000,160.21,168.21109
2022-12-21T21:00:00.000000000,153.91,170.3161
2022-12-21T22:00:00.000000000,156.16,171.68109
2022-12-21T23:00:00.000000000,184.46,172.75781
2022-12-22T00:00:00.000000000,185.4,162.1735
2022-12-22T01:00:00.000000000,170.11,163.62376
2022-12-22T02:00:00.000000000,183.01,165.66692
2022-12-22T03:00:00.000000000,186.89,167.98455
2022-12-22T04:00:00.000000000,183.24,169.81502
2022-12-22T05:00:00.000000000,178.07,171.0046
2022-12-22T06:00:00.000000000,193.5,172.69197
2022-12-22T07:00:00.000000000,204.78,175.36934
2022-12-22T08:00:00.000000000,207.82,176.19198
2022-12-22T09:00:00.000000000,209.56,176.84552
2022-12-22T10:00:00.000000000,223.86,178.12146
2022-12-22T11:00:00.000000000,241.51,178.92502
2022-12-22T12:00:00.000000000,249.71,179.51918
2022-12-22T13:00:00.000000000,220.02,180.64755
2022-12-22T14:00:00.000000000,213.29,180.69307
2022-12-22T15:00:00.000000000,210.22,181.40788
2022-12-22T16:00:00.000000000,199.95,182.12731
2022-12-22T17:00:00.000000000,186.85,182.79141
2022-12-22T18:00:00.000000000,199.27,182.12583
2022-12-22T19:00:00.000000000,201.38,181.71728
2022-12-22T20:00:00.000000000,212.96,181.74978
2022-12-22T21:00:00.000000000,224.75,181.77899
2022-12-22T22:00:00.000000000,218.24,181.54316
2022-12-22T23:00:00.000000000,213.8,181.1202
2022-12-23T00:00:00.000000000,212.89,183.369
2022-12-23T01:00:00.000000000,199.94,187.63038
2022-12-23T02:00:00.000000000,196.45,192.55143
2022-12-23T03:00:00.000000000,204.77,196.82197
2022-12-23T04:00:00.000000000,196.73,200.01311
2022-12-23T05:00:00.000000000,199.11,201.41979
2022-12-23T06:00:00.000000000,218.94,202.44019
2022-12-23T07:00:00.000000000,226.82,203.89225
2022-12-23T08:00:00.000000000,222.79,202.92821
2022-12-23T09:00:00.000000000,221.93,201.1607
2022-12-23T10:00:00.000000000,222.04,199.42617
2022-12-23T11:00:00.000000000,201.12,197.37526
2022-12-23T12:00:00.000000000,201.33,194.90685
2022-12-23T13:00:00.000000000,200.79,192.98931
2022-12-23T14:00:00.000000000,198.21,190.51848
2022-12-23T15:00:00.000000000,181.92,189.49344
2022-12-23T16:00:00.000000000,209.19,188.87446
2022-12-23T17:00:00.000000000,222.62,188.87227
2022-12-23T18:00:00.000000000,224.69,187.67262
2022-12-23T19:00:00.000000000,209.61,186.5609
2022-12-23T20:00:00.000000000,208.88,186.03817
2022-12-23T21:00:00.000000000,208.83,185.99055
2022-12-23T22:00:00.000000000,215.18,186.34726
2022-12-23T23:00:00.000000000,200.74,187.36148
2022-12-24T00:00:00.000000000,199.66,190.16632
2022-12-24T01:00:00.000000000,204.19,192.13213
2022-12-24T02:00:00.000000000,203.28,194.87539
2022-12-24T03:00:00.000000000,210.36,197.32019
2022-12-24T04:00:00.000000000,216.23,199.20868
2022-12-24T05:00:00.000000000,219.05,199.90134
2022-12-24T06:00:00.000000000,243.96,200.83022
2022-12-24T07:00:00.000000000,254.3,202.45915
2022-12-24T08:00:00.000000000,293.12,201.95456
2022-12-24T09:00:00.000000000,298.34,200.70864
2022-12-24T10:00:00.000000000,310.42,199.40231
2022-12-24T11:00:00.000000000,301.59,197.59232
2022-12-24T12:00:00.000000000,296.52,194.87436
2022-12-24T13:00:00.000000000,268.68,192.56536
2022-12-24T14:00:00.000000000,248.61,189.31793
2022-12-24T15:00:00.000000000,247.38,187.35249
2022-12-24T16:00:00.000000000,208.36,185.68944
2022-12-24T17:00:00.000000000,199.42,184.49264
2022-12-24T18:00:00.000000000,212.19,182.20048
2022-12-24T19:00:00.000000000,200.49,180.32793
2022-12-24T20:00:00.000000000,193.25,179.26458
2022-12-24T21:00:00.000000000,200.2,178.74342
2022-12-24T22:00:00.000000000,196.42,178.4727
2022-12-24T23:00:00.000000000,212.93,178.74942
2022-12-22T00:00:00.000000000,185.4,165.53685
2022-12-22T01:00:00.000000000,170.11,163.62994
2022-12-22T02:00:00.000000000,183.01,162.37475
2022-12-22T03:00:00.000000000,186.89,163.19014
2022-12-22T04:00:00.000000000,183.24,164.43034
2022-12-22T05:00:00.000000000,178.07,165.98601
2022-12-22T06:00:00.000000000,193.5,169.22899
2022-12-22T07:00:00.000000000,204.78,174.97473
2022-12-22T08:00:00.000000000,207.82,179.25401
2022-12-22T09:00:00.000000000,209.56,183.64235
2022-12-22T10:00:00.000000000,223.86,189.13474
2022-12-22T11:00:00.000000000,241.51,193.94959
2022-12-22T12:00:00.000000000,249.71,198.50629
2022-12-22T13:00:00.000000000,220.02,203.82927
2022-12-22T14:00:00.000000000,213.29,207.60928
2022-12-22T15:00:00.000000000,210.22,210.94451
2022-12-22T16:00:00.000000000,199.95,213.49385
2022-12-22T17:00:00.000000000,186.85,214.96796
2022-12-22T18:00:00.000000000,199.27,214.23812
2022-12-22T19:00:00.000000000,201.38,212.8675
2022-12-22T20:00:00.000000000,212.96,211.07377
2022-12-22T21:00:00.000000000,224.75,208.98074
2022-12-22T22:00:00.000000000,218.24,205.96721
2022-12-22T23:00:00.000000000,213.8,202.15235
2022-12-23T00:00:00.000000000,212.89,201.50906
2022-12-23T01:00:00.000000000,199.94,204.46573
2022-12-23T02:00:00.000000000,196.45,208.05098
2022-12-23T03:00:00.000000000,204.77,211.60039
2022-12-23T04:00:00.000000000,196.73,214.29402
2022-12-23T05:00:00.000000000,199.11,215.22909
2022-12-23T06:00:00.000000000,218.94,216.06327
2022-12-23T07:00:00.000000000,226.82,218.48536
2022-12-23T08:00:00.000000000,222.79,218.90471
2022-12-23T09:00:00.000000000,221.93,218.64897
2022-12-23T10:00:00.000000000,222.04,218.68361
2022-12-23T11:00:00.000000000,201.12,218.27776
2022-12-23T12:00:00.000000000,201.33,217.21326
2022-12-23T13:00:00.000000000,200.79,216.74395
2022-12-23T14:00:00.000000000,198.21,215.44955
2022-12-23T15:00:00.000000000,181.92,215.15549
2022-12-23T16:00:00.000000000,209.19,214.8747
2022-12-23T17:00:00.000000000,222.62,214.91971
2022-12-23T18:00:00.000000000,224.69,213.27178
2022-12-23T19:00:00.000000000,209.61,211.23906
2022-12-23T20:00:00.000000000,208.88,209.40772
2022-12-23T21:00:00.000000000,208.83,208.19427
2022-12-23T22:00:00.000000000,215.18,207.2683
2022-12-23T23:00:00.000000000,200.74,206.81997
2022-12-24T00:00:00.000000000,199.66,211.54968
2022-12-24T01:00:00.000000000,204.19,212.55018
2022-12-24T02:00:00.000000000,203.28,214.49637
2022-12-24T03:00:00.000000000,210.36,216.76131
2022-12-24T04:00:00.000000000,216.23,218.69597
2022-12-24T05:00:00.000000000,219.05,219.34865
2022-12-24T06:00:00.000000000,243.96,220.57525
2022-12-24T07:00:00.000000000,254.3,223.33972
2022-12-24T08:00:00.000000000,293.12,224.05001
2022-12-24T09:00:00.000000000,298.34,224.01709
2022-12-24T10:00:00.000000000,310.42,223.88555
2022-12-24T11:00:00.000000000,301.59,223.05364
2022-12-24T12:00:00.000000000,296.52,220.88606
2022-12-24T13:00:00.000000000,268.68,219.30324
2022-12-24T14:00:00.000000000,248.61,216.68669
2022-12-24T15:00:00.000000000,247.38,215.1001
2022-12-24T16:00:00.000000000,208.36,213.49474
2022-12-24T17:00:00.000000000,199.42,211.97861
2022-12-24T18:00:00.000000000,212.19,208.73703
2022-12-24T19:00:00.000000000,200.49,205.09706
2022-12-24T20:00:00.000000000,193.25,201.91088
2022-12-24T21:00:00.000000000,200.2,199.43113
2022-12-24T22:00:00.000000000,196.42,197.35119
2022-12-24T23:00:00.000000000,212.93,196.11279
2022-12-25T00:00:00.000000000,239.38,203.60454
2022-12-25T01:00:00.000000000,211.06,204.03994
2022-12-25T02:00:00.000000000,214.67,205.01742
2022-12-25T03:00:00.000000000,217.35,205.60173
2022-12-25T04:00:00.000000000,222.77,205.51547
2022-12-25T05:00:00.000000000,229.52,204.19261
2022-12-25T06:00:00.000000000,232.7,203.48619
2022-12-25T07:00:00.000000000,232.1,203.69498
2022-12-25T08:00:00.000000000,267.7,202.00756
2022-12-25T09:00:00.000000000,264.48,199.81639
2022-12-25T10:00:00.000000000,260.35,197.54261
2022-12-25T11:00:00.000000000,244.04,194.87519
2022-12-25T12:00:00.000000000,220.93,191.28637
2022-12-25T13:00:00.000000000,197.15,188.44337
2022-12-25T14:00:00.000000000,202.04,184.86447
2022-12-25T15:00:00.000000000,204.06,182.97528
2022-12-25T16:00:00.000000000,197.9,181.55598
2022-12-25T17:00:00.000000000,177.19,180.6525
2022-12-25T18:00:00.000000000,185.77,178.68512
2022-12-25T19:00:00.000000000,210.99,177.17665
2022-12-25T20:00:00.000000000,217.72,176.40057
2022-12-25T21:00:00.000000000,216.33,176.07049
2022-12-25T22:00:00.000000000,217.51,175.89311
2022-12-25T23:00:00.000000000,221.11,176.23965
2022-12-23T00:00:00.000000000,212.89,213.31861
2022-12-23T01:00:00.000000000,199.94,215.74707
2022-12-23T02:00:00.000000000,196.45,218.80062
2022-12-23T03:00:00.000000000,204.77,221.37176
2022-12-23T04:00:00.000000000,196.73,222.96998
2022-12-23T05:00:00.000000000,199.11,222.69107
2022-12-23T06:00:00.000000000,218.94,222.38654
2022-12-23T07:00:00.000000000,226.82,223.37405
2022-12-23T08:00:00.000000000,222.79,222.3943
2022-12-23T09:00:00.000000000,221.93,220.68312
2022-12-23T10:00:00.000000000,222.04,219.17448
2022-12-23T11:00:00.000000000,201.12,217.38857
2022-12-23T12:00:00.000000000,201.33,214.86602
2022-12-23T13:00:00.000000000,200.79,212.89878
2022-12-23T14:00:00.000000000,198.21,210.09266
2022-12-23T15:00:00.000000000,181.92,208.61691
2022-12-23T16:00:00.000000000,209.19,207.46113
2022-12-23T17:00:00.000000000,222.62,206.92676
2022-12-23T18:00:00.000000000,224.69,205.07049
2022-12-23T19:00:00.000000000,209.61,203.16666
2022-12-23T20:00:00.000000000,208.88,201.79712
2022-12-23T21:00:00.000000000,208.83,201.09254
2022-12-23T22:00:00.000000000,215.18,200.6999
2022-12-23T23:00:00.000000000,200.74,200.91705
2022-12-24T00:00:00.000000000,199.66,209.61244
2022-12-24T01:00:00.000000000,204.19,211.63632
2022-12-24T02:00:00.000000000,203.28,214.32568
2022-12-24T03:00:00.000000000,210.36,216.42949
2022-12-24T04:00:00.000000000,216.23,217.73549
2022-12-24T05:00:00.000000000,219.05,217.3917
2022-12-24T06:00:00.000000000,243.96,217.3246
2022-12-24T07:00:00.000000000,254.3,217.95554
2022-12-24T08:00:00.000000000,293.12,216.32631
2022-12-24T09:00:00.000000000,298.34,213.87475
2022-12-24T10:00:00.000000000,310.42,210.96292
2022-12-24T11:00:00.000000000,301.59,207.53658
2022-12-24T12:00:00.000000000,296.52,202.98693
2022-12-24T13:00:00.000000000,268.68,199.16467
2022-12-24T14:00:00.000000000,248.61,194.78527
2022-12-24T15:00:00.000000000,247.38,192.22385
2022-12-24T16:00:00.000000000,208.36,190.24264
2022-12-24T17:00:00.000000000,199.42,188.95331
2022-12-24T18:00:00.000000000,212.19,186.50708
2022-12-24T19:00:00.000000000,200.49,184.21376
2022-12-24T20:00:00.000000000,193.25,182.64124
2022-12-24T21:00:00.000000000,200.2,181.74369
2022-12-24T22:00:00.000000000,196.42,181.34133
2022-12-24T23:00:00.000000000,212.93,181.97038
2022-12-25T00:00:00.000000000,239.38,184.55656
2022-12-25T01:00:00.000000000,211.06,183.86541
2022-12-25T02:00:00.000000000,214.67,183.29238
2022-12-25T03:00:00.000000000,217.35,182.4409
2022-12-25T04:00:00.000000000,222.77,180.7186
2022-12-25T05:00:00.000000000,229.52,178.11545
2022-12-25T06:00:00.000000000,232.7,176.19195
2022-12-25T07:00:00.000000000,232.1,175.41526
2022-12-25T08:00:00.000000000,267.7,173.23669
2022-12-25T09:00:00.000000000,264.48,171.06627
2022-12-25T10:00:00.000000000,260.35,169.5755
2022-12-25T11:00:00.000000000,244.04,168.12478
2022-12-25T12:00:00.000000000,220.93,166.60891
2022-12-25T13:00:00.000000000,197.15,165.90443
2022-12-25T14:00:00.000000000,202.04,164.45288
2022-12-25T15:00:00.000000000,204.06,164.54478
2022-12-25T16:00:00.000000000,197.9,165.12678
2022-12-25T17:00:00.000000000,177.19,166.07673
2022-12-25T18:00:00.000000000,185.77,166.16795
2022-12-25T19:00:00.000000000,210.99,167.05719
2022-12-25T20:00:00.000000000,217.72,168.5231
2022-12-25T21:00:00.000000000,216.33,169.97897
2022-12-25T22:00:00.000000000,217.51,171.03328
2022-12-25T23:00:00.000000000,221.11,171.74186
2022-12-26T00:00:00.000000000,221.39,179.01947
2022-12-26T01:00:00.000000000,220.59,178.52106
2022-12-26T02:00:00.000000000,223.82,177.77028
2022-12-26T03:00:00.000000000,198.99,176.69045
2022-12-26T04:00:00.000000000,209.05,174.52129
2022-12-26T05:00:00.000000000,213.91,171.398
2022-12-26T06:00:00.000000000,215.7,168.72462
2022-12-26T07:00:00.000000000,230.69,167.26196
2022-12-26T08:00:00.000000000,245.15,164.48795
2022-12-26T09:00:00.000000000,231.28,161.71353
2022-12-26T10:00:00.000000000,207.03,159.45915
2022-12-26T11:00:00.000000000,186.12,157.4259
2022-12-26T12:00:00.000000000,192.79,155.38925
2022-12-26T13:00:00.000000000,171.97,154.15588
2022-12-26T14:00:00.000000000,179.97,152.28286
2022-12-26T15:00:00.000000000,168.01,152.00825
2022-12-26T16:00:00.000000000,163.89,152.2782
2022-12-26T17:00:00.000000000,145.57,153.02161
2022-12-26T18:00:00.000000000,156.66,153.18868
2022-12-26T19:00:00.000000000,174.9,154.39857
2022-12-26T20:00:00.000000000,182.39,156.23974
2022-12-26T21:00:00.000000000,173.37,158.32412
2022-12-26T22:00:00.000000000,177.58,160.0596
2022-12-26T23:00:00.000000000,185.83,161.50076
2022-12-24T00:00:00.000000000,199.66,215.98622
2022-12-24T01:00:00.000000000,204.19,218.32856
2022-12-24T02:00:00.000000000,203.28,220.94953
2022-12-24T03:00:00.000000000,210.36,222.2871
2022-12-24T04:00:00.000000000,216.23,222.34615
2022-12-24T05:00:00.000000000,219.05,220.34933
2022-12-24T06:00:00.000000000,243.96,218.32475
2022-12-24T07:00:00.000000000,254.3,216.93666
2022-12-24T08:00:00.000000000,293.12,213.59113
2022-12-24T09:00:00.000000000,298.34,209.48406
2022-12-24T10:00:00.000000000,310.42,205.1275
2022-12-24T11:00:00.000000000,301.59,200.65251
2022-12-24T12:00:00.000000000,296.52,195.38074
2022-12-24T13:00:00.000000000,268.68,190.76024
2022-12-24T14:00:00.000000000,248.61,185.6298
2022-12-24T15:00:00.000000000,247.38,182.59074
2022-12-24T16:00:00.000000000,208.36,180.48204
2022-12-24T17:00:00.000000000,199.42,179.52467
2022-12-24T18:00:00.000000000,212.19,177.90793
2022-12-24T19:00:00.000000000,200.49,176.93613
2022-12-24T20:00:00.000000000,193.25,176.84662
2022-12-24T21:00:00.000000000,200.2,177.48136
2022-12-24T22:00:00.000000000,196.42,178.46419
2022-12-24T23:00:00.000000000,212.93,180.27782
2022-12-25T00:00:00.000000000,239.38,184.94731
2022-12-25T01:00:00.000000000,211.06,184.10749
2022-12-25T02:00:00.000000000,214.67,183.32697
2022-12-25T03:00:00.000000000,217.35,182.26685
2022-12-25T04:00:00.000000000,222.77,180.29049
2022-12-25T05:00:00.000000000,229.52,177.4188
2022-12-25T06:00:00.000000000,232.7,175.24109
2022-12-25T07:00:00.000000000,232.1,174.24873
2022-12-25T08:00:00.000000000,267.7,171.89195
2022-12-25T09:00:00.000000000,264.48,169.58053
2022-12-25T10:00:00.000000000,260.35,167.97585
2022-12-25T11:00:00.000000000,244.04,166.46208
2022-12-25T12:00:00.000000000,220.93,164.93739
2022-12-25T13:00:00.000000000,197.15,164.27367
2022-12-25T14:00:00.000000000,202.04,162.9023
2022-12-25T15:00:00.000000000,204.06,163.12607
2022-12-25T16:00:00.000000000,197.9,163.86443
2022-12-25T17:00:00.000000000,177.19,164.97689
2022-12-25T18:00:00.000000000,185.77,165.24755
2022-12-25T19:00:00.000000000,210.99,166.32791
2022-12-25T20:00:00.000000000,217.72,167.9551
2022-12-25T21:00:00.000000000,216.33,169.54955
2022-12-25T22:00:00.000000000,217.51,170.70863
2022-12-25T23:00:00.000000000,221.11,171.48212
2022-12-26T00:00:00.000000000,221.39,179.0792
2022-12-26T01:00:00.000000000,220.59,178.6245
2022-12-26T02:00:00.000000000,223.82,177.93088
2022-12-26T03:00:00.000000000,198.99,176.90232
2022-12-26T04:00:00.000000000,209.05,174.79959
2022-12-26T05:00:00.000000000,213.91,171.74599
2022-12-26T06:00:00.000000000,215.7,169.13737
2022-12-26T07:00:00.000000000,230.69,167.72847
2022-12-26T08:00:00.000000000,245.15,164.9993
2022-12-26T09:00:00.000000000,231.28,162.25252
2022-12-26T10:00:00.000000000,207.03,160.00453
2022-12-26T11:00:00.000000000,186.12,157.96399
2022-12-26T12:00:00.000000000,192.79,155.89066
2022-12-26T13:00:00.000000000,171.97,154.60271
2022-12-26T14:00:00.000000000,179.97,152.66398
2022-12-26T15:00:00.000000000,168.01,152.30709
2022-12-26T16:00:00.000000000,163.89,152.48035
2022-12-26T17:00:00.000000000,145.57,153.12685
2022-12-26T18:00:00.000000000,156.66,153.19673
2022-12-26T19:00:00.000000000,174.9,154.31535
2022-12-26T20:00:00.000000000,182.39,156.07907
2022-12-26T21:00:00.000000000,173.37,158.10847
2022-12-26T22:00:00.000000000,177.58,159.80702
2022-12-26T23:00:00.000000000,185.83,161.23258
2022-12-27T00:00:00.000000000,194.15,161.78329
2022-12-27T01:00:00.000000000,184.38,160.98559
2022-12-27T02:00:00.000000000,174.5,159.7609
2022-12-27T03:00:00.000000000,173.6,158.45857
2022-12-27T04:00:00.000000000,169.88,156.50289
2022-12-27T05:00:00.000000000,181.37,154.22674
2022-12-27T06:00:00.000000000,177.49,152.36404
2022-12-27T07:00:00.000000000,169.72,151.86054
2022-12-27T08:00:00.000000000,169.02,150.49526
2022-12-27T09:00:00.000000000,173.1,148.94626
2022-12-27T10:00:00.000000000,171.39,147.60239
2022-12-27T11:00:00.000000000,172.58,146.16094
2022-12-27T12:00:00.000000000,178.52,144.26676
2022-12-27T13:00:00.000000000,162.94,142.63317
2022-12-27T14:00:00.000000000,145.88,140.28308
2022-12-27T15:00:00.000000000,141.0,138.97763
2022-12-27T16:00:00.000000000,150.19,137.98584
2022-12-27T17:00:00.000000000,173.41,137.16169
2022-12-27T18:00:00.000000000,167.51,135.6951
2022-12-27T19:00:00.000000000,164.19,135.28219
2022-12-27T20:00:00.000000000,169.47,135.51444
2022-12-27T21:00:00.000000000,150.51,136.57467
2022-12-27T22:00:00.000000000,153.83,137.66336
2022-12-27T23:00:00.000000000,149.28,138.83955
2022-12-25T00:00:00.000000000,239.38,206.37179
2022-12-25T01:00:00.000000000,211.06,203.51979
2022-12-25T02:00:00.000000000,214.67,201.1852
2022-12-25T03:00:00.000000000,217.35,198.85568
2022-12-25T04:00:00.000000000,222.77,196.18992
2022-12-25T05:00:00.000000000,229.52,192.98722
2022-12-25T06:00:00.000000000,232.7,191.09711
2022-12-25T07:00:00.000000000,232.1,190.89502
2022-12-25T08:00:00.000000000,267.7,189.69723
2022-12-25T09:00:00.000000000,264.48,188.62495
2022-12-25T10:00:00.000000000,260.35,188.47317
2022-12-25T11:00:00.000000000,244.04,188.16723
2022-12-25T12:00:00.000000000,220.93,187.24165
2022-12-25T13:00:00.000000000,197.15,186.89737
2022-12-25T14:00:00.000000000,202.04,185.23876
2022-12-25T15:00:00.000000000,204.06,184.77707
2022-12-25T16:00:00.000000000,197.9,184.48723
2022-12-25T17:00:00.000000000,177.19,184.30594
2022-12-25T18:00:00.000000000,185.77,182.83359
2022-12-25T19:00:00.000000000,210.99,181.98147
2022-12-25T20:00:00.000000000,217.72,181.69116
2022-12-25T21:00:00.000000000,216.33,181.43757
2022-12-25T22:00:00.000000000,217.51,180.85669
2022-12-25T23:00:00.000000000,221.11,180.01206
2022-12-26T00:00:00.000000000,221.39,188.35093
2022-12-26T01:00:00.000000000,220.59,188.07543
2022-12-26T02:00:00.000000000,223.82,187.85795
2022-12-26T03:00:00.000000000,198.99,187.18608
2022-12-26T04:00:00.000000000,209.05,185.57585
2022-12-26T05:00:00.000000000,213.91,182.91809
2022-12-26T06:00:00.000000000,215.7,180.79969
2022-12-26T07:00:00.000000000,230.69,179.77118
2022-12-26T08:00:00.000000000,245.15,177.30299
2022-12-26T09:00:00.000000000,231.28,174.68624
2022-12-26T10:00:00.000000000,207.03,172.50873
2022-12-26T11:00:00.000000000,186.12,170.40345
2022-12-26T12:00:00.000000000,192.79,168.00366
2022-12-26T13:00:00.000000000,171.97,166.32377
2022-12-26T14:00:00.000000000,179.97,163.88293
2022-12-26T15:00:00.000000000,168.01,163.02485
2022-12-26T16:00:00.000000000,163.89,162.64491
2022-12-26T17:00:00.000000000,145.57,162.75774
2022-12-26T18:00:00.000000000,156.66,162.16472
2022-12-26T19:00:00.000000000,174.9,162.52015
2022-12-26T20:00:00.000000000,182.39,163.59746
2022-12-26T21:00:00.000000000,173.37,164.94629
2022-12-26T22:00:00.000000000,177.58,166.05461
2022-12-26T23:00:00.000000000,185.83,167.03778
2022-12-27T00:00:00.000000000,194.15,172.30607
2022-12-27T01:00:00.000000000,184.38,170.95944
2022-12-27T02:00:00.000000000,174.5,169.35795
2022-12-27T03:00:00.000000000,173.6,167.82985
2022-12-27T04:00:00.000000000,169.88,165.82834
2022-12-27T05:00:00.000000000,181.37,163.53545
2022-12-27T06:00:00.000000000,177.49,162.01469
2022-12-27T07:00:00.000000000,169.72,161.95711
2022-12-27T08:00:00.000000000,169.02,160.88859
2022-12-27T09:00:00.000000000,173.1,159.63168
2022-12-27T10:00:00.000000000,171.39,158.49447
2022-12-27T11:00:00.000000000,172.58,157.16456
2022-12-27T12:00:00.000000000,178.52,155.08534
2022-12-27T13:00:00.000000000,162.94,153.37018
2022-12-27T14:00:00.000000000,145.88,150.83935
2022-12-27T15:00:00.000000000,141.0,149.49218
2022-12-27T16:00:00.000000000,150.19,148.3337
2022-12-27T17:00:00.000000000,173.41,147.30355
2022-12-27T18:00:00.000000000,167.51,145.39688
2022-12-27T19:00:00.000000000,164.19,144.50037
2022-12-27T20:00:00.000000000,169.47,144.12588
2022-12-27T21:00:00.000000000,150.51,144.5166
2022-12-27T22:00:00.000000000,153.83,144.94417
2022-12-27T23:00:00.000000000,149.28,145.48626
2022-12-28T00:00:00.000000000,159.97,143.09113
2022-12-28T01:00:00.000000000,154.84,142.32454
2022-12-28T02:00:00.000000000,168.51,141.66032
2022-12-28T03:00:00.000000000,149.8,141.43013
2022-12-28T04:00:00.000000000,138.26,141.30992
2022-12-28T05:00:00.000000000,143.16,141.65477
2022-12-28T06:00:00.000000000,147.31,142.99939
2022-12-28T07:00:00.000000000,161.47,145.61057
2022-12-28T08:00:00.000000000,172.87,147.15388
2022-12-28T09:00:00.000000000,179.1,148.62273
2022-12-28T10:00:00.000000000,185.14,150.29872
2022-12-28T11:00:00.000000000,200.46,151.23328
2022-12-28T12:00:00.000000000,199.67,151.37762
2022-12-28T13:00:00.000000000,172.73,151.52607
2022-12-28T14:00:00.000000000,153.1,150.78976
2022-12-28T15:00:00.000000000,158.2,150.41384
2022-12-28T16:00:00.000000000,173.63,149.90132
2022-12-28T17:00:00.000000000,170.82,149.21269
2022-12-28T18:00:00.000000000,172.82,147.22517
2022-12-28T19:00:00.000000000,146.34,145.81345
2022-12-28T20:00:00.000000000,111.97,144.71618
2022-12-28T21:00:00.000000000,106.87,144.03485
2022-12-28T22:00:00.000000000,107.84,143.44718
2022-12-28T23:00:00.000000000,110.64,142.92398
2022-12-26T00:00:00.000000000,221.39,223.2082
2022-12-26T01:00:00.000000000,220.59,221.96674
2022-12-26T02:00:00.000000000,223.82,220.84963
2022-12-26T03:00:00.000000000,198.99,218.89633
2022-12-26T04:00:00.000000000,209.05,216.05276
2022-12-26T05:00:00.000000000,213.91,211.85945
2022-12-26T06:00:00.000000000,215.7,208.49794
2022-12-26T07:00:00.000000000,230.69,206.48259
2022-12-26T08:00:00.000000000,245.15,203.19935
2022-12-26T09:00:00.000000000,231.28,199.53138
2022-12-26T10:00:00.000000000,207.03,196.03791
2022-12-26T11:00:00.000000000,186.12,192.52764
2022-12-26T12:00:00.000000000,192.79,188.13016
2022-12-26T13:00:00.000000000,171.97,184.40033
2022-12-26T14:00:00.000000000,179.97,179.77548
2022-12-26T15:00:00.000000000,168.01,177.10266
2022-12-26T16:00:00.000000000,163.89,175.24646
2022-12-26T17:00:00.000000000,145.57,174.34523
2022-12-26T18:00:00.000000000,156.66,172.95875
2022-12-26T19:00:00.000000000,174.9,172.72375
2022-12-26T20:00:00.000000000,182.39,173.43334
2022-12-26T21:00:00.000000000,173.37,174.6675
2022-12-26T22:00:00.000000000,177.58,175.67036
2022-12-26T23:00:00.000000000,185.83,176.74968
2022-12-27T00:00:00.000000000,194.15,178.72696
2022-12-27T01:00:00.000000000,184.38,176.63293
2022-12-27T02:00:00.000000000,174.5,174.24492
2022-12-27T03:00:00.000000000,173.6,172.06347
2022-12-27T04:00:00.000000000,169.88,169.33281
2022-12-27T05:00:00.000000000,181.37,166.28398
2022-12-27T06:00:00.000000000,177.49,164.12103
2022-12-27T07:00:00.000000000,169.72,163.60648
2022-12-27T08:00:00.000000000,169.02,162.19597
2022-12-27T09:00:00.000000000,173.1,160.64086
2022-12-27T10:00:00.000000000,171.39,159.29376
2022-12-27T11:00:00.000000000,172.58,157.9162
2022-12-27T12:00:00.000000000,178.52,155.77691
2022-12-27T13:00:00.000000000,162.94,154.06017
2022-12-27T14:00:00.000000000,145.88,151.49533
2022-12-27T15:00:00.000000000,141.0,150.24769
2022-12-27T16:00:00.000000000,150.19,149.22521
2022-12-27T17:00:00.000000000,173.41,148.27035
2022-12-27T18:00:00.000000000,167.51,146.41787
2022-12-27T19:00:00.000000000,164.19,145.52618
2022-12-27T20:00:00.000000000,169.47,145.05763
2022-12-27T21:00:00.000000000,150.51,145.37018
2022-12-27T22:00:00.000000000,153.83,145.6583
2022-12-27T23:00:00.000000000,149.28,146.08497
2022-12-28T00:00:00.000000000,159.97,143.66758
2022-12-28T01:00:00.000000000,154.84,142.84052
2022-12-28T02:00:00.000000000,168.51,141.95635
2022-12-28T03:00:00.000000000,149.8,141.45215
2022-12-28T04:00:00.000000000,138.26,141.01327
2022-12-28T05:00:00.000000000,143.16,140.98926
2022-12-28T06:00:00.000000000,147.31,141.85849
2022-12-28T07:00:00.000000000,161.47,144.02284
2022-12-28T08:00:00.000000000,172.87,145.2054
2022-12-28T09:00:00.000000000,179.1,146.2554
2022-12-28T10:00:00.000000000,185.14,147.41263
2022-12-28T11:00:00.000000000,200.46,147.8393
2022-12-28T12:00:00.000000000,199.67,147.43725
2022-12-28T13:00:00.000000000,172.73,147.04956
2022-12-28T14:00:00.000000000,153.1,145.85178
2022-12-28T15:00:00.000000000,158.2,145.1376
2022-12-28T16:00:00.000000000,173.63,144.35222
2022-12-28T17:00:00.000000000,170.82,143.42689
2022-12-28T18:00:00.000000000,172.82,141.28411
2022-12-28T19:00:00.000000000,146.34,139.81805
2022-12-28T20:00:00.000000000,111.97,138.69298
2022-12-28T21:00:00.000000000,106.87,138.14302
2022-12-28T22:00:00.000000000,107.84,137.76296
2022-12-28T23:00:00.000000000,110.64,137.50624
2022-12-29T00:00:00.000000000,121.37,143.29425
2022-12-29T01:00:00.000000000,135.72,145.53917
2022-12-29T02:00:00.000000000,134.43,148.23413
2022-12-29T03:00:00.000000000,136.98,151.02362
2022-12-29T04:00:00.000000000,144.4,153.24309
2022-12-29T05:00:00.000000000,154.92,154.9572
2022-12-29T06:00:00.000000000,213.43,157.01996
2022-12-29T07:00:00.000000000,189.11,159.7072
2022-12-29T08:00:00.000000000,195.02,160.58862
2022-12-29T09:00:00.000000000,190.46,161.3657
2022-12-29T10:00:00.000000000,197.1,162.71071
2022-12-29T11:00:00.000000000,189.08,163.64145
2022-12-29T12:00:00.000000000,189.88,164.39994
2022-12-29T13:00:00.000000000,187.04,165.44329
2022-12-29T14:00:00.000000000,171.92,165.48263
2022-12-29T15:00:00.000000000,160.88,165.91293
2022-12-29T16:00:00.000000000,159.49,166.27479
2022-12-29T17:00:00.000000000,148.11,166.53645
2022-12-29T18:00:00.000000000,150.18,165.55894
2022-12-29T19:00:00.000000000,159.52,164.91
2022-12-29T20:00:00.000000000,159.76,164.74136
2022-12-29T21:00:00.000000000,164.15,164.68847
2022-12-29T22:00:00.000000000,165.06,164.6203
2022-12-29T23:00:00.000000000,167.95,164.59103
2022-12-27T00:00:00.000000000,194.15,173.96782
2022-12-27T01:00:00.000000000,184.38,172.03287
2022-12-27T02:00:00.000000000,174.5,169.62123
2022-12-27T03:00:00.000000000,173.6,167.32658
2022-12-27T04:00:00.000000000,169.88,164.10539
2022-12-27T05:00:00.000000000,181.37,160.38534
2022-12-27T06:00:00.000000000,177.49,157.25105
2022-12-27T07:00:00.000000000,169.72,155.76772
2022-12-27T08:00:00.000000000,169.02,153.60007
2022-12-27T09:00:00.000000000,173.1,151.37753
2022-12-27T10:00:00.000000000,171.39,149.60949
2022-12-27T11:00:00.000000000,172.58,148.12874
2022-12-27T12:00:00.000000000,178.52,146.26227
2022-12-27T13:00:00.000000000,162.94,144.79671
2022-12-27T14:00:00.000000000,145.88,142.54125
2022-12-27T15:00:00.000000000,141.0,141.56227
2022-12-27T16:00:00.000000000,150.19,140.94876
2022-12-27T17:00:00.000000000,173.41,140.37441
2022-12-27T18:00:00.000000000,167.51,139.12335
2022-12-27T19:00:00.000000000,164.19,138.80167
2022-12-27T20:00:00.000000000,169.47,138.9584
2022-12-27T21:00:00.000000000,150.51,139.93036
2022-12-27T22:00:00.000000000,153.83,140.76863
2022-12-27T23:00:00.000000000,149.28,141.73312
2022-12-28T00:00:00.000000000,159.97,145.47547
2022-12-28T01:00:00.000000000,154.84,144.44248
2022-12-28T02:00:00.000000000,168.51,143.09456
2022-12-28T03:00:00.000000000,149.8,141.83953
2022-12-28T04:00:00.000000000,138.26,140.12999
2022-12-28T05:00:00.000000000,143.16,138.37501
2022-12-28T06:00:00.000000000,147.31,137.05963
2022-12-28T07:00:00.000000000,161.47,136.9837
2022-12-28T08:00:00.000000000,172.87,136.28513
2022-12-28T09:00:00.000000000,179.1,135.48731
2022-12-28T10:00:00.000000000,185.14,134.9238
2022-12-28T11:00:00.000000000,200.46,134.03358
2022-12-28T12:00:00.000000000,199.67,132.75465
2022-12-28T13:00:00.000000000,172.73,131.72114
2022-12-28T14:00:00.000000000,153.1,130.15467
2022-12-28T15:00:00.000000000,158.2,129.54658
2022-12-28T16:00:00.000000000,173.63,129.22942
2022-12-28T17:00:00.000000000,170.82,128.86239
2022-12-28T18:00:00.000000000,172.82,127.57295
2022-12-28T19:00:00.000000000,146.34,127.01934
2022-12-28T20:00:00.000000000,111.97,126.81868
2022-12-28T21:00:00.000000000,106.87,127.23394
2022-12-28T22:00:00.000000000,107.84,127.67272
2022-12-28T23:00:00.000000000,110.64,128.22984
2022-12-29T00:00:00.000000000,121.37,139.00328
2022-12-29T01:00:00.000000000,135.72,141.8967
2022-12-29T02:00:00.000000000,134.43,145.11171
2022-12-29T03:00:00.000000000,136.98,148.27551
2022-12-29T04:00:00.000000000,144.4,150.751
2022-12-29T05:00:00.000000000,154.92,152.58484
2022-12-29T06:00:00.000000000,213.43,154.48835
2022-12-29T07:00:00.000000000,189.11,156.81785
2022-12-29T08:00:00.000000000,195.02,157.25465
2022-12-29T09:00:00.000000000,190.46,157.49547
2022-12-29T10:00:00.000000000,197.1,158.1802
2022-12-29T11:00:00.000000000,189.08,158.46275
2022-12-29T12:00:00.000000000,189.88,158.66684
2022-12-29T13:00:00.000000000,187.04,159.18853
2022-12-29T14:00:00.000000000,171.92,158.8204
2022-12-29T15:00:00.000000000,160.88,158.98052
2022-12-29T16:00:00.000000000,159.49,159.23286
2022-12-29T17:00:00.000000000,148.11,159.50932
2022-12-29T18:00:00.000000000,150.18,158.70276
2022-12-29T19:00:00.000000000,159.52,158.33101
2022-12-29T20:00:00.000000000,159.76,158.50018
2022-12-29T21:00:00.000000000,164.15,158.85616
2022-12-29T22:00:00.000000000,165.06,159.28966
2022-12-29T23:00:00.000000000,167.95,159.82642
2022-12-30T00:00:00.000000000,163.05,172.28075
2022-12-30T01:00:00.000000000,147.17,175.01437
2022-12-30T02:00:00.000000000,149.42,178.08192
2022-12-30T03:00:00.000000000,157.12,180.53808
2022-12-30T04:00:00.000000000,160.07,181.92458
2022-12-30T05:00:00.000000000,177.66,181.94099
2022-12-30T06:00:00.000000000,182.5,181.90924
2022-12-30T07:00:00.000000000,176.87,182.35918
2022-12-30T08:00:00.000000000,167.56,180.79414
2022-12-30T09:00:00.000000000,134.53,178.87165
2022-12-30T10:00:00.000000000,134.03,177.30114
2022-12-30T11:00:00.000000000,132.48,175.56339
2022-12-30T12:00:00.000000000,130.56,173.71239
2022-12-30T13:00:00.000000000,125.54,172.50921
2022-12-30T14:00:00.000000000,116.48,170.67324
2022-12-30T15:00:00.000000000,122.51,170.2188
2022-12-30T16:00:00.000000000,151.95,170.18006
2022-12-30T17:00:00.000000000,166.91,170.61497
2022-12-30T18:00:00.000000000,170.28,170.08307
2022-12-30T19:00:00.000000000,166.47,170.07913
2022-12-30T20:00:00.000000000,169.85,170.74748
2022-12-30T21:00:00.000000000,179.29,171.64663
2022-12-30T22:00:00.000000000,186.85,172.6259
2022-12-30T23:00:00.000000000,182.85,173.79157
2022-12-28T00:00:00.000000000,159.97,151.84636
2022-12-28T01:00:00.000000000,154.84,150.41637
2022-12-28T02:00:00.000000000,168.51,148.66062
2022-12-28T03:00:00.000000000,149.8,147.1773
2022-12-28T04:00:00.000000000,138.26,145.17683
2022-12-28T05:00:00.000000000,143.16,143.13856
2022-12-28T06:00:00.000000000,147.31,141.71688
2022-12-28T07:00:00.000000000,161.47,141.71989
2022-12-28T08:00:00.000000000,172.87,140.9674
2022-12-28T09:00:00.000000000,179.1,140.20292
2022-12-28T10:00:00.000000000,185.14,139.79839
2022-12-28T11:00:00.000000000,200.46,139.14943
2022-12-28T12:00:00.000000000,199.67,138.10837
2022-12-28T13:00:00.000000000,172.73,137.42125
2022-12-28T14:00:00.000000000,153.1,136.12561
2022-12-28T15:00:00.000000000,158.2,135.86948
2022-12-28T16:00:00.000000000,173.63,135.86755
2022-12-28T17:00:00.000000000,170.82,135.85127
2022-12-28T18:00:00.000000000,172.82,134.87718
2022-12-28T19:00:00.000000000,146.34,134.64773
2022-12-28T20:00:00.000000000,111.97,134.70691
2022-12-28T21:00:00.000000000,106.87,135.27708
2022-12-28T22:00:00.000000000,107.84,135.76599
2022-12-28T23:00:00.000000000,110.64,136.26074
2022-12-29T00:00:00.000000000,121.37,145.45
2022-12-29T01:00:00.000000000,135.72,149.7799
2022-12-29T02:00:00.000000000,134.43,154.68604
2022-12-29T03:00:00.000000000,136.98,159.40987
2022-12-29T04:00:00.000000000,144.4,163.35446
2022-12-29T05:00:00.000000000,154.92,166.28146
2022-12-29T06:00:00.000000000,213.43,169.01621
2022-12-29T07:00:00.000000000,189.11,171.97186
2022-12-29T08:00:00.000000000,195.02,172.62198
2022-12-29T09:00:00.000000000,190.46,172.81663
2022-12-29T10:00:00.000000000,197.1,173.27686
2022-12-29T11:00:00.000000000,189.08,173.2786
2022-12-29T12:00:00.000000000,189.88,173.06262
2022-12-29T13:00:00.000000000,187.04,173.13402
2022-12-29T14:00:00.000000000,171.92,172.30122
2022-12-29T15:00:00.000000000,160.88,172.04009
2022-12-29T16:00:00.000000000,159.49,171.81022
2022-12-29T17:00:00.000000000,148.11,171.69086
2022-12-29T18:00:00.000000000,150.18,170.41297
2022-12-29T19:00:00.000000000,159.52,169.45616
2022-12-29T20:00:00.000000000,159.76,169.14402
2022-12-29T21:00:00.000000000,164.15,169.18297
2022-12-29T22:00:00.000000000,165.06,169.46629
2022-12-29T23:00:00.000000000,167.95,170.1153
2022-12-30T00:00:00.000000000,163.05,180.50683
2022-12-30T01:00:00.000000000,147.17,183.21932
2022-12-30T02:00:00.000000000,149.42,186.33709
2022-12-30T03:00:00.000000000,157.12,188.73381
2022-12-30T04:00:00.000000000,160.07,190.4176
2022-12-30T05:00:00.000000000,177.66,190.8601
2022-12-30T06:00:00.000000000,182.5,191.3238
2022-12-30T07:00:00.000000000,176.87,192.25412
2022-12-30T08:00:00.000000000,167.56,191.16533
2022-12-30T09:00:00.000000000,134.53,189.39516
2022-12-30T10:00:00.000000000,134.03,187.37036
2022-12-30T11:00:00.000000000,132.48,184.85343
2022-12-30T12:00:00.000000000,130.56,181.47517
2022-12-30T13:00:00.000000000,125.54,178.37295
2022-12-30T14:00:00.000000000,116.48,174.46043
2022-12-30T15:00:00.000000000,122.51,171.86867
2022-12-30T16:00:00.000000000,151.95,169.72588
2022-12-30T17:00:00.000000000,166.91,168.26118
2022-12-30T18:00:00.000000000,170.28,165.9531
2022-12-30T19:00:00.000000000,166.47,164.43104
2022-12-30T20:00:00.000000000,169.85,163.813
2022-12-30T21:00:00.000000000,179.29,163.90303
2022-12-30T22:00:00.000000000,186.85,164.38239
2022-12-30T23:00:00.000000000,182.85,165.51106
2022-12-31T00:00:00.000000000,183.18,167.03884
2022-12-31T01:00:00.000000000,166.82,168.7443
2022-12-31T02:00:00.000000000,169.17,171.05712
2022-12-31T03:00:00.000000000,171.25,174.19309
2022-12-31T04:00:00.000000000,176.61,177.0126
2022-12-31T05:00:00.000000000,172.26,179.12966
2022-12-31T06:00:00.000000000,178.62,181.74912
2022-12-31T07:00:00.000000000,190.79,185.91555
2022-12-31T08:00:00.000000000,201.36,188.09682
2022-12-31T09:00:00.000000000,212.5,189.9011
2022-12-31T10:00:00.000000000,217.64,192.22019
2022-12-31T11:00:00.000000000,204.63,193.89789
2022-12-31T12:00:00.000000000,187.86,195.22155
2022-12-31T13:00:00.000000000,173.81,197.13476
2022-12-31T14:00:00.000000000,166.98,197.88912
2022-12-31T15:00:00.000000000,158.91,199.06984
2022-12-31T16:00:00.000000000,155.98,200.09277
2022-12-31T17:00:00.000000000,153.88,200.93331
2022-12-31T18:00:00.000000000,160.57,200.23185
2022-12-31T19:00:00.000000000,165.38,199.46425
2022-12-31T20:00:00.000000000,177.05,198.89268
2022-12-31T21:00:00.000000000,175.36,198.44289
2022-12-31T22:00:00.000000000,179.26,197.59049
2022-12-31T23:00:00.000000000,181.57,196.41714
