datetime,carbon_intensity_actual,avg_carbon_intensity_forecast
2022-07-01T00:00:00.000000000,441.12,478.42913
2022-07-01T01:00:00.000000000,432.77,470.5019
2022-07-01T02:00:00.000000000,409.37,461.58706
2022-07-01T03:00:00.000000000,383.34,453.55424
2022-07-01T04:00:00.000000000,364.61,446.37673
2022-07-01T05:00:00.000000000,345.85,441.10022
2022-07-01T06:00:00.000000000,331.74,438.84113
2022-07-01T07:00:00.000000000,325.67,439.79267
2022-07-01T08:00:00.000000000,332.61,445.10425
2022-07-01T09:00:00.000000000,332.94,454.27129
2022-07-01T10:00:00.000000000,352.39,465.78598
2022-07-01T11:00:00.000000000,393.94,478.17751
2022-07-01T12:00:00.000000000,415.54,492.96335
2022-07-01T13:00:00.000000000,442.83,508.28282
2022-07-01T14:00:00.000000000,483.4,522.13321
2022-07-01T15:00:00.000000000,496.84,533.40223
2022-07-01T16:00:00.000000000,512.12,540.9167
2022-07-01T17:00:00.000000000,514.37,546.44547
2022-07-01T18:00:00.000000000,517.29,549.42574
2022-07-01T19:00:00.000000000,518.88,549.55231
2022-07-01T20:00:00.000000000,521.87,546.46125
2022-07-01T21:00:00.000000000,524.27,540.23035
2022-07-01T22:00:00.000000000,521.99,531.50539
2022-07-01T23:00:00.000000000,506.78,521.39574
2022-07-02T00:00:00.000000000,484.14,536.75157
2022-07-02T01:00:00.000000000,466.07,528.70911
2022-07-02T02:00:00.000000000,453.95,519.4361
2022-07-02T03:00:00.000000000,438.82,510.22574
2022-07-02T04:00:00.000000000,420.34,501.34481
2022-07-02T05:00:00.000000000,400.17,494.1994
2022-07-02T06:00:00.000000000,386.3,489.3226
2022-07-02T07:00:00.000000000,368.17,487.23478
2022-07-02T08:00:00.000000000,357.84,489.16447
2022-07-02T09:00:00.000000000,402.55,494.23796
2022-07-02T10:00:00.000000000,434.86,501.22572
2022-07-02T11:00:00.000000000,488.01,508.37299
2022-07-02T12:00:00.000000000,532.18,517.36554
2022-07-02T13:00:00.000000000,553.36,526.48135
2022-07-02T14:00:00.000000000,567.71,534.27773
2022-07-02T15:00:00.000000000,562.77,540.35089
2022-07-02T16:00:00.000000000,560.73,543.63503
2022-07-02T17:00:00.000000000,558.87,545.90006
2022-07-02T18:00:00.000000000,561.14,545.81379
2022-07-02T19:00:00.000000000,559.18,543.50195
2022-07-02T20:00:00.000000000,556.18,539.35743
2022-07-02T21:00:00.000000000,550.52,533.72731
2022-07-02T22:00:00.000000000,543.9,527.22519
2022-07-02T23:00:00.000000000,537.3,520.54172
2022-07-03T00:00:00.000000000,529.9,505.61721
2022-07-03T01:00:00.000000000,509.16,499.95711
2022-07-03T02:00:00.000000000,482.62,493.63686
2022-07-03T03:00:00.000000000,459.35,487.50507
2022-07-03T04:00:00.000000000,441.6,480.7981
2022-07-03T05:00:00.000000000,417.58,474.1101
2022-07-03T06:00:00.000000000,402.86,467.4503
2022-07-03T07:00:00.000000000,413.49,461.17263
2022-07-03T08:00:00.000000000,441.09,457.40069
2022-07-03T09:00:00.000000000,465.31,456.45065
2022-07-03T10:00:00.000000000,488.98,457.62717
2022-07-03T11:00:00.000000000,489.32,460.00406
2022-07-03T12:00:00.000000000,482.45,464.5253
2022-07-03T13:00:00.000000000,489.25,469.10085
2022-07-03T14:00:00.000000000,500.36,472.86844
2022-07-03T15:00:00.000000000,509.19,476.35293
2022-07-03T16:00:00.000000000,515.0,478.77273
2022-07-03T17:00:00.000000000,508.13,481.67754
2022-07-03T18:00:00.000000000,501.35,483.85072
2022-07-03T19:00:00.000000000,491.0,485.25198
2022-07-03T20:00:00.000000000,485.06,485.60713
2022-07-03T21:00:00.000000000,467.12,484.60722
2022-07-03T22:00:00.000000000,445.84,481.98986
2022-07-03T23:00:00.000000000,429.31,478.49097
2022-07-04T00:00:00.000000000,419.18,481.42816
2022-07-04T01:00:00.000000000,398.87,466.65438
2022-07-04T02:00:00.000000000,373.61,448.15855
2022-07-04T03:00:00.000000000,358.78,428.55378
2022-07-04T04:00:00.000000000,337.32,409.3722
2022-07-04T05:00:00.000000000,318.44,392.76583
2022-07-04T06:00:00.000000000,299.5,380.22125
2022-07-04T07:00:00.000000000,284.73,372.37485
2022-07-04T08:00:00.000000000,277.73,370.32634
2022-07-04T09:00:00.000000000,273.75,373.29209
2022-07-04T10:00:00.000000000,285.5,379.96584
2022-07-04T11:00:00.000000000,299.82,389.24393
2022-07-04T12:00:00.000000000,294.78,402.08592
2022-07-04T13:00:00.000000000,324.39,416.04385
2022-07-04T14:00:00.000000000,365.55,429.57067
2022-07-04T15:00:00.000000000,362.35,441.85048
2022-07-04T16:00:00.000000000,370.7,451.4736
2022-07-04T17:00:00.000000000,390.01,458.3798
2022-07-04T18:00:00.000000000,413.8,461.18835
2022-07-04T19:00:00.000000000,425.86,460.62242
2022-07-04T20:00:00.000000000,430.31,457.77249
2022-07-04T21:00:00.000000000,429.71,453.5573
2022-07-04T22:00:00.000000000,428.03,448.47514
2022-07-04T23:00:00.000000000,427.76,443.04623
2022-07-02T00:00:00.000000000,484.14,523.3713
2022-07-02T01:00:00.000000000,466.07,515.11227
2022-07-02T02:00:00.000000000,453.95,505.49155
2022-07-02T03:00:00.000000000,438.82,496.11193
2022-07-02T04:00:00.000000000,420.34,487.15806
2022-07-02T05:00:00.000000000,400.17,479.99656
2022-07-02T06:00:00.000000000,386.3,475.50395
2022-07-02T07:00:00.000000000,368.17,474.32758
2022-07-02T08:00:00.000000000,357.84,477.73192
2022-07-02T09:00:00.000000000,402.55,485.04329
2022-07-02T10:00:00.000000000,434.86,494.76009
2022-07-02T11:00:00.000000000,488.01,505.01452
2022-07-02T12:00:00.000000000,532.18,517.2315
2022-07-02T13:00:00.000000000,553.36,529.64571
2022-07-02T14:00:00.000000000,567.71,540.58136
2022-07-02T15:00:00.000000000,562.77,549.2034
2022-07-02T16:00:00.000000000,560.73,554.42041
2022-07-02T17:00:00.000000000,558.87,558.16544
2022-07-02T18:00:00.000000000,561.14,559.39173
2022-07-02T19:00:00.000000000,559.18,557.84315
2022-07-02T20:00:00.000000000,556.18,553.44478
2022-07-02T21:00:00.000000000,550.52,546.2841
2022-07-02T22:00:00.000000000,543.9,537.03842
2022-07-02T23:00:00.000000000,537.3,526.78714
2022-07-03T00:00:00.000000000,529.9,521.45575
2022-07-03T01:00:00.000000000,509.16,515.73707
2022-07-03T02:00:00.000000000,482.62,509.51884
2022-07-03T03:00:00.000000000,459.35,503.46152
2022-07-03T04:00:00.000000000,441.6,497.33517
2022-07-03T05:00:00.000000000,417.58,492.22618
2022-07-03T06:00:00.000000000,402.86,488.11772
2022-07-03T07:00:00.000000000,413.49,485.40141
2022-07-03T08:00:00.000000000,441.09,485.77042
2022-07-03T09:00:00.000000000,465.31,488.84233
2022-07-03T10:00:00.000000000,488.98,493.22641
2022-07-03T11:00:00.000000000,489.32,497.36013
2022-07-03T12:00:00.000000000,482.45,502.304
2022-07-03T13:00:00.000000000,489.25,506.23464
2022-07-03T14:00:00.000000000,500.36,508.49367
2022-07-03T15:00:00.000000000,509.19,509.89958
2022-07-03T16:00:00.000000000,515.0,509.84719
2022-07-03T17:00:00.000000000,508.13,509.8062
2022-07-03T18:00:00.000000000,501.35,508.27367
2022-07-03T19:00:00.000000000,491.0,505.33825
2022-07-03T20:00:00.000000000,485.06,501.47741
2022-07-03T21:00:00.000000000,467.12,496.93129
2022-07-03T22:00:00.000000000,445.84,491.76037
2022-07-03T23:00:00.000000000,429.31,486.63911
2022-07-04T00:00:00.000000000,419.18,468.79647
2022-07-04T01:00:00.000000000,398.87,457.36513
2022-07-04T02:00:00.000000000,373.61,443.99144
2022-07-04T03:00:00.000000000,358.78,430.89694
2022-07-04T04:00:00.000000000,337.32,418.41198
2022-07-04T05:00:00.000000000,318.44,407.77216
2022-07-04T06:00:00.000000000,299.5,399.67563
2022-07-04T07:00:00.000000000,284.73,394.58993
2022-07-04T08:00:00.000000000,277.73,393.90205
2022-07-04T09:00:00.000000000,273.75,397.3706
2022-07-04T10:00:00.000000000,285.5,403.8558
2022-07-04T11:00:00.000000000,299.82,412.30234
2022-07-04T12:00:00.000000000,294.78,423.48023
2022-07-04T13:00:00.000000000,324.39,435.03603
2022-07-04T14:00:00.000000000,365.55,445.46546
2022-07-04T15:00:00.000000000,362.35,454.23426
2022-07-04T16:00:00.000000000,370.7,460.33382
2022-07-04T17:00:00.000000000,390.01,464.61055
2022-07-04T18:00:00.000000000,413.8,466.26424
2022-07-04T19:00:00.000000000,425.86,465.90151
2022-07-04T20:00:00.000000000,430.31,463.96672
2022-07-04T21:00:00.000000000,429.71,460.66613
2022-07-04T22:00:00.000000000,428.03,456.01722
2022-07-04T23:00:00.000000000,427.76,450.61058
2022-07-05T00:00:00.000000000,426.11,441.70255
2022-07-05T01:00:00.000000000,423.91,426.14238
2022-07-05T02:00:00.000000000,408.71,408.08791
2022-07-05T03:00:00.000000000,379.2,391.05905
2022-07-05T04:00:00.000000000,353.45,376.20248
2022-07-05T05:00:00.000000000,333.65,364.97404
2022-07-05T06:00:00.000000000,322.0,358.70059
2022-07-05T07:00:00.000000000,316.73,357.10793
2022-07-05T08:00:00.000000000,311.16,360.99492
2022-07-05T09:00:00.000000000,293.9,369.19539
2022-07-05T10:00:00.000000000,286.85,379.97916
2022-07-05T11:00:00.000000000,287.15,392.71707
2022-07-05T12:00:00.000000000,288.53,408.56688
2022-07-05T13:00:00.000000000,335.0,425.21038
2022-07-05T14:00:00.000000000,400.19,441.0851
2022-07-05T15:00:00.000000000,416.45,455.11543
2022-07-05T16:00:00.000000000,420.74,465.65459
2022-07-05T17:00:00.000000000,439.52,472.51293
2022-07-05T18:00:00.000000000,449.26,475.04384
2022-07-05T19:00:00.000000000,447.78,473.87552
2022-07-05T20:00:00.000000000,442.41,470.38689
2022-07-05T21:00:00.000000000,439.96,465.67046
2022-07-05T22:00:00.000000000,430.06,459.66731
2022-07-05T23:00:00.000000000,427.31,452.68384
2022-07-03T00:00:00.000000000,529.9,550.24868
2022-07-03T01:00:00.000000000,509.16,545.9844
2022-07-03T02:00:00.000000000,482.62,540.90776
2022-07-03T03:00:00.000000000,459.35,535.36255
2022-07-03T04:00:00.000000000,441.6,529.23202
2022-07-03T05:00:00.000000000,417.58,523.70986
2022-07-03T06:00:00.000000000,402.86,518.7358
2022-07-03T07:00:00.000000000,413.49,514.92032
2022-07-03T08:00:00.000000000,441.09,513.92738
2022-07-03T09:00:00.000000000,465.31,515.23613
2022-07-03T10:00:00.000000000,488.98,517.75531
2022-07-03T11:00:00.000000000,489.32,519.72575
2022-07-03T12:00:00.000000000,482.45,522.86025
2022-07-03T13:00:00.000000000,489.25,525.57905
2022-07-03T14:00:00.000000000,500.36,527.23719
2022-07-03T15:00:00.000000000,509.19,528.51198
2022-07-03T16:00:00.000000000,515.0,528.79568
2022-07-03T17:00:00.000000000,508.13,529.85386
2022-07-03T18:00:00.000000000,501.35,529.73792
2022-07-03T19:00:00.000000000,491.0,528.36453
2022-07-03T20:00:00.000000000,485.06,525.96901
2022-07-03T21:00:00.000000000,467.12,522.61114
2022-07-03T22:00:00.000000000,445.84,518.62265
2022-07-03T23:00:00.000000000,429.31,514.63032
2022-07-04T00:00:00.000000000,419.18,499.44864
2022-07-04T01:00:00.000000000,398.87,491.85513
2022-07-04T02:00:00.000000000,373.61,483.42041
2022-07-04T03:00:00.000000000,358.78,475.609
2022-07-04T04:00:00.000000000,337.32,467.72573
2022-07-04T05:00:00.000000000,318.44,460.35306
2022-07-04T06:00:00.000000000,299.5,453.71945
2022-07-04T07:00:00.000000000,284.73,448.43295
2022-07-04T08:00:00.000000000,277.73,446.70811
2022-07-04T09:00:00.000000000,273.75,448.38221
2022-07-04T10:00:00.000000000,285.5,452.32824
2022-07-04T11:00:00.000000000,299.82,457.44254
2022-07-04T12:00:00.000000000,294.78,464.64931
2022-07-04T13:00:00.000000000,324.39,471.67557
2022-07-04T14:00:00.000000000,365.55,477.57448
2022-07-04T15:00:00.000000000,362.35,482.63567
2022-07-04T16:00:00.000000000,370.7,485.9879
2022-07-04T17:00:00.000000000,390.01,489.20095
2022-07-04T18:00:00.000000000,413.8,491.24865
2022-07-04T19:00:00.000000000,425.86,492.30356
2022-07-04T20:00:00.000000000,430.31,492.48729
2022-07-04T21:00:00.000000000,429.71,491.77843
2022-07-04T22:00:00.000000000,428.03,489.90324
2022-07-04T23:00:00.000000000,427.76,487.33056
2022-07-05T00:00:00.000000000,426.11,486.6184
2022-07-05T01:00:00.000000000,423.91,473.85007
2022-07-05T02:00:00.000000000,408.71,458.68667
2022-07-05T03:00:00.000000000,379.2,443.79076
2022-07-05T04:00:00.000000000,353.45,429.85866
2022-07-05T05:00:00.000000000,333.65,418.25004
2022-07-05T06:00:00.000000000,322.0,410.14194
2022-07-05T07:00:00.000000000,316.73,405.71495
2022-07-05T08:00:00.000000000,311.16,406.42371
2022-07-05T09:00:00.000000000,293.9,411.57026
2022-07-05T10:00:00.000000000,286.85,419.75596
2022-07-05T11:00:00.000000000,287.15,429.96062
2022-07-05T12:00:00.000000000,288.53,443.35418
2022-07-05T13:00:00.000000000,335.0,457.43153
2022-07-05T14:00:00.000000000,400.19,470.64917
2022-07-05T15:00:00.000000000,416.45,482.29379
2022-07-05T16:00:00.000000000,420.74,491.02979
2022-07-05T17:00:00.000000000,439.52,497.46503
2022-07-05T18:00:00.000000000,449.26,500.55146
2022-07-05T19:00:00.000000000,447.78,500.7513
2022-07-05T20:00:00.000000000,442.41,498.99717
2022-07-05T21:00:00.000000000,439.96,496.10221
2022-07-05T22:00:00.000000000,430.06,492.04392
2022-07-05T23:00:00.000000000,427.31,487.07506
2022-07-06T00:00:00.000000000,432.77,488.82697
2022-07-06T01:00:00.000000000,434.18,474.96805
2022-07-06T02:00:00.000000000,421.41,458.6317
2022-07-06T03:00:00.000000000,392.56,442.59651
2022-07-06T04:00:00.000000000,375.05,428.09517
2022-07-06T05:00:00.000000000,356.08,417.07749
2022-07-06T06:00:00.000000000,349.53,410.86042
2022-07-06T07:00:00.000000000,349.19,409.51737
2022-07-06T08:00:00.000000000,343.24,413.88507
2022-07-06T09:00:00.000000000,341.4,422.92113
2022-07-06T10:00:00.000000000,335.3,434.82971
2022-07-06T11:00:00.000000000,349.89,448.33069
2022-07-06T12:00:00.000000000,372.47,464.877
2022-07-06T13:00:00.000000000,416.56,482.0109
2022-07-06T14:00:00.000000000,466.82,497.63372
2022-07-06T15:00:00.000000000,478.03,510.59313
2022-07-06T16:00:00.000000000,480.05,519.77423
2022-07-06T17:00:00.000000000,493.94,525.83593
2022-07-06T18:00:00.000000000,509.28,527.70921
2022-07-06T19:00:00.000000000,516.48,525.85948
2022-07-06T20:00:00.000000000,507.03,521.5355
2022-07-06T21:00:00.000000000,499.34,515.78712
2022-07-06T22:00:00.000000000,486.59,508.93931
2022-07-06T23:00:00.000000000,480.01,501.22563
2022-07-04T00:00:00.000000000,419.18,416.14683
2022-07-04T01:00:00.000000000,398.87,405.20197
2022-07-04T02:00:00.000000000,373.61,392.24751
2022-07-04T03:00:00.000000000,358.78,380.68526
2022-07-04T04:00:00.000000000,337.32,370.41657
2022-07-04T05:00:00.000000000,318.44,361.73181
2022-07-04T06:00:00.000000000,299.5,355.77043
2022-07-04T07:00:00.000000000,284.73,352.48842
2022-07-04T08:00:00.000000000,277.73,353.44213
2022-07-04T09:00:00.000000000,273.75,358.08701
2022-07-04T10:00:00.000000000,285.5,365.47115
2022-07-04T11:00:00.000000000,299.82,375.41154
2022-07-04T12:00:00.000000000,294.78,389.38519
2022-07-04T13:00:00.000000000,324.39,404.96057
2022-07-04T14:00:00.000000000,365.55,420.80403
2022-07-04T15:00:00.000000000,362.35,435.97842
2022-07-04T16:00:00.000000000,370.7,449.02973
2022-07-04T17:00:00.000000000,390.01,460.39173
2022-07-04T18:00:00.000000000,413.8,469.44823
2022-07-04T19:00:00.000000000,425.86,476.43823
2022-07-04T20:00:00.000000000,430.31,481.38702
2022-07-04T21:00:00.000000000,429.71,484.40933
2022-07-04T22:00:00.000000000,428.03,484.89951
2022-07-04T23:00:00.000000000,427.76,483.05056
2022-07-05T00:00:00.000000000,426.11,490.77838
2022-07-05T01:00:00.000000000,423.91,475.86486
2022-07-05T02:00:00.000000000,408.71,457.70062
2022-07-05T03:00:00.000000000,379.2,439.12021
2022-07-05T04:00:00.000000000,353.45,421.50265
2022-07-05T05:00:00.000000000,333.65,406.78866
2022-07-05T06:00:00.000000000,322.0,396.46861
2022-07-05T07:00:00.000000000,316.73,390.72764
2022-07-05T08:00:00.000000000,311.16,390.80085
2022-07-05T09:00:00.000000000,293.9,395.97805
2022-07-05T10:00:00.000000000,286.85,404.78474
2022-07-05T11:00:00.000000000,287.15,416.23964
2022-07-05T12:00:00.000000000,288.53,431.54365
2022-07-05T13:00:00.000000000,335.0,448.07435
2022-07-05T14:00:00.000000000,400.19,464.04068
2022-07-05T15:00:00.000000000,416.45,478.33321
2022-07-05T16:00:00.000000000,420.74,489.53471
2022-07-05T17:00:00.000000000,439.52,497.69247
2022-07-05T18:00:00.000000000,449.26,501.42457
2022-07-05T19:00:00.000000000,447.78,501.21537
2022-07-05T20:00:00.000000000,442.41,498.38467
2022-07-05T21:00:00.000000000,439.96,494.05055
2022-07-05T22:00:00.000000000,430.06,488.41103
2022-07-05T23:00:00.000000000,427.31,481.8291
2022-07-06T00:00:00.000000000,432.77,479.03684
2022-07-06T01:00:00.000000000,434.18,467.34636
2022-07-06T02:00:00.000000000,421.41,454.04156
2022-07-06T03:00:00.000000000,392.56,441.9636
2022-07-06T04:00:00.000000000,375.05,431.62296
2022-07-06T05:00:00.000000000,356.08,424.42924
2022-07-06T06:00:00.000000000,349.53,421.32237
2022-07-06T07:00:00.000000000,349.19,422.24397
2022-07-06T08:00:00.000000000,343.24,427.95451
2022-07-06T09:00:00.000000000,341.4,437.29416
2022-07-06T10:00:00.000000000,335.3,448.61788
2022-07-06T11:00:00.000000000,349.89,460.79762
2022-07-06T12:00:00.000000000,372.47,475.60045
2022-07-06T13:00:00.000000000,416.56,490.83116
2022-07-06T14:00:00.000000000,466.82,504.54983
2022-07-06T15:00:00.000000000,478.03,515.82409
2022-07-06T16:00:00.000000000,480.05,523.61312
2022-07-06T17:00:00.000000000,493.94,529.20463
2022-07-06T18:00:00.000000000,509.28,531.89163
2022-07-06T19:00:00.000000000,516.48,532.07514
2022-07-06T20:00:00.000000000,507.03,530.39201
2022-07-06T21:00:00.000000000,499.34,527.26056
2022-07-06T22:00:00.000000000,486.59,522.62656
2022-07-06T23:00:00.000000000,480.01,516.58947
2022-07-07T00:00:00.000000000,489.99,509.61321
2022-07-07T01:00:00.000000000,496.84,499.08419
2022-07-07T02:00:00.000000000,496.13,487.04583
2022-07-07T03:00:00.000000000,483.32,475.94356
2022-07-07T04:00:00.000000000,462.15,466.23688
2022-07-07T05:00:00.000000000,453.48,459.30703
2022-07-07T06:00:00.000000000,448.14,455.86005
2022-07-07T07:00:00.000000000,436.82,455.97194
2022-07-07T08:00:00.000000000,409.4,460.59139
2022-07-07T09:00:00.000000000,382.55,468.86558
2022-07-07T10:00:00.000000000,396.68,479.32063
2022-07-07T11:00:00.000000000,440.38,490.4944
2022-07-07T12:00:00.000000000,482.82,503.86792
2022-07-07T13:00:00.000000000,514.21,517.40691
2022-07-07T14:00:00.000000000,526.06,529.22359
2022-07-07T15:00:00.000000000,524.54,538.47722
2022-07-07T16:00:00.000000000,526.36,544.18875
2022-07-07T17:00:00.000000000,531.51,548.13694
2022-07-07T18:00:00.000000000,538.11,549.55501
2022-07-07T19:00:00.000000000,541.97,548.60641
2022-07-07T20:00:00.000000000,543.83,545.65116
2022-07-07T21:00:00.000000000,541.51,540.9579
2022-07-07T22:00:00.000000000,539.86,534.5617
2022-07-07T23:00:00.000000000,534.49,526.77709
2022-07-05T00:00:00.000000000,426.11,457.07597
2022-07-05T01:00:00.000000000,423.91,445.60556
2022-07-05T02:00:00.000000000,408.71,432.21398
2022-07-05T03:00:00.000000000,379.2,419.31755
2022-07-05T04:00:00.000000000,353.45,407.70834
2022-07-05T05:00:00.000000000,333.65,398.75818
2022-07-05T06:00:00.000000000,322.0,393.77114
2022-07-05T07:00:00.000000000,316.73,392.40741
2022-07-05T08:00:00.000000000,311.16,395.66296
2022-07-05T09:00:00.000000000,293.9,402.87771
2022-07-05T10:00:00.000000000,286.85,412.57398
2022-07-05T11:00:00.000000000,287.15,423.79024
2022-07-05T12:00:00.000000000,288.53,438.08352
2022-07-05T13:00:00.000000000,335.0,453.45738
2022-07-05T14:00:00.000000000,400.19,468.30966
2022-07-05T15:00:00.000000000,416.45,481.68558
2022-07-05T16:00:00.000000000,420.74,492.21399
2022-07-05T17:00:00.000000000,439.52,500.08656
2022-07-05T18:00:00.000000000,449.26,504.20023
2022-07-05T19:00:00.000000000,447.78,504.48111
2022-07-05T20:00:00.000000000,442.41,501.46438
2022-07-05T21:00:00.000000000,439.96,495.89097
2022-07-05T22:00:00.000000000,430.06,488.20363
2022-07-05T23:00:00.000000000,427.31,479.30671
2022-07-06T00:00:00.000000000,432.77,474.81379
2022-07-06T01:00:00.000000000,434.18,464.92308
2022-07-06T02:00:00.000000000,421.41,453.56171
2022-07-06T03:00:00.000000000,392.56,443.2894
2022-07-06T04:00:00.000000000,375.05,434.45881
2022-07-06T05:00:00.000000000,356.08,428.56839
2022-07-06T06:00:00.000000000,349.53,426.5377
2022-07-06T07:00:00.000000000,349.19,428.25714
2022-07-06T08:00:00.000000000,343.24,434.50106
2022-07-06T09:00:00.000000000,341.4,444.26554
2022-07-06T10:00:00.000000000,335.3,455.78387
2022-07-06T11:00:00.000000000,349.89,467.77001
2022-07-06T12:00:00.000000000,372.47,481.72035
2022-07-06T13:00:00.000000000,416.56,495.46417
2022-07-06T14:00:00.000000000,466.82,507.30611
2022-07-06T15:00:00.000000000,478.03,516.8161
2022-07-06T16:00:00.000000000,480.05,523.15031
2022-07-06T17:00:00.000000000,493.94,527.84051
2022-07-06T18:00:00.000000000,509.28,530.25092
2022-07-06T19:00:00.000000000,516.48,530.66788
2022-07-06T20:00:00.000000000,507.03,529.42502
2022-07-06T21:00:00.000000000,499.34,526.71191
2022-07-06T22:00:00.000000000,486.59,522.33113
2022-07-06T23:00:00.000000000,480.01,516.44052
2022-07-07T00:00:00.000000000,489.99,522.76195
2022-07-07T01:00:00.000000000,496.84,515.37218
2022-07-07T02:00:00.000000000,496.13,506.99828
2022-07-07T03:00:00.000000000,483.32,498.70096
2022-07-07T04:00:00.000000000,462.15,490.54463
2022-07-07T05:00:00.000000000,453.48,483.81981
2022-07-07T06:00:00.000000000,448.14,478.92756
2022-07-07T07:00:00.000000000,436.82,476.24536
2022-07-07T08:00:00.000000000,409.4,477.34215
2022-07-07T09:00:00.000000000,382.55,481.6935
2022-07-07T10:00:00.000000000,396.68,487.95476
2022-07-07T11:00:00.000000000,440.38,494.51392
2022-07-07T12:00:00.000000000,482.82,502.53573
2022-07-07T13:00:00.000000000,514.21,509.94768
2022-07-07T14:00:00.000000000,526.06,515.61627
2022-07-07T15:00:00.000000000,524.54,519.85375
2022-07-07T16:00:00.000000000,526.36,521.92941
2022-07-07T17:00:00.000000000,531.51,523.42252
2022-07-07T18:00:00.000000000,538.11,523.00358
2022-07-07T19:00:00.000000000,541.97,520.88582
2022-07-07T20:00:00.000000000,543.83,517.65242
2022-07-07T21:00:00.000000000,541.51,513.73327
2022-07-07T22:00:00.000000000,539.86,509.20807
2022-07-07T23:00:00.000000000,534.49,504.53956
2022-07-08T00:00:00.000000000,529.0,500.04227
2022-07-08T01:00:00.000000000,529.32,487.79045
2022-07-08T02:00:00.000000000,533.47,473.39585
2022-07-08T03:00:00.000000000,520.88,459.44584
2022-07-08T04:00:00.000000000,518.8,446.77148
2022-07-08T05:00:00.000000000,519.82,437.0534
2022-07-08T06:00:00.000000000,508.89,431.38468
2022-07-08T07:00:00.000000000,498.79,429.95651
2022-07-08T08:00:00.000000000,477.61,433.74198
2022-07-08T09:00:00.000000000,481.36,441.70951
2022-07-08T10:00:00.000000000,469.46,452.29383
2022-07-08T11:00:00.000000000,466.91,464.13046
2022-07-08T12:00:00.000000000,473.49,478.68274
2022-07-08T13:00:00.000000000,489.53,493.55254
2022-07-08T14:00:00.000000000,507.53,506.84159
2022-07-08T15:00:00.000000000,509.21,517.70337
2022-07-08T16:00:00.000000000,508.09,525.1308
2022-07-08T17:00:00.000000000,511.93,530.32713
2022-07-08T18:00:00.000000000,522.69,532.30852
2022-07-08T19:00:00.000000000,534.17,531.54887
2022-07-08T20:00:00.000000000,538.91,528.94724
2022-07-08T21:00:00.000000000,538.44,525.19816
2022-07-08T22:00:00.000000000,530.62,520.34074
2022-07-08T23:00:00.000000000,521.55,514.48599
2022-07-06T00:00:00.000000000,432.77,452.38784
2022-07-06T01:00:00.000000000,434.18,443.10909
2022-07-06T02:00:00.000000000,421.41,432.56132
2022-07-06T03:00:00.000000000,392.56,423.52451
2022-07-06T04:00:00.000000000,375.05,415.95396
2022-07-06T05:00:00.000000000,356.08,410.89295
2022-07-06T06:00:00.000000000,349.53,409.51395
2022-07-06T07:00:00.000000000,349.19,411.70862
2022-07-06T08:00:00.000000000,343.24,418.31014
2022-07-06T09:00:00.000000000,341.4,428.72337
2022-07-06T10:00:00.000000000,335.3,441.50202
2022-07-06T11:00:00.000000000,349.89,455.62943
2022-07-06T12:00:00.000000000,372.47,472.72882
2022-07-06T13:00:00.000000000,416.56,490.61917
2022-07-06T14:00:00.000000000,466.82,507.09244
2022-07-06T15:00:00.000000000,478.03,520.82473
2022-07-06T16:00:00.000000000,480.05,530.67871
2022-07-06T17:00:00.000000000,493.94,538.36947
2022-07-06T18:00:00.000000000,509.28,543.56583
2022-07-06T19:00:00.000000000,516.48,546.24569
2022-07-06T20:00:00.000000000,507.03,546.01981
2022-07-06T21:00:00.000000000,499.34,542.7393
2022-07-06T22:00:00.000000000,486.59,536.45073
2022-07-06T23:00:00.000000000,480.01,527.81297
2022-07-07T00:00:00.000000000,489.99,526.51055
2022-07-07T01:00:00.000000000,496.84,518.64287
2022-07-07T02:00:00.000000000,496.13,509.75393
2022-07-07T03:00:00.000000000,483.32,501.43177
2022-07-07T04:00:00.000000000,462.15,493.77149
2022-07-07T05:00:00.000000000,453.48,488.08925
2022-07-07T06:00:00.000000000,448.14,484.91235
2022-07-07T07:00:00.000000000,436.82,484.52936
2022-07-07T08:00:00.000000000,409.4,487.96289
2022-07-07T09:00:00.000000000,382.55,494.26596
2022-07-07T10:00:00.000000000,396.68,502.22499
2022-07-07T11:00:00.000000000,440.38,510.16657
2022-07-07T12:00:00.000000000,482.82,519.51466
2022-07-07T13:00:00.000000000,514.21,528.47435
2022-07-07T14:00:00.000000000,526.06,535.69573
2022-07-07T15:00:00.000000000,524.54,541.01302
2022-07-07T16:00:00.000000000,526.36,543.37452
2022-07-07T17:00:00.000000000,531.51,544.90048
2022-07-07T18:00:00.000000000,538.11,544.69914
2022-07-07T19:00:00.000000000,541.97,543.06306
2022-07-07T20:00:00.000000000,543.83,540.18331
2022-07-07T21:00:00.000000000,541.51,536.17036
2022-07-07T22:00:00.000000000,539.86,531.09186
2022-07-07T23:00:00.000000000,534.49,525.40328
2022-07-08T00:00:00.000000000,529.0,520.37014
2022-07-08T01:00:00.000000000,529.32,508.76912
2022-07-08T02:00:00.000000000,533.47,495.03275
2022-07-08T03:00:00.000000000,520.88,481.4047
2022-07-08T04:00:00.000000000,518.8,468.71234
2022-07-08T05:00:00.000000000,519.82,458.70455
2022-07-08T06:00:00.000000000,508.89,452.37883
2022-07-08T07:00:00.000000000,498.79,450.13412
2022-07-08T08:00:00.000000000,477.61,453.04175
2022-07-08T09:00:00.000000000,481.36,460.22733
2022-07-08T10:00:00.000000000,469.46,470.28448
2022-07-08T11:00:00.000000000,466.91,481.5564
2022-07-08T12:00:00.000000000,473.49,495.25479
2022-07-08T13:00:00.000000000,489.53,509.02546
2022-07-08T14:00:00.000000000,507.53,521.00863
2022-07-08T15:00:00.000000000,509.21,530.44377
2022-07-08T16:00:00.000000000,508.09,536.35796
2022-07-08T17:00:00.000000000,511.93,540.25433
2022-07-08T18:00:00.000000000,522.69,541.07414
2022-07-08T19:00:00.000000000,534.17,539.25679
2022-07-08T20:00:00.000000000,538.91,535.56317
2022-07-08T21:00:00.000000000,538.44,530.6052
2022-07-08T22:00:00.000000000,530.62,524.54938
2022-07-08T23:00:00.000000000,521.55,517.71741
2022-07-09T00:00:00.000000000,526.95,513.8003
2022-07-09T01:00:00.000000000,538.23,501.39345
2022-07-09T02:00:00.000000000,534.27,486.65396
2022-07-09T03:00:00.000000000,529.51,471.61955
2022-07-09T04:00:00.000000000,523.92,457.35775
2022-07-09T05:00:00.000000000,515.86,445.78403
2022-07-09T06:00:00.000000000,518.89,438.05873
2022-07-09T07:00:00.000000000,515.12,434.48081
2022-07-09T08:00:00.000000000,529.13,436.31709
2022-07-09T09:00:00.000000000,533.47,442.83895
2022-07-09T10:00:00.000000000,546.74,452.41382
2022-07-09T11:00:00.000000000,546.43,463.39304
2022-07-09T12:00:00.000000000,545.47,476.91958
2022-07-09T13:00:00.000000000,549.62,490.54412
2022-07-09T14:00:00.000000000,568.35,502.4696
2022-07-09T15:00:00.000000000,570.57,512.14184
2022-07-09T16:00:00.000000000,559.78,518.70763
2022-07-09T17:00:00.000000000,555.58,523.02444
2022-07-09T18:00:00.000000000,542.89,523.77002
2022-07-09T19:00:00.000000000,535.35,521.28652
2022-07-09T20:00:00.000000000,533.4,516.63961
2022-07-09T21:00:00.000000000,530.07,510.79615
2022-07-09T22:00:00.000000000,525.31,504.14289
2022-07-09T23:00:00.000000000,518.72,497.07325
2022-07-07T00:00:00.000000000,489.99,512.37711
2022-07-07T01:00:00.000000000,496.84,507.19695
2022-07-07T02:00:00.000000000,496.13,501.78706
2022-07-07T03:00:00.000000000,483.32,497.55367
2022-07-07T04:00:00.000000000,462.15,493.72874
2022-07-07T05:00:00.000000000,453.48,491.01587
2022-07-07T06:00:00.000000000,448.14,490.13071
2022-07-07T07:00:00.000000000,436.82,491.60122
2022-07-07T08:00:00.000000000,409.4,496.68023
2022-07-07T09:00:00.000000000,382.55,504.75803
2022-07-07T10:00:00.000000000,396.68,514.6281
2022-07-07T11:00:00.000000000,440.38,524.569
2022-07-07T12:00:00.000000000,482.82,536.25381
2022-07-07T13:00:00.000000000,514.21,548.32103
2022-07-07T14:00:00.000000000,526.06,559.04379
2022-07-07T15:00:00.000000000,524.54,567.35509
2022-07-07T16:00:00.000000000,526.36,571.75727
2022-07-07T17:00:00.000000000,531.51,574.96481
2022-07-07T18:00:00.000000000,538.11,576.44216
2022-07-07T19:00:00.000000000,541.97,575.676
2022-07-07T20:00:00.000000000,543.83,571.81374
2022-07-07T21:00:00.000000000,541.51,564.4952
2022-07-07T22:00:00.000000000,539.86,554.57659
2022-07-07T23:00:00.000000000,534.49,543.45868
2022-07-08T00:00:00.000000000,529.0,537.46978
2022-07-08T01:00:00.000000000,529.32,529.28384
2022-07-08T02:00:00.000000000,533.47,519.67011
2022-07-08T03:00:00.000000000,520.88,510.23309
2022-07-08T04:00:00.000000000,518.8,501.40515
2022-07-08T05:00:00.000000000,519.82,494.73164
2022-07-08T06:00:00.000000000,508.89,490.74789
2022-07-08T07:00:00.000000000,498.79,489.8218
2022-07-08T08:00:00.000000000,477.61,493.04929
2022-07-08T09:00:00.000000000,481.36,499.58117
2022-07-08T10:00:00.000000000,469.46,508.04578
2022-07-08T11:00:00.000000000,466.91,516.46762
2022-07-08T12:00:00.000000000,473.49,526.05821
2022-07-08T13:00:00.000000000,489.53,535.01272
2022-07-08T14:00:00.000000000,507.53,541.99432
2022-07-08T15:00:00.000000000,509.21,546.93105
2022-07-08T16:00:00.000000000,508.09,548.97488
2022-07-08T17:00:00.000000000,511.93,550.25633
2022-07-08T18:00:00.000000000,522.69,549.74452
2022-07-08T19:00:00.000000000,534.17,547.5915
2022-07-08T20:00:00.000000000,538.91,544.01214
2022-07-08T21:00:00.000000000,538.44,539.18301
2022-07-08T22:00:00.000000000,530.62,533.23585
2022-07-08T23:00:00.000000000,521.55,526.62232
2022-07-09T00:00:00.000000000,526.95,531.05522
2022-07-09T01:00:00.000000000,538.23,518.61278
2022-07-09T02:00:00.000000000,534.27,503.21434
2022-07-09T03:00:00.000000000,529.51,486.70359
2022-07-09T04:00:00.000000000,523.92,470.32214
2022-07-09T05:00:00.000000000,515.86,456.26504
2022-07-09T06:00:00.000000000,518.89,445.71295
2022-07-09T07:00:00.000000000,515.12,439.33457
2022-07-09T08:00:00.000000000,529.13,438.63553
2022-07-09T09:00:00.000000000,533.47,443.07651
2022-07-09T10:00:00.000000000,546.74,451.1625
2022-07-09T11:00:00.000000000,546.43,461.20824
2022-07-09T12:00:00.000000000,545.47,474.1299
2022-07-09T13:00:00.000000000,549.62,487.24306
2022-07-09T14:00:00.000000000,568.35,498.89077
2022-07-09T15:00:00.000000000,570.57,508.59542
2022-07-09T16:00:00.000000000,559.78,515.52596
2022-07-09T17:00:00.000000000,555.58,520.47249
2022-07-09T18:00:00.000000000,542.89,521.71764
2022-07-09T19:00:00.000000000,535.35,519.67552
2022-07-09T20:00:00.000000000,533.4,515.58714
2022-07-09T21:00:00.000000000,530.07,510.43749
2022-07-09T22:00:00.000000000,525.31,504.52306
2022-07-09T23:00:00.000000000,518.72,498.25766
2022-07-10T00:00:00.000000000,519.95,479.31046
2022-07-10T01:00:00.000000000,521.94,462.41018
2022-07-10T02:00:00.000000000,514.24,442.35295
2022-07-10T03:00:00.000000000,484.59,421.98865
2022-07-10T04:00:00.000000000,456.41,403.18719
2022-07-10T05:00:00.000000000,432.73,388.37622
2022-07-10T06:00:00.000000000,411.32,379.04602
2022-07-10T07:00:00.000000000,391.94,375.47038
2022-07-10T08:00:00.000000000,373.32,378.272
2022-07-10T09:00:00.000000000,374.33,386.21018
2022-07-10T10:00:00.000000000,385.02,397.30381
2022-07-10T11:00:00.000000000,391.98,410.26685
2022-07-10T12:00:00.000000000,404.17,425.79342
2022-07-10T13:00:00.000000000,439.53,441.43808
2022-07-10T14:00:00.000000000,480.42,455.48471
2022-07-10T15:00:00.000000000,485.4,467.0464
2022-07-10T16:00:00.000000000,487.43,474.72242
2022-07-10T17:00:00.000000000,502.51,478.25624
2022-07-10T18:00:00.000000000,511.96,476.60251
2022-07-10T19:00:00.000000000,520.34,470.67269
2022-07-10T20:00:00.000000000,520.04,462.41051
2022-07-10T21:00:00.000000000,516.92,453.32755
2022-07-10T22:00:00.000000000,516.81,443.96425
2022-07-10T23:00:00.000000000,513.62,434.83758
2022-07-08T00:00:00.000000000,529.0,555.88591
2022-07-08T01:00:00.000000000,529.32,549.55213
2022-07-08T02:00:00.000000000,533.47,542.01908
2022-07-08T03:00:00.000000000,520.88,534.1448
2022-07-08T04:00:00.000000000,518.8,525.87773
2022-07-08T05:00:00.000000000,519.82,518.55709
2022-07-08T06:00:00.000000000,508.89,512.78093
2022-07-08T07:00:00.000000000,498.79,509.48667
2022-07-08T08:00:00.000000000,477.61,510.28275
2022-07-08T09:00:00.000000000,481.36,514.49739
2022-07-08T10:00:00.000000000,469.46,520.90169
2022-07-08T11:00:00.000000000,466.91,527.31749
2022-07-08T12:00:00.000000000,473.49,535.28598
2022-07-08T13:00:00.000000000,489.53,543.24474
2022-07-08T14:00:00.000000000,507.53,549.92768
2022-07-08T15:00:00.000000000,509.21,555.03405
2022-07-08T16:00:00.000000000,508.09,557.5643
2022-07-08T17:00:00.000000000,511.93,559.67055
2022-07-08T18:00:00.000000000,522.69,559.84239
2022-07-08T19:00:00.000000000,534.17,557.70842
2022-07-08T20:00:00.000000000,538.91,553.12831
2022-07-08T21:00:00.000000000,538.44,546.14307
2022-07-08T22:00:00.000000000,530.62,537.69509
2022-07-08T23:00:00.000000000,521.55,528.96743
2022-07-09T00:00:00.000000000,526.95,534.69703
2022-07-09T01:00:00.000000000,538.23,521.83382
2022-07-09T02:00:00.000000000,534.27,506.12143
2022-07-09T03:00:00.000000000,529.51,489.44124
2022-07-09T04:00:00.000000000,523.92,473.10224
2022-07-09T05:00:00.000000000,515.86,459.28717
2022-07-09T06:00:00.000000000,518.89,449.26107
2022-07-09T07:00:00.000000000,515.12,443.64691
2022-07-09T08:00:00.000000000,529.13,443.80054
2022-07-09T09:00:00.000000000,533.47,449.10967
2022-07-09T10:00:00.000000000,546.74,458.05883
2022-07-09T11:00:00.000000000,546.43,468.74633
2022-07-09T12:00:00.000000000,545.47,482.17365
2022-07-09T13:00:00.000000000,549.62,495.81586
2022-07-09T14:00:00.000000000,568.35,507.80672
2022-07-09T15:00:00.000000000,570.57,517.48892
2022-07-09T16:00:00.000000000,559.78,524.04718
2022-07-09T17:00:00.000000000,555.58,528.41143
2022-07-09T18:00:00.000000000,542.89,529.05328
2022-07-09T19:00:00.000000000,535.35,526.32667
2022-07-09T20:00:00.000000000,533.4,521.24808
2022-07-09T21:00:00.000000000,530.07,514.73729
2022-07-09T22:00:00.000000000,525.31,507.354
2022-07-09T23:00:00.000000000,518.72,499.64121
2022-07-10T00:00:00.000000000,519.95,487.41625
2022-07-10T01:00:00.000000000,521.94,470.40171
2022-07-10T02:00:00.000000000,514.24,449.73675
2022-07-10T03:00:00.000000000,484.59,428.42163
2022-07-10T04:00:00.000000000,456.41,408.39759
2022-07-10T05:00:00.000000000,432.73,392.14243
2022-07-10T06:00:00.000000000,411.32,381.36692
2022-07-10T07:00:00.000000000,391.94,376.22712
2022-07-10T08:00:00.000000000,373.32,377.65142
2022-07-10T09:00:00.000000000,374.33,384.65334
2022-07-10T10:00:00.000000000,385.02,395.30958
2022-07-10T11:00:00.000000000,391.98,408.38388
2022-07-10T12:00:00.000000000,404.17,424.66016
2022-07-10T13:00:00.000000000,439.53,441.52645
2022-07-10T14:00:00.000000000,480.42,457.28322
2022-07-10T15:00:00.000000000,485.4,470.98799
2022-07-10T16:00:00.000000000,487.43,481.25308
2022-07-10T17:00:00.000000000,502.51,487.67385
2022-07-10T18:00:00.000000000,511.96,488.88665
2022-07-10T19:00:00.000000000,520.34,485.44738
2022-07-10T20:00:00.000000000,520.04,479.10924
2022-07-10T21:00:00.000000000,516.92,471.34215
2022-07-10T22:00:00.000000000,516.81,462.57395
2022-07-10T23:00:00.000000000,513.62,453.33217
2022-07-11T00:00:00.000000000,514.61,445.89427
2022-07-11T01:00:00.000000000,508.65,433.42545
2022-07-11T02:00:00.000000000,487.43,419.40529
2022-07-11T03:00:00.000000000,453.3,406.81564
2022-07-11T04:00:00.000000000,434.74,396.29512
2022-07-11T05:00:00.000000000,409.71,389.19709
2022-07-11T06:00:00.000000000,389.15,386.75166
2022-07-11T07:00:00.000000000,377.38,388.48064
2022-07-11T08:00:00.000000000,363.08,395.07551
2022-07-11T09:00:00.000000000,351.4,405.52759
2022-07-11T10:00:00.000000000,360.22,418.06194
2022-07-11T11:00:00.000000000,392.3,431.82703
2022-07-11T12:00:00.000000000,400.45,448.56609
2022-07-11T13:00:00.000000000,389.12,466.09576
2022-07-11T14:00:00.000000000,441.44,482.39305
2022-07-11T15:00:00.000000000,479.45,496.32452
2022-07-11T16:00:00.000000000,480.43,506.63851
2022-07-11T17:00:00.000000000,477.92,513.97665
2022-07-11T18:00:00.000000000,492.39,517.72617
2022-07-11T19:00:00.000000000,504.69,518.15015
2022-07-11T20:00:00.000000000,506.47,515.93721
2022-07-11T21:00:00.000000000,499.87,511.79683
2022-07-11T22:00:00.000000000,494.41,505.85255
2022-07-11T23:00:00.000000000,484.22,498.4124
2022-07-09T00:00:00.000000000,526.95,541.11345
2022-07-09T01:00:00.000000000,538.23,529.3049
2022-07-09T02:00:00.000000000,534.27,514.85842
2022-07-09T03:00:00.000000000,529.51,499.43715
2022-07-09T04:00:00.000000000,523.92,483.99721
2022-07-09T05:00:00.000000000,515.86,470.54412
2022-07-09T06:00:00.000000000,518.89,460.45399
2022-07-09T07:00:00.000000000,515.12,454.65419
2022-07-09T08:00:00.000000000,529.13,454.67639
2022-07-09T09:00:00.000000000,533.47,460.04694
2022-07-09T10:00:00.000000000,546.74,469.27968
2022-07-09T11:00:00.000000000,546.43,480.1628
2022-07-09T12:00:00.000000000,545.47,493.8625
2022-07-09T13:00:00.000000000,549.62,508.13678
2022-07-09T14:00:00.000000000,568.35,520.98946
2022-07-09T15:00:00.000000000,570.57,531.43419
2022-07-09T16:00:00.000000000,559.78,538.61017
2022-07-09T17:00:00.000000000,555.58,543.79616
2022-07-09T18:00:00.000000000,542.89,545.47428
2022-07-09T19:00:00.000000000,535.35,543.54225
2022-07-09T20:00:00.000000000,533.4,538.29445
2022-07-09T21:00:00.000000000,530.07,530.23016
2022-07-09T22:00:00.000000000,525.31,520.40795
2022-07-09T23:00:00.000000000,518.72,509.96325
2022-07-10T00:00:00.000000000,519.95,500.27475
2022-07-10T01:00:00.000000000,521.94,478.77642
2022-07-10T02:00:00.000000000,514.24,451.15035
2022-07-10T03:00:00.000000000,484.59,421.17457
2022-07-10T04:00:00.000000000,456.41,392.36246
2022-07-10T05:00:00.000000000,432.73,368.49386
2022-07-10T06:00:00.000000000,411.32,352.33671
2022-07-10T07:00:00.000000000,391.94,344.43345
2022-07-10T08:00:00.000000000,373.32,345.10208
2022-07-10T09:00:00.000000000,374.33,352.96677
2022-07-10T10:00:00.000000000,385.02,366.07994
2022-07-10T11:00:00.000000000,391.98,383.14343
2022-07-10T12:00:00.000000000,404.17,405.33147
2022-07-10T13:00:00.000000000,439.53,429.6194
2022-07-10T14:00:00.000000000,480.42,453.50104
2022-07-10T15:00:00.000000000,485.4,474.7046
2022-07-10T16:00:00.000000000,487.43,491.41002
2022-07-10T17:00:00.000000000,502.51,502.65896
2022-07-10T18:00:00.000000000,511.96,506.6864
2022-07-10T19:00:00.000000000,520.34,504.48564
2022-07-10T20:00:00.000000000,520.04,498.54217
2022-07-10T21:00:00.000000000,516.92,490.94275
2022-07-10T22:00:00.000000000,516.81,482.57068
2022-07-10T23:00:00.000000000,513.62,473.60934
2022-07-11T00:00:00.000000000,514.61,469.68743
2022-07-11T01:00:00.000000000,508.65,455.40154
2022-07-11T02:00:00.000000000,487.43,438.21626
2022-07-11T03:00:00.000000000,453.3,421.13949
2022-07-11T04:00:00.000000000,434.74,405.35272
2022-07-11T05:00:00.000000000,409.71,392.56647
2022-07-11T06:00:00.000000000,389.15,384.35269
2022-07-11T07:00:00.000000000,377.38,380.64295
2022-07-11T08:00:00.000000000,363.08,382.46663
2022-07-11T09:00:00.000000000,351.4,389.08565
2022-07-11T10:00:00.000000000,360.22,399.09289
2022-07-11T11:00:00.000000000,392.3,411.69266
2022-07-11T12:00:00.000000000,400.45,428.45764
2022-07-11T13:00:00.000000000,389.12,446.88493
2022-07-11T14:00:00.000000000,441.44,464.97619
2022-07-11T15:00:00.000000000,479.45,481.29842
2022-07-11T16:00:00.000000000,480.43,494.35057
2022-07-11T17:00:00.000000000,477.92,504.25361
2022-07-11T18:00:00.000000000,492.39,509.79678
2022-07-11T19:00:00.000000000,504.69,511.35107
2022-07-11T20:00:00.000000000,506.47,509.91902
2022-07-11T21:00:00.000000000,499.87,506.47288
2022-07-11T22:00:00.000000000,494.41,501.21921
2022-07-11T23:00:00.000000000,484.22,494.52112
2022-07-12T00:00:00.000000000,479.04,497.68419
2022-07-12T01:00:00.000000000,476.8,485.83109
2022-07-12T02:00:00.000000000,464.98,471.635
2022-07-12T03:00:00.000000000,445.66,457.35343
2022-07-12T04:00:00.000000000,434.4,443.65798
2022-07-12T05:00:00.000000000,433.66,431.89142
2022-07-12T06:00:00.000000000,433.35,423.18689
2022-07-12T07:00:00.000000000,426.77,417.74859
2022-07-12T08:00:00.000000000,433.66,417.00514
2022-07-12T09:00:00.000000000,455.13,420.39229
2022-07-12T10:00:00.000000000,462.06,426.87659
2022-07-12T11:00:00.000000000,456.24,435.57487
2022-07-12T12:00:00.000000000,463.03,448.2982
2022-07-12T13:00:00.000000000,468.98,462.7325
2022-07-12T14:00:00.000000000,482.39,477.08986
2022-07-12T15:00:00.000000000,477.34,490.26183
2022-07-12T16:00:00.000000000,487.14,500.8394
2022-07-12T17:00:00.000000000,502.59,509.36263
2022-07-12T18:00:00.000000000,516.94,514.36348
2022-07-12T19:00:00.000000000,531.85,516.13909
2022-07-12T20:00:00.000000000,540.41,515.44707
2022-07-12T21:00:00.000000000,543.85,513.02076
2022-07-12T22:00:00.000000000,545.51,509.17008
2022-07-12T23:00:00.000000000,548.9,504.312
2022-07-10T00:00:00.000000000,519.95,525.32668
2022-07-10T01:00:00.000000000,521.94,509.62635
2022-07-10T02:00:00.000000000,514.24,489.64492
2022-07-10T03:00:00.000000000,484.59,467.9694
2022-07-10T04:00:00.000000000,456.41,446.75192
2022-07-10T05:00:00.000000000,432.73,428.88027
2022-07-10T06:00:00.000000000,411.32,416.27706
2022-07-10T07:00:00.000000000,391.94,409.72615
2022-07-10T08:00:00.000000000,373.32,410.2577
2022-07-10T09:00:00.000000000,374.33,417.02396
2022-07-10T10:00:00.000000000,385.02,428.26569
2022-07-10T11:00:00.000000000,391.98,442.23335
2022-07-10T12:00:00.000000000,404.17,460.22208
2022-07-10T13:00:00.000000000,439.53,479.49355
2022-07-10T14:00:00.000000000,480.42,497.74789
2022-07-10T15:00:00.000000000,485.4,513.39748
2022-07-10T16:00:00.000000000,487.43,525.35254
2022-07-10T17:00:00.000000000,502.51,533.90119
2022-07-10T18:00:00.000000000,511.96,537.19694
2022-07-10T19:00:00.000000000,520.34,535.56218
2022-07-10T20:00:00.000000000,520.04,530.44032
2022-07-10T21:00:00.000000000,516.92,523.09159
2022-07-10T22:00:00.000000000,516.81,514.39733
2022-07-10T23:00:00.000000000,513.62,504.94425
2022-07-11T00:00:00.000000000,514.61,510.09126
2022-07-11T01:00:00.000000000,508.65,498.66429
2022-07-11T02:00:00.000000000,487.43,485.05538
2022-07-11T03:00:00.000000000,453.3,471.22669
2022-07-11T04:00:00.000000000,434.74,457.93896
2022-07-11T05:00:00.000000000,409.71,446.79162
2022-07-11T06:00:00.000000000,389.15,438.9502
2022-07-11T07:00:00.000000000,377.38,434.69433
2022-07-11T08:00:00.000000000,363.08,435.29243
2022-07-11T09:00:00.000000000,351.4,440.21619
2022-07-11T10:00:00.000000000,360.22,448.26351
2022-07-11T11:00:00.000000000,392.3,458.05418
2022-07-11T12:00:00.000000000,400.45,471.1544
2022-07-11T13:00:00.000000000,389.12,485.3612
2022-07-11T14:00:00.000000000,441.44,498.74876
2022-07-11T15:00:00.000000000,479.45,510.2928
2022-07-11T16:00:00.000000000,480.43,518.79437
2022-07-11T17:00:00.000000000,477.92,525.19498
2022-07-11T18:00:00.000000000,492.39,528.1824
2022-07-11T19:00:00.000000000,504.69,527.959
2022-07-11T20:00:00.000000000,506.47,525.0502
2022-07-11T21:00:00.000000000,499.87,520.07279
2022-07-11T22:00:00.000000000,494.41,513.5984
2022-07-11T23:00:00.000000000,484.22,506.3032
2022-07-12T00:00:00.000000000,479.04,517.17293
2022-07-12T01:00:00.000000000,476.8,506.73705
2022-07-12T02:00:00.000000000,464.98,494.58551
2022-07-12T03:00:00.000000000,445.66,482.55094
2022-07-12T04:00:00.000000000,434.4,471.24166
2022-07-12T05:00:00.000000000,433.66,462.15288
2022-07-12T06:00:00.000000000,433.35,456.22435
2022-07-12T07:00:00.000000000,426.77,453.73632
2022-07-12T08:00:00.000000000,433.66,455.78507
2022-07-12T09:00:00.000000000,455.13,461.60774
2022-07-12T10:00:00.000000000,462.06,469.94911
2022-07-12T11:00:00.000000000,456.24,479.30506
2022-07-12T12:00:00.000000000,463.03,491.38464
2022-07-12T13:00:00.000000000,468.98,504.24326
2022-07-12T14:00:00.000000000,482.39,516.04223
2022-07-12T15:00:00.000000000,477.34,525.85447
2022-07-12T16:00:00.000000000,487.14,532.48238
2022-07-12T17:00:00.000000000,502.59,537.21419
2022-07-12T18:00:00.000000000,516.94,538.85574
2022-07-12T19:00:00.000000000,531.85,537.6049
2022-07-12T20:00:00.000000000,540.41,533.93398
2022-07-12T21:00:00.000000000,543.85,528.3624
2022-07-12T22:00:00.000000000,545.51,521.48674
2022-07-12T23:00:00.000000000,548.9,513.96191
2022-07-13T00:00:00.000000000,553.08,523.2637
2022-07-13T01:00:00.000000000,552.24,511.69736
2022-07-13T02:00:00.000000000,551.82,498.26114
2022-07-13T03:00:00.000000000,537.03,484.79479
2022-07-13T04:00:00.000000000,521.77,472.16604
2022-07-13T05:00:00.000000000,519.52,462.06829
2022-07-13T06:00:00.000000000,523.13,455.52741
2022-07-13T07:00:00.000000000,517.32,452.88512
2022-07-13T08:00:00.000000000,510.41,455.33369
2022-07-13T09:00:00.000000000,489.54,462.13713
2022-07-13T10:00:00.000000000,479.92,471.62504
2022-07-13T11:00:00.000000000,491.65,481.94627
2022-07-13T12:00:00.000000000,491.33,494.39609
2022-07-13T13:00:00.000000000,500.51,506.90925
2022-07-13T14:00:00.000000000,542.15,517.62749
2022-07-13T15:00:00.000000000,549.77,525.91409
2022-07-13T16:00:00.000000000,548.96,530.93313
2022-07-13T17:00:00.000000000,548.71,533.86326
2022-07-13T18:00:00.000000000,549.52,533.60629
2022-07-13T19:00:00.000000000,550.51,530.28225
2022-07-13T20:00:00.000000000,548.79,524.50233
2022-07-13T21:00:00.000000000,542.07,516.92563
2022-07-13T22:00:00.000000000,532.48,508.23319
2022-07-13T23:00:00.000000000,528.77,499.09346
2022-07-11T00:00:00.000000000,514.61,530.13522
2022-07-11T01:00:00.000000000,508.65,520.80181
2022-07-11T02:00:00.000000000,487.43,509.70814
2022-07-11T03:00:00.000000000,453.3,498.24235
2022-07-11T04:00:00.000000000,434.74,486.87981
2022-07-11T05:00:00.000000000,409.71,477.14228
2022-07-11T06:00:00.000000000,389.15,469.97242
2022-07-11T07:00:00.000000000,377.38,465.92332
2022-07-11T08:00:00.000000000,363.08,466.40152
2022-07-11T09:00:00.000000000,351.4,470.87625
2022-07-11T10:00:00.000000000,360.22,478.12158
2022-07-11T11:00:00.000000000,392.3,486.36
2022-07-11T12:00:00.000000000,400.45,497.14427
2022-07-11T13:00:00.000000000,389.12,508.54051
2022-07-11T14:00:00.000000000,441.44,518.85534
2022-07-11T15:00:00.000000000,479.45,527.40447
2022-07-11T16:00:00.000000000,480.43,533.16041
2022-07-11T17:00:00.000000000,477.92,537.5261
2022-07-11T18:00:00.000000000,492.39,539.0935
2022-07-11T19:00:00.000000000,504.69,537.84341
2022-07-11T20:00:00.000000000,506.47,533.9931
2022-07-11T21:00:00.000000000,499.87,527.91367
2022-07-11T22:00:00.000000000,494.41,520.39559
2022-07-11T23:00:00.000000000,484.22,512.36703
2022-07-12T00:00:00.000000000,479.04,520.43574
2022-07-12T01:00:00.000000000,476.8,510.69926
2022-07-12T02:00:00.000000000,464.98,499.43865
2022-07-12T03:00:00.000000000,445.66,488.39101
2022-07-12T04:00:00.000000000,434.4,478.04938
2022-07-12T05:00:00.000000000,433.66,469.83386
2022-07-12T06:00:00.000000000,433.35,464.63152
2022-07-12T07:00:00.000000000,426.77,462.78171
2022-07-12T08:00:00.000000000,433.66,465.41917
2022-07-12T09:00:00.000000000,455.13,471.82581
2022-07-12T10:00:00.000000000,462.06,480.62389
2022-07-12T11:00:00.000000000,456.24,490.14382
2022-07-12T12:00:00.000000000,463.03,501.99677
2022-07-12T13:00:00.000000000,468.98,514.35811
2022-07-12T14:00:00.000000000,482.39,525.41102
2022-07-12T15:00:00.000000000,477.34,534.29099
2022-07-12T16:00:00.000000000,487.14,539.89399
2022-07-12T17:00:00.000000000,502.59,543.72621
2022-07-12T18:00:00.000000000,516.94,544.7182
2022-07-12T19:00:00.000000000,531.85,542.87505
2022-07-12T20:00:00.000000000,540.41,538.45378
2022-07-12T21:00:00.000000000,543.85,531.82717
2022-07-12T22:00:00.000000000,545.51,523.67418
2022-07-12T23:00:00.000000000,548.9,514.8045
2022-07-13T00:00:00.000000000,553.08,525.56555
2022-07-13T01:00:00.000000000,552.24,516.07563
2022-07-13T02:00:00.000000000,551.82,505.33555
2022-07-13T03:00:00.000000000,537.03,494.95152
2022-07-13T04:00:00.000000000,521.77,485.40057
2022-07-13T05:00:00.000000000,519.52,478.05112
2022-07-13T06:00:00.000000000,523.13,473.58656
2022-07-13T07:00:00.000000000,517.32,472.32942
2022-07-13T08:00:00.000000000,510.41,475.41081
2022-07-13T09:00:00.000000000,489.54,482.02044
2022-07-13T10:00:00.000000000,479.92,490.63792
2022-07-13T11:00:00.000000000,491.65,499.50019
2022-07-13T12:00:00.000000000,491.33,510.12657
2022-07-13T13:00:00.000000000,500.51,520.76622
2022-07-13T14:00:00.000000000,542.15,529.74632
2022-07-13T15:00:00.000000000,549.77,536.5102
2022-07-13T16:00:00.000000000,548.96,540.10487
2022-07-13T17:00:00.000000000,548.71,542.08338
2022-07-13T18:00:00.000000000,549.52,541.44012
2022-07-13T19:00:00.000000000,550.51,538.21875
2022-07-13T20:00:00.000000000,548.79,532.80013
2022-07-13T21:00:00.000000000,542.07,525.59063
2022-07-13T22:00:00.000000000,532.48,517.22172
2022-07-13T23:00:00.000000000,528.77,508.42042
2022-07-14T00:00:00.000000000,527.48,500.65954
2022-07-14T01:00:00.000000000,515.75,488.64279
2022-07-14T02:00:00.000000000,492.88,474.75822
2022-07-14T03:00:00.000000000,454.1,461.05393
2022-07-14T04:00:00.000000000,421.01,448.33858
2022-07-14T05:00:00.000000000,396.19,438.25353
2022-07-14T06:00:00.000000000,376.75,431.80467
2022-07-14T07:00:00.000000000,361.96,429.10084
2022-07-14T08:00:00.000000000,346.99,431.40869
2022-07-14T09:00:00.000000000,339.82,437.95969
2022-07-14T10:00:00.000000000,335.22,447.10343
2022-07-14T11:00:00.000000000,336.89,457.44852
2022-07-14T12:00:00.000000000,349.52,470.24538
2022-07-14T13:00:00.000000000,370.18,483.17818
2022-07-14T14:00:00.000000000,425.58,494.61432
2022-07-14T15:00:00.000000000,457.0,504.08135
2022-07-14T16:00:00.000000000,465.45,510.59058
2022-07-14T17:00:00.000000000,475.28,514.831
2022-07-14T18:00:00.000000000,483.23,515.55335
2022-07-14T19:00:00.000000000,495.04,513.07657
2022-07-14T20:00:00.000000000,496.02,508.50387
2022-07-14T21:00:00.000000000,494.91,502.80194
2022-07-14T22:00:00.000000000,492.93,496.27399
2022-07-14T23:00:00.000000000,490.85,489.34339
2022-07-12T00:00:00.000000000,479.04,508.04686
2022-07-12T01:00:00.000000000,476.8,499.52911
2022-07-12T02:00:00.000000000,464.98,489.46464
2022-07-12T03:00:00.000000000,445.66,479.45811
2022-07-12T04:00:00.000000000,434.4,469.75182
2022-07-12T05:00:00.000000000,433.66,461.63501
2022-07-12T06:00:00.000000000,433.35,456.16872
2022-07-12T07:00:00.000000000,426.77,453.77085
2022-07-12T08:00:00.000000000,433.66,455.67978
2022-07-12T09:00:00.000000000,455.13,461.26504
2022-07-12T10:00:00.000000000,462.06,469.34798
2022-07-12T11:00:00.000000000,456.24,478.4841
2022-07-12T12:00:00.000000000,463.03,490.60813
2022-07-12T13:00:00.000000000,468.98,503.94107
2022-07-12T14:00:00.000000000,482.39,516.66746
2022-07-12T15:00:00.000000000,477.34,527.65838
2022-07-12T16:00:00.000000000,487.14,535.59062
2022-07-12T17:00:00.000000000,502.59,541.85699
2022-07-12T18:00:00.000000000,516.94,545.20447
2022-07-12T19:00:00.000000000,531.85,545.44148
2022-07-12T20:00:00.000000000,540.41,542.58243
2022-07-12T21:00:00.000000000,543.85,536.89172
2022-07-12T22:00:00.000000000,545.51,529.23364
2022-07-12T23:00:00.000000000,548.9,520.67032
2022-07-13T00:00:00.000000000,553.08,528.60791
2022-07-13T01:00:00.000000000,552.24,517.92493
2022-07-13T02:00:00.000000000,551.82,505.7
2022-07-13T03:00:00.000000000,537.03,493.81923
2022-07-13T04:00:00.000000000,521.77,482.83683
2022-07-13T05:00:00.000000000,519.52,474.17404
2022-07-13T06:00:00.000000000,523.13,468.6808
2022-07-13T07:00:00.000000000,517.32,466.8029
2022-07-13T08:00:00.000000000,510.41,469.73814
2022-07-13T09:00:00.000000000,489.54,476.7932
2022-07-13T10:00:00.000000000,479.92,486.46022
2022-07-13T11:00:00.000000000,491.65,496.91533
2022-07-13T12:00:00.000000000,491.33,509.51008
2022-07-13T13:00:00.000000000,500.51,522.329
2022-07-13T14:00:00.000000000,542.15,533.419
2022-07-13T15:00:00.000000000,549.77,541.85198
2022-07-13T16:00:00.000000000,548.96,546.64249
2022-07-13T17:00:00.000000000,548.71,549.41866
2022-07-13T18:00:00.000000000,549.52,549.26425
2022-07-13T19:00:00.000000000,550.51,546.1768
2022-07-13T20:00:00.000000000,548.79,540.4641
2022-07-13T21:00:00.000000000,542.07,532.5086
2022-07-13T22:00:00.000000000,532.48,522.98522
2022-07-13T23:00:00.000000000,528.77,512.72568
2022-07-14T00:00:00.000000000,527.48,511.44205
2022-07-14T01:00:00.000000000,515.75,499.32147
2022-07-14T02:00:00.000000000,492.88,485.19911
2022-07-14T03:00:00.000000000,454.1,471.09286
2022-07-14T04:00:00.000000000,421.01,457.9091
2022-07-14T05:00:00.000000000,396.19,447.3577
2022-07-14T06:00:00.000000000,376.75,440.50521
2022-07-14T07:00:00.000000000,361.96,437.57594
2022-07-14T08:00:00.000000000,346.99,439.73716
2022-07-14T09:00:00.000000000,339.82,446.27366
2022-07-14T10:00:00.000000000,335.22,455.68803
2022-07-14T11:00:00.000000000,336.89,466.44368
2022-07-14T12:00:00.000000000,349.52,479.80573
2022-07-14T13:00:00.000000000,370.18,493.49271
2022-07-14T14:00:00.000000000,425.58,505.66024
2022-07-14T15:00:00.000000000,457.0,515.57375
2022-07-14T16:00:00.000000000,465.45,522.1928
2022-07-14T17:00:00.000000000,475.28,526.4674
2022-07-14T18:00:00.000000000,483.23,527.22006
2022-07-14T19:00:00.000000000,495.04,524.80971
2022-07-14T20:00:00.000000000,496.02,520.12356
2022-07-14T21:00:00.000000000,494.91,513.99882
2022-07-14T22:00:00.000000000,492.93,506.86152
2022-07-14T23:00:00.000000000,490.85,499.21958
2022-07-15T00:00:00.000000000,480.51,488.35666
2022-07-15T01:00:00.000000000,459.81,471.62588
2022-07-15T02:00:00.000000000,433.71,451.62833
2022-07-15T03:00:00.000000000,406.05,431.39504
2022-07-15T04:00:00.000000000,378.22,412.8924
2022-07-15T05:00:00.000000000,367.87,398.59471
2022-07-15T06:00:00.000000000,361.34,390.2844
2022-07-15T07:00:00.000000000,356.97,387.95612
2022-07-15T08:00:00.000000000,363.86,392.2639
2022-07-15T09:00:00.000000000,360.43,401.90439
2022-07-15T10:00:00.000000000,367.6,414.75199
2022-07-15T11:00:00.000000000,379.58,429.39204
2022-07-15T12:00:00.000000000,385.83,446.96238
2022-07-15T13:00:00.000000000,413.98,464.92152
2022-07-15T14:00:00.000000000,463.54,481.27777
2022-07-15T15:00:00.000000000,485.99,494.94057
2022-07-15T16:00:00.000000000,492.19,504.60267
2022-07-15T17:00:00.000000000,481.47,510.16681
2022-07-15T18:00:00.000000000,487.66,510.48766
2022-07-15T19:00:00.000000000,501.34,506.19365
2022-07-15T20:00:00.000000000,511.2,499.11996
2022-07-15T21:00:00.000000000,507.62,490.88589
2022-07-15T22:00:00.000000000,506.54,482.06626
2022-07-15T23:00:00.000000000,504.97,472.94195
2022-07-13T00:00:00.000000000,553.08,562.2089
2022-07-13T01:00:00.000000000,552.24,555.55198
2022-07-13T02:00:00.000000000,551.82,547.87676
2022-07-13T03:00:00.000000000,537.03,540.0655
2022-07-13T04:00:00.000000000,521.77,531.63712
2022-07-13T05:00:00.000000000,519.52,523.61114
2022-07-13T06:00:00.000000000,523.13,516.74235
2022-07-13T07:00:00.000000000,517.32,512.41861
2022-07-13T08:00:00.000000000,510.41,512.98727
2022-07-13T09:00:00.000000000,489.54,518.23135
2022-07-13T10:00:00.000000000,479.92,526.51763
2022-07-13T11:00:00.000000000,491.65,535.07018
2022-07-13T12:00:00.000000000,491.33,544.95872
2022-07-13T13:00:00.000000000,500.51,554.56123
2022-07-13T14:00:00.000000000,542.15,562.32568
2022-07-13T15:00:00.000000000,549.77,567.74871
2022-07-13T16:00:00.000000000,548.96,570.22696
2022-07-13T17:00:00.000000000,548.71,572.27601
2022-07-13T18:00:00.000000000,549.52,572.60829
2022-07-13T19:00:00.000000000,550.51,570.04518
2022-07-13T20:00:00.000000000,548.79,563.80585
2022-07-13T21:00:00.000000000,542.07,553.64471
2022-07-13T22:00:00.000000000,532.48,540.94695
2022-07-13T23:00:00.000000000,528.77,527.47534
2022-07-14T00:00:00.000000000,527.48,526.95367
2022-07-14T01:00:00.000000000,515.75,511.12873
2022-07-14T02:00:00.000000000,492.88,491.9152
2022-07-14T03:00:00.000000000,454.1,471.73435
2022-07-14T04:00:00.000000000,421.01,452.3019
2022-07-14T05:00:00.000000000,396.19,435.94121
2022-07-14T06:00:00.000000000,376.75,424.2772
2022-07-14T07:00:00.000000000,361.96,417.82802
2022-07-14T08:00:00.000000000,346.99,417.83228
2022-07-14T09:00:00.000000000,339.82,423.58182
2022-07-14T10:00:00.000000000,335.22,433.53881
2022-07-14T11:00:00.000000000,336.89,445.99296
2022-07-14T12:00:00.000000000,349.52,462.12053
2022-07-14T13:00:00.000000000,370.18,479.25045
2022-07-14T14:00:00.000000000,425.58,495.10638
2022-07-14T15:00:00.000000000,457.0,508.3906
2022-07-14T16:00:00.000000000,465.45,518.01072
2022-07-14T17:00:00.000000000,475.28,524.34513
2022-07-14T18:00:00.000000000,483.23,525.86738
2022-07-14T19:00:00.000000000,495.04,523.04283
2022-07-14T20:00:00.000000000,496.02,517.19577
2022-07-14T21:00:00.000000000,494.91,509.58875
2022-07-14T22:00:00.000000000,492.93,501.04788
2022-07-14T23:00:00.000000000,490.85,492.12218
2022-07-15T00:00:00.000000000,480.51,478.74647
2022-07-15T01:00:00.000000000,459.81,461.99565
2022-07-15T02:00:00.000000000,433.71,441.88354
2022-07-15T03:00:00.000000000,406.05,422.14498
2022-07-15T04:00:00.000000000,378.22,404.40034
2022-07-15T05:00:00.000000000,367.87,390.81574
2022-07-15T06:00:00.000000000,361.34,383.1774
2022-07-15T07:00:00.000000000,356.97,381.60505
2022-07-15T08:00:00.000000000,363.86,386.68238
2022-07-15T09:00:00.000000000,360.43,397.43689
2022-07-15T10:00:00.000000000,367.6,412.12708
2022-07-15T11:00:00.000000000,379.58,429.62138
2022-07-15T12:00:00.000000000,385.83,451.12667
2022-07-15T13:00:00.000000000,413.98,473.70482
2022-07-15T14:00:00.000000000,463.54,494.66737
2022-07-15T15:00:00.000000000,485.99,512.08153
2022-07-15T16:00:00.000000000,492.19,524.71447
2022-07-15T17:00:00.000000000,481.47,533.22021
2022-07-15T18:00:00.000000000,487.66,536.83108
2022-07-15T19:00:00.000000000,501.34,536.25768
2022-07-15T20:00:00.000000000,511.2,532.69968
2022-07-15T21:00:00.000000000,507.62,527.15459
2022-07-15T22:00:00.000000000,506.54,519.71704
2022-07-15T23:00:00.000000000,504.97,510.48649
2022-07-16T00:00:00.000000000,490.9,491.6324
2022-07-16T01:00:00.000000000,477.59,475.70955
2022-07-16T02:00:00.000000000,459.86,457.04737
2022-07-16T03:00:00.000000000,424.41,439.05231
2022-07-16T04:00:00.000000000,406.79,423.16436
2022-07-16T05:00:00.000000000,399.81,411.34267
2022-07-16T06:00:00.000000000,384.02,405.02641
2022-07-16T07:00:00.000000000,377.14,404.21971
2022-07-16T08:00:00.000000000,379.67,409.53573
2022-07-16T09:00:00.000000000,385.21,419.96885
2022-07-16T10:00:00.000000000,387.51,433.74747
2022-07-16T11:00:00.000000000,396.42,449.65067
2022-07-16T12:00:00.000000000,397.44,468.99184
2022-07-16T13:00:00.000000000,420.48,489.11622
2022-07-16T14:00:00.000000000,466.56,507.36543
2022-07-16T15:00:00.000000000,488.92,522.01745
2022-07-16T16:00:00.000000000,492.61,531.94768
2022-07-16T17:00:00.000000000,499.78,538.03773
2022-07-16T18:00:00.000000000,511.59,539.66253
2022-07-16T19:00:00.000000000,518.78,537.44362
2022-07-16T20:00:00.000000000,517.89,532.54785
2022-07-16T21:00:00.000000000,509.97,525.93396
2022-07-16T22:00:00.000000000,494.75,517.80464
2022-07-16T23:00:00.000000000,486.67,508.29101
2022-07-14T00:00:00.000000000,527.48,546.5053
2022-07-14T01:00:00.000000000,515.75,533.04819
2022-07-14T02:00:00.000000000,492.88,516.74745
2022-07-14T03:00:00.000000000,454.1,499.52776
2022-07-14T04:00:00.000000000,421.01,482.69098
2022-07-14T05:00:00.000000000,396.19,468.37
2022-07-14T06:00:00.000000000,376.75,457.83367
2022-07-14T07:00:00.000000000,361.96,451.93457
2022-07-14T08:00:00.000000000,346.99,452.01445
2022-07-14T09:00:00.000000000,339.82,457.36132
2022-07-14T10:00:00.000000000,335.22,466.52361
2022-07-14T11:00:00.000000000,336.89,477.48915
2022-07-14T12:00:00.000000000,349.52,491.56971
2022-07-14T13:00:00.000000000,370.18,506.41869
2022-07-14T14:00:00.000000000,425.58,519.90986
2022-07-14T15:00:00.000000000,457.0,530.84815
2022-07-14T16:00:00.000000000,465.45,538.26529
2022-07-14T17:00:00.000000000,475.28,543.1595
2022-07-14T18:00:00.000000000,483.23,543.91822
2022-07-14T19:00:00.000000000,495.04,540.75821
2022-07-14T20:00:00.000000000,496.02,534.5809
2022-07-14T21:00:00.000000000,494.91,526.24023
2022-07-14T22:00:00.000000000,492.93,516.74553
2022-07-14T23:00:00.000000000,490.85,506.94151
2022-07-15T00:00:00.000000000,480.51,481.00253
2022-07-15T01:00:00.000000000,459.81,468.83086
2022-07-15T02:00:00.000000000,433.71,454.77928
2022-07-15T03:00:00.000000000,406.05,442.17982
2022-07-15T04:00:00.000000000,378.22,431.6148
2022-07-15T05:00:00.000000000,367.87,424.43413
2022-07-15T06:00:00.000000000,361.34,421.70618
2022-07-15T07:00:00.000000000,356.97,423.24393
2022-07-15T08:00:00.000000000,363.86,429.84813
2022-07-15T09:00:00.000000000,360.43,441.0394
2022-07-15T10:00:00.000000000,367.6,455.14799
2022-07-15T11:00:00.000000000,379.58,470.89731
2022-07-15T12:00:00.000000000,385.83,489.24584
2022-07-15T13:00:00.000000000,413.98,507.64409
2022-07-15T14:00:00.000000000,463.54,523.62992
2022-07-15T15:00:00.000000000,485.99,535.98184
2022-07-15T16:00:00.000000000,492.19,543.94096
2022-07-15T17:00:00.000000000,481.47,549.35445
2022-07-15T18:00:00.000000000,487.66,552.05315
2022-07-15T19:00:00.000000000,501.34,552.29097
2022-07-15T20:00:00.000000000,511.2,550.10219
2022-07-15T21:00:00.000000000,507.62,545.56114
2022-07-15T22:00:00.000000000,506.54,538.26028
2022-07-15T23:00:00.000000000,504.97,528.41074
2022-07-16T00:00:00.000000000,490.9,508.32387
2022-07-16T01:00:00.000000000,477.59,493.57037
2022-07-16T02:00:00.000000000,459.86,476.16671
2022-07-16T03:00:00.000000000,424.41,459.13354
2022-07-16T04:00:00.000000000,406.79,443.76153
2022-07-16T05:00:00.000000000,399.81,431.96946
2022-07-16T06:00:00.000000000,384.02,425.04493
2022-07-16T07:00:00.000000000,377.14,423.19484
2022-07-16T08:00:00.000000000,379.67,427.24704
2022-07-16T09:00:00.000000000,385.21,436.28801
2022-07-16T10:00:00.000000000,387.51,448.71488
2022-07-16T11:00:00.000000000,396.42,463.08794
2022-07-16T12:00:00.000000000,397.44,480.64108
2022-07-16T13:00:00.000000000,420.48,498.79257
2022-07-16T14:00:00.000000000,466.56,515.10303
2022-07-16T15:00:00.000000000,488.92,528.09964
2022-07-16T16:00:00.000000000,492.61,536.72504
2022-07-16T17:00:00.000000000,499.78,542.10816
2022-07-16T18:00:00.000000000,511.59,543.42379
2022-07-16T19:00:00.000000000,518.78,541.20344
2022-07-16T20:00:00.000000000,517.89,536.49067
2022-07-16T21:00:00.000000000,509.97,530.1432
2022-07-16T22:00:00.000000000,494.75,522.38406
2022-07-16T23:00:00.000000000,486.67,513.43385
2022-07-17T00:00:00.000000000,477.31,497.31599
2022-07-17T01:00:00.000000000,470.73,484.85954
2022-07-17T02:00:00.000000000,462.55,470.30221
2022-07-17T03:00:00.000000000,444.78,456.32436
2022-07-17T04:00:00.000000000,425.38,443.73849
2022-07-17T05:00:00.000000000,397.8,434.16176
2022-07-17T06:00:00.000000000,385.5,428.84144
2022-07-17T07:00:00.000000000,390.0,427.93674
2022-07-17T08:00:00.000000000,409.01,432.42639
2022-07-17T09:00:00.000000000,464.03,441.74498
2022-07-17T10:00:00.000000000,515.16,454.24539
2022-07-17T11:00:00.000000000,543.67,468.46461
2022-07-17T12:00:00.000000000,528.46,485.56524
2022-07-17T13:00:00.000000000,521.28,503.15595
2022-07-17T14:00:00.000000000,540.41,518.87965
2022-07-17T15:00:00.000000000,557.68,531.41088
2022-07-17T16:00:00.000000000,564.07,539.7659
2022-07-17T17:00:00.000000000,565.66,545.36059
2022-07-17T18:00:00.000000000,563.39,547.53761
2022-07-17T19:00:00.000000000,567.17,546.47481
2022-07-17T20:00:00.000000000,567.82,542.55444
2022-07-17T21:00:00.000000000,566.89,536.23433
2022-07-17T22:00:00.000000000,563.58,527.75875
2022-07-17T23:00:00.000000000,557.78,517.67072
2022-07-15T00:00:00.000000000,480.51,504.88781
2022-07-15T01:00:00.000000000,459.81,494.49733
2022-07-15T02:00:00.000000000,433.71,482.4374
2022-07-15T03:00:00.000000000,406.05,470.93317
2022-07-15T04:00:00.000000000,378.22,460.3475
2022-07-15T05:00:00.000000000,367.87,452.03875
2022-07-15T06:00:00.000000000,361.34,447.20752
2022-07-15T07:00:00.000000000,356.97,446.33244
2022-07-15T08:00:00.000000000,363.86,450.68184
2022-07-15T09:00:00.000000000,360.43,459.8796
2022-07-15T10:00:00.000000000,367.6,472.30434
2022-07-15T11:00:00.000000000,379.58,486.16193
2022-07-15T12:00:00.000000000,385.83,502.45631
2022-07-15T13:00:00.000000000,413.98,518.98155
2022-07-15T14:00:00.000000000,463.54,533.49869
2022-07-15T15:00:00.000000000,485.99,544.77752
2022-07-15T16:00:00.000000000,492.19,551.89016
2022-07-15T17:00:00.000000000,481.47,556.71782
2022-07-15T18:00:00.000000000,487.66,558.65858
2022-07-15T19:00:00.000000000,501.34,557.52641
2022-07-15T20:00:00.000000000,511.2,553.13815
2022-07-15T21:00:00.000000000,507.62,545.61545
2022-07-15T22:00:00.000000000,506.54,535.45326
2022-07-15T23:00:00.000000000,504.97,523.6728
2022-07-16T00:00:00.000000000,490.9,508.27331
2022-07-16T01:00:00.000000000,477.59,494.88635
2022-07-16T02:00:00.000000000,459.86,479.3077
2022-07-16T03:00:00.000000000,424.41,464.40582
2022-07-16T04:00:00.000000000,406.79,451.11953
2022-07-16T05:00:00.000000000,399.81,441.07582
2022-07-16T06:00:00.000000000,384.02,435.38386
2022-07-16T07:00:00.000000000,377.14,434.21301
2022-07-16T08:00:00.000000000,379.67,438.44677
2022-07-16T09:00:00.000000000,385.21,447.30909
2022-07-16T10:00:00.000000000,387.51,459.2797
2022-07-16T11:00:00.000000000,396.42,472.92632
2022-07-16T12:00:00.000000000,397.44,489.62058
2022-07-16T13:00:00.000000000,420.48,507.03726
2022-07-16T14:00:00.000000000,466.56,522.76249
2022-07-16T15:00:00.000000000,488.92,535.28361
2022-07-16T16:00:00.000000000,492.61,543.52065
2022-07-16T17:00:00.000000000,499.78,548.85414
2022-07-16T18:00:00.000000000,511.59,550.53997
2022-07-16T19:00:00.000000000,518.78,548.85846
2022-07-16T20:00:00.000000000,517.89,544.42393
2022-07-16T21:00:00.000000000,509.97,537.79243
2022-07-16T22:00:00.000000000,494.75,529.26974
2022-07-16T23:00:00.000000000,486.67,519.29279
2022-07-17T00:00:00.000000000,477.31,502.36791
2022-07-17T01:00:00.000000000,470.73,491.20929
2022-07-17T02:00:00.000000000,462.55,478.37584
2022-07-17T03:00:00.000000000,444.78,466.45175
2022-07-17T04:00:00.000000000,425.38,455.9537
2022-07-17T05:00:00.000000000,397.8,448.26
2022-07-17T06:00:00.000000000,385.5,444.3425
2022-07-17T07:00:00.000000000,390.0,444.33758
2022-07-17T08:00:00.000000000,409.01,449.18717
2022-07-17T09:00:00.000000000,464.03,458.26497
2022-07-17T10:00:00.000000000,515.16,470.0598
2022-07-17T11:00:00.000000000,543.67,483.11015
2022-07-17T12:00:00.000000000,528.46,498.69148
2022-07-17T13:00:00.000000000,521.28,514.63812
2022-07-17T14:00:00.000000000,540.41,528.75862
2022-07-17T15:00:00.000000000,557.68,539.84766
2022-07-17T16:00:00.000000000,564.07,546.87533
2022-07-17T17:00:00.000000000,565.66,551.58584
2022-07-17T18:00:00.000000000,563.39,553.39359
2022-07-17T19:00:00.000000000,567.17,552.42558
2022-07-17T20:00:00.000000000,567.82,548.84288
2022-07-17T21:00:00.000000000,566.89,542.86409
2022-07-17T22:00:00.000000000,563.58,534.64434
2022-07-17T23:00:00.000000000,557.78,524.74973
2022-07-18T00:00:00.000000000,552.74,498.58703
2022-07-18T01:00:00.000000000,544.36,481.56508
2022-07-18T02:00:00.000000000,532.28,461.33571
2022-07-18T03:00:00.000000000,506.86,440.41549
2022-07-18T04:00:00.000000000,480.09,420.58952
2022-07-18T05:00:00.000000000,467.78,404.25079
2022-07-18T06:00:00.000000000,462.74,393.11125
2022-07-18T07:00:00.000000000,472.1,387.55758
2022-07-18T08:00:00.000000000,481.47,388.79243
2022-07-18T09:00:00.000000000,496.82,395.81524
2022-07-18T10:00:00.000000000,522.99,406.39679
2022-07-18T11:00:00.000000000,530.38,418.60192
2022-07-18T12:00:00.000000000,531.6,432.89976
2022-07-18T13:00:00.000000000,538.65,446.76167
2022-07-18T14:00:00.000000000,560.83,458.53658
2022-07-18T15:00:00.000000000,563.01,467.88388
2022-07-18T16:00:00.000000000,554.54,473.99488
2022-07-18T17:00:00.000000000,551.4,476.41894
2022-07-18T18:00:00.000000000,547.91,473.80146
2022-07-18T19:00:00.000000000,546.35,466.44659
2022-07-18T20:00:00.000000000,542.12,455.97752
2022-07-18T21:00:00.000000000,538.72,443.96134
2022-07-18T22:00:00.000000000,536.54,431.515
2022-07-18T23:00:00.000000000,535.06,419.51811
2022-07-16T00:00:00.000000000,490.9,517.62022
2022-07-16T01:00:00.000000000,477.59,503.87086
2022-07-16T02:00:00.000000000,459.86,487.24447
2022-07-16T03:00:00.000000000,424.41,470.26504
2022-07-16T04:00:00.000000000,406.79,454.10643
2022-07-16T05:00:00.000000000,399.81,440.78171
2022-07-16T06:00:00.000000000,384.02,431.84506
2022-07-16T07:00:00.000000000,377.14,427.98316
2022-07-16T08:00:00.000000000,379.67,430.34241
2022-07-16T09:00:00.000000000,385.21,438.29224
2022-07-16T10:00:00.000000000,387.51,450.27559
2022-07-16T11:00:00.000000000,396.42,464.59287
2022-07-16T12:00:00.000000000,397.44,482.4993
2022-07-16T13:00:00.000000000,420.48,501.50672
2022-07-16T14:00:00.000000000,466.56,519.17814
2022-07-16T15:00:00.000000000,488.92,533.77736
2022-07-16T16:00:00.000000000,492.61,544.1267
2022-07-16T17:00:00.000000000,499.78,551.32246
2022-07-16T18:00:00.000000000,511.59,554.1461
2022-07-16T19:00:00.000000000,518.78,552.71987
2022-07-16T20:00:00.000000000,517.89,547.68524
2022-07-16T21:00:00.000000000,509.97,539.74561
2022-07-16T22:00:00.000000000,494.75,529.68874
2022-07-16T23:00:00.000000000,486.67,518.38714
2022-07-17T00:00:00.000000000,477.31,508.95113
2022-07-17T01:00:00.000000000,470.73,496.67582
2022-07-17T02:00:00.000000000,462.55,482.32326
2022-07-17T03:00:00.000000000,444.78,468.48265
2022-07-17T04:00:00.000000000,425.38,455.82677
2022-07-17T05:00:00.000000000,397.8,445.91806
2022-07-17T06:00:00.000000000,385.5,440.00757
2022-07-17T07:00:00.000000000,390.0,438.45358
2022-07-17T08:00:00.000000000,409.01,442.29678
2022-07-17T09:00:00.000000000,464.03,451.01892
2022-07-17T10:00:00.000000000,515.16,463.20416
2022-07-17T11:00:00.000000000,543.67,477.229
2022-07-17T12:00:00.000000000,528.46,494.20186
2022-07-17T13:00:00.000000000,521.28,511.78345
2022-07-17T14:00:00.000000000,540.41,527.61856
2022-07-17T15:00:00.000000000,557.68,540.25262
2022-07-17T16:00:00.000000000,564.07,548.54271
2022-07-17T17:00:00.000000000,565.66,554.14745
2022-07-17T18:00:00.000000000,563.39,556.35895
2022-07-17T19:00:00.000000000,567.17,555.36403
2022-07-17T20:00:00.000000000,567.82,551.30964
2022-07-17T21:00:00.000000000,566.89,544.51275
2022-07-17T22:00:00.000000000,563.58,535.35871
2022-07-17T23:00:00.000000000,557.78,524.59067
2022-07-18T00:00:00.000000000,552.74,498.79944
2022-07-18T01:00:00.000000000,544.36,479.31757
2022-07-18T02:00:00.000000000,532.28,455.53257
2022-07-18T03:00:00.000000000,506.86,430.57528
2022-07-18T04:00:00.000000000,480.09,406.86341
2022-07-18T05:00:00.000000000,467.78,387.28723
2022-07-18T06:00:00.000000000,462.74,373.989
2022-07-18T07:00:00.000000000,472.1,367.24817
2022-07-18T08:00:00.000000000,481.47,368.03767
2022-07-18T09:00:00.000000000,496.82,375.23126
2022-07-18T10:00:00.000000000,522.99,386.60863
2022-07-18T11:00:00.000000000,530.38,400.53085
2022-07-18T12:00:00.000000000,531.6,417.62641
2022-07-18T13:00:00.000000000,538.65,435.18162
2022-07-18T14:00:00.000000000,560.83,451.34112
2022-07-18T15:00:00.000000000,563.01,465.19719
2022-07-18T16:00:00.000000000,554.54,475.52384
2022-07-18T17:00:00.000000000,551.4,481.48019
2022-07-18T18:00:00.000000000,547.91,481.54995
2022-07-18T19:00:00.000000000,546.35,476.17037
2022-07-18T20:00:00.000000000,542.12,467.29602
2022-07-18T21:00:00.000000000,538.72,456.71458
2022-07-18T22:00:00.000000000,536.54,445.34547
2022-07-18T23:00:00.000000000,535.06,433.8681
2022-07-19T00:00:00.000000000,541.25,401.8511
2022-07-19T01:00:00.000000000,534.4,387.619
2022-07-19T02:00:00.000000000,518.72,369.29335
2022-07-19T03:00:00.000000000,477.57,350.09226
2022-07-19T04:00:00.000000000,451.19,330.99761
2022-07-19T05:00:00.000000000,415.99,313.0268
2022-07-19T06:00:00.000000000,380.59,297.79066
2022-07-19T07:00:00.000000000,361.61,285.92048
2022-07-19T08:00:00.000000000,350.92,278.6394
2022-07-19T09:00:00.000000000,330.24,275.38152
2022-07-19T10:00:00.000000000,322.52,275.95024
2022-07-19T11:00:00.000000000,313.32,279.86315
2022-07-19T12:00:00.000000000,316.17,288.26029
2022-07-19T13:00:00.000000000,338.82,298.98965
2022-07-19T14:00:00.000000000,389.26,311.00364
2022-07-19T15:00:00.000000000,435.28,323.96774
2022-07-19T16:00:00.000000000,458.6,336.40735
2022-07-19T17:00:00.000000000,471.23,347.80938
2022-07-19T18:00:00.000000000,488.15,357.31982
2022-07-19T19:00:00.000000000,502.85,365.3272
2022-07-19T20:00:00.000000000,510.4,370.89147
2022-07-19T21:00:00.000000000,519.47,373.82853
2022-07-19T22:00:00.000000000,525.17,374.78745
2022-07-19T23:00:00.000000000,531.11,374.12943
2022-07-17T00:00:00.000000000,477.31,505.97467
2022-07-17T01:00:00.000000000,470.73,497.98617
2022-07-17T02:00:00.000000000,462.55,488.77743
2022-07-17T03:00:00.000000000,444.78,480.11458
2022-07-17T04:00:00.000000000,425.38,471.59215
2022-07-17T05:00:00.000000000,397.8,464.20583
2022-07-17T06:00:00.000000000,385.5,459.35936
2022-07-17T07:00:00.000000000,390.0,457.9969
2022-07-17T08:00:00.000000000,409.01,461.88604
2022-07-17T09:00:00.000000000,464.03,471.05991
2022-07-17T10:00:00.000000000,515.16,484.1343
2022-07-17T11:00:00.000000000,543.67,498.96333
2022-07-17T12:00:00.000000000,528.46,516.44182
2022-07-17T13:00:00.000000000,521.28,534.40357
2022-07-17T14:00:00.000000000,540.41,550.47168
2022-07-17T15:00:00.000000000,557.68,563.11192
2022-07-17T16:00:00.000000000,564.07,571.27292
2022-07-17T17:00:00.000000000,565.66,577.46931
2022-07-17T18:00:00.000000000,563.39,581.10425
2022-07-17T19:00:00.000000000,567.17,581.45948
2022-07-17T20:00:00.000000000,567.82,577.43667
2022-07-17T21:00:00.000000000,566.89,568.73481
2022-07-17T22:00:00.000000000,563.58,556.36639
2022-07-17T23:00:00.000000000,557.78,542.08776
2022-07-18T00:00:00.000000000,552.74,529.67157
2022-07-18T01:00:00.000000000,544.36,511.57674
2022-07-18T02:00:00.000000000,532.28,488.57486
2022-07-18T03:00:00.000000000,506.86,463.37936
2022-07-18T04:00:00.000000000,480.09,438.38925
2022-07-18T05:00:00.000000000,467.78,416.58891
2022-07-18T06:00:00.000000000,462.74,400.15173
2022-07-18T07:00:00.000000000,472.1,389.76029
2022-07-18T08:00:00.000000000,481.47,386.78455
2022-07-18T09:00:00.000000000,496.82,390.68248
2022-07-18T10:00:00.000000000,522.99,399.81837
2022-07-18T11:00:00.000000000,530.38,412.45714
2022-07-18T12:00:00.000000000,531.6,429.53913
2022-07-18T13:00:00.000000000,538.65,448.07345
2022-07-18T14:00:00.000000000,560.83,465.81614
2022-07-18T15:00:00.000000000,563.01,481.45195
2022-07-18T16:00:00.000000000,554.54,493.91711
2022-07-18T17:00:00.000000000,551.4,502.89499
2022-07-18T18:00:00.000000000,547.91,506.44081
2022-07-18T19:00:00.000000000,546.35,504.9513
2022-07-18T20:00:00.000000000,542.12,499.93941
2022-07-18T21:00:00.000000000,538.72,492.82593
2022-07-18T22:00:00.000000000,536.54,484.49176
2022-07-18T23:00:00.000000000,535.06,475.5149
2022-07-19T00:00:00.000000000,541.25,445.77629
2022-07-19T01:00:00.000000000,534.4,425.97705
2022-07-19T02:00:00.000000000,518.72,400.56551
2022-07-19T03:00:00.000000000,477.57,372.98618
2022-07-19T04:00:00.000000000,451.19,345.49482
2022-07-19T05:00:00.000000000,415.99,320.38458
2022-07-19T06:00:00.000000000,380.59,299.95016
2022-07-19T07:00:00.000000000,361.61,285.02199
2022-07-19T08:00:00.000000000,350.92,276.50373
2022-07-19T09:00:00.000000000,330.24,273.65906
2022-07-19T10:00:00.000000000,322.52,276.02992
2022-07-19T11:00:00.000000000,313.32,282.77587
2022-07-19T12:00:00.000000000,316.17,295.00638
2022-07-19T13:00:00.000000000,338.82,310.34887
2022-07-19T14:00:00.000000000,389.26,327.10916
2022-07-19T15:00:00.000000000,435.28,344.09361
2022-07-19T16:00:00.000000000,458.6,359.41001
2022-07-19T17:00:00.000000000,471.23,371.88405
2022-07-19T18:00:00.000000000,488.15,380.00644
2022-07-19T19:00:00.000000000,502.85,384.19831
2022-07-19T20:00:00.000000000,510.4,384.43325
2022-07-19T21:00:00.000000000,519.47,381.40218
2022-07-19T22:00:00.000000000,525.17,376.5573
2022-07-19T23:00:00.000000000,531.11,370.42272
2022-07-20T00:00:00.000000000,534.18,358.26098
2022-07-20T01:00:00.000000000,529.2,344.60865
2022-07-20T02:00:00.000000000,510.93,326.41375
2022-07-20T03:00:00.000000000,490.72,307.58072
2022-07-20T04:00:00.000000000,472.21,290.28122
2022-07-20T05:00:00.000000000,461.32,276.81181
2022-07-20T06:00:00.000000000,476.52,269.29607
2022-07-20T07:00:00.000000000,463.06,267.79467
2022-07-20T08:00:00.000000000,448.26,272.30925
2022-07-20T09:00:00.000000000,436.69,280.92413
2022-07-20T10:00:00.000000000,447.48,292.39532
2022-07-20T11:00:00.000000000,444.91,306.19049
2022-07-20T12:00:00.000000000,435.07,323.40116
2022-07-20T13:00:00.000000000,467.38,341.99889
2022-07-20T14:00:00.000000000,499.98,361.71858
2022-07-20T15:00:00.000000000,521.27,381.74868
2022-07-20T16:00:00.000000000,505.9,399.89926
2022-07-20T17:00:00.000000000,510.87,414.81933
2022-07-20T18:00:00.000000000,526.56,424.9454
2022-07-20T19:00:00.000000000,539.09,430.59005
2022-07-20T20:00:00.000000000,549.87,432.63151
2022-07-20T21:00:00.000000000,549.32,432.11295
2022-07-20T22:00:00.000000000,544.61,429.28276
2022-07-20T23:00:00.000000000,542.9,424.87927
2022-07-18T00:00:00.000000000,552.74,555.99516
2022-07-18T01:00:00.000000000,544.36,540.60062
2022-07-18T02:00:00.000000000,532.28,520.96203
2022-07-18T03:00:00.000000000,506.86,498.98427
2022-07-18T04:00:00.000000000,480.09,476.33231
2022-07-18T05:00:00.000000000,467.78,455.50797
2022-07-18T06:00:00.000000000,462.74,438.20189
2022-07-18T07:00:00.000000000,472.1,425.43113
2022-07-18T08:00:00.000000000,481.47,419.18139
2022-07-18T09:00:00.000000000,496.82,419.37645
2022-07-18T10:00:00.000000000,522.99,424.67871
2022-07-18T11:00:00.000000000,530.38,433.01264
2022-07-18T12:00:00.000000000,531.6,445.42996
2022-07-18T13:00:00.000000000,538.65,459.09267
2022-07-18T14:00:00.000000000,560.83,471.93797
2022-07-18T15:00:00.000000000,563.01,483.22606
2022-07-18T16:00:00.000000000,554.54,492.50178
2022-07-18T17:00:00.000000000,551.4,499.94901
2022-07-18T18:00:00.000000000,547.91,503.37922
2022-07-18T19:00:00.000000000,546.35,502.79999
2022-07-18T20:00:00.000000000,542.12,498.93086
2022-07-18T21:00:00.000000000,538.72,492.50823
2022-07-18T22:00:00.000000000,536.54,484.55045
2022-07-18T23:00:00.000000000,535.06,475.93378
2022-07-19T00:00:00.000000000,541.25,445.13234
2022-07-19T01:00:00.000000000,534.4,425.62814
2022-07-19T02:00:00.000000000,518.72,400.63557
2022-07-19T03:00:00.000000000,477.57,373.50816
2022-07-19T04:00:00.000000000,451.19,346.26439
2022-07-19T05:00:00.000000000,415.99,320.94728
2022-07-19T06:00:00.000000000,380.59,299.9495
2022-07-19T07:00:00.000000000,361.61,284.28951
2022-07-19T08:00:00.000000000,350.92,274.96327
2022-07-19T09:00:00.000000000,330.24,271.22734
2022-07-19T10:00:00.000000000,322.52,272.69057
2022-07-19T11:00:00.000000000,313.32,278.42398
2022-07-19T12:00:00.000000000,316.17,289.63778
2022-07-19T13:00:00.000000000,338.82,303.97922
2022-07-19T14:00:00.000000000,389.26,319.4799
2022-07-19T15:00:00.000000000,435.28,334.98963
2022-07-19T16:00:00.000000000,458.6,348.73508
2022-07-19T17:00:00.000000000,471.23,359.85169
2022-07-19T18:00:00.000000000,488.15,367.26385
2022-07-19T19:00:00.000000000,502.85,371.54976
2022-07-19T20:00:00.000000000,510.4,372.30902
2022-07-19T21:00:00.000000000,519.47,370.04627
2022-07-19T22:00:00.000000000,525.17,366.47232
2022-07-19T23:00:00.000000000,531.11,361.98193
2022-07-20T00:00:00.000000000,534.18,355.6879
2022-07-20T01:00:00.000000000,529.2,343.86515
2022-07-20T02:00:00.000000000,510.93,327.85963
2022-07-20T03:00:00.000000000,490.72,311.38798
2022-07-20T04:00:00.000000000,472.21,296.1252
2022-07-20T05:00:00.000000000,461.32,284.00219
2022-07-20T06:00:00.000000000,476.52,277.08855
2022-07-20T07:00:00.000000000,463.06,275.55903
2022-07-20T08:00:00.000000000,448.26,279.70402
2022-07-20T09:00:00.000000000,436.69,287.88955
2022-07-20T10:00:00.000000000,447.48,299.06877
2022-07-20T11:00:00.000000000,444.91,312.82411
2022-07-20T12:00:00.000000000,435.07,330.27847
2022-07-20T13:00:00.000000000,467.38,349.20449
2022-07-20T14:00:00.000000000,499.98,369.10085
2022-07-20T15:00:00.000000000,521.27,389.06209
2022-07-20T16:00:00.000000000,505.9,407.08515
2022-07-20T17:00:00.000000000,510.87,422.18359
2022-07-20T18:00:00.000000000,526.56,432.97051
2022-07-20T19:00:00.000000000,539.09,439.70457
2022-07-20T20:00:00.000000000,549.87,443.0426
2022-07-20T21:00:00.000000000,549.32,443.81344
2022-07-20T22:00:00.000000000,544.61,442.16701
2022-07-20T23:00:00.000000000,542.9,438.86747
2022-07-21T00:00:00.000000000,549.95,440.90533
2022-07-21T01:00:00.000000000,557.47,430.81248
2022-07-21T02:00:00.000000000,553.23,419.68086
2022-07-21T03:00:00.000000000,541.95,410.04247
2022-07-21T04:00:00.000000000,531.09,402.24108
2022-07-21T05:00:00.000000000,518.37,397.36805
2022-07-21T06:00:00.000000000,522.27,396.85424
2022-07-21T07:00:00.000000000,537.25,400.38551
2022-07-21T08:00:00.000000000,539.36,408.91135
2022-07-21T09:00:00.000000000,538.69,421.90622
2022-07-21T10:00:00.000000000,543.24,437.48689
2022-07-21T11:00:00.000000000,545.96,454.18469
2022-07-21T12:00:00.000000000,538.35,472.92587
2022-07-21T13:00:00.000000000,538.63,491.53671
2022-07-21T14:00:00.000000000,558.19,507.78023
2022-07-21T15:00:00.000000000,573.28,520.60971
2022-07-21T16:00:00.000000000,572.46,529.08118
2022-07-21T17:00:00.000000000,566.48,534.60308
2022-07-21T18:00:00.000000000,561.93,537.11536
2022-07-21T19:00:00.000000000,557.2,536.42349
2022-07-21T20:00:00.000000000,549.83,532.28122
2022-07-21T21:00:00.000000000,541.71,525.08516
2022-07-21T22:00:00.000000000,534.19,515.23043
2022-07-21T23:00:00.000000000,525.37,503.79417
2022-07-19T00:00:00.000000000,541.25,516.25623
2022-07-19T01:00:00.000000000,534.4,497.91652
2022-07-19T02:00:00.000000000,518.72,473.40017
2022-07-19T03:00:00.000000000,477.57,444.7807
2022-07-19T04:00:00.000000000,451.19,414.2698
2022-07-19T05:00:00.000000000,415.99,384.83815
2022-07-19T06:00:00.000000000,380.59,358.89503
2022-07-19T07:00:00.000000000,361.61,338.68003
2022-07-19T08:00:00.000000000,350.92,325.53114
2022-07-19T09:00:00.000000000,330.24,318.82911
2022-07-19T10:00:00.000000000,322.52,318.27813
2022-07-19T11:00:00.000000000,313.32,322.23143
2022-07-19T12:00:00.000000000,316.17,332.28353
2022-07-19T13:00:00.000000000,338.82,345.94405
2022-07-19T14:00:00.000000000,389.26,360.90341
2022-07-19T15:00:00.000000000,435.28,375.7088
2022-07-19T16:00:00.000000000,458.6,388.69407
2022-07-19T17:00:00.000000000,471.23,399.37021
2022-07-19T18:00:00.000000000,488.15,405.41264
2022-07-19T19:00:00.000000000,502.85,407.58909
2022-07-19T20:00:00.000000000,510.4,405.95895
2022-07-19T21:00:00.000000000,519.47,401.21657
2022-07-19T22:00:00.000000000,525.17,396.02287
2022-07-19T23:00:00.000000000,531.11,391.16431
2022-07-20T00:00:00.000000000,534.18,398.1698
2022-07-20T01:00:00.000000000,529.2,386.14165
2022-07-20T02:00:00.000000000,510.93,369.07652
2022-07-20T03:00:00.000000000,490.72,350.48724
2022-07-20T04:00:00.000000000,472.21,332.28782
2022-07-20T05:00:00.000000000,461.32,316.84055
2022-07-20T06:00:00.000000000,476.52,306.65387
2022-07-20T07:00:00.000000000,463.06,302.05109
2022-07-20T08:00:00.000000000,448.26,303.59469
2022-07-20T09:00:00.000000000,436.69,310.37727
2022-07-20T10:00:00.000000000,447.48,321.54244
2022-07-20T11:00:00.000000000,444.91,336.70227
2022-07-20T12:00:00.000000000,435.07,357.05684
2022-07-20T13:00:00.000000000,467.38,379.65756
2022-07-20T14:00:00.000000000,499.98,402.88098
2022-07-20T15:00:00.000000000,521.27,425.14106
2022-07-20T16:00:00.000000000,505.9,444.79751
2022-07-20T17:00:00.000000000,510.87,461.27744
2022-07-20T18:00:00.000000000,526.56,473.01856
2022-07-20T19:00:00.000000000,539.09,480.41028
2022-07-20T20:00:00.000000000,549.87,484.2792
2022-07-20T21:00:00.000000000,549.32,485.56986
2022-07-20T22:00:00.000000000,544.61,484.35334
2022-07-20T23:00:00.000000000,542.9,481.1919
2022-07-21T00:00:00.000000000,549.95,485.33195
2022-07-21T01:00:00.000000000,557.47,475.32956
2022-07-21T02:00:00.000000000,553.23,464.11485
2022-07-21T03:00:00.000000000,541.95,453.89012
2022-07-21T04:00:00.000000000,531.09,444.90721
2022-07-21T05:00:00.000000000,518.37,438.27879
2022-07-21T06:00:00.000000000,522.27,435.20847
2022-07-21T07:00:00.000000000,537.25,435.82791
2022-07-21T08:00:00.000000000,539.36,441.33807
2022-07-21T09:00:00.000000000,538.69,451.35417
2022-07-21T10:00:00.000000000,543.24,464.11899
2022-07-21T11:00:00.000000000,545.96,477.9666
2022-07-21T12:00:00.000000000,538.35,493.90274
2022-07-21T13:00:00.000000000,538.63,509.84596
2022-07-21T14:00:00.000000000,558.19,523.56652
2022-07-21T15:00:00.000000000,573.28,534.04176
2022-07-21T16:00:00.000000000,572.46,540.44561
2022-07-21T17:00:00.000000000,566.48,544.53513
2022-07-21T18:00:00.000000000,561.93,546.05096
2022-07-21T19:00:00.000000000,557.2,544.75928
2022-07-21T20:00:00.000000000,549.83,540.35125
2022-07-21T21:00:00.000000000,541.71,532.95328
2022-07-21T22:00:00.000000000,534.19,522.98957
2022-07-21T23:00:00.000000000,525.37,511.49702
2022-07-22T00:00:00.000000000,527.95,498.74633
2022-07-22T01:00:00.000000000,531.48,484.03763
2022-07-22T02:00:00.000000000,523.37,467.21353
2022-07-22T03:00:00.000000000,491.7,450.45884
2022-07-22T04:00:00.000000000,450.72,435.03114
2022-07-22T05:00:00.000000000,424.5,422.85803
2022-07-22T06:00:00.000000000,425.46,415.28543
2022-07-22T07:00:00.000000000,436.18,412.46722
2022-07-22T08:00:00.000000000,458.3,415.60151
2022-07-22T09:00:00.000000000,468.24,423.64163
2022-07-22T10:00:00.000000000,451.47,434.37633
2022-07-22T11:00:00.000000000,437.03,445.81767
2022-07-22T12:00:00.000000000,431.61,458.83153
2022-07-22T13:00:00.000000000,457.64,471.23887
2022-07-22T14:00:00.000000000,503.43,481.57681
2022-07-22T15:00:00.000000000,501.33,489.66529
2022-07-22T16:00:00.000000000,494.41,494.75283
2022-07-22T17:00:00.000000000,507.0,496.80797
2022-07-22T18:00:00.000000000,509.05,494.50558
2022-07-22T19:00:00.000000000,502.12,487.94309
2022-07-22T20:00:00.000000000,490.48,478.38515
2022-07-22T21:00:00.000000000,472.93,467.13254
2022-07-22T22:00:00.000000000,464.94,455.18361
2022-07-22T23:00:00.000000000,450.44,443.44092
2022-07-20T00:00:00.000000000,534.18,527.10247
2022-07-20T01:00:00.000000000,529.2,507.76537
2022-07-20T02:00:00.000000000,510.93,482.8795
2022-07-20T03:00:00.000000000,490.72,455.66096
2022-07-20T04:00:00.000000000,472.21,428.93953
2022-07-20T05:00:00.000000000,461.32,406.06079
2022-07-20T06:00:00.000000000,476.52,389.48067
2022-07-20T07:00:00.000000000,463.06,380.11854
2022-07-20T08:00:00.000000000,448.26,378.90445
2022-07-20T09:00:00.000000000,436.69,384.90353
2022-07-20T10:00:00.000000000,447.48,396.54947
2022-07-20T11:00:00.000000000,444.91,412.26693
2022-07-20T12:00:00.000000000,435.07,433.20941
2022-07-20T13:00:00.000000000,467.38,456.21004
2022-07-20T14:00:00.000000000,499.98,478.65919
2022-07-20T15:00:00.000000000,521.27,498.38854
2022-07-20T16:00:00.000000000,505.9,513.86668
2022-07-20T17:00:00.000000000,510.87,524.8813
2022-07-20T18:00:00.000000000,526.56,529.47567
2022-07-20T19:00:00.000000000,539.09,528.46199
2022-07-20T20:00:00.000000000,549.87,523.78613
2022-07-20T21:00:00.000000000,549.32,517.15355
2022-07-20T22:00:00.000000000,544.61,509.47134
2022-07-20T23:00:00.000000000,542.9,501.08556
2022-07-21T00:00:00.000000000,549.95,497.54148
2022-07-21T01:00:00.000000000,557.47,489.43932
2022-07-21T02:00:00.000000000,553.23,480.52811
2022-07-21T03:00:00.000000000,541.95,472.71358
2022-07-21T04:00:00.000000000,531.09,465.78106
2022-07-21T05:00:00.000000000,518.37,460.56676
2022-07-21T06:00:00.000000000,522.27,458.05172
2022-07-21T07:00:00.000000000,537.25,458.5733
2022-07-21T08:00:00.000000000,539.36,463.55861
2022-07-21T09:00:00.000000000,538.69,472.77305
2022-07-21T10:00:00.000000000,543.24,484.61757
2022-07-21T11:00:00.000000000,545.96,497.34528
2022-07-21T12:00:00.000000000,538.35,511.98212
2022-07-21T13:00:00.000000000,538.63,526.6059
2022-07-21T14:00:00.000000000,558.19,539.09644
2022-07-21T15:00:00.000000000,573.28,548.45638
2022-07-21T16:00:00.000000000,572.46,553.82372
2022-07-21T17:00:00.000000000,566.48,557.45986
2022-07-21T18:00:00.000000000,561.93,559.10326
2022-07-21T19:00:00.000000000,557.2,558.29257
2022-07-21T20:00:00.000000000,549.83,554.3754
2022-07-21T21:00:00.000000000,541.71,547.17767
2022-07-21T22:00:00.000000000,534.19,537.10938
2022-07-21T23:00:00.000000000,525.37,525.36841
2022-07-22T00:00:00.000000000,527.95,526.61899
2022-07-22T01:00:00.000000000,531.48,513.61742
2022-07-22T02:00:00.000000000,523.37,497.95472
2022-07-22T03:00:00.000000000,491.7,481.36722
2022-07-22T04:00:00.000000000,450.72,464.96599
2022-07-22T05:00:00.000000000,424.5,450.66786
2022-07-22T06:00:00.000000000,425.46,439.79474
2022-07-22T07:00:00.000000000,436.18,432.98131
2022-07-22T08:00:00.000000000,458.3,431.87446
2022-07-22T09:00:00.000000000,468.24,435.95489
2022-07-22T10:00:00.000000000,451.47,443.4703
2022-07-22T11:00:00.000000000,437.03,452.23328
2022-07-22T12:00:00.000000000,431.61,463.31145
2022-07-22T13:00:00.000000000,457.64,474.43764
2022-07-22T14:00:00.000000000,503.43,484.0339
2022-07-22T15:00:00.000000000,501.33,491.85753
2022-07-22T16:00:00.000000000,494.41,497.48288
2022-07-22T17:00:00.000000000,507.0,501.30814
2022-07-22T18:00:00.000000000,509.05,501.65213
2022-07-22T19:00:00.000000000,502.12,498.33546
2022-07-22T20:00:00.000000000,490.48,491.91979
2022-07-22T21:00:00.000000000,472.93,483.10112
2022-07-22T22:00:00.000000000,464.94,472.95045
2022-07-22T23:00:00.000000000,450.44,462.49521
2022-07-23T00:00:00.000000000,443.19,436.18717
2022-07-23T01:00:00.000000000,439.84,417.95998
2022-07-23T02:00:00.000000000,433.3,394.12769
2022-07-23T03:00:00.000000000,412.57,368.53957
2022-07-23T04:00:00.000000000,401.21,344.18918
2022-07-23T05:00:00.000000000,390.67,324.03755
2022-07-23T06:00:00.000000000,392.42,310.45856
2022-07-23T07:00:00.000000000,391.56,303.93628
2022-07-23T08:00:00.000000000,373.26,304.28056
2022-07-23T09:00:00.000000000,353.57,309.53085
2022-07-23T10:00:00.000000000,334.56,318.21881
2022-07-23T11:00:00.000000000,316.52,329.42634
2022-07-23T12:00:00.000000000,298.9,344.49943
2022-07-23T13:00:00.000000000,292.1,361.34947
2022-07-23T14:00:00.000000000,317.48,378.71251
2022-07-23T15:00:00.000000000,329.31,395.36245
2022-07-23T16:00:00.000000000,356.28,409.18128
2022-07-23T17:00:00.000000000,385.76,418.88646
2022-07-23T18:00:00.000000000,401.74,423.03557
2022-07-23T19:00:00.000000000,409.46,422.86649
2022-07-23T20:00:00.000000000,406.76,420.0388
2022-07-23T21:00:00.000000000,409.34,415.99834
2022-07-23T22:00:00.000000000,412.27,411.49102
2022-07-23T23:00:00.000000000,410.39,406.77405
2022-07-21T00:00:00.000000000,549.95,542.41908
2022-07-21T01:00:00.000000000,557.47,531.25173
2022-07-21T02:00:00.000000000,553.23,517.94413
2022-07-21T03:00:00.000000000,541.95,504.40292
2022-07-21T04:00:00.000000000,531.09,491.26597
2022-07-21T05:00:00.000000000,518.37,480.20987
2022-07-21T06:00:00.000000000,522.27,472.35553
2022-07-21T07:00:00.000000000,537.25,468.61374
2022-07-21T08:00:00.000000000,539.36,470.56212
2022-07-21T09:00:00.000000000,538.69,477.7412
2022-07-21T10:00:00.000000000,543.24,488.45259
2022-07-21T11:00:00.000000000,545.96,500.44422
2022-07-21T12:00:00.000000000,538.35,514.62174
2022-07-21T13:00:00.000000000,538.63,528.81497
2022-07-21T14:00:00.000000000,558.19,541.04261
2022-07-21T15:00:00.000000000,573.28,550.34205
2022-07-21T16:00:00.000000000,572.46,555.93668
2022-07-21T17:00:00.000000000,566.48,559.5979
2022-07-21T18:00:00.000000000,561.93,560.19855
2022-07-21T19:00:00.000000000,557.2,557.42331
2022-07-21T20:00:00.000000000,549.83,551.39324
2022-07-21T21:00:00.000000000,541.71,542.40105
2022-07-21T22:00:00.000000000,534.19,531.23636
2022-07-21T23:00:00.000000000,525.37,518.99352
2022-07-22T00:00:00.000000000,527.95,528.14837
2022-07-22T01:00:00.000000000,531.48,517.38021
2022-07-22T02:00:00.000000000,523.37,504.3325
2022-07-22T03:00:00.000000000,491.7,490.60927
2022-07-22T04:00:00.000000000,450.72,477.07438
2022-07-22T05:00:00.000000000,424.5,465.6269
2022-07-22T06:00:00.000000000,425.46,457.47984
2022-07-22T07:00:00.000000000,436.18,453.32473
2022-07-22T08:00:00.000000000,458.3,454.52117
2022-07-22T09:00:00.000000000,468.24,460.54878
2022-07-22T10:00:00.000000000,451.47,469.81648
2022-07-22T11:00:00.000000000,437.03,480.31189
2022-07-22T12:00:00.000000000,431.61,493.12982
2022-07-22T13:00:00.000000000,457.64,506.10423
2022-07-22T14:00:00.000000000,503.43,517.47575
2022-07-22T15:00:00.000000000,501.33,526.58994
2022-07-22T16:00:00.000000000,494.41,532.60537
2022-07-22T17:00:00.000000000,507.0,536.81866
2022-07-22T18:00:00.000000000,509.05,537.90216
2022-07-22T19:00:00.000000000,502.12,535.8646
2022-07-22T20:00:00.000000000,490.48,531.05669
2022-07-22T21:00:00.000000000,472.93,523.93967
2022-07-22T22:00:00.000000000,464.94,515.22386
2022-07-22T23:00:00.000000000,450.44,505.85396
2022-07-23T00:00:00.000000000,443.19,486.73564
2022-07-23T01:00:00.000000000,439.84,469.67909
2022-07-23T02:00:00.000000000,433.3,448.4827
2022-07-23T03:00:00.000000000,412.57,426.08252
2022-07-23T04:00:00.000000000,401.21,404.31152
2022-07-23T05:00:00.000000000,390.67,385.48498
2022-07-23T06:00:00.000000000,392.42,371.22165
2022-07-23T07:00:00.000000000,391.56,362.2176
2022-07-23T08:00:00.000000000,373.26,359.46428
2022-07-23T09:00:00.000000000,353.57,362.12229
2022-07-23T10:00:00.000000000,334.56,368.85328
2022-07-23T11:00:00.000000000,316.52,378.56908
2022-07-23T12:00:00.000000000,298.9,392.29192
2022-07-23T13:00:00.000000000,292.1,407.52431
2022-07-23T14:00:00.000000000,317.48,422.53343
2022-07-23T15:00:00.000000000,329.31,436.21
2022-07-23T16:00:00.000000000,356.28,447.08036
2022-07-23T17:00:00.000000000,385.76,454.81886
2022-07-23T18:00:00.000000000,401.74,457.98313
2022-07-23T19:00:00.000000000,409.46,457.40435
2022-07-23T20:00:00.000000000,406.76,454.29172
2022-07-23T21:00:00.000000000,409.34,449.60551
2022-07-23T22:00:00.000000000,412.27,443.88315
2022-07-23T23:00:00.000000000,410.39,437.58687
2022-07-24T00:00:00.000000000,404.1,429.00488
2022-07-24T01:00:00.000000000,399.54,413.53608
2022-07-24T02:00:00.000000000,395.42,394.93292
2022-07-24T03:00:00.000000000,382.01,377.11225
2022-07-24T04:00:00.000000000,362.71,361.3352
2022-07-24T05:00:00.000000000,354.5,349.4466
2022-07-24T06:00:00.000000000,340.35,343.43033
2022-07-24T07:00:00.000000000,332.96,343.05962
2022-07-24T08:00:00.000000000,339.31,348.98236
2022-07-24T09:00:00.000000000,355.06,360.47232
2022-07-24T10:00:00.000000000,369.99,375.89925
2022-07-24T11:00:00.000000000,382.77,394.44509
2022-07-24T12:00:00.000000000,398.03,417.29755
2022-07-24T13:00:00.000000000,412.25,441.46896
2022-07-24T14:00:00.000000000,444.85,464.38538
2022-07-24T15:00:00.000000000,446.68,484.1734
2022-07-24T16:00:00.000000000,463.25,499.5533
2022-07-24T17:00:00.000000000,485.94,510.93117
2022-07-24T18:00:00.000000000,504.95,517.72302
2022-07-24T19:00:00.000000000,520.25,520.39232
2022-07-24T20:00:00.000000000,525.64,519.61097
2022-07-24T21:00:00.000000000,521.32,516.17104
2022-07-24T22:00:00.000000000,513.86,510.06878
2022-07-24T23:00:00.000000000,501.17,501.56088
2022-07-22T00:00:00.000000000,527.95,545.2733
2022-07-22T01:00:00.000000000,531.48,534.86377
2022-07-22T02:00:00.000000000,523.37,522.34595
2022-07-22T03:00:00.000000000,491.7,509.0726
2022-07-22T04:00:00.000000000,450.72,495.70856
2022-07-22T05:00:00.000000000,424.5,484.01095
2022-07-22T06:00:00.000000000,425.46,475.06905
2022-07-22T07:00:00.000000000,436.18,469.85546
2022-07-22T08:00:00.000000000,458.3,470.05023
2022-07-22T09:00:00.000000000,468.24,475.14778
2022-07-22T10:00:00.000000000,451.47,483.43751
2022-07-22T11:00:00.000000000,437.03,492.60902
2022-07-22T12:00:00.000000000,431.61,503.82207
2022-07-22T13:00:00.000000000,457.64,515.01961
2022-07-22T14:00:00.000000000,503.43,524.51391
2022-07-22T15:00:00.000000000,501.33,531.80701
2022-07-22T16:00:00.000000000,494.41,536.31481
2022-07-22T17:00:00.000000000,507.0,539.41186
2022-07-22T18:00:00.000000000,509.05,539.61935
2022-07-22T19:00:00.000000000,502.12,536.63419
2022-07-22T20:00:00.000000000,490.48,530.67226
2022-07-22T21:00:00.000000000,472.93,522.0789
2022-07-22T22:00:00.000000000,464.94,511.88178
2022-07-22T23:00:00.000000000,450.44,501.22977
2022-07-23T00:00:00.000000000,443.19,496.84091
2022-07-23T01:00:00.000000000,439.84,482.15763
2022-07-23T02:00:00.000000000,433.3,464.09682
2022-07-23T03:00:00.000000000,412.57,445.11721
2022-07-23T04:00:00.000000000,401.21,426.53308
2022-07-23T05:00:00.000000000,390.67,410.33235
2022-07-23T06:00:00.000000000,392.42,397.91857
2022-07-23T07:00:00.000000000,391.56,389.73302
2022-07-23T08:00:00.000000000,373.26,387.28051
2022-07-23T09:00:00.000000000,353.57,390.10821
2022-07-23T10:00:00.000000000,334.56,396.81514
2022-07-23T11:00:00.000000000,316.52,406.24328
2022-07-23T12:00:00.000000000,298.9,419.18607
2022-07-23T13:00:00.000000000,292.1,433.0352
2022-07-23T14:00:00.000000000,317.48,446.21128
2022-07-23T15:00:00.000000000,329.31,458.04431
2022-07-23T16:00:00.000000000,356.28,467.28374
2022-07-23T17:00:00.000000000,385.76,473.87183
2022-07-23T18:00:00.000000000,401.74,476.3375
2022-07-23T19:00:00.000000000,409.46,475.09941
2022-07-23T20:00:00.000000000,406.76,471.25636
2022-07-23T21:00:00.000000000,409.34,465.79382
2022-07-23T22:00:00.000000000,412.27,459.15907
2022-07-23T23:00:00.000000000,410.39,452.01046
2022-07-24T00:00:00.000000000,404.1,446.41118
2022-07-24T01:00:00.000000000,399.54,434.26648
2022-07-24T02:00:00.000000000,395.42,420.13721
2022-07-24T03:00:00.000000000,382.01,407.04416
2022-07-24T04:00:00.000000000,362.71,395.45655
2022-07-24T05:00:00.000000000,354.5,386.6071
2022-07-24T06:00:00.000000000,340.35,381.87789
2022-07-24T07:00:00.000000000,332.96,380.97859
2022-07-24T08:00:00.000000000,339.31,385.00921
2022-07-24T09:00:00.000000000,355.06,393.41515
2022-07-24T10:00:00.000000000,369.99,404.72644
2022-07-24T11:00:00.000000000,382.77,418.06215
2022-07-24T12:00:00.000000000,398.03,434.6438
2022-07-24T13:00:00.000000000,412.25,451.93559
2022-07-24T14:00:00.000000000,444.85,468.11502
2022-07-24T15:00:00.000000000,446.68,482.28371
2022-07-24T16:00:00.000000000,463.25,493.23058
2022-07-24T17:00:00.000000000,485.94,501.70404
2022-07-24T18:00:00.000000000,504.95,507.05637
2022-07-24T19:00:00.000000000,520.25,509.57363
2022-07-24T20:00:00.000000000,525.64,509.58305
2022-07-24T21:00:00.000000000,521.32,507.55728
2022-07-24T22:00:00.000000000,513.86,503.27465
2022-07-24T23:00:00.000000000,501.17,497.03703
2022-07-25T00:00:00.000000000,485.48,491.55828
2022-07-25T01:00:00.000000000,465.81,477.90209
2022-07-25T02:00:00.000000000,450.57,461.70562
2022-07-25T03:00:00.000000000,437.98,445.81322
2022-07-25T04:00:00.000000000,423.04,431.40134
2022-07-25T05:00:00.000000000,403.75,420.42527
2022-07-25T06:00:00.000000000,392.52,414.29585
2022-07-25T07:00:00.000000000,384.77,413.07891
2022-07-25T08:00:00.000000000,372.45,417.62881
2022-07-25T09:00:00.000000000,352.4,427.16707
2022-07-25T10:00:00.000000000,372.12,439.94191
2022-07-25T11:00:00.000000000,404.06,454.52918
2022-07-25T12:00:00.000000000,418.43,472.02642
2022-07-25T13:00:00.000000000,439.75,489.83221
2022-07-25T14:00:00.000000000,465.99,505.6711
2022-07-25T15:00:00.000000000,477.52,518.41009
2022-07-25T16:00:00.000000000,486.8,527.09562
2022-07-25T17:00:00.000000000,501.95,532.81298
2022-07-25T18:00:00.000000000,514.12,534.80343
2022-07-25T19:00:00.000000000,521.16,533.51403
2022-07-25T20:00:00.000000000,521.61,529.79469
2022-07-25T21:00:00.000000000,518.54,524.4311
2022-07-25T22:00:00.000000000,515.23,517.5303
2022-07-25T23:00:00.000000000,503.85,509.31939
2022-07-23T00:00:00.000000000,443.19,462.29922
2022-07-23T01:00:00.000000000,439.84,444.65759
2022-07-23T02:00:00.000000000,433.3,421.68895
2022-07-23T03:00:00.000000000,412.57,396.9406
2022-07-23T04:00:00.000000000,401.21,372.86604
2022-07-23T05:00:00.000000000,390.67,352.08096
2022-07-23T06:00:00.000000000,392.42,336.96329
2022-07-23T07:00:00.000000000,391.56,327.70815
2022-07-23T08:00:00.000000000,373.26,325.35235
2022-07-23T09:00:00.000000000,353.57,329.23077
2022-07-23T10:00:00.000000000,334.56,338.01649
2022-07-23T11:00:00.000000000,316.52,350.91279
2022-07-23T12:00:00.000000000,298.9,368.97412
2022-07-23T13:00:00.000000000,292.1,389.39149
2022-07-23T14:00:00.000000000,317.48,410.2622
2022-07-23T15:00:00.000000000,329.31,429.94187
2022-07-23T16:00:00.000000000,356.28,446.75663
2022-07-23T17:00:00.000000000,385.76,459.5553
2022-07-23T18:00:00.000000000,401.74,466.63508
2022-07-23T19:00:00.000000000,409.46,468.27234
2022-07-23T20:00:00.000000000,406.76,465.86991
2022-07-23T21:00:00.000000000,409.34,460.84593
2022-07-23T22:00:00.000000000,412.27,453.85565
2022-07-23T23:00:00.000000000,410.39,445.64276
2022-07-24T00:00:00.000000000,404.1,440.44883
2022-07-24T01:00:00.000000000,399.54,427.25712
2022-07-24T02:00:00.000000000,395.42,411.61905
2022-07-24T03:00:00.000000000,382.01,397.02023
2022-07-24T04:00:00.000000000,362.71,384.09749
2022-07-24T05:00:00.000000000,354.5,374.31198
2022-07-24T06:00:00.000000000,340.35,369.31827
2022-07-24T07:00:00.000000000,332.96,368.93066
2022-07-24T08:00:00.000000000,339.31,374.07236
2022-07-24T09:00:00.000000000,355.06,384.23074
2022-07-24T10:00:00.000000000,369.99,397.88514
2022-07-24T11:00:00.000000000,382.77,414.18
2022-07-24T12:00:00.000000000,398.03,434.36538
2022-07-24T13:00:00.000000000,412.25,455.58316
2022-07-24T14:00:00.000000000,444.85,475.45543
2022-07-24T15:00:00.000000000,446.68,492.53523
2022-07-24T16:00:00.000000000,463.25,505.75053
2022-07-24T17:00:00.000000000,485.94,516.01778
2022-07-24T18:00:00.000000000,504.95,522.78655
2022-07-24T19:00:00.000000000,520.25,526.38392
2022-07-24T20:00:00.000000000,525.64,527.03708
2022-07-24T21:00:00.000000000,521.32,525.12393
2022-07-24T22:00:00.000000000,513.86,520.40879
2022-07-24T23:00:00.000000000,501.17,513.12188
2022-07-25T00:00:00.000000000,485.48,504.38023
2022-07-25T01:00:00.000000000,465.81,493.19839
2022-07-25T02:00:00.000000000,450.57,479.9524
2022-07-25T03:00:00.000000000,437.98,467.14104
2022-07-25T04:00:00.000000000,423.04,455.52429
2022-07-25T05:00:00.000000000,403.75,446.82762
2022-07-25T06:00:00.000000000,392.52,442.09187
2022-07-25T07:00:00.000000000,384.77,441.49557
2022-07-25T08:00:00.000000000,372.45,446.01564
2022-07-25T09:00:00.000000000,352.4,455.01005
2022-07-25T10:00:00.000000000,372.12,466.82649
2022-07-25T11:00:00.000000000,404.06,479.86385
2022-07-25T12:00:00.000000000,418.43,495.06788
2022-07-25T13:00:00.000000000,439.75,510.02836
2022-07-25T14:00:00.000000000,465.99,522.77746
2022-07-25T15:00:00.000000000,477.52,532.60792
2022-07-25T16:00:00.000000000,486.8,538.73956
2022-07-25T17:00:00.000000000,501.95,542.86259
2022-07-25T18:00:00.000000000,514.12,544.26112
2022-07-25T19:00:00.000000000,521.16,543.22617
2022-07-25T20:00:00.000000000,521.61,540.15966
2022-07-25T21:00:00.000000000,518.54,535.40678
2022-07-25T22:00:00.000000000,515.23,528.849
2022-07-25T23:00:00.000000000,503.85,520.7979
2022-07-26T00:00:00.000000000,490.8,520.43802
2022-07-26T01:00:00.000000000,478.4,507.9578
2022-07-26T02:00:00.000000000,456.85,493.12586
2022-07-26T03:00:00.000000000,412.94,477.75149
2022-07-26T04:00:00.000000000,391.17,462.42815
2022-07-26T05:00:00.000000000,392.73,448.67831
2022-07-26T06:00:00.000000000,396.52,437.39264
2022-07-26T07:00:00.000000000,400.38,429.25138
2022-07-26T08:00:00.000000000,403.84,426.29328
2022-07-26T09:00:00.000000000,408.53,428.29876
2022-07-26T10:00:00.000000000,411.51,433.98569
2022-07-26T11:00:00.000000000,433.38,441.99276
2022-07-26T12:00:00.000000000,457.47,453.05708
2022-07-26T13:00:00.000000000,472.96,464.48758
2022-07-26T14:00:00.000000000,499.64,474.7202
2022-07-26T15:00:00.000000000,497.78,483.42269
2022-07-26T16:00:00.000000000,507.0,489.68497
2022-07-26T17:00:00.000000000,519.25,494.18764
2022-07-26T18:00:00.000000000,530.35,495.43506
2022-07-26T19:00:00.000000000,528.23,493.72661
2022-07-26T20:00:00.000000000,518.64,490.01768
2022-07-26T21:00:00.000000000,503.37,485.11633
2022-07-26T22:00:00.000000000,492.2,479.33218
2022-07-26T23:00:00.000000000,482.38,473.28108
2022-07-24T00:00:00.000000000,404.1,434.53173
2022-07-24T01:00:00.000000000,399.54,426.29094
2022-07-24T02:00:00.000000000,395.42,416.50705
2022-07-24T03:00:00.000000000,382.01,407.5611
2022-07-24T04:00:00.000000000,362.71,399.57013
2022-07-24T05:00:00.000000000,354.5,393.70788
2022-07-24T06:00:00.000000000,340.35,391.43529
2022-07-24T07:00:00.000000000,332.96,392.55483
2022-07-24T08:00:00.000000000,339.31,398.13296
2022-07-24T09:00:00.000000000,355.06,407.93629
2022-07-24T10:00:00.000000000,369.99,420.56422
2022-07-24T11:00:00.000000000,382.77,434.98442
2022-07-24T12:00:00.000000000,398.03,452.46033
2022-07-24T13:00:00.000000000,412.25,470.65316
2022-07-24T14:00:00.000000000,444.85,487.54216
2022-07-24T15:00:00.000000000,446.68,502.08355
2022-07-24T16:00:00.000000000,463.25,513.22702
2022-07-24T17:00:00.000000000,485.94,522.34307
2022-07-24T18:00:00.000000000,504.95,528.91165
2022-07-24T19:00:00.000000000,520.25,532.74171
2022-07-24T20:00:00.000000000,525.64,533.37624
2022-07-24T21:00:00.000000000,521.32,530.87276
2022-07-24T22:00:00.000000000,513.86,525.27894
2022-07-24T23:00:00.000000000,501.17,517.46471
2022-07-25T00:00:00.000000000,485.48,522.27712
2022-07-25T01:00:00.000000000,465.81,513.9858
2022-07-25T02:00:00.000000000,450.57,504.30636
2022-07-25T03:00:00.000000000,437.98,494.711
2022-07-25T04:00:00.000000000,423.04,485.68052
2022-07-25T05:00:00.000000000,403.75,478.80861
2022-07-25T06:00:00.000000000,392.52,474.73188
2022-07-25T07:00:00.000000000,384.77,473.78859
2022-07-25T08:00:00.000000000,372.45,477.10955
2022-07-25T09:00:00.000000000,352.4,483.90611
2022-07-25T10:00:00.000000000,372.12,492.57214
2022-07-25T11:00:00.000000000,404.06,501.30517
2022-07-25T12:00:00.000000000,418.43,511.36565
2022-07-25T13:00:00.000000000,439.75,520.87565
2022-07-25T14:00:00.000000000,465.99,528.50127
2022-07-25T15:00:00.000000000,477.52,534.19428
2022-07-25T16:00:00.000000000,486.8,537.16357
2022-07-25T17:00:00.000000000,501.95,539.11367
2022-07-25T18:00:00.000000000,514.12,538.91281
2022-07-25T19:00:00.000000000,521.16,536.69858
2022-07-25T20:00:00.000000000,521.61,532.87254
2022-07-25T21:00:00.000000000,518.54,527.76406
2022-07-25T22:00:00.000000000,515.23,521.58249
2022-07-25T23:00:00.000000000,503.85,514.84936
2022-07-26T00:00:00.000000000,490.8,517.06272
2022-07-26T01:00:00.000000000,478.4,506.06124
2022-07-26T02:00:00.000000000,456.85,492.72013
2022-07-26T03:00:00.000000000,412.94,478.69474
2022-07-26T04:00:00.000000000,391.17,464.38568
2022-07-26T05:00:00.000000000,392.73,451.25561
2022-07-26T06:00:00.000000000,396.52,440.06968
2022-07-26T07:00:00.000000000,400.38,431.57366
2022-07-26T08:00:00.000000000,403.84,427.80781
2022-07-26T09:00:00.000000000,408.53,428.64905
2022-07-26T10:00:00.000000000,411.51,432.97804
2022-07-26T11:00:00.000000000,433.38,439.60885
2022-07-26T12:00:00.000000000,457.47,449.37513
2022-07-26T13:00:00.000000000,472.96,459.66359
2022-07-26T14:00:00.000000000,499.64,469.08138
2022-07-26T15:00:00.000000000,497.78,477.40135
2022-07-26T16:00:00.000000000,507.0,483.68797
2022-07-26T17:00:00.000000000,519.25,488.7864
2022-07-26T18:00:00.000000000,530.35,491.16431
2022-07-26T19:00:00.000000000,528.23,491.12095
2022-07-26T20:00:00.000000000,518.64,489.36863
2022-07-26T21:00:00.000000000,503.37,486.43108
2022-07-26T22:00:00.000000000,492.2,482.43701
2022-07-26T23:00:00.000000000,482.38,477.95976
2022-07-27T00:00:00.000000000,475.29,485.95888
2022-07-27T01:00:00.000000000,467.11,474.3551
2022-07-27T02:00:00.000000000,471.78,461.04096
2022-07-27T03:00:00.000000000,453.59,448.1265
2022-07-27T04:00:00.000000000,440.03,436.49976
2022-07-27T05:00:00.000000000,439.43,427.92969
2022-07-27T06:00:00.000000000,430.66,423.47746
2022-07-27T07:00:00.000000000,433.24,423.09936
2022-07-27T08:00:00.000000000,450.35,427.7977
2022-07-27T09:00:00.000000000,476.78,436.63407
2022-07-27T10:00:00.000000000,487.16,447.64077
2022-07-27T11:00:00.000000000,490.78,459.32056
2022-07-27T12:00:00.000000000,502.62,472.89704
2022-07-27T13:00:00.000000000,518.95,486.23187
2022-07-27T14:00:00.000000000,544.06,497.81676
2022-07-27T15:00:00.000000000,559.44,507.29213
2022-07-27T16:00:00.000000000,564.76,513.71257
2022-07-27T17:00:00.000000000,562.75,517.74385
2022-07-27T18:00:00.000000000,561.32,518.22454
2022-07-27T19:00:00.000000000,557.68,515.35015
2022-07-27T20:00:00.000000000,550.55,510.13707
2022-07-27T21:00:00.000000000,537.98,503.53984
2022-07-27T22:00:00.000000000,519.3,495.90714
2022-07-27T23:00:00.000000000,506.28,487.74655
2022-07-25T00:00:00.000000000,485.48,510.17971
2022-07-25T01:00:00.000000000,465.81,502.87966
2022-07-25T02:00:00.000000000,450.57,494.39567
2022-07-25T03:00:00.000000000,437.98,486.02769
2022-07-25T04:00:00.000000000,423.04,477.93407
2022-07-25T05:00:00.000000000,403.75,471.45962
2022-07-25T06:00:00.000000000,392.52,467.49882
2022-07-25T07:00:00.000000000,384.77,466.43152
2022-07-25T08:00:00.000000000,372.45,469.49038
2022-07-25T09:00:00.000000000,352.4,476.11114
2022-07-25T10:00:00.000000000,372.12,484.82602
2022-07-25T11:00:00.000000000,404.06,493.86823
2022-07-25T12:00:00.000000000,418.43,504.64068
2022-07-25T13:00:00.000000000,439.75,515.42667
2022-07-25T14:00:00.000000000,465.99,524.76425
2022-07-25T15:00:00.000000000,477.52,532.25691
2022-07-25T16:00:00.000000000,486.8,536.87915
2022-07-25T17:00:00.000000000,501.95,540.39226
2022-07-25T18:00:00.000000000,514.12,541.79521
2022-07-25T19:00:00.000000000,521.16,540.93122
2022-07-25T20:00:00.000000000,521.61,537.63325
2022-07-25T21:00:00.000000000,518.54,531.9967
2022-07-25T22:00:00.000000000,515.23,524.56741
2022-07-25T23:00:00.000000000,503.85,516.32287
2022-07-26T00:00:00.000000000,490.8,508.26893
2022-07-26T01:00:00.000000000,478.4,494.96133
2022-07-26T02:00:00.000000000,456.85,478.61211
2022-07-26T03:00:00.000000000,412.94,461.55025
2022-07-26T04:00:00.000000000,391.17,444.82769
2022-07-26T05:00:00.000000000,392.73,430.25422
2022-07-26T06:00:00.000000000,396.52,419.02281
2022-07-26T07:00:00.000000000,400.38,411.59175
2022-07-26T08:00:00.000000000,403.84,409.55971
2022-07-26T09:00:00.000000000,408.53,412.49335
2022-07-26T10:00:00.000000000,411.51,419.13068
2022-07-26T11:00:00.000000000,433.38,428.41431
2022-07-26T12:00:00.000000000,457.47,441.44144
2022-07-26T13:00:00.000000000,472.96,455.54526
2022-07-26T14:00:00.000000000,499.64,469.07514
2022-07-26T15:00:00.000000000,497.78,481.22598
2022-07-26T16:00:00.000000000,507.0,490.79092
2022-07-26T17:00:00.000000000,519.25,498.13709
2022-07-26T18:00:00.000000000,530.35,501.68681
2022-07-26T19:00:00.000000000,528.23,501.84515
2022-07-26T20:00:00.000000000,518.64,499.75148
2022-07-26T21:00:00.000000000,503.37,496.29583
2022-07-26T22:00:00.000000000,492.2,491.60443
2022-07-26T23:00:00.000000000,482.38,486.10639
2022-07-27T00:00:00.000000000,475.29,488.61762
2022-07-27T01:00:00.000000000,467.11,478.45122
2022-07-27T02:00:00.000000000,471.78,466.92488
2022-07-27T03:00:00.000000000,453.59,455.88508
2022-07-27T04:00:00.000000000,440.03,445.90888
2022-07-27T05:00:00.000000000,439.43,438.46735
2022-07-27T06:00:00.000000000,430.66,434.39379
2022-07-27T07:00:00.000000000,433.24,433.61473
2022-07-27T08:00:00.000000000,450.35,437.22128
2022-07-27T09:00:00.000000000,476.78,444.41619
2022-07-27T10:00:00.000000000,487.16,453.5186
2022-07-27T11:00:00.000000000,490.78,463.1641
2022-07-27T12:00:00.000000000,502.62,474.73215
2022-07-27T13:00:00.000000000,518.95,486.2665
2022-07-27T14:00:00.000000000,544.06,496.40028
2022-07-27T15:00:00.000000000,559.44,504.8593
2022-07-27T16:00:00.000000000,564.76,510.61812
2022-07-27T17:00:00.000000000,562.75,514.47315
2022-07-27T18:00:00.000000000,561.32,515.24969
2022-07-27T19:00:00.000000000,557.68,513.08776
2022-07-27T20:00:00.000000000,550.55,508.7368
2022-07-27T21:00:00.000000000,537.98,502.91677
2022-07-27T22:00:00.000000000,519.3,495.95053
2022-07-27T23:00:00.000000000,506.28,488.44694
2022-07-28T00:00:00.000000000,501.94,484.72523
2022-07-28T01:00:00.000000000,500.53,472.61291
2022-07-28T02:00:00.000000000,509.77,458.5051
2022-07-28T03:00:00.000000000,501.47,444.80576
2022-07-28T04:00:00.000000000,494.4,432.37298
2022-07-28T05:00:00.000000000,479.17,422.83691
2022-07-28T06:00:00.000000000,462.43,417.22856
2022-07-28T07:00:00.000000000,473.02,415.49667
2022-07-28T08:00:00.000000000,493.5,418.64885
2022-07-28T09:00:00.000000000,508.06,425.73082
2022-07-28T10:00:00.000000000,521.01,435.10459
2022-07-28T11:00:00.000000000,521.64,445.75117
2022-07-28T12:00:00.000000000,487.57,459.34073
2022-07-28T13:00:00.000000000,468.37,473.6512
2022-07-28T14:00:00.000000000,479.49,486.99059
2022-07-28T15:00:00.000000000,489.42,498.55285
2022-07-28T16:00:00.000000000,507.09,507.15146
2022-07-28T17:00:00.000000000,516.15,513.30533
2022-07-28T18:00:00.000000000,529.39,515.76327
2022-07-28T19:00:00.000000000,546.88,514.86331
2022-07-28T20:00:00.000000000,541.63,511.76488
2022-07-28T21:00:00.000000000,543.19,507.39817
2022-07-28T22:00:00.000000000,540.07,501.96875
2022-07-28T23:00:00.000000000,527.7,495.76104
2022-07-26T00:00:00.000000000,490.8,516.8005
2022-07-26T01:00:00.000000000,478.4,503.03664
2022-07-26T02:00:00.000000000,456.85,485.98853
2022-07-26T03:00:00.000000000,412.94,467.98077
2022-07-26T04:00:00.000000000,391.17,450.26629
2022-07-26T05:00:00.000000000,392.73,434.75344
2022-07-26T06:00:00.000000000,396.52,422.82949
2022-07-26T07:00:00.000000000,400.38,415.05502
2022-07-26T08:00:00.000000000,403.84,412.88814
2022-07-26T09:00:00.000000000,408.53,415.79322
2022-07-26T10:00:00.000000000,411.51,422.67473
2022-07-26T11:00:00.000000000,433.38,432.41646
2022-07-26T12:00:00.000000000,457.47,446.60651
2022-07-26T13:00:00.000000000,472.96,462.64605
2022-07-26T14:00:00.000000000,499.64,478.52776
2022-07-26T15:00:00.000000000,497.78,492.89257
2022-07-26T16:00:00.000000000,507.0,504.39395
2022-07-26T17:00:00.000000000,519.25,513.35844
2022-07-26T18:00:00.000000000,530.35,518.00703
2022-07-26T19:00:00.000000000,528.23,518.76275
2022-07-26T20:00:00.000000000,518.64,516.75207
2022-07-26T21:00:00.000000000,503.37,512.94569
2022-07-26T22:00:00.000000000,492.2,507.85707
2022-07-26T23:00:00.000000000,482.38,501.98093
2022-07-27T00:00:00.000000000,475.29,512.30399
2022-07-27T01:00:00.000000000,467.11,503.55613
2022-07-27T02:00:00.000000000,471.78,493.44872
2022-07-27T03:00:00.000000000,453.59,483.392
2022-07-27T04:00:00.000000000,440.03,473.97376
2022-07-27T05:00:00.000000000,439.43,466.82442
2022-07-27T06:00:00.000000000,430.66,462.61563
2022-07-27T07:00:00.000000000,433.24,461.58337
2022-07-27T08:00:00.000000000,450.35,464.89242
2022-07-27T09:00:00.000000000,476.78,471.71038
2022-07-27T10:00:00.000000000,487.16,480.30466
2022-07-27T11:00:00.000000000,490.78,488.9144
2022-07-27T12:00:00.000000000,502.62,498.81153
2022-07-27T13:00:00.000000000,518.95,508.09928
2022-07-27T14:00:00.000000000,544.06,515.59701
2022-07-27T15:00:00.000000000,559.44,521.41434
2022-07-27T16:00:00.000000000,564.76,524.79168
2022-07-27T17:00:00.000000000,562.75,526.96045
2022-07-27T18:00:00.000000000,561.32,526.57518
2022-07-27T19:00:00.000000000,557.68,523.76288
2022-07-27T20:00:00.000000000,550.55,519.18411
2022-07-27T21:00:00.000000000,537.98,513.42481
2022-07-27T22:00:00.000000000,519.3,506.80937
2022-07-27T23:00:00.000000000,506.28,499.90676
2022-07-28T00:00:00.000000000,501.94,502.60036
2022-07-28T01:00:00.000000000,500.53,489.60615
2022-07-28T02:00:00.000000000,509.77,474.15907
2022-07-28T03:00:00.000000000,501.47,458.79007
2022-07-28T04:00:00.000000000,494.4,444.62206
2022-07-28T05:00:00.000000000,479.17,433.55733
2022-07-28T06:00:00.000000000,462.43,426.7352
2022-07-28T07:00:00.000000000,473.02,424.41454
2022-07-28T08:00:00.000000000,493.5,427.5554
2022-07-28T09:00:00.000000000,508.06,435.12089
2022-07-28T10:00:00.000000000,521.01,445.4801
2022-07-28T11:00:00.000000000,521.64,457.35097
2022-07-28T12:00:00.000000000,487.57,472.2127
2022-07-28T13:00:00.000000000,468.37,487.61924
2022-07-28T14:00:00.000000000,479.49,501.66665
2022-07-28T15:00:00.000000000,489.42,513.37492
2022-07-28T16:00:00.000000000,507.09,521.64658
2022-07-28T17:00:00.000000000,516.15,527.29063
2022-07-28T18:00:00.000000000,529.39,529.0543
2022-07-28T19:00:00.000000000,546.88,527.455
2022-07-28T20:00:00.000000000,541.63,523.77419
2022-07-28T21:00:00.000000000,543.19,518.97858
2022-07-28T22:00:00.000000000,540.07,513.26708
2022-07-28T23:00:00.000000000,527.7,506.82083
2022-07-29T00:00:00.000000000,514.51,512.91805
2022-07-29T01:00:00.000000000,498.81,503.69707
2022-07-29T02:00:00.000000000,496.57,493.20628
2022-07-29T03:00:00.000000000,500.09,483.47868
2022-07-29T04:00:00.000000000,505.45,474.90915
2022-07-29T05:00:00.000000000,515.23,468.87311
2022-07-29T06:00:00.000000000,507.11,465.84146
2022-07-29T07:00:00.000000000,492.0,465.93964
2022-07-29T08:00:00.000000000,477.19,470.10229
2022-07-29T09:00:00.000000000,475.93,477.24991
2022-07-29T10:00:00.000000000,497.82,485.88264
2022-07-29T11:00:00.000000000,511.89,494.67901
2022-07-29T12:00:00.000000000,520.51,505.63687
2022-07-29T13:00:00.000000000,535.95,517.01546
2022-07-29T14:00:00.000000000,549.95,527.23209
2022-07-29T15:00:00.000000000,544.62,535.59977
2022-07-29T16:00:00.000000000,540.93,541.07867
2022-07-29T17:00:00.000000000,532.55,545.20366
2022-07-29T18:00:00.000000000,523.59,546.78828
2022-07-29T19:00:00.000000000,524.85,545.90891
2022-07-29T20:00:00.000000000,526.55,543.1619
2022-07-29T21:00:00.000000000,525.27,538.89865
2022-07-29T22:00:00.000000000,516.46,533.32349
2022-07-29T23:00:00.000000000,508.08,526.77357
2022-07-27T00:00:00.000000000,475.29,500.31628
2022-07-27T01:00:00.000000000,467.11,490.92384
2022-07-27T02:00:00.000000000,471.78,480.03098
2022-07-27T03:00:00.000000000,453.59,469.24362
2022-07-27T04:00:00.000000000,440.03,459.21758
2022-07-27T05:00:00.000000000,439.43,451.5265
2022-07-27T06:00:00.000000000,430.66,447.1371
2022-07-27T07:00:00.000000000,433.24,446.297
2022-07-27T08:00:00.000000000,450.35,450.14267
2022-07-27T09:00:00.000000000,476.78,457.8622
2022-07-27T10:00:00.000000000,487.16,467.6307
2022-07-27T11:00:00.000000000,490.78,477.6916
2022-07-27T12:00:00.000000000,502.62,489.43818
2022-07-27T13:00:00.000000000,518.95,501.02747
2022-07-27T14:00:00.000000000,544.06,511.05113
2022-07-27T15:00:00.000000000,559.44,519.16914
2022-07-27T16:00:00.000000000,564.76,524.505
2022-07-27T17:00:00.000000000,562.75,528.0874
2022-07-27T18:00:00.000000000,561.32,528.66531
2022-07-27T19:00:00.000000000,557.68,526.12617
2022-07-27T20:00:00.000000000,550.55,520.93839
2022-07-27T21:00:00.000000000,537.98,513.69
2022-07-27T22:00:00.000000000,519.3,505.04666
2022-07-27T23:00:00.000000000,506.28,495.87383
2022-07-28T00:00:00.000000000,501.94,498.69313
2022-07-28T01:00:00.000000000,500.53,487.42817
2022-07-28T02:00:00.000000000,509.77,474.21959
2022-07-28T03:00:00.000000000,501.47,461.52405
2022-07-28T04:00:00.000000000,494.4,450.0225
2022-07-28T05:00:00.000000000,479.17,441.30945
2022-07-28T06:00:00.000000000,462.43,436.38712
2022-07-28T07:00:00.000000000,473.02,435.43274
2022-07-28T08:00:00.000000000,493.5,439.27789
2022-07-28T09:00:00.000000000,508.06,446.88808
2022-07-28T10:00:00.000000000,521.01,456.80793
2022-07-28T11:00:00.000000000,521.64,467.83609
2022-07-28T12:00:00.000000000,487.57,481.74109
2022-07-28T13:00:00.000000000,468.37,496.39521
2022-07-28T14:00:00.000000000,479.49,509.94537
2022-07-28T15:00:00.000000000,489.42,521.36108
2022-07-28T16:00:00.000000000,507.09,529.45595
2022-07-28T17:00:00.000000000,516.15,535.44735
2022-07-28T18:00:00.000000000,529.39,538.25707
2022-07-28T19:00:00.000000000,546.88,538.24113
2022-07-28T20:00:00.000000000,541.63,536.0816
2022-07-28T21:00:00.000000000,543.19,532.26672
2022-07-28T22:00:00.000000000,540.07,526.93224
2022-07-28T23:00:00.000000000,527.7,520.39382
2022-07-29T00:00:00.000000000,514.51,531.35495
2022-07-29T01:00:00.000000000,498.81,524.90957
2022-07-29T02:00:00.000000000,496.57,517.8726
2022-07-29T03:00:00.000000000,500.09,511.77325
2022-07-29T04:00:00.000000000,505.45,506.57658
2022-07-29T05:00:00.000000000,515.23,503.34303
2022-07-29T06:00:00.000000000,507.11,502.17017
2022-07-29T07:00:00.000000000,492.0,503.28659
2022-07-29T08:00:00.000000000,477.19,507.65621
2022-07-29T09:00:00.000000000,475.93,514.16655
2022-07-29T10:00:00.000000000,497.82,521.46106
2022-07-29T11:00:00.000000000,511.89,528.01581
2022-07-29T12:00:00.000000000,520.51,535.831
2022-07-29T13:00:00.000000000,535.95,543.66143
2022-07-29T14:00:00.000000000,549.95,550.28846
2022-07-29T15:00:00.000000000,544.62,555.31032
2022-07-29T16:00:00.000000000,540.93,557.52185
2022-07-29T17:00:00.000000000,532.55,559.06434
2022-07-29T18:00:00.000000000,523.59,558.89004
2022-07-29T19:00:00.000000000,524.85,556.86262
2022-07-29T20:00:00.000000000,526.55,553.18856
2022-07-29T21:00:00.000000000,525.27,547.90962
2022-07-29T22:00:00.000000000,516.46,541.3432
2022-07-29T23:00:00.000000000,508.08,534.06157
2022-07-30T00:00:00.000000000,500.39,542.92756
2022-07-30T01:00:00.000000000,501.26,535.90901
2022-07-30T02:00:00.000000000,503.56,527.64467
2022-07-30T03:00:00.000000000,495.8,519.02139
2022-07-30T04:00:00.000000000,483.94,510.28815
2022-07-30T05:00:00.000000000,473.4,502.95041
2022-07-30T06:00:00.000000000,461.58,497.29769
2022-07-30T07:00:00.000000000,460.06,493.96032
2022-07-30T08:00:00.000000000,459.39,494.55398
2022-07-30T09:00:00.000000000,464.48,498.41087
2022-07-30T10:00:00.000000000,475.18,504.17674
2022-07-30T11:00:00.000000000,483.64,510.03641
2022-07-30T12:00:00.000000000,491.06,517.34555
2022-07-30T13:00:00.000000000,500.56,524.06077
2022-07-30T14:00:00.000000000,524.86,529.10633
2022-07-30T15:00:00.000000000,539.42,532.81139
2022-07-30T16:00:00.000000000,536.98,534.58904
2022-07-30T17:00:00.000000000,529.65,536.13075
2022-07-30T18:00:00.000000000,529.05,535.72274
2022-07-30T19:00:00.000000000,528.85,533.50268
2022-07-30T20:00:00.000000000,524.5,530.22302
2022-07-30T21:00:00.000000000,522.95,526.37252
2022-07-30T22:00:00.000000000,524.49,522.13831
2022-07-30T23:00:00.000000000,524.9,517.91584
2022-07-28T00:00:00.000000000,501.94,515.65867
2022-07-28T01:00:00.000000000,500.53,508.2671
2022-07-28T02:00:00.000000000,509.77,499.92027
2022-07-28T03:00:00.000000000,501.47,492.26083
2022-07-28T04:00:00.000000000,494.4,485.3663
2022-07-28T05:00:00.000000000,479.17,480.43126
2022-07-28T06:00:00.000000000,462.43,478.0231
2022-07-28T07:00:00.000000000,473.02,478.40669
2022-07-28T08:00:00.000000000,493.5,482.51373
2022-07-28T09:00:00.000000000,508.06,489.30717
2022-07-28T10:00:00.000000000,521.01,497.41738
2022-07-28T11:00:00.000000000,521.64,505.42413
2022-07-28T12:00:00.000000000,487.57,515.41908
2022-07-28T13:00:00.000000000,468.37,525.97525
2022-07-28T14:00:00.000000000,479.49,535.64022
2022-07-28T15:00:00.000000000,489.42,543.65975
2022-07-28T16:00:00.000000000,507.09,548.70417
2022-07-28T17:00:00.000000000,516.15,552.54395
2022-07-28T18:00:00.000000000,529.39,554.06322
2022-07-28T19:00:00.000000000,546.88,553.14565
2022-07-28T20:00:00.000000000,541.63,549.94268
2022-07-28T21:00:00.000000000,543.19,544.58125
2022-07-28T22:00:00.000000000,540.07,537.5853
2022-07-28T23:00:00.000000000,527.7,529.70638
2022-07-29T00:00:00.000000000,514.51,534.48069
2022-07-29T01:00:00.000000000,498.81,528.73108
2022-07-29T02:00:00.000000000,496.57,522.5367
2022-07-29T03:00:00.000000000,500.09,517.48058
2022-07-29T04:00:00.000000000,505.45,513.35118
2022-07-29T05:00:00.000000000,515.23,511.11847
2022-07-29T06:00:00.000000000,507.11,510.85769
2022-07-29T07:00:00.000000000,492.0,512.7664
2022-07-29T08:00:00.000000000,477.19,517.73374
2022-07-29T09:00:00.000000000,475.93,524.57918
2022-07-29T10:00:00.000000000,497.82,531.97528
2022-07-29T11:00:00.000000000,511.89,538.36131
2022-07-29T12:00:00.000000000,520.51,545.75849
2022-07-29T13:00:00.000000000,535.95,553.13143
2022-07-29T14:00:00.000000000,549.95,559.34183
2022-07-29T15:00:00.000000000,544.62,563.96596
2022-07-29T16:00:00.000000000,540.93,565.63067
2022-07-29T17:00:00.000000000,532.55,566.77251
2022-07-29T18:00:00.000000000,523.59,566.51242
2022-07-29T19:00:00.000000000,524.85,564.60322
2022-07-29T20:00:00.000000000,526.55,561.0166
2022-07-29T21:00:00.000000000,525.27,555.63
2022-07-29T22:00:00.000000000,516.46,548.74828
2022-07-29T23:00:00.000000000,508.08,540.99466
2022-07-30T00:00:00.000000000,500.39,547.88442
2022-07-30T01:00:00.000000000,501.26,540.48324
2022-07-30T02:00:00.000000000,503.56,531.69245
2022-07-30T03:00:00.000000000,495.8,522.56301
2022-07-30T04:00:00.000000000,483.94,513.47633
2022-07-30T05:00:00.000000000,473.4,506.03465
2022-07-30T06:00:00.000000000,461.58,500.63443
2022-07-30T07:00:00.000000000,460.06,497.89321
2022-07-30T08:00:00.000000000,459.39,499.13772
2022-07-30T09:00:00.000000000,464.48,503.54236
2022-07-30T10:00:00.000000000,475.18,509.78901
2022-07-30T11:00:00.000000000,483.64,515.99257
2022-07-30T12:00:00.000000000,491.06,523.5577
2022-07-30T13:00:00.000000000,500.56,530.63574
2022-07-30T14:00:00.000000000,524.86,536.11743
2022-07-30T15:00:00.000000000,539.42,540.13944
2022-07-30T16:00:00.000000000,536.98,541.90557
2022-07-30T17:00:00.000000000,529.65,543.23673
2022-07-30T18:00:00.000000000,529.05,542.57997
2022-07-30T19:00:00.000000000,528.85,540.12732
2022-07-30T20:00:00.000000000,524.5,536.45055
2022-07-30T21:00:00.000000000,522.95,531.89739
2022-07-30T22:00:00.000000000,524.49,526.72052
2022-07-30T23:00:00.000000000,524.9,521.41971
2022-07-31T00:00:00.000000000,524.51,514.4264
2022-07-31T01:00:00.000000000,528.68,503.35899
2022-07-31T02:00:00.000000000,525.29,490.02857
2022-07-31T03:00:00.000000000,502.54,476.23002
2022-07-31T04:00:00.000000000,478.69,462.6336
2022-07-31T05:00:00.000000000,446.24,450.94982
2022-07-31T06:00:00.000000000,417.73,442.09745
2022-07-31T07:00:00.000000000,404.1,436.6115
2022-07-31T08:00:00.000000000,414.92,436.06555
2022-07-31T09:00:00.000000000,404.34,439.97249
2022-07-31T10:00:00.000000000,384.16,446.97159
2022-07-31T11:00:00.000000000,376.82,455.72761
2022-07-31T12:00:00.000000000,379.28,467.23828
2022-07-31T13:00:00.000000000,385.3,478.96869
2022-07-31T14:00:00.000000000,410.6,489.47118
2022-07-31T15:00:00.000000000,428.86,498.41294
2022-07-31T16:00:00.000000000,436.42,504.82396
2022-07-31T17:00:00.000000000,459.03,509.64273
2022-07-31T18:00:00.000000000,480.93,511.41192
2022-07-31T19:00:00.000000000,503.53,510.55247
2022-07-31T20:00:00.000000000,517.7,508.04527
2022-07-31T21:00:00.000000000,525.5,504.60123
2022-07-31T22:00:00.000000000,523.66,500.2449
2022-07-31T23:00:00.000000000,519.83,495.36764
2022-07-29T00:00:00.000000000,514.51,533.42233
2022-07-29T01:00:00.000000000,498.81,528.58771
2022-07-29T02:00:00.000000000,496.57,523.43797
2022-07-29T03:00:00.000000000,500.09,519.36013
2022-07-29T04:00:00.000000000,505.45,515.88875
2022-07-29T05:00:00.000000000,515.23,513.80991
2022-07-29T06:00:00.000000000,507.11,513.26732
2022-07-29T07:00:00.000000000,492.0,514.70581
2022-07-29T08:00:00.000000000,477.19,519.27572
2022-07-29T09:00:00.000000000,475.93,525.94119
2022-07-29T10:00:00.000000000,497.82,533.37243
2022-07-29T11:00:00.000000000,511.89,539.98119
2022-07-29T12:00:00.000000000,520.51,547.9182
2022-07-29T13:00:00.000000000,535.95,556.17184
2022-07-29T14:00:00.000000000,549.95,563.48749
2022-07-29T15:00:00.000000000,544.62,569.15384
2022-07-29T16:00:00.000000000,540.93,571.77155
2022-07-29T17:00:00.000000000,532.55,573.80218
2022-07-29T18:00:00.000000000,523.59,574.23909
2022-07-29T19:00:00.000000000,524.85,572.51176
2022-07-29T20:00:00.000000000,526.55,568.43514
2022-07-29T21:00:00.000000000,525.27,561.85447
2022-07-29T22:00:00.000000000,516.46,553.42855
2022-07-29T23:00:00.000000000,508.08,544.12094
2022-07-30T00:00:00.000000000,500.39,547.05068
2022-07-30T01:00:00.000000000,501.26,539.57101
2022-07-30T02:00:00.000000000,503.56,531.05333
2022-07-30T03:00:00.000000000,495.8,522.86379
2022-07-30T04:00:00.000000000,483.94,515.15467
2022-07-30T05:00:00.000000000,473.4,509.27489
2022-07-30T06:00:00.000000000,461.58,505.60071
2022-07-30T07:00:00.000000000,460.06,504.63024
2022-07-30T08:00:00.000000000,459.39,507.42328
2022-07-30T09:00:00.000000000,464.48,512.92489
2022-07-30T10:00:00.000000000,475.18,519.9344
2022-07-30T11:00:00.000000000,483.64,526.6282
2022-07-30T12:00:00.000000000,491.06,534.60782
2022-07-30T13:00:00.000000000,500.56,542.36039
2022-07-30T14:00:00.000000000,524.86,548.69679
2022-07-30T15:00:00.000000000,539.42,553.36872
2022-07-30T16:00:00.000000000,536.98,555.18555
2022-07-30T17:00:00.000000000,529.65,556.2966
2022-07-30T18:00:00.000000000,529.05,555.52957
2022-07-30T19:00:00.000000000,528.85,553.00538
2022-07-30T20:00:00.000000000,524.5,548.96399
2022-07-30T21:00:00.000000000,522.95,543.52509
2022-07-30T22:00:00.000000000,524.49,537.0266
2022-07-30T23:00:00.000000000,524.9,530.11782
2022-07-31T00:00:00.000000000,524.51,528.56143
2022-07-31T01:00:00.000000000,528.68,516.59271
2022-07-31T02:00:00.000000000,525.29,501.8465
2022-07-31T03:00:00.000000000,502.54,486.16121
2022-07-31T04:00:00.000000000,478.69,470.64479
2022-07-31T05:00:00.000000000,446.24,457.40813
2022-07-31T06:00:00.000000000,417.73,447.63102
2022-07-31T07:00:00.000000000,404.1,441.95403
2022-07-31T08:00:00.000000000,414.92,441.81624
2022-07-31T09:00:00.000000000,404.34,446.67438
2022-07-31T10:00:00.000000000,384.16,455.06853
2022-07-31T11:00:00.000000000,376.82,465.33728
2022-07-31T12:00:00.000000000,379.28,478.43784
2022-07-31T13:00:00.000000000,385.3,491.75068
2022-07-31T14:00:00.000000000,410.6,503.60081
2022-07-31T15:00:00.000000000,428.86,513.45698
2022-07-31T16:00:00.000000000,436.42,520.42151
2022-07-31T17:00:00.000000000,459.03,525.46053
2022-07-31T18:00:00.000000000,480.93,526.97761
2022-07-31T19:00:00.000000000,503.53,525.3736
2022-07-31T20:00:00.000000000,517.7,521.7122
2022-07-31T21:00:00.000000000,525.5,516.85379
2022-07-31T22:00:00.000000000,523.66,511.05233
2022-07-31T23:00:00.000000000,519.83,504.73661
2022-08-01T00:00:00.000000000,515.99,484.66099
2022-08-01T01:00:00.000000000,511.87,470.91652
2022-08-01T02:00:00.000000000,498.74,454.95259
2022-08-01T03:00:00.000000000,467.33,439.2805
2022-08-01T04:00:00.000000000,440.74,424.90327
2022-08-01T05:00:00.000000000,425.66,413.53971
2022-08-01T06:00:00.000000000,413.28,406.33705
2022-08-01T07:00:00.000000000,392.55,403.3325
2022-08-01T08:00:00.000000000,374.1,405.68578
2022-08-01T09:00:00.000000000,378.34,412.53866
2022-08-01T10:00:00.000000000,387.85,422.14306
2022-08-01T11:00:00.000000000,401.87,433.3544
2022-08-01T12:00:00.000000000,419.15,447.16699
2022-08-01T13:00:00.000000000,430.69,461.19381
2022-08-01T14:00:00.000000000,454.6,473.91161
2022-08-01T15:00:00.000000000,469.16,484.7231
2022-08-01T16:00:00.000000000,468.55,492.35814
2022-08-01T17:00:00.000000000,468.49,497.08276
2022-08-01T18:00:00.000000000,465.0,497.79671
2022-08-01T19:00:00.000000000,459.11,494.96587
2022-08-01T20:00:00.000000000,455.32,489.93276
2022-08-01T21:00:00.000000000,453.79,483.79731
2022-08-01T22:00:00.000000000,451.57,476.74291
2022-08-01T23:00:00.000000000,447.98,469.22621
2022-07-30T00:00:00.000000000,500.39,528.7591
2022-07-30T01:00:00.000000000,501.26,522.35219
2022-07-30T02:00:00.000000000,503.56,515.18668
2022-07-30T03:00:00.000000000,495.8,508.50966
2022-07-30T04:00:00.000000000,483.94,502.29461
2022-07-30T05:00:00.000000000,473.4,497.70648
2022-07-30T06:00:00.000000000,461.58,495.17167
2022-07-30T07:00:00.000000000,460.06,495.05906
2022-07-30T08:00:00.000000000,459.39,498.34665
2022-07-30T09:00:00.000000000,464.48,504.00667
2022-07-30T10:00:00.000000000,475.18,510.829
2022-07-30T11:00:00.000000000,483.64,517.26481
2022-07-30T12:00:00.000000000,491.06,525.33427
2022-07-30T13:00:00.000000000,500.56,533.7205
2022-07-30T14:00:00.000000000,524.86,541.1623
2022-07-30T15:00:00.000000000,539.42,547.16392
2022-07-30T16:00:00.000000000,536.98,550.38307
2022-07-30T17:00:00.000000000,529.65,552.7632
2022-07-30T18:00:00.000000000,529.05,553.13353
2022-07-30T19:00:00.000000000,528.85,551.4411
2022-07-30T20:00:00.000000000,524.5,547.76646
2022-07-30T21:00:00.000000000,522.95,542.174
2022-07-30T22:00:00.000000000,524.49,535.25147
2022-07-30T23:00:00.000000000,524.9,527.84573
2022-07-31T00:00:00.000000000,524.51,525.87761
2022-07-31T01:00:00.000000000,528.68,515.87219
2022-07-31T02:00:00.000000000,525.29,503.90348
2022-07-31T03:00:00.000000000,502.54,491.41756
2022-07-31T04:00:00.000000000,478.69,478.88003
2022-07-31T05:00:00.000000000,446.24,467.81766
2022-07-31T06:00:00.000000000,417.73,459.03509
2022-07-31T07:00:00.000000000,404.1,453.0644
2022-07-31T08:00:00.000000000,414.92,451.62842
2022-07-31T09:00:00.000000000,404.34,454.42977
2022-07-31T10:00:00.000000000,384.16,460.30946
2022-07-31T11:00:00.000000000,376.82,467.808
2022-07-31T12:00:00.000000000,379.28,478.02418
2022-07-31T13:00:00.000000000,385.3,488.54557
2022-07-31T14:00:00.000000000,410.6,497.92586
2022-07-31T15:00:00.000000000,428.86,505.92009
2022-07-31T16:00:00.000000000,436.42,511.60987
2022-07-31T17:00:00.000000000,459.03,516.10389
2022-07-31T18:00:00.000000000,480.93,517.84674
2022-07-31T19:00:00.000000000,503.53,517.11688
2022-07-31T20:00:00.000000000,517.7,514.60178
2022-07-31T21:00:00.000000000,525.5,510.87359
2022-07-31T22:00:00.000000000,523.66,506.11345
2022-07-31T23:00:00.000000000,519.83,500.86952
2022-08-01T00:00:00.000000000,515.99,490.96204
2022-08-01T01:00:00.000000000,511.87,477.44414
2022-08-01T02:00:00.000000000,498.74,461.08312
2022-08-01T03:00:00.000000000,467.33,444.47906
2022-08-01T04:00:00.000000000,440.74,428.693
2022-08-01T05:00:00.000000000,425.66,415.47885
2022-08-01T06:00:00.000000000,413.28,406.22837
2022-08-01T07:00:00.000000000,392.55,401.13009
2022-08-01T08:00:00.000000000,374.1,401.48407
2022-08-01T09:00:00.000000000,378.34,406.70972
2022-08-01T10:00:00.000000000,387.85,415.43018
2022-08-01T11:00:00.000000000,401.87,426.59702
2022-08-01T12:00:00.000000000,419.15,441.38896
2022-08-01T13:00:00.000000000,430.69,457.21567
2022-08-01T14:00:00.000000000,454.6,472.35066
2022-08-01T15:00:00.000000000,469.16,485.84582
2022-08-01T16:00:00.000000000,468.55,496.34888
2022-08-01T17:00:00.000000000,468.49,504.25304
2022-08-01T18:00:00.000000000,465.0,508.24843
2022-08-01T19:00:00.000000000,459.11,508.78439
2022-08-01T20:00:00.000000000,455.32,506.8589
2022-08-01T21:00:00.000000000,453.79,503.37175
2022-08-01T22:00:00.000000000,451.57,498.41231
2022-08-01T23:00:00.000000000,447.98,492.3396
2022-08-02T00:00:00.000000000,447.18,476.48576
2022-08-02T01:00:00.000000000,447.46,457.42289
2022-08-02T02:00:00.000000000,437.9,432.75903
2022-08-02T03:00:00.000000000,407.62,405.36643
2022-08-02T04:00:00.000000000,383.4,378.15969
2022-08-02T05:00:00.000000000,376.3,354.47674
2022-08-02T06:00:00.000000000,352.28,336.58423
2022-08-02T07:00:00.000000000,323.17,325.42327
2022-08-02T08:00:00.000000000,294.12,321.5569
2022-08-02T09:00:00.000000000,287.09,323.74692
2022-08-02T10:00:00.000000000,298.2,330.51817
2022-08-02T11:00:00.000000000,303.14,340.33022
2022-08-02T12:00:00.000000000,315.97,353.85709
2022-08-02T13:00:00.000000000,332.99,368.63292
2022-08-02T14:00:00.000000000,366.12,383.20305
2022-08-02T15:00:00.000000000,397.51,396.89844
2022-08-02T16:00:00.000000000,409.02,408.19842
2022-08-02T17:00:00.000000000,423.25,415.83469
2022-08-02T18:00:00.000000000,430.42,417.77242
2022-08-02T19:00:00.000000000,428.3,414.7171
2022-08-02T20:00:00.000000000,425.16,408.06702
2022-08-02T21:00:00.000000000,412.85,399.30975
2022-08-02T22:00:00.000000000,411.36,389.93534
2022-08-02T23:00:00.000000000,413.92,380.75841
2022-07-31T00:00:00.000000000,524.51,532.5341
2022-07-31T01:00:00.000000000,528.68,519.82875
2022-07-31T02:00:00.000000000,525.29,503.77304
2022-07-31T03:00:00.000000000,502.54,486.22944
2022-07-31T04:00:00.000000000,478.69,468.39197
2022-07-31T05:00:00.000000000,446.24,452.39012
2022-07-31T06:00:00.000000000,417.73,439.54401
2022-07-31T07:00:00.000000000,404.1,430.60232
2022-07-31T08:00:00.000000000,414.92,427.27539
2022-07-31T09:00:00.000000000,404.34,429.31379
2022-07-31T10:00:00.000000000,384.16,435.55654
2022-07-31T11:00:00.000000000,376.82,444.53217
2022-07-31T12:00:00.000000000,379.28,457.36687
2022-07-31T13:00:00.000000000,385.3,471.34389
2022-07-31T14:00:00.000000000,410.6,484.7018
2022-07-31T15:00:00.000000000,428.86,496.64846
2022-07-31T16:00:00.000000000,436.42,506.16704
2022-07-31T17:00:00.000000000,459.03,513.84897
2022-07-31T18:00:00.000000000,480.93,517.7539
2022-07-31T19:00:00.000000000,503.53,518.18844
2022-07-31T20:00:00.000000000,517.7,516.09726
2022-07-31T21:00:00.000000000,525.5,512.28562
2022-07-31T22:00:00.000000000,523.66,507.14603
2022-07-31T23:00:00.000000000,519.83,501.25575
2022-08-01T00:00:00.000000000,515.99,491.75902
2022-08-01T01:00:00.000000000,511.87,476.27815
2022-08-01T02:00:00.000000000,498.74,457.22608
2022-08-01T03:00:00.000000000,467.33,437.5703
2022-08-01T04:00:00.000000000,440.74,418.86453
2022-08-01T05:00:00.000000000,425.66,403.18641
2022-08-01T06:00:00.000000000,413.28,392.27152
2022-08-01T07:00:00.000000000,392.55,386.35922
2022-08-01T08:00:00.000000000,374.1,386.59632
2022-08-01T09:00:00.000000000,378.34,392.28922
2022-08-01T10:00:00.000000000,387.85,402.02345
2022-08-01T11:00:00.000000000,401.87,414.73972
2022-08-01T12:00:00.000000000,419.15,431.68513
2022-08-01T13:00:00.000000000,430.69,450.1234
2022-08-01T14:00:00.000000000,454.6,468.05
2022-08-01T15:00:00.000000000,469.16,484.08503
2022-08-01T16:00:00.000000000,468.55,496.74646
2022-08-01T17:00:00.000000000,468.49,506.13094
2022-08-01T18:00:00.000000000,465.0,510.83998
2022-08-01T19:00:00.000000000,459.11,511.43274
2022-08-01T20:00:00.000000000,455.32,509.14458
2022-08-01T21:00:00.000000000,453.79,505.11654
2022-08-01T22:00:00.000000000,451.57,499.61166
2022-08-01T23:00:00.000000000,447.98,492.94223
2022-08-02T00:00:00.000000000,447.18,480.53519
2022-08-02T01:00:00.000000000,447.46,463.04264
2022-08-02T02:00:00.000000000,437.9,440.84361
2022-08-02T03:00:00.000000000,407.62,416.30664
2022-08-02T04:00:00.000000000,383.4,391.58862
2022-08-02T05:00:00.000000000,376.3,369.33766
2022-08-02T06:00:00.000000000,352.28,351.29874
2022-08-02T07:00:00.000000000,323.17,338.58999
2022-08-02T08:00:00.000000000,294.12,332.29136
2022-08-02T09:00:00.000000000,287.09,331.73908
2022-08-02T10:00:00.000000000,298.2,335.81615
2022-08-02T11:00:00.000000000,303.14,343.08845
2022-08-02T12:00:00.000000000,315.97,354.07528
2022-08-02T13:00:00.000000000,332.99,366.15764
2022-08-02T14:00:00.000000000,366.12,377.70378
2022-08-02T15:00:00.000000000,397.51,388.28243
2022-08-02T16:00:00.000000000,409.02,396.82231
2022-08-02T17:00:00.000000000,423.25,402.37193
2022-08-02T18:00:00.000000000,430.42,403.07265
2022-08-02T19:00:00.000000000,428.3,399.57001
2022-08-02T20:00:00.000000000,425.16,392.75344
2022-08-02T21:00:00.000000000,412.85,383.68122
2022-08-02T22:00:00.000000000,411.36,373.95497
2022-08-02T23:00:00.000000000,413.92,364.6035
2022-08-03T00:00:00.000000000,413.64,338.62482
2022-08-03T01:00:00.000000000,411.97,329.35178
2022-08-03T02:00:00.000000000,399.86,316.64817
2022-08-03T03:00:00.000000000,380.11,304.64714
2022-08-03T04:00:00.000000000,362.43,293.89125
2022-08-03T05:00:00.000000000,340.1,284.61944
2022-08-03T06:00:00.000000000,331.18,278.50882
2022-08-03T07:00:00.000000000,321.44,276.43321
2022-08-03T08:00:00.000000000,312.95,279.30247
2022-08-03T09:00:00.000000000,318.78,285.11852
2022-08-03T10:00:00.000000000,325.8,293.18363
2022-08-03T11:00:00.000000000,333.65,303.07467
2022-08-03T12:00:00.000000000,343.69,315.89275
2022-08-03T13:00:00.000000000,358.57,329.40675
2022-08-03T14:00:00.000000000,393.17,343.66187
2022-08-03T15:00:00.000000000,411.68,358.48884
2022-08-03T16:00:00.000000000,426.99,372.12509
2022-08-03T17:00:00.000000000,445.55,384.47079
2022-08-03T18:00:00.000000000,460.93,395.13009
2022-08-03T19:00:00.000000000,466.72,405.05473
2022-08-03T20:00:00.000000000,469.02,414.24721
2022-08-03T21:00:00.000000000,475.31,422.78884
2022-08-03T22:00:00.000000000,491.17,429.96833
2022-08-03T23:00:00.000000000,495.9,435.71059
2022-08-01T00:00:00.000000000,515.99,515.14779
2022-08-01T01:00:00.000000000,511.87,500.6677
2022-08-01T02:00:00.000000000,498.74,482.40991
2022-08-01T03:00:00.000000000,467.33,462.7652
2022-08-01T04:00:00.000000000,440.74,443.38217
2022-08-01T05:00:00.000000000,425.66,426.67498
2022-08-01T06:00:00.000000000,413.28,414.31607
2022-08-01T07:00:00.000000000,392.55,406.8133
2022-08-01T08:00:00.000000000,374.1,405.48465
2022-08-01T09:00:00.000000000,378.34,409.85709
2022-08-01T10:00:00.000000000,387.85,418.51226
2022-08-01T11:00:00.000000000,401.87,430.07179
2022-08-01T12:00:00.000000000,419.15,445.67805
2022-08-01T13:00:00.000000000,430.69,462.58619
2022-08-01T14:00:00.000000000,454.6,478.86337
2022-08-01T15:00:00.000000000,469.16,493.37458
2022-08-01T16:00:00.000000000,468.55,504.91541
2022-08-01T17:00:00.000000000,468.49,513.73522
2022-08-01T18:00:00.000000000,465.0,518.06074
2022-08-01T19:00:00.000000000,459.11,518.26969
2022-08-01T20:00:00.000000000,455.32,515.53043
2022-08-01T21:00:00.000000000,453.79,510.88712
2022-08-01T22:00:00.000000000,451.57,504.755
2022-08-01T23:00:00.000000000,447.98,497.62631
2022-08-02T00:00:00.000000000,447.18,480.80822
2022-08-02T01:00:00.000000000,447.46,462.39322
2022-08-02T02:00:00.000000000,437.9,438.78547
2022-08-02T03:00:00.000000000,407.62,412.63531
2022-08-02T04:00:00.000000000,383.4,386.54744
2022-08-02T05:00:00.000000000,376.3,363.57335
2022-08-02T06:00:00.000000000,352.28,345.81797
2022-08-02T07:00:00.000000000,323.17,334.28112
2022-08-02T08:00:00.000000000,294.12,329.73471
2022-08-02T09:00:00.000000000,287.09,331.13788
2022-08-02T10:00:00.000000000,298.2,337.05658
2022-08-02T11:00:00.000000000,303.14,345.91441
2022-08-02T12:00:00.000000000,315.97,358.31673
2022-08-02T13:00:00.000000000,332.99,371.72067
2022-08-02T14:00:00.000000000,366.12,384.49953
2022-08-02T15:00:00.000000000,397.51,396.11844
2022-08-02T16:00:00.000000000,409.02,405.32451
2022-08-02T17:00:00.000000000,423.25,410.97711
2022-08-02T18:00:00.000000000,430.42,411.2279
2022-08-02T19:00:00.000000000,428.3,406.82014
2022-08-02T20:00:00.000000000,425.16,399.01047
2022-08-02T21:00:00.000000000,412.85,389.1813
2022-08-02T22:00:00.000000000,411.36,379.02085
2022-08-02T23:00:00.000000000,413.92,369.45376
2022-08-03T00:00:00.000000000,413.64,348.38739
2022-08-03T01:00:00.000000000,411.97,339.22121
2022-08-03T02:00:00.000000000,399.86,326.51159
2022-08-03T03:00:00.000000000,380.11,314.26475
2022-08-03T04:00:00.000000000,362.43,303.02879
2022-08-03T05:00:00.000000000,340.1,293.27251
2022-08-03T06:00:00.000000000,331.18,286.77649
2022-08-03T07:00:00.000000000,321.44,284.36405
2022-08-03T08:00:00.000000000,312.95,286.90376
2022-08-03T09:00:00.000000000,318.78,292.67187
2022-08-03T10:00:00.000000000,325.8,301.06708
2022-08-03T11:00:00.000000000,333.65,311.68864
2022-08-03T12:00:00.000000000,343.69,325.67248
2022-08-03T13:00:00.000000000,358.57,340.66022
2022-08-03T14:00:00.000000000,393.17,356.34043
2022-08-03T15:00:00.000000000,411.68,372.25849
2022-08-03T16:00:00.000000000,426.99,386.70713
2022-08-03T17:00:00.000000000,445.55,399.74057
2022-08-03T18:00:00.000000000,460.93,410.87806
2022-08-03T19:00:00.000000000,466.72,420.99126
2022-08-03T20:00:00.000000000,469.02,430.00497
2022-08-03T21:00:00.000000000,475.31,437.95401
2022-08-03T22:00:00.000000000,491.17,444.20406
2022-08-03T23:00:00.000000000,495.9,448.77408
2022-08-04T00:00:00.000000000,501.63,447.50311
2022-08-04T01:00:00.000000000,510.22,430.88938
2022-08-04T02:00:00.000000000,492.01,411.43158
2022-08-04T03:00:00.000000000,453.29,392.50592
2022-08-04T04:00:00.000000000,432.02,375.94834
2022-08-04T05:00:00.000000000,418.71,364.02346
2022-08-04T06:00:00.000000000,399.08,358.78065
2022-08-04T07:00:00.000000000,392.78,359.9139
2022-08-04T08:00:00.000000000,385.75,367.89976
2022-08-04T09:00:00.000000000,384.92,381.49787
2022-08-04T10:00:00.000000000,378.57,398.35302
2022-08-04T11:00:00.000000000,390.17,417.07566
2022-08-04T12:00:00.000000000,411.76,438.86447
2022-08-04T13:00:00.000000000,429.39,461.24407
2022-08-04T14:00:00.000000000,462.66,481.86603
2022-08-04T15:00:00.000000000,479.57,499.14126
2022-08-04T16:00:00.000000000,489.32,511.77139
2022-08-04T17:00:00.000000000,498.34,519.62229
2022-08-04T18:00:00.000000000,501.93,521.86184
2022-08-04T19:00:00.000000000,502.86,518.71621
2022-08-04T20:00:00.000000000,500.4,511.55841
2022-08-04T21:00:00.000000000,505.18,501.94972
2022-08-04T22:00:00.000000000,505.31,490.69664
2022-08-04T23:00:00.000000000,504.25,478.44087
2022-08-02T00:00:00.000000000,447.18,460.00985
2022-08-02T01:00:00.000000000,447.46,442.9584
2022-08-02T02:00:00.000000000,437.9,420.23356
2022-08-02T03:00:00.000000000,407.62,394.61498
2022-08-02T04:00:00.000000000,383.4,368.60152
2022-08-02T05:00:00.000000000,376.3,345.0401
2022-08-02T06:00:00.000000000,352.28,326.03274
2022-08-02T07:00:00.000000000,323.17,312.54539
2022-08-02T08:00:00.000000000,294.12,305.84121
2022-08-02T09:00:00.000000000,287.09,305.44808
2022-08-02T10:00:00.000000000,298.2,310.2469
2022-08-02T11:00:00.000000000,303.14,319.03261
2022-08-02T12:00:00.000000000,315.97,332.26508
2022-08-02T13:00:00.000000000,332.99,347.07556
2022-08-02T14:00:00.000000000,366.12,362.04095
2022-08-02T15:00:00.000000000,397.51,376.5468
2022-08-02T16:00:00.000000000,409.02,389.52397
2022-08-02T17:00:00.000000000,423.25,399.5154
2022-08-02T18:00:00.000000000,430.42,404.30345
2022-08-02T19:00:00.000000000,428.3,404.03136
2022-08-02T20:00:00.000000000,425.16,399.59135
2022-08-02T21:00:00.000000000,412.85,392.11156
2022-08-02T22:00:00.000000000,411.36,383.00166
2022-08-02T23:00:00.000000000,413.92,373.42172
2022-08-03T00:00:00.000000000,413.64,361.13406
2022-08-03T01:00:00.000000000,411.97,351.18541
2022-08-03T02:00:00.000000000,399.86,337.17093
2022-08-03T03:00:00.000000000,380.11,323.26471
2022-08-03T04:00:00.000000000,362.43,310.21061
2022-08-03T05:00:00.000000000,340.1,298.49051
2022-08-03T06:00:00.000000000,331.18,290.16609
2022-08-03T07:00:00.000000000,321.44,286.47453
2022-08-03T08:00:00.000000000,312.95,288.36134
2022-08-03T09:00:00.000000000,318.78,293.77522
2022-08-03T10:00:00.000000000,325.8,302.11857
2022-08-03T11:00:00.000000000,333.65,312.82276
2022-08-03T12:00:00.000000000,343.69,327.2009
2022-08-03T13:00:00.000000000,358.57,342.8549
2022-08-03T14:00:00.000000000,393.17,359.34441
2022-08-03T15:00:00.000000000,411.68,375.97348
2022-08-03T16:00:00.000000000,426.99,390.89348
2022-08-03T17:00:00.000000000,445.55,404.21608
2022-08-03T18:00:00.000000000,460.93,415.43858
2022-08-03T19:00:00.000000000,466.72,425.65842
2022-08-03T20:00:00.000000000,469.02,434.94328
2022-08-03T21:00:00.000000000,475.31,443.53928
2022-08-03T22:00:00.000000000,491.17,451.08136
2022-08-03T23:00:00.000000000,495.9,457.38796
2022-08-04T00:00:00.000000000,501.63,471.23944
2022-08-04T01:00:00.000000000,510.22,457.13307
2022-08-04T02:00:00.000000000,492.01,440.27888
2022-08-04T03:00:00.000000000,453.29,423.40554
2022-08-04T04:00:00.000000000,432.02,407.93194
2022-08-04T05:00:00.000000000,418.71,395.92647
2022-08-04T06:00:00.000000000,399.08,389.1486
2022-08-04T07:00:00.000000000,392.78,387.61168
2022-08-04T08:00:00.000000000,385.75,392.15636
2022-08-04T09:00:00.000000000,384.92,402.01829
2022-08-04T10:00:00.000000000,378.57,415.34985
2022-08-04T11:00:00.000000000,390.17,430.73935
2022-08-04T12:00:00.000000000,411.76,449.31478
2022-08-04T13:00:00.000000000,429.39,468.63174
2022-08-04T14:00:00.000000000,462.66,486.53796
2022-08-04T15:00:00.000000000,479.57,501.70554
2022-08-04T16:00:00.000000000,489.32,512.9179
2022-08-04T17:00:00.000000000,498.34,520.55714
2022-08-04T18:00:00.000000000,501.93,523.61981
2022-08-04T19:00:00.000000000,502.86,522.30124
2022-08-04T20:00:00.000000000,500.4,517.45906
2022-08-04T21:00:00.000000000,505.18,510.12747
2022-08-04T22:00:00.000000000,505.31,500.90112
2022-08-04T23:00:00.000000000,504.25,490.54187
2022-08-05T00:00:00.000000000,502.69,459.88638
2022-08-05T01:00:00.000000000,496.84,438.63079
2022-08-05T02:00:00.000000000,476.09,411.83512
2022-08-05T03:00:00.000000000,445.66,383.14268
2022-08-05T04:00:00.000000000,416.21,356.22597
2022-08-05T05:00:00.000000000,399.34,334.97374
2022-08-05T06:00:00.000000000,394.28,322.1042
2022-08-05T07:00:00.000000000,394.24,317.97228
2022-08-05T08:00:00.000000000,391.41,322.11202
2022-08-05T09:00:00.000000000,399.66,332.21389
2022-08-05T10:00:00.000000000,411.71,345.807
2022-08-05T11:00:00.000000000,433.13,361.29546
2022-08-05T12:00:00.000000000,449.99,379.5686
2022-08-05T13:00:00.000000000,463.02,398.36994
2022-08-05T14:00:00.000000000,497.24,416.00308
2022-08-05T15:00:00.000000000,518.59,431.23133
2022-08-05T16:00:00.000000000,515.72,442.15497
2022-08-05T17:00:00.000000000,515.01,447.15078
2022-08-05T18:00:00.000000000,506.69,444.80747
2022-08-05T19:00:00.000000000,499.74,436.33221
2022-08-05T20:00:00.000000000,494.65,424.47635
2022-08-05T21:00:00.000000000,484.95,411.66199
2022-08-05T22:00:00.000000000,477.95,399.46322
2022-08-05T23:00:00.000000000,469.41,388.41733
2022-08-03T00:00:00.000000000,413.64,426.31452
2022-08-03T01:00:00.000000000,411.97,411.9126
2022-08-03T02:00:00.000000000,399.86,392.63444
2022-08-03T03:00:00.000000000,380.11,372.27871
2022-08-03T04:00:00.000000000,362.43,352.48986
2022-08-03T05:00:00.000000000,340.1,335.20938
2022-08-03T06:00:00.000000000,331.18,323.05949
2022-08-03T07:00:00.000000000,321.44,317.02549
2022-08-03T08:00:00.000000000,312.95,317.90744
2022-08-03T09:00:00.000000000,318.78,324.31858
2022-08-03T10:00:00.000000000,325.8,335.44339
2022-08-03T11:00:00.000000000,333.65,350.62923
2022-08-03T12:00:00.000000000,343.69,371.57958
2022-08-03T13:00:00.000000000,358.57,395.32458
2022-08-03T14:00:00.000000000,393.17,419.78318
2022-08-03T15:00:00.000000000,411.68,442.77135
2022-08-03T16:00:00.000000000,426.99,462.41198
2022-08-03T17:00:00.000000000,445.55,478.54069
2022-08-03T18:00:00.000000000,460.93,489.77748
2022-08-03T19:00:00.000000000,466.72,496.93021
2022-08-03T20:00:00.000000000,469.02,500.80324
2022-08-03T21:00:00.000000000,475.31,502.40629
2022-08-03T22:00:00.000000000,491.17,502.29281
2022-08-03T23:00:00.000000000,495.9,500.69303
2022-08-04T00:00:00.000000000,501.63,505.98853
2022-08-04T01:00:00.000000000,510.22,494.50009
2022-08-04T02:00:00.000000000,492.01,480.44068
2022-08-04T03:00:00.000000000,453.29,465.90793
2022-08-04T04:00:00.000000000,432.02,451.93133
2022-08-04T05:00:00.000000000,418.71,440.51016
2022-08-04T06:00:00.000000000,399.08,433.10949
2022-08-04T07:00:00.000000000,392.78,430.32063
2022-08-04T08:00:00.000000000,385.75,433.35674
2022-08-04T09:00:00.000000000,384.92,441.65598
2022-08-04T10:00:00.000000000,378.57,453.36968
2022-08-04T11:00:00.000000000,390.17,466.69056
2022-08-04T12:00:00.000000000,411.76,482.70433
2022-08-04T13:00:00.000000000,429.39,499.0474
2022-08-04T14:00:00.000000000,462.66,513.70882
2022-08-04T15:00:00.000000000,479.57,525.6673
2022-08-04T16:00:00.000000000,489.32,534.07171
2022-08-04T17:00:00.000000000,498.34,540.05308
2022-08-04T18:00:00.000000000,501.93,542.41872
2022-08-04T19:00:00.000000000,502.86,541.09794
2022-08-04T20:00:00.000000000,500.4,536.55941
2022-08-04T21:00:00.000000000,505.18,529.37578
2022-08-04T22:00:00.000000000,505.31,520.16503
2022-08-04T23:00:00.000000000,504.25,509.80425
2022-08-05T00:00:00.000000000,502.69,484.63867
2022-08-05T01:00:00.000000000,496.84,468.87146
2022-08-05T02:00:00.000000000,476.09,449.57598
2022-08-05T03:00:00.000000000,445.66,429.31496
2022-08-05T04:00:00.000000000,416.21,410.02309
2022-08-05T05:00:00.000000000,399.34,394.25744
2022-08-05T06:00:00.000000000,394.28,383.70136
2022-08-05T07:00:00.000000000,394.24,378.70567
2022-08-05T08:00:00.000000000,391.41,380.15848
2022-08-05T09:00:00.000000000,399.66,387.02138
2022-08-05T10:00:00.000000000,411.71,397.26153
2022-08-05T11:00:00.000000000,433.13,409.29626
2022-08-05T12:00:00.000000000,449.99,423.67652
2022-08-05T13:00:00.000000000,463.02,437.90336
2022-08-05T14:00:00.000000000,497.24,450.40333
2022-08-05T15:00:00.000000000,518.59,460.689
2022-08-05T16:00:00.000000000,515.72,467.68816
2022-08-05T17:00:00.000000000,515.01,471.0159
2022-08-05T18:00:00.000000000,506.69,469.37501
2022-08-05T19:00:00.000000000,499.74,463.32505
2022-08-05T20:00:00.000000000,494.65,454.5579
2022-08-05T21:00:00.000000000,484.95,444.58594
2022-08-05T22:00:00.000000000,477.95,434.3039
2022-08-05T23:00:00.000000000,469.41,424.43128
2022-08-06T00:00:00.000000000,455.18,407.96782
2022-08-06T01:00:00.000000000,444.69,389.95455
2022-08-06T02:00:00.000000000,434.4,369.19948
2022-08-06T03:00:00.000000000,411.81,349.65559
2022-08-06T04:00:00.000000000,381.6,333.30263
2022-08-06T05:00:00.000000000,363.68,322.33092
2022-08-06T06:00:00.000000000,349.37,318.57189
2022-08-06T07:00:00.000000000,329.97,321.54298
2022-08-06T08:00:00.000000000,322.17,331.20348
2022-08-06T09:00:00.000000000,307.4,345.72842
2022-08-06T10:00:00.000000000,310.05,362.75575
2022-08-06T11:00:00.000000000,324.23,381.3305
2022-08-06T12:00:00.000000000,326.74,402.4432
2022-08-06T13:00:00.000000000,327.18,423.84134
2022-08-06T14:00:00.000000000,342.96,443.78206
2022-08-06T15:00:00.000000000,369.74,460.76137
2022-08-06T16:00:00.000000000,387.43,472.96236
2022-08-06T17:00:00.000000000,407.99,479.63116
2022-08-06T18:00:00.000000000,426.7,480.24153
2022-08-06T19:00:00.000000000,439.81,475.45966
2022-08-06T20:00:00.000000000,451.83,467.23717
2022-08-06T21:00:00.000000000,455.65,457.33221
2022-08-06T22:00:00.000000000,459.77,446.32128
2022-08-06T23:00:00.000000000,458.27,434.76136
2022-08-04T00:00:00.000000000,501.63,515.99272
2022-08-04T01:00:00.000000000,510.22,506.87676
2022-08-04T02:00:00.000000000,492.01,496.0936
2022-08-04T03:00:00.000000000,453.29,485.23251
2022-08-04T04:00:00.000000000,432.02,474.55685
2022-08-04T05:00:00.000000000,418.71,465.51689
2022-08-04T06:00:00.000000000,399.08,459.34772
2022-08-04T07:00:00.000000000,392.78,456.85453
2022-08-04T08:00:00.000000000,385.75,459.57741
2022-08-04T09:00:00.000000000,384.92,467.16882
2022-08-04T10:00:00.000000000,378.57,478.02814
2022-08-04T11:00:00.000000000,390.17,490.10301
2022-08-04T12:00:00.000000000,411.76,504.48591
2022-08-04T13:00:00.000000000,429.39,519.10718
2022-08-04T14:00:00.000000000,462.66,532.00559
2022-08-04T15:00:00.000000000,479.57,542.19473
2022-08-04T16:00:00.000000000,489.32,548.77546
2022-08-04T17:00:00.000000000,498.34,553.54815
2022-08-04T18:00:00.000000000,501.93,555.51135
2022-08-04T19:00:00.000000000,502.86,554.27323
2022-08-04T20:00:00.000000000,500.4,549.58615
2022-08-04T21:00:00.000000000,505.18,541.58097
2022-08-04T22:00:00.000000000,505.31,531.13473
2022-08-04T23:00:00.000000000,504.25,519.57914
2022-08-05T00:00:00.000000000,502.69,490.43742
2022-08-05T01:00:00.000000000,496.84,473.02531
2022-08-05T02:00:00.000000000,476.09,451.55344
2022-08-05T03:00:00.000000000,445.66,428.72316
2022-08-05T04:00:00.000000000,416.21,406.92186
2022-08-05T05:00:00.000000000,399.34,389.08826
2022-08-05T06:00:00.000000000,394.28,377.22999
2022-08-05T07:00:00.000000000,394.24,371.81585
2022-08-05T08:00:00.000000000,391.41,373.59044
2022-08-05T09:00:00.000000000,399.66,381.23889
2022-08-05T10:00:00.000000000,411.71,392.45683
2022-08-05T11:00:00.000000000,433.13,405.38767
2022-08-05T12:00:00.000000000,449.99,420.51357
2022-08-05T13:00:00.000000000,463.02,435.28394
2022-08-05T14:00:00.000000000,497.24,448.02482
2022-08-05T15:00:00.000000000,518.59,458.24696
2022-08-05T16:00:00.000000000,515.72,464.92699
2022-08-05T17:00:00.000000000,515.01,467.38822
2022-08-05T18:00:00.000000000,506.69,464.28409
2022-08-05T19:00:00.000000000,499.74,456.2527
2022-08-05T20:00:00.000000000,494.65,445.29212
2022-08-05T21:00:00.000000000,484.95,433.23621
2022-08-05T22:00:00.000000000,477.95,421.35595
2022-08-05T23:00:00.000000000,469.41,410.36926
2022-08-06T00:00:00.000000000,455.18,393.84276
2022-08-06T01:00:00.000000000,444.69,377.82785
2022-08-06T02:00:00.000000000,434.4,359.33534
2022-08-06T03:00:00.000000000,411.81,342.24001
2022-08-06T04:00:00.000000000,381.6,328.04735
2022-08-06T05:00:00.000000000,363.68,318.51788
2022-08-06T06:00:00.000000000,349.37,315.31652
2022-08-06T07:00:00.000000000,329.97,317.89095
2022-08-06T08:00:00.000000000,322.17,326.54662
2022-08-06T09:00:00.000000000,307.4,339.77055
2022-08-06T10:00:00.000000000,310.05,355.44566
2022-08-06T11:00:00.000000000,324.23,372.73066
2022-08-06T12:00:00.000000000,326.74,392.50619
2022-08-06T13:00:00.000000000,327.18,412.55619
2022-08-06T14:00:00.000000000,342.96,431.49922
2022-08-06T15:00:00.000000000,369.74,448.12719
2022-08-06T16:00:00.000000000,387.43,460.67264
2022-08-06T17:00:00.000000000,407.99,468.49441
2022-08-06T18:00:00.000000000,426.7,471.03576
2022-08-06T19:00:00.000000000,439.81,468.62667
2022-08-06T20:00:00.000000000,451.83,462.67741
2022-08-06T21:00:00.000000000,455.65,454.60189
2022-08-06T22:00:00.000000000,459.77,444.79168
2022-08-06T23:00:00.000000000,458.27,433.94239
2022-08-07T00:00:00.000000000,450.49,415.48005
2022-08-07T01:00:00.000000000,436.76,402.11812
2022-08-07T02:00:00.000000000,414.8,387.10828
2022-08-07T03:00:00.000000000,390.49,373.68528
2022-08-07T04:00:00.000000000,370.53,362.77167
2022-08-07T05:00:00.000000000,363.22,355.79427
2022-08-07T06:00:00.000000000,352.73,353.8983
2022-08-07T07:00:00.000000000,340.3,356.52619
2022-08-07T08:00:00.000000000,330.6,364.13199
2022-08-07T09:00:00.000000000,331.22,375.46501
2022-08-07T10:00:00.000000000,328.22,388.56841
2022-08-07T11:00:00.000000000,323.11,402.80767
2022-08-07T12:00:00.000000000,325.03,419.45171
2022-08-07T13:00:00.000000000,336.38,436.3389
2022-08-07T14:00:00.000000000,389.41,451.84326
2022-08-07T15:00:00.000000000,421.7,464.97058
2022-08-07T16:00:00.000000000,463.77,474.28668
2022-08-07T17:00:00.000000000,501.23,479.68955
2022-08-07T18:00:00.000000000,519.75,480.67307
2022-08-07T19:00:00.000000000,511.93,477.68836
2022-08-07T20:00:00.000000000,501.47,472.10792
2022-08-07T21:00:00.000000000,501.62,465.07575
2022-08-07T22:00:00.000000000,497.4,456.82719
2022-08-07T23:00:00.000000000,490.44,447.86942
2022-08-05T00:00:00.000000000,502.69,504.66775
2022-08-05T01:00:00.000000000,496.84,481.68324
2022-08-05T02:00:00.000000000,476.09,451.72519
2022-08-05T03:00:00.000000000,445.66,418.60729
2022-08-05T04:00:00.000000000,416.21,386.10006
2022-08-05T05:00:00.000000000,399.34,358.24994
2022-08-05T06:00:00.000000000,394.28,338.10837
2022-08-05T07:00:00.000000000,394.24,326.29388
2022-08-05T08:00:00.000000000,391.41,323.54989
2022-08-05T09:00:00.000000000,399.66,328.70337
2022-08-05T10:00:00.000000000,411.71,339.61945
2022-08-05T11:00:00.000000000,433.13,354.76467
2022-08-05T12:00:00.000000000,449.99,374.91713
2022-08-05T13:00:00.000000000,463.02,397.00217
2022-08-05T14:00:00.000000000,497.24,418.89141
2022-08-05T15:00:00.000000000,518.59,438.93571
2022-08-05T16:00:00.000000000,515.72,455.58532
2022-08-05T17:00:00.000000000,515.01,467.15529
2022-08-05T18:00:00.000000000,506.69,471.4931
2022-08-05T19:00:00.000000000,499.74,469.05254
2022-08-05T20:00:00.000000000,494.65,462.14421
2022-08-05T21:00:00.000000000,484.95,452.85262
2022-08-05T22:00:00.000000000,477.95,442.35709
2022-08-05T23:00:00.000000000,469.41,431.19484
2022-08-06T00:00:00.000000000,455.18,415.56448
2022-08-06T01:00:00.000000000,444.69,394.86586
2022-08-06T02:00:00.000000000,434.4,369.7107
2022-08-06T03:00:00.000000000,411.81,344.51357
2022-08-06T04:00:00.000000000,381.6,322.34611
2022-08-06T05:00:00.000000000,363.68,306.25743
2022-08-06T06:00:00.000000000,349.37,298.70265
2022-08-06T07:00:00.000000000,329.97,299.38647
2022-08-06T08:00:00.000000000,322.17,307.93695
2022-08-06T09:00:00.000000000,307.4,322.17706
2022-08-06T10:00:00.000000000,310.05,339.64048
2022-08-06T11:00:00.000000000,324.23,359.20926
2022-08-06T12:00:00.000000000,326.74,381.77428
2022-08-06T13:00:00.000000000,327.18,405.02212
2022-08-06T14:00:00.000000000,342.96,427.31497
2022-08-06T15:00:00.000000000,369.74,446.90981
2022-08-06T16:00:00.000000000,387.43,461.66301
2022-08-06T17:00:00.000000000,407.99,470.1974
2022-08-06T18:00:00.000000000,426.7,471.60587
2022-08-06T19:00:00.000000000,439.81,466.71652
2022-08-06T20:00:00.000000000,451.83,457.94649
2022-08-06T21:00:00.000000000,455.65,447.4945
2022-08-06T22:00:00.000000000,459.77,436.16562
2022-08-06T23:00:00.000000000,458.27,424.43998
2022-08-07T00:00:00.000000000,450.49,407.75976
2022-08-07T01:00:00.000000000,436.76,394.11653
2022-08-07T02:00:00.000000000,414.8,378.01131
2022-08-07T03:00:00.000000000,390.49,363.89027
2022-08-07T04:00:00.000000000,370.53,352.066
2022-08-07T05:00:00.000000000,363.22,343.74631
2022-08-07T06:00:00.000000000,352.73,340.63429
2022-08-07T07:00:00.000000000,340.3,342.45425
2022-08-07T08:00:00.000000000,330.6,350.0616
2022-08-07T09:00:00.000000000,331.22,363.02971
2022-08-07T10:00:00.000000000,328.22,379.72466
2022-08-07T11:00:00.000000000,323.11,399.54868
2022-08-07T12:00:00.000000000,325.03,423.79507
2022-08-07T13:00:00.000000000,336.38,449.16101
2022-08-07T14:00:00.000000000,389.41,472.73264
2022-08-07T15:00:00.000000000,421.7,492.63935
2022-08-07T16:00:00.000000000,463.77,508.18425
2022-08-07T17:00:00.000000000,501.23,520.54166
2022-08-07T18:00:00.000000000,519.75,529.58159
2022-08-07T19:00:00.000000000,511.93,535.49427
2022-08-07T20:00:00.000000000,501.47,538.09057
2022-08-07T21:00:00.000000000,501.62,537.28174
2022-08-07T22:00:00.000000000,497.4,532.53828
2022-08-07T23:00:00.000000000,490.44,523.96259
2022-08-08T00:00:00.000000000,483.6,515.57237
2022-08-08T01:00:00.000000000,479.5,505.75992
2022-08-08T02:00:00.000000000,474.12,494.86748
2022-08-08T03:00:00.000000000,456.09,485.10582
2022-08-08T04:00:00.000000000,437.59,476.62892
2022-08-08T05:00:00.000000000,419.91,470.54028
2022-08-08T06:00:00.000000000,399.81,467.52334
2022-08-08T07:00:00.000000000,385.89,467.75201
2022-08-08T08:00:00.000000000,384.14,472.29275
2022-08-08T09:00:00.000000000,389.68,480.47185
2022-08-08T10:00:00.000000000,404.79,490.91499
2022-08-08T11:00:00.000000000,424.9,502.04286
2022-08-08T12:00:00.000000000,459.31,515.28606
2022-08-08T13:00:00.000000000,491.17,528.82476
2022-08-08T14:00:00.000000000,528.42,540.682
2022-08-08T15:00:00.000000000,535.39,549.80561
2022-08-08T16:00:00.000000000,539.62,555.01848
2022-08-08T17:00:00.000000000,550.66,558.3626
2022-08-08T18:00:00.000000000,555.07,559.24978
2022-08-08T19:00:00.000000000,559.97,557.65861
2022-08-08T20:00:00.000000000,559.32,553.57029
2022-08-08T21:00:00.000000000,551.26,547.09806
2022-08-08T22:00:00.000000000,551.69,538.58047
2022-08-08T23:00:00.000000000,558.6,528.69984
2022-08-06T00:00:00.000000000,455.18,475.33694
2022-08-06T01:00:00.000000000,444.69,456.85936
2022-08-06T02:00:00.000000000,434.4,433.96651
2022-08-06T03:00:00.000000000,411.81,410.21404
2022-08-06T04:00:00.000000000,381.6,387.99689
2022-08-06T05:00:00.000000000,363.68,370.01881
2022-08-06T06:00:00.000000000,349.37,358.474
2022-08-06T07:00:00.000000000,329.97,353.39565
2022-08-06T08:00:00.000000000,322.17,355.46318
2022-08-06T09:00:00.000000000,307.4,363.59663
2022-08-06T10:00:00.000000000,310.05,375.94584
2022-08-06T11:00:00.000000000,324.23,391.50992
2022-08-06T12:00:00.000000000,326.74,411.51466
2022-08-06T13:00:00.000000000,327.18,433.21502
2022-08-06T14:00:00.000000000,342.96,454.49768
2022-08-06T15:00:00.000000000,369.74,473.60481
2022-08-06T16:00:00.000000000,387.43,488.83453
2022-08-06T17:00:00.000000000,407.99,499.47366
2022-08-06T18:00:00.000000000,426.7,504.04429
2022-08-06T19:00:00.000000000,439.81,503.10068
2022-08-06T20:00:00.000000000,451.83,498.48156
2022-08-06T21:00:00.000000000,455.65,491.84496
2022-08-06T22:00:00.000000000,459.77,483.71384
2022-08-06T23:00:00.000000000,458.27,474.48154
2022-08-07T00:00:00.000000000,450.49,452.23352
2022-08-07T01:00:00.000000000,436.76,439.53066
2022-08-07T02:00:00.000000000,414.8,425.09726
2022-08-07T03:00:00.000000000,390.49,412.70774
2022-08-07T04:00:00.000000000,370.53,402.60334
2022-08-07T05:00:00.000000000,363.22,395.92683
2022-08-07T06:00:00.000000000,352.73,393.8577
2022-08-07T07:00:00.000000000,340.3,396.08634
2022-08-07T08:00:00.000000000,330.6,403.36509
2022-08-07T09:00:00.000000000,331.22,415.15974
2022-08-07T10:00:00.000000000,328.22,429.87624
2022-08-07T11:00:00.000000000,323.11,446.57684
2022-08-07T12:00:00.000000000,325.03,466.50702
2022-08-07T13:00:00.000000000,336.38,486.93847
2022-08-07T14:00:00.000000000,389.41,505.25166
2022-08-07T15:00:00.000000000,421.7,519.98577
2022-08-07T16:00:00.000000000,463.77,530.32281
2022-08-07T17:00:00.000000000,501.23,537.99263
2022-08-07T18:00:00.000000000,519.75,542.98163
2022-08-07T19:00:00.000000000,511.93,545.60723
2022-08-07T20:00:00.000000000,501.47,545.72756
2022-08-07T21:00:00.000000000,501.62,543.20124
2022-08-07T22:00:00.000000000,497.4,537.47158
2022-08-07T23:00:00.000000000,490.44,528.64826
2022-08-08T00:00:00.000000000,483.6,526.07643
2022-08-08T01:00:00.000000000,479.5,517.24996
2022-08-08T02:00:00.000000000,474.12,507.39129
2022-08-08T03:00:00.000000000,456.09,498.28337
2022-08-08T04:00:00.000000000,437.59,490.12207
2022-08-08T05:00:00.000000000,419.91,484.11786
2022-08-08T06:00:00.000000000,399.81,480.85079
2022-08-08T07:00:00.000000000,385.89,480.58311
2022-08-08T08:00:00.000000000,384.14,484.3279
2022-08-08T09:00:00.000000000,389.68,491.22453
2022-08-08T10:00:00.000000000,404.79,499.99507
2022-08-08T11:00:00.000000000,424.9,509.0034
2022-08-08T12:00:00.000000000,459.31,519.8431
2022-08-08T13:00:00.000000000,491.17,530.86717
2022-08-08T14:00:00.000000000,528.42,540.42617
2022-08-08T15:00:00.000000000,535.39,547.78726
2022-08-08T16:00:00.000000000,539.62,551.70623
2022-08-08T17:00:00.000000000,550.66,554.15186
2022-08-08T18:00:00.000000000,555.07,554.27152
2022-08-08T19:00:00.000000000,559.97,552.15274
2022-08-08T20:00:00.000000000,559.32,547.94845
2022-08-08T21:00:00.000000000,551.26,541.84886
2022-08-08T22:00:00.000000000,551.69,534.27035
2022-08-08T23:00:00.000000000,558.6,525.88481
2022-08-09T00:00:00.000000000,566.23,528.62081
2022-08-09T01:00:00.000000000,565.87,517.75159
2022-08-09T02:00:00.000000000,556.88,505.00417
2022-08-09T03:00:00.000000000,536.17,492.18699
2022-08-09T04:00:00.000000000,524.51,480.05886
2022-08-09T05:00:00.000000000,524.83,470.29459
2022-08-09T06:00:00.000000000,520.7,463.78299
2022-08-09T07:00:00.000000000,526.29,460.95425
2022-08-09T08:00:00.000000000,527.07,462.98628
2022-08-09T09:00:00.000000000,516.79,469.11387
2022-08-09T10:00:00.000000000,511.5,477.93362
2022-08-09T11:00:00.000000000,516.15,487.72864
2022-08-09T12:00:00.000000000,525.29,499.91276
2022-08-09T13:00:00.000000000,536.71,512.39772
2022-08-09T14:00:00.000000000,564.52,523.39087
2022-08-09T15:00:00.000000000,576.68,532.14868
2022-08-09T16:00:00.000000000,578.31,537.6623
2022-08-09T17:00:00.000000000,577.66,541.31659
2022-08-09T18:00:00.000000000,574.56,541.86398
2022-08-09T19:00:00.000000000,572.48,539.53987
2022-08-09T20:00:00.000000000,564.16,535.00647
2022-08-09T21:00:00.000000000,553.69,528.8691
2022-08-09T22:00:00.000000000,544.56,521.63377
2022-08-09T23:00:00.000000000,530.14,513.86947
2022-08-07T00:00:00.000000000,450.49,465.25105
2022-08-07T01:00:00.000000000,436.76,456.46547
2022-08-07T02:00:00.000000000,414.8,446.57672
2022-08-07T03:00:00.000000000,390.49,438.12382
2022-08-07T04:00:00.000000000,370.53,431.0605
2022-08-07T05:00:00.000000000,363.22,426.42776
2022-08-07T06:00:00.000000000,352.73,425.31678
2022-08-07T07:00:00.000000000,340.3,427.63252
2022-08-07T08:00:00.000000000,330.6,434.31779
2022-08-07T09:00:00.000000000,331.22,444.98528
2022-08-07T10:00:00.000000000,328.22,458.0831
2022-08-07T11:00:00.000000000,323.11,472.36717
2022-08-07T12:00:00.000000000,325.03,489.05618
2022-08-07T13:00:00.000000000,336.38,505.97131
2022-08-07T14:00:00.000000000,389.41,520.94445
2022-08-07T15:00:00.000000000,421.7,532.89867
2022-08-07T16:00:00.000000000,463.77,540.83191
2022-08-07T17:00:00.000000000,501.23,546.76335
2022-08-07T18:00:00.000000000,519.75,550.51206
2022-08-07T19:00:00.000000000,511.93,552.02969
2022-08-07T20:00:00.000000000,501.47,550.83591
2022-08-07T21:00:00.000000000,501.62,546.76125
2022-08-07T22:00:00.000000000,497.4,539.71516
2022-08-07T23:00:00.000000000,490.44,530.38132
2022-08-08T00:00:00.000000000,483.6,526.40265
2022-08-08T01:00:00.000000000,479.5,517.36899
2022-08-08T02:00:00.000000000,474.12,507.3077
2022-08-08T03:00:00.000000000,456.09,498.11234
2022-08-08T04:00:00.000000000,437.59,489.96025
2022-08-08T05:00:00.000000000,419.91,484.05278
2022-08-08T06:00:00.000000000,399.81,480.97475
2022-08-08T07:00:00.000000000,385.89,480.95836
2022-08-08T08:00:00.000000000,384.14,484.93428
2022-08-08T09:00:00.000000000,389.68,491.9281
2022-08-08T10:00:00.000000000,404.79,500.71133
2022-08-08T11:00:00.000000000,424.9,509.6668
2022-08-08T12:00:00.000000000,459.31,520.47537
2022-08-08T13:00:00.000000000,491.17,531.54086
2022-08-08T14:00:00.000000000,528.42,541.23032
2022-08-08T15:00:00.000000000,535.39,548.76769
2022-08-08T16:00:00.000000000,539.62,552.81781
2022-08-08T17:00:00.000000000,550.66,555.38899
2022-08-08T18:00:00.000000000,555.07,555.65637
2022-08-08T19:00:00.000000000,559.97,553.75507
2022-08-08T20:00:00.000000000,559.32,549.81419
2022-08-08T21:00:00.000000000,551.26,543.99386
2022-08-08T22:00:00.000000000,551.69,536.69378
2022-08-08T23:00:00.000000000,558.6,528.54324
2022-08-09T00:00:00.000000000,566.23,531.23168
2022-08-09T01:00:00.000000000,565.87,523.40137
2022-08-09T02:00:00.000000000,556.88,514.7838
2022-08-09T03:00:00.000000000,536.17,506.89068
2022-08-09T04:00:00.000000000,524.51,499.82983
2022-08-09T05:00:00.000000000,524.83,494.79171
2022-08-09T06:00:00.000000000,520.7,492.21576
2022-08-09T07:00:00.000000000,526.29,492.31808
2022-08-09T08:00:00.000000000,527.07,496.0115
2022-08-09T09:00:00.000000000,516.79,502.30061
2022-08-09T10:00:00.000000000,511.5,509.99473
2022-08-09T11:00:00.000000000,516.15,517.46711
2022-08-09T12:00:00.000000000,525.29,526.39052
2022-08-09T13:00:00.000000000,536.71,535.27409
2022-08-09T14:00:00.000000000,564.52,542.73531
2022-08-09T15:00:00.000000000,576.68,548.3552
2022-08-09T16:00:00.000000000,578.31,550.82904
2022-08-09T17:00:00.000000000,577.66,552.21146
2022-08-09T18:00:00.000000000,574.56,551.61273
2022-08-09T19:00:00.000000000,572.48,549.23431
2022-08-09T20:00:00.000000000,564.16,545.24183
2022-08-09T21:00:00.000000000,553.69,539.78147
2022-08-09T22:00:00.000000000,544.56,533.18066
2022-08-09T23:00:00.000000000,530.14,526.04615
2022-08-10T00:00:00.000000000,517.18,516.63049
2022-08-10T01:00:00.000000000,522.32,506.12242
2022-08-10T02:00:00.000000000,524.45,494.10858
2022-08-10T03:00:00.000000000,524.78,482.60471
2022-08-10T04:00:00.000000000,531.5,472.28252
2022-08-10T05:00:00.000000000,547.88,464.68256
2022-08-10T06:00:00.000000000,545.74,460.54401
2022-08-10T07:00:00.000000000,556.82,460.00025
2022-08-10T08:00:00.000000000,572.03,464.08446
2022-08-10T09:00:00.000000000,580.36,471.97568
2022-08-10T10:00:00.000000000,580.24,482.02413
2022-08-10T11:00:00.000000000,578.42,492.56317
2022-08-10T12:00:00.000000000,578.54,504.85024
2022-08-10T13:00:00.000000000,577.61,516.84197
2022-08-10T14:00:00.000000000,585.26,526.78633
2022-08-10T15:00:00.000000000,589.25,534.21604
2022-08-10T16:00:00.000000000,579.55,538.30244
2022-08-10T17:00:00.000000000,572.16,540.60869
2022-08-10T18:00:00.000000000,567.94,540.27812
2022-08-10T19:00:00.000000000,563.35,537.53639
2022-08-10T20:00:00.000000000,558.97,532.97159
2022-08-10T21:00:00.000000000,557.22,527.09592
2022-08-10T22:00:00.000000000,552.97,520.10418
2022-08-10T23:00:00.000000000,547.21,512.35812
2022-08-08T00:00:00.000000000,483.6,505.61334
2022-08-08T01:00:00.000000000,479.5,496.34888
2022-08-08T02:00:00.000000000,474.12,485.43568
2022-08-08T03:00:00.000000000,456.09,474.7587
2022-08-08T04:00:00.000000000,437.59,464.51213
2022-08-08T05:00:00.000000000,419.91,456.05536
2022-08-08T06:00:00.000000000,399.81,450.61691
2022-08-08T07:00:00.000000000,385.89,448.77285
2022-08-08T08:00:00.000000000,384.14,451.74137
2022-08-08T09:00:00.000000000,389.68,458.88869
2022-08-08T10:00:00.000000000,404.79,468.90569
2022-08-08T11:00:00.000000000,424.9,480.24771
2022-08-08T12:00:00.000000000,459.31,494.6109
2022-08-08T13:00:00.000000000,491.17,510.05627
2022-08-08T14:00:00.000000000,528.42,524.62614
2022-08-08T15:00:00.000000000,535.39,536.97769
2022-08-08T16:00:00.000000000,539.62,545.74178
2022-08-08T17:00:00.000000000,550.66,552.50882
2022-08-08T18:00:00.000000000,555.07,556.16481
2022-08-08T19:00:00.000000000,559.97,556.52836
2022-08-08T20:00:00.000000000,559.32,553.51511
2022-08-08T21:00:00.000000000,551.26,547.31071
2022-08-08T22:00:00.000000000,551.69,538.70877
2022-08-08T23:00:00.000000000,558.6,528.82398
2022-08-09T00:00:00.000000000,566.23,535.34905
2022-08-09T01:00:00.000000000,565.87,527.56485
2022-08-09T02:00:00.000000000,556.88,518.72854
2022-08-09T03:00:00.000000000,536.17,510.11004
2022-08-09T04:00:00.000000000,524.51,501.9442
2022-08-09T05:00:00.000000000,524.83,495.51992
2022-08-09T06:00:00.000000000,520.7,491.25787
2022-08-09T07:00:00.000000000,526.29,489.56081
2022-08-09T08:00:00.000000000,527.07,491.54538
2022-08-09T09:00:00.000000000,516.79,496.26379
2022-08-09T10:00:00.000000000,511.5,502.5652
2022-08-09T11:00:00.000000000,516.15,508.88833
2022-08-09T12:00:00.000000000,525.29,517.10458
2022-08-09T13:00:00.000000000,536.71,525.59781
2022-08-09T14:00:00.000000000,564.52,533.00993
2022-08-09T15:00:00.000000000,576.68,538.92523
2022-08-09T16:00:00.000000000,578.31,542.16673
2022-08-09T17:00:00.000000000,577.66,544.41589
2022-08-09T18:00:00.000000000,574.56,544.3272
2022-08-09T19:00:00.000000000,572.48,542.08974
2022-08-09T20:00:00.000000000,564.16,538.18712
2022-08-09T21:00:00.000000000,553.69,532.96883
2022-08-09T22:00:00.000000000,544.56,526.9353
2022-08-09T23:00:00.000000000,530.14,520.70873
2022-08-10T00:00:00.000000000,517.18,523.68606
2022-08-10T01:00:00.000000000,522.32,516.24696
2022-08-10T02:00:00.000000000,524.45,507.99699
2022-08-10T03:00:00.000000000,524.78,500.13091
2022-08-10T04:00:00.000000000,531.5,492.93566
2022-08-10T05:00:00.000000000,547.88,487.75697
2022-08-10T06:00:00.000000000,545.74,484.99777
2022-08-10T07:00:00.000000000,556.82,484.86236
2022-08-10T08:00:00.000000000,572.03,488.45562
2022-08-10T09:00:00.000000000,580.36,494.87801
2022-08-10T10:00:00.000000000,580.24,502.59208
2022-08-10T11:00:00.000000000,578.42,509.82613
2022-08-10T12:00:00.000000000,578.54,518.01675
2022-08-10T13:00:00.000000000,577.61,525.51793
2022-08-10T14:00:00.000000000,585.26,531.17398
2022-08-10T15:00:00.000000000,589.25,535.14951
2022-08-10T16:00:00.000000000,579.55,536.56853
2022-08-10T17:00:00.000000000,572.16,537.13129
2022-08-10T18:00:00.000000000,567.94,535.73036
2022-08-10T19:00:00.000000000,563.35,532.53164
2022-08-10T20:00:00.000000000,558.97,527.98979
2022-08-10T21:00:00.000000000,557.22,522.49208
2022-08-10T22:00:00.000000000,552.97,516.33746
2022-08-10T23:00:00.000000000,547.21,510.03605
2022-08-11T00:00:00.000000000,544.88,499.77327
2022-08-11T01:00:00.000000000,541.77,487.74442
2022-08-11T02:00:00.000000000,531.62,473.77911
2022-08-11T03:00:00.000000000,508.52,459.96913
2022-08-11T04:00:00.000000000,487.93,447.44166
2022-08-11T05:00:00.000000000,478.42,438.18968
2022-08-11T06:00:00.000000000,474.13,433.25904
2022-08-11T07:00:00.000000000,471.08,432.74943
2022-08-11T08:00:00.000000000,481.42,437.59557
2022-08-11T09:00:00.000000000,496.99,446.67874
2022-08-11T10:00:00.000000000,515.45,457.93737
2022-08-11T11:00:00.000000000,525.11,469.70537
2022-08-11T12:00:00.000000000,532.57,483.20341
2022-08-11T13:00:00.000000000,535.74,496.23858
2022-08-11T14:00:00.000000000,551.12,507.27724
2022-08-11T15:00:00.000000000,568.31,516.01118
2022-08-11T16:00:00.000000000,574.88,521.59179
2022-08-11T17:00:00.000000000,574.17,524.73212
2022-08-11T18:00:00.000000000,568.17,524.15241
2022-08-11T19:00:00.000000000,564.33,520.16515
2022-08-11T20:00:00.000000000,559.92,514.06
2022-08-11T21:00:00.000000000,555.66,506.94193
2022-08-11T22:00:00.000000000,549.37,499.21177
2022-08-11T23:00:00.000000000,547.54,491.24322
2022-08-09T00:00:00.000000000,566.23,569.80595
2022-08-09T01:00:00.000000000,565.87,564.99816
2022-08-09T02:00:00.000000000,556.88,559.56295
2022-08-09T03:00:00.000000000,536.17,554.251
2022-08-09T04:00:00.000000000,524.51,548.77975
2022-08-09T05:00:00.000000000,524.83,544.21804
2022-08-09T06:00:00.000000000,520.7,540.63279
2022-08-09T07:00:00.000000000,526.29,538.8861
2022-08-09T08:00:00.000000000,527.07,540.50211
2022-08-09T09:00:00.000000000,516.79,544.58416
2022-08-09T10:00:00.000000000,511.5,549.96212
2022-08-09T11:00:00.000000000,516.15,554.47964
2022-08-09T12:00:00.000000000,525.29,559.86306
2022-08-09T13:00:00.000000000,536.71,564.95195
2022-08-09T14:00:00.000000000,564.52,568.79974
2022-08-09T15:00:00.000000000,576.68,571.29885
2022-08-09T16:00:00.000000000,578.31,571.32693
2022-08-09T17:00:00.000000000,577.66,571.41215
2022-08-09T18:00:00.000000000,574.56,570.09064
2022-08-09T19:00:00.000000000,572.48,566.89649
2022-08-09T20:00:00.000000000,564.16,561.74045
2022-08-09T21:00:00.000000000,553.69,554.57236
2022-08-09T22:00:00.000000000,544.56,546.22349
2022-08-09T23:00:00.000000000,530.14,537.73131
2022-08-10T00:00:00.000000000,517.18,541.31359
2022-08-10T01:00:00.000000000,522.32,534.68565
2022-08-10T02:00:00.000000000,524.45,527.19245
2022-08-10T03:00:00.000000000,524.78,519.90848
2022-08-10T04:00:00.000000000,531.5,513.03453
2022-08-10T05:00:00.000000000,547.88,507.86337
2022-08-10T06:00:00.000000000,545.74,504.63102
2022-08-10T07:00:00.000000000,556.82,503.74595
2022-08-10T08:00:00.000000000,572.03,506.40915
2022-08-10T09:00:00.000000000,580.36,511.7265
2022-08-10T10:00:00.000000000,580.24,518.29133
2022-08-10T11:00:00.000000000,578.42,524.24792
2022-08-10T12:00:00.000000000,578.54,531.20129
2022-08-10T13:00:00.000000000,577.61,537.65828
2022-08-10T14:00:00.000000000,585.26,542.51906
2022-08-10T15:00:00.000000000,589.25,545.86699
2022-08-10T16:00:00.000000000,579.55,546.81808
2022-08-10T17:00:00.000000000,572.16,547.31308
2022-08-10T18:00:00.000000000,567.94,546.07982
2022-08-10T19:00:00.000000000,563.35,543.11839
2022-08-10T20:00:00.000000000,558.97,538.74436
2022-08-10T21:00:00.000000000,557.22,533.1734
2022-08-10T22:00:00.000000000,552.97,526.80637
2022-08-10T23:00:00.000000000,547.21,520.22666
2022-08-11T00:00:00.000000000,544.88,515.67703
2022-08-11T01:00:00.000000000,541.77,503.24704
2022-08-11T02:00:00.000000000,531.62,488.36452
2022-08-11T03:00:00.000000000,508.52,473.26256
2022-08-11T04:00:00.000000000,487.93,459.12343
2022-08-11T05:00:00.000000000,478.42,448.00402
2022-08-11T06:00:00.000000000,474.13,441.01923
2022-08-11T07:00:00.000000000,471.08,438.5273
2022-08-11T08:00:00.000000000,481.42,441.54817
2022-08-11T09:00:00.000000000,496.99,449.19095
2022-08-11T10:00:00.000000000,515.45,459.76114
2022-08-11T11:00:00.000000000,525.11,471.64154
2022-08-11T12:00:00.000000000,532.57,485.98733
2022-08-11T13:00:00.000000000,535.74,500.35595
2022-08-11T14:00:00.000000000,551.12,512.91187
2022-08-11T15:00:00.000000000,568.31,522.9502
2022-08-11T16:00:00.000000000,574.88,529.57171
2022-08-11T17:00:00.000000000,574.17,533.83659
2022-08-11T18:00:00.000000000,568.17,534.49215
2022-08-11T19:00:00.000000000,564.33,531.98524
2022-08-11T20:00:00.000000000,559.92,527.44831
2022-08-11T21:00:00.000000000,555.66,521.7669
2022-08-11T22:00:00.000000000,549.37,515.15614
2022-08-11T23:00:00.000000000,547.54,507.90577
2022-08-12T00:00:00.000000000,544.58,493.45725
2022-08-12T01:00:00.000000000,536.1,479.95744
2022-08-12T02:00:00.000000000,514.44,464.05853
2022-08-12T03:00:00.000000000,486.27,448.30171
2022-08-12T04:00:00.000000000,457.68,434.05497
2022-08-12T05:00:00.000000000,427.86,423.43012
2022-08-12T06:00:00.000000000,402.98,417.75783
2022-08-12T07:00:00.000000000,395.48,417.04769
2022-08-12T08:00:00.000000000,392.45,422.06822
2022-08-12T09:00:00.000000000,399.9,431.72015
2022-08-12T10:00:00.000000000,424.93,443.99744
2022-08-12T11:00:00.000000000,443.63,457.37365
2022-08-12T12:00:00.000000000,461.85,473.10855
2022-08-12T13:00:00.000000000,474.39,488.8459
2022-08-12T14:00:00.000000000,515.28,502.68144
2022-08-12T15:00:00.000000000,542.55,513.85611
2022-08-12T16:00:00.000000000,543.11,521.40726
2022-08-12T17:00:00.000000000,549.4,525.99151
2022-08-12T18:00:00.000000000,559.17,526.53428
2022-08-12T19:00:00.000000000,559.58,523.45259
2022-08-12T20:00:00.000000000,553.97,518.0061
2022-08-12T21:00:00.000000000,546.71,511.30798
2022-08-12T22:00:00.000000000,543.51,503.71126
2022-08-12T23:00:00.000000000,537.48,495.48967
2022-08-10T00:00:00.000000000,517.18,529.96389
2022-08-10T01:00:00.000000000,522.32,525.07442
2022-08-10T02:00:00.000000000,524.45,519.99216
2022-08-10T03:00:00.000000000,524.78,515.83051
2022-08-10T04:00:00.000000000,531.5,512.08777
2022-08-10T05:00:00.000000000,547.88,509.46936
2022-08-10T06:00:00.000000000,545.74,508.27526
2022-08-10T07:00:00.000000000,556.82,508.9698
2022-08-10T08:00:00.000000000,572.03,512.97131
2022-08-10T09:00:00.000000000,580.36,519.61235
2022-08-10T10:00:00.000000000,580.24,527.44183
2022-08-10T11:00:00.000000000,578.42,534.67527
2022-08-10T12:00:00.000000000,578.54,542.93581
2022-08-10T13:00:00.000000000,577.61,550.99173
2022-08-10T14:00:00.000000000,585.26,557.49532
2022-08-10T15:00:00.000000000,589.25,562.02904
2022-08-10T16:00:00.000000000,579.55,563.46676
2022-08-10T17:00:00.000000000,572.16,564.26938
2022-08-10T18:00:00.000000000,567.94,563.67233
2022-08-10T19:00:00.000000000,563.35,561.12354
2022-08-10T20:00:00.000000000,558.97,556.29912
2022-08-10T21:00:00.000000000,557.22,549.09907
2022-08-10T22:00:00.000000000,552.97,540.1689
2022-08-10T23:00:00.000000000,547.21,530.55002
2022-08-11T00:00:00.000000000,544.88,528.92455
2022-08-11T01:00:00.000000000,541.77,517.94936
2022-08-11T02:00:00.000000000,531.62,504.942
2022-08-11T03:00:00.000000000,508.52,491.76013
2022-08-11T04:00:00.000000000,487.93,479.31448
2022-08-11T05:00:00.000000000,478.42,469.40517
2022-08-11T06:00:00.000000000,474.13,462.97221
2022-08-11T07:00:00.000000000,471.08,460.44676
2022-08-11T08:00:00.000000000,481.42,462.97245
2022-08-11T09:00:00.000000000,496.99,469.81003
2022-08-11T10:00:00.000000000,515.45,479.35415
2022-08-11T11:00:00.000000000,525.11,489.72359
2022-08-11T12:00:00.000000000,532.57,502.10389
2022-08-11T13:00:00.000000000,535.74,514.3849
2022-08-11T14:00:00.000000000,551.12,524.80563
2022-08-11T15:00:00.000000000,568.31,532.80283
2022-08-11T16:00:00.000000000,574.88,537.56352
2022-08-11T17:00:00.000000000,574.17,540.49728
2022-08-11T18:00:00.000000000,568.17,540.44441
2022-08-11T19:00:00.000000000,564.33,537.58896
2022-08-11T20:00:00.000000000,559.92,532.5308
2022-08-11T21:00:00.000000000,555.66,525.82846
2022-08-11T22:00:00.000000000,549.37,517.93723
2022-08-11T23:00:00.000000000,547.54,509.43908
2022-08-12T00:00:00.000000000,544.58,499.56032
2022-08-12T01:00:00.000000000,536.1,485.10174
2022-08-12T02:00:00.000000000,514.44,467.86069
2022-08-12T03:00:00.000000000,486.27,450.35877
2022-08-12T04:00:00.000000000,457.68,434.09854
2022-08-12T05:00:00.000000000,427.86,421.26629
2022-08-12T06:00:00.000000000,402.98,413.34077
2022-08-12T07:00:00.000000000,395.48,410.45751
2022-08-12T08:00:00.000000000,392.45,413.57929
2022-08-12T09:00:00.000000000,399.9,421.77234
2022-08-12T10:00:00.000000000,424.93,433.17938
2022-08-12T11:00:00.000000000,443.63,446.26529
2022-08-12T12:00:00.000000000,461.85,462.18805
2022-08-12T13:00:00.000000000,474.39,478.46559
2022-08-12T14:00:00.000000000,515.28,493.15422
2022-08-12T15:00:00.000000000,542.55,505.35031
2022-08-12T16:00:00.000000000,543.11,513.98787
2022-08-12T17:00:00.000000000,549.4,519.46062
2022-08-12T18:00:00.000000000,559.17,520.50205
2022-08-12T19:00:00.000000000,559.58,517.52658
2022-08-12T20:00:00.000000000,553.97,511.8792
2022-08-12T21:00:00.000000000,546.71,504.7941
2022-08-12T22:00:00.000000000,543.51,496.76686
2022-08-12T23:00:00.000000000,537.48,488.20699
2022-08-13T00:00:00.000000000,529.65,473.86541
2022-08-13T01:00:00.000000000,517.14,454.58445
2022-08-13T02:00:00.000000000,485.32,431.38921
2022-08-13T03:00:00.000000000,443.63,407.87112
2022-08-13T04:00:00.000000000,417.21,386.40957
2022-08-13T05:00:00.000000000,392.28,369.63015
2022-08-13T06:00:00.000000000,365.36,359.69924
2022-08-13T07:00:00.000000000,352.86,356.44905
2022-08-13T08:00:00.000000000,338.56,360.37346
2022-08-13T09:00:00.000000000,340.36,370.08855
2022-08-13T10:00:00.000000000,356.3,383.47625
2022-08-13T11:00:00.000000000,361.47,399.34512
2022-08-13T12:00:00.000000000,371.15,418.91479
2022-08-13T13:00:00.000000000,381.48,439.62013
2022-08-13T14:00:00.000000000,440.27,459.30727
2022-08-13T15:00:00.000000000,470.05,476.39995
2022-08-13T16:00:00.000000000,481.03,489.26139
2022-08-13T17:00:00.000000000,519.57,497.17113
2022-08-13T18:00:00.000000000,555.24,498.98766
2022-08-13T19:00:00.000000000,568.11,495.35822
2022-08-13T20:00:00.000000000,568.87,488.2712
2022-08-13T21:00:00.000000000,564.15,479.55851
2022-08-13T22:00:00.000000000,557.61,469.92975
2022-08-13T23:00:00.000000000,555.75,459.75063
2022-08-11T00:00:00.000000000,544.88,552.20009
2022-08-11T01:00:00.000000000,541.77,544.64279
2022-08-11T02:00:00.000000000,531.62,535.98021
2022-08-11T03:00:00.000000000,508.52,527.33768
2022-08-11T04:00:00.000000000,487.93,518.74966
2022-08-11T05:00:00.000000000,478.42,511.43515
2022-08-11T06:00:00.000000000,474.13,505.93212
2022-08-11T07:00:00.000000000,471.08,503.03899
2022-08-11T08:00:00.000000000,481.42,504.38681
2022-08-11T09:00:00.000000000,496.99,509.39228
2022-08-11T10:00:00.000000000,515.45,516.65341
2022-08-11T11:00:00.000000000,525.11,523.95344
2022-08-11T12:00:00.000000000,532.57,532.68935
2022-08-11T13:00:00.000000000,535.74,541.27233
2022-08-11T14:00:00.000000000,551.12,548.25312
2022-08-11T15:00:00.000000000,568.31,553.25919
2022-08-11T16:00:00.000000000,574.88,555.45953
2022-08-11T17:00:00.000000000,574.17,556.9488
2022-08-11T18:00:00.000000000,568.17,556.46919
2022-08-11T19:00:00.000000000,564.33,553.6012
2022-08-11T20:00:00.000000000,559.92,548.208
2022-08-11T21:00:00.000000000,555.66,540.3451
2022-08-11T22:00:00.000000000,549.37,530.90294
2022-08-11T23:00:00.000000000,547.54,520.99468
2022-08-12T00:00:00.000000000,544.58,516.00901
2022-08-12T01:00:00.000000000,536.1,500.58909
2022-08-12T02:00:00.000000000,514.44,481.5895
2022-08-12T03:00:00.000000000,486.27,461.70121
2022-08-12T04:00:00.000000000,457.68,442.70438
2022-08-12T05:00:00.000000000,427.86,427.06025
2022-08-12T06:00:00.000000000,402.98,416.47761
2022-08-12T07:00:00.000000000,395.48,411.4722
2022-08-12T08:00:00.000000000,392.45,413.01467
2022-08-12T09:00:00.000000000,399.9,420.26801
2022-08-12T10:00:00.000000000,424.93,431.61081
2022-08-12T11:00:00.000000000,443.63,445.47719
2022-08-12T12:00:00.000000000,461.85,463.13208
2022-08-12T13:00:00.000000000,474.39,481.88914
2022-08-12T14:00:00.000000000,515.28,499.40171
2022-08-12T15:00:00.000000000,542.55,514.13673
2022-08-12T16:00:00.000000000,543.11,524.93399
2022-08-12T17:00:00.000000000,549.4,532.33592
2022-08-12T18:00:00.000000000,559.17,534.91775
2022-08-12T19:00:00.000000000,559.58,533.16299
2022-08-12T20:00:00.000000000,553.97,528.37191
2022-08-12T21:00:00.000000000,546.71,521.69804
2022-08-12T22:00:00.000000000,543.51,513.76934
2022-08-12T23:00:00.000000000,537.48,505.02463
2022-08-13T00:00:00.000000000,529.65,492.09589
2022-08-13T01:00:00.000000000,517.14,476.00018
2022-08-13T02:00:00.000000000,485.32,456.40276
2022-08-13T03:00:00.000000000,443.63,436.44776
2022-08-13T04:00:00.000000000,417.21,417.96814
2022-08-13T05:00:00.000000000,392.28,403.39212
2022-08-13T06:00:00.000000000,365.36,394.55839
2022-08-13T07:00:00.000000000,352.86,391.65625
2022-08-13T08:00:00.000000000,338.56,395.39585
2022-08-13T09:00:00.000000000,340.36,404.86177
2022-08-13T10:00:00.000000000,356.3,418.21575
2022-08-13T11:00:00.000000000,361.47,434.11786
2022-08-13T12:00:00.000000000,371.15,453.84155
2022-08-13T13:00:00.000000000,381.48,474.65542
2022-08-13T14:00:00.000000000,440.27,494.05091
2022-08-13T15:00:00.000000000,470.05,510.32977
2022-08-13T16:00:00.000000000,481.03,522.29983
2022-08-13T17:00:00.000000000,519.57,530.3806
2022-08-13T18:00:00.000000000,555.24,533.46419
2022-08-13T19:00:00.000000000,568.11,532.05038
2022-08-13T20:00:00.000000000,568.87,527.45203
2022-08-13T21:00:00.000000000,564.15,520.85639
2022-08-13T22:00:00.000000000,557.61,512.71266
2022-08-13T23:00:00.000000000,555.75,503.3301
2022-08-14T00:00:00.000000000,552.63,473.8168
2022-08-14T01:00:00.000000000,544.39,460.79816
2022-08-14T02:00:00.000000000,519.32,446.00889
2022-08-14T03:00:00.000000000,478.98,432.48997
2022-08-14T04:00:00.000000000,447.25,421.08245
2022-08-14T05:00:00.000000000,427.1,413.26456
2022-08-14T06:00:00.000000000,409.15,410.32293
2022-08-14T07:00:00.000000000,393.83,411.98914
2022-08-14T08:00:00.000000000,382.71,419.01786
2022-08-14T09:00:00.000000000,392.29,430.7311
2022-08-14T10:00:00.000000000,399.7,445.18659
2022-08-14T11:00:00.000000000,417.89,461.05777
2022-08-14T12:00:00.000000000,428.21,479.43774
2022-08-14T13:00:00.000000000,432.47,497.93273
2022-08-14T14:00:00.000000000,478.44,514.04623
2022-08-14T15:00:00.000000000,513.28,526.54547
2022-08-14T16:00:00.000000000,512.31,534.5602
2022-08-14T17:00:00.000000000,538.11,539.41267
2022-08-14T18:00:00.000000000,561.06,540.91199
2022-08-14T19:00:00.000000000,566.77,539.29142
2022-08-14T20:00:00.000000000,560.67,534.93932
2022-08-14T21:00:00.000000000,554.37,528.39292
2022-08-14T22:00:00.000000000,549.17,519.73823
2022-08-14T23:00:00.000000000,547.57,509.34688
2022-08-12T00:00:00.000000000,544.58,561.48774
2022-08-12T01:00:00.000000000,536.1,549.40255
2022-08-12T02:00:00.000000000,514.44,534.60557
2022-08-12T03:00:00.000000000,486.27,518.58592
2022-08-12T04:00:00.000000000,457.68,502.43113
2022-08-12T05:00:00.000000000,427.86,488.23691
2022-08-12T06:00:00.000000000,402.98,477.12089
2022-08-12T07:00:00.000000000,395.48,470.11981
2022-08-12T08:00:00.000000000,392.45,468.8951
2022-08-12T09:00:00.000000000,399.9,472.90439
2022-08-12T10:00:00.000000000,424.93,480.67352
2022-08-12T11:00:00.000000000,443.63,489.81967
2022-08-12T12:00:00.000000000,461.85,501.45346
2022-08-12T13:00:00.000000000,474.39,513.27251
2022-08-12T14:00:00.000000000,515.28,523.41733
2022-08-12T15:00:00.000000000,542.55,531.27174
2022-08-12T16:00:00.000000000,543.11,536.26506
2022-08-12T17:00:00.000000000,549.4,539.66043
2022-08-12T18:00:00.000000000,559.17,539.72152
2022-08-12T19:00:00.000000000,559.58,536.45409
2022-08-12T20:00:00.000000000,553.97,530.45625
2022-08-12T21:00:00.000000000,546.71,522.34313
2022-08-12T22:00:00.000000000,543.51,513.13796
2022-08-12T23:00:00.000000000,537.48,503.7731
2022-08-13T00:00:00.000000000,529.65,498.32466
2022-08-13T01:00:00.000000000,517.14,482.78924
2022-08-13T02:00:00.000000000,485.32,464.07639
2022-08-13T03:00:00.000000000,443.63,445.16267
2022-08-13T04:00:00.000000000,417.21,427.66339
2022-08-13T05:00:00.000000000,392.28,413.80916
2022-08-13T06:00:00.000000000,365.36,405.30783
2022-08-13T07:00:00.000000000,352.86,402.374
2022-08-13T08:00:00.000000000,338.56,405.81498
2022-08-13T09:00:00.000000000,340.36,414.8105
2022-08-13T10:00:00.000000000,356.3,427.66345
2022-08-13T11:00:00.000000000,361.47,442.92645
2022-08-13T12:00:00.000000000,371.15,461.83275
2022-08-13T13:00:00.000000000,381.48,481.72792
2022-08-13T14:00:00.000000000,440.27,500.09259
2022-08-13T15:00:00.000000000,470.05,515.29746
2022-08-13T16:00:00.000000000,481.03,526.18084
2022-08-13T17:00:00.000000000,519.57,533.41477
2022-08-13T18:00:00.000000000,555.24,535.99402
2022-08-13T19:00:00.000000000,568.11,534.40531
2022-08-13T20:00:00.000000000,568.87,529.73263
2022-08-13T21:00:00.000000000,564.15,523.02408
2022-08-13T22:00:00.000000000,557.61,514.76918
2022-08-13T23:00:00.000000000,555.75,505.3547
2022-08-14T00:00:00.000000000,552.63,492.21471
2022-08-14T01:00:00.000000000,544.39,477.8563
2022-08-14T02:00:00.000000000,519.32,461.01276
2022-08-14T03:00:00.000000000,478.98,444.47153
2022-08-14T04:00:00.000000000,447.25,429.54018
2022-08-14T05:00:00.000000000,427.1,418.1666
2022-08-14T06:00:00.000000000,409.15,411.90275
2022-08-14T07:00:00.000000000,393.83,410.80779
2022-08-14T08:00:00.000000000,382.71,415.71334
2022-08-14T09:00:00.000000000,392.29,425.88007
2022-08-14T10:00:00.000000000,399.7,439.42828
2022-08-14T11:00:00.000000000,417.89,454.77601
2022-08-14T12:00:00.000000000,428.21,472.94078
2022-08-14T13:00:00.000000000,432.47,491.44336
2022-08-14T14:00:00.000000000,478.44,507.84834
2022-08-14T15:00:00.000000000,513.28,520.85561
2022-08-14T16:00:00.000000000,512.31,529.47294
2022-08-14T17:00:00.000000000,538.11,534.64557
2022-08-14T18:00:00.000000000,561.06,535.73804
2022-08-14T19:00:00.000000000,566.77,533.08891
2022-08-14T20:00:00.000000000,560.67,527.46247
2022-08-14T21:00:00.000000000,554.37,519.72911
2022-08-14T22:00:00.000000000,549.17,510.34672
2022-08-14T23:00:00.000000000,547.57,499.83637
2022-08-15T00:00:00.000000000,538.06,480.93808
2022-08-15T01:00:00.000000000,525.55,463.50064
2022-08-15T02:00:00.000000000,499.94,443.01935
2022-08-15T03:00:00.000000000,462.82,422.59686
2022-08-15T04:00:00.000000000,430.21,404.16273
2022-08-15T05:00:00.000000000,402.42,390.07922
2022-08-15T06:00:00.000000000,381.55,382.10737
2022-08-15T07:00:00.000000000,372.87,380.11308
2022-08-15T08:00:00.000000000,361.5,384.71998
2022-08-15T09:00:00.000000000,366.49,394.52041
2022-08-15T10:00:00.000000000,377.98,407.29729
2022-08-15T11:00:00.000000000,385.55,421.72442
2022-08-15T12:00:00.000000000,396.53,438.97174
2022-08-15T13:00:00.000000000,428.88,456.63933
2022-08-15T14:00:00.000000000,474.58,472.82193
2022-08-15T15:00:00.000000000,498.43,486.43435
2022-08-15T16:00:00.000000000,493.8,496.04922
2022-08-15T17:00:00.000000000,494.32,501.25839
2022-08-15T18:00:00.000000000,512.72,500.95369
2022-08-15T19:00:00.000000000,526.65,495.72393
2022-08-15T20:00:00.000000000,525.47,487.52148
2022-08-15T21:00:00.000000000,517.74,478.08122
2022-08-15T22:00:00.000000000,509.93,468.10145
2022-08-15T23:00:00.000000000,500.59,457.99894
2022-08-13T00:00:00.000000000,529.65,536.17132
2022-08-13T01:00:00.000000000,517.14,524.964
2022-08-13T02:00:00.000000000,485.32,511.79665
2022-08-13T03:00:00.000000000,443.63,498.66258
2022-08-13T04:00:00.000000000,417.21,486.16463
2022-08-13T05:00:00.000000000,392.28,475.87668
2022-08-13T06:00:00.000000000,365.36,468.82075
2022-08-13T07:00:00.000000000,352.86,465.64055
2022-08-13T08:00:00.000000000,338.56,467.69029
2022-08-13T09:00:00.000000000,340.36,474.39227
2022-08-13T10:00:00.000000000,356.3,484.34791
2022-08-13T11:00:00.000000000,361.47,495.59403
2022-08-13T12:00:00.000000000,371.15,509.40443
2022-08-13T13:00:00.000000000,381.48,523.71943
2022-08-13T14:00:00.000000000,440.27,536.48329
2022-08-13T15:00:00.000000000,470.05,546.54491
2022-08-13T16:00:00.000000000,481.03,552.8642
2022-08-13T17:00:00.000000000,519.57,557.14216
2022-08-13T18:00:00.000000000,555.24,558.2601
2022-08-13T19:00:00.000000000,568.11,556.1247
2022-08-13T20:00:00.000000000,568.87,550.93238
2022-08-13T21:00:00.000000000,564.15,543.04662
2022-08-13T22:00:00.000000000,557.61,533.24782
2022-08-13T23:00:00.000000000,555.75,522.47687
2022-08-14T00:00:00.000000000,552.63,514.80345
2022-08-14T01:00:00.000000000,544.39,501.72816
2022-08-14T02:00:00.000000000,519.32,486.38127
2022-08-14T03:00:00.000000000,478.98,471.03462
2022-08-14T04:00:00.000000000,447.25,456.6792
2022-08-14T05:00:00.000000000,427.1,445.08736
2022-08-14T06:00:00.000000000,409.15,437.70821
2022-08-14T07:00:00.000000000,393.83,434.99177
2022-08-14T08:00:00.000000000,382.71,438.15676
2022-08-14T09:00:00.000000000,392.29,446.63205
2022-08-14T10:00:00.000000000,399.7,458.56781
2022-08-14T11:00:00.000000000,417.89,471.98313
2022-08-14T12:00:00.000000000,428.21,487.87375
2022-08-14T13:00:00.000000000,432.47,503.95782
2022-08-14T14:00:00.000000000,478.44,517.92592
2022-08-14T15:00:00.000000000,513.28,528.67332
2022-08-14T16:00:00.000000000,512.31,535.41563
2022-08-14T17:00:00.000000000,538.11,539.40133
2022-08-14T18:00:00.000000000,561.06,539.87719
2022-08-14T19:00:00.000000000,566.77,536.82109
2022-08-14T20:00:00.000000000,560.67,530.5541
2022-08-14T21:00:00.000000000,554.37,521.6371
2022-08-14T22:00:00.000000000,549.17,510.87428
2022-08-14T23:00:00.000000000,547.57,499.15965
2022-08-15T00:00:00.000000000,538.06,488.16549
2022-08-15T01:00:00.000000000,525.55,471.84147
2022-08-15T02:00:00.000000000,499.94,452.12757
2022-08-15T03:00:00.000000000,462.82,431.95488
2022-08-15T04:00:00.000000000,430.21,413.11876
2022-08-15T05:00:00.000000000,402.42,397.92595
2022-08-15T06:00:00.000000000,381.55,388.14791
2022-08-15T07:00:00.000000000,372.87,383.81199
2022-08-15T08:00:00.000000000,361.5,385.84855
2022-08-15T09:00:00.000000000,366.49,393.35004
2022-08-15T10:00:00.000000000,377.98,404.50578
2022-08-15T11:00:00.000000000,385.55,418.06296
2022-08-15T12:00:00.000000000,396.53,435.23749
2022-08-15T13:00:00.000000000,428.88,453.46753
2022-08-15T14:00:00.000000000,474.58,470.75374
2022-08-15T15:00:00.000000000,498.43,485.85005
2022-08-15T16:00:00.000000000,493.8,497.40418
2022-08-15T17:00:00.000000000,494.32,505.22279
2022-08-15T18:00:00.000000000,512.72,507.93818
2022-08-15T19:00:00.000000000,526.65,505.97332
2022-08-15T20:00:00.000000000,525.47,500.82565
2022-08-15T21:00:00.000000000,517.74,493.88446
2022-08-15T22:00:00.000000000,509.93,485.68394
2022-08-15T23:00:00.000000000,500.59,476.69655
2022-08-16T00:00:00.000000000,489.66,469.0066
2022-08-16T01:00:00.000000000,483.41,457.48875
2022-08-16T02:00:00.000000000,469.81,444.39642
2022-08-16T03:00:00.000000000,440.04,432.31636
2022-08-16T04:00:00.000000000,411.41,421.89665
2022-08-16T05:00:00.000000000,393.55,414.63668
2022-08-16T06:00:00.000000000,370.14,411.52285
2022-08-16T07:00:00.000000000,361.52,412.29688
2022-08-16T08:00:00.000000000,350.49,417.72753
2022-08-16T09:00:00.000000000,350.79,426.64938
2022-08-16T10:00:00.000000000,377.12,437.25933
2022-08-16T11:00:00.000000000,408.97,448.57527
2022-08-16T12:00:00.000000000,436.72,462.4502
2022-08-16T13:00:00.000000000,475.96,476.77136
2022-08-16T14:00:00.000000000,499.98,489.77286
2022-08-16T15:00:00.000000000,517.28,500.74638
2022-08-16T16:00:00.000000000,526.71,508.63764
2022-08-16T17:00:00.000000000,533.43,514.24061
2022-08-16T18:00:00.000000000,539.97,516.69092
2022-08-16T19:00:00.000000000,546.68,516.3398
2022-08-16T20:00:00.000000000,544.32,514.10189
2022-08-16T21:00:00.000000000,543.21,510.68222
2022-08-16T22:00:00.000000000,534.35,506.14984
2022-08-16T23:00:00.000000000,506.62,500.62318
2022-08-14T00:00:00.000000000,552.63,552.54662
2022-08-14T01:00:00.000000000,544.39,542.09262
2022-08-14T02:00:00.000000000,519.32,529.64205
2022-08-14T03:00:00.000000000,478.98,516.76272
2022-08-14T04:00:00.000000000,447.25,503.92076
2022-08-14T05:00:00.000000000,427.1,492.7312
2022-08-14T06:00:00.000000000,409.15,484.23881
2022-08-14T07:00:00.000000000,393.83,479.5084
2022-08-14T08:00:00.000000000,382.71,480.34403
2022-08-14T09:00:00.000000000,392.29,486.32285
2022-08-14T10:00:00.000000000,399.7,495.78709
2022-08-14T11:00:00.000000000,417.89,506.26831
2022-08-14T12:00:00.000000000,428.21,518.76014
2022-08-14T13:00:00.000000000,432.47,531.21998
2022-08-14T14:00:00.000000000,478.44,541.79373
2022-08-14T15:00:00.000000000,513.28,549.7204
2022-08-14T16:00:00.000000000,512.31,554.3487
2022-08-14T17:00:00.000000000,538.11,557.51125
2022-08-14T18:00:00.000000000,561.06,557.91066
2022-08-14T19:00:00.000000000,566.77,555.05077
2022-08-14T20:00:00.000000000,560.67,548.87856
2022-08-14T21:00:00.000000000,554.37,539.5955
2022-08-14T22:00:00.000000000,549.17,528.24373
2022-08-14T23:00:00.000000000,547.57,516.08589
2022-08-15T00:00:00.000000000,538.06,512.5638
2022-08-15T01:00:00.000000000,525.55,497.92934
2022-08-15T02:00:00.000000000,499.94,480.21429
2022-08-15T03:00:00.000000000,462.82,461.79935
2022-08-15T04:00:00.000000000,430.21,444.20349
2022-08-15T05:00:00.000000000,402.42,429.6046
2022-08-15T06:00:00.000000000,381.55,419.43481
2022-08-15T07:00:00.000000000,372.87,414.03231
2022-08-15T08:00:00.000000000,361.5,414.57526
2022-08-15T09:00:00.000000000,366.49,420.29642
2022-08-15T10:00:00.000000000,377.98,429.59599
2022-08-15T11:00:00.000000000,385.55,441.05125
2022-08-15T12:00:00.000000000,396.53,455.98664
2022-08-15T13:00:00.000000000,428.88,471.88369
2022-08-15T14:00:00.000000000,474.58,486.76621
2022-08-15T15:00:00.000000000,498.43,499.55258
2022-08-15T16:00:00.000000000,493.8,509.10509
2022-08-15T17:00:00.000000000,494.32,515.66047
2022-08-15T18:00:00.000000000,512.72,517.64648
2022-08-15T19:00:00.000000000,526.65,515.45589
2022-08-15T20:00:00.000000000,525.47,510.46155
2022-08-15T21:00:00.000000000,517.74,503.85931
2022-08-15T22:00:00.000000000,509.93,496.25752
2022-08-15T23:00:00.000000000,500.59,488.16027
2022-08-16T00:00:00.000000000,489.66,486.36669
2022-08-16T01:00:00.000000000,483.41,476.6961
2022-08-16T02:00:00.000000000,469.81,465.69711
2022-08-16T03:00:00.000000000,440.04,455.42893
2022-08-16T04:00:00.000000000,411.41,446.19889
2022-08-16T05:00:00.000000000,393.55,439.31159
2022-08-16T06:00:00.000000000,370.14,435.53599
2022-08-16T07:00:00.000000000,361.52,434.86287
2022-08-16T08:00:00.000000000,350.49,438.40476
2022-08-16T09:00:00.000000000,350.79,445.2361
2022-08-16T10:00:00.000000000,377.12,453.8332
2022-08-16T11:00:00.000000000,408.97,463.04981
2022-08-16T12:00:00.000000000,436.72,474.52223
2022-08-16T13:00:00.000000000,475.96,486.15503
2022-08-16T14:00:00.000000000,499.98,496.46008
2022-08-16T15:00:00.000000000,517.28,505.08918
2022-08-16T16:00:00.000000000,526.71,511.02872
2022-08-16T17:00:00.000000000,533.43,515.4249
2022-08-16T18:00:00.000000000,539.97,517.28473
2022-08-16T19:00:00.000000000,546.68,516.91803
2022-08-16T20:00:00.000000000,544.32,515.03677
2022-08-16T21:00:00.000000000,543.21,512.1785
2022-08-16T22:00:00.000000000,534.35,508.35885
2022-08-16T23:00:00.000000000,506.62,503.80443
2022-08-17T00:00:00.000000000,481.55,502.01024
2022-08-17T01:00:00.000000000,462.31,492.20595
2022-08-17T02:00:00.000000000,458.38,480.76033
2022-08-17T03:00:00.000000000,462.39,469.59198
2022-08-17T04:00:00.000000000,468.9,459.27246
2022-08-17T05:00:00.000000000,487.81,451.41481
2022-08-17T06:00:00.000000000,506.33,446.8696
2022-08-17T07:00:00.000000000,520.74,445.74727
2022-08-17T08:00:00.000000000,524.69,449.15624
2022-08-17T09:00:00.000000000,514.78,456.24577
2022-08-17T10:00:00.000000000,506.66,465.41338
2022-08-17T11:00:00.000000000,507.57,475.1924
2022-08-17T12:00:00.000000000,527.71,487.02075
2022-08-17T13:00:00.000000000,528.12,498.73697
2022-08-17T14:00:00.000000000,534.26,508.79754
2022-08-17T15:00:00.000000000,535.78,516.93436
2022-08-17T16:00:00.000000000,537.31,522.32639
2022-08-17T17:00:00.000000000,539.32,526.2756
2022-08-17T18:00:00.000000000,542.9,527.65838
2022-08-17T19:00:00.000000000,556.29,526.72977
2022-08-17T20:00:00.000000000,561.69,524.18214
2022-08-17T21:00:00.000000000,558.29,520.57658
2022-08-17T22:00:00.000000000,556.51,515.9782
2022-08-17T23:00:00.000000000,554.04,510.63862
2022-08-15T00:00:00.000000000,538.06,560.5792
2022-08-15T01:00:00.000000000,525.55,550.36936
2022-08-15T02:00:00.000000000,499.94,538.06317
2022-08-15T03:00:00.000000000,462.82,524.84944
2022-08-15T04:00:00.000000000,430.21,511.44805
2022-08-15T05:00:00.000000000,402.42,499.61772
2022-08-15T06:00:00.000000000,381.55,490.0986
2022-08-15T07:00:00.000000000,372.87,483.83062
2022-08-15T08:00:00.000000000,361.5,482.48433
2022-08-15T09:00:00.000000000,366.49,485.51711
2022-08-15T10:00:00.000000000,377.98,491.73108
2022-08-15T11:00:00.000000000,385.55,499.04146
2022-08-15T12:00:00.000000000,396.53,508.81146
2022-08-15T13:00:00.000000000,428.88,518.88037
2022-08-15T14:00:00.000000000,474.58,527.58264
2022-08-15T15:00:00.000000000,498.43,534.41413
2022-08-15T16:00:00.000000000,493.8,538.63556
2022-08-15T17:00:00.000000000,494.32,541.64368
2022-08-15T18:00:00.000000000,512.72,541.6152
2022-08-15T19:00:00.000000000,526.65,538.65461
2022-08-15T20:00:00.000000000,525.47,533.41657
2022-08-15T21:00:00.000000000,517.74,526.48114
2022-08-15T22:00:00.000000000,509.93,518.71939
2022-08-15T23:00:00.000000000,500.59,510.98044
2022-08-16T00:00:00.000000000,489.66,511.83008
2022-08-16T01:00:00.000000000,483.41,501.6154
2022-08-16T02:00:00.000000000,469.81,489.87953
2022-08-16T03:00:00.000000000,440.04,478.60623
2022-08-16T04:00:00.000000000,411.41,468.19456
2022-08-16T05:00:00.000000000,393.55,459.98726
2022-08-16T06:00:00.000000000,370.14,454.74216
2022-08-16T07:00:00.000000000,361.52,452.80683
2022-08-16T08:00:00.000000000,350.49,455.38239
2022-08-16T09:00:00.000000000,350.79,461.4692
2022-08-16T10:00:00.000000000,377.12,469.75614
2022-08-16T11:00:00.000000000,408.97,478.8604
2022-08-16T12:00:00.000000000,436.72,490.43985
2022-08-16T13:00:00.000000000,475.96,502.35615
2022-08-16T14:00:00.000000000,499.98,512.95739
2022-08-16T15:00:00.000000000,517.28,521.61949
2022-08-16T16:00:00.000000000,526.71,527.259
2022-08-16T17:00:00.000000000,533.43,531.27387
2022-08-16T18:00:00.000000000,539.97,532.52156
2022-08-16T19:00:00.000000000,546.68,531.40454
2022-08-16T20:00:00.000000000,544.32,528.70602
2022-08-16T21:00:00.000000000,543.21,525.02911
2022-08-16T22:00:00.000000000,534.35,520.59819
2022-08-16T23:00:00.000000000,506.62,515.69006
2022-08-17T00:00:00.000000000,481.55,520.88525
2022-08-17T01:00:00.000000000,462.31,512.21889
2022-08-17T02:00:00.000000000,458.38,502.27732
2022-08-17T03:00:00.000000000,462.39,492.81828
2022-08-17T04:00:00.000000000,468.9,484.14249
2022-08-17T05:00:00.000000000,487.81,477.67503
2022-08-17T06:00:00.000000000,506.33,474.05555
2022-08-17T07:00:00.000000000,520.74,473.5463
2022-08-17T08:00:00.000000000,524.69,477.10403
2022-08-17T09:00:00.000000000,514.78,483.67015
2022-08-17T10:00:00.000000000,506.66,491.91988
2022-08-17T11:00:00.000000000,507.57,500.26602
2022-08-17T12:00:00.000000000,527.71,510.33052
2022-08-17T13:00:00.000000000,528.12,520.31265
2022-08-17T14:00:00.000000000,534.26,528.80132
2022-08-17T15:00:00.000000000,535.78,535.46145
2022-08-17T16:00:00.000000000,537.31,539.19759
2022-08-17T17:00:00.000000000,539.32,541.82791
2022-08-17T18:00:00.000000000,542.9,542.32945
2022-08-17T19:00:00.000000000,556.29,540.99313
2022-08-17T20:00:00.000000000,561.69,538.2105
2022-08-17T21:00:00.000000000,558.29,534.2485
2022-08-17T22:00:00.000000000,556.51,529.25888
2022-08-17T23:00:00.000000000,554.04,523.63181
2022-08-18T00:00:00.000000000,554.6,533.70363
2022-08-18T01:00:00.000000000,557.65,526.57053
2022-08-18T02:00:00.000000000,556.55,518.72173
2022-08-18T03:00:00.000000000,558.48,511.48639
2022-08-18T04:00:00.000000000,559.1,505.0261
2022-08-18T05:00:00.000000000,562.69,500.51828
2022-08-18T06:00:00.000000000,572.8,498.12857
2022-08-18T07:00:00.000000000,580.15,498.10511
2022-08-18T08:00:00.000000000,582.91,501.52412
2022-08-18T09:00:00.000000000,581.09,507.33404
2022-08-18T10:00:00.000000000,578.51,514.22398
2022-08-18T11:00:00.000000000,571.13,520.55702
2022-08-18T12:00:00.000000000,561.12,528.24361
2022-08-18T13:00:00.000000000,558.15,535.82965
2022-08-18T14:00:00.000000000,565.71,542.02991
2022-08-18T15:00:00.000000000,577.21,546.60708
2022-08-18T16:00:00.000000000,572.59,548.51318
2022-08-18T17:00:00.000000000,564.84,549.64184
2022-08-18T18:00:00.000000000,562.39,548.79719
2022-08-18T19:00:00.000000000,560.67,546.02668
2022-08-18T20:00:00.000000000,553.35,541.79767
2022-08-18T21:00:00.000000000,549.07,536.42976
2022-08-18T22:00:00.000000000,548.89,530.36962
2022-08-18T23:00:00.000000000,545.77,524.08922
2022-08-16T00:00:00.000000000,489.66,513.58015
2022-08-16T01:00:00.000000000,483.41,503.36407
2022-08-16T02:00:00.000000000,469.81,491.72028
2022-08-16T03:00:00.000000000,440.04,480.68579
2022-08-16T04:00:00.000000000,411.41,470.56815
2022-08-16T05:00:00.000000000,393.55,462.60086
2022-08-16T06:00:00.000000000,370.14,457.59548
2022-08-16T07:00:00.000000000,361.52,455.9504
2022-08-16T08:00:00.000000000,350.49,458.69975
2022-08-16T09:00:00.000000000,350.79,464.73078
2022-08-16T10:00:00.000000000,377.12,472.87435
2022-08-16T11:00:00.000000000,408.97,481.83444
2022-08-16T12:00:00.000000000,436.72,493.62912
2022-08-16T13:00:00.000000000,475.96,506.418
2022-08-16T14:00:00.000000000,499.98,518.43731
2022-08-16T15:00:00.000000000,517.28,528.59374
2022-08-16T16:00:00.000000000,526.71,535.45071
2022-08-16T17:00:00.000000000,533.43,540.42389
2022-08-16T18:00:00.000000000,539.97,542.37266
2022-08-16T19:00:00.000000000,546.68,541.60791
2022-08-16T20:00:00.000000000,544.32,538.66886
2022-08-16T21:00:00.000000000,543.21,534.02238
2022-08-16T22:00:00.000000000,534.35,528.21942
2022-08-16T23:00:00.000000000,506.62,521.81449
2022-08-17T00:00:00.000000000,481.55,531.49291
2022-08-17T01:00:00.000000000,462.31,522.65879
2022-08-17T02:00:00.000000000,458.38,513.06421
2022-08-17T03:00:00.000000000,462.39,504.88577
2022-08-17T04:00:00.000000000,468.9,498.14361
2022-08-17T05:00:00.000000000,487.81,493.90589
2022-08-17T06:00:00.000000000,506.33,492.50535
2022-08-17T07:00:00.000000000,520.74,494.08775
2022-08-17T08:00:00.000000000,524.69,499.40396
2022-08-17T09:00:00.000000000,514.78,507.33587
2022-08-17T10:00:00.000000000,506.66,516.70379
2022-08-17T11:00:00.000000000,507.57,525.8113
2022-08-17T12:00:00.000000000,527.71,536.246
2022-08-17T13:00:00.000000000,528.12,546.62166
2022-08-17T14:00:00.000000000,534.26,555.35001
2022-08-17T15:00:00.000000000,535.78,561.64839
2022-08-17T16:00:00.000000000,537.31,564.08533
2022-08-17T17:00:00.000000000,539.32,565.17642
2022-08-17T18:00:00.000000000,542.9,564.48692
2022-08-17T19:00:00.000000000,556.29,562.13628
2022-08-17T20:00:00.000000000,561.69,558.0065
2022-08-17T21:00:00.000000000,558.29,551.95995
2022-08-17T22:00:00.000000000,556.51,544.2235
2022-08-17T23:00:00.000000000,554.04,535.38235
2022-08-18T00:00:00.000000000,554.6,542.97157
2022-08-18T01:00:00.000000000,557.65,538.44598
2022-08-18T02:00:00.000000000,556.55,533.73217
2022-08-18T03:00:00.000000000,558.48,529.79586
2022-08-18T04:00:00.000000000,559.1,526.46128
2022-08-18T05:00:00.000000000,562.69,524.71744
2022-08-18T06:00:00.000000000,572.8,524.41688
2022-08-18T07:00:00.000000000,580.15,525.80319
2022-08-18T08:00:00.000000000,582.91,529.85116
2022-08-18T09:00:00.000000000,581.09,535.39526
2022-08-18T10:00:00.000000000,578.51,541.14768
2022-08-18T11:00:00.000000000,571.13,545.49306
2022-08-18T12:00:00.000000000,561.12,550.38364
2022-08-18T13:00:00.000000000,558.15,554.777
2022-08-18T14:00:00.000000000,565.71,557.82649
2022-08-18T15:00:00.000000000,577.21,559.6505
2022-08-18T16:00:00.000000000,572.59,559.01486
2022-08-18T17:00:00.000000000,564.84,558.25554
2022-08-18T18:00:00.000000000,562.39,556.29
2022-08-18T19:00:00.000000000,560.67,553.07478
2022-08-18T20:00:00.000000000,553.35,548.87784
2022-08-18T21:00:00.000000000,549.07,543.7723
2022-08-18T22:00:00.000000000,548.89,538.05189
2022-08-18T23:00:00.000000000,545.77,532.20551
2022-08-19T00:00:00.000000000,551.5,541.58577
2022-08-19T01:00:00.000000000,556.65,535.9377
2022-08-19T02:00:00.000000000,545.01,529.43573
2022-08-19T03:00:00.000000000,514.44,522.85137
2022-08-19T04:00:00.000000000,475.87,516.29641
2022-08-19T05:00:00.000000000,459.66,511.12054
2022-08-19T06:00:00.000000000,441.65,507.39814
2022-08-19T07:00:00.000000000,422.53,505.58997
2022-08-19T08:00:00.000000000,408.82,507.04749
2022-08-19T09:00:00.000000000,408.8,510.85934
2022-08-19T10:00:00.000000000,421.01,515.73935
2022-08-19T11:00:00.000000000,426.47,520.02904
2022-08-19T12:00:00.000000000,445.34,525.56657
2022-08-19T13:00:00.000000000,449.23,530.72237
2022-08-19T14:00:00.000000000,479.98,534.61901
2022-08-19T15:00:00.000000000,511.73,537.60733
2022-08-19T16:00:00.000000000,518.87,538.90003
2022-08-19T17:00:00.000000000,521.28,540.23684
2022-08-19T18:00:00.000000000,526.15,539.86987
2022-08-19T19:00:00.000000000,529.17,537.8949
2022-08-19T20:00:00.000000000,527.37,534.96672
2022-08-19T21:00:00.000000000,526.4,531.44604
2022-08-19T22:00:00.000000000,520.77,527.57733
2022-08-19T23:00:00.000000000,513.25,523.75123
2022-08-17T00:00:00.000000000,481.55,516.99614
2022-08-17T01:00:00.000000000,462.31,508.50678
2022-08-17T02:00:00.000000000,458.38,499.15533
2022-08-17T03:00:00.000000000,462.39,490.92826
2022-08-17T04:00:00.000000000,468.9,483.63576
2022-08-17T05:00:00.000000000,487.81,478.24124
2022-08-17T06:00:00.000000000,506.33,475.53594
2022-08-17T07:00:00.000000000,520.74,476.02341
2022-08-17T08:00:00.000000000,524.69,480.79477
2022-08-17T09:00:00.000000000,514.78,489.05651
2022-08-17T10:00:00.000000000,506.66,499.51531
2022-08-17T11:00:00.000000000,507.57,510.50749
2022-08-17T12:00:00.000000000,527.71,523.76345
2022-08-17T13:00:00.000000000,528.12,537.72774
2022-08-17T14:00:00.000000000,534.26,550.46847
2022-08-17T15:00:00.000000000,535.78,560.59928
2022-08-17T16:00:00.000000000,537.31,566.63412
2022-08-17T17:00:00.000000000,539.32,570.79286
2022-08-17T18:00:00.000000000,542.9,572.38559
2022-08-17T19:00:00.000000000,556.29,571.1319
2022-08-17T20:00:00.000000000,561.69,566.66704
2022-08-17T21:00:00.000000000,558.29,558.89085
2022-08-17T22:00:00.000000000,556.51,548.60197
2022-08-17T23:00:00.000000000,554.04,536.96479
2022-08-18T00:00:00.000000000,554.6,542.39079
2022-08-18T01:00:00.000000000,557.65,536.7302
2022-08-18T02:00:00.000000000,556.55,530.78874
2022-08-18T03:00:00.000000000,558.48,525.84472
2022-08-18T04:00:00.000000000,559.1,521.77588
2022-08-18T05:00:00.000000000,562.69,519.59336
2022-08-18T06:00:00.000000000,572.8,519.26738
2022-08-18T07:00:00.000000000,580.15,520.9978
2022-08-18T08:00:00.000000000,582.91,525.54887
2022-08-18T09:00:00.000000000,581.09,531.60201
2022-08-18T10:00:00.000000000,578.51,537.98246
2022-08-18T11:00:00.000000000,571.13,543.13102
2022-08-18T12:00:00.000000000,561.12,549.13166
2022-08-18T13:00:00.000000000,558.15,555.00387
2022-08-18T14:00:00.000000000,565.71,559.74124
2022-08-18T15:00:00.000000000,577.21,563.08254
2022-08-18T16:00:00.000000000,572.59,563.54331
2022-08-18T17:00:00.000000000,564.84,563.47081
2022-08-18T18:00:00.000000000,562.39,561.90434
2022-08-18T19:00:00.000000000,560.67,558.86712
2022-08-18T20:00:00.000000000,553.35,554.53992
2022-08-18T21:00:00.000000000,549.07,548.92705
2022-08-18T22:00:00.000000000,548.89,542.39742
2022-08-18T23:00:00.000000000,545.77,535.54024
2022-08-19T00:00:00.000000000,551.5,544.64249
2022-08-19T01:00:00.000000000,556.65,539.80788
2022-08-19T02:00:00.000000000,545.01,534.39613
2022-08-19T03:00:00.000000000,514.44,529.21003
2022-08-19T04:00:00.000000000,475.87,524.2342
2022-08-19T05:00:00.000000000,459.66,520.70873
2022-08-19T06:00:00.000000000,441.65,518.71696
2022-08-19T07:00:00.000000000,422.53,518.60435
2022-08-19T08:00:00.000000000,408.82,521.38544
2022-08-19T09:00:00.000000000,408.8,525.9375
2022-08-19T10:00:00.000000000,421.01,531.00832
2022-08-19T11:00:00.000000000,426.47,534.93029
2022-08-19T12:00:00.000000000,445.34,539.69367
2022-08-19T13:00:00.000000000,449.23,544.10395
2022-08-19T14:00:00.000000000,479.98,547.41177
2022-08-19T15:00:00.000000000,511.73,549.87121
2022-08-19T16:00:00.000000000,518.87,550.32387
2022-08-19T17:00:00.000000000,521.28,550.81323
2022-08-19T18:00:00.000000000,526.15,549.90421
2022-08-19T19:00:00.000000000,529.17,547.63126
2022-08-19T20:00:00.000000000,527.37,544.2836
2022-08-19T21:00:00.000000000,526.4,539.96402
2022-08-19T22:00:00.000000000,520.77,534.99012
2022-08-19T23:00:00.000000000,513.25,529.90007
2022-08-20T00:00:00.000000000,507.36,526.11636
2022-08-20T01:00:00.000000000,496.45,517.64246
2022-08-20T02:00:00.000000000,475.75,507.88516
2022-08-20T03:00:00.000000000,450.2,498.47295
2022-08-20T04:00:00.000000000,440.09,489.66832
2022-08-20T05:00:00.000000000,438.49,482.78765
2022-08-20T06:00:00.000000000,436.74,478.21378
2022-08-20T07:00:00.000000000,428.84,476.42923
2022-08-20T08:00:00.000000000,424.37,478.71665
2022-08-20T09:00:00.000000000,444.67,483.8692
2022-08-20T10:00:00.000000000,454.45,490.58469
2022-08-20T11:00:00.000000000,476.2,497.4298
2022-08-20T12:00:00.000000000,493.38,506.38494
2022-08-20T13:00:00.000000000,504.86,515.53286
2022-08-20T14:00:00.000000000,525.89,523.57618
2022-08-20T15:00:00.000000000,563.21,530.22025
2022-08-20T16:00:00.000000000,570.01,534.52443
2022-08-20T17:00:00.000000000,570.78,538.03065
2022-08-20T18:00:00.000000000,568.61,539.19579
2022-08-20T19:00:00.000000000,569.24,538.28443
2022-08-20T20:00:00.000000000,569.27,536.19196
2022-08-20T21:00:00.000000000,574.15,533.468
2022-08-20T22:00:00.000000000,574.92,530.29656
2022-08-20T23:00:00.000000000,566.56,526.87883
2022-08-18T00:00:00.000000000,554.6,563.64355
2022-08-18T01:00:00.000000000,557.65,561.94083
2022-08-18T02:00:00.000000000,556.55,560.18862
2022-08-18T03:00:00.000000000,558.48,558.80422
2022-08-18T04:00:00.000000000,559.1,557.20535
2022-08-18T05:00:00.000000000,562.69,556.25522
2022-08-18T06:00:00.000000000,572.8,555.65238
2022-08-18T07:00:00.000000000,580.15,556.04125
2022-08-18T08:00:00.000000000,582.91,558.69975
2022-08-18T09:00:00.000000000,581.09,562.44096
2022-08-18T10:00:00.000000000,578.51,566.13252
2022-08-18T11:00:00.000000000,571.13,568.01618
2022-08-18T12:00:00.000000000,561.12,570.38656
2022-08-18T13:00:00.000000000,558.15,572.51194
2022-08-18T14:00:00.000000000,565.71,573.86354
2022-08-18T15:00:00.000000000,577.21,574.60396
2022-08-18T16:00:00.000000000,572.59,573.37523
2022-08-18T17:00:00.000000000,564.84,572.80156
2022-08-18T18:00:00.000000000,562.39,571.32771
2022-08-18T19:00:00.000000000,560.67,568.46686
2022-08-18T20:00:00.000000000,553.35,564.28177
2022-08-18T21:00:00.000000000,549.07,558.70395
2022-08-18T22:00:00.000000000,548.89,552.42555
2022-08-18T23:00:00.000000000,545.77,546.25139
2022-08-19T00:00:00.000000000,551.5,553.56873
2022-08-19T01:00:00.000000000,556.65,550.1781
2022-08-19T02:00:00.000000000,545.01,546.39968
2022-08-19T03:00:00.000000000,514.44,542.67749
2022-08-19T04:00:00.000000000,475.87,538.84686
2022-08-19T05:00:00.000000000,459.66,536.12196
2022-08-19T06:00:00.000000000,441.65,534.38134
2022-08-19T07:00:00.000000000,422.53,534.01098
2022-08-19T08:00:00.000000000,408.82,536.08256
2022-08-19T09:00:00.000000000,408.8,539.42861
2022-08-19T10:00:00.000000000,421.01,542.92347
2022-08-19T11:00:00.000000000,426.47,544.90591
2022-08-19T12:00:00.000000000,445.34,547.49968
2022-08-19T13:00:00.000000000,449.23,549.59095
2022-08-19T14:00:00.000000000,479.98,550.70092
2022-08-19T15:00:00.000000000,511.73,551.42744
2022-08-19T16:00:00.000000000,518.87,550.66683
2022-08-19T17:00:00.000000000,521.28,550.56944
2022-08-19T18:00:00.000000000,526.15,549.47036
2022-08-19T19:00:00.000000000,529.17,547.43367
2022-08-19T20:00:00.000000000,527.37,544.78352
2022-08-19T21:00:00.000000000,526.4,541.58037
2022-08-19T22:00:00.000000000,520.77,538.05468
2022-08-19T23:00:00.000000000,513.25,534.65358
2022-08-20T00:00:00.000000000,507.36,539.08594
2022-08-20T01:00:00.000000000,496.45,532.19468
2022-08-20T02:00:00.000000000,475.75,524.57171
2022-08-20T03:00:00.000000000,450.2,517.46903
2022-08-20T04:00:00.000000000,440.09,510.82876
2022-08-20T05:00:00.000000000,438.49,505.77258
2022-08-20T06:00:00.000000000,436.74,502.55716
2022-08-20T07:00:00.000000000,428.84,501.65777
2022-08-20T08:00:00.000000000,424.37,504.23417
2022-08-20T09:00:00.000000000,444.67,508.95939
2022-08-20T10:00:00.000000000,454.45,514.72997
2022-08-20T11:00:00.000000000,476.2,519.93854
2022-08-20T12:00:00.000000000,493.38,526.69328
2022-08-20T13:00:00.000000000,504.86,533.50518
2022-08-20T14:00:00.000000000,525.89,539.26105
2022-08-20T15:00:00.000000000,563.21,543.80372
2022-08-20T16:00:00.000000000,570.01,545.9252
2022-08-20T17:00:00.000000000,570.78,547.58064
2022-08-20T18:00:00.000000000,568.61,547.39989
2022-08-20T19:00:00.000000000,569.24,545.59631
2022-08-20T20:00:00.000000000,569.27,542.68037
2022-08-20T21:00:00.000000000,574.15,538.97834
2022-08-20T22:00:00.000000000,574.92,534.92087
2022-08-20T23:00:00.000000000,566.56,530.92491
2022-08-21T00:00:00.000000000,542.01,528.74293
2022-08-21T01:00:00.000000000,533.15,521.41116
2022-08-21T02:00:00.000000000,531.95,513.13316
2022-08-21T03:00:00.000000000,529.28,505.64161
2022-08-21T04:00:00.000000000,511.39,499.01458
2022-08-21T05:00:00.000000000,507.12,494.57483
2022-08-21T06:00:00.000000000,523.35,492.69975
2022-08-21T07:00:00.000000000,542.22,493.57376
2022-08-21T08:00:00.000000000,549.91,498.08284
2022-08-21T09:00:00.000000000,547.23,504.90743
2022-08-21T10:00:00.000000000,560.02,512.70036
2022-08-21T11:00:00.000000000,565.06,519.74012
2022-08-21T12:00:00.000000000,562.8,528.03519
2022-08-21T13:00:00.000000000,563.95,536.26731
2022-08-21T14:00:00.000000000,575.58,543.27292
2022-08-21T15:00:00.000000000,575.41,548.8076
2022-08-21T16:00:00.000000000,572.97,551.6608
2022-08-21T17:00:00.000000000,574.26,553.99499
2022-08-21T18:00:00.000000000,574.25,554.75815
2022-08-21T19:00:00.000000000,577.97,553.90203
2022-08-21T20:00:00.000000000,575.78,551.52121
2022-08-21T21:00:00.000000000,569.55,547.64965
2022-08-21T22:00:00.000000000,568.0,542.59791
2022-08-21T23:00:00.000000000,567.8,536.79052
2022-08-19T00:00:00.000000000,551.5,560.82138
2022-08-19T01:00:00.000000000,556.65,557.64109
2022-08-19T02:00:00.000000000,545.01,554.02932
2022-08-19T03:00:00.000000000,514.44,550.51717
2022-08-19T04:00:00.000000000,475.87,546.93474
2022-08-19T05:00:00.000000000,459.66,544.48532
2022-08-19T06:00:00.000000000,441.65,543.00005
2022-08-19T07:00:00.000000000,422.53,542.96146
2022-08-19T08:00:00.000000000,408.82,545.41682
2022-08-19T09:00:00.000000000,408.8,549.0778
2022-08-19T10:00:00.000000000,421.01,552.81484
2022-08-19T11:00:00.000000000,426.47,554.85423
2022-08-19T12:00:00.000000000,445.34,557.44053
2022-08-19T13:00:00.000000000,449.23,559.6517
2022-08-19T14:00:00.000000000,479.98,561.00558
2022-08-19T15:00:00.000000000,511.73,561.90698
2022-08-19T16:00:00.000000000,518.87,561.13524
2022-08-19T17:00:00.000000000,521.28,561.00075
2022-08-19T18:00:00.000000000,526.15,559.82261
2022-08-19T19:00:00.000000000,529.17,557.48434
2022-08-19T20:00:00.000000000,527.37,554.22084
2022-08-19T21:00:00.000000000,526.4,550.04497
2022-08-19T22:00:00.000000000,520.77,545.40305
2022-08-19T23:00:00.000000000,513.25,540.86395
2022-08-20T00:00:00.000000000,507.36,548.67794
2022-08-20T01:00:00.000000000,496.45,542.93992
2022-08-20T02:00:00.000000000,475.75,536.6837
2022-08-20T03:00:00.000000000,450.2,530.909
2022-08-20T04:00:00.000000000,440.09,525.44589
2022-08-20T05:00:00.000000000,438.49,521.3991
2022-08-20T06:00:00.000000000,436.74,518.89375
2022-08-20T07:00:00.000000000,428.84,518.37549
2022-08-20T08:00:00.000000000,424.37,520.92645
2022-08-20T09:00:00.000000000,444.67,525.15567
2022-08-20T10:00:00.000000000,454.45,530.05564
2022-08-20T11:00:00.000000000,476.2,533.94665
2022-08-20T12:00:00.000000000,493.38,539.10563
2022-08-20T13:00:00.000000000,504.86,544.32164
2022-08-20T14:00:00.000000000,525.89,548.65586
2022-08-20T15:00:00.000000000,563.21,552.05717
2022-08-20T16:00:00.000000000,570.01,553.20008
2022-08-20T17:00:00.000000000,570.78,554.21658
2022-08-20T18:00:00.000000000,568.61,553.66514
2022-08-20T19:00:00.000000000,569.24,551.65228
2022-08-20T20:00:00.000000000,569.27,548.51999
2022-08-20T21:00:00.000000000,574.15,544.47434
2022-08-20T22:00:00.000000000,574.92,540.0758
2022-08-20T23:00:00.000000000,566.56,535.8466
2022-08-21T00:00:00.000000000,542.01,539.01999
2022-08-21T01:00:00.000000000,533.15,531.88376
2022-08-21T02:00:00.000000000,531.95,523.86976
2022-08-21T03:00:00.000000000,529.28,516.62935
2022-08-21T04:00:00.000000000,511.39,510.22601
2022-08-21T05:00:00.000000000,507.12,506.00906
2022-08-21T06:00:00.000000000,523.35,504.32238
2022-08-21T07:00:00.000000000,542.22,505.4012
2022-08-21T08:00:00.000000000,549.91,509.90954
2022-08-21T09:00:00.000000000,547.23,516.27501
2022-08-21T10:00:00.000000000,560.02,523.2751
2022-08-21T11:00:00.000000000,565.06,529.17588
2022-08-21T12:00:00.000000000,562.8,536.14942
2022-08-21T13:00:00.000000000,563.95,543.12709
2022-08-21T14:00:00.000000000,575.58,549.11401
2022-08-21T15:00:00.000000000,575.41,553.86315
2022-08-21T16:00:00.000000000,572.97,555.92801
2022-08-21T17:00:00.000000000,574.26,557.55851
2022-08-21T18:00:00.000000000,574.25,557.69396
2022-08-21T19:00:00.000000000,577.97,556.39325
2022-08-21T20:00:00.000000000,575.78,553.69791
2022-08-21T21:00:00.000000000,569.55,549.53346
2022-08-21T22:00:00.000000000,568.0,544.26112
2022-08-21T23:00:00.000000000,567.8,538.40371
2022-08-22T00:00:00.000000000,572.82,538.19148
2022-08-22T01:00:00.000000000,574.61,531.13918
2022-08-22T02:00:00.000000000,562.4,523.17423
2022-08-22T03:00:00.000000000,546.3,515.88455
2022-08-22T04:00:00.000000000,544.63,509.2808
2022-08-22T05:00:00.000000000,547.6,504.62985
2022-08-22T06:00:00.000000000,548.28,502.29611
2022-08-22T07:00:00.000000000,551.19,502.63025
2022-08-22T08:00:00.000000000,550.96,506.63044
2022-08-22T09:00:00.000000000,555.16,513.17901
2022-08-22T10:00:00.000000000,562.42,520.98514
2022-08-22T11:00:00.000000000,565.4,528.20301
2022-08-22T12:00:00.000000000,565.44,536.60676
2022-08-22T13:00:00.000000000,568.3,544.89007
2022-08-22T14:00:00.000000000,577.35,551.82685
2022-08-22T15:00:00.000000000,581.17,557.06258
2022-08-22T16:00:00.000000000,567.94,559.34739
2022-08-22T17:00:00.000000000,560.13,561.0184
2022-08-22T18:00:00.000000000,550.95,561.07694
2022-08-22T19:00:00.000000000,545.63,559.40185
2022-08-22T20:00:00.000000000,549.96,555.93308
2022-08-22T21:00:00.000000000,552.12,550.63017
2022-08-22T22:00:00.000000000,550.18,543.93256
2022-08-22T23:00:00.000000000,548.32,536.50294
2022-08-20T00:00:00.000000000,507.36,527.72955
2022-08-20T01:00:00.000000000,496.45,520.84831
2022-08-20T02:00:00.000000000,475.75,513.18366
2022-08-20T03:00:00.000000000,450.2,506.20937
2022-08-20T04:00:00.000000000,440.09,499.92687
2022-08-20T05:00:00.000000000,438.49,495.50153
2022-08-20T06:00:00.000000000,436.74,493.28789
2022-08-20T07:00:00.000000000,428.84,493.54306
2022-08-20T08:00:00.000000000,424.37,497.10592
2022-08-20T09:00:00.000000000,444.67,502.49934
2022-08-20T10:00:00.000000000,454.45,508.57636
2022-08-20T11:00:00.000000000,476.2,513.91451
2022-08-20T12:00:00.000000000,493.38,521.05406
2022-08-20T13:00:00.000000000,504.86,528.8201
2022-08-20T14:00:00.000000000,525.89,536.0468
2022-08-20T15:00:00.000000000,563.21,542.24874
2022-08-20T16:00:00.000000000,570.01,545.96496
2022-08-20T17:00:00.000000000,570.78,549.00104
2022-08-20T18:00:00.000000000,568.61,550.02726
2022-08-20T19:00:00.000000000,569.24,549.11152
2022-08-20T20:00:00.000000000,569.27,546.57101
2022-08-20T21:00:00.000000000,574.15,542.60806
2022-08-20T22:00:00.000000000,574.92,537.83981
2022-08-20T23:00:00.000000000,566.56,532.80373
2022-08-21T00:00:00.000000000,542.01,535.19908
2022-08-21T01:00:00.000000000,533.15,527.64626
2022-08-21T02:00:00.000000000,531.95,519.30936
2022-08-21T03:00:00.000000000,529.28,512.07936
2022-08-21T04:00:00.000000000,511.39,505.92276
2022-08-21T05:00:00.000000000,507.12,502.04214
2022-08-21T06:00:00.000000000,523.35,500.80717
2022-08-21T07:00:00.000000000,542.22,502.3875
2022-08-21T08:00:00.000000000,549.91,507.41425
2022-08-21T09:00:00.000000000,547.23,514.38082
2022-08-21T10:00:00.000000000,560.02,522.10729
2022-08-21T11:00:00.000000000,565.06,528.91615
2022-08-21T12:00:00.000000000,562.8,537.03803
2022-08-21T13:00:00.000000000,563.95,545.47131
2022-08-21T14:00:00.000000000,575.58,552.98902
2022-08-21T15:00:00.000000000,575.41,558.97106
2022-08-21T16:00:00.000000000,572.97,561.81075
2022-08-21T17:00:00.000000000,574.26,563.8577
2022-08-21T18:00:00.000000000,574.25,564.25528
2022-08-21T19:00:00.000000000,577.97,562.9657
2022-08-21T20:00:00.000000000,575.78,559.86357
2022-08-21T21:00:00.000000000,569.55,554.80655
2022-08-21T22:00:00.000000000,568.0,548.29345
2022-08-21T23:00:00.000000000,567.8,540.94866
2022-08-22T00:00:00.000000000,572.82,540.46158
2022-08-22T01:00:00.000000000,574.61,535.1806
2022-08-22T02:00:00.000000000,562.4,529.46627
2022-08-22T03:00:00.000000000,546.3,524.58551
2022-08-22T04:00:00.000000000,544.63,520.22735
2022-08-22T05:00:00.000000000,547.6,517.41208
2022-08-22T06:00:00.000000000,548.28,516.36908
2022-08-22T07:00:00.000000000,551.19,517.44076
2022-08-22T08:00:00.000000000,550.96,521.66927
2022-08-22T09:00:00.000000000,555.16,527.996
2022-08-22T10:00:00.000000000,562.42,535.18939
2022-08-22T11:00:00.000000000,565.4,541.40663
2022-08-22T12:00:00.000000000,565.44,548.52474
2022-08-22T13:00:00.000000000,568.3,555.53224
2022-08-22T14:00:00.000000000,577.35,561.26114
2022-08-22T15:00:00.000000000,581.17,565.36068
2022-08-22T16:00:00.000000000,567.94,566.43068
2022-08-22T17:00:00.000000000,560.13,567.07472
2022-08-22T18:00:00.000000000,550.95,566.42696
2022-08-22T19:00:00.000000000,545.63,564.19848
2022-08-22T20:00:00.000000000,549.96,560.12129
2022-08-22T21:00:00.000000000,552.12,554.07184
2022-08-22T22:00:00.000000000,550.18,546.68407
2022-08-22T23:00:00.000000000,548.32,538.78589
2022-08-23T00:00:00.000000000,547.67,540.84685
2022-08-23T01:00:00.000000000,547.79,533.60908
2022-08-23T02:00:00.000000000,538.99,525.40544
2022-08-23T03:00:00.000000000,516.89,517.48505
2022-08-23T04:00:00.000000000,500.7,510.07262
2022-08-23T05:00:00.000000000,498.85,504.42314
2022-08-23T06:00:00.000000000,499.59,500.82505
2022-08-23T07:00:00.000000000,501.64,499.65991
2022-08-23T08:00:00.000000000,521.37,502.12745
2022-08-23T09:00:00.000000000,539.0,507.31691
2022-08-23T10:00:00.000000000,556.57,513.93362
2022-08-23T11:00:00.000000000,566.19,520.18945
2022-08-23T12:00:00.000000000,570.03,527.88306
2022-08-23T13:00:00.000000000,573.67,535.51921
2022-08-23T14:00:00.000000000,584.35,541.80673
2022-08-23T15:00:00.000000000,596.68,546.50914
2022-08-23T16:00:00.000000000,592.94,548.64782
2022-08-23T17:00:00.000000000,582.72,550.10171
2022-08-23T18:00:00.000000000,574.27,549.5626
2022-08-23T19:00:00.000000000,569.42,546.97969
2022-08-23T20:00:00.000000000,566.75,542.67719
2022-08-23T21:00:00.000000000,562.55,536.92131
2022-08-23T22:00:00.000000000,561.0,530.25977
2022-08-23T23:00:00.000000000,556.49,523.30415
2022-08-21T00:00:00.000000000,542.01,565.78964
2022-08-21T01:00:00.000000000,533.15,559.75483
2022-08-21T02:00:00.000000000,531.95,553.05405
2022-08-21T03:00:00.000000000,529.28,547.01269
2022-08-21T04:00:00.000000000,511.39,541.55708
2022-08-21T05:00:00.000000000,507.12,537.93343
2022-08-21T06:00:00.000000000,523.35,536.24891
2022-08-21T07:00:00.000000000,542.22,536.91555
2022-08-21T08:00:00.000000000,549.91,540.62133
2022-08-21T09:00:00.000000000,547.23,545.64528
2022-08-21T10:00:00.000000000,560.02,551.02726
2022-08-21T11:00:00.000000000,565.06,554.86767
2022-08-21T12:00:00.000000000,562.8,559.6355
2022-08-21T13:00:00.000000000,563.95,564.68994
2022-08-21T14:00:00.000000000,575.58,569.20578
2022-08-21T15:00:00.000000000,575.41,572.7981
2022-08-21T16:00:00.000000000,572.97,573.69602
2022-08-21T17:00:00.000000000,574.26,574.42333
2022-08-21T18:00:00.000000000,574.25,573.70289
2022-08-21T19:00:00.000000000,577.97,571.40201
2022-08-21T20:00:00.000000000,575.78,567.44835
2022-08-21T21:00:00.000000000,569.55,561.72212
2022-08-21T22:00:00.000000000,568.0,555.01017
2022-08-21T23:00:00.000000000,567.8,548.08407
2022-08-22T00:00:00.000000000,572.82,548.30707
2022-08-22T01:00:00.000000000,574.61,543.12607
2022-08-22T02:00:00.000000000,562.4,537.6214
2022-08-22T03:00:00.000000000,546.3,533.16326
2022-08-22T04:00:00.000000000,544.63,529.36198
2022-08-22T05:00:00.000000000,547.6,527.20262
2022-08-22T06:00:00.000000000,548.28,526.83506
2022-08-22T07:00:00.000000000,551.19,528.54885
2022-08-22T08:00:00.000000000,550.96,533.19315
2022-08-22T09:00:00.000000000,555.16,539.42963
2022-08-22T10:00:00.000000000,562.42,546.15024
2022-08-22T11:00:00.000000000,565.4,551.56088
2022-08-22T12:00:00.000000000,565.44,557.895
2022-08-22T13:00:00.000000000,568.3,564.45403
2022-08-22T14:00:00.000000000,577.35,570.11501
2022-08-22T15:00:00.000000000,581.17,574.31525
2022-08-22T16:00:00.000000000,567.94,575.32205
2022-08-22T17:00:00.000000000,560.13,575.87491
2022-08-22T18:00:00.000000000,550.95,575.12144
2022-08-22T19:00:00.000000000,545.63,572.72909
2022-08-22T20:00:00.000000000,549.96,568.39707
2022-08-22T21:00:00.000000000,552.12,561.96153
2022-08-22T22:00:00.000000000,550.18,554.2384
2022-08-22T23:00:00.000000000,548.32,546.06956
2022-08-23T00:00:00.000000000,547.67,544.28165
2022-08-23T01:00:00.000000000,547.79,538.30418
2022-08-23T02:00:00.000000000,538.99,531.65386
2022-08-23T03:00:00.000000000,516.89,525.48003
2022-08-23T04:00:00.000000000,500.7,519.75875
2022-08-23T05:00:00.000000000,498.85,515.59137
2022-08-23T06:00:00.000000000,499.59,513.10763
2022-08-23T07:00:00.000000000,501.64,512.68944
2022-08-23T08:00:00.000000000,521.37,515.5457
2022-08-23T09:00:00.000000000,539.0,520.76073
2022-08-23T10:00:00.000000000,556.57,527.07267
2022-08-23T11:00:00.000000000,566.19,532.67705
2022-08-23T12:00:00.000000000,570.03,539.36001
2022-08-23T13:00:00.000000000,573.67,545.81895
2022-08-23T14:00:00.000000000,584.35,550.91438
2022-08-23T15:00:00.000000000,596.68,554.51748
2022-08-23T16:00:00.000000000,592.94,555.57986
2022-08-23T17:00:00.000000000,582.72,556.29684
2022-08-23T18:00:00.000000000,574.27,555.47403
2022-08-23T19:00:00.000000000,569.42,552.94534
2022-08-23T20:00:00.000000000,566.75,548.83241
2022-08-23T21:00:00.000000000,562.55,543.22257
2022-08-23T22:00:00.000000000,561.0,536.58894
2022-08-23T23:00:00.000000000,556.49,529.58582
2022-08-24T00:00:00.000000000,556.86,529.96317
2022-08-24T01:00:00.000000000,557.27,521.69378
2022-08-24T02:00:00.000000000,548.15,512.34341
2022-08-24T03:00:00.000000000,534.25,503.404
2022-08-24T04:00:00.000000000,525.01,495.24465
2022-08-24T05:00:00.000000000,520.03,489.18433
2022-08-24T06:00:00.000000000,521.17,485.65346
2022-08-24T07:00:00.000000000,524.65,484.89059
2022-08-24T08:00:00.000000000,531.95,488.00982
2022-08-24T09:00:00.000000000,539.29,494.10708
2022-08-24T10:00:00.000000000,549.76,501.77596
2022-08-24T11:00:00.000000000,552.87,509.30049
2022-08-24T12:00:00.000000000,567.21,518.36613
2022-08-24T13:00:00.000000000,584.79,527.32721
2022-08-24T14:00:00.000000000,595.21,534.73441
2022-08-24T15:00:00.000000000,609.89,540.28673
2022-08-24T16:00:00.000000000,608.71,543.05232
2022-08-24T17:00:00.000000000,606.52,544.76078
2022-08-24T18:00:00.000000000,602.99,544.27292
2022-08-24T19:00:00.000000000,599.56,541.64206
2022-08-24T20:00:00.000000000,595.65,537.29197
2022-08-24T21:00:00.000000000,593.41,531.59277
2022-08-24T22:00:00.000000000,589.6,524.99412
2022-08-24T23:00:00.000000000,588.23,518.00066
2022-08-22T00:00:00.000000000,572.82,573.35537
2022-08-22T01:00:00.000000000,574.61,567.01705
2022-08-22T02:00:00.000000000,562.4,559.99635
2022-08-22T03:00:00.000000000,546.3,553.70538
2022-08-22T04:00:00.000000000,544.63,547.9197
2022-08-22T05:00:00.000000000,547.6,543.75553
2022-08-22T06:00:00.000000000,548.28,541.39469
2022-08-22T07:00:00.000000000,551.19,541.44999
2022-08-22T08:00:00.000000000,550.96,544.85835
2022-08-22T09:00:00.000000000,555.16,550.11935
2022-08-22T10:00:00.000000000,562.42,556.2831
2022-08-22T11:00:00.000000000,565.4,561.22525
2022-08-22T12:00:00.000000000,565.44,567.22643
2022-08-22T13:00:00.000000000,568.3,573.67751
2022-08-22T14:00:00.000000000,577.35,579.48263
2022-08-22T15:00:00.000000000,581.17,583.87613
2022-08-22T16:00:00.000000000,567.94,585.00662
2022-08-22T17:00:00.000000000,560.13,585.66678
2022-08-22T18:00:00.000000000,550.95,584.74362
2022-08-22T19:00:00.000000000,545.63,581.82432
2022-08-22T20:00:00.000000000,549.96,576.56737
2022-08-22T21:00:00.000000000,552.12,568.7983
2022-08-22T22:00:00.000000000,550.18,559.66809
2022-08-22T23:00:00.000000000,548.32,550.23217
2022-08-23T00:00:00.000000000,547.67,552.76506
2022-08-23T01:00:00.000000000,547.79,547.58697
2022-08-23T02:00:00.000000000,538.99,541.86056
2022-08-23T03:00:00.000000000,516.89,536.63896
2022-08-23T04:00:00.000000000,500.7,531.72365
2022-08-23T05:00:00.000000000,498.85,528.17066
2022-08-23T06:00:00.000000000,499.59,526.0574
2022-08-23T07:00:00.000000000,501.64,525.86984
2022-08-23T08:00:00.000000000,521.37,528.81902
2022-08-23T09:00:00.000000000,539.0,533.89582
2022-08-23T10:00:00.000000000,556.57,539.91353
2022-08-23T11:00:00.000000000,566.19,544.97289
2022-08-23T12:00:00.000000000,570.03,550.95633
2022-08-23T13:00:00.000000000,573.67,556.77249
2022-08-23T14:00:00.000000000,584.35,561.38993
2022-08-23T15:00:00.000000000,596.68,564.62951
2022-08-23T16:00:00.000000000,592.94,565.25764
2022-08-23T17:00:00.000000000,582.72,565.72177
2022-08-23T18:00:00.000000000,574.27,564.80936
2022-08-23T19:00:00.000000000,569.42,562.22573
2022-08-23T20:00:00.000000000,566.75,557.92698
2022-08-23T21:00:00.000000000,562.55,551.89184
2022-08-23T22:00:00.000000000,561.0,544.74283
2022-08-23T23:00:00.000000000,556.49,537.26928
2022-08-24T00:00:00.000000000,556.86,538.60411
2022-08-24T01:00:00.000000000,557.27,531.58098
2022-08-24T02:00:00.000000000,548.15,523.66269
2022-08-24T03:00:00.000000000,534.25,516.13858
2022-08-24T04:00:00.000000000,525.01,509.19088
2022-08-24T05:00:00.000000000,520.03,504.08141
2022-08-24T06:00:00.000000000,521.17,501.11107
2022-08-24T07:00:00.000000000,524.65,500.6025
2022-08-24T08:00:00.000000000,531.95,503.64534
2022-08-24T09:00:00.000000000,539.29,509.27807
2022-08-24T10:00:00.000000000,549.76,516.21707
2022-08-24T11:00:00.000000000,552.87,522.68931
2022-08-24T12:00:00.000000000,567.21,530.42003
2022-08-24T13:00:00.000000000,584.79,537.9529
2022-08-24T14:00:00.000000000,595.21,544.05643
2022-08-24T15:00:00.000000000,609.89,548.55051
2022-08-24T16:00:00.000000000,608.71,550.36792
2022-08-24T17:00:00.000000000,606.52,551.5201
2022-08-24T18:00:00.000000000,602.99,550.83618
2022-08-24T19:00:00.000000000,599.56,548.33885
2022-08-24T20:00:00.000000000,595.65,544.28885
2022-08-24T21:00:00.000000000,593.41,538.88926
2022-08-24T22:00:00.000000000,589.6,532.55709
2022-08-24T23:00:00.000000000,588.23,525.86417
2022-08-25T00:00:00.000000000,584.03,521.73657
2022-08-25T01:00:00.000000000,580.67,512.51054
2022-08-25T02:00:00.000000000,571.0,502.16567
2022-08-25T03:00:00.000000000,555.09,492.64517
2022-08-25T04:00:00.000000000,543.64,484.32694
2022-08-25T05:00:00.000000000,524.75,478.48749
2022-08-25T06:00:00.000000000,505.38,475.55715
2022-08-25T07:00:00.000000000,515.17,475.65257
2022-08-25T08:00:00.000000000,527.24,479.75181
2022-08-25T09:00:00.000000000,535.87,486.8796
2022-08-25T10:00:00.000000000,548.92,495.62764
2022-08-25T11:00:00.000000000,562.87,504.47397
2022-08-25T12:00:00.000000000,570.68,515.14059
2022-08-25T13:00:00.000000000,578.44,525.90623
2022-08-25T14:00:00.000000000,588.7,535.13637
2022-08-25T15:00:00.000000000,605.89,542.22194
2022-08-25T16:00:00.000000000,601.54,546.12882
2022-08-25T17:00:00.000000000,596.86,548.62756
2022-08-25T18:00:00.000000000,595.96,548.76448
2022-08-25T19:00:00.000000000,591.35,546.65131
2022-08-25T20:00:00.000000000,584.42,542.76448
2022-08-25T21:00:00.000000000,577.39,537.44821
2022-08-25T22:00:00.000000000,573.7,530.96007
2022-08-25T23:00:00.000000000,572.66,523.68474
2022-08-23T00:00:00.000000000,547.67,556.64496
2022-08-23T01:00:00.000000000,547.79,552.88485
2022-08-23T02:00:00.000000000,538.99,548.75812
2022-08-23T03:00:00.000000000,516.89,545.06158
2022-08-23T04:00:00.000000000,500.7,541.46736
2022-08-23T05:00:00.000000000,498.85,538.95998
2022-08-23T06:00:00.000000000,499.59,537.45055
2022-08-23T07:00:00.000000000,501.64,537.43416
2022-08-23T08:00:00.000000000,521.37,540.16977
2022-08-23T09:00:00.000000000,539.0,544.61903
2022-08-23T10:00:00.000000000,556.57,549.59635
2022-08-23T11:00:00.000000000,566.19,553.24245
2022-08-23T12:00:00.000000000,570.03,557.59398
2022-08-23T13:00:00.000000000,573.67,561.71303
2022-08-23T14:00:00.000000000,584.35,564.78557
2022-08-23T15:00:00.000000000,596.68,566.84344
2022-08-23T16:00:00.000000000,592.94,566.65794
2022-08-23T17:00:00.000000000,582.72,566.7305
2022-08-23T18:00:00.000000000,574.27,565.70059
2022-08-23T19:00:00.000000000,569.42,563.18174
2022-08-23T20:00:00.000000000,566.75,559.16081
2022-08-23T21:00:00.000000000,562.55,553.6051
2022-08-23T22:00:00.000000000,561.0,547.12834
2022-08-23T23:00:00.000000000,556.49,540.46791
2022-08-24T00:00:00.000000000,556.86,544.65642
2022-08-24T01:00:00.000000000,557.27,537.92365
2022-08-24T02:00:00.000000000,548.15,530.37934
2022-08-24T03:00:00.000000000,534.25,523.28507
2022-08-24T04:00:00.000000000,525.01,516.7557
2022-08-24T05:00:00.000000000,520.03,511.99775
2022-08-24T06:00:00.000000000,521.17,509.22229
2022-08-24T07:00:00.000000000,524.65,508.80018
2022-08-24T08:00:00.000000000,531.95,511.85852
2022-08-24T09:00:00.000000000,539.29,517.43812
2022-08-24T10:00:00.000000000,549.76,524.27609
2022-08-24T11:00:00.000000000,552.87,530.51914
2022-08-24T12:00:00.000000000,567.21,537.85199
2022-08-24T13:00:00.000000000,584.79,544.89652
2022-08-24T14:00:00.000000000,595.21,550.45937
2022-08-24T15:00:00.000000000,609.89,554.3778
2022-08-24T16:00:00.000000000,608.71,555.57509
2022-08-24T17:00:00.000000000,606.52,556.22135
2022-08-24T18:00:00.000000000,602.99,555.17715
2022-08-24T19:00:00.000000000,599.56,552.39891
2022-08-24T20:00:00.000000000,595.65,548.06568
2022-08-24T21:00:00.000000000,593.41,542.31484
2022-08-24T22:00:00.000000000,589.6,535.58951
2022-08-24T23:00:00.000000000,588.23,528.50412
2022-08-25T00:00:00.000000000,584.03,529.89037
2022-08-25T01:00:00.000000000,580.67,522.05688
2022-08-25T02:00:00.000000000,571.0,513.3603
2022-08-25T03:00:00.000000000,555.09,505.43601
2022-08-25T04:00:00.000000000,543.64,498.49362
2022-08-25T05:00:00.000000000,524.75,493.72405
2022-08-25T06:00:00.000000000,505.38,491.42851
2022-08-25T07:00:00.000000000,515.17,491.76568
2022-08-25T08:00:00.000000000,527.24,495.68822
2022-08-25T09:00:00.000000000,535.87,502.14419
2022-08-25T10:00:00.000000000,548.92,509.85931
2022-08-25T11:00:00.000000000,562.87,517.21986
2022-08-25T12:00:00.000000000,570.68,526.06415
2022-08-25T13:00:00.000000000,578.44,534.91997
2022-08-25T14:00:00.000000000,588.7,542.36999
2022-08-25T15:00:00.000000000,605.89,547.98055
2022-08-25T16:00:00.000000000,601.54,550.60346
2022-08-25T17:00:00.000000000,596.86,552.22094
2022-08-25T18:00:00.000000000,595.96,551.84059
2022-08-25T19:00:00.000000000,591.35,549.53568
2022-08-25T20:00:00.000000000,584.42,545.62437
2022-08-25T21:00:00.000000000,577.39,540.33963
2022-08-25T22:00:00.000000000,573.7,534.039
2022-08-25T23:00:00.000000000,572.66,527.19053
2022-08-26T00:00:00.000000000,572.23,530.34379
2022-08-26T01:00:00.000000000,570.07,522.16922
2022-08-26T02:00:00.000000000,556.13,512.98037
2022-08-26T03:00:00.000000000,533.06,503.91494
2022-08-26T04:00:00.000000000,508.89,495.37469
2022-08-26T05:00:00.000000000,486.46,488.72912
2022-08-26T06:00:00.000000000,462.84,484.34938
2022-08-26T07:00:00.000000000,447.05,482.54281
2022-08-26T08:00:00.000000000,441.37,484.64065
2022-08-26T09:00:00.000000000,441.67,489.77202
2022-08-26T10:00:00.000000000,455.72,496.45684
2022-08-26T11:00:00.000000000,470.51,502.90183
2022-08-26T12:00:00.000000000,483.1,510.72605
2022-08-26T13:00:00.000000000,494.98,518.14466
2022-08-26T14:00:00.000000000,521.43,523.92058
2022-08-26T15:00:00.000000000,548.72,528.16712
2022-08-26T16:00:00.000000000,541.0,530.19583
2022-08-26T17:00:00.000000000,531.76,531.33502
2022-08-26T18:00:00.000000000,524.72,530.06561
2022-08-26T19:00:00.000000000,515.13,526.49293
2022-08-26T20:00:00.000000000,510.75,521.36888
2022-08-26T21:00:00.000000000,503.25,515.32216
2022-08-26T22:00:00.000000000,492.65,508.89925
2022-08-26T23:00:00.000000000,482.76,502.63127
2022-08-24T00:00:00.000000000,556.86,560.13653
2022-08-24T01:00:00.000000000,557.27,555.17739
2022-08-24T02:00:00.000000000,548.15,549.8385
2022-08-24T03:00:00.000000000,534.25,545.06206
2022-08-24T04:00:00.000000000,525.01,540.44228
2022-08-24T05:00:00.000000000,520.03,536.85779
2022-08-24T06:00:00.000000000,521.17,534.37906
2022-08-24T07:00:00.000000000,524.65,533.6679
2022-08-24T08:00:00.000000000,531.95,536.1694
2022-08-24T09:00:00.000000000,539.29,541.01557
2022-08-24T10:00:00.000000000,549.76,547.05239
2022-08-24T11:00:00.000000000,552.87,552.25767
2022-08-24T12:00:00.000000000,567.21,558.45082
2022-08-24T13:00:00.000000000,584.79,564.57634
2022-08-24T14:00:00.000000000,595.21,569.49464
2022-08-24T15:00:00.000000000,609.89,572.84221
2022-08-24T16:00:00.000000000,608.71,573.33881
2022-08-24T17:00:00.000000000,606.52,573.58404
2022-08-24T18:00:00.000000000,602.99,572.39267
2022-08-24T19:00:00.000000000,599.56,569.25721
2022-08-24T20:00:00.000000000,595.65,563.98223
2022-08-24T21:00:00.000000000,593.41,556.51678
2022-08-24T22:00:00.000000000,589.6,547.74339
2022-08-24T23:00:00.000000000,588.23,538.68768
2022-08-25T00:00:00.000000000,584.03,535.43963
2022-08-25T01:00:00.000000000,580.67,528.41506
2022-08-25T02:00:00.000000000,571.0,520.7438
2022-08-25T03:00:00.000000000,555.09,514.05982
2022-08-25T04:00:00.000000000,543.64,508.33998
2022-08-25T05:00:00.000000000,524.75,504.59615
2022-08-25T06:00:00.000000000,505.38,503.01207
2022-08-25T07:00:00.000000000,515.17,503.7764
2022-08-25T08:00:00.000000000,527.24,507.85098
2022-08-25T09:00:00.000000000,535.87,514.17105
2022-08-25T10:00:00.000000000,548.92,521.55846
2022-08-25T11:00:00.000000000,562.87,528.40339
2022-08-25T12:00:00.000000000,570.68,536.68223
2022-08-25T13:00:00.000000000,578.44,545.15949
2022-08-25T14:00:00.000000000,588.7,552.44232
2022-08-25T15:00:00.000000000,605.89,557.93682
2022-08-25T16:00:00.000000000,601.54,560.32881
2022-08-25T17:00:00.000000000,596.86,561.85564
2022-08-25T18:00:00.000000000,595.96,561.58142
2022-08-25T19:00:00.000000000,591.35,559.39491
2022-08-25T20:00:00.000000000,584.42,555.37885
2022-08-25T21:00:00.000000000,577.39,549.59641
2022-08-25T22:00:00.000000000,573.7,542.51702
2022-08-25T23:00:00.000000000,572.66,534.7577
2022-08-26T00:00:00.000000000,572.23,542.49133
2022-08-26T01:00:00.000000000,570.07,533.6997
2022-08-26T02:00:00.000000000,556.13,523.19307
2022-08-26T03:00:00.000000000,533.06,512.0902
2022-08-26T04:00:00.000000000,508.89,501.03149
2022-08-26T05:00:00.000000000,486.46,491.65454
2022-08-26T06:00:00.000000000,462.84,484.50991
2022-08-26T07:00:00.000000000,447.05,480.19784
2022-08-26T08:00:00.000000000,441.37,480.19946
2022-08-26T09:00:00.000000000,441.67,483.85021
2022-08-26T10:00:00.000000000,455.72,489.75165
2022-08-26T11:00:00.000000000,470.51,495.98389
2022-08-26T12:00:00.000000000,483.1,504.07724
2022-08-26T13:00:00.000000000,494.98,512.10421
2022-08-26T14:00:00.000000000,521.43,518.7788
2022-08-26T15:00:00.000000000,548.72,524.0716
2022-08-26T16:00:00.000000000,541.0,527.37123
2022-08-26T17:00:00.000000000,531.76,529.89944
2022-08-26T18:00:00.000000000,524.72,529.84471
2022-08-26T19:00:00.000000000,515.13,527.24184
2022-08-26T20:00:00.000000000,510.75,522.72606
2022-08-26T21:00:00.000000000,503.25,516.81112
2022-08-26T22:00:00.000000000,492.65,510.13473
2022-08-26T23:00:00.000000000,482.76,503.38108
2022-08-27T00:00:00.000000000,468.49,489.89987
2022-08-27T01:00:00.000000000,459.58,474.44883
2022-08-27T02:00:00.000000000,439.46,455.19552
2022-08-27T03:00:00.000000000,393.41,434.72634
2022-08-27T04:00:00.000000000,360.64,414.67275
2022-08-27T05:00:00.000000000,336.4,397.27159
2022-08-27T06:00:00.000000000,310.73,384.14151
2022-08-27T07:00:00.000000000,295.95,375.97447
2022-08-27T08:00:00.000000000,284.87,373.92386
2022-08-27T09:00:00.000000000,282.02,377.13659
2022-08-27T10:00:00.000000000,288.56,384.1776
2022-08-27T11:00:00.000000000,294.71,393.75772
2022-08-27T12:00:00.000000000,299.85,406.8352
2022-08-27T13:00:00.000000000,303.73,420.92318
2022-08-27T14:00:00.000000000,338.78,434.30411
2022-08-27T15:00:00.000000000,372.41,446.12753
2022-08-27T16:00:00.000000000,380.33,455.02842
2022-08-27T17:00:00.000000000,392.85,460.89796
2022-08-27T18:00:00.000000000,400.39,462.40247
2022-08-27T19:00:00.000000000,412.44,460.29076
2022-08-27T20:00:00.000000000,417.01,455.77186
2022-08-27T21:00:00.000000000,417.74,449.94883
2022-08-27T22:00:00.000000000,412.08,443.65573
2022-08-27T23:00:00.000000000,407.01,437.45913
2022-08-25T00:00:00.000000000,584.03,576.69319
2022-08-25T01:00:00.000000000,580.67,571.40381
2022-08-25T02:00:00.000000000,571.0,565.45811
2022-08-25T03:00:00.000000000,555.09,559.75858
2022-08-25T04:00:00.000000000,543.64,554.06541
2022-08-25T05:00:00.000000000,524.75,549.37629
2022-08-25T06:00:00.000000000,505.38,545.56817
2022-08-25T07:00:00.000000000,515.17,543.41905
2022-08-25T08:00:00.000000000,527.24,544.543
2022-08-25T09:00:00.000000000,535.87,548.1259
2022-08-25T10:00:00.000000000,548.92,553.1188
2022-08-25T11:00:00.000000000,562.87,557.3687
2022-08-25T12:00:00.000000000,570.68,562.59639
2022-08-25T13:00:00.000000000,578.44,567.62211
2022-08-25T14:00:00.000000000,588.7,571.43627
2022-08-25T15:00:00.000000000,605.89,573.87912
2022-08-25T16:00:00.000000000,601.54,573.88734
2022-08-25T17:00:00.000000000,596.86,574.04976
2022-08-25T18:00:00.000000000,595.96,572.85373
2022-08-25T19:00:00.000000000,591.35,569.80958
2022-08-25T20:00:00.000000000,584.42,564.88756
2022-08-25T21:00:00.000000000,577.39,558.07317
2022-08-25T22:00:00.000000000,573.7,550.10387
2022-08-25T23:00:00.000000000,572.66,541.87265
2022-08-26T00:00:00.000000000,572.23,550.62927
2022-08-26T01:00:00.000000000,570.07,543.76027
2022-08-26T02:00:00.000000000,556.13,535.86607
2022-08-26T03:00:00.000000000,533.06,527.88915
2022-08-26T04:00:00.000000000,508.89,519.99955
2022-08-26T05:00:00.000000000,486.46,513.46133
2022-08-26T06:00:00.000000000,462.84,508.58324
2022-08-26T07:00:00.000000000,447.05,505.97674
2022-08-26T08:00:00.000000000,441.37,507.04062
2022-08-26T09:00:00.000000000,441.67,510.98233
2022-08-26T10:00:00.000000000,455.72,516.57552
2022-08-26T11:00:00.000000000,470.51,521.89581
2022-08-26T12:00:00.000000000,483.1,528.73624
2022-08-26T13:00:00.000000000,494.98,535.58339
2022-08-26T14:00:00.000000000,521.43,541.19551
2022-08-26T15:00:00.000000000,548.72,545.39566
2022-08-26T16:00:00.000000000,541.0,547.27812
2022-08-26T17:00:00.000000000,531.76,548.66462
2022-08-26T18:00:00.000000000,524.72,548.01875
2022-08-26T19:00:00.000000000,515.13,545.21692
2022-08-26T20:00:00.000000000,510.75,540.51991
2022-08-26T21:00:00.000000000,503.25,534.1656
2022-08-26T22:00:00.000000000,492.65,526.91877
2022-08-26T23:00:00.000000000,482.76,519.59537
2022-08-27T00:00:00.000000000,468.49,505.8587
2022-08-27T01:00:00.000000000,459.58,492.16566
2022-08-27T02:00:00.000000000,439.46,475.20948
2022-08-27T03:00:00.000000000,393.41,457.19002
2022-08-27T04:00:00.000000000,360.64,439.15196
2022-08-27T05:00:00.000000000,336.4,422.92689
2022-08-27T06:00:00.000000000,310.73,409.78871
2022-08-27T07:00:00.000000000,295.95,400.37425
2022-08-27T08:00:00.000000000,284.87,396.48445
2022-08-27T09:00:00.000000000,282.02,397.88226
2022-08-27T10:00:00.000000000,288.56,403.36446
2022-08-27T11:00:00.000000000,294.71,411.73721
2022-08-27T12:00:00.000000000,299.85,423.87432
2022-08-27T13:00:00.000000000,303.73,437.09084
2022-08-27T14:00:00.000000000,338.78,449.71575
2022-08-27T15:00:00.000000000,372.41,461.08693
2022-08-27T16:00:00.000000000,380.33,470.11651
2022-08-27T17:00:00.000000000,392.85,477.0333
2022-08-27T18:00:00.000000000,400.39,480.27466
2022-08-27T19:00:00.000000000,412.44,480.15655
2022-08-27T20:00:00.000000000,417.01,477.54073
2022-08-27T21:00:00.000000000,417.74,473.22728
2022-08-27T22:00:00.000000000,412.08,467.69134
2022-08-27T23:00:00.000000000,407.01,461.59631
2022-08-28T00:00:00.000000000,409.26,437.70173
2022-08-28T01:00:00.000000000,410.55,423.74385
2022-08-28T02:00:00.000000000,392.77,405.94827
2022-08-28T03:00:00.000000000,367.02,387.01454
2022-08-28T04:00:00.000000000,350.96,368.96185
2022-08-28T05:00:00.000000000,335.85,354.28584
2022-08-28T06:00:00.000000000,317.15,344.72619
2022-08-28T07:00:00.000000000,292.44,340.57959
2022-08-28T08:00:00.000000000,288.73,342.07113
2022-08-28T09:00:00.000000000,285.5,347.88001
2022-08-28T10:00:00.000000000,283.87,356.52876
2022-08-28T11:00:00.000000000,282.63,366.83204
2022-08-28T12:00:00.000000000,282.98,379.69306
2022-08-28T13:00:00.000000000,288.66,393.05067
2022-08-28T14:00:00.000000000,321.9,405.66253
2022-08-28T15:00:00.000000000,372.9,416.95665
2022-08-28T16:00:00.000000000,403.05,425.38126
2022-08-28T17:00:00.000000000,428.45,430.31787
2022-08-28T18:00:00.000000000,451.6,430.55314
2022-08-28T19:00:00.000000000,449.36,426.99538
2022-08-28T20:00:00.000000000,442.51,420.94781
2022-08-28T21:00:00.000000000,435.79,413.65487
2022-08-28T22:00:00.000000000,429.1,406.09794
2022-08-28T23:00:00.000000000,422.72,399.0652
2022-08-26T00:00:00.000000000,572.23,579.66803
2022-08-26T01:00:00.000000000,570.07,573.8537
2022-08-26T02:00:00.000000000,556.13,566.77659
2022-08-26T03:00:00.000000000,533.06,559.00574
2022-08-26T04:00:00.000000000,508.89,550.57352
2022-08-26T05:00:00.000000000,486.46,542.85395
2022-08-26T06:00:00.000000000,462.84,536.01319
2022-08-26T07:00:00.000000000,447.05,531.18535
2022-08-26T08:00:00.000000000,441.37,530.2616
2022-08-26T09:00:00.000000000,441.67,532.60138
2022-08-26T10:00:00.000000000,455.72,537.01829
2022-08-26T11:00:00.000000000,470.51,541.12314
2022-08-26T12:00:00.000000000,483.1,546.55034
2022-08-26T13:00:00.000000000,494.98,551.77044
2022-08-26T14:00:00.000000000,521.43,555.78704
2022-08-26T15:00:00.000000000,548.72,558.66086
2022-08-26T16:00:00.000000000,541.0,559.73845
2022-08-26T17:00:00.000000000,531.76,561.1545
2022-08-26T18:00:00.000000000,524.72,560.86576
2022-08-26T19:00:00.000000000,515.13,558.38682
2022-08-26T20:00:00.000000000,510.75,553.78774
2022-08-26T21:00:00.000000000,503.25,547.13584
2022-08-26T22:00:00.000000000,492.65,539.36913
2022-08-26T23:00:00.000000000,482.76,531.55052
2022-08-27T00:00:00.000000000,468.49,524.05003
2022-08-27T01:00:00.000000000,459.58,512.10115
2022-08-27T02:00:00.000000000,439.46,497.41006
2022-08-27T03:00:00.000000000,393.41,481.65482
2022-08-27T04:00:00.000000000,360.64,465.46913
2022-08-27T05:00:00.000000000,336.4,450.46541
2022-08-27T06:00:00.000000000,310.73,437.55518
2022-08-27T07:00:00.000000000,295.95,427.54469
2022-08-27T08:00:00.000000000,284.87,422.54285
2022-08-27T09:00:00.000000000,282.02,422.55053
2022-08-27T10:00:00.000000000,288.56,426.55529
2022-08-27T11:00:00.000000000,294.71,433.32052
2022-08-27T12:00:00.000000000,299.85,443.80054
2022-08-27T13:00:00.000000000,303.73,455.3144
2022-08-27T14:00:00.000000000,338.78,466.2553
2022-08-27T15:00:00.000000000,372.41,476.11633
2022-08-27T16:00:00.000000000,380.33,483.97698
2022-08-27T17:00:00.000000000,392.85,490.45033
2022-08-27T18:00:00.000000000,400.39,493.7597
2022-08-27T19:00:00.000000000,412.44,494.10495
2022-08-27T20:00:00.000000000,417.01,492.20136
2022-08-27T21:00:00.000000000,417.74,488.6442
2022-08-27T22:00:00.000000000,412.08,483.81459
2022-08-27T23:00:00.000000000,407.01,478.42169
2022-08-28T00:00:00.000000000,409.26,456.99957
2022-08-28T01:00:00.000000000,410.55,444.30196
2022-08-28T02:00:00.000000000,392.77,427.59519
2022-08-28T03:00:00.000000000,367.02,409.22569
2022-08-28T04:00:00.000000000,350.96,390.70463
2022-08-28T05:00:00.000000000,335.85,374.21494
2022-08-28T06:00:00.000000000,317.15,361.25027
2022-08-28T07:00:00.000000000,292.44,352.44443
2022-08-28T08:00:00.000000000,288.73,348.62833
2022-08-28T09:00:00.000000000,285.5,349.20225
2022-08-28T10:00:00.000000000,283.87,353.29839
2022-08-28T11:00:00.000000000,282.63,359.89456
2022-08-28T12:00:00.000000000,282.98,369.94617
2022-08-28T13:00:00.000000000,288.66,381.23616
2022-08-28T14:00:00.000000000,321.9,392.56422
2022-08-28T15:00:00.000000000,372.9,403.49972
2022-08-28T16:00:00.000000000,403.05,412.7223
2022-08-28T17:00:00.000000000,428.45,420.02481
2022-08-28T18:00:00.000000000,451.6,423.92407
2022-08-28T19:00:00.000000000,449.36,425.08111
2022-08-28T20:00:00.000000000,442.51,423.93304
2022-08-28T21:00:00.000000000,435.79,420.94571
2022-08-28T22:00:00.000000000,429.1,416.73542
2022-08-28T23:00:00.000000000,422.72,412.03496
2022-08-29T00:00:00.000000000,423.44,392.81621
2022-08-29T01:00:00.000000000,425.98,383.20035
2022-08-29T02:00:00.000000000,400.82,372.63845
2022-08-29T03:00:00.000000000,368.96,364.22843
2022-08-29T04:00:00.000000000,356.94,357.81825
2022-08-29T05:00:00.000000000,345.03,353.81475
2022-08-29T06:00:00.000000000,323.15,353.00817
2022-08-29T07:00:00.000000000,311.06,354.81487
2022-08-29T08:00:00.000000000,306.27,360.32998
2022-08-29T09:00:00.000000000,312.9,368.70769
2022-08-29T10:00:00.000000000,337.42,378.49032
2022-08-29T11:00:00.000000000,356.33,389.36611
2022-08-29T12:00:00.000000000,390.53,402.63073
2022-08-29T13:00:00.000000000,420.12,416.17477
2022-08-29T14:00:00.000000000,463.63,428.80159
2022-08-29T15:00:00.000000000,488.11,440.05338
2022-08-29T16:00:00.000000000,499.04,448.61049
2022-08-29T17:00:00.000000000,512.81,454.8624
2022-08-29T18:00:00.000000000,508.82,458.65525
2022-08-29T19:00:00.000000000,499.12,460.16111
2022-08-29T20:00:00.000000000,499.21,459.86351
2022-08-29T21:00:00.000000000,489.99,458.18494
2022-08-29T22:00:00.000000000,481.66,454.82999
2022-08-29T23:00:00.000000000,478.1,450.21066
2022-08-27T00:00:00.000000000,468.49,484.51456
2022-08-27T01:00:00.000000000,459.58,470.56398
2022-08-27T02:00:00.000000000,439.46,453.25386
2022-08-27T03:00:00.000000000,393.41,435.35547
2022-08-27T04:00:00.000000000,360.64,417.95866
2022-08-27T05:00:00.000000000,336.4,402.59956
2022-08-27T06:00:00.000000000,310.73,390.63501
2022-08-27T07:00:00.000000000,295.95,382.17338
2022-08-27T08:00:00.000000000,284.87,378.72478
2022-08-27T09:00:00.000000000,282.02,380.05217
2022-08-27T10:00:00.000000000,288.56,385.25126
2022-08-27T11:00:00.000000000,294.71,393.7778
2022-08-27T12:00:00.000000000,299.85,407.12833
2022-08-27T13:00:00.000000000,303.73,422.78293
2022-08-27T14:00:00.000000000,338.78,438.92827
2022-08-27T15:00:00.000000000,372.41,454.27861
2022-08-27T16:00:00.000000000,380.33,467.3971
2022-08-27T17:00:00.000000000,392.85,478.13076
2022-08-27T18:00:00.000000000,400.39,484.94967
2022-08-27T19:00:00.000000000,412.44,488.04394
2022-08-27T20:00:00.000000000,417.01,488.1597
2022-08-27T21:00:00.000000000,417.74,485.95267
2022-08-27T22:00:00.000000000,412.08,481.5697
2022-08-27T23:00:00.000000000,407.01,475.64588
2022-08-28T00:00:00.000000000,409.26,459.87921
2022-08-28T01:00:00.000000000,410.55,446.07064
2022-08-28T02:00:00.000000000,392.77,428.04269
2022-08-28T03:00:00.000000000,367.02,408.5337
2022-08-28T04:00:00.000000000,350.96,389.12207
2022-08-28T05:00:00.000000000,335.85,371.89953
2022-08-28T06:00:00.000000000,317.15,358.50664
2022-08-28T07:00:00.000000000,292.44,349.42573
2022-08-28T08:00:00.000000000,288.73,345.70885
2022-08-28T09:00:00.000000000,285.5,346.81817
2022-08-28T10:00:00.000000000,283.87,351.75243
2022-08-28T11:00:00.000000000,282.63,359.55857
2022-08-28T12:00:00.000000000,282.98,371.19104
2022-08-28T13:00:00.000000000,288.66,384.28835
2022-08-28T14:00:00.000000000,321.9,397.54503
2022-08-28T15:00:00.000000000,372.9,410.35099
2022-08-28T16:00:00.000000000,403.05,421.35409
2022-08-28T17:00:00.000000000,428.45,430.20051
2022-08-28T18:00:00.000000000,451.6,435.41218
2022-08-28T19:00:00.000000000,449.36,437.51074
2022-08-28T20:00:00.000000000,442.51,437.01637
2022-08-28T21:00:00.000000000,435.79,434.50064
2022-08-28T22:00:00.000000000,429.1,430.40344
2022-08-28T23:00:00.000000000,422.72,425.39944
2022-08-29T00:00:00.000000000,423.44,399.04114
2022-08-29T01:00:00.000000000,425.98,393.24454
2022-08-29T02:00:00.000000000,400.82,387.61948
2022-08-29T03:00:00.000000000,368.96,384.59222
2022-08-29T04:00:00.000000000,356.94,383.26288
2022-08-29T05:00:00.000000000,345.03,383.60954
2022-08-29T06:00:00.000000000,323.15,385.91256
2022-08-29T07:00:00.000000000,311.06,389.13639
2022-08-29T08:00:00.000000000,306.27,394.39705
2022-08-29T09:00:00.000000000,312.9,401.26953
2022-08-29T10:00:00.000000000,337.42,408.62138
2022-08-29T11:00:00.000000000,356.33,416.39612
2022-08-29T12:00:00.000000000,390.53,426.04012
2022-08-29T13:00:00.000000000,420.12,435.86218
2022-08-29T14:00:00.000000000,463.63,445.10398
2022-08-29T15:00:00.000000000,488.11,453.83182
2022-08-29T16:00:00.000000000,499.04,460.71981
2022-08-29T17:00:00.000000000,512.81,466.71613
2022-08-29T18:00:00.000000000,508.82,471.64682
2022-08-29T19:00:00.000000000,499.12,475.35533
2022-08-29T20:00:00.000000000,499.21,477.55564
2022-08-29T21:00:00.000000000,489.99,478.0264
2022-08-29T22:00:00.000000000,481.66,475.92802
2022-08-29T23:00:00.000000000,478.1,471.81059
2022-08-30T00:00:00.000000000,470.8,469.08429
2022-08-30T01:00:00.000000000,478.32,462.28481
2022-08-30T02:00:00.000000000,488.5,455.35422
2022-08-30T03:00:00.000000000,493.5,449.91223
2022-08-30T04:00:00.000000000,503.49,445.92355
2022-08-30T05:00:00.000000000,531.78,444.16274
2022-08-30T06:00:00.000000000,562.42,445.0738
2022-08-30T07:00:00.000000000,592.72,448.04768
2022-08-30T08:00:00.000000000,608.17,453.84149
2022-08-30T09:00:00.000000000,608.16,461.31992
2022-08-30T10:00:00.000000000,606.47,469.01467
2022-08-30T11:00:00.000000000,609.75,475.86639
2022-08-30T12:00:00.000000000,596.24,483.9985
2022-08-30T13:00:00.000000000,582.12,492.11666
2022-08-30T14:00:00.000000000,573.58,499.07807
2022-08-30T15:00:00.000000000,589.93,504.85645
2022-08-30T16:00:00.000000000,588.54,508.29839
2022-08-30T17:00:00.000000000,575.54,510.54815
2022-08-30T18:00:00.000000000,563.51,510.89895
2022-08-30T19:00:00.000000000,558.66,509.34322
2022-08-30T20:00:00.000000000,553.22,506.17367
2022-08-30T21:00:00.000000000,549.46,501.78964
2022-08-30T22:00:00.000000000,549.12,496.51979
2022-08-30T23:00:00.000000000,551.54,490.88289
2022-08-28T00:00:00.000000000,409.26,412.58982
2022-08-28T01:00:00.000000000,410.55,404.35266
2022-08-28T02:00:00.000000000,392.77,392.85657
2022-08-28T03:00:00.000000000,367.02,380.64184
2022-08-28T04:00:00.000000000,350.96,368.25753
2022-08-28T05:00:00.000000000,335.85,356.76538
2022-08-28T06:00:00.000000000,317.15,347.48745
2022-08-28T07:00:00.000000000,292.44,340.50821
2022-08-28T08:00:00.000000000,288.73,337.27777
2022-08-28T09:00:00.000000000,285.5,337.86292
2022-08-28T10:00:00.000000000,283.87,341.83116
2022-08-28T11:00:00.000000000,282.63,348.92578
2022-08-28T12:00:00.000000000,282.98,360.20537
2022-08-28T13:00:00.000000000,288.66,373.23124
2022-08-28T14:00:00.000000000,321.9,386.92533
2022-08-28T15:00:00.000000000,372.9,400.78962
2022-08-28T16:00:00.000000000,403.05,413.67041
2022-08-28T17:00:00.000000000,428.45,425.4939
2022-08-28T18:00:00.000000000,451.6,434.9609
2022-08-28T19:00:00.000000000,449.36,442.10051
2022-08-28T20:00:00.000000000,442.51,446.68477
2022-08-28T21:00:00.000000000,435.79,448.74741
2022-08-28T22:00:00.000000000,429.1,448.10898
2022-08-28T23:00:00.000000000,422.72,445.64792
2022-08-29T00:00:00.000000000,423.44,430.2629
2022-08-29T01:00:00.000000000,425.98,422.46151
2022-08-29T02:00:00.000000000,400.82,414.09586
2022-08-29T03:00:00.000000000,368.96,407.67737
2022-08-29T04:00:00.000000000,356.94,402.65315
2022-08-29T05:00:00.000000000,345.03,399.39142
2022-08-29T06:00:00.000000000,323.15,398.49488
2022-08-29T07:00:00.000000000,311.06,399.41059
2022-08-29T08:00:00.000000000,306.27,403.34396
2022-08-29T09:00:00.000000000,312.9,409.57084
2022-08-29T10:00:00.000000000,337.42,416.85716
2022-08-29T11:00:00.000000000,356.33,424.85895
2022-08-29T12:00:00.000000000,390.53,435.42331
2022-08-29T13:00:00.000000000,420.12,446.69128
2022-08-29T14:00:00.000000000,463.63,457.53853
2022-08-29T15:00:00.000000000,488.11,467.6743
2022-08-29T16:00:00.000000000,499.04,475.75846
2022-08-29T17:00:00.000000000,512.81,482.80881
2022-08-29T18:00:00.000000000,508.82,488.36668
2022-08-29T19:00:00.000000000,499.12,492.47405
2022-08-29T20:00:00.000000000,499.21,495.09963
2022-08-29T21:00:00.000000000,489.99,496.21413
2022-08-29T22:00:00.000000000,481.66,495.31573
2022-08-29T23:00:00.000000000,478.1,492.64631
2022-08-30T00:00:00.000000000,470.8,495.94546
2022-08-30T01:00:00.000000000,478.32,491.63168
2022-08-30T02:00:00.000000000,488.5,487.23154
2022-08-30T03:00:00.000000000,493.5,484.06004
2022-08-30T04:00:00.000000000,503.49,481.87203
2022-08-30T05:00:00.000000000,531.78,481.60771
2022-08-30T06:00:00.000000000,562.42,483.56321
2022-08-30T07:00:00.000000000,592.72,487.35225
2022-08-30T08:00:00.000000000,608.17,493.43936
2022-08-30T09:00:00.000000000,608.16,500.4318
2022-08-30T10:00:00.000000000,606.47,507.11332
2022-08-30T11:00:00.000000000,609.75,512.38857
2022-08-30T12:00:00.000000000,596.24,518.83014
2022-08-30T13:00:00.000000000,582.12,525.58271
2022-08-30T14:00:00.000000000,573.58,531.64942
2022-08-30T15:00:00.000000000,589.93,536.83816
2022-08-30T16:00:00.000000000,588.54,539.50422
2022-08-30T17:00:00.000000000,575.54,541.65121
2022-08-30T18:00:00.000000000,563.51,542.55987
2022-08-30T19:00:00.000000000,558.66,542.23191
2022-08-30T20:00:00.000000000,553.22,540.61875
2022-08-30T21:00:00.000000000,549.46,537.74019
2022-08-30T22:00:00.000000000,549.12,533.95211
2022-08-30T23:00:00.000000000,551.54,529.67898
2022-08-31T00:00:00.000000000,554.89,532.63456
2022-08-31T01:00:00.000000000,559.69,524.17731
2022-08-31T02:00:00.000000000,554.57,514.30458
2022-08-31T03:00:00.000000000,544.07,504.3231
2022-08-31T04:00:00.000000000,534.21,494.65159
2022-08-31T05:00:00.000000000,521.42,486.72147
2022-08-31T06:00:00.000000000,512.98,481.21023
2022-08-31T07:00:00.000000000,513.0,478.5608
2022-08-31T08:00:00.000000000,516.41,480.08238
2022-08-31T09:00:00.000000000,505.43,485.05238
2022-08-31T10:00:00.000000000,505.11,492.09763
2022-08-31T11:00:00.000000000,509.18,499.37455
2022-08-31T12:00:00.000000000,514.28,508.58062
2022-08-31T13:00:00.000000000,521.34,518.0076
2022-08-31T14:00:00.000000000,540.19,526.16653
2022-08-31T15:00:00.000000000,575.11,532.66841
2022-08-31T16:00:00.000000000,577.96,536.6226
2022-08-31T17:00:00.000000000,567.62,539.54923
2022-08-31T18:00:00.000000000,565.03,540.06742
2022-08-31T19:00:00.000000000,558.21,538.0855
2022-08-31T20:00:00.000000000,550.42,533.85861
2022-08-31T21:00:00.000000000,545.32,527.72319
2022-08-31T22:00:00.000000000,545.68,520.41983
2022-08-31T23:00:00.000000000,541.16,512.72797
2022-08-29T00:00:00.000000000,423.44,415.63803
2022-08-29T01:00:00.000000000,425.98,409.18569
2022-08-29T02:00:00.000000000,400.82,402.31657
2022-08-29T03:00:00.000000000,368.96,397.35056
2022-08-29T04:00:00.000000000,356.94,393.80453
2022-08-29T05:00:00.000000000,345.03,391.90443
2022-08-29T06:00:00.000000000,323.15,392.17202
2022-08-29T07:00:00.000000000,311.06,393.68619
2022-08-29T08:00:00.000000000,306.27,397.48244
2022-08-29T09:00:00.000000000,312.9,403.12147
2022-08-29T10:00:00.000000000,337.42,409.65039
2022-08-29T11:00:00.000000000,356.33,417.03155
2022-08-29T12:00:00.000000000,390.53,427.14931
2022-08-29T13:00:00.000000000,420.12,438.3458
2022-08-29T14:00:00.000000000,463.63,449.52638
2022-08-29T15:00:00.000000000,488.11,460.25812
2022-08-29T16:00:00.000000000,499.04,469.06244
2022-08-29T17:00:00.000000000,512.81,476.65304
2022-08-29T18:00:00.000000000,508.82,482.50527
2022-08-29T19:00:00.000000000,499.12,486.50036
2022-08-29T20:00:00.000000000,499.21,488.52466
2022-08-29T21:00:00.000000000,489.99,488.58284
2022-08-29T22:00:00.000000000,481.66,486.21672
2022-08-29T23:00:00.000000000,478.1,482.03001
2022-08-30T00:00:00.000000000,470.8,473.3362
2022-08-30T01:00:00.000000000,478.32,469.26789
2022-08-30T02:00:00.000000000,488.5,465.06861
2022-08-30T03:00:00.000000000,493.5,462.12122
2022-08-30T04:00:00.000000000,503.49,459.89535
2022-08-30T05:00:00.000000000,531.78,459.02408
2022-08-30T06:00:00.000000000,562.42,459.85019
2022-08-30T07:00:00.000000000,592.72,461.77796
2022-08-30T08:00:00.000000000,608.17,465.62921
2022-08-30T09:00:00.000000000,608.16,470.48696
2022-08-30T10:00:00.000000000,606.47,475.40817
2022-08-30T11:00:00.000000000,609.75,479.7173
2022-08-30T12:00:00.000000000,596.24,485.95315
2022-08-30T13:00:00.000000000,582.12,492.96683
2022-08-30T14:00:00.000000000,573.58,499.8271
2022-08-30T15:00:00.000000000,589.93,506.46244
2022-08-30T16:00:00.000000000,588.54,511.37459
2022-08-30T17:00:00.000000000,575.54,516.20078
2022-08-30T18:00:00.000000000,563.51,520.10808
2022-08-30T19:00:00.000000000,558.66,522.99185
2022-08-30T20:00:00.000000000,553.22,524.55454
2022-08-30T21:00:00.000000000,549.46,524.6496
2022-08-30T22:00:00.000000000,549.12,523.27414
2022-08-30T23:00:00.000000000,551.54,520.81366
2022-08-31T00:00:00.000000000,554.89,524.93699
2022-08-31T01:00:00.000000000,559.69,515.39192
2022-08-31T02:00:00.000000000,554.57,504.05176
2022-08-31T03:00:00.000000000,544.07,492.39427
2022-08-31T04:00:00.000000000,534.21,481.0704
2022-08-31T05:00:00.000000000,521.42,471.58681
2022-08-31T06:00:00.000000000,512.98,464.72589
2022-08-31T07:00:00.000000000,513.0,460.81439
2022-08-31T08:00:00.000000000,516.41,461.1398
2022-08-31T09:00:00.000000000,505.43,465.03825
2022-08-31T10:00:00.000000000,505.11,471.25846
2022-08-31T11:00:00.000000000,509.18,478.24514
2022-08-31T12:00:00.000000000,514.28,487.85349
2022-08-31T13:00:00.000000000,521.34,498.2311
2022-08-31T14:00:00.000000000,540.19,507.83475
2022-08-31T15:00:00.000000000,575.11,516.10035
2022-08-31T16:00:00.000000000,577.96,522.05817
2022-08-31T17:00:00.000000000,567.62,526.7
2022-08-31T18:00:00.000000000,565.03,528.40843
2022-08-31T19:00:00.000000000,558.21,527.19611
2022-08-31T20:00:00.000000000,550.42,523.56718
2022-08-31T21:00:00.000000000,545.32,518.02488
2022-08-31T22:00:00.000000000,545.68,511.28056
2022-08-31T23:00:00.000000000,541.16,504.07166
2022-09-01T00:00:00.000000000,532.9,480.33698
2022-09-01T01:00:00.000000000,531.74,467.86243
2022-09-01T02:00:00.000000000,531.03,453.60558
2022-09-01T03:00:00.000000000,514.59,439.80422
2022-09-01T04:00:00.000000000,510.26,427.14274
2022-09-01T05:00:00.000000000,503.84,416.92761
2022-09-01T06:00:00.000000000,496.03,410.15676
2022-09-01T07:00:00.000000000,510.31,406.67989
2022-09-01T08:00:00.000000000,506.84,407.81453
2022-09-01T09:00:00.000000000,512.22,412.98926
2022-09-01T10:00:00.000000000,530.57,420.69577
2022-09-01T11:00:00.000000000,548.95,429.78314
2022-09-01T12:00:00.000000000,550.66,441.44372
2022-09-01T13:00:00.000000000,545.67,453.56753
2022-09-01T14:00:00.000000000,547.7,464.64484
2022-09-01T15:00:00.000000000,564.84,474.19595
2022-09-01T16:00:00.000000000,569.4,481.15124
2022-09-01T17:00:00.000000000,560.85,485.64715
2022-09-01T18:00:00.000000000,546.65,486.53985
2022-09-01T19:00:00.000000000,537.03,483.89537
2022-09-01T20:00:00.000000000,526.67,478.51114
2022-09-01T21:00:00.000000000,517.2,471.21297
2022-09-01T22:00:00.000000000,507.06,462.5254
2022-09-01T23:00:00.000000000,506.11,453.32191
2022-08-30T00:00:00.000000000,470.8,486.77449
2022-08-30T01:00:00.000000000,478.32,484.57566
2022-08-30T02:00:00.000000000,488.5,482.30999
2022-08-30T03:00:00.000000000,493.5,481.0341
2022-08-30T04:00:00.000000000,503.49,480.11179
2022-08-30T05:00:00.000000000,531.78,480.29602
2022-08-30T06:00:00.000000000,562.42,481.85019
2022-08-30T07:00:00.000000000,592.72,484.34137
2022-08-30T08:00:00.000000000,608.17,488.43386
2022-08-30T09:00:00.000000000,608.16,492.90982
2022-08-30T10:00:00.000000000,606.47,496.84565
2022-08-30T11:00:00.000000000,609.75,499.52269
2022-08-30T12:00:00.000000000,596.24,503.86396
2022-08-30T13:00:00.000000000,582.12,509.05762
2022-08-30T14:00:00.000000000,573.58,514.41332
2022-08-30T15:00:00.000000000,589.93,519.93905
2022-08-30T16:00:00.000000000,588.54,524.0181
2022-08-30T17:00:00.000000000,575.54,528.51126
2022-08-30T18:00:00.000000000,563.51,532.34231
2022-08-30T19:00:00.000000000,558.66,535.27787
2022-08-30T20:00:00.000000000,553.22,536.92944
2022-08-30T21:00:00.000000000,549.46,537.01739
2022-08-30T22:00:00.000000000,549.12,535.7252
2022-08-30T23:00:00.000000000,551.54,533.57917
2022-08-31T00:00:00.000000000,554.89,540.87667
2022-08-31T01:00:00.000000000,559.69,532.56936
2022-08-31T02:00:00.000000000,554.57,522.73242
2022-08-31T03:00:00.000000000,544.07,512.5948
2022-08-31T04:00:00.000000000,534.21,502.54932
2022-08-31T05:00:00.000000000,521.42,494.04142
2022-08-31T06:00:00.000000000,512.98,487.73224
2022-08-31T07:00:00.000000000,513.0,484.22285
2022-08-31T08:00:00.000000000,516.41,484.86107
2022-08-31T09:00:00.000000000,505.43,488.89625
2022-08-31T10:00:00.000000000,505.11,495.15748
2022-08-31T11:00:00.000000000,509.18,501.82952
2022-08-31T12:00:00.000000000,514.28,510.78492
2022-08-31T13:00:00.000000000,521.34,520.33672
2022-08-31T14:00:00.000000000,540.19,528.9719
2022-08-31T15:00:00.000000000,575.11,536.10327
2022-08-31T16:00:00.000000000,577.96,540.70792
2022-08-31T17:00:00.000000000,567.62,544.31408
2022-08-31T18:00:00.000000000,565.03,545.32866
2022-08-31T19:00:00.000000000,558.21,543.66845
2022-08-31T20:00:00.000000000,550.42,539.61398
2022-08-31T21:00:00.000000000,545.32,533.49362
2022-08-31T22:00:00.000000000,545.68,526.1809
2022-08-31T23:00:00.000000000,541.16,518.57185
2022-09-01T00:00:00.000000000,532.9,505.20089
2022-09-01T01:00:00.000000000,531.74,494.82979
2022-09-01T02:00:00.000000000,531.03,482.63718
2022-09-01T03:00:00.000000000,514.59,470.33675
2022-09-01T04:00:00.000000000,510.26,458.41055
2022-09-01T05:00:00.000000000,503.84,448.12494
2022-09-01T06:00:00.000000000,496.03,440.16293
2022-09-01T07:00:00.000000000,510.31,434.68032
2022-09-01T08:00:00.000000000,506.84,433.23642
2022-09-01T09:00:00.000000000,512.22,435.50916
2022-09-01T10:00:00.000000000,530.57,440.32565
2022-09-01T11:00:00.000000000,548.95,446.51833
2022-09-01T12:00:00.000000000,550.66,455.53011
2022-09-01T13:00:00.000000000,545.67,465.28084
2022-09-01T14:00:00.000000000,547.7,474.35072
2022-09-01T15:00:00.000000000,564.84,482.38777
2022-09-01T16:00:00.000000000,569.4,488.48562
2022-09-01T17:00:00.000000000,560.85,493.15494
2022-09-01T18:00:00.000000000,546.65,494.88455
2022-09-01T19:00:00.000000000,537.03,493.69636
2022-09-01T20:00:00.000000000,526.67,490.17013
2022-09-01T21:00:00.000000000,517.2,484.81012
2022-09-01T22:00:00.000000000,507.06,478.0868
2022-09-01T23:00:00.000000000,506.11,470.81273
2022-09-02T00:00:00.000000000,499.45,451.54381
2022-09-02T01:00:00.000000000,485.08,433.8257
2022-09-02T02:00:00.000000000,461.86,410.70766
2022-09-02T03:00:00.000000000,448.84,385.72325
2022-09-02T04:00:00.000000000,418.0,361.71813
2022-09-02T05:00:00.000000000,387.36,341.65034
2022-09-02T06:00:00.000000000,367.38,327.82687
2022-09-02T07:00:00.000000000,369.82,320.92147
2022-09-02T08:00:00.000000000,384.68,320.85726
2022-09-02T09:00:00.000000000,404.62,325.71057
2022-09-02T10:00:00.000000000,422.73,333.95169
2022-09-02T11:00:00.000000000,448.6,344.468
2022-09-02T12:00:00.000000000,471.43,358.65182
2022-09-02T13:00:00.000000000,494.0,374.43626
2022-09-02T14:00:00.000000000,526.35,390.39803
2022-09-02T15:00:00.000000000,552.49,405.35731
2022-09-02T16:00:00.000000000,552.74,417.27138
2022-09-02T17:00:00.000000000,553.77,425.13998
2022-09-02T18:00:00.000000000,553.29,427.59942
2022-09-02T19:00:00.000000000,552.93,426.0142
2022-09-02T20:00:00.000000000,553.11,422.05358
2022-09-02T21:00:00.000000000,552.32,417.17917
2022-09-02T22:00:00.000000000,546.13,412.40997
2022-09-02T23:00:00.000000000,534.05,407.98427
2022-08-31T00:00:00.000000000,554.89,557.00011
2022-08-31T01:00:00.000000000,559.69,551.40191
2022-08-31T02:00:00.000000000,554.57,544.98534
2022-08-31T03:00:00.000000000,544.07,538.61635
2022-08-31T04:00:00.000000000,534.21,532.13005
2022-08-31T05:00:00.000000000,521.42,526.64653
2022-08-31T06:00:00.000000000,512.98,522.45955
2022-08-31T07:00:00.000000000,513.0,520.35826
2022-08-31T08:00:00.000000000,516.41,521.84294
2022-08-31T09:00:00.000000000,505.43,526.07087
2022-08-31T10:00:00.000000000,505.11,531.86012
2022-08-31T11:00:00.000000000,509.18,537.16568
2022-08-31T12:00:00.000000000,514.28,543.91234
2022-08-31T13:00:00.000000000,521.34,550.83973
2022-08-31T14:00:00.000000000,540.19,556.77567
2022-08-31T15:00:00.000000000,575.11,561.34708
2022-08-31T16:00:00.000000000,577.96,563.42208
2022-08-31T17:00:00.000000000,567.62,565.20075
2022-08-31T18:00:00.000000000,565.03,565.14434
2022-08-31T19:00:00.000000000,558.21,562.78975
2022-08-31T20:00:00.000000000,550.42,558.05787
2022-08-31T21:00:00.000000000,545.32,550.99047
2022-08-31T22:00:00.000000000,545.68,542.58747
2022-08-31T23:00:00.000000000,541.16,533.94476
2022-09-01T00:00:00.000000000,532.9,536.05094
2022-09-01T01:00:00.000000000,531.74,527.68163
2022-09-01T02:00:00.000000000,531.03,517.57447
2022-09-01T03:00:00.000000000,514.59,506.89026
2022-09-01T04:00:00.000000000,510.26,496.15871
2022-09-01T05:00:00.000000000,503.84,486.91129
2022-09-01T06:00:00.000000000,496.03,479.81719
2022-09-01T07:00:00.000000000,510.31,475.4257
2022-09-01T08:00:00.000000000,506.84,475.18385
2022-09-01T09:00:00.000000000,512.22,478.48104
2022-09-01T10:00:00.000000000,530.57,484.05065
2022-09-01T11:00:00.000000000,548.95,490.10208
2022-09-01T12:00:00.000000000,550.66,498.41183
2022-09-01T13:00:00.000000000,545.67,507.17513
2022-09-01T14:00:00.000000000,547.7,515.02903
2022-09-01T15:00:00.000000000,564.84,521.68412
2022-09-01T16:00:00.000000000,569.4,526.35314
2022-09-01T17:00:00.000000000,560.85,530.25566
2022-09-01T18:00:00.000000000,546.65,531.62206
2022-09-01T19:00:00.000000000,537.03,530.3491
2022-09-01T20:00:00.000000000,526.67,526.78732
2022-09-01T21:00:00.000000000,517.2,521.29252
2022-09-01T22:00:00.000000000,507.06,514.62132
2022-09-01T23:00:00.000000000,506.11,507.59755
2022-09-02T00:00:00.000000000,499.45,496.80977
2022-09-02T01:00:00.000000000,485.08,479.15635
2022-09-02T02:00:00.000000000,461.86,457.44014
2022-09-02T03:00:00.000000000,448.84,434.76493
2022-09-02T04:00:00.000000000,418.0,413.00348
2022-09-02T05:00:00.000000000,387.36,394.42739
2022-09-02T06:00:00.000000000,367.38,380.69015
2022-09-02T07:00:00.000000000,369.82,372.33671
2022-09-02T08:00:00.000000000,384.68,370.55987
2022-09-02T09:00:00.000000000,404.62,374.49829
2022-09-02T10:00:00.000000000,422.73,382.66592
2022-09-02T11:00:00.000000000,448.6,394.04032
2022-09-02T12:00:00.000000000,471.43,409.62272
2022-09-02T13:00:00.000000000,494.0,426.67252
2022-09-02T14:00:00.000000000,526.35,443.27982
2022-09-02T15:00:00.000000000,552.49,458.14215
2022-09-02T16:00:00.000000000,552.74,469.76571
2022-09-02T17:00:00.000000000,553.77,477.83244
2022-09-02T18:00:00.000000000,553.29,480.89685
2022-09-02T19:00:00.000000000,552.93,479.70521
2022-09-02T20:00:00.000000000,553.11,475.86741
2022-09-02T21:00:00.000000000,552.32,470.67038
2022-09-02T22:00:00.000000000,546.13,464.51261
2022-09-02T23:00:00.000000000,534.05,457.77081
2022-09-03T00:00:00.000000000,534.93,453.91536
2022-09-03T01:00:00.000000000,520.06,445.2905
2022-09-03T02:00:00.000000000,486.68,436.10954
2022-09-03T03:00:00.000000000,441.11,428.51663
2022-09-03T04:00:00.000000000,432.0,422.75937
2022-09-03T05:00:00.000000000,439.04,419.95325
2022-09-03T06:00:00.000000000,454.85,420.93938
2022-09-03T07:00:00.000000000,484.38,425.12693
2022-09-03T08:00:00.000000000,533.38,433.12603
2022-09-03T09:00:00.000000000,543.43,443.82725
2022-09-03T10:00:00.000000000,536.52,455.39463
2022-09-03T11:00:00.000000000,538.24,466.68546
2022-09-03T12:00:00.000000000,487.0,479.54255
2022-09-03T13:00:00.000000000,464.2,492.36531
2022-09-03T14:00:00.000000000,497.27,503.57077
2022-09-03T15:00:00.000000000,542.1,512.71338
2022-09-03T16:00:00.000000000,537.91,518.62952
2022-09-03T17:00:00.000000000,531.94,522.52322
2022-09-03T18:00:00.000000000,537.37,523.95221
2022-09-03T19:00:00.000000000,547.54,522.97382
2022-09-03T20:00:00.000000000,546.8,519.86311
2022-09-03T21:00:00.000000000,542.43,515.08805
2022-09-03T22:00:00.000000000,531.98,508.93067
2022-09-03T23:00:00.000000000,522.93,501.86313
2022-09-01T00:00:00.000000000,532.9,549.3982
2022-09-01T01:00:00.000000000,531.74,545.15787
2022-09-01T02:00:00.000000000,531.03,540.17214
2022-09-01T03:00:00.000000000,514.59,534.97056
2022-09-01T04:00:00.000000000,510.26,529.17222
2022-09-01T05:00:00.000000000,503.84,523.74466
2022-09-01T06:00:00.000000000,496.03,519.02506
2022-09-01T07:00:00.000000000,510.31,515.92758
2022-09-01T08:00:00.000000000,506.84,516.27168
2022-09-01T09:00:00.000000000,512.22,519.45966
2022-09-01T10:00:00.000000000,530.57,524.18955
2022-09-01T11:00:00.000000000,548.95,528.4264
2022-09-01T12:00:00.000000000,550.66,534.16143
2022-09-01T13:00:00.000000000,545.67,540.07997
2022-09-01T14:00:00.000000000,547.7,545.11616
2022-09-01T15:00:00.000000000,564.84,549.13409
2022-09-01T16:00:00.000000000,569.4,551.31234
2022-09-01T17:00:00.000000000,560.85,553.65725
2022-09-01T18:00:00.000000000,546.65,554.44874
2022-09-01T19:00:00.000000000,537.03,552.93699
2022-09-01T20:00:00.000000000,526.67,548.86056
2022-09-01T21:00:00.000000000,517.2,542.13439
2022-09-01T22:00:00.000000000,507.06,533.85264
2022-09-01T23:00:00.000000000,506.11,525.28029
2022-09-02T00:00:00.000000000,499.45,527.96912
2022-09-02T01:00:00.000000000,485.08,515.90406
2022-09-02T02:00:00.000000000,461.86,501.03641
2022-09-02T03:00:00.000000000,448.84,485.15629
2022-09-02T04:00:00.000000000,418.0,469.23074
2022-09-02T05:00:00.000000000,387.36,455.12509
2022-09-02T06:00:00.000000000,367.38,443.8619
2022-09-02T07:00:00.000000000,369.82,436.06672
2022-09-02T08:00:00.000000000,384.68,433.44049
2022-09-02T09:00:00.000000000,404.62,435.65643
2022-09-02T10:00:00.000000000,422.73,441.52315
2022-09-02T11:00:00.000000000,448.6,449.66852
2022-09-02T12:00:00.000000000,471.43,461.30057
2022-09-02T13:00:00.000000000,494.0,473.83921
2022-09-02T14:00:00.000000000,526.35,485.60317
2022-09-02T15:00:00.000000000,552.49,495.94717
2022-09-02T16:00:00.000000000,552.74,503.93471
2022-09-02T17:00:00.000000000,553.77,510.19405
2022-09-02T18:00:00.000000000,553.29,512.90572
2022-09-02T19:00:00.000000000,552.93,512.35968
2022-09-02T20:00:00.000000000,553.11,509.56709
2022-09-02T21:00:00.000000000,552.32,505.31971
2022-09-02T22:00:00.000000000,546.13,499.98016
2022-09-02T23:00:00.000000000,534.05,494.11425
2022-09-03T00:00:00.000000000,534.93,497.68824
2022-09-03T01:00:00.000000000,520.06,490.38864
2022-09-03T02:00:00.000000000,486.68,482.37562
2022-09-03T03:00:00.000000000,441.11,475.2372
2022-09-03T04:00:00.000000000,432.0,469.19801
2022-09-03T05:00:00.000000000,439.04,465.46853
2022-09-03T06:00:00.000000000,454.85,464.58399
2022-09-03T07:00:00.000000000,484.38,466.38253
2022-09-03T08:00:00.000000000,533.38,471.67746
2022-09-03T09:00:00.000000000,543.43,479.39795
2022-09-03T10:00:00.000000000,536.52,487.99095
2022-09-03T11:00:00.000000000,538.24,496.03055
2022-09-03T12:00:00.000000000,487.0,505.42296
2022-09-03T13:00:00.000000000,464.2,514.70134
2022-09-03T14:00:00.000000000,497.27,522.53961
2022-09-03T15:00:00.000000000,542.1,528.74932
2022-09-03T16:00:00.000000000,537.91,532.23519
2022-09-03T17:00:00.000000000,531.94,534.58745
2022-09-03T18:00:00.000000000,537.37,534.94409
2022-09-03T19:00:00.000000000,547.54,533.36901
2022-09-03T20:00:00.000000000,546.8,530.16138
2022-09-03T21:00:00.000000000,542.43,525.65299
2022-09-03T22:00:00.000000000,531.98,520.17172
2022-09-03T23:00:00.000000000,522.93,514.1484
2022-09-04T00:00:00.000000000,530.86,501.88464
2022-09-04T01:00:00.000000000,534.51,491.67026
2022-09-04T02:00:00.000000000,517.76,479.8114
2022-09-04T03:00:00.000000000,488.63,468.12858
2022-09-04T04:00:00.000000000,486.5,457.2846
2022-09-04T05:00:00.000000000,482.45,448.81801
2022-09-04T06:00:00.000000000,470.08,443.68679
2022-09-04T07:00:00.000000000,463.47,441.917
2022-09-04T08:00:00.000000000,473.53,444.62464
2022-09-04T09:00:00.000000000,481.38,451.07662
2022-09-04T10:00:00.000000000,484.08,459.77635
2022-09-04T11:00:00.000000000,490.33,469.22204
2022-09-04T12:00:00.000000000,484.61,480.95686
2022-09-04T13:00:00.000000000,487.93,492.9747
2022-09-04T14:00:00.000000000,517.02,503.6421
2022-09-04T15:00:00.000000000,545.33,512.49734
2022-09-04T16:00:00.000000000,532.87,518.58745
2022-09-04T17:00:00.000000000,534.56,522.96884
2022-09-04T18:00:00.000000000,540.66,524.47587
2022-09-04T19:00:00.000000000,539.32,523.25584
2022-09-04T20:00:00.000000000,539.72,519.85873
2022-09-04T21:00:00.000000000,541.8,514.90163
2022-09-04T22:00:00.000000000,542.69,508.79243
2022-09-04T23:00:00.000000000,542.42,502.03944
2022-09-02T00:00:00.000000000,499.45,531.67018
2022-09-02T01:00:00.000000000,485.08,517.5333
2022-09-02T02:00:00.000000000,461.86,499.85269
2022-09-02T03:00:00.000000000,448.84,480.80056
2022-09-02T04:00:00.000000000,418.0,461.84625
2022-09-02T05:00:00.000000000,387.36,445.26283
2022-09-02T06:00:00.000000000,367.38,432.62637
2022-09-02T07:00:00.000000000,369.82,424.77122
2022-09-02T08:00:00.000000000,384.68,423.11251
2022-09-02T09:00:00.000000000,404.62,427.0634
2022-09-02T10:00:00.000000000,422.73,435.36225
2022-09-02T11:00:00.000000000,448.6,446.4554
2022-09-02T12:00:00.000000000,471.43,461.82513
2022-09-02T13:00:00.000000000,494.0,478.85605
2022-09-02T14:00:00.000000000,526.35,495.36053
2022-09-02T15:00:00.000000000,552.49,509.83642
2022-09-02T16:00:00.000000000,552.74,521.04392
2022-09-02T17:00:00.000000000,553.77,529.48908
2022-09-02T18:00:00.000000000,553.29,533.29052
2022-09-02T19:00:00.000000000,552.93,532.76923
2022-09-02T20:00:00.000000000,553.11,529.01919
2022-09-02T21:00:00.000000000,552.32,523.05042
2022-09-02T22:00:00.000000000,546.13,515.75274
2022-09-02T23:00:00.000000000,534.05,507.85098
2022-09-03T00:00:00.000000000,534.93,511.80022
2022-09-03T01:00:00.000000000,520.06,505.5215
2022-09-03T02:00:00.000000000,486.68,498.66141
2022-09-03T03:00:00.000000000,441.11,492.46496
2022-09-03T04:00:00.000000000,432.0,487.03968
2022-09-03T05:00:00.000000000,439.04,483.50659
2022-09-03T06:00:00.000000000,454.85,482.29841
2022-09-03T07:00:00.000000000,484.38,483.40094
2022-09-03T08:00:00.000000000,533.38,487.73263
2022-09-03T09:00:00.000000000,543.43,494.29065
2022-09-03T10:00:00.000000000,536.52,501.65909
2022-09-03T11:00:00.000000000,538.24,508.27253
2022-09-03T12:00:00.000000000,487.0,516.03377
2022-09-03T13:00:00.000000000,464.2,523.61876
2022-09-03T14:00:00.000000000,497.27,529.83606
2022-09-03T15:00:00.000000000,542.1,534.62009
2022-09-03T16:00:00.000000000,537.91,536.85287
2022-09-03T17:00:00.000000000,531.94,538.29493
2022-09-03T18:00:00.000000000,537.37,537.99821
2022-09-03T19:00:00.000000000,547.54,535.96044
2022-09-03T20:00:00.000000000,546.8,532.32431
2022-09-03T21:00:00.000000000,542.43,527.32694
2022-09-03T22:00:00.000000000,531.98,521.43777
2022-09-03T23:00:00.000000000,522.93,515.22704
2022-09-04T00:00:00.000000000,530.86,502.74076
2022-09-04T01:00:00.000000000,534.51,491.51997
2022-09-04T02:00:00.000000000,517.76,478.06024
2022-09-04T03:00:00.000000000,488.63,464.32651
2022-09-04T04:00:00.000000000,486.5,451.13246
2022-09-04T05:00:00.000000000,482.45,440.11646
2022-09-04T06:00:00.000000000,470.08,432.46161
2022-09-04T07:00:00.000000000,463.47,428.2867
2022-09-04T08:00:00.000000000,473.53,428.85452
2022-09-04T09:00:00.000000000,481.38,433.70312
2022-09-04T10:00:00.000000000,484.08,441.55942
2022-09-04T11:00:00.000000000,490.33,451.0594
2022-09-04T12:00:00.000000000,484.61,463.64329
2022-09-04T13:00:00.000000000,487.93,477.09245
2022-09-04T14:00:00.000000000,517.02,489.6577
2022-09-04T15:00:00.000000000,545.33,500.61015
2022-09-04T16:00:00.000000000,532.87,508.87453
2022-09-04T17:00:00.000000000,534.56,515.26575
2022-09-04T18:00:00.000000000,540.66,518.47655
2022-09-04T19:00:00.000000000,539.32,518.67219
2022-09-04T20:00:00.000000000,539.72,516.33614
2022-09-04T21:00:00.000000000,541.8,512.05416
2022-09-04T22:00:00.000000000,542.69,506.20892
2022-09-04T23:00:00.000000000,542.42,499.41047
2022-09-05T00:00:00.000000000,544.12,475.89558
2022-09-05T01:00:00.000000000,542.34,460.58464
2022-09-05T02:00:00.000000000,525.16,442.03651
2022-09-05T03:00:00.000000000,500.63,423.13846
2022-09-05T04:00:00.000000000,483.15,405.50557
2022-09-05T05:00:00.000000000,447.35,391.22537
2022-09-05T06:00:00.000000000,411.31,382.07814
2022-09-05T07:00:00.000000000,392.13,377.91892
2022-09-05T08:00:00.000000000,388.04,379.70926
2022-09-05T09:00:00.000000000,410.31,386.7168
2022-09-05T10:00:00.000000000,443.06,397.29307
2022-09-05T11:00:00.000000000,475.55,410.28344
2022-09-05T12:00:00.000000000,478.99,427.00636
2022-09-05T13:00:00.000000000,493.39,445.00904
2022-09-05T14:00:00.000000000,518.54,462.31896
2022-09-05T15:00:00.000000000,551.03,477.70435
2022-09-05T16:00:00.000000000,555.21,489.83905
2022-09-05T17:00:00.000000000,552.72,498.51222
2022-09-05T18:00:00.000000000,552.44,502.41472
2022-09-05T19:00:00.000000000,543.57,501.77827
2022-09-05T20:00:00.000000000,540.81,497.72044
2022-09-05T21:00:00.000000000,542.04,491.42953
2022-09-05T22:00:00.000000000,545.01,483.45393
2022-09-05T23:00:00.000000000,545.05,474.41226
2022-09-03T00:00:00.000000000,534.93,531.40929
2022-09-03T01:00:00.000000000,520.06,527.14441
2022-09-03T02:00:00.000000000,486.68,522.38247
2022-09-03T03:00:00.000000000,441.11,517.84578
2022-09-03T04:00:00.000000000,432.0,513.43163
2022-09-03T05:00:00.000000000,439.04,510.21917
2022-09-03T06:00:00.000000000,454.85,508.3783
2022-09-03T07:00:00.000000000,484.38,508.13021
2022-09-03T08:00:00.000000000,533.38,510.64342
2022-09-03T09:00:00.000000000,543.43,514.99165
2022-09-03T10:00:00.000000000,536.52,519.9056
2022-09-03T11:00:00.000000000,538.24,523.71478
2022-09-03T12:00:00.000000000,487.0,528.44266
2022-09-03T13:00:00.000000000,464.2,532.89621
2022-09-03T14:00:00.000000000,497.27,536.27142
2022-09-03T15:00:00.000000000,542.1,538.88962
2022-09-03T16:00:00.000000000,537.91,539.73928
2022-09-03T17:00:00.000000000,531.94,540.73535
2022-09-03T18:00:00.000000000,537.37,540.49824
2022-09-03T19:00:00.000000000,547.54,538.86903
2022-09-03T20:00:00.000000000,546.8,535.91393
2022-09-03T21:00:00.000000000,542.43,531.73008
2022-09-03T22:00:00.000000000,531.98,526.79842
2022-09-03T23:00:00.000000000,522.93,521.72364
2022-09-04T00:00:00.000000000,530.86,508.82754
2022-09-04T01:00:00.000000000,534.51,498.16011
2022-09-04T02:00:00.000000000,517.76,485.38494
2022-09-04T03:00:00.000000000,488.63,472.28027
2022-09-04T04:00:00.000000000,486.5,459.46522
2022-09-04T05:00:00.000000000,482.45,448.41576
2022-09-04T06:00:00.000000000,470.08,440.14928
2022-09-04T07:00:00.000000000,463.47,434.83517
2022-09-04T08:00:00.000000000,473.53,433.95049
2022-09-04T09:00:00.000000000,481.38,437.18239
2022-09-04T10:00:00.000000000,484.08,443.41605
2022-09-04T11:00:00.000000000,490.33,451.34871
2022-09-04T12:00:00.000000000,484.61,462.41417
2022-09-04T13:00:00.000000000,487.93,474.39371
2022-09-04T14:00:00.000000000,517.02,485.67473
2022-09-04T15:00:00.000000000,545.33,495.6947
2022-09-04T16:00:00.000000000,532.87,503.41075
2022-09-04T17:00:00.000000000,534.56,509.6406
2022-09-04T18:00:00.000000000,540.66,512.95931
2022-09-04T19:00:00.000000000,539.32,513.49605
2022-09-04T20:00:00.000000000,539.72,511.67195
2022-09-04T21:00:00.000000000,541.8,507.98216
2022-09-04T22:00:00.000000000,542.69,502.75003
2022-09-04T23:00:00.000000000,542.42,496.61206
2022-09-05T00:00:00.000000000,544.12,469.52795
2022-09-05T01:00:00.000000000,542.34,455.6624
2022-09-05T02:00:00.000000000,525.16,439.06866
2022-09-05T03:00:00.000000000,500.63,422.53466
2022-09-05T04:00:00.000000000,483.15,407.10291
2022-09-05T05:00:00.000000000,447.35,394.38256
2022-09-05T06:00:00.000000000,411.31,385.71479
2022-09-05T07:00:00.000000000,392.13,380.93301
2022-09-05T08:00:00.000000000,388.04,381.28813
2022-09-05T09:00:00.000000000,410.31,386.27097
2022-09-05T10:00:00.000000000,443.06,394.4733
2022-09-05T11:00:00.000000000,475.55,405.10463
2022-09-05T12:00:00.000000000,478.99,419.35488
2022-09-05T13:00:00.000000000,493.39,434.82116
2022-09-05T14:00:00.000000000,518.54,449.86533
2022-09-05T15:00:00.000000000,551.03,463.56575
2022-09-05T16:00:00.000000000,555.21,474.56183
2022-09-05T17:00:00.000000000,552.72,482.75963
2022-09-05T18:00:00.000000000,552.44,486.93295
2022-09-05T19:00:00.000000000,543.57,487.2731
2022-09-05T20:00:00.000000000,540.81,484.72007
2022-09-05T21:00:00.000000000,542.04,480.15529
2022-09-05T22:00:00.000000000,545.01,473.7377
2022-09-05T23:00:00.000000000,545.05,466.10773
2022-09-06T00:00:00.000000000,537.89,445.51281
2022-09-06T01:00:00.000000000,527.4,430.19964
2022-09-06T02:00:00.000000000,495.35,411.9489
2022-09-06T03:00:00.000000000,440.33,394.20529
2022-09-06T04:00:00.000000000,412.19,378.3853
2022-09-06T05:00:00.000000000,380.7,366.27364
2022-09-06T06:00:00.000000000,353.91,359.69306
2022-09-06T07:00:00.000000000,357.21,358.2193
2022-09-06T08:00:00.000000000,371.96,362.55485
2022-09-06T09:00:00.000000000,395.38,371.69763
2022-09-06T10:00:00.000000000,415.01,383.99421
2022-09-06T11:00:00.000000000,436.59,398.68938
2022-09-06T12:00:00.000000000,456.66,417.46852
2022-09-06T13:00:00.000000000,485.54,437.89412
2022-09-06T14:00:00.000000000,509.87,457.81404
2022-09-06T15:00:00.000000000,547.35,475.62175
2022-09-06T16:00:00.000000000,555.17,489.78261
2022-09-06T17:00:00.000000000,556.59,500.11785
2022-09-06T18:00:00.000000000,559.4,505.65217
2022-09-06T19:00:00.000000000,562.85,506.68514
2022-09-06T20:00:00.000000000,563.9,504.30954
2022-09-06T21:00:00.000000000,565.74,499.70267
2022-09-06T22:00:00.000000000,565.46,493.22242
2022-09-06T23:00:00.000000000,566.23,485.23896
2022-09-04T00:00:00.000000000,530.86,519.77874
2022-09-04T01:00:00.000000000,534.51,508.47498
2022-09-04T02:00:00.000000000,517.76,494.84146
2022-09-04T03:00:00.000000000,488.63,480.71376
2022-09-04T04:00:00.000000000,486.5,466.87474
2022-09-04T05:00:00.000000000,482.45,455.02749
2022-09-04T06:00:00.000000000,470.08,446.43965
2022-09-04T07:00:00.000000000,463.47,441.54496
2022-09-04T08:00:00.000000000,473.53,441.6769
2022-09-04T09:00:00.000000000,481.38,446.36716
2022-09-04T10:00:00.000000000,484.08,454.44433
2022-09-04T11:00:00.000000000,490.33,464.30278
2022-09-04T12:00:00.000000000,484.61,477.45527
2022-09-04T13:00:00.000000000,487.93,491.70864
2022-09-04T14:00:00.000000000,517.02,505.10589
2022-09-04T15:00:00.000000000,545.33,516.6142
2022-09-04T16:00:00.000000000,532.87,525.07064
2022-09-04T17:00:00.000000000,534.56,531.55721
2022-09-04T18:00:00.000000000,540.66,534.67956
2022-09-04T19:00:00.000000000,539.32,534.57136
2022-09-04T20:00:00.000000000,539.72,531.57471
2022-09-04T21:00:00.000000000,541.8,526.22504
2022-09-04T22:00:00.000000000,542.69,519.23809
2022-09-04T23:00:00.000000000,542.42,511.42314
2022-09-05T00:00:00.000000000,544.12,497.06809
2022-09-05T01:00:00.000000000,542.34,481.37166
2022-09-05T02:00:00.000000000,525.16,461.80593
2022-09-05T03:00:00.000000000,500.63,441.17061
2022-09-05T04:00:00.000000000,483.15,421.1875
2022-09-05T05:00:00.000000000,447.35,404.08174
2022-09-05T06:00:00.000000000,411.31,391.74717
2022-09-05T07:00:00.000000000,392.13,384.37669
2022-09-05T08:00:00.000000000,388.04,383.18058
2022-09-05T09:00:00.000000000,410.31,387.68319
2022-09-05T10:00:00.000000000,443.06,396.56258
2022-09-05T11:00:00.000000000,475.55,408.61189
2022-09-05T12:00:00.000000000,478.99,425.18832
2022-09-05T13:00:00.000000000,493.39,443.62291
2022-09-05T14:00:00.000000000,518.54,461.71123
2022-09-05T15:00:00.000000000,551.03,477.98562
2022-09-05T16:00:00.000000000,555.21,491.15216
2022-09-05T17:00:00.000000000,552.72,501.14563
2022-09-05T18:00:00.000000000,552.44,506.45257
2022-09-05T19:00:00.000000000,543.57,507.37209
2022-09-05T20:00:00.000000000,540.81,504.88253
2022-09-05T21:00:00.000000000,542.04,500.02922
2022-09-05T22:00:00.000000000,545.01,493.39762
2022-09-05T23:00:00.000000000,545.05,485.57508
2022-09-06T00:00:00.000000000,537.89,472.28285
2022-09-06T01:00:00.000000000,527.4,457.08617
2022-09-06T02:00:00.000000000,495.35,438.69275
2022-09-06T03:00:00.000000000,440.33,420.21847
2022-09-06T04:00:00.000000000,412.19,403.18806
2022-09-06T05:00:00.000000000,380.7,389.62434
2022-09-06T06:00:00.000000000,353.91,381.37448
2022-09-06T07:00:00.000000000,357.21,378.35991
2022-09-06T08:00:00.000000000,371.96,381.37454
2022-09-06T09:00:00.000000000,395.38,389.58686
2022-09-06T10:00:00.000000000,415.01,401.44884
2022-09-06T11:00:00.000000000,436.59,415.90907
2022-09-06T12:00:00.000000000,456.66,434.56563
2022-09-06T13:00:00.000000000,485.54,454.8858
2022-09-06T14:00:00.000000000,509.87,474.48241
2022-09-06T15:00:00.000000000,547.35,491.64224
2022-09-06T16:00:00.000000000,555.17,504.9754
2022-09-06T17:00:00.000000000,556.59,514.67731
2022-09-06T18:00:00.000000000,559.4,519.66939
2022-09-06T19:00:00.000000000,562.85,520.30737
2022-09-06T20:00:00.000000000,563.9,517.5681
2022-09-06T21:00:00.000000000,565.74,512.51757
2022-09-06T22:00:00.000000000,565.46,505.66489
2022-09-06T23:00:00.000000000,566.23,497.44088
2022-09-07T00:00:00.000000000,565.43,480.79672
2022-09-07T01:00:00.000000000,555.44,467.30265
2022-09-07T02:00:00.000000000,520.02,451.85602
2022-09-07T03:00:00.000000000,482.77,437.12373
2022-09-07T04:00:00.000000000,453.34,424.21587
2022-09-07T05:00:00.000000000,437.56,414.77765
2022-09-07T06:00:00.000000000,422.74,410.24303
2022-09-07T07:00:00.000000000,415.76,410.42378
2022-09-07T08:00:00.000000000,429.92,416.00446
2022-09-07T09:00:00.000000000,450.36,425.95875
2022-09-07T10:00:00.000000000,481.63,438.46705
2022-09-07T11:00:00.000000000,509.22,452.16108
2022-09-07T12:00:00.000000000,520.99,468.70325
2022-09-07T13:00:00.000000000,531.9,486.03972
2022-09-07T14:00:00.000000000,536.27,501.85839
2022-09-07T15:00:00.000000000,552.86,514.79043
2022-09-07T16:00:00.000000000,552.74,523.62725
2022-09-07T17:00:00.000000000,541.82,529.0378
2022-09-07T18:00:00.000000000,529.03,530.32779
2022-09-07T19:00:00.000000000,519.59,527.67686
2022-09-07T20:00:00.000000000,517.11,521.83991
2022-09-07T21:00:00.000000000,513.97,513.74131
2022-09-07T22:00:00.000000000,508.39,504.16707
2022-09-07T23:00:00.000000000,505.56,493.75691
2022-09-05T00:00:00.000000000,544.12,540.86509
2022-09-05T01:00:00.000000000,542.34,532.09116
2022-09-05T02:00:00.000000000,525.16,521.56761
2022-09-05T03:00:00.000000000,500.63,510.40829
2022-09-05T04:00:00.000000000,483.15,498.99144
2022-09-05T05:00:00.000000000,447.35,488.7293
2022-09-05T06:00:00.000000000,411.31,480.34199
2022-09-05T07:00:00.000000000,392.13,474.38021
2022-09-05T08:00:00.000000000,388.04,472.53205
2022-09-05T09:00:00.000000000,410.31,474.48502
2022-09-05T10:00:00.000000000,443.06,479.23463
2022-09-05T11:00:00.000000000,475.55,485.02238
2022-09-05T12:00:00.000000000,478.99,493.39408
2022-09-05T13:00:00.000000000,493.39,502.3262
2022-09-05T14:00:00.000000000,518.54,510.3145
2022-09-05T15:00:00.000000000,551.03,517.07295
2022-09-05T16:00:00.000000000,555.21,521.80465
2022-09-05T17:00:00.000000000,552.72,525.82654
2022-09-05T18:00:00.000000000,552.44,527.4643
2022-09-05T19:00:00.000000000,543.57,526.71365
2022-09-05T20:00:00.000000000,540.81,523.80062
2022-09-05T21:00:00.000000000,542.04,519.04816
2022-09-05T22:00:00.000000000,545.01,513.11051
2022-09-05T23:00:00.000000000,545.05,506.79172
2022-09-06T00:00:00.000000000,537.89,499.09358
2022-09-06T01:00:00.000000000,527.4,487.30781
2022-09-06T02:00:00.000000000,495.35,473.49142
2022-09-06T03:00:00.000000000,440.33,459.90465
2022-09-06T04:00:00.000000000,412.19,447.34456
2022-09-06T05:00:00.000000000,380.7,437.35771
2022-09-06T06:00:00.000000000,353.91,431.14275
2022-09-06T07:00:00.000000000,357.21,428.7742
2022-09-06T08:00:00.000000000,371.96,431.23949
2022-09-06T09:00:00.000000000,395.38,437.77758
2022-09-06T10:00:00.000000000,415.01,447.10667
2022-09-06T11:00:00.000000000,436.59,457.92383
2022-09-06T12:00:00.000000000,456.66,471.97025
2022-09-06T13:00:00.000000000,485.54,487.1375
2022-09-06T14:00:00.000000000,509.87,501.36939
2022-09-06T15:00:00.000000000,547.35,513.48318
2022-09-06T16:00:00.000000000,555.17,522.21897
2022-09-06T17:00:00.000000000,556.59,528.57643
2022-09-06T18:00:00.000000000,559.4,531.49453
2022-09-06T19:00:00.000000000,562.85,531.24182
2022-09-06T20:00:00.000000000,563.9,528.35115
2022-09-06T21:00:00.000000000,565.74,523.45778
2022-09-06T22:00:00.000000000,565.46,517.087
2022-09-06T23:00:00.000000000,566.23,509.77569
2022-09-07T00:00:00.000000000,565.43,496.15058
2022-09-07T01:00:00.000000000,555.44,483.48537
2022-09-07T02:00:00.000000000,520.02,468.98404
2022-09-07T03:00:00.000000000,482.77,454.82471
2022-09-07T04:00:00.000000000,453.34,442.08275
2022-09-07T05:00:00.000000000,437.56,432.37127
2022-09-07T06:00:00.000000000,422.74,426.9483
2022-09-07T07:00:00.000000000,415.76,425.73962
2022-09-07T08:00:00.000000000,429.92,429.63002
2022-09-07T09:00:00.000000000,450.36,437.54903
2022-09-07T10:00:00.000000000,481.63,447.72761
2022-09-07T11:00:00.000000000,509.22,458.54348
2022-09-07T12:00:00.000000000,520.99,471.71737
2022-09-07T13:00:00.000000000,531.9,485.37302
2022-09-07T14:00:00.000000000,536.27,497.63249
2022-09-07T15:00:00.000000000,552.86,507.66314
2022-09-07T16:00:00.000000000,552.74,514.43609
2022-09-07T17:00:00.000000000,541.82,518.40808
2022-09-07T18:00:00.000000000,529.03,518.47625
2022-09-07T19:00:00.000000000,519.59,514.71139
2022-09-07T20:00:00.000000000,517.11,507.93244
2022-09-07T21:00:00.000000000,513.97,499.11849
2022-09-07T22:00:00.000000000,508.39,489.2796
2022-09-07T23:00:00.000000000,505.56,479.18176
2022-09-08T00:00:00.000000000,499.62,452.1678
2022-09-08T01:00:00.000000000,481.92,433.75311
2022-09-08T02:00:00.000000000,440.81,410.21554
2022-09-08T03:00:00.000000000,412.64,384.72854
2022-09-08T04:00:00.000000000,399.41,360.13924
2022-09-08T05:00:00.000000000,397.8,339.5646
2022-09-08T06:00:00.000000000,379.23,325.36533
2022-09-08T07:00:00.000000000,373.61,318.00931
2022-09-08T08:00:00.000000000,380.14,317.94531
2022-09-08T09:00:00.000000000,385.25,323.77344
2022-09-08T10:00:00.000000000,384.06,333.65677
2022-09-08T11:00:00.000000000,387.64,346.02582
2022-09-08T12:00:00.000000000,400.65,361.49579
2022-09-08T13:00:00.000000000,406.42,377.66657
2022-09-08T14:00:00.000000000,424.61,393.11158
2022-09-08T15:00:00.000000000,459.49,407.09841
2022-09-08T16:00:00.000000000,465.4,418.18208
2022-09-08T17:00:00.000000000,476.17,424.87026
2022-09-08T18:00:00.000000000,487.04,425.45408
2022-09-08T19:00:00.000000000,495.33,420.49623
2022-09-08T20:00:00.000000000,495.34,411.59832
2022-09-08T21:00:00.000000000,486.9,400.50946
2022-09-08T22:00:00.000000000,483.91,388.83993
2022-09-08T23:00:00.000000000,480.25,377.65958
2022-09-06T00:00:00.000000000,537.89,543.84465
2022-09-06T01:00:00.000000000,527.4,533.32295
2022-09-06T02:00:00.000000000,495.35,520.88426
2022-09-06T03:00:00.000000000,440.33,508.14836
2022-09-06T04:00:00.000000000,412.19,495.79267
2022-09-06T05:00:00.000000000,380.7,485.47237
2022-09-06T06:00:00.000000000,353.91,478.09514
2022-09-06T07:00:00.000000000,357.21,474.27432
2022-09-06T08:00:00.000000000,371.96,475.29997
2022-09-06T09:00:00.000000000,395.38,480.43135
2022-09-06T10:00:00.000000000,415.01,488.46396
2022-09-06T11:00:00.000000000,436.59,497.43886
2022-09-06T12:00:00.000000000,456.66,508.83504
2022-09-06T13:00:00.000000000,485.54,520.69538
2022-09-06T14:00:00.000000000,509.87,531.24708
2022-09-06T15:00:00.000000000,547.35,539.6931
2022-09-06T16:00:00.000000000,555.17,544.95443
2022-09-06T17:00:00.000000000,556.59,548.59501
2022-09-06T18:00:00.000000000,559.4,549.22561
2022-09-06T19:00:00.000000000,562.85,546.97396
2022-09-06T20:00:00.000000000,563.9,542.24037
2022-09-06T21:00:00.000000000,565.74,535.5142
2022-09-06T22:00:00.000000000,565.46,527.57952
2022-09-06T23:00:00.000000000,566.23,519.23674
2022-09-07T00:00:00.000000000,565.43,503.94617
2022-09-07T01:00:00.000000000,555.44,491.55507
2022-09-07T02:00:00.000000000,520.02,477.42272
2022-09-07T03:00:00.000000000,482.77,463.52074
2022-09-07T04:00:00.000000000,453.34,450.84801
2022-09-07T05:00:00.000000000,437.56,440.96072
2022-09-07T06:00:00.000000000,422.74,435.07366
2022-09-07T07:00:00.000000000,415.76,433.25283
2022-09-07T08:00:00.000000000,429.92,436.55891
2022-09-07T09:00:00.000000000,450.36,443.96848
2022-09-07T10:00:00.000000000,481.63,453.67862
2022-09-07T11:00:00.000000000,509.22,463.79349
2022-09-07T12:00:00.000000000,520.99,475.84943
2022-09-07T13:00:00.000000000,531.9,487.96542
2022-09-07T14:00:00.000000000,536.27,498.38968
2022-09-07T15:00:00.000000000,552.86,506.58777
2022-09-07T16:00:00.000000000,552.74,511.75671
2022-09-07T17:00:00.000000000,541.82,514.39571
2022-09-07T18:00:00.000000000,529.03,513.34803
2022-09-07T19:00:00.000000000,519.59,508.60268
2022-09-07T20:00:00.000000000,517.11,500.88897
2022-09-07T21:00:00.000000000,513.97,491.1524
2022-09-07T22:00:00.000000000,508.39,480.53156
2022-09-07T23:00:00.000000000,505.56,469.9086
2022-09-08T00:00:00.000000000,499.62,447.97342
2022-09-08T01:00:00.000000000,481.92,428.29918
2022-09-08T02:00:00.000000000,440.81,402.46381
2022-09-08T03:00:00.000000000,412.64,373.94129
2022-09-08T04:00:00.000000000,399.41,345.89744
2022-09-08T05:00:00.000000000,397.8,321.62447
2022-09-08T06:00:00.000000000,379.23,303.59307
2022-09-08T07:00:00.000000000,373.61,292.47685
2022-09-08T08:00:00.000000000,380.14,288.76054
2022-09-08T09:00:00.000000000,385.25,291.18448
2022-09-08T10:00:00.000000000,384.06,298.48877
2022-09-08T11:00:00.000000000,387.64,309.53539
2022-09-08T12:00:00.000000000,400.65,325.11531
2022-09-08T13:00:00.000000000,406.42,342.71563
2022-09-08T14:00:00.000000000,424.61,361.03713
2022-09-08T15:00:00.000000000,459.49,379.06216
2022-09-08T16:00:00.000000000,465.4,394.97766
2022-09-08T17:00:00.000000000,476.17,407.09088
2022-09-08T18:00:00.000000000,487.04,413.23494
2022-09-08T19:00:00.000000000,495.33,413.85651
2022-09-08T20:00:00.000000000,495.34,410.21125
2022-09-08T21:00:00.000000000,486.9,403.78532
2022-09-08T22:00:00.000000000,483.91,395.80746
2022-09-08T23:00:00.000000000,480.25,387.07869
2022-09-09T00:00:00.000000000,471.6,385.75503
2022-09-09T01:00:00.000000000,453.39,370.23779
2022-09-09T02:00:00.000000000,423.54,349.75098
2022-09-09T03:00:00.000000000,378.06,328.73576
2022-09-09T04:00:00.000000000,348.29,309.59506
2022-09-09T05:00:00.000000000,330.33,294.68325
2022-09-09T06:00:00.000000000,302.77,286.34375
2022-09-09T07:00:00.000000000,278.4,284.65941
2022-09-09T08:00:00.000000000,270.63,289.61528
2022-09-09T09:00:00.000000000,272.82,299.26954
2022-09-09T10:00:00.000000000,277.63,312.15408
2022-09-09T11:00:00.000000000,277.16,327.64287
2022-09-09T12:00:00.000000000,287.29,346.89296
2022-09-09T13:00:00.000000000,323.94,367.58098
2022-09-09T14:00:00.000000000,373.7,388.75468
2022-09-09T15:00:00.000000000,432.91,409.04184
2022-09-09T16:00:00.000000000,450.15,426.26552
2022-09-09T17:00:00.000000000,477.41,439.4365
2022-09-09T18:00:00.000000000,509.7,447.46644
2022-09-09T19:00:00.000000000,528.61,451.09967
2022-09-09T20:00:00.000000000,523.52,451.70887
2022-09-09T21:00:00.000000000,516.79,450.55104
2022-09-09T22:00:00.000000000,507.56,447.71552
2022-09-09T23:00:00.000000000,498.04,443.49085
2022-09-07T00:00:00.000000000,565.43,558.69329
2022-09-07T01:00:00.000000000,555.44,546.30222
2022-09-07T02:00:00.000000000,520.02,531.08475
2022-09-07T03:00:00.000000000,482.77,514.49745
2022-09-07T04:00:00.000000000,453.34,497.74927
2022-09-07T05:00:00.000000000,437.56,482.89585
2022-09-07T06:00:00.000000000,422.74,471.06748
2022-09-07T07:00:00.000000000,415.76,463.16524
2022-09-07T08:00:00.000000000,429.92,460.88373
2022-09-07T09:00:00.000000000,450.36,463.64077
2022-09-07T10:00:00.000000000,481.63,469.90836
2022-09-07T11:00:00.000000000,509.22,477.32697
2022-09-07T12:00:00.000000000,520.99,487.28843
2022-09-07T13:00:00.000000000,531.9,497.52285
2022-09-07T14:00:00.000000000,536.27,506.26729
2022-09-07T15:00:00.000000000,552.86,513.18867
2022-09-07T16:00:00.000000000,552.74,517.9955
2022-09-07T17:00:00.000000000,541.82,521.46919
2022-09-07T18:00:00.000000000,529.03,521.63959
2022-09-07T19:00:00.000000000,519.59,518.45051
2022-09-07T20:00:00.000000000,517.11,512.54685
2022-09-07T21:00:00.000000000,513.97,504.58811
2022-09-07T22:00:00.000000000,508.39,495.73071
2022-09-07T23:00:00.000000000,505.56,486.83646
2022-09-08T00:00:00.000000000,499.62,471.24304
2022-09-08T01:00:00.000000000,481.92,449.96663
2022-09-08T02:00:00.000000000,440.81,421.66177
2022-09-08T03:00:00.000000000,412.64,389.84116
2022-09-08T04:00:00.000000000,399.41,357.99972
2022-09-08T05:00:00.000000000,397.8,329.77249
2022-09-08T06:00:00.000000000,379.23,307.85333
2022-09-08T07:00:00.000000000,373.61,293.24292
2022-09-08T08:00:00.000000000,380.14,286.59334
2022-09-08T09:00:00.000000000,385.25,286.76319
2022-09-08T10:00:00.000000000,384.06,292.57782
2022-09-08T11:00:00.000000000,387.64,302.78769
2022-09-08T12:00:00.000000000,400.65,318.21041
2022-09-08T13:00:00.000000000,406.42,336.14771
2022-09-08T14:00:00.000000000,424.61,355.1139
2022-09-08T15:00:00.000000000,459.49,374.01475
2022-09-08T16:00:00.000000000,465.4,391.07249
2022-09-08T17:00:00.000000000,476.17,404.5161
2022-09-08T18:00:00.000000000,487.04,411.86321
2022-09-08T19:00:00.000000000,495.33,413.57608
2022-09-08T20:00:00.000000000,495.34,410.89628
2022-09-08T21:00:00.000000000,486.9,405.28253
2022-09-08T22:00:00.000000000,483.91,398.01542
2022-09-08T23:00:00.000000000,480.25,389.7593
2022-09-09T00:00:00.000000000,471.6,391.63036
2022-09-09T01:00:00.000000000,453.39,376.51262
2022-09-09T02:00:00.000000000,423.54,356.59001
2022-09-09T03:00:00.000000000,378.06,336.18351
2022-09-09T04:00:00.000000000,348.29,317.46635
2022-09-09T05:00:00.000000000,330.33,302.52328
2022-09-09T06:00:00.000000000,302.77,293.61022
2022-09-09T07:00:00.000000000,278.4,290.89369
2022-09-09T08:00:00.000000000,270.63,294.59143
2022-09-09T09:00:00.000000000,272.82,302.90334
2022-09-09T10:00:00.000000000,277.63,314.53659
2022-09-09T11:00:00.000000000,277.16,328.99512
2022-09-09T12:00:00.000000000,287.29,347.53918
2022-09-09T13:00:00.000000000,323.94,367.77932
2022-09-09T14:00:00.000000000,373.7,388.63022
2022-09-09T15:00:00.000000000,432.91,408.66266
2022-09-09T16:00:00.000000000,450.15,425.77892
2022-09-09T17:00:00.000000000,477.41,439.07622
2022-09-09T18:00:00.000000000,509.7,447.47508
2022-09-09T19:00:00.000000000,528.61,451.71595
2022-09-09T20:00:00.000000000,523.52,453.0963
2022-09-09T21:00:00.000000000,516.79,452.80641
2022-09-09T22:00:00.000000000,507.56,450.8968
2022-09-09T23:00:00.000000000,498.04,447.63693
2022-09-10T00:00:00.000000000,493.29,449.85495
2022-09-10T01:00:00.000000000,469.57,438.23718
2022-09-10T02:00:00.000000000,419.03,425.36599
2022-09-10T03:00:00.000000000,360.1,414.57721
2022-09-10T04:00:00.000000000,332.97,406.22441
2022-09-10T05:00:00.000000000,315.31,401.40188
2022-09-10T06:00:00.000000000,308.68,401.05424
2022-09-10T07:00:00.000000000,319.88,404.63297
2022-09-10T08:00:00.000000000,345.27,412.64551
2022-09-10T09:00:00.000000000,368.67,424.01904
2022-09-10T10:00:00.000000000,385.12,437.02111
2022-09-10T11:00:00.000000000,413.26,450.93305
2022-09-10T12:00:00.000000000,437.01,467.94177
2022-09-10T13:00:00.000000000,443.15,486.03069
2022-09-10T14:00:00.000000000,445.16,502.8095
2022-09-10T15:00:00.000000000,465.98,516.76774
2022-09-10T16:00:00.000000000,469.86,526.78345
2022-09-10T17:00:00.000000000,462.99,534.0998
2022-09-10T18:00:00.000000000,451.77,538.4221
2022-09-10T19:00:00.000000000,453.14,539.84592
2022-09-10T20:00:00.000000000,434.71,538.64684
2022-09-10T21:00:00.000000000,402.16,535.05205
2022-09-10T22:00:00.000000000,383.42,529.09601
2022-09-10T23:00:00.000000000,375.28,520.96708
2022-09-08T00:00:00.000000000,499.62,492.95297
2022-09-08T01:00:00.000000000,481.92,467.25191
2022-09-08T02:00:00.000000000,440.81,432.73145
2022-09-08T03:00:00.000000000,412.64,393.75751
2022-09-08T04:00:00.000000000,399.41,355.20793
2022-09-08T05:00:00.000000000,397.8,322.00785
2022-09-08T06:00:00.000000000,379.23,297.81427
2022-09-08T07:00:00.000000000,373.61,283.51843
2022-09-08T08:00:00.000000000,380.14,279.14885
2022-09-08T09:00:00.000000000,385.25,282.87298
2022-09-08T10:00:00.000000000,384.06,292.71322
2022-09-08T11:00:00.000000000,387.64,307.21607
2022-09-08T12:00:00.000000000,400.65,327.40601
2022-09-08T13:00:00.000000000,406.42,350.39923
2022-09-08T14:00:00.000000000,424.61,374.27543
2022-09-08T15:00:00.000000000,459.49,397.23042
2022-09-08T16:00:00.000000000,465.4,417.15508
2022-09-08T17:00:00.000000000,476.17,431.60955
2022-09-08T18:00:00.000000000,487.04,437.99818
2022-09-08T19:00:00.000000000,495.33,437.08607
2022-09-08T20:00:00.000000000,495.34,431.3806
2022-09-08T21:00:00.000000000,486.9,423.20123
2022-09-08T22:00:00.000000000,483.91,414.03951
2022-09-08T23:00:00.000000000,480.25,404.23636
2022-09-09T00:00:00.000000000,471.6,416.47512
2022-09-09T01:00:00.000000000,453.39,400.66444
2022-09-09T02:00:00.000000000,423.54,379.6939
2022-09-09T03:00:00.000000000,378.06,357.91683
2022-09-09T04:00:00.000000000,348.29,337.22146
2022-09-09T05:00:00.000000000,330.33,319.87788
2022-09-09T06:00:00.000000000,302.77,308.67188
2022-09-09T07:00:00.000000000,278.4,304.32989
2022-09-09T08:00:00.000000000,270.63,307.45902
2022-09-09T09:00:00.000000000,272.82,316.74317
2022-09-09T10:00:00.000000000,277.63,331.06933
2022-09-09T11:00:00.000000000,277.16,349.66798
2022-09-09T12:00:00.000000000,287.29,373.9764
2022-09-09T13:00:00.000000000,323.94,400.74236
2022-09-09T14:00:00.000000000,373.7,427.59402
2022-09-09T15:00:00.000000000,432.91,452.15088
2022-09-09T16:00:00.000000000,450.15,472.66662
2022-09-09T17:00:00.000000000,477.41,489.02608
2022-09-09T18:00:00.000000000,509.7,500.0516
2022-09-09T19:00:00.000000000,528.61,506.45659
2022-09-09T20:00:00.000000000,523.52,509.09078
2022-09-09T21:00:00.000000000,516.79,508.98603
2022-09-09T22:00:00.000000000,507.56,506.62246
2022-09-09T23:00:00.000000000,498.04,502.21185
2022-09-10T00:00:00.000000000,493.29,491.03745
2022-09-10T01:00:00.000000000,469.57,478.84792
2022-09-10T02:00:00.000000000,419.03,464.8253
2022-09-10T03:00:00.000000000,360.1,452.13249
2022-09-10T04:00:00.000000000,332.97,441.2507
2022-09-10T05:00:00.000000000,315.31,433.45402
2022-09-10T06:00:00.000000000,308.68,429.73702
2022-09-10T07:00:00.000000000,319.88,430.12076
2022-09-10T08:00:00.000000000,345.27,435.54622
2022-09-10T09:00:00.000000000,368.67,445.43089
2022-09-10T10:00:00.000000000,385.12,458.18923
2022-09-10T11:00:00.000000000,413.26,472.64196
2022-09-10T12:00:00.000000000,437.01,490.26363
2022-09-10T13:00:00.000000000,443.15,508.71952
2022-09-10T14:00:00.000000000,445.16,525.53566
2022-09-10T15:00:00.000000000,465.98,539.09896
2022-09-10T16:00:00.000000000,469.86,548.44396
2022-09-10T17:00:00.000000000,462.99,555.19963
2022-09-10T18:00:00.000000000,451.77,558.79222
2022-09-10T19:00:00.000000000,453.14,559.22418
2022-09-10T20:00:00.000000000,434.71,556.66075
2022-09-10T21:00:00.000000000,402.16,551.25356
2022-09-10T22:00:00.000000000,383.42,542.99906
2022-09-10T23:00:00.000000000,375.28,532.33841
2022-09-11T00:00:00.000000000,371.58,524.93765
2022-09-11T01:00:00.000000000,361.11,516.07767
2022-09-11T02:00:00.000000000,360.49,504.96939
2022-09-11T03:00:00.000000000,353.25,493.00251
2022-09-11T04:00:00.000000000,354.45,480.50753
2022-09-11T05:00:00.000000000,353.4,468.79368
2022-09-11T06:00:00.000000000,339.88,458.64811
2022-09-11T07:00:00.000000000,322.66,450.53514
2022-09-11T08:00:00.000000000,321.97,446.3352
2022-09-11T09:00:00.000000000,341.75,446.03911
2022-09-11T10:00:00.000000000,342.6,448.9567
2022-09-11T11:00:00.000000000,351.61,453.91587
2022-09-11T12:00:00.000000000,350.78,462.65904
2022-09-11T13:00:00.000000000,379.3,472.96416
2022-09-11T14:00:00.000000000,435.87,483.26654
2022-09-11T15:00:00.000000000,497.48,492.98139
2022-09-11T16:00:00.000000000,515.13,501.15359
2022-09-11T17:00:00.000000000,520.53,508.70545
2022-09-11T18:00:00.000000000,525.76,513.75482
2022-09-11T19:00:00.000000000,530.58,516.2231
2022-09-11T20:00:00.000000000,543.76,516.28336
2022-09-11T21:00:00.000000000,552.39,514.16562
2022-09-11T22:00:00.000000000,559.93,510.31492
2022-09-11T23:00:00.000000000,567.56,505.51451
2022-09-09T00:00:00.000000000,471.6,485.84006
2022-09-09T01:00:00.000000000,453.39,469.19126
2022-09-09T02:00:00.000000000,423.54,448.66639
2022-09-09T03:00:00.000000000,378.06,427.68689
2022-09-09T04:00:00.000000000,348.29,407.94517
2022-09-09T05:00:00.000000000,330.33,391.65175
2022-09-09T06:00:00.000000000,302.77,380.836
2022-09-09T07:00:00.000000000,278.4,375.91335
2022-09-09T08:00:00.000000000,270.63,377.79824
2022-09-09T09:00:00.000000000,272.82,385.61058
2022-09-09T10:00:00.000000000,277.63,397.90722
2022-09-09T11:00:00.000000000,277.16,413.61046
2022-09-09T12:00:00.000000000,287.29,434.2459
2022-09-09T13:00:00.000000000,323.94,456.92552
2022-09-09T14:00:00.000000000,373.7,479.0245
2022-09-09T15:00:00.000000000,432.91,498.37873
2022-09-09T16:00:00.000000000,450.15,513.48369
2022-09-09T17:00:00.000000000,477.41,524.60501
2022-09-09T18:00:00.000000000,509.7,530.46456
2022-09-09T19:00:00.000000000,528.61,531.63838
2022-09-09T20:00:00.000000000,523.52,529.32312
2022-09-09T21:00:00.000000000,516.79,524.68003
2022-09-09T22:00:00.000000000,507.56,518.2486
2022-09-09T23:00:00.000000000,498.04,510.33862
2022-09-10T00:00:00.000000000,493.29,514.73486
2022-09-10T01:00:00.000000000,469.57,505.09386
2022-09-10T02:00:00.000000000,419.03,494.0843
2022-09-10T03:00:00.000000000,360.1,483.77142
2022-09-10T04:00:00.000000000,332.97,474.56226
2022-09-10T05:00:00.000000000,315.31,467.77079
2022-09-10T06:00:00.000000000,308.68,464.11641
2022-09-10T07:00:00.000000000,319.88,463.81339
2022-09-10T08:00:00.000000000,345.27,467.85055
2022-09-10T09:00:00.000000000,368.67,475.37574
2022-09-10T10:00:00.000000000,385.12,484.95604
2022-09-10T11:00:00.000000000,413.26,495.07095
2022-09-10T12:00:00.000000000,437.01,507.47624
2022-09-10T13:00:00.000000000,443.15,520.41443
2022-09-10T14:00:00.000000000,445.16,532.01684
2022-09-10T15:00:00.000000000,465.98,541.2819
2022-09-10T16:00:00.000000000,469.86,547.08723
2022-09-10T17:00:00.000000000,462.99,551.10233
2022-09-10T18:00:00.000000000,451.77,552.38708
2022-09-10T19:00:00.000000000,453.14,550.91369
2022-09-10T20:00:00.000000000,434.71,546.93708
2022-09-10T21:00:00.000000000,402.16,540.73673
2022-09-10T22:00:00.000000000,383.42,532.81766
2022-09-10T23:00:00.000000000,375.28,523.84269
2022-09-11T00:00:00.000000000,371.58,521.69387
2022-09-11T01:00:00.000000000,361.11,514.02025
2022-09-11T02:00:00.000000000,360.49,504.8341
2022-09-11T03:00:00.000000000,353.25,495.4573
2022-09-11T04:00:00.000000000,354.45,486.08344
2022-09-11T05:00:00.000000000,353.4,477.97269
2022-09-11T06:00:00.000000000,339.88,471.90715
2022-09-11T07:00:00.000000000,322.66,468.21062
2022-09-11T08:00:00.000000000,321.97,468.24044
2022-09-11T09:00:00.000000000,341.75,471.40912
2022-09-11T10:00:00.000000000,342.6,476.7776
2022-09-11T11:00:00.000000000,351.61,482.9622
2022-09-11T12:00:00.000000000,350.78,491.96318
2022-09-11T13:00:00.000000000,379.3,502.01069
2022-09-11T14:00:00.000000000,435.87,511.61455
2022-09-11T15:00:00.000000000,497.48,520.17883
2022-09-11T16:00:00.000000000,515.13,526.48957
2022-09-11T17:00:00.000000000,520.53,531.92235
2022-09-11T18:00:00.000000000,525.76,534.95946
2022-09-11T19:00:00.000000000,530.58,535.5827
2022-09-11T20:00:00.000000000,543.76,533.93621
2022-09-11T21:00:00.000000000,552.39,530.29854
2022-09-11T22:00:00.000000000,559.93,525.28452
2022-09-11T23:00:00.000000000,567.56,519.65379
2022-09-12T00:00:00.000000000,577.8,514.05643
2022-09-12T01:00:00.000000000,588.84,502.60609
2022-09-12T02:00:00.000000000,589.44,488.63373
2022-09-12T03:00:00.000000000,586.21,474.05405
2022-09-12T04:00:00.000000000,574.84,459.63862
2022-09-12T05:00:00.000000000,548.46,446.91212
2022-09-12T06:00:00.000000000,501.0,437.16787
2022-09-12T07:00:00.000000000,475.62,430.69726
2022-09-12T08:00:00.000000000,447.14,428.97734
2022-09-12T09:00:00.000000000,411.39,431.69431
2022-09-12T10:00:00.000000000,388.17,437.928
2022-09-12T11:00:00.000000000,385.82,446.36179
2022-09-12T12:00:00.000000000,373.37,458.80093
2022-09-12T13:00:00.000000000,376.87,473.02081
2022-09-12T14:00:00.000000000,395.05,486.99581
2022-09-12T15:00:00.000000000,453.61,499.56365
2022-09-12T16:00:00.000000000,456.97,509.54011
2022-09-12T17:00:00.000000000,472.89,517.66154
2022-09-12T18:00:00.000000000,494.25,522.39216
2022-09-12T19:00:00.000000000,510.77,523.78334
2022-09-12T20:00:00.000000000,524.79,522.13507
2022-09-12T21:00:00.000000000,532.75,517.98203
2022-09-12T22:00:00.000000000,541.55,512.08026
2022-09-12T23:00:00.000000000,547.9,505.22321
2022-09-10T00:00:00.000000000,493.29,520.60038
2022-09-10T01:00:00.000000000,469.57,511.50245
2022-09-10T02:00:00.000000000,419.03,500.90181
2022-09-10T03:00:00.000000000,360.1,490.50092
2022-09-10T04:00:00.000000000,332.97,480.73188
2022-09-10T05:00:00.000000000,315.31,473.00491
2022-09-10T06:00:00.000000000,308.68,468.06905
2022-09-10T07:00:00.000000000,319.88,466.28855
2022-09-10T08:00:00.000000000,345.27,468.75144
2022-09-10T09:00:00.000000000,368.67,474.57501
2022-09-10T10:00:00.000000000,385.12,482.47028
2022-09-10T11:00:00.000000000,413.26,490.94056
2022-09-10T12:00:00.000000000,437.01,501.9818
2022-09-10T13:00:00.000000000,443.15,513.87862
2022-09-10T14:00:00.000000000,445.16,524.92637
2022-09-10T15:00:00.000000000,465.98,534.19227
2022-09-10T16:00:00.000000000,469.86,540.47646
2022-09-10T17:00:00.000000000,462.99,545.20786
2022-09-10T18:00:00.000000000,451.77,547.04735
2022-09-10T19:00:00.000000000,453.14,545.982
2022-09-10T20:00:00.000000000,434.71,542.40192
2022-09-10T21:00:00.000000000,402.16,536.69228
2022-09-10T22:00:00.000000000,383.42,529.55461
2022-09-10T23:00:00.000000000,375.28,521.73708
2022-09-11T00:00:00.000000000,371.58,518.84223
2022-09-11T01:00:00.000000000,361.11,510.87764
2022-09-11T02:00:00.000000000,360.49,501.40008
2022-09-11T03:00:00.000000000,353.25,491.88447
2022-09-11T04:00:00.000000000,354.45,482.55454
2022-09-11T05:00:00.000000000,353.4,474.66562
2022-09-11T06:00:00.000000000,339.88,468.95505
2022-09-11T07:00:00.000000000,322.66,465.68499
2022-09-11T08:00:00.000000000,321.97,466.09645
2022-09-11T09:00:00.000000000,341.75,469.39289
2022-09-11T10:00:00.000000000,342.6,474.62401
2022-09-11T11:00:00.000000000,351.61,480.57585
2022-09-11T12:00:00.000000000,350.78,489.37415
2022-09-11T13:00:00.000000000,379.3,499.24538
2022-09-11T14:00:00.000000000,435.87,508.80702
2022-09-11T15:00:00.000000000,497.48,517.50758
2022-09-11T16:00:00.000000000,515.13,524.02869
2022-09-11T17:00:00.000000000,520.53,529.64865
2022-09-11T18:00:00.000000000,525.76,532.81868
2022-09-11T19:00:00.000000000,530.58,533.68818
2022-09-11T20:00:00.000000000,543.76,532.62499
2022-09-11T21:00:00.000000000,552.39,529.99503
2022-09-11T22:00:00.000000000,559.93,526.22393
2022-09-11T23:00:00.000000000,567.56,521.85083
2022-09-12T00:00:00.000000000,577.8,525.147
2022-09-12T01:00:00.000000000,588.84,515.63031
2022-09-12T02:00:00.000000000,589.44,504.21292
2022-09-12T03:00:00.000000000,586.21,492.40285
2022-09-12T04:00:00.000000000,574.84,480.62668
2022-09-12T05:00:00.000000000,548.46,470.26174
2022-09-12T06:00:00.000000000,501.0,462.30402
2022-09-12T07:00:00.000000000,475.62,457.16682
2022-09-12T08:00:00.000000000,447.14,456.32169
2022-09-12T09:00:00.000000000,411.39,459.31996
2022-09-12T10:00:00.000000000,388.17,465.24123
2022-09-12T11:00:00.000000000,385.82,472.6112
2022-09-12T12:00:00.000000000,373.37,483.27101
2022-09-12T13:00:00.000000000,376.87,495.22988
2022-09-12T14:00:00.000000000,395.05,506.71254
2022-09-12T15:00:00.000000000,453.61,516.84221
2022-09-12T16:00:00.000000000,456.97,524.41967
2022-09-12T17:00:00.000000000,472.89,530.62536
2022-09-12T18:00:00.000000000,494.25,533.91937
2022-09-12T19:00:00.000000000,510.77,534.33102
2022-09-12T20:00:00.000000000,524.79,532.06938
2022-09-12T21:00:00.000000000,532.75,527.54739
2022-09-12T22:00:00.000000000,541.55,521.53694
2022-09-12T23:00:00.000000000,547.9,514.87882
2022-09-13T00:00:00.000000000,550.46,500.29477
2022-09-13T01:00:00.000000000,538.29,481.28776
2022-09-13T02:00:00.000000000,492.46,458.49934
2022-09-13T03:00:00.000000000,412.32,434.89933
2022-09-13T04:00:00.000000000,369.2,412.68824
2022-09-13T05:00:00.000000000,317.67,394.47114
2022-09-13T06:00:00.000000000,283.52,382.26232
2022-09-13T07:00:00.000000000,259.85,376.29349
2022-09-13T08:00:00.000000000,251.24,377.54427
2022-09-13T09:00:00.000000000,255.49,384.84247
2022-09-13T10:00:00.000000000,259.06,395.98336
2022-09-13T11:00:00.000000000,268.81,409.25437
2022-09-13T12:00:00.000000000,292.93,425.52183
2022-09-13T13:00:00.000000000,310.74,442.21006
2022-09-13T14:00:00.000000000,343.66,457.29738
2022-09-13T15:00:00.000000000,432.05,469.84652
2022-09-13T16:00:00.000000000,465.27,478.78302
2022-09-13T17:00:00.000000000,474.19,483.34282
2022-09-13T18:00:00.000000000,473.35,482.14694
2022-09-13T19:00:00.000000000,463.77,475.59208
2022-09-13T20:00:00.000000000,462.56,465.53724
2022-09-13T21:00:00.000000000,470.63,453.74496
2022-09-13T22:00:00.000000000,471.59,441.42425
2022-09-13T23:00:00.000000000,464.61,429.33494
2022-09-11T00:00:00.000000000,371.58,413.68818
2022-09-11T01:00:00.000000000,361.11,409.12181
2022-09-11T02:00:00.000000000,360.49,402.51302
2022-09-11T03:00:00.000000000,353.25,395.94138
2022-09-11T04:00:00.000000000,354.45,388.88593
2022-09-11T05:00:00.000000000,353.4,381.98435
2022-09-11T06:00:00.000000000,339.88,376.85279
2022-09-11T07:00:00.000000000,322.66,373.89685
2022-09-11T08:00:00.000000000,321.97,374.7061
2022-09-11T09:00:00.000000000,341.75,379.09634
2022-09-11T10:00:00.000000000,342.6,386.61916
2022-09-11T11:00:00.000000000,351.61,397.0052
2022-09-11T12:00:00.000000000,350.78,412.20791
2022-09-11T13:00:00.000000000,379.3,429.63029
2022-09-11T14:00:00.000000000,435.87,447.48997
2022-09-11T15:00:00.000000000,497.48,464.60028
2022-09-11T16:00:00.000000000,515.13,479.83832
2022-09-11T17:00:00.000000000,520.53,494.22053
2022-09-11T18:00:00.000000000,525.76,506.54466
2022-09-11T19:00:00.000000000,530.58,516.36623
2022-09-11T20:00:00.000000000,543.76,523.00427
2022-09-11T21:00:00.000000000,552.39,526.26888
2022-09-11T22:00:00.000000000,559.93,526.25508
2022-09-11T23:00:00.000000000,567.56,523.91824
2022-09-12T00:00:00.000000000,577.8,525.89381
2022-09-12T01:00:00.000000000,588.84,516.17843
2022-09-12T02:00:00.000000000,589.44,504.33835
2022-09-12T03:00:00.000000000,586.21,491.91253
2022-09-12T04:00:00.000000000,574.84,479.37365
2022-09-12T05:00:00.000000000,548.46,468.12678
2022-09-12T06:00:00.000000000,501.0,459.25845
2022-09-12T07:00:00.000000000,475.62,453.25464
2022-09-12T08:00:00.000000000,447.14,451.65135
2022-09-12T09:00:00.000000000,411.39,454.06254
2022-09-12T10:00:00.000000000,388.17,459.63913
2022-09-12T11:00:00.000000000,385.82,466.95629
2022-09-12T12:00:00.000000000,373.37,477.94325
2022-09-12T13:00:00.000000000,376.87,490.56909
2022-09-12T14:00:00.000000000,395.05,502.97945
2022-09-12T15:00:00.000000000,453.61,514.12604
2022-09-12T16:00:00.000000000,456.97,522.76783
2022-09-12T17:00:00.000000000,472.89,529.96785
2022-09-12T18:00:00.000000000,494.25,534.06856
2022-09-12T19:00:00.000000000,510.77,535.04032
2022-09-12T20:00:00.000000000,524.79,533.06784
2022-09-12T21:00:00.000000000,532.75,528.55894
2022-09-12T22:00:00.000000000,541.55,522.38871
2022-09-12T23:00:00.000000000,547.9,515.4937
2022-09-13T00:00:00.000000000,550.46,499.48116
2022-09-13T01:00:00.000000000,538.29,479.45289
2022-09-13T02:00:00.000000000,492.46,455.13305
2022-09-13T03:00:00.000000000,412.32,429.74848
2022-09-13T04:00:00.000000000,369.2,405.73367
2022-09-13T05:00:00.000000000,317.67,385.82041
2022-09-13T06:00:00.000000000,283.52,372.24223
2022-09-13T07:00:00.000000000,259.85,365.19645
2022-09-13T08:00:00.000000000,251.24,365.61886
2022-09-13T09:00:00.000000000,255.49,372.36312
2022-09-13T10:00:00.000000000,259.06,383.30636
2022-09-13T11:00:00.000000000,268.81,396.82576
2022-09-13T12:00:00.000000000,292.93,413.917
2022-09-13T13:00:00.000000000,310.74,431.955
2022-09-13T14:00:00.000000000,343.66,448.79074
2022-09-13T15:00:00.000000000,432.05,463.21688
2022-09-13T16:00:00.000000000,465.27,474.05933
2022-09-13T17:00:00.000000000,474.19,480.33056
2022-09-13T18:00:00.000000000,473.35,480.57369
2022-09-13T19:00:00.000000000,463.77,475.1392
2022-09-13T20:00:00.000000000,462.56,465.8493
2022-09-13T21:00:00.000000000,470.63,454.4608
2022-09-13T22:00:00.000000000,471.59,442.22123
2022-09-13T23:00:00.000000000,464.61,429.90472
2022-09-14T00:00:00.000000000,447.55,399.06532
2022-09-14T01:00:00.000000000,406.07,383.24185
2022-09-14T02:00:00.000000000,355.4,363.39433
2022-09-14T03:00:00.000000000,316.97,342.75663
2022-09-14T04:00:00.000000000,289.17,323.74758
2022-09-14T05:00:00.000000000,271.6,308.8502
2022-09-14T06:00:00.000000000,259.46,299.89822
2022-09-14T07:00:00.000000000,263.96,296.94549
2022-09-14T08:00:00.000000000,261.07,300.18097
2022-09-14T09:00:00.000000000,256.16,307.9971
2022-09-14T10:00:00.000000000,257.4,318.72994
2022-09-14T11:00:00.000000000,255.65,331.36125
2022-09-14T12:00:00.000000000,252.98,346.56205
2022-09-14T13:00:00.000000000,256.13,362.2019
2022-09-14T14:00:00.000000000,271.49,377.39511
2022-09-14T15:00:00.000000000,318.79,391.57464
2022-09-14T16:00:00.000000000,343.25,403.01771
2022-09-14T17:00:00.000000000,357.92,410.20066
2022-09-14T18:00:00.000000000,357.4,411.67825
2022-09-14T19:00:00.000000000,360.57,408.00413
2022-09-14T20:00:00.000000000,353.84,400.6233
2022-09-14T21:00:00.000000000,350.59,391.23197
2022-09-14T22:00:00.000000000,352.96,381.16961
2022-09-14T23:00:00.000000000,348.43,371.48552
2022-09-12T00:00:00.000000000,577.8,567.04598
2022-09-12T01:00:00.000000000,588.84,559.32038
2022-09-12T02:00:00.000000000,589.44,549.51879
2022-09-12T03:00:00.000000000,586.21,538.31132
2022-09-12T04:00:00.000000000,574.84,525.88082
2022-09-12T05:00:00.000000000,548.46,513.62825
2022-09-12T06:00:00.000000000,501.0,502.15427
2022-09-12T07:00:00.000000000,475.62,492.50079
2022-09-12T08:00:00.000000000,447.14,486.9503
2022-09-12T09:00:00.000000000,411.39,485.57388
2022-09-12T10:00:00.000000000,388.17,487.64024
2022-09-12T11:00:00.000000000,385.82,491.18327
2022-09-12T12:00:00.000000000,373.37,497.79275
2022-09-12T13:00:00.000000000,376.87,505.26462
2022-09-12T14:00:00.000000000,395.05,512.08645
2022-09-12T15:00:00.000000000,453.61,518.07634
2022-09-12T16:00:00.000000000,456.97,522.77569
2022-09-12T17:00:00.000000000,472.89,527.60191
2022-09-12T18:00:00.000000000,494.25,530.30745
2022-09-12T19:00:00.000000000,510.77,530.62869
2022-09-12T20:00:00.000000000,524.79,528.57889
2022-09-12T21:00:00.000000000,532.75,524.27474
2022-09-12T22:00:00.000000000,541.55,518.60237
2022-09-12T23:00:00.000000000,547.9,512.60965
2022-09-13T00:00:00.000000000,550.46,489.61155
2022-09-13T01:00:00.000000000,538.29,468.94968
2022-09-13T02:00:00.000000000,492.46,443.4465
2022-09-13T03:00:00.000000000,412.32,416.37299
2022-09-13T04:00:00.000000000,369.2,390.63585
2022-09-13T05:00:00.000000000,317.67,369.4632
2022-09-13T06:00:00.000000000,283.52,355.37279
2022-09-13T07:00:00.000000000,259.85,348.75884
2022-09-13T08:00:00.000000000,251.24,350.2952
2022-09-13T09:00:00.000000000,255.49,358.52743
2022-09-13T10:00:00.000000000,259.06,371.0243
2022-09-13T11:00:00.000000000,268.81,385.88783
2022-09-13T12:00:00.000000000,292.93,403.71414
2022-09-13T13:00:00.000000000,310.74,421.81918
2022-09-13T14:00:00.000000000,343.66,438.18944
2022-09-13T15:00:00.000000000,432.05,451.83657
2022-09-13T16:00:00.000000000,465.27,461.58553
2022-09-13T17:00:00.000000000,474.19,466.21446
2022-09-13T18:00:00.000000000,473.35,464.29135
2022-09-13T19:00:00.000000000,463.77,456.37036
2022-09-13T20:00:00.000000000,462.56,444.65207
2022-09-13T21:00:00.000000000,470.63,431.27195
2022-09-13T22:00:00.000000000,471.59,417.78682
2022-09-13T23:00:00.000000000,464.61,404.97138
2022-09-14T00:00:00.000000000,447.55,362.06507
2022-09-14T01:00:00.000000000,406.07,351.2736
2022-09-14T02:00:00.000000000,355.4,338.12964
2022-09-14T03:00:00.000000000,316.97,325.44589
2022-09-14T04:00:00.000000000,289.17,314.33567
2022-09-14T05:00:00.000000000,271.6,306.09431
2022-09-14T06:00:00.000000000,259.46,301.86135
2022-09-14T07:00:00.000000000,263.96,301.06432
2022-09-14T08:00:00.000000000,261.07,304.16441
2022-09-14T09:00:00.000000000,256.16,310.30601
2022-09-14T10:00:00.000000000,257.4,318.30511
2022-09-14T11:00:00.000000000,255.65,327.78069
2022-09-14T12:00:00.000000000,252.98,339.38963
2022-09-14T13:00:00.000000000,256.13,351.21417
2022-09-14T14:00:00.000000000,271.49,362.69894
2022-09-14T15:00:00.000000000,318.79,373.80954
2022-09-14T16:00:00.000000000,343.25,383.11463
2022-09-14T17:00:00.000000000,357.92,389.37445
2022-09-14T18:00:00.000000000,357.4,391.6985
2022-09-14T19:00:00.000000000,360.57,390.39317
2022-09-14T20:00:00.000000000,353.84,385.92621
2022-09-14T21:00:00.000000000,350.59,379.21048
2022-09-14T22:00:00.000000000,352.96,371.23641
2022-09-14T23:00:00.000000000,348.43,363.2302
2022-09-15T00:00:00.000000000,345.15,348.10639
2022-09-15T01:00:00.000000000,339.3,338.69695
2022-09-15T02:00:00.000000000,315.39,326.1149
2022-09-15T03:00:00.000000000,288.52,313.77132
2022-09-15T04:00:00.000000000,267.31,302.70677
2022-09-15T05:00:00.000000000,262.8,294.22293
2022-09-15T06:00:00.000000000,259.25,289.83582
2022-09-15T07:00:00.000000000,247.58,289.59172
2022-09-15T08:00:00.000000000,245.88,293.92633
2022-09-15T09:00:00.000000000,239.8,301.24181
2022-09-15T10:00:00.000000000,237.66,310.42819
2022-09-15T11:00:00.000000000,231.96,320.97638
2022-09-15T12:00:00.000000000,233.56,333.97846
2022-09-15T13:00:00.000000000,241.27,347.53118
2022-09-15T14:00:00.000000000,257.78,361.58197
2022-09-15T15:00:00.000000000,279.93,376.0205
2022-09-15T16:00:00.000000000,293.11,389.06416
2022-09-15T17:00:00.000000000,290.2,400.10684
2022-09-15T18:00:00.000000000,313.71,408.20094
2022-09-15T19:00:00.000000000,321.02,413.76079
2022-09-15T20:00:00.000000000,326.45,417.10818
2022-09-15T21:00:00.000000000,333.83,418.7082
2022-09-15T22:00:00.000000000,334.87,418.55175
2022-09-15T23:00:00.000000000,337.26,417.25407
2022-09-13T00:00:00.000000000,550.46,546.78189
2022-09-13T01:00:00.000000000,538.29,530.59824
2022-09-13T02:00:00.000000000,492.46,510.70763
2022-09-13T03:00:00.000000000,412.32,489.20621
2022-09-13T04:00:00.000000000,369.2,467.74883
2022-09-13T05:00:00.000000000,317.67,448.69418
2022-09-13T06:00:00.000000000,283.52,433.58097
2022-09-13T07:00:00.000000000,259.85,423.1805
2022-09-13T08:00:00.000000000,251.24,419.21763
2022-09-13T09:00:00.000000000,255.49,421.22255
2022-09-13T10:00:00.000000000,259.06,427.63198
2022-09-13T11:00:00.000000000,268.81,436.54678
2022-09-13T12:00:00.000000000,292.93,449.01689
2022-09-13T13:00:00.000000000,310.74,462.29202
2022-09-13T14:00:00.000000000,343.66,474.3112
2022-09-13T15:00:00.000000000,432.05,484.41164
2022-09-13T16:00:00.000000000,465.27,492.03426
2022-09-13T17:00:00.000000000,474.19,497.19099
2022-09-13T18:00:00.000000000,473.35,497.97704
2022-09-13T19:00:00.000000000,463.77,494.62128
2022-09-13T20:00:00.000000000,462.56,488.33145
2022-09-13T21:00:00.000000000,470.63,480.18347
2022-09-13T22:00:00.000000000,471.59,471.18033
2022-09-13T23:00:00.000000000,464.61,462.06775
2022-09-14T00:00:00.000000000,447.55,434.90887
2022-09-14T01:00:00.000000000,406.07,420.38929
2022-09-14T02:00:00.000000000,355.4,402.0609
2022-09-14T03:00:00.000000000,316.97,382.5904
2022-09-14T04:00:00.000000000,289.17,364.18666
2022-09-14T05:00:00.000000000,271.6,349.38737
2022-09-14T06:00:00.000000000,259.46,340.0522
2022-09-14T07:00:00.000000000,263.96,336.51174
2022-09-14T08:00:00.000000000,261.07,339.03489
2022-09-14T09:00:00.000000000,256.16,346.16209
2022-09-14T10:00:00.000000000,257.4,356.12869
2022-09-14T11:00:00.000000000,255.65,367.46205
2022-09-14T12:00:00.000000000,252.98,380.79694
2022-09-14T13:00:00.000000000,256.13,393.91927
2022-09-14T14:00:00.000000000,271.49,405.42221
2022-09-14T15:00:00.000000000,318.79,414.90622
2022-09-14T16:00:00.000000000,343.25,421.12437
2022-09-14T17:00:00.000000000,357.92,423.15151
2022-09-14T18:00:00.000000000,357.4,419.87794
2022-09-14T19:00:00.000000000,360.57,412.24167
2022-09-14T20:00:00.000000000,353.84,401.81875
2022-09-14T21:00:00.000000000,350.59,390.25916
2022-09-14T22:00:00.000000000,352.96,379.1929
2022-09-14T23:00:00.000000000,348.43,369.68824
2022-09-15T00:00:00.000000000,345.15,364.97141
2022-09-15T01:00:00.000000000,339.3,353.38639
2022-09-15T02:00:00.000000000,315.39,338.23577
2022-09-15T03:00:00.000000000,288.52,323.52047
2022-09-15T04:00:00.000000000,267.31,310.48286
2022-09-15T05:00:00.000000000,262.8,300.43109
2022-09-15T06:00:00.000000000,259.25,295.11245
2022-09-15T07:00:00.000000000,247.58,294.47903
2022-09-15T08:00:00.000000000,245.88,299.16503
2022-09-15T09:00:00.000000000,239.8,307.6356
2022-09-15T10:00:00.000000000,237.66,318.57034
2022-09-15T11:00:00.000000000,231.96,331.37809
2022-09-15T12:00:00.000000000,233.56,347.13376
2022-09-15T13:00:00.000000000,241.27,363.67029
2022-09-15T14:00:00.000000000,257.78,380.45001
2022-09-15T15:00:00.000000000,279.93,396.82411
2022-09-15T16:00:00.000000000,293.11,410.94198
2022-09-15T17:00:00.000000000,290.2,422.23742
2022-09-15T18:00:00.000000000,313.71,429.93457
2022-09-15T19:00:00.000000000,321.02,434.41405
2022-09-15T20:00:00.000000000,326.45,436.29831
2022-09-15T21:00:00.000000000,333.83,436.33815
2022-09-15T22:00:00.000000000,334.87,434.57239
2022-09-15T23:00:00.000000000,337.26,431.49895
2022-09-16T00:00:00.000000000,332.89,415.20826
2022-09-16T01:00:00.000000000,332.03,401.42907
2022-09-16T02:00:00.000000000,327.47,384.97986
2022-09-16T03:00:00.000000000,308.54,368.87119
2022-09-16T04:00:00.000000000,288.07,354.58233
2022-09-16T05:00:00.000000000,275.47,343.89745
2022-09-16T06:00:00.000000000,278.66,338.45891
2022-09-16T07:00:00.000000000,264.3,337.94808
2022-09-16T08:00:00.000000000,259.66,342.97128
2022-09-16T09:00:00.000000000,278.71,352.38193
2022-09-16T10:00:00.000000000,286.38,364.35148
2022-09-16T11:00:00.000000000,302.36,377.70915
2022-09-16T12:00:00.000000000,329.25,393.20019
2022-09-16T13:00:00.000000000,353.32,408.69615
2022-09-16T14:00:00.000000000,380.09,422.83415
2022-09-16T15:00:00.000000000,404.58,434.97302
2022-09-16T16:00:00.000000000,412.9,443.76378
2022-09-16T17:00:00.000000000,431.82,448.52798
2022-09-16T18:00:00.000000000,437.54,448.44864
2022-09-16T19:00:00.000000000,438.7,443.84477
2022-09-16T20:00:00.000000000,428.18,435.93317
2022-09-16T21:00:00.000000000,416.32,426.14316
2022-09-16T22:00:00.000000000,410.07,415.46214
2022-09-16T23:00:00.000000000,414.95,404.95886
2022-09-14T00:00:00.000000000,447.55,450.30251
2022-09-14T01:00:00.000000000,406.07,431.34751
2022-09-14T02:00:00.000000000,355.4,406.35145
2022-09-14T03:00:00.000000000,316.97,378.81546
2022-09-14T04:00:00.000000000,289.17,352.02144
2022-09-14T05:00:00.000000000,271.6,329.38528
2022-09-14T06:00:00.000000000,259.46,313.55765
2022-09-14T07:00:00.000000000,263.96,305.03514
2022-09-14T08:00:00.000000000,261.07,304.08697
2022-09-14T09:00:00.000000000,256.16,309.19616
2022-09-14T10:00:00.000000000,257.4,318.6873
2022-09-14T11:00:00.000000000,255.65,331.18404
2022-09-14T12:00:00.000000000,252.98,347.52661
2022-09-14T13:00:00.000000000,256.13,365.268
2022-09-14T14:00:00.000000000,271.49,382.93018
2022-09-14T15:00:00.000000000,318.79,399.48156
2022-09-14T16:00:00.000000000,343.25,413.20497
2022-09-14T17:00:00.000000000,357.92,422.45418
2022-09-14T18:00:00.000000000,357.4,425.37556
2022-09-14T19:00:00.000000000,360.57,422.64205
2022-09-14T20:00:00.000000000,353.84,415.94661
2022-09-14T21:00:00.000000000,350.59,407.10408
2022-09-14T22:00:00.000000000,352.96,397.60984
2022-09-14T23:00:00.000000000,348.43,388.30148
2022-09-15T00:00:00.000000000,345.15,383.02257
2022-09-15T01:00:00.000000000,339.3,368.89794
2022-09-15T02:00:00.000000000,315.39,350.69633
2022-09-15T03:00:00.000000000,288.52,332.61693
2022-09-15T04:00:00.000000000,267.31,316.36135
2022-09-15T05:00:00.000000000,262.8,303.56515
2022-09-15T06:00:00.000000000,259.25,296.20908
2022-09-15T07:00:00.000000000,247.58,294.14963
2022-09-15T08:00:00.000000000,245.88,297.98851
2022-09-15T09:00:00.000000000,239.8,306.26612
2022-09-15T10:00:00.000000000,237.66,317.6082
2022-09-15T11:00:00.000000000,231.96,331.46942
2022-09-15T12:00:00.000000000,233.56,348.93912
2022-09-15T13:00:00.000000000,241.27,367.72087
2022-09-15T14:00:00.000000000,257.78,386.92659
2022-09-15T15:00:00.000000000,279.93,405.47562
2022-09-15T16:00:00.000000000,293.11,421.40855
2022-09-15T17:00:00.000000000,290.2,433.83431
2022-09-15T18:00:00.000000000,313.71,441.76598
2022-09-15T19:00:00.000000000,321.02,445.57129
2022-09-15T20:00:00.000000000,326.45,446.19547
2022-09-15T21:00:00.000000000,333.83,444.70206
2022-09-15T22:00:00.000000000,334.87,441.20884
2022-09-15T23:00:00.000000000,337.26,436.26125
2022-09-16T00:00:00.000000000,332.89,420.95805
2022-09-16T01:00:00.000000000,332.03,409.56514
2022-09-16T02:00:00.000000000,327.47,396.84386
2022-09-16T03:00:00.000000000,308.54,385.46418
2022-09-16T04:00:00.000000000,288.07,375.92751
2022-09-16T05:00:00.000000000,275.47,369.22553
2022-09-16T06:00:00.000000000,278.66,366.40446
2022-09-16T07:00:00.000000000,264.3,366.89733
2022-09-16T08:00:00.000000000,259.66,371.74008
2022-09-16T09:00:00.000000000,278.71,380.27049
2022-09-16T10:00:00.000000000,286.38,390.89255
2022-09-16T11:00:00.000000000,302.36,402.80873
2022-09-16T12:00:00.000000000,329.25,417.02462
2022-09-16T13:00:00.000000000,353.32,431.48769
2022-09-16T14:00:00.000000000,380.09,444.83771
2022-09-16T15:00:00.000000000,404.58,456.45977
2022-09-16T16:00:00.000000000,412.9,465.08172
2022-09-16T17:00:00.000000000,431.82,470.63966
2022-09-16T18:00:00.000000000,437.54,472.42076
2022-09-16T19:00:00.000000000,438.7,470.38902
2022-09-16T20:00:00.000000000,428.18,465.26974
2022-09-16T21:00:00.000000000,416.32,457.98487
2022-09-16T22:00:00.000000000,410.07,448.93341
2022-09-16T23:00:00.000000000,414.95,439.11373
2022-09-17T00:00:00.000000000,408.66,408.35562
2022-09-17T01:00:00.000000000,389.26,392.37843
2022-09-17T02:00:00.000000000,357.05,371.91331
2022-09-17T03:00:00.000000000,312.26,350.3493
2022-09-17T04:00:00.000000000,289.62,330.33308
2022-09-17T05:00:00.000000000,283.93,314.71204
2022-09-17T06:00:00.000000000,274.73,305.61962
2022-09-17T07:00:00.000000000,259.49,303.08365
2022-09-17T08:00:00.000000000,247.16,306.93506
2022-09-17T09:00:00.000000000,248.21,315.38619
2022-09-17T10:00:00.000000000,244.27,326.74931
2022-09-17T11:00:00.000000000,237.29,339.94375
2022-09-17T12:00:00.000000000,234.31,355.9161
2022-09-17T13:00:00.000000000,245.25,372.63368
2022-09-17T14:00:00.000000000,270.39,389.00895
2022-09-17T15:00:00.000000000,288.56,404.16348
2022-09-17T16:00:00.000000000,301.89,416.21882
2022-09-17T17:00:00.000000000,326.48,423.84293
2022-09-17T18:00:00.000000000,342.88,425.67741
2022-09-17T19:00:00.000000000,342.33,422.48911
2022-09-17T20:00:00.000000000,353.2,415.90613
2022-09-17T21:00:00.000000000,365.18,407.58774
2022-09-17T22:00:00.000000000,369.17,398.67447
2022-09-17T23:00:00.000000000,372.41,390.0427
2022-09-15T00:00:00.000000000,345.15,363.39256
2022-09-15T01:00:00.000000000,339.3,351.92025
2022-09-15T02:00:00.000000000,315.39,336.28193
2022-09-15T03:00:00.000000000,288.52,320.32976
2022-09-15T04:00:00.000000000,267.31,305.58231
2022-09-15T05:00:00.000000000,262.8,293.64245
2022-09-15T06:00:00.000000000,259.25,286.53157
2022-09-15T07:00:00.000000000,247.58,284.3969
2022-09-15T08:00:00.000000000,245.88,287.87468
2022-09-15T09:00:00.000000000,239.8,295.44335
2022-09-15T10:00:00.000000000,237.66,306.00438
2022-09-15T11:00:00.000000000,231.96,319.11071
2022-09-15T12:00:00.000000000,233.56,335.93458
2022-09-15T13:00:00.000000000,241.27,354.16748
2022-09-15T14:00:00.000000000,257.78,373.20433
2022-09-15T15:00:00.000000000,279.93,392.17703
2022-09-15T16:00:00.000000000,293.11,409.19316
2022-09-15T17:00:00.000000000,290.2,423.36917
2022-09-15T18:00:00.000000000,313.71,433.47811
2022-09-15T19:00:00.000000000,321.02,439.76653
2022-09-15T20:00:00.000000000,326.45,442.9055
2022-09-15T21:00:00.000000000,333.83,443.77333
2022-09-15T22:00:00.000000000,334.87,442.55924
2022-09-15T23:00:00.000000000,337.26,439.92931
2022-09-16T00:00:00.000000000,332.89,428.6287
2022-09-16T01:00:00.000000000,332.03,417.50675
2022-09-16T02:00:00.000000000,327.47,405.2663
2022-09-16T03:00:00.000000000,308.54,394.55746
2022-09-16T04:00:00.000000000,288.07,385.7234
2022-09-16T05:00:00.000000000,275.47,379.65561
2022-09-16T06:00:00.000000000,278.66,377.25634
2022-09-16T07:00:00.000000000,264.3,377.88715
2022-09-16T08:00:00.000000000,259.66,382.56904
2022-09-16T09:00:00.000000000,278.71,390.60132
2022-09-16T10:00:00.000000000,286.38,400.42973
2022-09-16T11:00:00.000000000,302.36,411.41279
2022-09-16T12:00:00.000000000,329.25,424.80047
2022-09-16T13:00:00.000000000,353.32,438.62659
2022-09-16T14:00:00.000000000,380.09,451.53928
2022-09-16T15:00:00.000000000,404.58,462.91844
2022-09-16T16:00:00.000000000,412.9,471.39532
2022-09-16T17:00:00.000000000,431.82,477.0378
2022-09-16T18:00:00.000000000,437.54,479.14273
2022-09-16T19:00:00.000000000,438.7,477.73054
2022-09-16T20:00:00.000000000,428.18,473.52757
2022-09-16T21:00:00.000000000,416.32,467.34618
2022-09-16T22:00:00.000000000,410.07,459.40845
2022-09-16T23:00:00.000000000,414.95,450.55624
2022-09-17T00:00:00.000000000,408.66,425.5185
2022-09-17T01:00:00.000000000,389.26,411.72176
2022-09-17T02:00:00.000000000,357.05,394.75703
2022-09-17T03:00:00.000000000,312.26,377.76871
2022-09-17T04:00:00.000000000,289.62,362.25364
2022-09-17T05:00:00.000000000,283.93,350.03546
2022-09-17T06:00:00.000000000,274.73,342.7637
2022-09-17T07:00:00.000000000,259.49,340.21039
2022-09-17T08:00:00.000000000,247.16,343.10501
2022-09-17T09:00:00.000000000,248.21,350.46241
2022-09-17T10:00:00.000000000,244.27,360.68067
2022-09-17T11:00:00.000000000,237.29,372.80924
2022-09-17T12:00:00.000000000,234.31,387.71022
2022-09-17T13:00:00.000000000,245.25,403.14851
2022-09-17T14:00:00.000000000,270.39,417.79159
2022-09-17T15:00:00.000000000,288.56,430.92617
2022-09-17T16:00:00.000000000,301.89,441.0944
2022-09-17T17:00:00.000000000,326.48,447.73352
2022-09-17T18:00:00.000000000,342.88,449.91127
2022-09-17T19:00:00.000000000,342.33,448.00846
2022-09-17T20:00:00.000000000,353.2,443.08806
2022-09-17T21:00:00.000000000,365.18,436.32747
2022-09-17T22:00:00.000000000,369.17,428.34479
2022-09-17T23:00:00.000000000,372.41,419.97269
2022-09-18T00:00:00.000000000,381.78,382.03755
2022-09-18T01:00:00.000000000,372.37,367.72559
2022-09-18T02:00:00.000000000,356.39,350.05896
2022-09-18T03:00:00.000000000,340.61,332.59946
2022-09-18T04:00:00.000000000,333.03,317.296
2022-09-18T05:00:00.000000000,316.06,306.37789
2022-09-18T06:00:00.000000000,296.6,301.73798
2022-09-18T07:00:00.000000000,288.72,302.9895
2022-09-18T08:00:00.000000000,280.76,310.10695
2022-09-18T09:00:00.000000000,280.28,321.46706
2022-09-18T10:00:00.000000000,280.07,335.28442
2022-09-18T11:00:00.000000000,278.71,350.6323
2022-09-18T12:00:00.000000000,271.03,368.4122
2022-09-18T13:00:00.000000000,268.77,386.6089
2022-09-18T14:00:00.000000000,288.16,404.16351
2022-09-18T15:00:00.000000000,308.69,420.12851
2022-09-18T16:00:00.000000000,326.45,432.68489
2022-09-18T17:00:00.000000000,344.47,440.85714
2022-09-18T18:00:00.000000000,357.21,443.71532
2022-09-18T19:00:00.000000000,378.71,441.72181
2022-09-18T20:00:00.000000000,400.03,436.19614
2022-09-18T21:00:00.000000000,413.54,428.55537
2022-09-18T22:00:00.000000000,416.96,419.55016
2022-09-18T23:00:00.000000000,414.96,410.16174
2022-09-16T00:00:00.000000000,332.89,362.24745
2022-09-16T01:00:00.000000000,332.03,357.92147
2022-09-16T02:00:00.000000000,327.47,354.15109
2022-09-16T03:00:00.000000000,308.54,352.864
2022-09-16T04:00:00.000000000,288.07,353.50726
2022-09-16T05:00:00.000000000,275.47,356.14625
2022-09-16T06:00:00.000000000,278.66,361.50178
2022-09-16T07:00:00.000000000,264.3,368.69108
2022-09-16T08:00:00.000000000,259.66,378.72649
2022-09-16T09:00:00.000000000,278.71,390.98233
2022-09-16T10:00:00.000000000,286.38,404.02191
2022-09-16T11:00:00.000000000,302.36,417.05801
2022-09-16T12:00:00.000000000,329.25,431.08058
2022-09-16T13:00:00.000000000,353.32,444.399
2022-09-16T14:00:00.000000000,380.09,456.09493
2022-09-16T15:00:00.000000000,404.58,466.04652
2022-09-16T16:00:00.000000000,412.9,473.14392
2022-09-16T17:00:00.000000000,431.82,478.08764
2022-09-16T18:00:00.000000000,437.54,480.64414
2022-09-16T19:00:00.000000000,438.7,480.23718
2022-09-16T20:00:00.000000000,428.18,476.70009
2022-09-16T21:00:00.000000000,416.32,470.58241
2022-09-16T22:00:00.000000000,410.07,462.19948
2022-09-16T23:00:00.000000000,414.95,453.00682
2022-09-17T00:00:00.000000000,408.66,429.7243
2022-09-17T01:00:00.000000000,389.26,414.62057
2022-09-17T02:00:00.000000000,357.05,394.67751
2022-09-17T03:00:00.000000000,312.26,373.1658
2022-09-17T04:00:00.000000000,289.62,352.37797
2022-09-17T05:00:00.000000000,283.93,334.85989
2022-09-17T06:00:00.000000000,274.73,322.67104
2022-09-17T07:00:00.000000000,259.49,316.0615
2022-09-17T08:00:00.000000000,247.16,315.44651
2022-09-17T09:00:00.000000000,248.21,319.65174
2022-09-17T10:00:00.000000000,244.27,327.42506
2022-09-17T11:00:00.000000000,237.29,337.82889
2022-09-17T12:00:00.000000000,234.31,351.86909
2022-09-17T13:00:00.000000000,245.25,367.32139
2022-09-17T14:00:00.000000000,270.39,383.02842
2022-09-17T15:00:00.000000000,288.56,398.17688
2022-09-17T16:00:00.000000000,301.89,411.07733
2022-09-17T17:00:00.000000000,326.48,420.72766
2022-09-17T18:00:00.000000000,342.88,425.62304
2022-09-17T19:00:00.000000000,342.33,426.3772
2022-09-17T20:00:00.000000000,353.2,424.00022
2022-09-17T21:00:00.000000000,365.18,419.59003
2022-09-17T22:00:00.000000000,369.17,413.89266
2022-09-17T23:00:00.000000000,372.41,407.6509
2022-09-18T00:00:00.000000000,381.78,377.2299
2022-09-18T01:00:00.000000000,372.37,366.12816
2022-09-18T02:00:00.000000000,356.39,352.08148
2022-09-18T03:00:00.000000000,340.61,338.34587
2022-09-18T04:00:00.000000000,333.03,326.16498
2022-09-18T05:00:00.000000000,316.06,317.10953
2022-09-18T06:00:00.000000000,296.6,312.70484
2022-09-18T07:00:00.000000000,288.72,312.54668
2022-09-18T08:00:00.000000000,280.76,317.18306
2022-09-18T09:00:00.000000000,280.28,325.46652
2022-09-18T10:00:00.000000000,280.07,335.94067
2022-09-18T11:00:00.000000000,278.71,347.79978
2022-09-18T12:00:00.000000000,271.03,361.91735
2022-09-18T13:00:00.000000000,268.77,376.33643
2022-09-18T14:00:00.000000000,288.16,390.46446
2022-09-18T15:00:00.000000000,308.69,404.00304
2022-09-18T16:00:00.000000000,326.45,415.39792
2022-09-18T17:00:00.000000000,344.47,423.94546
2022-09-18T18:00:00.000000000,357.21,428.6555
2022-09-18T19:00:00.000000000,378.71,429.70293
2022-09-18T20:00:00.000000000,400.03,427.57248
2022-09-18T21:00:00.000000000,413.54,423.08106
2022-09-18T22:00:00.000000000,416.96,416.72843
2022-09-18T23:00:00.000000000,414.96,409.58203
2022-09-19T00:00:00.000000000,414.65,368.02656
2022-09-19T01:00:00.000000000,412.86,353.72027
2022-09-19T02:00:00.000000000,380.8,335.72274
2022-09-19T03:00:00.000000000,352.77,317.32182
2022-09-19T04:00:00.000000000,330.46,300.82896
2022-09-19T05:00:00.000000000,314.73,288.76526
2022-09-19T06:00:00.000000000,288.29,283.01473
2022-09-19T07:00:00.000000000,272.37,283.27868
2022-09-19T08:00:00.000000000,264.92,289.52733
2022-09-19T09:00:00.000000000,265.71,300.04347
2022-09-19T10:00:00.000000000,265.82,312.98555
2022-09-19T11:00:00.000000000,266.08,327.43622
2022-09-19T12:00:00.000000000,275.75,344.07665
2022-09-19T13:00:00.000000000,290.32,360.91878
2022-09-19T14:00:00.000000000,335.13,377.38695
2022-09-19T15:00:00.000000000,395.78,392.98337
2022-09-19T16:00:00.000000000,420.08,405.90755
2022-09-19T17:00:00.000000000,427.96,414.5253
2022-09-19T18:00:00.000000000,423.83,417.42177
2022-09-19T19:00:00.000000000,409.87,414.92393
2022-09-19T20:00:00.000000000,409.07,408.41911
2022-09-19T21:00:00.000000000,404.43,399.59195
2022-09-19T22:00:00.000000000,395.43,389.62551
2022-09-19T23:00:00.000000000,393.62,379.71974
2022-09-17T00:00:00.000000000,408.66,419.77721
2022-09-17T01:00:00.000000000,389.26,407.51807
2022-09-17T02:00:00.000000000,357.05,391.00501
2022-09-17T03:00:00.000000000,312.26,373.23595
2022-09-17T04:00:00.000000000,289.62,355.81129
2022-09-17T05:00:00.000000000,283.93,340.66499
2022-09-17T06:00:00.000000000,274.73,329.68088
2022-09-17T07:00:00.000000000,259.49,322.90802
2022-09-17T08:00:00.000000000,247.16,321.43685
2022-09-17T09:00:00.000000000,248.21,324.84749
2022-09-17T10:00:00.000000000,244.27,332.18282
2022-09-17T11:00:00.000000000,237.29,342.75728
2022-09-17T12:00:00.000000000,234.31,357.46013
2022-09-17T13:00:00.000000000,245.25,373.79096
2022-09-17T14:00:00.000000000,270.39,390.48526
2022-09-17T15:00:00.000000000,288.56,406.71641
2022-09-17T16:00:00.000000000,301.89,421.08752
2022-09-17T17:00:00.000000000,326.48,432.81397
2022-09-17T18:00:00.000000000,342.88,440.3439
2022-09-17T19:00:00.000000000,342.33,443.75349
2022-09-17T20:00:00.000000000,353.2,443.58075
2022-09-17T21:00:00.000000000,365.18,440.66499
2022-09-17T22:00:00.000000000,369.17,435.50076
2022-09-17T23:00:00.000000000,372.41,429.13727
2022-09-18T00:00:00.000000000,381.78,392.5644
2022-09-18T01:00:00.000000000,372.37,381.17678
2022-09-18T02:00:00.000000000,356.39,367.78742
2022-09-18T03:00:00.000000000,340.61,355.54917
2022-09-18T04:00:00.000000000,333.03,345.14541
2022-09-18T05:00:00.000000000,316.06,337.62792
2022-09-18T06:00:00.000000000,296.6,334.31187
2022-09-18T07:00:00.000000000,288.72,334.57819
2022-09-18T08:00:00.000000000,280.76,339.39592
2022-09-18T09:00:00.000000000,280.28,348.03994
2022-09-18T10:00:00.000000000,280.07,359.02177
2022-09-18T11:00:00.000000000,278.71,371.64028
2022-09-18T12:00:00.000000000,271.03,386.74443
2022-09-18T13:00:00.000000000,268.77,402.20063
2022-09-18T14:00:00.000000000,288.16,416.90354
2022-09-18T15:00:00.000000000,308.69,430.29446
2022-09-18T16:00:00.000000000,326.45,440.96081
2022-09-18T17:00:00.000000000,344.47,448.57221
2022-09-18T18:00:00.000000000,357.21,452.45703
2022-09-18T19:00:00.000000000,378.71,452.58455
2022-09-18T20:00:00.000000000,400.03,449.47327
2022-09-18T21:00:00.000000000,413.54,443.97205
2022-09-18T22:00:00.000000000,416.96,436.39546
2022-09-18T23:00:00.000000000,414.96,427.74585
2022-09-19T00:00:00.000000000,414.65,393.45152
2022-09-19T01:00:00.000000000,412.86,380.74779
2022-09-19T02:00:00.000000000,380.8,364.61253
2022-09-19T03:00:00.000000000,352.77,347.91285
2022-09-19T04:00:00.000000000,330.46,332.43128
2022-09-19T05:00:00.000000000,314.73,320.22897
2022-09-19T06:00:00.000000000,288.29,313.01466
2022-09-19T07:00:00.000000000,272.37,310.72051
2022-09-19T08:00:00.000000000,264.92,313.84796
2022-09-19T09:00:00.000000000,265.71,321.24172
2022-09-19T10:00:00.000000000,265.82,331.36644
2022-09-19T11:00:00.000000000,266.08,343.17968
2022-09-19T12:00:00.000000000,275.75,357.32683
2022-09-19T13:00:00.000000000,290.32,371.61925
2022-09-19T14:00:00.000000000,335.13,385.11207
2022-09-19T15:00:00.000000000,395.78,397.50869
2022-09-19T16:00:00.000000000,420.08,407.52956
2022-09-19T17:00:00.000000000,427.96,413.99357
2022-09-19T18:00:00.000000000,423.83,415.59449
2022-09-19T19:00:00.000000000,409.87,412.73148
2022-09-19T20:00:00.000000000,409.07,406.36922
2022-09-19T21:00:00.000000000,404.43,397.78984
2022-09-19T22:00:00.000000000,395.43,388.18101
2022-09-19T23:00:00.000000000,393.62,378.91355
2022-09-20T00:00:00.000000000,394.27,350.26752
2022-09-20T01:00:00.000000000,392.3,336.82326
2022-09-20T02:00:00.000000000,364.59,319.67135
2022-09-20T03:00:00.000000000,330.78,302.08964
2022-09-20T04:00:00.000000000,310.94,286.17913
2022-09-20T05:00:00.000000000,294.86,274.2382
2022-09-20T06:00:00.000000000,278.71,268.14111
2022-09-20T07:00:00.000000000,269.02,267.59734
2022-09-20T08:00:00.000000000,264.12,272.82005
2022-09-20T09:00:00.000000000,257.7,282.29515
2022-09-20T10:00:00.000000000,255.95,294.48296
2022-09-20T11:00:00.000000000,266.15,308.70842
2022-09-20T12:00:00.000000000,272.64,325.68735
2022-09-20T13:00:00.000000000,290.24,343.36897
2022-09-20T14:00:00.000000000,321.02,361.38498
2022-09-20T15:00:00.000000000,366.18,379.25525
2022-09-20T16:00:00.000000000,383.34,395.14794
2022-09-20T17:00:00.000000000,394.08,407.3423
2022-09-20T18:00:00.000000000,397.64,414.20757
2022-09-20T19:00:00.000000000,399.25,415.72198
2022-09-20T20:00:00.000000000,408.84,412.795
2022-09-20T21:00:00.000000000,407.83,406.86764
2022-09-20T22:00:00.000000000,401.75,398.95445
2022-09-20T23:00:00.000000000,397.11,390.29859
2022-09-18T00:00:00.000000000,381.78,373.07533
2022-09-18T01:00:00.000000000,372.37,363.12895
2022-09-18T02:00:00.000000000,356.39,351.36537
2022-09-18T03:00:00.000000000,340.61,340.79969
2022-09-18T04:00:00.000000000,333.03,331.79126
2022-09-18T05:00:00.000000000,316.06,325.21245
2022-09-18T06:00:00.000000000,296.6,322.50784
2022-09-18T07:00:00.000000000,288.72,323.14402
2022-09-18T08:00:00.000000000,280.76,328.31914
2022-09-18T09:00:00.000000000,280.28,337.66173
2022-09-18T10:00:00.000000000,280.07,349.94073
2022-09-18T11:00:00.000000000,278.71,364.6585
2022-09-18T12:00:00.000000000,271.03,382.65155
2022-09-18T13:00:00.000000000,268.77,401.48698
2022-09-18T14:00:00.000000000,288.16,419.78753
2022-09-18T15:00:00.000000000,308.69,436.62099
2022-09-18T16:00:00.000000000,326.45,450.66513
2022-09-18T17:00:00.000000000,344.47,461.69923
2022-09-18T18:00:00.000000000,357.21,468.88961
2022-09-18T19:00:00.000000000,378.71,471.87634
2022-09-18T20:00:00.000000000,400.03,470.88255
2022-09-18T21:00:00.000000000,413.54,466.63904
2022-09-18T22:00:00.000000000,416.96,459.37253
2022-09-18T23:00:00.000000000,414.96,450.36513
2022-09-19T00:00:00.000000000,414.65,415.50009
2022-09-19T01:00:00.000000000,412.86,402.53264
2022-09-19T02:00:00.000000000,380.8,386.26425
2022-09-19T03:00:00.000000000,352.77,369.58085
2022-09-19T04:00:00.000000000,330.46,354.13248
2022-09-19T05:00:00.000000000,314.73,341.87981
2022-09-19T06:00:00.000000000,288.29,334.59783
2022-09-19T07:00:00.000000000,272.37,332.16543
2022-09-19T08:00:00.000000000,264.92,335.30041
2022-09-19T09:00:00.000000000,265.71,343.07633
2022-09-19T10:00:00.000000000,265.82,353.89299
2022-09-19T11:00:00.000000000,266.08,366.57503
2022-09-19T12:00:00.000000000,275.75,381.79729
2022-09-19T13:00:00.000000000,290.32,397.27726
2022-09-19T14:00:00.000000000,335.13,411.64408
2022-09-19T15:00:00.000000000,395.78,424.27504
2022-09-19T16:00:00.000000000,420.08,433.95601
2022-09-19T17:00:00.000000000,427.96,439.92202
2022-09-19T18:00:00.000000000,423.83,441.09224
2022-09-19T19:00:00.000000000,409.87,437.72831
2022-09-19T20:00:00.000000000,409.07,430.91297
2022-09-19T21:00:00.000000000,404.43,422.00161
2022-09-19T22:00:00.000000000,395.43,412.06166
2022-09-19T23:00:00.000000000,393.62,402.26772
2022-09-20T00:00:00.000000000,394.27,385.25849
2022-09-20T01:00:00.000000000,392.3,370.35596
2022-09-20T02:00:00.000000000,364.59,350.49489
2022-09-20T03:00:00.000000000,330.78,329.3176
2022-09-20T04:00:00.000000000,310.94,309.23247
2022-09-20T05:00:00.000000000,294.86,292.7062
2022-09-20T06:00:00.000000000,278.71,281.83135
2022-09-20T07:00:00.000000000,269.02,276.70751
2022-09-20T08:00:00.000000000,264.12,277.69507
2022-09-20T09:00:00.000000000,257.7,283.32797
2022-09-20T10:00:00.000000000,255.95,292.44756
2022-09-20T11:00:00.000000000,266.15,304.44349
2022-09-20T12:00:00.000000000,272.64,320.26545
2022-09-20T13:00:00.000000000,290.24,337.74066
2022-09-20T14:00:00.000000000,321.02,356.405
2022-09-20T15:00:00.000000000,366.18,375.54566
2022-09-20T16:00:00.000000000,383.34,393.17607
2022-09-20T17:00:00.000000000,394.08,407.70014
2022-09-20T18:00:00.000000000,397.64,417.1835
2022-09-20T19:00:00.000000000,399.25,421.79826
2022-09-20T20:00:00.000000000,408.84,422.39201
2022-09-20T21:00:00.000000000,407.83,420.12266
2022-09-20T22:00:00.000000000,401.75,415.51525
2022-09-20T23:00:00.000000000,397.11,409.48944
2022-09-21T00:00:00.000000000,394.99,400.2446
2022-09-21T01:00:00.000000000,400.81,384.22546
2022-09-21T02:00:00.000000000,373.34,362.70341
2022-09-21T03:00:00.000000000,320.54,339.59823
2022-09-21T04:00:00.000000000,293.83,317.68272
2022-09-21T05:00:00.000000000,292.42,299.57119
2022-09-21T06:00:00.000000000,280.29,287.53113
2022-09-21T07:00:00.000000000,268.66,281.83644
2022-09-21T08:00:00.000000000,268.84,282.6807
2022-09-21T09:00:00.000000000,269.85,288.25401
2022-09-21T10:00:00.000000000,263.01,297.26082
2022-09-21T11:00:00.000000000,260.86,308.93986
2022-09-21T12:00:00.000000000,267.85,324.39889
2022-09-21T13:00:00.000000000,270.41,341.49978
2022-09-21T14:00:00.000000000,299.56,359.6247
2022-09-21T15:00:00.000000000,352.15,377.92828
2022-09-21T16:00:00.000000000,376.46,394.32453
2022-09-21T17:00:00.000000000,401.98,407.21318
2022-09-21T18:00:00.000000000,408.44,414.80258
2022-09-21T19:00:00.000000000,420.02,417.66893
2022-09-21T20:00:00.000000000,433.27,417.04787
2022-09-21T21:00:00.000000000,433.11,414.32907
2022-09-21T22:00:00.000000000,432.49,410.18199
2022-09-21T23:00:00.000000000,432.25,405.24269
2022-09-19T00:00:00.000000000,414.65,398.38341
2022-09-19T01:00:00.000000000,412.86,386.26956
2022-09-19T02:00:00.000000000,380.8,371.39439
2022-09-19T03:00:00.000000000,352.77,356.46064
2022-09-19T04:00:00.000000000,330.46,342.79114
2022-09-19T05:00:00.000000000,314.73,332.09141
2022-09-19T06:00:00.000000000,288.29,326.05729
2022-09-19T07:00:00.000000000,272.37,324.53414
2022-09-19T08:00:00.000000000,264.92,328.45626
2022-09-19T09:00:00.000000000,265.71,337.08022
2022-09-19T10:00:00.000000000,265.82,348.80724
2022-09-19T11:00:00.000000000,266.08,362.34618
2022-09-19T12:00:00.000000000,275.75,378.17166
2022-09-19T13:00:00.000000000,290.32,394.02
2022-09-19T14:00:00.000000000,335.13,408.68295
2022-09-19T15:00:00.000000000,395.78,421.66378
2022-09-19T16:00:00.000000000,420.08,431.90435
2022-09-19T17:00:00.000000000,427.96,438.61393
2022-09-19T18:00:00.000000000,423.83,440.63093
2022-09-19T19:00:00.000000000,409.87,437.85914
2022-09-19T20:00:00.000000000,409.07,431.03083
2022-09-19T21:00:00.000000000,404.43,421.37662
2022-09-19T22:00:00.000000000,395.43,410.03656
2022-09-19T23:00:00.000000000,393.62,398.59756
2022-09-20T00:00:00.000000000,394.27,379.88792
2022-09-20T01:00:00.000000000,392.3,360.60506
2022-09-20T02:00:00.000000000,364.59,336.04737
2022-09-20T03:00:00.000000000,330.78,310.08781
2022-09-20T04:00:00.000000000,310.94,285.57879
2022-09-20T05:00:00.000000000,294.86,265.19397
2022-09-20T06:00:00.000000000,278.71,251.05787
2022-09-20T07:00:00.000000000,269.02,243.21907
2022-09-20T08:00:00.000000000,264.12,242.2166
2022-09-20T09:00:00.000000000,257.7,246.77426
2022-09-20T10:00:00.000000000,255.95,255.65315
2022-09-20T11:00:00.000000000,266.15,268.34733
2022-09-20T12:00:00.000000000,272.64,285.34587
2022-09-20T13:00:00.000000000,290.24,304.27738
2022-09-20T14:00:00.000000000,321.02,324.74775
2022-09-20T15:00:00.000000000,366.18,346.15646
2022-09-20T16:00:00.000000000,383.34,366.42304
2022-09-20T17:00:00.000000000,394.08,383.15123
2022-09-20T18:00:00.000000000,397.64,394.02078
2022-09-20T19:00:00.000000000,399.25,398.91166
2022-09-20T20:00:00.000000000,408.84,398.70948
2022-09-20T21:00:00.000000000,407.83,394.89917
2022-09-20T22:00:00.000000000,401.75,388.15664
2022-09-20T23:00:00.000000000,397.11,379.33737
2022-09-21T00:00:00.000000000,394.99,361.36045
2022-09-21T01:00:00.000000000,400.81,346.92912
2022-09-21T02:00:00.000000000,373.34,327.95427
2022-09-21T03:00:00.000000000,320.54,308.57634
2022-09-21T04:00:00.000000000,293.83,290.81451
2022-09-21T05:00:00.000000000,292.42,276.37668
2022-09-21T06:00:00.000000000,280.29,267.15018
2022-09-21T07:00:00.000000000,268.66,263.15662
2022-09-21T08:00:00.000000000,268.84,264.75825
2022-09-21T09:00:00.000000000,269.85,270.19018
2022-09-21T10:00:00.000000000,263.01,278.42999
2022-09-21T11:00:00.000000000,260.86,289.11175
2022-09-21T12:00:00.000000000,267.85,303.31195
2022-09-21T13:00:00.000000000,270.41,319.03883
2022-09-21T14:00:00.000000000,299.56,336.2291
2022-09-21T15:00:00.000000000,352.15,354.3932
2022-09-21T16:00:00.000000000,376.46,371.41755
2022-09-21T17:00:00.000000000,401.98,385.76829
2022-09-21T18:00:00.000000000,408.44,395.99122
2022-09-21T19:00:00.000000000,420.02,402.45223
2022-09-21T20:00:00.000000000,433.27,405.68404
2022-09-21T21:00:00.000000000,433.11,406.53824
2022-09-21T22:00:00.000000000,432.49,405.15813
2022-09-21T23:00:00.000000000,432.25,402.11188
2022-09-22T00:00:00.000000000,426.49,399.23359
2022-09-22T01:00:00.000000000,406.09,384.37723
2022-09-22T02:00:00.000000000,370.24,365.55622
2022-09-22T03:00:00.000000000,342.04,345.9089
2022-09-22T04:00:00.000000000,320.64,327.55964
2022-09-22T05:00:00.000000000,311.0,312.84634
2022-09-22T06:00:00.000000000,305.69,303.62907
2022-09-22T07:00:00.000000000,301.07,299.9074
2022-09-22T08:00:00.000000000,293.4,302.13663
2022-09-22T09:00:00.000000000,290.99,309.04645
2022-09-22T10:00:00.000000000,298.08,319.11328
2022-09-22T11:00:00.000000000,322.96,331.29781
2022-09-22T12:00:00.000000000,351.12,346.26085
2022-09-22T13:00:00.000000000,383.56,361.82146
2022-09-22T14:00:00.000000000,409.47,377.13797
2022-09-22T15:00:00.000000000,426.32,391.7622
2022-09-22T16:00:00.000000000,447.33,404.17293
2022-09-22T17:00:00.000000000,461.35,412.94626
2022-09-22T18:00:00.000000000,472.83,416.4952
2022-09-22T19:00:00.000000000,479.35,415.12028
2022-09-22T20:00:00.000000000,476.3,409.80047
2022-09-22T21:00:00.000000000,475.96,401.86532
2022-09-22T22:00:00.000000000,470.27,392.42443
2022-09-22T23:00:00.000000000,469.94,382.76404
2022-09-20T00:00:00.000000000,394.27,409.28885
2022-09-20T01:00:00.000000000,392.3,394.38778
2022-09-20T02:00:00.000000000,364.59,373.78187
2022-09-20T03:00:00.000000000,330.78,350.76688
2022-09-20T04:00:00.000000000,310.94,327.91201
2022-09-20T05:00:00.000000000,294.86,308.05046
2022-09-20T06:00:00.000000000,278.71,293.79388
2022-09-20T07:00:00.000000000,269.02,285.41564
2022-09-20T08:00:00.000000000,264.12,283.95656
2022-09-20T09:00:00.000000000,257.7,288.69864
2022-09-20T10:00:00.000000000,255.95,298.41744
2022-09-20T11:00:00.000000000,266.15,312.11073
2022-09-20T12:00:00.000000000,272.64,330.39455
2022-09-20T13:00:00.000000000,290.24,350.59507
2022-09-20T14:00:00.000000000,321.02,371.72562
2022-09-20T15:00:00.000000000,366.18,392.83031
2022-09-20T16:00:00.000000000,383.34,412.25976
2022-09-20T17:00:00.000000000,394.08,428.28775
2022-09-20T18:00:00.000000000,397.64,438.57543
2022-09-20T19:00:00.000000000,399.25,442.80757
2022-09-20T20:00:00.000000000,408.84,441.74858
2022-09-20T21:00:00.000000000,407.83,436.76783
2022-09-20T22:00:00.000000000,401.75,428.94364
2022-09-20T23:00:00.000000000,397.11,419.76776
2022-09-21T00:00:00.000000000,394.99,402.3641
2022-09-21T01:00:00.000000000,400.81,385.6789
2022-09-21T02:00:00.000000000,373.34,363.26537
2022-09-21T03:00:00.000000000,320.54,339.19689
2022-09-21T04:00:00.000000000,293.83,316.22287
2022-09-21T05:00:00.000000000,292.42,296.91566
2022-09-21T06:00:00.000000000,280.29,283.61478
2022-09-21T07:00:00.000000000,268.66,276.68412
2022-09-21T08:00:00.000000000,268.84,276.2396
2022-09-21T09:00:00.000000000,269.85,280.53007
2022-09-21T10:00:00.000000000,263.01,288.55257
2022-09-21T11:00:00.000000000,260.86,299.76298
2022-09-21T12:00:00.000000000,267.85,315.37862
2022-09-21T13:00:00.000000000,270.41,333.21881
2022-09-21T14:00:00.000000000,299.56,352.56447
2022-09-21T15:00:00.000000000,352.15,372.30824
2022-09-21T16:00:00.000000000,376.46,390.25202
2022-09-21T17:00:00.000000000,401.98,404.87575
2022-09-21T18:00:00.000000000,408.44,414.4186
2022-09-21T19:00:00.000000000,420.02,419.53233
2022-09-21T20:00:00.000000000,433.27,421.29696
2022-09-21T21:00:00.000000000,433.11,420.8539
2022-09-21T22:00:00.000000000,432.49,418.52135
2022-09-21T23:00:00.000000000,432.25,414.77246
2022-09-22T00:00:00.000000000,426.49,419.84094
2022-09-22T01:00:00.000000000,406.09,407.3245
2022-09-22T02:00:00.000000000,370.24,390.78591
2022-09-22T03:00:00.000000000,342.04,373.36747
2022-09-22T04:00:00.000000000,320.64,356.59207
2022-09-22T05:00:00.000000000,311.0,342.23013
2022-09-22T06:00:00.000000000,305.69,332.08385
2022-09-22T07:00:00.000000000,301.07,326.11295
2022-09-22T08:00:00.000000000,293.4,325.3528
2022-09-22T09:00:00.000000000,290.99,329.24706
2022-09-22T10:00:00.000000000,298.08,336.7679
2022-09-22T11:00:00.000000000,322.96,347.27198
2022-09-22T12:00:00.000000000,351.12,361.73178
2022-09-22T13:00:00.000000000,383.56,377.7132
2022-09-22T14:00:00.000000000,409.47,393.94064
2022-09-22T15:00:00.000000000,426.32,409.58104
2022-09-22T16:00:00.000000000,447.33,423.17489
2022-09-22T17:00:00.000000000,461.35,433.99424
2022-09-22T18:00:00.000000000,472.83,440.67951
2022-09-22T19:00:00.000000000,479.35,443.44173
2022-09-22T20:00:00.000000000,476.3,442.91283
2022-09-22T21:00:00.000000000,475.96,439.96586
2022-09-22T22:00:00.000000000,470.27,435.03363
2022-09-22T23:00:00.000000000,469.94,429.0291
2022-09-23T00:00:00.000000000,478.92,408.41488
2022-09-23T01:00:00.000000000,477.11,393.75946
2022-09-23T02:00:00.000000000,455.45,374.72222
2022-09-23T03:00:00.000000000,440.16,354.52344
2022-09-23T04:00:00.000000000,440.73,335.24628
2022-09-23T05:00:00.000000000,437.32,319.09872
2022-09-23T06:00:00.000000000,435.03,307.88401
2022-09-23T07:00:00.000000000,425.52,301.89003
2022-09-23T08:00:00.000000000,433.84,301.56243
2022-09-23T09:00:00.000000000,440.26,305.61941
2022-09-23T10:00:00.000000000,442.1,312.97564
2022-09-23T11:00:00.000000000,431.86,322.83562
2022-09-23T12:00:00.000000000,437.05,336.14965
2022-09-23T13:00:00.000000000,436.05,350.79091
2022-09-23T14:00:00.000000000,422.22,365.92647
2022-09-23T15:00:00.000000000,426.37,380.95798
2022-09-23T16:00:00.000000000,407.4,394.11959
2022-09-23T17:00:00.000000000,387.43,404.29754
2022-09-23T18:00:00.000000000,387.92,409.9217
2022-09-23T19:00:00.000000000,397.87,411.5414
2022-09-23T20:00:00.000000000,405.3,409.96878
2022-09-23T21:00:00.000000000,408.57,406.24856
2022-09-23T22:00:00.000000000,413.68,401.11107
2022-09-23T23:00:00.000000000,430.08,395.35156
2022-09-21T00:00:00.000000000,394.99,409.63817
2022-09-21T01:00:00.000000000,400.81,392.61343
2022-09-21T02:00:00.000000000,373.34,368.98049
2022-09-21T03:00:00.000000000,320.54,342.59351
2022-09-21T04:00:00.000000000,293.83,316.60525
2022-09-21T05:00:00.000000000,292.42,294.23007
2022-09-21T06:00:00.000000000,280.29,278.21953
2022-09-21T07:00:00.000000000,268.66,269.02422
2022-09-21T08:00:00.000000000,268.84,267.09845
2022-09-21T09:00:00.000000000,269.85,271.1467
2022-09-21T10:00:00.000000000,263.01,280.17945
2022-09-21T11:00:00.000000000,260.86,293.58264
2022-09-21T12:00:00.000000000,267.85,312.31146
2022-09-21T13:00:00.000000000,270.41,333.78792
2022-09-21T14:00:00.000000000,299.56,357.14588
2022-09-21T15:00:00.000000000,352.15,381.02909
2022-09-21T16:00:00.000000000,376.46,403.2634
2022-09-21T17:00:00.000000000,401.98,421.94307
2022-09-21T18:00:00.000000000,408.44,434.58637
2022-09-21T19:00:00.000000000,420.02,441.26771
2022-09-21T20:00:00.000000000,433.27,443.13409
2022-09-21T21:00:00.000000000,433.11,441.58397
2022-09-21T22:00:00.000000000,432.49,437.18965
2022-09-21T23:00:00.000000000,432.25,430.87984
2022-09-22T00:00:00.000000000,426.49,432.88379
2022-09-22T01:00:00.000000000,406.09,417.4218
2022-09-22T02:00:00.000000000,370.24,396.88136
2022-09-22T03:00:00.000000000,342.04,374.77392
2022-09-22T04:00:00.000000000,320.64,353.34464
2022-09-22T05:00:00.000000000,311.0,335.0246
2022-09-22T06:00:00.000000000,305.69,322.00998
2022-09-22T07:00:00.000000000,301.07,314.41533
2022-09-22T08:00:00.000000000,293.4,313.04739
2022-09-22T09:00:00.000000000,290.99,317.11365
2022-09-22T10:00:00.000000000,298.08,325.43683
2022-09-22T11:00:00.000000000,322.96,337.27166
2022-09-22T12:00:00.000000000,351.12,353.55864
2022-09-22T13:00:00.000000000,383.56,371.75941
2022-09-22T14:00:00.000000000,409.47,390.51496
2022-09-22T15:00:00.000000000,426.32,408.68463
2022-09-22T16:00:00.000000000,447.33,424.57711
2022-09-22T17:00:00.000000000,461.35,437.11008
2022-09-22T18:00:00.000000000,472.83,444.64781
2022-09-22T19:00:00.000000000,479.35,447.51238
2022-09-22T20:00:00.000000000,476.3,446.70781
2022-09-22T21:00:00.000000000,475.96,443.36111
2022-09-22T22:00:00.000000000,470.27,437.93391
2022-09-22T23:00:00.000000000,469.94,431.22709
2022-09-23T00:00:00.000000000,478.92,414.47648
2022-09-23T01:00:00.000000000,477.11,400.27142
2022-09-23T02:00:00.000000000,455.45,381.59085
2022-09-23T03:00:00.000000000,440.16,361.47212
2022-09-23T04:00:00.000000000,440.73,341.43622
2022-09-23T05:00:00.000000000,437.32,323.09295
2022-09-23T06:00:00.000000000,435.03,308.13046
2022-09-23T07:00:00.000000000,425.52,297.13746
2022-09-23T08:00:00.000000000,433.84,291.26582
2022-09-23T09:00:00.000000000,440.26,289.95775
2022-09-23T10:00:00.000000000,442.1,292.87769
2022-09-23T11:00:00.000000000,431.86,299.48651
2022-09-23T12:00:00.000000000,437.05,310.7894
2022-09-23T13:00:00.000000000,436.05,324.46431
2022-09-23T14:00:00.000000000,422.22,339.52781
2022-09-23T15:00:00.000000000,426.37,355.2971
2022-09-23T16:00:00.000000000,407.4,370.12137
2022-09-23T17:00:00.000000000,387.43,383.09329
2022-09-23T18:00:00.000000000,387.92,392.55558
2022-09-23T19:00:00.000000000,397.87,398.72839
2022-09-23T20:00:00.000000000,405.3,401.44665
2022-09-23T21:00:00.000000000,408.57,401.14693
2022-09-23T22:00:00.000000000,413.68,398.56996
2022-09-23T23:00:00.000000000,430.08,394.52269
2022-09-24T00:00:00.000000000,438.26,380.51095
2022-09-24T01:00:00.000000000,435.62,367.58205
2022-09-24T02:00:00.000000000,393.75,351.4369
2022-09-24T03:00:00.000000000,369.5,335.58458
2022-09-24T04:00:00.000000000,367.68,321.45998
2022-09-24T05:00:00.000000000,363.06,310.75105
2022-09-24T06:00:00.000000000,358.89,305.30351
2022-09-24T07:00:00.000000000,364.07,304.74559
2022-09-24T08:00:00.000000000,365.55,309.75001
2022-09-24T09:00:00.000000000,356.78,319.2689
2022-09-24T10:00:00.000000000,359.74,331.84245
2022-09-24T11:00:00.000000000,365.84,346.76548
2022-09-24T12:00:00.000000000,376.02,364.9368
2022-09-24T13:00:00.000000000,394.14,384.06679
2022-09-24T14:00:00.000000000,397.98,402.99743
2022-09-24T15:00:00.000000000,463.2,420.69178
2022-09-24T16:00:00.000000000,494.38,435.50292
2022-09-24T17:00:00.000000000,487.51,446.60126
2022-09-24T18:00:00.000000000,477.8,452.92572
2022-09-24T19:00:00.000000000,465.95,454.45957
2022-09-24T20:00:00.000000000,465.18,452.02294
2022-09-24T21:00:00.000000000,474.95,446.77397
2022-09-24T22:00:00.000000000,477.59,439.25614
2022-09-24T23:00:00.000000000,489.72,430.55797
2022-09-22T00:00:00.000000000,426.49,447.73127
2022-09-22T01:00:00.000000000,406.09,432.81181
2022-09-22T02:00:00.000000000,370.24,413.70909
2022-09-22T03:00:00.000000000,342.04,393.57676
2022-09-22T04:00:00.000000000,320.64,374.11169
2022-09-22T05:00:00.000000000,311.0,357.28785
2022-09-22T06:00:00.000000000,305.69,345.09078
2022-09-22T07:00:00.000000000,301.07,337.50378
2022-09-22T08:00:00.000000000,293.4,335.81564
2022-09-22T09:00:00.000000000,290.99,339.81511
2022-09-22T10:00:00.000000000,298.08,348.4037
2022-09-22T11:00:00.000000000,322.96,360.79827
2022-09-22T12:00:00.000000000,351.12,377.86713
2022-09-22T13:00:00.000000000,383.56,396.86717
2022-09-22T14:00:00.000000000,409.47,415.95384
2022-09-22T15:00:00.000000000,426.32,433.78726
2022-09-22T16:00:00.000000000,447.33,449.01329
2022-09-22T17:00:00.000000000,461.35,460.93042
2022-09-22T18:00:00.000000000,472.83,468.0647
2022-09-22T19:00:00.000000000,479.35,470.4045
2022-09-22T20:00:00.000000000,476.3,468.74342
2022-09-22T21:00:00.000000000,475.96,464.07321
2022-09-22T22:00:00.000000000,470.27,456.7952
2022-09-22T23:00:00.000000000,469.94,447.94827
2022-09-23T00:00:00.000000000,478.92,429.79949
2022-09-23T01:00:00.000000000,477.11,415.0023
2022-09-23T02:00:00.000000000,455.45,395.00073
2022-09-23T03:00:00.000000000,440.16,372.91609
2022-09-23T04:00:00.000000000,440.73,350.78493
2022-09-23T05:00:00.000000000,437.32,330.78668
2022-09-23T06:00:00.000000000,435.03,314.89779
2022-09-23T07:00:00.000000000,425.52,303.73161
2022-09-23T08:00:00.000000000,433.84,298.27922
2022-09-23T09:00:00.000000000,440.26,297.85619
2022-09-23T10:00:00.000000000,442.1,301.85401
2022-09-23T11:00:00.000000000,431.86,309.53542
2022-09-23T12:00:00.000000000,437.05,321.89827
2022-09-23T13:00:00.000000000,436.05,336.50806
2022-09-23T14:00:00.000000000,422.22,352.26783
2022-09-23T15:00:00.000000000,426.37,368.44478
2022-09-23T16:00:00.000000000,407.4,383.48135
2022-09-23T17:00:00.000000000,387.43,396.31966
2022-09-23T18:00:00.000000000,387.92,405.08645
2022-09-23T19:00:00.000000000,397.87,410.11043
2022-09-23T20:00:00.000000000,405.3,411.66274
2022-09-23T21:00:00.000000000,408.57,410.40338
2022-09-23T22:00:00.000000000,413.68,407.05649
2022-09-23T23:00:00.000000000,430.08,402.45487
2022-09-24T00:00:00.000000000,438.26,386.69078
2022-09-24T01:00:00.000000000,435.62,374.12409
2022-09-24T02:00:00.000000000,393.75,358.44398
2022-09-24T03:00:00.000000000,369.5,342.88687
2022-09-24T04:00:00.000000000,367.68,328.85097
2022-09-24T05:00:00.000000000,363.06,318.08176
2022-09-24T06:00:00.000000000,358.89,312.44761
2022-09-24T07:00:00.000000000,364.07,311.61311
2022-09-24T08:00:00.000000000,365.55,316.41935
2022-09-24T09:00:00.000000000,356.78,326.04312
2022-09-24T10:00:00.000000000,359.74,338.96998
2022-09-24T11:00:00.000000000,365.84,354.36857
2022-09-24T12:00:00.000000000,376.02,372.99777
2022-09-24T13:00:00.000000000,394.14,392.45608
2022-09-24T14:00:00.000000000,397.98,411.46719
2022-09-24T15:00:00.000000000,463.2,429.0071
2022-09-24T16:00:00.000000000,494.38,443.62048
2022-09-24T17:00:00.000000000,487.51,454.52606
2022-09-24T18:00:00.000000000,477.8,460.54866
2022-09-24T19:00:00.000000000,465.95,461.47196
2022-09-24T20:00:00.000000000,465.18,458.08229
2022-09-24T21:00:00.000000000,474.95,451.60688
2022-09-24T22:00:00.000000000,477.59,442.73582
2022-09-24T23:00:00.000000000,489.72,432.71762
2022-09-25T00:00:00.000000000,500.62,417.7206
2022-09-25T01:00:00.000000000,497.97,406.71965
2022-09-25T02:00:00.000000000,471.59,391.30606
2022-09-25T03:00:00.000000000,452.97,373.88677
2022-09-25T04:00:00.000000000,446.69,356.00321
2022-09-25T05:00:00.000000000,421.06,339.47991
2022-09-25T06:00:00.000000000,394.87,326.05237
2022-09-25T07:00:00.000000000,394.77,316.21714
2022-09-25T08:00:00.000000000,359.94,311.41664
2022-09-25T09:00:00.000000000,342.9,311.5483
2022-09-25T10:00:00.000000000,303.8,315.93506
2022-09-25T11:00:00.000000000,278.33,323.83122
2022-09-25T12:00:00.000000000,272.09,335.90038
2022-09-25T13:00:00.000000000,258.23,349.40686
2022-09-25T14:00:00.000000000,261.75,363.10311
2022-09-25T15:00:00.000000000,281.12,376.64681
2022-09-25T16:00:00.000000000,302.59,389.18478
2022-09-25T17:00:00.000000000,297.38,399.68866
2022-09-25T18:00:00.000000000,287.02,406.29969
2022-09-25T19:00:00.000000000,292.78,409.03512
2022-09-25T20:00:00.000000000,299.94,408.13492
2022-09-25T21:00:00.000000000,310.33,404.31537
2022-09-25T22:00:00.000000000,323.77,398.566
2022-09-25T23:00:00.000000000,330.41,392.25132
2022-09-23T00:00:00.000000000,478.92,464.13238
2022-09-23T01:00:00.000000000,477.11,447.19261
2022-09-23T02:00:00.000000000,455.45,424.06572
2022-09-23T03:00:00.000000000,440.16,397.85471
2022-09-23T04:00:00.000000000,440.73,371.12905
2022-09-23T05:00:00.000000000,437.32,346.69746
2022-09-23T06:00:00.000000000,435.03,326.88307
2022-09-23T07:00:00.000000000,425.52,312.6045
2022-09-23T08:00:00.000000000,433.84,304.91414
2022-09-23T09:00:00.000000000,440.26,303.20011
2022-09-23T10:00:00.000000000,442.1,306.72932
2022-09-23T11:00:00.000000000,431.86,314.47227
2022-09-23T12:00:00.000000000,437.05,327.42677
2022-09-23T13:00:00.000000000,436.05,342.96534
2022-09-23T14:00:00.000000000,422.22,359.6202
2022-09-23T15:00:00.000000000,426.37,376.44748
2022-09-23T16:00:00.000000000,407.4,391.92144
2022-09-23T17:00:00.000000000,387.43,404.8885
2022-09-23T18:00:00.000000000,387.92,413.1914
2022-09-23T19:00:00.000000000,397.87,417.23544
2022-09-23T20:00:00.000000000,405.3,417.56346
2022-09-23T21:00:00.000000000,408.57,415.02678
2022-09-23T22:00:00.000000000,413.68,410.65086
2022-09-23T23:00:00.000000000,430.08,405.18703
2022-09-24T00:00:00.000000000,438.26,389.16408
2022-09-24T01:00:00.000000000,435.62,375.82339
2022-09-24T02:00:00.000000000,393.75,359.75988
2022-09-24T03:00:00.000000000,369.5,344.23406
2022-09-24T04:00:00.000000000,367.68,330.58987
2022-09-24T05:00:00.000000000,363.06,320.51649
2022-09-24T06:00:00.000000000,358.89,315.88606
2022-09-24T07:00:00.000000000,364.07,316.26803
2022-09-24T08:00:00.000000000,365.55,322.52712
2022-09-24T09:00:00.000000000,356.78,333.79278
2022-09-24T10:00:00.000000000,359.74,348.30411
2022-09-24T11:00:00.000000000,365.84,365.07257
2022-09-24T12:00:00.000000000,376.02,384.78906
2022-09-24T13:00:00.000000000,394.14,405.07331
2022-09-24T14:00:00.000000000,397.98,424.56232
2022-09-24T15:00:00.000000000,463.2,442.17583
2022-09-24T16:00:00.000000000,494.38,456.47898
2022-09-24T17:00:00.000000000,487.51,466.73695
2022-09-24T18:00:00.000000000,477.8,471.87208
2022-09-24T19:00:00.000000000,465.95,471.56194
2022-09-24T20:00:00.000000000,465.18,466.66341
2022-09-24T21:00:00.000000000,474.95,458.52953
2022-09-24T22:00:00.000000000,477.59,447.90941
2022-09-24T23:00:00.000000000,489.72,436.11272
2022-09-25T00:00:00.000000000,500.62,417.7849
2022-09-25T01:00:00.000000000,497.97,406.32283
2022-09-25T02:00:00.000000000,471.59,391.11984
2022-09-25T03:00:00.000000000,452.97,374.47617
2022-09-25T04:00:00.000000000,446.69,357.84422
2022-09-25T05:00:00.000000000,421.06,343.09304
2022-09-25T06:00:00.000000000,394.87,331.90435
2022-09-25T07:00:00.000000000,394.77,324.70689
2022-09-25T08:00:00.000000000,359.94,322.77864
2022-09-25T09:00:00.000000000,342.9,325.8229
2022-09-25T10:00:00.000000000,303.8,332.76548
2022-09-25T11:00:00.000000000,278.33,342.49659
2022-09-25T12:00:00.000000000,272.09,355.45015
2022-09-25T13:00:00.000000000,258.23,369.01078
2022-09-25T14:00:00.000000000,261.75,381.8657
2022-09-25T15:00:00.000000000,281.12,393.67287
2022-09-25T16:00:00.000000000,302.59,403.65698
2022-09-25T17:00:00.000000000,297.38,410.89853
2022-09-25T18:00:00.000000000,287.02,413.81753
2022-09-25T19:00:00.000000000,292.78,412.45447
2022-09-25T20:00:00.000000000,299.94,407.37677
2022-09-25T21:00:00.000000000,310.33,399.54865
2022-09-25T22:00:00.000000000,323.77,390.23132
2022-09-25T23:00:00.000000000,330.41,380.99419
2022-09-26T00:00:00.000000000,355.46,356.02505
2022-09-26T01:00:00.000000000,390.03,347.72101
2022-09-26T02:00:00.000000000,382.11,339.4239
2022-09-26T03:00:00.000000000,364.63,333.61245
2022-09-26T04:00:00.000000000,363.16,330.34069
2022-09-26T05:00:00.000000000,371.75,330.10928
2022-09-26T06:00:00.000000000,407.14,333.94131
2022-09-26T07:00:00.000000000,444.78,341.00378
2022-09-26T08:00:00.000000000,462.72,352.22257
2022-09-26T09:00:00.000000000,475.29,366.76156
2022-09-26T10:00:00.000000000,481.7,382.72935
2022-09-26T11:00:00.000000000,486.66,398.94743
2022-09-26T12:00:00.000000000,484.58,415.96371
2022-09-26T13:00:00.000000000,478.08,431.87891
2022-09-26T14:00:00.000000000,488.57,445.62986
2022-09-26T15:00:00.000000000,523.91,456.92723
2022-09-26T16:00:00.000000000,535.57,464.78293
2022-09-26T17:00:00.000000000,526.77,469.3162
2022-09-26T18:00:00.000000000,520.92,470.244
2022-09-26T19:00:00.000000000,522.91,467.02542
2022-09-26T20:00:00.000000000,522.14,459.9214
2022-09-26T21:00:00.000000000,527.16,449.96747
2022-09-26T22:00:00.000000000,531.52,437.91831
2022-09-26T23:00:00.000000000,536.89,425.33865
2022-09-24T00:00:00.000000000,438.26,418.05378
2022-09-24T01:00:00.000000000,435.62,406.4752
2022-09-24T02:00:00.000000000,393.75,393.61886
2022-09-24T03:00:00.000000000,369.5,382.11496
2022-09-24T04:00:00.000000000,367.68,372.62018
2022-09-24T05:00:00.000000000,363.06,366.20305
2022-09-24T06:00:00.000000000,358.89,363.98445
2022-09-24T07:00:00.000000000,364.07,365.43315
2022-09-24T08:00:00.000000000,365.55,371.49428
2022-09-24T09:00:00.000000000,356.78,381.37265
2022-09-24T10:00:00.000000000,359.74,393.31259
2022-09-24T11:00:00.000000000,365.84,406.30641
2022-09-24T12:00:00.000000000,376.02,421.26758
2022-09-24T13:00:00.000000000,394.14,436.14531
2022-09-24T14:00:00.000000000,397.98,449.51288
2022-09-24T15:00:00.000000000,463.2,460.73956
2022-09-24T16:00:00.000000000,494.38,468.65839
2022-09-24T17:00:00.000000000,487.51,473.15031
2022-09-24T18:00:00.000000000,477.8,473.53831
2022-09-24T19:00:00.000000000,465.95,469.7661
2022-09-24T20:00:00.000000000,465.18,462.7208
2022-09-24T21:00:00.000000000,474.95,453.54245
2022-09-24T22:00:00.000000000,477.59,442.88306
2022-09-24T23:00:00.000000000,489.72,431.82415
2022-09-25T00:00:00.000000000,500.62,410.68852
2022-09-25T01:00:00.000000000,497.97,403.69506
2022-09-25T02:00:00.000000000,471.59,393.70845
2022-09-25T03:00:00.000000000,452.97,382.43326
2022-09-25T04:00:00.000000000,446.69,370.53317
2022-09-25T05:00:00.000000000,421.06,359.16059
2022-09-25T06:00:00.000000000,394.87,349.50087
2022-09-25T07:00:00.000000000,394.77,341.99706
2022-09-25T08:00:00.000000000,359.94,338.24092
2022-09-25T09:00:00.000000000,342.9,338.47224
2022-09-25T10:00:00.000000000,303.8,342.18681
2022-09-25T11:00:00.000000000,278.33,348.65322
2022-09-25T12:00:00.000000000,272.09,358.46016
2022-09-25T13:00:00.000000000,258.23,368.97457
2022-09-25T14:00:00.000000000,261.75,378.87664
2022-09-25T15:00:00.000000000,281.12,388.0993
2022-09-25T16:00:00.000000000,302.59,396.19424
2022-09-25T17:00:00.000000000,297.38,402.83687
2022-09-25T18:00:00.000000000,287.02,406.63858
2022-09-25T19:00:00.000000000,292.78,407.62855
2022-09-25T20:00:00.000000000,299.94,405.79587
2022-09-25T21:00:00.000000000,310.33,401.55086
2022-09-25T22:00:00.000000000,323.77,395.8026
2022-09-25T23:00:00.000000000,330.41,390.04147
2022-09-26T00:00:00.000000000,355.46,358.85776
2022-09-26T01:00:00.000000000,390.03,353.22343
2022-09-26T02:00:00.000000000,382.11,348.61665
2022-09-26T03:00:00.000000000,364.63,347.09371
2022-09-26T04:00:00.000000000,363.16,348.31239
2022-09-26T05:00:00.000000000,371.75,352.34957
2022-09-26T06:00:00.000000000,407.14,359.90518
2022-09-26T07:00:00.000000000,444.78,369.96633
2022-09-26T08:00:00.000000000,462.72,383.30876
2022-09-26T09:00:00.000000000,475.29,398.9074
2022-09-26T10:00:00.000000000,481.7,414.84267
2022-09-26T11:00:00.000000000,486.66,429.91399
2022-09-26T12:00:00.000000000,484.58,444.95924
2022-09-26T13:00:00.000000000,478.08,458.41932
2022-09-26T14:00:00.000000000,488.57,469.33912
2022-09-26T15:00:00.000000000,523.91,477.67863
2022-09-26T16:00:00.000000000,535.57,482.4395
2022-09-26T17:00:00.000000000,526.77,484.25964
2022-09-26T18:00:00.000000000,520.92,483.15777
2022-09-26T19:00:00.000000000,522.91,478.61031
2022-09-26T20:00:00.000000000,522.14,470.80163
2022-09-26T21:00:00.000000000,527.16,460.71771
2022-09-26T22:00:00.000000000,531.52,449.06307
2022-09-26T23:00:00.000000000,536.89,437.26245
2022-09-27T00:00:00.000000000,546.6,427.87136
2022-09-27T01:00:00.000000000,542.12,416.77419
2022-09-27T02:00:00.000000000,506.48,404.79392
2022-09-27T03:00:00.000000000,450.25,394.27106
2022-09-27T04:00:00.000000000,394.28,385.53635
2022-09-27T05:00:00.000000000,354.05,379.21027
2022-09-27T06:00:00.000000000,298.59,376.33235
2022-09-27T07:00:00.000000000,276.92,376.47688
2022-09-27T08:00:00.000000000,265.08,380.93367
2022-09-27T09:00:00.000000000,256.41,389.13801
2022-09-27T10:00:00.000000000,268.85,399.55936
2022-09-27T11:00:00.000000000,301.6,410.80956
2022-09-27T12:00:00.000000000,329.4,423.61903
2022-09-27T13:00:00.000000000,339.94,436.03861
2022-09-27T14:00:00.000000000,358.91,446.695
2022-09-27T15:00:00.000000000,425.65,455.26423
2022-09-27T16:00:00.000000000,432.83,460.94212
2022-09-27T17:00:00.000000000,417.39,463.73156
2022-09-27T18:00:00.000000000,425.49,463.024
2022-09-27T19:00:00.000000000,454.09,458.47351
2022-09-27T20:00:00.000000000,475.57,450.40678
2022-09-27T21:00:00.000000000,492.38,439.66562
2022-09-27T22:00:00.000000000,502.41,427.13628
2022-09-27T23:00:00.000000000,502.03,414.33174
2022-09-25T00:00:00.000000000,500.62,484.77201
2022-09-25T01:00:00.000000000,497.97,476.07442
2022-09-25T02:00:00.000000000,471.59,463.20905
2022-09-25T03:00:00.000000000,452.97,447.46692
2022-09-25T04:00:00.000000000,446.69,429.7609
2022-09-25T05:00:00.000000000,421.06,411.81547
2022-09-25T06:00:00.000000000,394.87,394.76528
2022-09-25T07:00:00.000000000,394.77,379.87414
2022-09-25T08:00:00.000000000,359.94,368.88858
2022-09-25T09:00:00.000000000,342.9,362.23562
2022-09-25T10:00:00.000000000,303.8,359.76853
2022-09-25T11:00:00.000000000,278.33,360.4528
2022-09-25T12:00:00.000000000,272.09,365.31945
2022-09-25T13:00:00.000000000,258.23,371.7859
2022-09-25T14:00:00.000000000,261.75,378.25384
2022-09-25T15:00:00.000000000,281.12,384.7084
2022-09-25T16:00:00.000000000,302.59,390.77355
2022-09-25T17:00:00.000000000,297.38,396.59733
2022-09-25T18:00:00.000000000,287.02,400.37149
2022-09-25T19:00:00.000000000,292.78,402.46831
2022-09-25T20:00:00.000000000,299.94,402.57453
2022-09-25T21:00:00.000000000,310.33,400.56146
2022-09-25T22:00:00.000000000,323.77,397.56258
2022-09-25T23:00:00.000000000,330.41,394.54093
2022-09-26T00:00:00.000000000,355.46,373.64529
2022-09-26T01:00:00.000000000,390.03,368.03186
2022-09-26T02:00:00.000000000,382.11,362.74681
2022-09-26T03:00:00.000000000,364.63,360.00682
2022-09-26T04:00:00.000000000,363.16,359.36136
2022-09-26T05:00:00.000000000,371.75,360.89508
2022-09-26T06:00:00.000000000,407.14,365.29784
2022-09-26T07:00:00.000000000,444.78,371.55543
2022-09-26T08:00:00.000000000,462.72,380.60838
2022-09-26T09:00:00.000000000,475.29,391.83959
2022-09-26T10:00:00.000000000,481.7,403.88073
2022-09-26T11:00:00.000000000,486.66,416.12646
2022-09-26T12:00:00.000000000,484.58,429.81077
2022-09-26T13:00:00.000000000,478.08,443.23353
2022-09-26T14:00:00.000000000,488.57,455.28484
2022-09-26T15:00:00.000000000,523.91,465.64388
2022-09-26T16:00:00.000000000,535.57,473.10107
2022-09-26T17:00:00.000000000,526.77,478.27977
2022-09-26T18:00:00.000000000,520.92,480.97073
2022-09-26T19:00:00.000000000,522.91,480.76462
2022-09-26T20:00:00.000000000,522.14,477.63189
2022-09-26T21:00:00.000000000,527.16,472.11806
2022-09-26T22:00:00.000000000,531.52,464.43387
2022-09-26T23:00:00.000000000,536.89,455.76088
2022-09-27T00:00:00.000000000,546.6,451.39501
2022-09-27T01:00:00.000000000,542.12,438.67049
2022-09-27T02:00:00.000000000,506.48,423.70419
2022-09-27T03:00:00.000000000,450.25,409.0861
2022-09-27T04:00:00.000000000,394.28,395.52841
2022-09-27T05:00:00.000000000,354.05,384.04966
2022-09-27T06:00:00.000000000,298.59,376.00133
2022-09-27T07:00:00.000000000,276.92,371.12947
2022-09-27T08:00:00.000000000,265.08,370.90251
2022-09-27T09:00:00.000000000,256.41,375.10365
2022-09-27T10:00:00.000000000,268.85,382.58275
2022-09-27T11:00:00.000000000,301.6,392.28085
2022-09-27T12:00:00.000000000,329.4,405.15993
2022-09-27T13:00:00.000000000,339.94,418.94893
2022-09-27T14:00:00.000000000,358.91,431.97195
2022-09-27T15:00:00.000000000,425.65,443.52632
2022-09-27T16:00:00.000000000,432.83,452.68054
2022-09-27T17:00:00.000000000,417.39,459.22413
2022-09-27T18:00:00.000000000,425.49,462.17823
2022-09-27T19:00:00.000000000,454.09,461.28719
2022-09-27T20:00:00.000000000,475.57,456.82164
2022-09-27T21:00:00.000000000,492.38,449.42364
2022-09-27T22:00:00.000000000,502.41,439.72668
2022-09-27T23:00:00.000000000,502.03,429.02478
2022-09-28T00:00:00.000000000,484.13,398.34576
2022-09-28T01:00:00.000000000,439.9,381.65615
2022-09-28T02:00:00.000000000,377.54,360.45644
2022-09-28T03:00:00.000000000,327.3,338.39525
2022-09-28T04:00:00.000000000,288.94,318.13775
2022-09-28T05:00:00.000000000,259.3,302.50722
2022-09-28T06:00:00.000000000,244.99,293.82047
2022-09-28T07:00:00.000000000,238.94,291.91232
2022-09-28T08:00:00.000000000,236.32,296.85525
2022-09-28T09:00:00.000000000,242.79,306.911
2022-09-28T10:00:00.000000000,268.25,320.15136
2022-09-28T11:00:00.000000000,306.52,335.32763
2022-09-28T12:00:00.000000000,326.6,353.21406
2022-09-28T13:00:00.000000000,341.98,371.73459
2022-09-28T14:00:00.000000000,381.0,389.96568
2022-09-28T15:00:00.000000000,437.05,407.04713
2022-09-28T16:00:00.000000000,449.48,421.15035
2022-09-28T17:00:00.000000000,452.43,430.65498
2022-09-28T18:00:00.000000000,451.21,434.0403
2022-09-28T19:00:00.000000000,453.47,431.59325
2022-09-28T20:00:00.000000000,451.19,424.75738
2022-09-28T21:00:00.000000000,448.02,415.27298
2022-09-28T22:00:00.000000000,441.08,404.39986
2022-09-28T23:00:00.000000000,432.74,393.3441
2022-09-26T00:00:00.000000000,355.46,354.34527
2022-09-26T01:00:00.000000000,390.03,349.45794
2022-09-26T02:00:00.000000000,382.11,343.66852
2022-09-26T03:00:00.000000000,364.63,339.23664
2022-09-26T04:00:00.000000000,363.16,335.7626
2022-09-26T05:00:00.000000000,371.75,333.67017
2022-09-26T06:00:00.000000000,407.14,334.26189
2022-09-26T07:00:00.000000000,444.78,337.10384
2022-09-26T08:00:00.000000000,462.72,343.52551
2022-09-26T09:00:00.000000000,475.29,353.39119
2022-09-26T10:00:00.000000000,481.7,365.80123
2022-09-26T11:00:00.000000000,486.66,380.29971
2022-09-26T12:00:00.000000000,484.58,397.81166
2022-09-26T13:00:00.000000000,478.08,415.79844
2022-09-26T14:00:00.000000000,488.57,432.79126
2022-09-26T15:00:00.000000000,523.91,448.18111
2022-09-26T16:00:00.000000000,535.57,461.05948
2022-09-26T17:00:00.000000000,526.77,471.97472
2022-09-26T18:00:00.000000000,520.92,480.29437
2022-09-26T19:00:00.000000000,522.91,485.4874
2022-09-26T20:00:00.000000000,522.14,487.15487
2022-09-26T21:00:00.000000000,527.16,485.60287
2022-09-26T22:00:00.000000000,531.52,480.89991
2022-09-26T23:00:00.000000000,536.89,474.41142
2022-09-27T00:00:00.000000000,546.6,484.40156
2022-09-27T01:00:00.000000000,542.12,472.09328
2022-09-27T02:00:00.000000000,506.48,457.28295
2022-09-27T03:00:00.000000000,450.25,442.17475
2022-09-27T04:00:00.000000000,394.28,427.72871
2022-09-27T05:00:00.000000000,354.05,415.35256
2022-09-27T06:00:00.000000000,298.59,406.66864
2022-09-27T07:00:00.000000000,276.92,401.70815
2022-09-27T08:00:00.000000000,265.08,401.85761
2022-09-27T09:00:00.000000000,256.41,406.703
2022-09-27T10:00:00.000000000,268.85,414.88567
2022-09-27T11:00:00.000000000,301.6,424.81037
2022-09-27T12:00:00.000000000,329.4,437.87543
2022-09-27T13:00:00.000000000,339.94,451.88929
2022-09-27T14:00:00.000000000,358.91,464.92386
2022-09-27T15:00:00.000000000,425.65,476.14925
2022-09-27T16:00:00.000000000,432.83,484.78978
2022-09-27T17:00:00.000000000,417.39,491.05665
2022-09-27T18:00:00.000000000,425.49,493.80624
2022-09-27T19:00:00.000000000,454.09,492.74749
2022-09-27T20:00:00.000000000,475.57,488.06698
2022-09-27T21:00:00.000000000,492.38,480.40587
2022-09-27T22:00:00.000000000,502.41,470.79181
2022-09-27T23:00:00.000000000,502.03,460.36962
2022-09-28T00:00:00.000000000,484.13,429.6272
2022-09-28T01:00:00.000000000,439.9,412.63846
2022-09-28T02:00:00.000000000,377.54,391.53965
2022-09-28T03:00:00.000000000,327.3,369.64966
2022-09-28T04:00:00.000000000,288.94,349.39
2022-09-28T05:00:00.000000000,259.3,333.36839
2022-09-28T06:00:00.000000000,244.99,323.85167
2022-09-28T07:00:00.000000000,238.94,320.81204
2022-09-28T08:00:00.000000000,236.32,324.71685
2022-09-28T09:00:00.000000000,242.79,334.1858
2022-09-28T10:00:00.000000000,268.25,347.15241
2022-09-28T11:00:00.000000000,306.52,362.05933
2022-09-28T12:00:00.000000000,326.6,379.47492
2022-09-28T13:00:00.000000000,341.98,397.0536
2022-09-28T14:00:00.000000000,381.0,413.25223
2022-09-28T15:00:00.000000000,437.05,427.23842
2022-09-28T16:00:00.000000000,449.48,437.68267
2022-09-28T17:00:00.000000000,452.43,443.30827
2022-09-28T18:00:00.000000000,451.21,442.90292
2022-09-28T19:00:00.000000000,453.47,436.82785
2022-09-28T20:00:00.000000000,451.19,426.70907
2022-09-28T21:00:00.000000000,448.02,414.41578
2022-09-28T22:00:00.000000000,441.08,401.43675
2022-09-28T23:00:00.000000000,432.74,388.9556
2022-09-29T00:00:00.000000000,419.44,360.15951
2022-09-29T01:00:00.000000000,385.03,344.14559
2022-09-29T02:00:00.000000000,328.83,323.75857
2022-09-29T03:00:00.000000000,272.43,302.5884
2022-09-29T04:00:00.000000000,232.55,283.27375
2022-09-29T05:00:00.000000000,210.82,268.43077
2022-09-29T06:00:00.000000000,199.54,260.14085
2022-09-29T07:00:00.000000000,195.52,258.24607
2022-09-29T08:00:00.000000000,198.82,263.00902
2022-09-29T09:00:00.000000000,200.26,272.71939
2022-09-29T10:00:00.000000000,201.18,285.5461
2022-09-29T11:00:00.000000000,206.12,300.61298
2022-09-29T12:00:00.000000000,217.87,318.45261
2022-09-29T13:00:00.000000000,222.85,336.91339
2022-09-29T14:00:00.000000000,235.53,355.67843
2022-09-29T15:00:00.000000000,272.3,374.30658
2022-09-29T16:00:00.000000000,292.4,390.90953
2022-09-29T17:00:00.000000000,333.63,403.32086
2022-09-29T18:00:00.000000000,364.89,409.64342
2022-09-29T19:00:00.000000000,368.82,409.86403
2022-09-29T20:00:00.000000000,356.79,405.18784
2022-09-29T21:00:00.000000000,344.92,397.395
2022-09-29T22:00:00.000000000,327.2,387.71802
2022-09-29T23:00:00.000000000,312.28,377.43205
2022-09-27T00:00:00.000000000,546.6,538.25467
2022-09-27T01:00:00.000000000,542.12,526.41153
2022-09-27T02:00:00.000000000,506.48,512.41567
2022-09-27T03:00:00.000000000,450.25,497.81685
2022-09-27T04:00:00.000000000,394.28,483.13692
2022-09-27T05:00:00.000000000,354.05,469.62643
2022-09-27T06:00:00.000000000,298.59,458.1998
2022-09-27T07:00:00.000000000,276.92,449.46541
2022-09-27T08:00:00.000000000,265.08,445.38396
2022-09-27T09:00:00.000000000,256.41,445.67094
2022-09-27T10:00:00.000000000,268.85,449.04777
2022-09-27T11:00:00.000000000,301.6,453.53615
2022-09-27T12:00:00.000000000,329.4,460.48139
2022-09-27T13:00:00.000000000,339.94,467.6108
2022-09-27T14:00:00.000000000,358.91,473.21777
2022-09-27T15:00:00.000000000,425.65,477.37276
2022-09-27T16:00:00.000000000,432.83,480.08316
2022-09-27T17:00:00.000000000,417.39,481.91233
2022-09-27T18:00:00.000000000,425.49,481.31447
2022-09-27T19:00:00.000000000,454.09,478.08746
2022-09-27T20:00:00.000000000,475.57,472.44212
2022-09-27T21:00:00.000000000,492.38,464.67374
2022-09-27T22:00:00.000000000,502.41,455.81771
2022-09-27T23:00:00.000000000,502.03,446.81769
2022-09-28T00:00:00.000000000,484.13,418.61749
2022-09-28T01:00:00.000000000,439.9,400.28979
2022-09-28T02:00:00.000000000,377.54,377.09356
2022-09-28T03:00:00.000000000,327.3,352.56004
2022-09-28T04:00:00.000000000,288.94,329.66316
2022-09-28T05:00:00.000000000,259.3,311.53942
2022-09-28T06:00:00.000000000,244.99,300.60713
2022-09-28T07:00:00.000000000,238.94,296.95734
2022-09-28T08:00:00.000000000,236.32,300.64159
2022-09-28T09:00:00.000000000,242.79,309.85419
2022-09-28T10:00:00.000000000,268.25,322.53895
2022-09-28T11:00:00.000000000,306.52,337.22755
2022-09-28T12:00:00.000000000,326.6,354.55748
2022-09-28T13:00:00.000000000,341.98,372.32273
2022-09-28T14:00:00.000000000,381.0,389.38051
2022-09-28T15:00:00.000000000,437.05,404.94662
2022-09-28T16:00:00.000000000,449.48,417.34805
2022-09-28T17:00:00.000000000,452.43,424.82324
2022-09-28T18:00:00.000000000,451.21,425.77268
2022-09-28T19:00:00.000000000,453.47,420.69658
2022-09-28T20:00:00.000000000,451.19,411.33958
2022-09-28T21:00:00.000000000,448.02,399.65118
2022-09-28T22:00:00.000000000,441.08,387.20055
2022-09-28T23:00:00.000000000,432.74,375.17455
2022-09-29T00:00:00.000000000,419.44,346.10476
2022-09-29T01:00:00.000000000,385.03,329.97604
2022-09-29T02:00:00.000000000,328.83,309.80354
2022-09-29T03:00:00.000000000,272.43,289.17897
2022-09-29T04:00:00.000000000,232.55,270.77373
2022-09-29T05:00:00.000000000,210.82,257.26232
2022-09-29T06:00:00.000000000,199.54,250.69484
2022-09-29T07:00:00.000000000,195.52,250.68845
2022-09-29T08:00:00.000000000,198.82,257.36277
2022-09-29T09:00:00.000000000,200.26,268.92078
2022-09-29T10:00:00.000000000,201.18,283.26253
2022-09-29T11:00:00.000000000,206.12,299.52267
2022-09-29T12:00:00.000000000,217.87,318.09198
2022-09-29T13:00:00.000000000,222.85,336.91852
2022-09-29T14:00:00.000000000,235.53,355.82774
2022-09-29T15:00:00.000000000,272.3,374.46333
2022-09-29T16:00:00.000000000,292.4,390.82186
2022-09-29T17:00:00.000000000,333.63,402.55341
2022-09-29T18:00:00.000000000,364.89,407.86565
2022-09-29T19:00:00.000000000,368.82,406.69868
2022-09-29T20:00:00.000000000,356.79,400.43738
2022-09-29T21:00:00.000000000,344.92,391.09638
2022-09-29T22:00:00.000000000,327.2,380.04743
2022-09-29T23:00:00.000000000,312.28,368.57813
2022-09-30T00:00:00.000000000,301.95,344.10103
2022-09-30T01:00:00.000000000,286.24,330.01313
2022-09-30T02:00:00.000000000,258.8,312.00514
2022-09-30T03:00:00.000000000,226.45,293.7081
2022-09-30T04:00:00.000000000,203.8,277.48935
2022-09-30T05:00:00.000000000,184.22,265.93675
2022-09-30T06:00:00.000000000,175.19,261.12062
2022-09-30T07:00:00.000000000,177.51,262.64634
2022-09-30T08:00:00.000000000,176.38,270.44893
2022-09-30T09:00:00.000000000,176.55,282.60179
2022-09-30T10:00:00.000000000,181.22,297.20487
2022-09-30T11:00:00.000000000,184.17,313.36283
2022-09-30T12:00:00.000000000,184.71,331.82916
2022-09-30T13:00:00.000000000,181.65,350.70711
2022-09-30T14:00:00.000000000,198.61,369.82204
2022-09-30T15:00:00.000000000,231.46,388.62785
2022-09-30T16:00:00.000000000,266.71,405.06631
2022-09-30T17:00:00.000000000,311.39,417.34196
2022-09-30T18:00:00.000000000,328.03,423.86583
2022-09-30T19:00:00.000000000,335.27,424.59964
2022-09-30T20:00:00.000000000,333.38,420.66102
2022-09-30T21:00:00.000000000,327.19,413.66102
2022-09-30T22:00:00.000000000,318.01,404.7097
2022-09-30T23:00:00.000000000,304.73,395.05138
2022-09-28T00:00:00.000000000,484.13,476.94422
2022-09-28T01:00:00.000000000,439.9,454.32242
2022-09-28T02:00:00.000000000,377.54,425.63142
2022-09-28T03:00:00.000000000,327.3,394.81563
2022-09-28T04:00:00.000000000,288.94,365.38787
2022-09-28T05:00:00.000000000,259.3,340.97408
2022-09-28T06:00:00.000000000,244.99,324.56445
2022-09-28T07:00:00.000000000,238.94,316.42499
2022-09-28T08:00:00.000000000,236.32,316.92116
2022-09-28T09:00:00.000000000,242.79,324.46744
2022-09-28T10:00:00.000000000,268.25,336.82203
2022-09-28T11:00:00.000000000,306.52,352.4221
2022-09-28T12:00:00.000000000,326.6,372.05808
2022-09-28T13:00:00.000000000,341.98,392.99975
2022-09-28T14:00:00.000000000,381.0,413.15597
2022-09-28T15:00:00.000000000,437.05,431.08175
2022-09-28T16:00:00.000000000,449.48,445.15175
2022-09-28T17:00:00.000000000,452.43,453.67195
2022-09-28T18:00:00.000000000,451.21,455.08765
2022-09-28T19:00:00.000000000,453.47,450.0606
2022-09-28T20:00:00.000000000,451.19,440.82255
2022-09-28T21:00:00.000000000,448.02,429.56647
2022-09-28T22:00:00.000000000,441.08,417.7169
2022-09-28T23:00:00.000000000,432.74,405.92438
2022-09-29T00:00:00.000000000,419.44,386.57538
2022-09-29T01:00:00.000000000,385.03,368.60987
2022-09-29T02:00:00.000000000,328.83,345.04843
2022-09-29T03:00:00.000000000,272.43,319.90548
2022-09-29T04:00:00.000000000,232.55,296.37178
2022-09-29T05:00:00.000000000,210.82,277.67325
2022-09-29T06:00:00.000000000,199.54,266.36129
2022-09-29T07:00:00.000000000,195.52,262.40523
2022-09-29T08:00:00.000000000,198.82,265.84468
2022-09-29T09:00:00.000000000,200.26,274.79999
2022-09-29T10:00:00.000000000,201.18,287.52873
2022-09-29T11:00:00.000000000,206.12,303.03647
2022-09-29T12:00:00.000000000,217.87,322.11656
2022-09-29T13:00:00.000000000,222.85,342.62327
2022-09-29T14:00:00.000000000,235.53,364.06859
2022-09-29T15:00:00.000000000,272.3,385.51081
2022-09-29T16:00:00.000000000,292.4,404.7319
2022-09-29T17:00:00.000000000,333.63,419.58583
2022-09-29T18:00:00.000000000,364.89,427.91547
2022-09-29T19:00:00.000000000,368.82,429.77482
2022-09-29T20:00:00.000000000,356.79,426.55226
2022-09-29T21:00:00.000000000,344.92,420.02481
2022-09-29T22:00:00.000000000,327.2,411.23606
2022-09-29T23:00:00.000000000,312.28,401.30815
2022-09-30T00:00:00.000000000,301.95,379.103
2022-09-30T01:00:00.000000000,286.24,362.36928
2022-09-30T02:00:00.000000000,258.8,341.29644
2022-09-30T03:00:00.000000000,226.45,319.9928
2022-09-30T04:00:00.000000000,203.8,301.03501
2022-09-30T05:00:00.000000000,184.22,287.07227
2022-09-30T06:00:00.000000000,175.19,280.51565
2022-09-30T07:00:00.000000000,177.51,280.98554
2022-09-30T08:00:00.000000000,176.38,288.52965
2022-09-30T09:00:00.000000000,176.55,301.26109
2022-09-30T10:00:00.000000000,181.22,317.10728
2022-09-30T11:00:00.000000000,184.17,334.89375
2022-09-30T12:00:00.000000000,184.71,355.44364
2022-09-30T13:00:00.000000000,181.65,376.66187
2022-09-30T14:00:00.000000000,198.61,397.63927
2022-09-30T15:00:00.000000000,231.46,417.2246
2022-09-30T16:00:00.000000000,266.71,433.40787
2022-09-30T17:00:00.000000000,311.39,444.6428
2022-09-30T18:00:00.000000000,328.03,449.62804
2022-09-30T19:00:00.000000000,335.27,448.46728
2022-09-30T20:00:00.000000000,333.38,442.60791
2022-09-30T21:00:00.000000000,327.19,433.84397
2022-09-30T22:00:00.000000000,318.01,423.25026
2022-09-30T23:00:00.000000000,304.73,411.95965
2022-10-01T00:00:00.000000000,298.94,389.96646
2022-10-01T01:00:00.000000000,284.8,374.17087
2022-10-01T02:00:00.000000000,248.61,356.03875
2022-10-01T03:00:00.000000000,222.69,339.24831
2022-10-01T04:00:00.000000000,209.27,325.36599
2022-10-01T05:00:00.000000000,205.49,316.03559
2022-10-01T06:00:00.000000000,207.55,313.11255
2022-10-01T07:00:00.000000000,208.06,315.86751
2022-10-01T08:00:00.000000000,209.16,324.79629
2022-10-01T09:00:00.000000000,207.9,338.43714
2022-10-01T10:00:00.000000000,219.95,354.60357
2022-10-01T11:00:00.000000000,248.2,372.16778
2022-10-01T12:00:00.000000000,270.91,391.97386
2022-10-01T13:00:00.000000000,285.94,411.89945
2022-10-01T14:00:00.000000000,297.59,430.48167
2022-10-01T15:00:00.000000000,372.43,446.60465
2022-10-01T16:00:00.000000000,398.14,458.68598
2022-10-01T17:00:00.000000000,403.58,465.75529
2022-10-01T18:00:00.000000000,410.0,467.14494
2022-10-01T19:00:00.000000000,407.86,462.79113
2022-10-01T20:00:00.000000000,406.79,454.04987
2022-10-01T21:00:00.000000000,403.72,442.68244
2022-10-01T22:00:00.000000000,399.67,429.72841
2022-10-01T23:00:00.000000000,392.85,416.32303
2022-09-29T00:00:00.000000000,419.44,411.09227
2022-09-29T01:00:00.000000000,385.03,391.30372
2022-09-29T02:00:00.000000000,328.83,365.28944
2022-09-29T03:00:00.000000000,272.43,337.34978
2022-09-29T04:00:00.000000000,232.55,311.07484
2022-09-29T05:00:00.000000000,210.82,290.00722
2022-09-29T06:00:00.000000000,199.54,276.93153
2022-09-29T07:00:00.000000000,195.52,271.89631
2022-09-29T08:00:00.000000000,198.82,274.67397
2022-09-29T09:00:00.000000000,200.26,283.20247
2022-09-29T10:00:00.000000000,201.18,295.66226
2022-09-29T11:00:00.000000000,206.12,310.98846
2022-09-29T12:00:00.000000000,217.87,330.15311
2022-09-29T13:00:00.000000000,222.85,351.00256
2022-09-29T14:00:00.000000000,235.53,372.68247
2022-09-29T15:00:00.000000000,272.3,393.93554
2022-09-29T16:00:00.000000000,292.4,412.41507
2022-09-29T17:00:00.000000000,333.63,426.04918
2022-09-29T18:00:00.000000000,364.89,432.84845
2022-09-29T19:00:00.000000000,368.82,433.2826
2022-09-29T20:00:00.000000000,356.79,429.14528
2022-09-29T21:00:00.000000000,344.92,422.34574
2022-09-29T22:00:00.000000000,327.2,413.86485
2022-09-29T23:00:00.000000000,312.28,404.49435
2022-09-30T00:00:00.000000000,301.95,383.54632
2022-09-30T01:00:00.000000000,286.24,366.02861
2022-09-30T02:00:00.000000000,258.8,344.45655
2022-09-30T03:00:00.000000000,226.45,322.89117
2022-09-30T04:00:00.000000000,203.8,303.92169
2022-09-30T05:00:00.000000000,184.22,290.20369
2022-09-30T06:00:00.000000000,175.19,284.16025
2022-09-30T07:00:00.000000000,177.51,285.3548
2022-09-30T08:00:00.000000000,176.38,293.85331
2022-09-30T09:00:00.000000000,176.55,307.76968
2022-09-30T10:00:00.000000000,181.22,324.82454
2022-09-30T11:00:00.000000000,184.17,343.6879
2022-09-30T12:00:00.000000000,184.71,365.07106
2022-09-30T13:00:00.000000000,181.65,386.83166
2022-09-30T14:00:00.000000000,198.61,407.86253
2022-09-30T15:00:00.000000000,231.46,426.9579
2022-09-30T16:00:00.000000000,266.71,442.23671
2022-09-30T17:00:00.000000000,311.39,452.16231
2022-09-30T18:00:00.000000000,328.03,455.55153
2022-09-30T19:00:00.000000000,335.27,452.46252
2022-09-30T20:00:00.000000000,333.38,444.49499
2022-09-30T21:00:00.000000000,327.19,433.62553
2022-09-30T22:00:00.000000000,318.01,421.09181
2022-09-30T23:00:00.000000000,304.73,408.08536
2022-10-01T00:00:00.000000000,298.94,384.21688
2022-10-01T01:00:00.000000000,284.8,370.71434
2022-10-01T02:00:00.000000000,248.61,355.98138
2022-10-01T03:00:00.000000000,222.69,343.34525
2022-10-01T04:00:00.000000000,209.27,333.68683
2022-10-01T05:00:00.000000000,205.49,328.12044
2022-10-01T06:00:00.000000000,207.55,328.05266
2022-10-01T07:00:00.000000000,208.06,332.6096
2022-10-01T08:00:00.000000000,209.16,342.40503
2022-10-01T09:00:00.000000000,207.9,356.16563
2022-10-01T10:00:00.000000000,219.95,371.78209
2022-10-01T11:00:00.000000000,248.2,388.26097
2022-10-01T12:00:00.000000000,270.91,406.51813
2022-10-01T13:00:00.000000000,285.94,424.5802
2022-10-01T14:00:00.000000000,297.59,441.07705
2022-10-01T15:00:00.000000000,372.43,455.13845
2022-10-01T16:00:00.000000000,398.14,465.31331
2022-10-01T17:00:00.000000000,403.58,471.07414
2022-10-01T18:00:00.000000000,410.0,471.97055
2022-10-01T19:00:00.000000000,407.86,467.85151
2022-10-01T20:00:00.000000000,406.79,459.75708
2022-10-01T21:00:00.000000000,403.72,449.13391
2022-10-01T22:00:00.000000000,399.67,436.78182
2022-10-01T23:00:00.000000000,392.85,423.84227
2022-10-02T00:00:00.000000000,378.77,386.95285
2022-10-02T01:00:00.000000000,343.8,379.04455
2022-10-02T02:00:00.000000000,295.34,371.63971
2022-10-02T03:00:00.000000000,271.92,366.89564
2022-10-02T04:00:00.000000000,255.79,364.67154
2022-10-02T05:00:00.000000000,245.21,365.22335
2022-10-02T06:00:00.000000000,237.84,369.0893
2022-10-02T07:00:00.000000000,229.35,375.55562
2022-10-02T08:00:00.000000000,228.35,385.54895
2022-10-02T09:00:00.000000000,233.66,398.23369
2022-10-02T10:00:00.000000000,258.99,411.74946
2022-10-02T11:00:00.000000000,298.8,424.96571
2022-10-02T12:00:00.000000000,331.07,438.51485
2022-10-02T13:00:00.000000000,357.11,450.55924
2022-10-02T14:00:00.000000000,385.84,459.80515
2022-10-02T15:00:00.000000000,457.08,466.13777
2022-10-02T16:00:00.000000000,473.45,468.75228
2022-10-02T17:00:00.000000000,463.02,468.0494
2022-10-02T18:00:00.000000000,467.88,464.01094
2022-10-02T19:00:00.000000000,473.17,456.58571
2022-10-02T20:00:00.000000000,473.58,446.53672
2022-10-02T21:00:00.000000000,466.05,435.00507
2022-10-02T22:00:00.000000000,453.91,422.78728
2022-10-02T23:00:00.000000000,439.35,411.11247
2022-09-30T00:00:00.000000000,301.95,308.41239
2022-09-30T01:00:00.000000000,286.24,297.32356
2022-09-30T02:00:00.000000000,258.8,284.23279
2022-09-30T03:00:00.000000000,226.45,272.16394
2022-09-30T04:00:00.000000000,203.8,262.40514
2022-09-30T05:00:00.000000000,184.22,256.72765
2022-09-30T06:00:00.000000000,175.19,257.04826
2022-09-30T07:00:00.000000000,177.51,262.89818
2022-09-30T08:00:00.000000000,176.38,274.65279
2022-09-30T09:00:00.000000000,176.55,290.94658
2022-09-30T10:00:00.000000000,181.22,309.82832
2022-09-30T11:00:00.000000000,184.17,330.20428
2022-09-30T12:00:00.000000000,184.71,352.47059
2022-09-30T13:00:00.000000000,181.65,374.2751
2022-09-30T14:00:00.000000000,198.61,394.73311
2022-09-30T15:00:00.000000000,231.46,413.20458
2022-09-30T16:00:00.000000000,266.71,428.35982
2022-09-30T17:00:00.000000000,311.39,439.07874
2022-09-30T18:00:00.000000000,328.03,444.39099
2022-09-30T19:00:00.000000000,335.27,443.99699
2022-09-30T20:00:00.000000000,333.38,438.54473
2022-09-30T21:00:00.000000000,327.19,429.56815
2022-09-30T22:00:00.000000000,318.01,418.43461
2022-09-30T23:00:00.000000000,304.73,406.80544
2022-10-01T00:00:00.000000000,298.94,378.89983
2022-10-01T01:00:00.000000000,284.8,365.02103
2022-10-01T02:00:00.000000000,248.61,349.70723
2022-10-01T03:00:00.000000000,222.69,336.40045
2022-10-01T04:00:00.000000000,209.27,326.14963
2022-10-01T05:00:00.000000000,205.49,320.23097
2022-10-01T06:00:00.000000000,207.55,320.15528
2022-10-01T07:00:00.000000000,208.06,325.06634
2022-10-01T08:00:00.000000000,209.16,335.48903
2022-10-01T09:00:00.000000000,207.9,350.03941
2022-10-01T10:00:00.000000000,219.95,366.50731
2022-10-01T11:00:00.000000000,248.2,383.82504
2022-10-01T12:00:00.000000000,270.91,402.82394
2022-10-01T13:00:00.000000000,285.94,421.50631
2022-10-01T14:00:00.000000000,297.59,438.56985
2022-10-01T15:00:00.000000000,372.43,453.14422
2022-10-01T16:00:00.000000000,398.14,463.75953
2022-10-01T17:00:00.000000000,403.58,469.79965
2022-10-01T18:00:00.000000000,410.0,470.78749
2022-10-01T19:00:00.000000000,407.86,466.55686
2022-10-01T20:00:00.000000000,406.79,458.19947
2022-10-01T21:00:00.000000000,403.72,447.23777
2022-10-01T22:00:00.000000000,399.67,434.52903
2022-10-01T23:00:00.000000000,392.85,421.22438
2022-10-02T00:00:00.000000000,378.77,380.01946
2022-10-02T01:00:00.000000000,343.8,371.25327
2022-10-02T02:00:00.000000000,295.34,362.56861
2022-10-02T03:00:00.000000000,271.92,356.38389
2022-10-02T04:00:00.000000000,255.79,352.7147
2022-10-02T05:00:00.000000000,245.21,351.99391
2022-10-02T06:00:00.000000000,237.84,354.94002
2022-10-02T07:00:00.000000000,229.35,360.77135
2022-10-02T08:00:00.000000000,228.35,370.3721
2022-10-02T09:00:00.000000000,233.66,382.89337
2022-10-02T10:00:00.000000000,258.99,396.4906
2022-10-02T11:00:00.000000000,298.8,410.10572
2022-10-02T12:00:00.000000000,331.07,424.39152
2022-10-02T13:00:00.000000000,357.11,437.50405
2022-10-02T14:00:00.000000000,385.84,448.26261
2022-10-02T15:00:00.000000000,457.08,456.47862
2022-10-02T16:00:00.000000000,473.45,461.20014
2022-10-02T17:00:00.000000000,463.02,462.61692
2022-10-02T18:00:00.000000000,467.88,460.59271
2022-10-02T19:00:00.000000000,473.17,454.9895
2022-10-02T20:00:00.000000000,473.58,446.42519
2022-10-02T21:00:00.000000000,466.05,435.94967
2022-10-02T22:00:00.000000000,453.91,424.27651
2022-10-02T23:00:00.000000000,439.35,412.67198
2022-10-03T00:00:00.000000000,425.57,385.61907
2022-10-03T01:00:00.000000000,381.27,373.00674
2022-10-03T02:00:00.000000000,327.07,357.18981
2022-10-03T03:00:00.000000000,289.78,341.56829
2022-10-03T04:00:00.000000000,270.31,327.56144
2022-10-03T05:00:00.000000000,266.5,316.81017
2022-10-03T06:00:00.000000000,260.55,311.08252
2022-10-03T07:00:00.000000000,253.8,310.00549
2022-10-03T08:00:00.000000000,251.44,314.25846
2022-10-03T09:00:00.000000000,258.31,322.79673
2022-10-03T10:00:00.000000000,272.18,334.19021
2022-10-03T11:00:00.000000000,286.65,347.68485
2022-10-03T12:00:00.000000000,307.58,364.20652
2022-10-03T13:00:00.000000000,338.5,381.57975
2022-10-03T14:00:00.000000000,348.89,398.74762
2022-10-03T15:00:00.000000000,426.68,414.88225
2022-10-03T16:00:00.000000000,443.73,428.37422
2022-10-03T17:00:00.000000000,413.58,438.38069
2022-10-03T18:00:00.000000000,403.33,443.84555
2022-10-03T19:00:00.000000000,413.72,444.84575
2022-10-03T20:00:00.000000000,421.11,442.14315
2022-10-03T21:00:00.000000000,424.13,436.84168
2022-10-03T22:00:00.000000000,423.63,429.54498
2022-10-03T23:00:00.000000000,423.92,421.34131
2022-10-01T00:00:00.000000000,298.94,295.26257
2022-10-01T01:00:00.000000000,284.8,288.27578
2022-10-01T02:00:00.000000000,248.61,281.69393
2022-10-01T03:00:00.000000000,222.69,277.84319
2022-10-01T04:00:00.000000000,209.27,276.5563
2022-10-01T05:00:00.000000000,205.49,278.22813
2022-10-01T06:00:00.000000000,207.55,283.85292
2022-10-01T07:00:00.000000000,208.06,292.53476
2022-10-01T08:00:00.000000000,209.16,305.07481
2022-10-01T09:00:00.000000000,207.9,320.72713
2022-10-01T10:00:00.000000000,219.95,337.74756
2022-10-01T11:00:00.000000000,248.2,355.30145
2022-10-01T12:00:00.000000000,270.91,373.7459
2022-10-01T13:00:00.000000000,285.94,390.92004
2022-10-01T14:00:00.000000000,297.59,405.88394
2022-10-01T15:00:00.000000000,372.43,418.51322
2022-10-01T16:00:00.000000000,398.14,427.91187
2022-10-01T17:00:00.000000000,403.58,433.69745
2022-10-01T18:00:00.000000000,410.0,435.62465
2022-10-01T19:00:00.000000000,407.86,433.34417
2022-10-01T20:00:00.000000000,406.79,426.95502
2022-10-01T21:00:00.000000000,403.72,417.51902
2022-10-01T22:00:00.000000000,399.67,406.12017
2022-10-01T23:00:00.000000000,392.85,394.54396
2022-10-02T00:00:00.000000000,378.77,354.53634
2022-10-02T01:00:00.000000000,343.8,347.53343
2022-10-02T02:00:00.000000000,295.34,340.06513
2022-10-02T03:00:00.000000000,271.92,334.46728
2022-10-02T04:00:00.000000000,255.79,330.84045
2022-10-02T05:00:00.000000000,245.21,329.80687
2022-10-02T06:00:00.000000000,237.84,332.17554
2022-10-02T07:00:00.000000000,229.35,337.25975
2022-10-02T08:00:00.000000000,228.35,345.83237
2022-10-02T09:00:00.000000000,233.66,357.06616
2022-10-02T10:00:00.000000000,258.99,369.35164
2022-10-02T11:00:00.000000000,298.8,381.80347
2022-10-02T12:00:00.000000000,331.07,395.07701
2022-10-02T13:00:00.000000000,357.11,407.28475
2022-10-02T14:00:00.000000000,385.84,417.56883
2022-10-02T15:00:00.000000000,457.08,425.99298
2022-10-02T16:00:00.000000000,473.45,431.65062
2022-10-02T17:00:00.000000000,463.02,434.4617
2022-10-02T18:00:00.000000000,467.88,434.08636
2022-10-02T19:00:00.000000000,473.17,430.46021
2022-10-02T20:00:00.000000000,473.58,423.93823
2022-10-02T21:00:00.000000000,466.05,415.37104
2022-10-02T22:00:00.000000000,453.91,405.59675
2022-10-02T23:00:00.000000000,439.35,396.02329
2022-10-03T00:00:00.000000000,425.57,369.15099
2022-10-03T01:00:00.000000000,381.27,358.46535
2022-10-03T02:00:00.000000000,327.07,344.50674
2022-10-03T03:00:00.000000000,289.78,330.46421
2022-10-03T04:00:00.000000000,270.31,317.6896
2022-10-03T05:00:00.000000000,266.5,307.71717
2022-10-03T06:00:00.000000000,260.55,302.11527
2022-10-03T07:00:00.000000000,253.8,300.65013
2022-10-03T08:00:00.000000000,251.44,303.97892
2022-10-03T09:00:00.000000000,258.31,310.96027
2022-10-03T10:00:00.000000000,272.18,320.33303
2022-10-03T11:00:00.000000000,286.65,331.40766
2022-10-03T12:00:00.000000000,307.58,345.09723
2022-10-03T13:00:00.000000000,338.5,359.35888
2022-10-03T14:00:00.000000000,348.89,373.70521
2022-10-03T15:00:00.000000000,426.68,387.89725
2022-10-03T16:00:00.000000000,443.73,400.42772
2022-10-03T17:00:00.000000000,413.58,410.3214
2022-10-03T18:00:00.000000000,403.33,416.34133
2022-10-03T19:00:00.000000000,413.72,418.63688
2022-10-03T20:00:00.000000000,421.11,417.59613
2022-10-03T21:00:00.000000000,424.13,414.04539
2022-10-03T22:00:00.000000000,423.63,408.62681
2022-10-03T23:00:00.000000000,423.92,402.50105
2022-10-04T00:00:00.000000000,423.3,384.24971
2022-10-04T01:00:00.000000000,404.42,371.63935
2022-10-04T02:00:00.000000000,368.66,357.64591
2022-10-04T03:00:00.000000000,329.24,345.70191
2022-10-04T04:00:00.000000000,300.57,336.42526
2022-10-04T05:00:00.000000000,290.32,330.66469
2022-10-04T06:00:00.000000000,272.17,329.72325
2022-10-04T07:00:00.000000000,247.21,332.73503
2022-10-04T08:00:00.000000000,235.88,340.47213
2022-10-04T09:00:00.000000000,250.76,351.84907
2022-10-04T10:00:00.000000000,274.95,365.14208
2022-10-04T11:00:00.000000000,310.4,379.80756
2022-10-04T12:00:00.000000000,340.02,397.07235
2022-10-04T13:00:00.000000000,379.15,414.89257
2022-10-04T14:00:00.000000000,404.63,431.86405
2022-10-04T15:00:00.000000000,466.04,446.96718
2022-10-04T16:00:00.000000000,475.12,458.59638
2022-10-04T17:00:00.000000000,459.05,466.3278
2022-10-04T18:00:00.000000000,457.02,469.69535
2022-10-04T19:00:00.000000000,474.16,468.60687
2022-10-04T20:00:00.000000000,492.65,463.93008
2022-10-04T21:00:00.000000000,504.41,456.82305
2022-10-04T22:00:00.000000000,515.36,447.73451
2022-10-04T23:00:00.000000000,519.55,437.57765
2022-10-02T00:00:00.000000000,378.77,367.16585
2022-10-02T01:00:00.000000000,343.8,359.16727
2022-10-02T02:00:00.000000000,295.34,351.24607
2022-10-02T03:00:00.000000000,271.92,345.72641
2022-10-02T04:00:00.000000000,255.79,342.57201
2022-10-02T05:00:00.000000000,245.21,342.17562
2022-10-02T06:00:00.000000000,237.84,345.31168
2022-10-02T07:00:00.000000000,229.35,351.2013
2022-10-02T08:00:00.000000000,228.35,360.79782
2022-10-02T09:00:00.000000000,233.66,373.35375
2022-10-02T10:00:00.000000000,258.99,387.11068
2022-10-02T11:00:00.000000000,298.8,400.9506
2022-10-02T12:00:00.000000000,331.07,415.41554
2022-10-02T13:00:00.000000000,357.11,428.6852
2022-10-02T14:00:00.000000000,385.84,439.72854
2022-10-02T15:00:00.000000000,457.08,448.44417
2022-10-02T16:00:00.000000000,473.45,453.9246
2022-10-02T17:00:00.000000000,463.02,456.31004
2022-10-02T18:00:00.000000000,467.88,455.38953
2022-10-02T19:00:00.000000000,473.17,450.85089
2022-10-02T20:00:00.000000000,473.58,443.03564
2022-10-02T21:00:00.000000000,466.05,432.89258
2022-10-02T22:00:00.000000000,453.91,421.18738
2022-10-02T23:00:00.000000000,439.35,409.41487
2022-10-03T00:00:00.000000000,425.57,377.31473
2022-10-03T01:00:00.000000000,381.27,366.49098
2022-10-03T02:00:00.000000000,327.07,353.16936
2022-10-03T03:00:00.000000000,289.78,340.57295
2022-10-03T04:00:00.000000000,270.31,329.62312
2022-10-03T05:00:00.000000000,266.5,321.4977
2022-10-03T06:00:00.000000000,260.55,317.67922
2022-10-03T07:00:00.000000000,253.8,317.64
2022-10-03T08:00:00.000000000,251.44,322.27741
2022-10-03T09:00:00.000000000,258.31,330.74185
2022-10-03T10:00:00.000000000,272.18,341.63087
2022-10-03T11:00:00.000000000,286.65,354.22133
2022-10-03T12:00:00.000000000,307.58,369.39641
2022-10-03T13:00:00.000000000,338.5,385.04759
2022-10-03T14:00:00.000000000,348.89,400.26329
2022-10-03T15:00:00.000000000,426.68,414.53091
2022-10-03T16:00:00.000000000,443.73,426.40955
2022-10-03T17:00:00.000000000,413.58,435.2846
2022-10-03T18:00:00.000000000,403.33,440.288
2022-10-03T19:00:00.000000000,413.72,441.34572
2022-10-03T20:00:00.000000000,421.11,438.88425
2022-10-03T21:00:00.000000000,424.13,433.79452
2022-10-03T22:00:00.000000000,423.63,426.62991
2022-10-03T23:00:00.000000000,423.92,418.5339
2022-10-04T00:00:00.000000000,423.3,398.06307
2022-10-04T01:00:00.000000000,404.42,386.82692
2022-10-04T02:00:00.000000000,368.66,374.95368
2022-10-04T03:00:00.000000000,329.24,365.42676
2022-10-04T04:00:00.000000000,300.57,358.50965
2022-10-04T05:00:00.000000000,290.32,354.83083
2022-10-04T06:00:00.000000000,272.17,355.3545
2022-10-04T07:00:00.000000000,247.21,359.11671
2022-10-04T08:00:00.000000000,235.88,366.90424
2022-10-04T09:00:00.000000000,250.76,377.74027
2022-10-04T10:00:00.000000000,274.95,389.92787
2022-10-04T11:00:00.000000000,310.4,402.89385
2022-10-04T12:00:00.000000000,340.02,417.98765
2022-10-04T13:00:00.000000000,379.15,433.39023
2022-10-04T14:00:00.000000000,404.63,447.72062
2022-10-04T15:00:00.000000000,466.04,460.19589
2022-10-04T16:00:00.000000000,475.12,469.32226
2022-10-04T17:00:00.000000000,459.05,475.01228
2022-10-04T18:00:00.000000000,457.02,476.87821
2022-10-04T19:00:00.000000000,474.16,474.82816
2022-10-04T20:00:00.000000000,492.65,469.58715
2022-10-04T21:00:00.000000000,504.41,462.12626
2022-10-04T22:00:00.000000000,515.36,452.82481
2022-10-04T23:00:00.000000000,519.55,442.62708
2022-10-05T00:00:00.000000000,521.76,426.05998
2022-10-05T01:00:00.000000000,497.52,414.92879
2022-10-05T02:00:00.000000000,463.92,403.24393
2022-10-05T03:00:00.000000000,444.01,393.54324
2022-10-05T04:00:00.000000000,444.63,386.15023
2022-10-05T05:00:00.000000000,429.68,381.78796
2022-10-05T06:00:00.000000000,431.41,381.3434
2022-10-05T07:00:00.000000000,444.05,384.00858
2022-10-05T08:00:00.000000000,473.6,390.63963
2022-10-05T09:00:00.000000000,488.75,400.26737
2022-10-05T10:00:00.000000000,491.01,411.17044
2022-10-05T11:00:00.000000000,487.63,422.44944
2022-10-05T12:00:00.000000000,477.76,435.44033
2022-10-05T13:00:00.000000000,487.8,448.45915
2022-10-05T14:00:00.000000000,498.97,460.19184
2022-10-05T15:00:00.000000000,524.76,470.1154
2022-10-05T16:00:00.000000000,544.85,476.87607
2022-10-05T17:00:00.000000000,542.94,480.48911
2022-10-05T18:00:00.000000000,529.06,480.41166
2022-10-05T19:00:00.000000000,506.1,476.56315
2022-10-05T20:00:00.000000000,495.46,469.67141
2022-10-05T21:00:00.000000000,494.9,460.7229
2022-10-05T22:00:00.000000000,500.81,450.32264
2022-10-05T23:00:00.000000000,511.99,439.49225
2022-10-03T00:00:00.000000000,425.57,413.07273
2022-10-03T01:00:00.000000000,381.27,399.41416
2022-10-03T02:00:00.000000000,327.07,382.13377
2022-10-03T03:00:00.000000000,289.78,364.57483
2022-10-03T04:00:00.000000000,270.31,348.21934
2022-10-03T05:00:00.000000000,266.5,334.78219
2022-10-03T06:00:00.000000000,260.55,326.10414
2022-10-03T07:00:00.000000000,253.8,321.9098
2022-10-03T08:00:00.000000000,251.44,323.18662
2022-10-03T09:00:00.000000000,258.31,329.26584
2022-10-03T10:00:00.000000000,272.18,338.86448
2022-10-03T11:00:00.000000000,286.65,351.25774
2022-10-03T12:00:00.000000000,307.58,367.34061
2022-10-03T13:00:00.000000000,338.5,384.73994
2022-10-03T14:00:00.000000000,348.89,402.15337
2022-10-03T15:00:00.000000000,426.68,418.64255
2022-10-03T16:00:00.000000000,443.73,432.65407
2022-10-03T17:00:00.000000000,413.58,443.36546
2022-10-03T18:00:00.000000000,403.33,449.55168
2022-10-03T19:00:00.000000000,413.72,451.27841
2022-10-03T20:00:00.000000000,421.11,449.26921
2022-10-03T21:00:00.000000000,424.13,444.55722
2022-10-03T22:00:00.000000000,423.63,437.62131
2022-10-03T23:00:00.000000000,423.92,429.48725
2022-10-04T00:00:00.000000000,423.3,417.70469
2022-10-04T01:00:00.000000000,404.42,406.06826
2022-10-04T02:00:00.000000000,368.66,393.13313
2022-10-04T03:00:00.000000000,329.24,381.85052
2022-10-04T04:00:00.000000000,300.57,372.71052
2022-10-04T05:00:00.000000000,290.32,366.57843
2022-10-04T06:00:00.000000000,272.17,364.62135
2022-10-04T07:00:00.000000000,247.21,365.98446
2022-10-04T08:00:00.000000000,235.88,371.51168
2022-10-04T09:00:00.000000000,250.76,380.40572
2022-10-04T10:00:00.000000000,274.95,391.20554
2022-10-04T11:00:00.000000000,310.4,403.377
2022-10-04T12:00:00.000000000,340.02,418.4683
2022-10-04T13:00:00.000000000,379.15,434.544
2022-10-04T14:00:00.000000000,404.63,450.04242
2022-10-04T15:00:00.000000000,466.04,463.97953
2022-10-04T16:00:00.000000000,475.12,474.81919
2022-10-04T17:00:00.000000000,459.05,482.51658
2022-10-04T18:00:00.000000000,457.02,486.43204
2022-10-04T19:00:00.000000000,474.16,486.52515
2022-10-04T20:00:00.000000000,492.65,483.39377
2022-10-04T21:00:00.000000000,504.41,477.88249
2022-10-04T22:00:00.000000000,515.36,470.25447
2022-10-04T23:00:00.000000000,519.55,461.33991
2022-10-05T00:00:00.000000000,521.76,455.28247
2022-10-05T01:00:00.000000000,497.52,444.44062
2022-10-05T02:00:00.000000000,463.92,432.55568
2022-10-05T03:00:00.000000000,444.01,421.91102
2022-10-05T04:00:00.000000000,444.63,412.95946
2022-10-05T05:00:00.000000000,429.68,406.65037
2022-10-05T06:00:00.000000000,431.41,403.88836
2022-10-05T07:00:00.000000000,444.05,404.09437
2022-10-05T08:00:00.000000000,473.6,408.22569
2022-10-05T09:00:00.000000000,488.75,415.46649
2022-10-05T10:00:00.000000000,491.01,424.31753
2022-10-05T11:00:00.000000000,487.63,433.8212
2022-10-05T12:00:00.000000000,477.76,445.58434
2022-10-05T13:00:00.000000000,487.8,457.90466
2022-10-05T14:00:00.000000000,498.97,469.42746
2022-10-05T15:00:00.000000000,524.76,479.57289
2022-10-05T16:00:00.000000000,544.85,487.00821
2022-10-05T17:00:00.000000000,542.94,491.91208
2022-10-05T18:00:00.000000000,529.06,493.35802
2022-10-05T19:00:00.000000000,506.1,491.27962
2022-10-05T20:00:00.000000000,495.46,486.25795
2022-10-05T21:00:00.000000000,494.9,479.06069
2022-10-05T22:00:00.000000000,500.81,470.22285
2022-10-05T23:00:00.000000000,511.99,460.6755
2022-10-06T00:00:00.000000000,520.71,454.87482
2022-10-06T01:00:00.000000000,524.6,436.2091
2022-10-06T02:00:00.000000000,528.82,411.83458
2022-10-06T03:00:00.000000000,530.04,384.899
2022-10-06T04:00:00.000000000,536.77,358.07239
2022-10-06T05:00:00.000000000,537.39,334.19849
2022-10-06T06:00:00.000000000,552.67,315.43728
2022-10-06T07:00:00.000000000,554.74,302.70315
2022-10-06T08:00:00.000000000,543.75,296.77537
2022-10-06T09:00:00.000000000,536.25,296.65548
2022-10-06T10:00:00.000000000,530.22,301.43203
2022-10-06T11:00:00.000000000,522.38,310.03401
2022-10-06T12:00:00.000000000,503.94,323.31364
2022-10-06T13:00:00.000000000,502.46,338.7828
2022-10-06T14:00:00.000000000,501.53,355.14763
2022-10-06T15:00:00.000000000,525.93,371.58642
2022-10-06T16:00:00.000000000,546.52,386.41086
2022-10-06T17:00:00.000000000,544.58,398.27629
2022-10-06T18:00:00.000000000,544.63,405.022
2022-10-06T19:00:00.000000000,537.64,407.14783
2022-10-06T20:00:00.000000000,530.22,405.44571
2022-10-06T21:00:00.000000000,519.77,401.00764
2022-10-06T22:00:00.000000000,518.08,394.92485
2022-10-06T23:00:00.000000000,514.38,387.93586
2022-10-04T00:00:00.000000000,423.3,440.81592
2022-10-04T01:00:00.000000000,404.42,428.87982
2022-10-04T02:00:00.000000000,368.66,414.88249
2022-10-04T03:00:00.000000000,329.24,401.54222
2022-10-04T04:00:00.000000000,300.57,389.72918
2022-10-04T05:00:00.000000000,290.32,380.72582
2022-10-04T06:00:00.000000000,272.17,376.08702
2022-10-04T07:00:00.000000000,247.21,375.27384
2022-10-04T08:00:00.000000000,235.88,379.19764
2022-10-04T09:00:00.000000000,250.76,387.20619
2022-10-04T10:00:00.000000000,274.95,397.94185
2022-10-04T11:00:00.000000000,310.4,410.51581
2022-10-04T12:00:00.000000000,340.02,426.50311
2022-10-04T13:00:00.000000000,379.15,443.80933
2022-10-04T14:00:00.000000000,404.63,460.57228
2022-10-04T15:00:00.000000000,466.04,475.60387
2022-10-04T16:00:00.000000000,475.12,487.50111
2022-10-04T17:00:00.000000000,459.05,496.38639
2022-10-04T18:00:00.000000000,457.02,501.3894
2022-10-04T19:00:00.000000000,474.16,502.43731
2022-10-04T20:00:00.000000000,492.65,499.93491
2022-10-04T21:00:00.000000000,504.41,494.68573
2022-10-04T22:00:00.000000000,515.36,487.17738
2022-10-04T23:00:00.000000000,519.55,478.32114
2022-10-05T00:00:00.000000000,521.76,474.31525
2022-10-05T01:00:00.000000000,497.52,464.92987
2022-10-05T02:00:00.000000000,463.92,454.48526
2022-10-05T03:00:00.000000000,444.01,444.9094
2022-10-05T04:00:00.000000000,444.63,436.31223
2022-10-05T05:00:00.000000000,429.68,429.42406
2022-10-05T06:00:00.000000000,431.41,424.86654
2022-10-05T07:00:00.000000000,444.05,422.27688
2022-10-05T08:00:00.000000000,473.6,422.9929
2022-10-05T09:00:00.000000000,488.75,426.59144
2022-10-05T10:00:00.000000000,491.01,431.95662
2022-10-05T11:00:00.000000000,487.63,438.22649
2022-10-05T12:00:00.000000000,477.76,447.00208
2022-10-05T13:00:00.000000000,487.8,456.50835
2022-10-05T14:00:00.000000000,498.97,465.46505
2022-10-05T15:00:00.000000000,524.76,473.53822
2022-10-05T16:00:00.000000000,544.85,479.61042
2022-10-05T17:00:00.000000000,542.94,484.12242
2022-10-05T18:00:00.000000000,529.06,486.00488
2022-10-05T19:00:00.000000000,506.1,485.1301
2022-10-05T20:00:00.000000000,495.46,481.7713
2022-10-05T21:00:00.000000000,494.9,476.3147
2022-10-05T22:00:00.000000000,500.81,469.1389
2022-10-05T23:00:00.000000000,511.99,461.16441
2022-10-06T00:00:00.000000000,520.71,457.25126
2022-10-06T01:00:00.000000000,524.6,441.10466
2022-10-06T02:00:00.000000000,528.82,419.55109
2022-10-06T03:00:00.000000000,530.04,395.54501
2022-10-06T04:00:00.000000000,536.77,371.28913
2022-10-06T05:00:00.000000000,537.39,349.29528
2022-10-06T06:00:00.000000000,552.67,331.62029
2022-10-06T07:00:00.000000000,554.74,319.07106
2022-10-06T08:00:00.000000000,543.75,312.61266
2022-10-06T09:00:00.000000000,536.25,311.57952
2022-10-06T10:00:00.000000000,530.22,315.21507
2022-10-06T11:00:00.000000000,522.38,322.50229
2022-10-06T12:00:00.000000000,503.94,334.42568
2022-10-06T13:00:00.000000000,502.46,348.53587
2022-10-06T14:00:00.000000000,501.53,363.48999
2022-10-06T15:00:00.000000000,525.93,378.51783
2022-10-06T16:00:00.000000000,546.52,392.11108
2022-10-06T17:00:00.000000000,544.58,403.30919
2022-10-06T18:00:00.000000000,544.63,410.19676
2022-10-06T19:00:00.000000000,537.64,413.26558
2022-10-06T20:00:00.000000000,530.22,412.95799
2022-10-06T21:00:00.000000000,519.77,409.99194
2022-10-06T22:00:00.000000000,518.08,405.3135
2022-10-06T23:00:00.000000000,514.38,399.71158
2022-10-07T00:00:00.000000000,508.14,393.27121
2022-10-07T01:00:00.000000000,489.87,381.83603
2022-10-07T02:00:00.000000000,482.06,369.4909
2022-10-07T03:00:00.000000000,467.49,359.42574
2022-10-07T04:00:00.000000000,439.68,351.87717
2022-10-07T05:00:00.000000000,418.04,347.47926
2022-10-07T06:00:00.000000000,396.94,347.30368
2022-10-07T07:00:00.000000000,399.06,350.37464
2022-10-07T08:00:00.000000000,379.72,357.54296
2022-10-07T09:00:00.000000000,380.93,367.95461
2022-10-07T10:00:00.000000000,393.73,380.01964
2022-10-07T11:00:00.000000000,400.01,393.30608
2022-10-07T12:00:00.000000000,404.2,409.16844
2022-10-07T13:00:00.000000000,392.78,425.64486
2022-10-07T14:00:00.000000000,399.44,441.32199
2022-10-07T15:00:00.000000000,412.59,455.32541
2022-10-07T16:00:00.000000000,424.68,466.11022
2022-10-07T17:00:00.000000000,445.06,473.60007
2022-10-07T18:00:00.000000000,458.98,477.38746
2022-10-07T19:00:00.000000000,469.87,477.39193
2022-10-07T20:00:00.000000000,468.19,474.17821
2022-10-07T21:00:00.000000000,459.67,468.57026
2022-10-07T22:00:00.000000000,464.35,460.71696
2022-10-07T23:00:00.000000000,461.86,451.47081
2022-10-05T00:00:00.000000000,521.76,539.42512
2022-10-05T01:00:00.000000000,497.52,531.07823
2022-10-05T02:00:00.000000000,463.92,520.56047
2022-10-05T03:00:00.000000000,444.01,509.00589
2022-10-05T04:00:00.000000000,444.63,496.78996
2022-10-05T05:00:00.000000000,429.68,485.27827
2022-10-05T06:00:00.000000000,431.41,475.10665
2022-10-05T07:00:00.000000000,444.05,466.85547
2022-10-05T08:00:00.000000000,473.6,462.42392
2022-10-05T09:00:00.000000000,488.75,461.76449
2022-10-05T10:00:00.000000000,491.01,464.06276
2022-10-05T11:00:00.000000000,487.63,467.87926
2022-10-05T12:00:00.000000000,477.76,474.96121
2022-10-05T13:00:00.000000000,487.8,483.20848
2022-10-05T14:00:00.000000000,498.97,491.2452
2022-10-05T15:00:00.000000000,524.76,498.78888
2022-10-05T16:00:00.000000000,544.85,505.12788
2022-10-05T17:00:00.000000000,542.94,511.21442
2022-10-05T18:00:00.000000000,529.06,514.98973
2022-10-05T19:00:00.000000000,506.1,516.27789
2022-10-05T20:00:00.000000000,495.46,515.23574
2022-10-05T21:00:00.000000000,494.9,512.00591
2022-10-05T22:00:00.000000000,500.81,507.13016
2022-10-05T23:00:00.000000000,511.99,501.46222
2022-10-06T00:00:00.000000000,520.71,505.71497
2022-10-06T01:00:00.000000000,524.6,489.14115
2022-10-06T02:00:00.000000000,528.82,467.29211
2022-10-06T03:00:00.000000000,530.04,442.77702
2022-10-06T04:00:00.000000000,536.77,417.6824
2022-10-06T05:00:00.000000000,537.39,394.70512
2022-10-06T06:00:00.000000000,552.67,375.82678
2022-10-06T07:00:00.000000000,554.74,362.0305
2022-10-06T08:00:00.000000000,543.75,354.77574
2022-10-06T09:00:00.000000000,536.25,353.70034
2022-10-06T10:00:00.000000000,530.22,357.7679
2022-10-06T11:00:00.000000000,522.38,365.7011
2022-10-06T12:00:00.000000000,503.94,378.43334
2022-10-06T13:00:00.000000000,502.46,393.21024
2022-10-06T14:00:00.000000000,501.53,408.27589
2022-10-06T15:00:00.000000000,525.93,422.72102
2022-10-06T16:00:00.000000000,546.52,435.24817
2022-10-06T17:00:00.000000000,544.58,445.33211
2022-10-06T18:00:00.000000000,544.63,450.92932
2022-10-06T19:00:00.000000000,537.64,452.52937
2022-10-06T20:00:00.000000000,530.22,450.95342
2022-10-06T21:00:00.000000000,519.77,447.07214
2022-10-06T22:00:00.000000000,518.08,441.78042
2022-10-06T23:00:00.000000000,514.38,435.77579
2022-10-07T00:00:00.000000000,508.14,434.97536
2022-10-07T01:00:00.000000000,489.87,423.95902
2022-10-07T02:00:00.000000000,482.06,412.0364
2022-10-07T03:00:00.000000000,467.49,401.79592
2022-10-07T04:00:00.000000000,439.68,393.66753
2022-10-07T05:00:00.000000000,418.04,388.61993
2022-10-07T06:00:00.000000000,396.94,387.68307
2022-10-07T07:00:00.000000000,399.06,390.06257
2022-10-07T08:00:00.000000000,379.72,396.52658
2022-10-07T09:00:00.000000000,380.93,406.15024
2022-10-07T10:00:00.000000000,393.73,417.27459
2022-10-07T11:00:00.000000000,400.01,429.04539
2022-10-07T12:00:00.000000000,404.2,443.08167
2022-10-07T13:00:00.000000000,392.78,457.57448
2022-10-07T14:00:00.000000000,399.44,470.9603
2022-10-07T15:00:00.000000000,412.59,482.53786
2022-10-07T16:00:00.000000000,424.68,490.97176
2022-10-07T17:00:00.000000000,445.06,496.5862
2022-10-07T18:00:00.000000000,458.98,498.76709
2022-10-07T19:00:00.000000000,469.87,497.54571
2022-10-07T20:00:00.000000000,468.19,493.50213
2022-10-07T21:00:00.000000000,459.67,487.44428
2022-10-07T22:00:00.000000000,464.35,479.70449
2022-10-07T23:00:00.000000000,461.86,470.99333
2022-10-08T00:00:00.000000000,448.47,461.72395
2022-10-08T01:00:00.000000000,433.41,446.37292
2022-10-08T02:00:00.000000000,430.44,427.55039
2022-10-08T03:00:00.000000000,430.53,408.30668
2022-10-08T04:00:00.000000000,435.46,390.08858
2022-10-08T05:00:00.000000000,437.64,374.66239
2022-10-08T06:00:00.000000000,442.34,363.71554
2022-10-08T07:00:00.000000000,446.42,357.23485
2022-10-08T08:00:00.000000000,452.04,356.45908
2022-10-08T09:00:00.000000000,470.99,360.83811
2022-10-08T10:00:00.000000000,487.98,369.04707
2022-10-08T11:00:00.000000000,498.47,380.25675
2022-10-08T12:00:00.000000000,500.18,395.60154
2022-10-08T13:00:00.000000000,515.04,412.52582
2022-10-08T14:00:00.000000000,525.73,429.11476
2022-10-08T15:00:00.000000000,551.34,444.15293
2022-10-08T16:00:00.000000000,568.65,456.27722
2022-10-08T17:00:00.000000000,570.58,464.99576
2022-10-08T18:00:00.000000000,563.11,469.09974
2022-10-08T19:00:00.000000000,555.76,468.85417
2022-10-08T20:00:00.000000000,545.13,465.32324
2022-10-08T21:00:00.000000000,537.61,459.6304
2022-10-08T22:00:00.000000000,535.86,452.37097
2022-10-08T23:00:00.000000000,535.87,444.28951
2022-10-06T00:00:00.000000000,520.71,531.40244
2022-10-06T01:00:00.000000000,524.6,511.8356
2022-10-06T02:00:00.000000000,528.82,486.18239
2022-10-06T03:00:00.000000000,530.04,457.28376
2022-10-06T04:00:00.000000000,536.77,427.80808
2022-10-06T05:00:00.000000000,537.39,401.011
2022-10-06T06:00:00.000000000,552.67,379.13187
2022-10-06T07:00:00.000000000,554.74,363.4039
2022-10-06T08:00:00.000000000,543.75,355.32994
2022-10-06T09:00:00.000000000,536.25,354.43362
2022-10-06T10:00:00.000000000,530.22,359.48654
2022-10-06T11:00:00.000000000,522.38,369.07514
2022-10-06T12:00:00.000000000,503.94,384.10757
2022-10-06T13:00:00.000000000,502.46,401.5144
2022-10-06T14:00:00.000000000,501.53,419.21067
2022-10-06T15:00:00.000000000,525.93,435.88786
2022-10-06T16:00:00.000000000,546.52,450.21537
2022-10-06T17:00:00.000000000,544.58,461.4368
2022-10-06T18:00:00.000000000,544.63,467.17488
2022-10-06T19:00:00.000000000,537.64,467.99454
2022-10-06T20:00:00.000000000,530.22,465.29254
2022-10-06T21:00:00.000000000,519.77,460.31357
2022-10-06T22:00:00.000000000,518.08,454.03694
2022-10-06T23:00:00.000000000,514.38,447.03346
2022-10-07T00:00:00.000000000,508.14,452.2992
2022-10-07T01:00:00.000000000,489.87,438.86576
2022-10-07T02:00:00.000000000,482.06,423.58554
2022-10-07T03:00:00.000000000,467.49,409.27349
2022-10-07T04:00:00.000000000,439.68,396.86174
2022-10-07T05:00:00.000000000,418.04,387.69516
2022-10-07T06:00:00.000000000,396.94,383.17212
2022-10-07T07:00:00.000000000,399.06,382.69692
2022-10-07T08:00:00.000000000,379.72,387.11443
2022-10-07T09:00:00.000000000,380.93,395.58557
2022-10-07T10:00:00.000000000,393.73,406.52432
2022-10-07T11:00:00.000000000,400.01,418.96553
2022-10-07T12:00:00.000000000,404.2,434.44141
2022-10-07T13:00:00.000000000,392.78,450.89287
2022-10-07T14:00:00.000000000,399.44,466.48286
2022-10-07T15:00:00.000000000,412.59,480.15667
2022-10-07T16:00:00.000000000,424.68,490.50365
2022-10-07T17:00:00.000000000,445.06,497.566
2022-10-07T18:00:00.000000000,458.98,500.51219
2022-10-07T19:00:00.000000000,469.87,499.46733
2022-10-07T20:00:00.000000000,468.19,495.19487
2022-10-07T21:00:00.000000000,459.67,488.68636
2022-10-07T22:00:00.000000000,464.35,480.42318
2022-10-07T23:00:00.000000000,461.86,471.12089
2022-10-08T00:00:00.000000000,448.47,464.98619
2022-10-08T01:00:00.000000000,433.41,447.514
2022-10-08T02:00:00.000000000,430.44,425.66658
2022-10-08T03:00:00.000000000,430.53,403.0049
2022-10-08T04:00:00.000000000,435.46,381.42708
2022-10-08T05:00:00.000000000,437.64,362.98737
2022-10-08T06:00:00.000000000,442.34,349.70108
2022-10-08T07:00:00.000000000,446.42,341.56423
2022-10-08T08:00:00.000000000,452.04,339.7635
2022-10-08T09:00:00.000000000,470.99,343.69234
2022-10-08T10:00:00.000000000,487.98,352.06343
2022-10-08T11:00:00.000000000,498.47,364.20978
2022-10-08T12:00:00.000000000,500.18,381.31801
2022-10-08T13:00:00.000000000,515.04,400.67383
2022-10-08T14:00:00.000000000,525.73,420.31098
2022-10-08T15:00:00.000000000,551.34,438.66701
2022-10-08T16:00:00.000000000,568.65,454.12369
2022-10-08T17:00:00.000000000,570.58,465.85209
2022-10-08T18:00:00.000000000,563.11,472.44479
2022-10-08T19:00:00.000000000,555.76,474.21677
2022-10-08T20:00:00.000000000,545.13,472.38283
2022-10-08T21:00:00.000000000,537.61,468.14673
2022-10-08T22:00:00.000000000,535.86,461.87191
2022-10-08T23:00:00.000000000,535.87,454.17218
2022-10-09T00:00:00.000000000,538.82,453.41337
2022-10-09T01:00:00.000000000,539.45,442.18594
2022-10-09T02:00:00.000000000,532.43,429.1601
2022-10-09T03:00:00.000000000,509.24,416.79582
2022-10-09T04:00:00.000000000,499.87,405.78837
2022-10-09T05:00:00.000000000,495.14,397.27825
2022-10-09T06:00:00.000000000,490.7,392.57766
2022-10-09T07:00:00.000000000,478.05,391.15357
2022-10-09T08:00:00.000000000,469.91,394.01094
2022-10-09T09:00:00.000000000,461.66,400.58165
2022-10-09T10:00:00.000000000,462.48,409.60586
2022-10-09T11:00:00.000000000,462.72,420.20023
2022-10-09T12:00:00.000000000,461.2,434.0667
2022-10-09T13:00:00.000000000,457.02,449.22651
2022-10-09T14:00:00.000000000,461.67,463.91874
2022-10-09T15:00:00.000000000,505.54,477.1439
2022-10-09T16:00:00.000000000,525.17,487.56742
2022-10-09T17:00:00.000000000,499.6,495.39873
2022-10-09T18:00:00.000000000,481.81,499.67725
2022-10-09T19:00:00.000000000,471.88,500.33596
2022-10-09T20:00:00.000000000,469.52,497.7457
2022-10-09T21:00:00.000000000,477.61,492.61319
2022-10-09T22:00:00.000000000,497.14,485.42661
2022-10-09T23:00:00.000000000,520.36,477.04156
2022-10-07T00:00:00.000000000,508.14,528.45533
2022-10-07T01:00:00.000000000,489.87,517.31843
2022-10-07T02:00:00.000000000,482.06,504.29481
2022-10-07T03:00:00.000000000,467.49,490.93894
2022-10-07T04:00:00.000000000,439.68,478.01134
2022-10-07T05:00:00.000000000,418.04,467.1095
2022-10-07T06:00:00.000000000,396.94,459.13159
2022-10-07T07:00:00.000000000,399.06,454.43263
2022-10-07T08:00:00.000000000,379.72,454.4918
2022-10-07T09:00:00.000000000,380.93,458.75709
2022-10-07T10:00:00.000000000,393.73,465.84369
2022-10-07T11:00:00.000000000,400.01,473.96172
2022-10-07T12:00:00.000000000,404.2,484.42743
2022-10-07T13:00:00.000000000,392.78,495.07929
2022-10-07T14:00:00.000000000,399.44,504.28086
2022-10-07T15:00:00.000000000,412.59,511.70111
2022-10-07T16:00:00.000000000,424.68,516.58326
2022-10-07T17:00:00.000000000,445.06,519.85558
2022-10-07T18:00:00.000000000,458.98,520.04368
2022-10-07T19:00:00.000000000,469.87,517.29043
2022-10-07T20:00:00.000000000,468.19,512.281
2022-10-07T21:00:00.000000000,459.67,505.7295
2022-10-07T22:00:00.000000000,464.35,498.29336
2022-10-07T23:00:00.000000000,461.86,490.65334
2022-10-08T00:00:00.000000000,448.47,487.88089
2022-10-08T01:00:00.000000000,433.41,472.65774
2022-10-08T02:00:00.000000000,430.44,454.00172
2022-10-08T03:00:00.000000000,430.53,434.70501
2022-10-08T04:00:00.000000000,435.46,416.06867
2022-10-08T05:00:00.000000000,437.64,399.8665
2022-10-08T06:00:00.000000000,442.34,387.5959
2022-10-08T07:00:00.000000000,446.42,379.43513
2022-10-08T08:00:00.000000000,452.04,376.87719
2022-10-08T09:00:00.000000000,470.99,379.5545
2022-10-08T10:00:00.000000000,487.98,386.26692
2022-10-08T11:00:00.000000000,498.47,396.13471
2022-10-08T12:00:00.000000000,500.18,410.36248
2022-10-08T13:00:00.000000000,515.04,426.33718
2022-10-08T14:00:00.000000000,525.73,442.15461
2022-10-08T15:00:00.000000000,551.34,456.65625
2022-10-08T16:00:00.000000000,568.65,468.55205
2022-10-08T17:00:00.000000000,570.58,477.61793
2022-10-08T18:00:00.000000000,563.11,482.40067
2022-10-08T19:00:00.000000000,555.76,483.13011
2022-10-08T20:00:00.000000000,545.13,480.76732
2022-10-08T21:00:00.000000000,537.61,476.23129
2022-10-08T22:00:00.000000000,535.86,469.93675
2022-10-08T23:00:00.000000000,535.87,462.56243
2022-10-09T00:00:00.000000000,538.82,468.45078
2022-10-09T01:00:00.000000000,539.45,458.10444
2022-10-09T02:00:00.000000000,532.43,445.95245
2022-10-09T03:00:00.000000000,509.24,434.18639
2022-10-09T04:00:00.000000000,499.87,423.46585
2022-10-09T05:00:00.000000000,495.14,415.05856
2022-10-09T06:00:00.000000000,490.7,410.21632
2022-10-09T07:00:00.000000000,478.05,408.62618
2022-10-09T08:00:00.000000000,469.91,411.30276
2022-10-09T09:00:00.000000000,461.66,417.65788
2022-10-09T10:00:00.000000000,462.48,426.42233
2022-10-09T11:00:00.000000000,462.72,436.55446
2022-10-09T12:00:00.000000000,461.2,449.89056
2022-10-09T13:00:00.000000000,457.02,464.50139
2022-10-09T14:00:00.000000000,461.67,478.5905
2022-10-09T15:00:00.000000000,505.54,491.16218
2022-10-09T16:00:00.000000000,525.17,500.95234
2022-10-09T17:00:00.000000000,499.6,508.51053
2022-10-09T18:00:00.000000000,481.81,512.77489
2022-10-09T19:00:00.000000000,471.88,513.66345
2022-10-09T20:00:00.000000000,469.52,511.45129
2022-10-09T21:00:00.000000000,477.61,506.72241
2022-10-09T22:00:00.000000000,497.14,500.03441
2022-10-09T23:00:00.000000000,520.36,492.18939
2022-10-10T00:00:00.000000000,528.42,475.97174
2022-10-10T01:00:00.000000000,520.45,465.75169
2022-10-10T02:00:00.000000000,503.45,454.47958
2022-10-10T03:00:00.000000000,492.67,443.94622
2022-10-10T04:00:00.000000000,471.19,434.4166
2022-10-10T05:00:00.000000000,450.39,426.65563
2022-10-10T06:00:00.000000000,432.62,421.36531
2022-10-10T07:00:00.000000000,434.95,418.55766
2022-10-10T08:00:00.000000000,444.15,419.73808
2022-10-10T09:00:00.000000000,470.53,424.52151
2022-10-10T10:00:00.000000000,484.12,431.55049
2022-10-10T11:00:00.000000000,487.39,439.37862
2022-10-10T12:00:00.000000000,486.22,448.92387
2022-10-10T13:00:00.000000000,497.28,458.10585
2022-10-10T14:00:00.000000000,503.82,465.36045
2022-10-10T15:00:00.000000000,525.55,470.55747
2022-10-10T16:00:00.000000000,546.3,473.15394
2022-10-10T17:00:00.000000000,524.12,473.64204
2022-10-10T18:00:00.000000000,487.85,471.22368
2022-10-10T19:00:00.000000000,465.31,465.89202
2022-10-10T20:00:00.000000000,430.82,458.17123
2022-10-10T21:00:00.000000000,400.17,448.76061
2022-10-10T22:00:00.000000000,381.66,438.49688
2022-10-10T23:00:00.000000000,375.81,428.45356
2022-10-08T00:00:00.000000000,448.47,473.40494
2022-10-08T01:00:00.000000000,433.41,458.04635
2022-10-08T02:00:00.000000000,430.44,439.00349
2022-10-08T03:00:00.000000000,430.53,419.40268
2022-10-08T04:00:00.000000000,435.46,400.6326
2022-10-08T05:00:00.000000000,437.64,384.36034
2022-10-08T06:00:00.000000000,442.34,372.23929
2022-10-08T07:00:00.000000000,446.42,364.22703
2022-10-08T08:00:00.000000000,452.04,361.66925
2022-10-08T09:00:00.000000000,470.99,364.22052
2022-10-08T10:00:00.000000000,487.98,370.87244
2022-10-08T11:00:00.000000000,498.47,381.05117
2022-10-08T12:00:00.000000000,500.18,396.2033
2022-10-08T13:00:00.000000000,515.04,413.74639
2022-10-08T14:00:00.000000000,525.73,431.67571
2022-10-08T15:00:00.000000000,551.34,448.49815
2022-10-08T16:00:00.000000000,568.65,462.73901
2022-10-08T17:00:00.000000000,570.58,473.97454
2022-10-08T18:00:00.000000000,563.11,480.80996
2022-10-08T19:00:00.000000000,555.76,483.44075
2022-10-08T20:00:00.000000000,545.13,482.71042
2022-10-08T21:00:00.000000000,537.61,479.46577
2022-10-08T22:00:00.000000000,535.86,473.99056
2022-10-08T23:00:00.000000000,535.87,466.96154
2022-10-09T00:00:00.000000000,538.82,481.49528
2022-10-09T01:00:00.000000000,539.45,470.69964
2022-10-09T02:00:00.000000000,532.43,457.75235
2022-10-09T03:00:00.000000000,509.24,444.80207
2022-10-09T04:00:00.000000000,499.87,432.64042
2022-10-09T05:00:00.000000000,495.14,422.76432
2022-10-09T06:00:00.000000000,490.7,416.59557
2022-10-09T07:00:00.000000000,478.05,414.12713
2022-10-09T08:00:00.000000000,469.91,416.40935
2022-10-09T09:00:00.000000000,461.66,422.86031
2022-10-09T10:00:00.000000000,462.48,432.18196
2022-10-09T11:00:00.000000000,462.72,443.11815
2022-10-09T12:00:00.000000000,461.2,457.47081
2022-10-09T13:00:00.000000000,457.02,473.21515
2022-10-09T14:00:00.000000000,461.67,488.33901
2022-10-09T15:00:00.000000000,505.54,501.61408
2022-10-09T16:00:00.000000000,525.17,511.80874
2022-10-09T17:00:00.000000000,499.6,519.66414
2022-10-09T18:00:00.000000000,481.81,524.06935
2022-10-09T19:00:00.000000000,471.88,524.93942
2022-10-09T20:00:00.000000000,469.52,522.49202
2022-10-09T21:00:00.000000000,477.61,517.26955
2022-10-09T22:00:00.000000000,497.14,510.00748
2022-10-09T23:00:00.000000000,520.36,501.59056
2022-10-10T00:00:00.000000000,528.42,488.54482
2022-10-10T01:00:00.000000000,520.45,478.61271
2022-10-10T02:00:00.000000000,503.45,467.10452
2022-10-10T03:00:00.000000000,492.67,455.6351
2022-10-10T04:00:00.000000000,471.19,444.46771
2022-10-10T05:00:00.000000000,450.39,434.44651
2022-10-10T06:00:00.000000000,432.62,426.29106
2022-10-10T07:00:00.000000000,434.95,420.30642
2022-10-10T08:00:00.000000000,444.15,418.30681
2022-10-10T09:00:00.000000000,470.53,420.32016
2022-10-10T10:00:00.000000000,484.12,425.31312
2022-10-10T11:00:00.000000000,487.39,431.86042
2022-10-10T12:00:00.000000000,486.22,440.79857
2022-10-10T13:00:00.000000000,497.28,449.8379
2022-10-10T14:00:00.000000000,503.82,457.30962
2022-10-10T15:00:00.000000000,525.55,463.01083
2022-10-10T16:00:00.000000000,546.3,466.49694
2022-10-10T17:00:00.000000000,524.12,468.34885
2022-10-10T18:00:00.000000000,487.85,467.53009
2022-10-10T19:00:00.000000000,465.31,463.99435
2022-10-10T20:00:00.000000000,430.82,458.03395
2022-10-10T21:00:00.000000000,400.17,450.12488
2022-10-10T22:00:00.000000000,381.66,441.0703
2022-10-10T23:00:00.000000000,375.81,431.98597
2022-10-11T00:00:00.000000000,375.8,403.24153
2022-10-11T01:00:00.000000000,359.06,384.15105
2022-10-11T02:00:00.000000000,338.53,359.54612
2022-10-11T03:00:00.000000000,299.72,332.95917
2022-10-11T04:00:00.000000000,277.28,307.65656
2022-10-11T05:00:00.000000000,256.83,286.1145
2022-10-11T06:00:00.000000000,240.28,269.29096
2022-10-11T07:00:00.000000000,220.87,257.58433
2022-10-11T08:00:00.000000000,213.49,250.81601
2022-10-11T09:00:00.000000000,203.28,248.19482
2022-10-11T10:00:00.000000000,204.25,249.14724
2022-10-11T11:00:00.000000000,209.93,253.65408
2022-10-11T12:00:00.000000000,212.46,261.72484
2022-10-11T13:00:00.000000000,218.67,270.54162
2022-10-11T14:00:00.000000000,230.34,278.90398
2022-10-11T15:00:00.000000000,233.45,286.97278
2022-10-11T16:00:00.000000000,234.0,294.00722
2022-10-11T17:00:00.000000000,240.44,297.60312
2022-10-11T18:00:00.000000000,242.56,296.49853
2022-10-11T19:00:00.000000000,241.1,292.42488
2022-10-11T20:00:00.000000000,242.67,287.04324
2022-10-11T21:00:00.000000000,242.49,281.50948
2022-10-11T22:00:00.000000000,236.75,276.64234
2022-10-11T23:00:00.000000000,230.38,272.32964
2022-10-09T00:00:00.000000000,538.82,545.65056
2022-10-09T01:00:00.000000000,539.45,538.34756
2022-10-09T02:00:00.000000000,532.43,529.51833
2022-10-09T03:00:00.000000000,509.24,520.08668
2022-10-09T04:00:00.000000000,499.87,510.36227
2022-10-09T05:00:00.000000000,495.14,501.73182
2022-10-09T06:00:00.000000000,490.7,494.74511
2022-10-09T07:00:00.000000000,478.05,489.97582
2022-10-09T08:00:00.000000000,469.91,489.01198
2022-10-09T09:00:00.000000000,461.66,491.33531
2022-10-09T10:00:00.000000000,462.48,495.85265
2022-10-09T11:00:00.000000000,462.72,500.67644
2022-10-09T12:00:00.000000000,461.2,507.5995
2022-10-09T13:00:00.000000000,457.02,514.87972
2022-10-09T14:00:00.000000000,461.67,521.24784
2022-10-09T15:00:00.000000000,505.54,526.61076
2022-10-09T16:00:00.000000000,525.17,530.23403
2022-10-09T17:00:00.000000000,499.6,533.59906
2022-10-09T18:00:00.000000000,481.81,534.90713
2022-10-09T19:00:00.000000000,471.88,533.99394
2022-10-09T20:00:00.000000000,469.52,531.0034
2022-10-09T21:00:00.000000000,477.61,526.1629
2022-10-09T22:00:00.000000000,497.14,520.20631
2022-10-09T23:00:00.000000000,520.36,513.94445
2022-10-10T00:00:00.000000000,528.42,499.22813
2022-10-10T01:00:00.000000000,520.45,492.75623
2022-10-10T02:00:00.000000000,503.45,485.44498
2022-10-10T03:00:00.000000000,492.67,478.19131
2022-10-10T04:00:00.000000000,471.19,470.74354
2022-10-10T05:00:00.000000000,450.39,463.56911
2022-10-10T06:00:00.000000000,432.62,456.8322
2022-10-10T07:00:00.000000000,434.95,451.11764
2022-10-10T08:00:00.000000000,444.15,448.4824
2022-10-10T09:00:00.000000000,470.53,449.19614
2022-10-10T10:00:00.000000000,484.12,452.38949
2022-10-10T11:00:00.000000000,487.39,456.50157
2022-10-10T12:00:00.000000000,486.22,462.2002
2022-10-10T13:00:00.000000000,497.28,467.2583
2022-10-10T14:00:00.000000000,503.82,470.2179
2022-10-10T15:00:00.000000000,525.55,471.36441
2022-10-10T16:00:00.000000000,546.3,470.60107
2022-10-10T17:00:00.000000000,524.12,469.10064
2022-10-10T18:00:00.000000000,487.85,465.87717
2022-10-10T19:00:00.000000000,465.31,460.93294
2022-10-10T20:00:00.000000000,430.82,454.44163
2022-10-10T21:00:00.000000000,400.17,446.66568
2022-10-10T22:00:00.000000000,381.66,438.36476
2022-10-10T23:00:00.000000000,375.81,430.60376
2022-10-11T00:00:00.000000000,375.8,402.44371
2022-10-11T01:00:00.000000000,359.06,384.05614
2022-10-11T02:00:00.000000000,338.53,360.20078
2022-10-11T03:00:00.000000000,299.72,334.36736
2022-10-11T04:00:00.000000000,277.28,309.61426
2022-10-11T05:00:00.000000000,256.83,288.35843
2022-10-11T06:00:00.000000000,240.28,271.56079
2022-10-11T07:00:00.000000000,220.87,259.77103
2022-10-11T08:00:00.000000000,213.49,252.70541
2022-10-11T09:00:00.000000000,203.28,249.51778
2022-10-11T10:00:00.000000000,204.25,249.66104
2022-10-11T11:00:00.000000000,209.93,252.97769
2022-10-11T12:00:00.000000000,212.46,259.39537
2022-10-11T13:00:00.000000000,218.67,266.23919
2022-10-11T14:00:00.000000000,230.34,272.46615
2022-10-11T15:00:00.000000000,233.45,278.56425
2022-10-11T16:00:00.000000000,234.0,283.96011
2022-10-11T17:00:00.000000000,240.44,286.43322
2022-10-11T18:00:00.000000000,242.56,284.87932
2022-10-11T19:00:00.000000000,241.1,281.0669
2022-10-11T20:00:00.000000000,242.67,276.3271
2022-10-11T21:00:00.000000000,242.49,271.44477
2022-10-11T22:00:00.000000000,236.75,267.18455
2022-10-11T23:00:00.000000000,230.38,263.48681
2022-10-12T00:00:00.000000000,233.73,221.65279
2022-10-12T01:00:00.000000000,230.72,218.80796
2022-10-12T02:00:00.000000000,231.77,215.66466
2022-10-12T03:00:00.000000000,232.33,214.62283
2022-10-12T04:00:00.000000000,233.07,215.49263
2022-10-12T05:00:00.000000000,215.54,217.07211
2022-10-12T06:00:00.000000000,206.26,218.84989
2022-10-12T07:00:00.000000000,197.79,220.64224
2022-10-12T08:00:00.000000000,197.75,223.22998
2022-10-12T09:00:00.000000000,200.6,226.33738
2022-10-12T10:00:00.000000000,211.49,230.29348
2022-10-12T11:00:00.000000000,266.25,235.55314
2022-10-12T12:00:00.000000000,282.83,242.046
2022-10-12T13:00:00.000000000,260.75,246.81303
2022-10-12T14:00:00.000000000,254.08,248.91485
2022-10-12T15:00:00.000000000,298.3,249.4294
2022-10-12T16:00:00.000000000,358.52,248.03163
2022-10-12T17:00:00.000000000,406.63,243.84588
2022-10-12T18:00:00.000000000,408.41,238.51197
2022-10-12T19:00:00.000000000,411.75,234.38496
2022-10-12T20:00:00.000000000,405.38,231.60745
2022-10-12T21:00:00.000000000,391.16,230.37664
2022-10-12T22:00:00.000000000,383.02,232.07498
2022-10-12T23:00:00.000000000,380.8,237.21171
2022-10-10T00:00:00.000000000,528.42,535.71839
2022-10-10T01:00:00.000000000,520.45,527.32934
2022-10-10T02:00:00.000000000,503.45,517.51283
2022-10-10T03:00:00.000000000,492.67,507.08584
2022-10-10T04:00:00.000000000,471.19,496.11004
2022-10-10T05:00:00.000000000,450.39,485.53007
2022-10-10T06:00:00.000000000,432.62,475.62577
2022-10-10T07:00:00.000000000,434.95,467.32023
2022-10-10T08:00:00.000000000,444.15,462.87262
2022-10-10T09:00:00.000000000,470.53,462.47754
2022-10-10T10:00:00.000000000,484.12,465.06588
2022-10-10T11:00:00.000000000,487.39,468.68548
2022-10-10T12:00:00.000000000,486.22,474.09951
2022-10-10T13:00:00.000000000,497.28,478.96281
2022-10-10T14:00:00.000000000,503.82,481.78946
2022-10-10T15:00:00.000000000,525.55,482.96844
2022-10-10T16:00:00.000000000,546.3,482.61017
2022-10-10T17:00:00.000000000,524.12,481.83294
2022-10-10T18:00:00.000000000,487.85,479.14183
2022-10-10T19:00:00.000000000,465.31,474.50155
2022-10-10T20:00:00.000000000,430.82,468.19117
2022-10-10T21:00:00.000000000,400.17,460.47032
2022-10-10T22:00:00.000000000,381.66,452.19574
2022-10-10T23:00:00.000000000,375.81,444.35564
2022-10-11T00:00:00.000000000,375.8,414.46655
2022-10-11T01:00:00.000000000,359.06,393.86883
2022-10-11T02:00:00.000000000,338.53,367.12055
2022-10-11T03:00:00.000000000,299.72,337.93354
2022-10-11T04:00:00.000000000,277.28,309.83606
2022-10-11T05:00:00.000000000,256.83,285.66789
2022-10-11T06:00:00.000000000,240.28,266.62493
2022-10-11T07:00:00.000000000,220.87,253.42009
2022-10-11T08:00:00.000000000,213.49,245.69163
2022-10-11T09:00:00.000000000,203.28,242.43571
2022-10-11T10:00:00.000000000,204.25,242.97268
2022-10-11T11:00:00.000000000,209.93,247.03824
2022-10-11T12:00:00.000000000,212.46,254.49935
2022-10-11T13:00:00.000000000,218.67,262.5853
2022-10-11T14:00:00.000000000,230.34,270.17354
2022-10-11T15:00:00.000000000,233.45,277.62119
2022-10-11T16:00:00.000000000,234.0,284.26192
2022-10-11T17:00:00.000000000,240.44,287.66131
2022-10-11T18:00:00.000000000,242.56,286.49027
2022-10-11T19:00:00.000000000,241.1,282.50915
2022-10-11T20:00:00.000000000,242.67,277.29355
2022-10-11T21:00:00.000000000,242.49,271.84132
2022-10-11T22:00:00.000000000,236.75,266.98441
2022-10-11T23:00:00.000000000,230.38,262.53637
2022-10-12T00:00:00.000000000,233.73,241.21384
2022-10-12T01:00:00.000000000,230.72,239.23509
2022-10-12T02:00:00.000000000,231.77,236.65389
2022-10-12T03:00:00.000000000,232.33,235.30615
2022-10-12T04:00:00.000000000,233.07,234.38943
2022-10-12T05:00:00.000000000,215.54,232.90494
2022-10-12T06:00:00.000000000,206.26,231.10679
2022-10-12T07:00:00.000000000,197.79,229.28896
2022-10-12T08:00:00.000000000,197.75,228.80651
2022-10-12T09:00:00.000000000,200.6,229.37348
2022-10-12T10:00:00.000000000,211.49,231.27556
2022-10-12T11:00:00.000000000,266.25,234.78984
2022-10-12T12:00:00.000000000,282.83,240.06614
2022-10-12T13:00:00.000000000,260.75,244.6116
2022-10-12T14:00:00.000000000,254.08,248.39892
2022-10-12T15:00:00.000000000,298.3,253.00818
2022-10-12T16:00:00.000000000,358.52,257.94402
2022-10-12T17:00:00.000000000,406.63,262.30588
2022-10-12T18:00:00.000000000,408.41,266.52359
2022-10-12T19:00:00.000000000,411.75,271.78458
2022-10-12T20:00:00.000000000,405.38,277.19849
2022-10-12T21:00:00.000000000,391.16,282.42713
2022-10-12T22:00:00.000000000,383.02,288.19804
2022-10-12T23:00:00.000000000,380.8,295.34094
2022-10-13T00:00:00.000000000,373.62,285.62805
2022-10-13T01:00:00.000000000,369.5,281.76132
2022-10-13T02:00:00.000000000,355.88,276.09513
2022-10-13T03:00:00.000000000,319.93,270.41372
2022-10-13T04:00:00.000000000,278.75,265.39133
2022-10-13T05:00:00.000000000,257.05,261.57846
2022-10-13T06:00:00.000000000,257.07,260.23628
2022-10-13T07:00:00.000000000,253.46,261.4571
2022-10-13T08:00:00.000000000,259.67,266.4763
2022-10-13T09:00:00.000000000,268.08,274.42856
2022-10-13T10:00:00.000000000,267.43,284.16539
2022-10-13T11:00:00.000000000,273.39,295.41244
2022-10-13T12:00:00.000000000,277.09,308.43456
2022-10-13T13:00:00.000000000,275.2,320.86923
2022-10-13T14:00:00.000000000,283.84,332.6589
2022-10-13T15:00:00.000000000,346.3,344.52314
2022-10-13T16:00:00.000000000,366.59,355.40742
2022-10-13T17:00:00.000000000,338.88,363.98498
2022-10-13T18:00:00.000000000,319.34,369.31272
2022-10-13T19:00:00.000000000,297.13,371.55516
2022-10-13T20:00:00.000000000,295.31,370.96969
2022-10-13T21:00:00.000000000,293.01,368.84966
2022-10-13T22:00:00.000000000,304.34,366.42554
2022-10-13T23:00:00.000000000,303.95,365.09508
2022-10-11T00:00:00.000000000,375.8,370.45071
2022-10-11T01:00:00.000000000,359.06,352.20734
2022-10-11T02:00:00.000000000,338.53,328.73288
2022-10-11T03:00:00.000000000,299.72,303.69352
2022-10-11T04:00:00.000000000,277.28,280.3215
2022-10-11T05:00:00.000000000,256.83,261.06785
2022-10-11T06:00:00.000000000,240.28,246.96108
2022-10-11T07:00:00.000000000,220.87,238.0627
2022-10-11T08:00:00.000000000,213.49,234.04576
2022-10-11T09:00:00.000000000,203.28,233.90963
2022-10-11T10:00:00.000000000,204.25,236.80241
2022-10-11T11:00:00.000000000,209.93,242.7452
2022-10-11T12:00:00.000000000,212.46,251.74499
2022-10-11T13:00:00.000000000,218.67,261.13904
2022-10-11T14:00:00.000000000,230.34,270.0121
2022-10-11T15:00:00.000000000,233.45,278.65475
2022-10-11T16:00:00.000000000,234.0,286.28281
2022-10-11T17:00:00.000000000,240.44,290.3151
2022-10-11T18:00:00.000000000,242.56,289.66572
2022-10-11T19:00:00.000000000,241.1,285.88638
2022-10-11T20:00:00.000000000,242.67,280.72937
2022-10-11T21:00:00.000000000,242.49,275.51269
2022-10-11T22:00:00.000000000,236.75,270.99577
2022-10-11T23:00:00.000000000,230.38,267.03589
2022-10-12T00:00:00.000000000,233.73,253.06451
2022-10-12T01:00:00.000000000,230.72,250.58742
2022-10-12T02:00:00.000000000,231.77,248.30864
2022-10-12T03:00:00.000000000,232.33,248.06513
2022-10-12T04:00:00.000000000,233.07,248.77299
2022-10-12T05:00:00.000000000,215.54,249.58038
2022-10-12T06:00:00.000000000,206.26,250.72978
2022-10-12T07:00:00.000000000,197.79,251.53864
2022-10-12T08:00:00.000000000,197.75,253.28963
2022-10-12T09:00:00.000000000,200.6,256.21939
2022-10-12T10:00:00.000000000,211.49,260.51974
2022-10-12T11:00:00.000000000,266.25,266.99741
2022-10-12T12:00:00.000000000,282.83,276.12
2022-10-12T13:00:00.000000000,260.75,285.64639
2022-10-12T14:00:00.000000000,254.08,295.46639
2022-10-12T15:00:00.000000000,298.3,306.54954
2022-10-12T16:00:00.000000000,358.52,318.09276
2022-10-12T17:00:00.000000000,406.63,329.08794
2022-10-12T18:00:00.000000000,408.41,339.14459
2022-10-12T19:00:00.000000000,411.75,348.2677
2022-10-12T20:00:00.000000000,405.38,354.96007
2022-10-12T21:00:00.000000000,391.16,358.80765
2022-10-12T22:00:00.000000000,383.02,360.14886
2022-10-12T23:00:00.000000000,380.8,360.34895
2022-10-13T00:00:00.000000000,373.62,350.35411
2022-10-13T01:00:00.000000000,369.5,342.16741
2022-10-13T02:00:00.000000000,355.88,331.57846
2022-10-13T03:00:00.000000000,319.93,320.75971
2022-10-13T04:00:00.000000000,278.75,310.44302
2022-10-13T05:00:00.000000000,257.05,301.38982
2022-10-13T06:00:00.000000000,257.07,294.64217
2022-10-13T07:00:00.000000000,253.46,290.38241
2022-10-13T08:00:00.000000000,259.67,290.12606
2022-10-13T09:00:00.000000000,268.08,293.57328
2022-10-13T10:00:00.000000000,267.43,299.83486
2022-10-13T11:00:00.000000000,273.39,308.51841
2022-10-13T12:00:00.000000000,277.09,319.91338
2022-10-13T13:00:00.000000000,275.2,331.38385
2022-10-13T14:00:00.000000000,283.84,342.23968
2022-10-13T15:00:00.000000000,346.3,352.84458
2022-10-13T16:00:00.000000000,366.59,362.5711
2022-10-13T17:00:00.000000000,338.88,370.13337
2022-10-13T18:00:00.000000000,319.34,374.17468
2022-10-13T19:00:00.000000000,297.13,374.79048
2022-10-13T20:00:00.000000000,295.31,372.08137
2022-10-13T21:00:00.000000000,293.01,366.88238
2022-10-13T22:00:00.000000000,304.34,360.33773
2022-10-13T23:00:00.000000000,303.95,354.11404
2022-10-14T00:00:00.000000000,316.15,350.38966
2022-10-14T01:00:00.000000000,383.57,346.48451
2022-10-14T02:00:00.000000000,426.74,342.56551
2022-10-14T03:00:00.000000000,444.5,340.39224
2022-10-14T04:00:00.000000000,444.46,339.66803
2022-10-14T05:00:00.000000000,424.83,340.61683
2022-10-14T06:00:00.000000000,400.94,344.12567
2022-10-14T07:00:00.000000000,370.06,349.68623
2022-10-14T08:00:00.000000000,335.83,358.54081
2022-10-14T09:00:00.000000000,314.07,370.37726
2022-10-14T10:00:00.000000000,298.25,383.91572
2022-10-14T11:00:00.000000000,286.42,398.17835
2022-10-14T12:00:00.000000000,275.38,413.67692
2022-10-14T13:00:00.000000000,278.31,428.24508
2022-10-14T14:00:00.000000000,291.32,440.63648
2022-10-14T15:00:00.000000000,345.33,450.65441
2022-10-14T16:00:00.000000000,368.36,457.69522
2022-10-14T17:00:00.000000000,320.53,462.32349
2022-10-14T18:00:00.000000000,291.21,464.22215
2022-10-14T19:00:00.000000000,261.75,462.80076
2022-10-14T20:00:00.000000000,237.5,458.03951
2022-10-14T21:00:00.000000000,236.0,450.72847
2022-10-14T22:00:00.000000000,241.97,441.5509
2022-10-14T23:00:00.000000000,249.93,432.13191
2022-10-12T00:00:00.000000000,233.73,219.7273
2022-10-12T01:00:00.000000000,230.72,221.59566
2022-10-12T02:00:00.000000000,231.77,225.1294
2022-10-12T03:00:00.000000000,232.33,230.38601
2022-10-12T04:00:00.000000000,233.07,235.52411
2022-10-12T05:00:00.000000000,215.54,238.90173
2022-10-12T06:00:00.000000000,206.26,240.81076
2022-10-12T07:00:00.000000000,197.79,241.22497
2022-10-12T08:00:00.000000000,197.75,241.7823
2022-10-12T09:00:00.000000000,200.6,243.0374
2022-10-12T10:00:00.000000000,211.49,245.58549
2022-10-12T11:00:00.000000000,266.25,250.12181
2022-10-12T12:00:00.000000000,282.83,256.65711
2022-10-12T13:00:00.000000000,260.75,263.02747
2022-10-12T14:00:00.000000000,254.08,268.9885
2022-10-12T15:00:00.000000000,298.3,275.8238
2022-10-12T16:00:00.000000000,358.52,282.75621
2022-10-12T17:00:00.000000000,406.63,288.83639
2022-10-12T18:00:00.000000000,408.41,294.24247
2022-10-12T19:00:00.000000000,411.75,299.59111
2022-10-12T20:00:00.000000000,405.38,303.72783
2022-10-12T21:00:00.000000000,391.16,306.85666
2022-10-12T22:00:00.000000000,383.02,310.0645
2022-10-12T23:00:00.000000000,380.8,314.88675
2022-10-13T00:00:00.000000000,373.62,300.64065
2022-10-13T01:00:00.000000000,369.5,296.57423
2022-10-13T02:00:00.000000000,355.88,291.27903
2022-10-13T03:00:00.000000000,319.93,286.29006
2022-10-13T04:00:00.000000000,278.75,281.56762
2022-10-13T05:00:00.000000000,257.05,277.21318
2022-10-13T06:00:00.000000000,257.07,274.02124
2022-10-13T07:00:00.000000000,253.46,271.8513
2022-10-13T08:00:00.000000000,259.67,272.33867
2022-10-13T09:00:00.000000000,268.08,275.71375
2022-10-13T10:00:00.000000000,267.43,281.46227
2022-10-13T11:00:00.000000000,273.39,289.74708
2022-10-13T12:00:00.000000000,277.09,300.6633
2022-10-13T13:00:00.000000000,275.2,311.58194
2022-10-13T14:00:00.000000000,283.84,322.01395
2022-10-13T15:00:00.000000000,346.3,332.67793
2022-10-13T16:00:00.000000000,366.59,342.97725
2022-10-13T17:00:00.000000000,338.88,351.77662
2022-10-13T18:00:00.000000000,319.34,358.11173
2022-10-13T19:00:00.000000000,297.13,362.00911
2022-10-13T20:00:00.000000000,295.31,363.06078
2022-10-13T21:00:00.000000000,293.01,361.88369
2022-10-13T22:00:00.000000000,304.34,359.28333
2022-10-13T23:00:00.000000000,303.95,356.77377
2022-10-14T00:00:00.000000000,316.15,344.36714
2022-10-14T01:00:00.000000000,383.57,343.47627
2022-10-14T02:00:00.000000000,426.74,342.60932
2022-10-14T03:00:00.000000000,444.5,342.61988
2022-10-14T04:00:00.000000000,444.46,342.7739
2022-10-14T05:00:00.000000000,424.83,343.06958
2022-10-14T06:00:00.000000000,400.94,344.08062
2022-10-14T07:00:00.000000000,370.06,345.67514
2022-10-14T08:00:00.000000000,335.83,349.43394
2022-10-14T09:00:00.000000000,314.07,355.65732
2022-10-14T10:00:00.000000000,298.25,363.59597
2022-10-14T11:00:00.000000000,286.42,372.58279
2022-10-14T12:00:00.000000000,275.38,382.90879
2022-10-14T13:00:00.000000000,278.31,392.21565
2022-10-14T14:00:00.000000000,291.32,399.46073
2022-10-14T15:00:00.000000000,345.33,405.03676
2022-10-14T16:00:00.000000000,368.36,408.76021
2022-10-14T17:00:00.000000000,320.53,410.90036
2022-10-14T18:00:00.000000000,291.21,410.92214
2022-10-14T19:00:00.000000000,261.75,408.56634
2022-10-14T20:00:00.000000000,237.5,403.64624
2022-10-14T21:00:00.000000000,236.0,396.68165
2022-10-14T22:00:00.000000000,241.97,388.65873
2022-10-14T23:00:00.000000000,249.93,381.50534
2022-10-15T00:00:00.000000000,296.25,388.83312
2022-10-15T01:00:00.000000000,336.17,382.46777
2022-10-15T02:00:00.000000000,323.67,373.74905
2022-10-15T03:00:00.000000000,333.05,364.57211
2022-10-15T04:00:00.000000000,336.38,355.4674
2022-10-15T05:00:00.000000000,350.94,347.48937
2022-10-15T06:00:00.000000000,366.96,341.89297
2022-10-15T07:00:00.000000000,379.22,338.66473
2022-10-15T08:00:00.000000000,354.36,339.12696
2022-10-15T09:00:00.000000000,344.79,343.11606
2022-10-15T10:00:00.000000000,353.35,349.83685
2022-10-15T11:00:00.000000000,354.42,358.56518
2022-10-15T12:00:00.000000000,370.35,370.09476
2022-10-15T13:00:00.000000000,396.1,382.14833
2022-10-15T14:00:00.000000000,413.72,393.68844
2022-10-15T15:00:00.000000000,458.84,404.57191
2022-10-15T16:00:00.000000000,489.6,414.02403
2022-10-15T17:00:00.000000000,480.31,421.71152
2022-10-15T18:00:00.000000000,469.86,426.3835
2022-10-15T19:00:00.000000000,457.99,427.79584
2022-10-15T20:00:00.000000000,451.55,425.94494
2022-10-15T21:00:00.000000000,442.19,421.39025
2022-10-15T22:00:00.000000000,421.8,414.98421
2022-10-15T23:00:00.000000000,414.34,408.33104
2022-10-13T00:00:00.000000000,373.62,357.04305
2022-10-13T01:00:00.000000000,369.5,345.20818
2022-10-13T02:00:00.000000000,355.88,330.57835
2022-10-13T03:00:00.000000000,319.93,315.32729
2022-10-13T04:00:00.000000000,278.75,300.44384
2022-10-13T05:00:00.000000000,257.05,286.62948
2022-10-13T06:00:00.000000000,257.07,274.38076
2022-10-13T07:00:00.000000000,253.46,263.88158
2022-10-13T08:00:00.000000000,259.67,256.20368
2022-10-13T09:00:00.000000000,268.08,251.54179
2022-10-13T10:00:00.000000000,267.43,250.14654
2022-10-13T11:00:00.000000000,273.39,252.43171
2022-10-13T12:00:00.000000000,277.09,258.69236
2022-10-13T13:00:00.000000000,275.2,266.20248
2022-10-13T14:00:00.000000000,283.84,273.92116
2022-10-13T15:00:00.000000000,346.3,282.38299
2022-10-13T16:00:00.000000000,366.59,291.01108
2022-10-13T17:00:00.000000000,338.88,298.08456
2022-10-13T18:00:00.000000000,319.34,302.39222
2022-10-13T19:00:00.000000000,297.13,304.9246
2022-10-13T20:00:00.000000000,295.31,305.86753
2022-10-13T21:00:00.000000000,293.01,305.66883
2022-10-13T22:00:00.000000000,304.34,304.8795
2022-10-13T23:00:00.000000000,303.95,304.10182
2022-10-14T00:00:00.000000000,316.15,297.3602
2022-10-14T01:00:00.000000000,383.57,297.63079
2022-10-14T02:00:00.000000000,426.74,298.26521
2022-10-14T03:00:00.000000000,444.5,299.50697
2022-10-14T04:00:00.000000000,444.46,300.3273
2022-10-14T05:00:00.000000000,424.83,300.32445
2022-10-14T06:00:00.000000000,400.94,299.65232
2022-10-14T07:00:00.000000000,370.06,298.14649
2022-10-14T08:00:00.000000000,335.83,297.4545
2022-10-14T09:00:00.000000000,314.07,298.59931
2022-10-14T10:00:00.000000000,298.25,301.83422
2022-10-14T11:00:00.000000000,286.42,307.79175
2022-10-14T12:00:00.000000000,275.38,316.46649
2022-10-14T13:00:00.000000000,278.31,325.07052
2022-10-14T14:00:00.000000000,291.32,332.49402
2022-10-14T15:00:00.000000000,345.33,339.34335
2022-10-14T16:00:00.000000000,368.36,345.43937
2022-10-14T17:00:00.000000000,320.53,350.35463
2022-10-14T18:00:00.000000000,291.21,353.58848
2022-10-14T19:00:00.000000000,261.75,355.5185
2022-10-14T20:00:00.000000000,237.5,355.57335
2022-10-14T21:00:00.000000000,236.0,353.99842
2022-10-14T22:00:00.000000000,241.97,351.55437
2022-10-14T23:00:00.000000000,249.93,350.08131
2022-10-15T00:00:00.000000000,296.25,347.62187
2022-10-15T01:00:00.000000000,336.17,340.38459
2022-10-15T02:00:00.000000000,323.67,332.44795
2022-10-15T03:00:00.000000000,333.05,325.93171
2022-10-15T04:00:00.000000000,336.38,321.06083
2022-10-15T05:00:00.000000000,350.94,318.65856
2022-10-15T06:00:00.000000000,366.96,319.84166
2022-10-15T07:00:00.000000000,379.22,324.06558
2022-10-15T08:00:00.000000000,354.36,332.30691
2022-10-15T09:00:00.000000000,344.79,343.95365
2022-10-15T10:00:00.000000000,353.35,357.40756
2022-10-15T11:00:00.000000000,354.42,371.62579
2022-10-15T12:00:00.000000000,370.35,387.03837
2022-10-15T13:00:00.000000000,396.1,401.56388
2022-10-15T14:00:00.000000000,413.72,414.30551
2022-10-15T15:00:00.000000000,458.84,425.21212
2022-10-15T16:00:00.000000000,489.6,433.47472
2022-10-15T17:00:00.000000000,480.31,438.82901
2022-10-15T18:00:00.000000000,469.86,440.60249
2022-10-15T19:00:00.000000000,457.99,438.41166
2022-10-15T20:00:00.000000000,451.55,432.46317
2022-10-15T21:00:00.000000000,442.19,423.71844
2022-10-15T22:00:00.000000000,421.8,413.14532
2022-10-15T23:00:00.000000000,414.34,402.46435
2022-10-16T00:00:00.000000000,421.82,387.08604
2022-10-16T01:00:00.000000000,392.01,378.00798
2022-10-16T02:00:00.000000000,340.65,367.94139
2022-10-16T03:00:00.000000000,310.79,359.6416
2022-10-16T04:00:00.000000000,284.74,353.22556
2022-10-16T05:00:00.000000000,279.91,349.206
2022-10-16T06:00:00.000000000,282.73,348.49747
2022-10-16T07:00:00.000000000,266.29,350.42055
2022-10-16T08:00:00.000000000,271.54,356.04322
2022-10-16T09:00:00.000000000,295.14,364.81003
2022-10-16T10:00:00.000000000,299.89,375.39563
2022-10-16T11:00:00.000000000,333.45,387.31439
2022-10-16T12:00:00.000000000,357.61,401.61336
2022-10-16T13:00:00.000000000,359.54,416.15818
2022-10-16T14:00:00.000000000,356.7,429.54267
2022-10-16T15:00:00.000000000,387.95,441.13761
2022-10-16T16:00:00.000000000,401.94,449.73327
2022-10-16T17:00:00.000000000,411.97,455.38983
2022-10-16T18:00:00.000000000,405.55,457.72478
2022-10-16T19:00:00.000000000,389.08,456.72133
2022-10-16T20:00:00.000000000,380.31,452.95056
2022-10-16T21:00:00.000000000,365.44,447.23183
2022-10-16T22:00:00.000000000,357.31,439.88739
2022-10-16T23:00:00.000000000,358.04,431.85577
2022-10-14T00:00:00.000000000,316.15,301.14352
2022-10-14T01:00:00.000000000,383.57,300.42274
2022-10-14T02:00:00.000000000,426.74,299.10712
2022-10-14T03:00:00.000000000,444.5,297.47801
2022-10-14T04:00:00.000000000,444.46,295.06591
2022-10-14T05:00:00.000000000,424.83,292.11153
2022-10-14T06:00:00.000000000,400.94,289.37928
2022-10-14T07:00:00.000000000,370.06,286.93239
2022-10-14T08:00:00.000000000,335.83,286.51215
2022-10-14T09:00:00.000000000,314.07,289.09186
2022-10-14T10:00:00.000000000,298.25,294.50808
2022-10-14T11:00:00.000000000,286.42,302.96455
2022-10-14T12:00:00.000000000,275.38,314.30182
2022-10-14T13:00:00.000000000,278.31,325.56224
2022-10-14T14:00:00.000000000,291.32,335.53638
2022-10-14T15:00:00.000000000,345.33,344.65696
2022-10-14T16:00:00.000000000,368.36,352.68537
2022-10-14T17:00:00.000000000,320.53,358.87321
2022-10-14T18:00:00.000000000,291.21,362.37785
2022-10-14T19:00:00.000000000,261.75,363.33923
2022-10-14T20:00:00.000000000,237.5,361.56011
2022-10-14T21:00:00.000000000,236.0,357.78041
2022-10-14T22:00:00.000000000,241.97,353.23379
2022-10-14T23:00:00.000000000,249.93,349.89852
2022-10-15T00:00:00.000000000,296.25,351.372
2022-10-15T01:00:00.000000000,336.17,343.63146
2022-10-15T02:00:00.000000000,323.67,334.18962
2022-10-15T03:00:00.000000000,333.05,324.662
2022-10-15T04:00:00.000000000,336.38,315.52065
2022-10-15T05:00:00.000000000,350.94,308.06189
2022-10-15T06:00:00.000000000,366.96,303.55707
2022-10-15T07:00:00.000000000,379.22,302.11395
2022-10-15T08:00:00.000000000,354.36,304.98194
2022-10-15T09:00:00.000000000,344.79,311.84089
2022-10-15T10:00:00.000000000,353.35,321.22238
2022-10-15T11:00:00.000000000,354.42,332.27303
2022-10-15T12:00:00.000000000,370.35,345.08355
2022-10-15T13:00:00.000000000,396.1,357.174
2022-10-15T14:00:00.000000000,413.72,367.78812
2022-10-15T15:00:00.000000000,458.84,377.19246
2022-10-15T16:00:00.000000000,489.6,384.79527
2022-10-15T17:00:00.000000000,480.31,389.44514
2022-10-15T18:00:00.000000000,469.86,389.91305
2022-10-15T19:00:00.000000000,457.99,386.04983
2022-10-15T20:00:00.000000000,451.55,378.35283
2022-10-15T21:00:00.000000000,442.19,367.89196
2022-10-15T22:00:00.000000000,421.8,356.27811
2022-10-15T23:00:00.000000000,414.34,345.58169
2022-10-16T00:00:00.000000000,421.82,346.05938
2022-10-16T01:00:00.000000000,392.01,339.2365
2022-10-16T02:00:00.000000000,340.65,330.29491
2022-10-16T03:00:00.000000000,310.79,321.97065
2022-10-16T04:00:00.000000000,284.74,314.67446
2022-10-16T05:00:00.000000000,279.91,309.24932
2022-10-16T06:00:00.000000000,282.73,306.96924
2022-10-16T07:00:00.000000000,266.29,307.45725
2022-10-16T08:00:00.000000000,271.54,311.78766
2022-10-16T09:00:00.000000000,295.14,319.4001
2022-10-16T10:00:00.000000000,299.89,329.25714
2022-10-16T11:00:00.000000000,333.45,340.88022
2022-10-16T12:00:00.000000000,357.61,355.10123
2022-10-16T13:00:00.000000000,359.54,369.66835
2022-10-16T14:00:00.000000000,356.7,383.91091
2022-10-16T15:00:00.000000000,387.95,397.67567
2022-10-16T16:00:00.000000000,401.94,409.80603
2022-10-16T17:00:00.000000000,411.97,419.86122
2022-10-16T18:00:00.000000000,405.55,426.90254
2022-10-16T19:00:00.000000000,389.08,430.72411
2022-10-16T20:00:00.000000000,380.31,431.18869
2022-10-16T21:00:00.000000000,365.44,428.77969
2022-10-16T22:00:00.000000000,357.31,424.00358
2022-10-16T23:00:00.000000000,358.04,418.1882
2022-10-17T00:00:00.000000000,381.19,407.44624
2022-10-17T01:00:00.000000000,387.11,396.83753
2022-10-17T02:00:00.000000000,379.39,384.42155
2022-10-17T03:00:00.000000000,355.15,372.92848
2022-10-17T04:00:00.000000000,328.55,362.84162
2022-10-17T05:00:00.000000000,307.21,355.11147
2022-10-17T06:00:00.000000000,296.79,350.89002
2022-10-17T07:00:00.000000000,295.81,349.68392
2022-10-17T08:00:00.000000000,293.89,352.66405
2022-10-17T09:00:00.000000000,296.02,359.41403
2022-10-17T10:00:00.000000000,322.63,368.64066
2022-10-17T11:00:00.000000000,344.11,379.62117
2022-10-17T12:00:00.000000000,374.3,393.15866
2022-10-17T13:00:00.000000000,407.66,407.10255
2022-10-17T14:00:00.000000000,427.01,420.27209
2022-10-17T15:00:00.000000000,455.36,432.2393
2022-10-17T16:00:00.000000000,432.42,441.7643
2022-10-17T17:00:00.000000000,424.29,448.68272
2022-10-17T18:00:00.000000000,421.98,452.21299
2022-10-17T19:00:00.000000000,414.84,452.32998
2022-10-17T20:00:00.000000000,419.14,449.3985
2022-10-17T21:00:00.000000000,416.21,444.1072
2022-10-17T22:00:00.000000000,422.5,436.73741
2022-10-17T23:00:00.000000000,434.24,428.385
2022-10-15T00:00:00.000000000,296.25,279.13852
2022-10-15T01:00:00.000000000,336.17,275.13781
2022-10-15T02:00:00.000000000,323.67,271.09461
2022-10-15T03:00:00.000000000,333.05,267.91735
2022-10-15T04:00:00.000000000,336.38,265.61635
2022-10-15T05:00:00.000000000,350.94,264.64089
2022-10-15T06:00:00.000000000,366.96,265.56987
2022-10-15T07:00:00.000000000,379.22,267.83422
2022-10-15T08:00:00.000000000,354.36,272.1454
2022-10-15T09:00:00.000000000,344.79,278.64762
2022-10-15T10:00:00.000000000,353.35,286.94826
2022-10-15T11:00:00.000000000,354.42,297.5249
2022-10-15T12:00:00.000000000,370.35,310.56886
2022-10-15T13:00:00.000000000,396.1,323.63567
2022-10-15T14:00:00.000000000,413.72,335.5297
2022-10-15T15:00:00.000000000,458.84,346.28934
2022-10-15T16:00:00.000000000,489.6,355.14402
2022-10-15T17:00:00.000000000,480.31,360.987
2022-10-15T18:00:00.000000000,469.86,363.37678
2022-10-15T19:00:00.000000000,457.99,362.89921
2022-10-15T20:00:00.000000000,451.55,359.69927
2022-10-15T21:00:00.000000000,442.19,354.81385
2022-10-15T22:00:00.000000000,421.8,349.56214
2022-10-15T23:00:00.000000000,414.34,345.58368
2022-10-16T00:00:00.000000000,421.82,342.26483
2022-10-16T01:00:00.000000000,392.01,335.90255
2022-10-16T02:00:00.000000000,340.65,328.33963
2022-10-16T03:00:00.000000000,310.79,322.37065
2022-10-16T04:00:00.000000000,284.74,317.90267
2022-10-16T05:00:00.000000000,279.91,315.40639
2022-10-16T06:00:00.000000000,282.73,315.88208
2022-10-16T07:00:00.000000000,266.29,318.7345
2022-10-16T08:00:00.000000000,271.54,325.07016
2022-10-16T09:00:00.000000000,295.14,334.41183
2022-10-16T10:00:00.000000000,299.89,345.57813
2022-10-16T11:00:00.000000000,333.45,358.08435
2022-10-16T12:00:00.000000000,357.61,372.72121
2022-10-16T13:00:00.000000000,359.54,387.26917
2022-10-16T14:00:00.000000000,356.7,400.90574
2022-10-16T15:00:00.000000000,387.95,413.46529
2022-10-16T16:00:00.000000000,401.94,423.86097
2022-10-16T17:00:00.000000000,411.97,432.10032
2022-10-16T18:00:00.000000000,405.55,437.69081
2022-10-16T19:00:00.000000000,389.08,440.35575
2022-10-16T20:00:00.000000000,380.31,439.92889
2022-10-16T21:00:00.000000000,365.44,436.77939
2022-10-16T22:00:00.000000000,357.31,431.20411
2022-10-16T23:00:00.000000000,358.04,424.39176
2022-10-17T00:00:00.000000000,381.19,408.08761
2022-10-17T01:00:00.000000000,387.11,400.16583
2022-10-17T02:00:00.000000000,379.39,391.5921
2022-10-17T03:00:00.000000000,355.15,384.60578
2022-10-17T04:00:00.000000000,328.55,379.01923
2022-10-17T05:00:00.000000000,307.21,375.3034
2022-10-17T06:00:00.000000000,296.79,374.11379
2022-10-17T07:00:00.000000000,295.81,374.87011
2022-10-17T08:00:00.000000000,293.89,378.86989
2022-10-17T09:00:00.000000000,296.02,385.88666
2022-10-17T10:00:00.000000000,322.63,394.66542
2022-10-17T11:00:00.000000000,344.11,404.50299
2022-10-17T12:00:00.000000000,374.3,416.17123
2022-10-17T13:00:00.000000000,407.66,427.64806
2022-10-17T14:00:00.000000000,427.01,437.82388
2022-10-17T15:00:00.000000000,455.36,446.60333
2022-10-17T16:00:00.000000000,432.42,452.97664
2022-10-17T17:00:00.000000000,424.29,457.37299
2022-10-17T18:00:00.000000000,421.98,459.29323
2022-10-17T19:00:00.000000000,414.84,458.64052
2022-10-17T20:00:00.000000000,419.14,455.54646
2022-10-17T21:00:00.000000000,416.21,450.43
2022-10-17T22:00:00.000000000,422.5,443.3681
2022-10-17T23:00:00.000000000,434.24,435.43127
2022-10-18T00:00:00.000000000,474.19,427.72535
2022-10-18T01:00:00.000000000,478.72,413.36019
2022-10-18T02:00:00.000000000,459.98,396.09237
2022-10-18T03:00:00.000000000,450.25,379.37596
2022-10-18T04:00:00.000000000,454.97,364.22727
2022-10-18T05:00:00.000000000,455.31,351.80849
2022-10-18T06:00:00.000000000,470.85,343.67611
2022-10-18T07:00:00.000000000,485.28,339.4622
2022-10-18T08:00:00.000000000,490.61,340.38693
2022-10-18T09:00:00.000000000,492.35,345.81614
2022-10-18T10:00:00.000000000,503.67,354.51859
2022-10-18T11:00:00.000000000,505.76,366.00662
2022-10-18T12:00:00.000000000,495.6,381.46
2022-10-18T13:00:00.000000000,496.86,398.49701
2022-10-18T14:00:00.000000000,508.27,415.54594
2022-10-18T15:00:00.000000000,547.94,431.48325
2022-10-18T16:00:00.000000000,555.92,444.70836
2022-10-18T17:00:00.000000000,549.58,454.7034
2022-10-18T18:00:00.000000000,559.67,460.55934
2022-10-18T19:00:00.000000000,568.27,462.46239
2022-10-18T20:00:00.000000000,571.74,461.17053
2022-10-18T21:00:00.000000000,572.15,457.6122
2022-10-18T22:00:00.000000000,571.37,451.9656
2022-10-18T23:00:00.000000000,574.29,444.9439
2022-10-16T00:00:00.000000000,421.82,404.06059
2022-10-16T01:00:00.000000000,392.01,395.15388
2022-10-16T02:00:00.000000000,340.65,383.96696
2022-10-16T03:00:00.000000000,310.79,372.93923
2022-10-16T04:00:00.000000000,284.74,362.70026
2022-10-16T05:00:00.000000000,279.91,354.37787
2022-10-16T06:00:00.000000000,282.73,349.14553
2022-10-16T07:00:00.000000000,266.29,346.74464
2022-10-16T08:00:00.000000000,271.54,348.29079
2022-10-16T09:00:00.000000000,295.14,353.45592
2022-10-16T10:00:00.000000000,299.89,361.16273
2022-10-16T11:00:00.000000000,333.45,370.68338
2022-10-16T12:00:00.000000000,357.61,382.80644
2022-10-16T13:00:00.000000000,359.54,395.32849
2022-10-16T14:00:00.000000000,356.7,407.13898
2022-10-16T15:00:00.000000000,387.95,417.99266
2022-10-16T16:00:00.000000000,401.94,426.82678
2022-10-16T17:00:00.000000000,411.97,433.46215
2022-10-16T18:00:00.000000000,405.55,436.94889
2022-10-16T19:00:00.000000000,389.08,437.37842
2022-10-16T20:00:00.000000000,380.31,435.02055
2022-10-16T21:00:00.000000000,365.44,430.47972
2022-10-16T22:00:00.000000000,357.31,424.21668
2022-10-16T23:00:00.000000000,358.04,417.36509
2022-10-17T00:00:00.000000000,381.19,397.50524
2022-10-17T01:00:00.000000000,387.11,389.99851
2022-10-17T02:00:00.000000000,379.39,381.76177
2022-10-17T03:00:00.000000000,355.15,375.18547
2022-10-17T04:00:00.000000000,328.55,369.98884
2022-10-17T05:00:00.000000000,307.21,366.54372
2022-10-17T06:00:00.000000000,296.79,365.51865
2022-10-17T07:00:00.000000000,295.81,366.28444
2022-10-17T08:00:00.000000000,293.89,370.1464
2022-10-17T09:00:00.000000000,296.02,376.81337
2022-10-17T10:00:00.000000000,322.63,385.08263
2022-10-17T11:00:00.000000000,344.11,394.37542
2022-10-17T12:00:00.000000000,374.3,405.55316
2022-10-17T13:00:00.000000000,407.66,416.6397
2022-10-17T14:00:00.000000000,427.01,426.70291
2022-10-17T15:00:00.000000000,455.36,435.74146
2022-10-17T16:00:00.000000000,432.42,442.64869
2022-10-17T17:00:00.000000000,424.29,447.80349
2022-10-17T18:00:00.000000000,421.98,450.74878
2022-10-17T19:00:00.000000000,414.84,451.38493
2022-10-17T20:00:00.000000000,419.14,449.71566
2022-10-17T21:00:00.000000000,416.21,446.04574
2022-10-17T22:00:00.000000000,422.5,440.35806
2022-10-17T23:00:00.000000000,434.24,433.64761
2022-10-18T00:00:00.000000000,474.19,427.53578
2022-10-18T01:00:00.000000000,478.72,414.66684
2022-10-18T02:00:00.000000000,459.98,399.85807
2022-10-18T03:00:00.000000000,450.25,386.31028
2022-10-18T04:00:00.000000000,454.97,374.53117
2022-10-18T05:00:00.000000000,455.31,365.33676
2022-10-18T06:00:00.000000000,470.85,359.95577
2022-10-18T07:00:00.000000000,485.28,357.76982
2022-10-18T08:00:00.000000000,490.61,359.98543
2022-10-18T09:00:00.000000000,492.35,366.05382
2022-10-18T10:00:00.000000000,503.67,374.76546
2022-10-18T11:00:00.000000000,505.76,385.76232
2022-10-18T12:00:00.000000000,495.6,400.44663
2022-10-18T13:00:00.000000000,496.86,416.60982
2022-10-18T14:00:00.000000000,508.27,432.65488
2022-10-18T15:00:00.000000000,547.94,447.51889
2022-10-18T16:00:00.000000000,555.92,459.63268
2022-10-18T17:00:00.000000000,549.58,468.85171
2022-10-18T18:00:00.000000000,559.67,474.44589
2022-10-18T19:00:00.000000000,568.27,476.49323
2022-10-18T20:00:00.000000000,571.74,475.55958
2022-10-18T21:00:00.000000000,572.15,472.35901
2022-10-18T22:00:00.000000000,571.37,466.88119
2022-10-18T23:00:00.000000000,574.29,459.81121
2022-10-19T00:00:00.000000000,584.1,445.93976
2022-10-19T01:00:00.000000000,573.24,437.23013
2022-10-19T02:00:00.000000000,553.57,428.26584
2022-10-19T03:00:00.000000000,552.96,420.9326
2022-10-19T04:00:00.000000000,564.74,415.31817
2022-10-19T05:00:00.000000000,570.23,411.90026
2022-10-19T06:00:00.000000000,575.7,411.28323
2022-10-19T07:00:00.000000000,577.04,413.0105
2022-10-19T08:00:00.000000000,563.09,418.18967
2022-10-19T09:00:00.000000000,550.32,426.06142
2022-10-19T10:00:00.000000000,537.96,435.15248
2022-10-19T11:00:00.000000000,534.1,444.23865
2022-10-19T12:00:00.000000000,516.86,454.60819
2022-10-19T13:00:00.000000000,500.02,464.58657
2022-10-19T14:00:00.000000000,485.57,472.87402
2022-10-19T15:00:00.000000000,522.29,479.23046
2022-10-19T16:00:00.000000000,558.05,482.72464
2022-10-19T17:00:00.000000000,557.22,483.79443
2022-10-19T18:00:00.000000000,555.44,481.78565
2022-10-19T19:00:00.000000000,547.93,476.55336
2022-10-19T20:00:00.000000000,538.77,468.64855
2022-10-19T21:00:00.000000000,531.38,458.91525
2022-10-19T22:00:00.000000000,530.58,448.18483
2022-10-19T23:00:00.000000000,536.73,437.57927
2022-10-17T00:00:00.000000000,381.19,369.17261
2022-10-17T01:00:00.000000000,387.11,360.84913
2022-10-17T02:00:00.000000000,379.39,349.91407
2022-10-17T03:00:00.000000000,355.15,339.27825
2022-10-17T04:00:00.000000000,328.55,329.45077
2022-10-17T05:00:00.000000000,307.21,321.33679
2022-10-17T06:00:00.000000000,296.79,316.26473
2022-10-17T07:00:00.000000000,295.81,313.91142
2022-10-17T08:00:00.000000000,293.89,315.46187
2022-10-17T09:00:00.000000000,296.02,320.49134
2022-10-17T10:00:00.000000000,322.63,328.13658
2022-10-17T11:00:00.000000000,344.11,337.97778
2022-10-17T12:00:00.000000000,374.3,350.90213
2022-10-17T13:00:00.000000000,407.66,364.72982
2022-10-17T14:00:00.000000000,427.01,378.86563
2022-10-17T15:00:00.000000000,455.36,393.10669
2022-10-17T16:00:00.000000000,432.42,406.13586
2022-10-17T17:00:00.000000000,424.29,417.48982
2022-10-17T18:00:00.000000000,421.98,426.05266
2022-10-17T19:00:00.000000000,414.84,431.6692
2022-10-17T20:00:00.000000000,419.14,434.05725
2022-10-17T21:00:00.000000000,416.21,433.48363
2022-10-17T22:00:00.000000000,422.5,430.09888
2022-10-17T23:00:00.000000000,434.24,425.11046
2022-10-18T00:00:00.000000000,474.19,426.45738
2022-10-18T01:00:00.000000000,478.72,411.64816
2022-10-18T02:00:00.000000000,459.98,393.99636
2022-10-18T03:00:00.000000000,450.25,377.02941
2022-10-18T04:00:00.000000000,454.97,361.79402
2022-10-18T05:00:00.000000000,455.31,349.45206
2022-10-18T06:00:00.000000000,470.85,341.59029
2022-10-18T07:00:00.000000000,485.28,337.73021
2022-10-18T08:00:00.000000000,490.61,339.04732
2022-10-18T09:00:00.000000000,492.35,344.93196
2022-10-18T10:00:00.000000000,503.67,354.15371
2022-10-18T11:00:00.000000000,505.76,366.2887
2022-10-18T12:00:00.000000000,495.6,382.57159
2022-10-18T13:00:00.000000000,496.86,400.61016
2022-10-18T14:00:00.000000000,508.27,418.71471
2022-10-18T15:00:00.000000000,547.94,435.59444
2022-10-18T16:00:00.000000000,555.92,449.61142
2022-10-18T17:00:00.000000000,549.58,460.1756
2022-10-18T18:00:00.000000000,559.67,466.37265
2022-10-18T19:00:00.000000000,568.27,468.32986
2022-10-18T20:00:00.000000000,571.74,466.84224
2022-10-18T21:00:00.000000000,572.15,462.8767
2022-10-18T22:00:00.000000000,571.37,456.59573
2022-10-18T23:00:00.000000000,574.29,448.77018
2022-10-19T00:00:00.000000000,584.1,439.7398
2022-10-19T01:00:00.000000000,573.24,430.812
2022-10-19T02:00:00.000000000,553.57,421.20241
2022-10-19T03:00:00.000000000,552.96,412.9693
2022-10-19T04:00:00.000000000,564.74,406.27092
2022-10-19T05:00:00.000000000,570.23,401.61807
2022-10-19T06:00:00.000000000,575.7,399.78188
2022-10-19T07:00:00.000000000,577.04,400.27685
2022-10-19T08:00:00.000000000,563.09,404.28701
2022-10-19T09:00:00.000000000,550.32,411.23279
2022-10-19T10:00:00.000000000,537.96,419.81582
2022-10-19T11:00:00.000000000,534.1,429.01226
2022-10-19T12:00:00.000000000,516.86,440.13719
2022-10-19T13:00:00.000000000,500.02,451.38094
2022-10-19T14:00:00.000000000,485.57,461.33583
2022-10-19T15:00:00.000000000,522.29,469.55787
2022-10-19T16:00:00.000000000,558.05,475.06128
2022-10-19T17:00:00.000000000,557.22,478.14447
2022-10-19T18:00:00.000000000,555.44,478.0931
2022-10-19T19:00:00.000000000,547.93,474.68453
2022-10-19T20:00:00.000000000,538.77,468.35098
2022-10-19T21:00:00.000000000,531.38,459.86156
2022-10-19T22:00:00.000000000,530.58,449.95162
2022-10-19T23:00:00.000000000,536.73,439.78201
2022-10-20T00:00:00.000000000,542.41,415.79901
2022-10-20T01:00:00.000000000,498.32,398.47043
2022-10-20T02:00:00.000000000,443.48,376.66724
2022-10-20T03:00:00.000000000,412.34,354.06063
2022-10-20T04:00:00.000000000,395.07,333.19534
2022-10-20T05:00:00.000000000,368.31,316.73594
2022-10-20T06:00:00.000000000,354.14,307.15128
2022-10-20T07:00:00.000000000,336.84,304.30503
2022-10-20T08:00:00.000000000,360.16,308.7489
2022-10-20T09:00:00.000000000,383.45,319.18712
2022-10-20T10:00:00.000000000,361.62,333.64282
2022-10-20T11:00:00.000000000,366.64,350.83377
2022-10-20T12:00:00.000000000,354.21,371.44897
2022-10-20T13:00:00.000000000,351.6,392.99324
2022-10-20T14:00:00.000000000,360.38,413.93905
2022-10-20T15:00:00.000000000,433.98,432.92616
2022-10-20T16:00:00.000000000,541.23,448.33963
2022-10-20T17:00:00.000000000,573.62,458.78998
2022-10-20T18:00:00.000000000,573.35,462.85246
2022-10-20T19:00:00.000000000,569.78,460.51902
2022-10-20T20:00:00.000000000,565.82,453.352
2022-10-20T21:00:00.000000000,574.2,443.2407
2022-10-20T22:00:00.000000000,585.45,431.38609
2022-10-20T23:00:00.000000000,595.81,418.95178
2022-10-18T00:00:00.000000000,474.19,452.56274
2022-10-18T01:00:00.000000000,478.72,441.20926
2022-10-18T02:00:00.000000000,459.98,428.53839
2022-10-18T03:00:00.000000000,450.25,417.03047
2022-10-18T04:00:00.000000000,454.97,406.97239
2022-10-18T05:00:00.000000000,455.31,399.13868
2022-10-18T06:00:00.000000000,470.85,394.46366
2022-10-18T07:00:00.000000000,485.28,392.36787
2022-10-18T08:00:00.000000000,490.61,394.1129
2022-10-18T09:00:00.000000000,492.35,399.29543
2022-10-18T10:00:00.000000000,503.67,406.72802
2022-10-18T11:00:00.000000000,505.76,415.71022
2022-10-18T12:00:00.000000000,495.6,427.64077
2022-10-18T13:00:00.000000000,496.86,440.54512
2022-10-18T14:00:00.000000000,508.27,452.88461
2022-10-18T15:00:00.000000000,547.94,463.98616
2022-10-18T16:00:00.000000000,555.92,472.55692
2022-10-18T17:00:00.000000000,549.58,478.80615
2022-10-18T18:00:00.000000000,559.67,481.94399
2022-10-18T19:00:00.000000000,568.27,481.93979
2022-10-18T20:00:00.000000000,571.74,479.14435
2022-10-18T21:00:00.000000000,572.15,474.09876
2022-10-18T22:00:00.000000000,571.37,467.0076
2022-10-18T23:00:00.000000000,574.29,458.7651
2022-10-19T00:00:00.000000000,584.1,446.65425
2022-10-19T01:00:00.000000000,573.24,438.45802
2022-10-19T02:00:00.000000000,553.57,430.03143
2022-10-19T03:00:00.000000000,552.96,423.24039
2022-10-19T04:00:00.000000000,564.74,418.25604
2022-10-19T05:00:00.000000000,570.23,415.69333
2022-10-19T06:00:00.000000000,575.7,416.29695
2022-10-19T07:00:00.000000000,577.04,419.46953
2022-10-19T08:00:00.000000000,563.09,426.09785
2022-10-19T09:00:00.000000000,550.32,435.1728
2022-10-19T10:00:00.000000000,537.96,445.12301
2022-10-19T11:00:00.000000000,534.1,454.68839
2022-10-19T12:00:00.000000000,516.86,465.56022
2022-10-19T13:00:00.000000000,500.02,476.28151
2022-10-19T14:00:00.000000000,485.57,485.62585
2022-10-19T15:00:00.000000000,522.29,493.28159
2022-10-19T16:00:00.000000000,558.05,498.12638
2022-10-19T17:00:00.000000000,557.22,500.70941
2022-10-19T18:00:00.000000000,555.44,500.27607
2022-10-19T19:00:00.000000000,547.93,496.57206
2022-10-19T20:00:00.000000000,538.77,490.00699
2022-10-19T21:00:00.000000000,531.38,481.38897
2022-10-19T22:00:00.000000000,530.58,471.53751
2022-10-19T23:00:00.000000000,536.73,461.49033
2022-10-20T00:00:00.000000000,542.41,437.18677
2022-10-20T01:00:00.000000000,498.32,419.75665
2022-10-20T02:00:00.000000000,443.48,398.61209
2022-10-20T03:00:00.000000000,412.34,377.22045
2022-10-20T04:00:00.000000000,395.07,357.69507
2022-10-20T05:00:00.000000000,368.31,342.28028
2022-10-20T06:00:00.000000000,354.14,333.17767
2022-10-20T07:00:00.000000000,336.84,330.13696
2022-10-20T08:00:00.000000000,360.16,333.93285
2022-10-20T09:00:00.000000000,383.45,343.48374
2022-10-20T10:00:00.000000000,361.62,356.83833
2022-10-20T11:00:00.000000000,366.64,372.72688
2022-10-20T12:00:00.000000000,354.21,392.0
2022-10-20T13:00:00.000000000,351.6,412.20659
2022-10-20T14:00:00.000000000,360.38,431.55049
2022-10-20T15:00:00.000000000,433.98,448.68305
2022-10-20T16:00:00.000000000,541.23,462.13485
2022-10-20T17:00:00.000000000,573.62,470.81696
2022-10-20T18:00:00.000000000,573.35,473.51488
2022-10-20T19:00:00.000000000,569.78,470.22537
2022-10-20T20:00:00.000000000,565.82,462.40238
2022-10-20T21:00:00.000000000,574.2,451.77302
2022-10-20T22:00:00.000000000,585.45,439.43416
2022-10-20T23:00:00.000000000,595.81,426.48969
2022-10-21T00:00:00.000000000,589.12,392.64824
2022-10-21T01:00:00.000000000,542.4,372.58783
2022-10-21T02:00:00.000000000,468.1,346.99851
2022-10-21T03:00:00.000000000,381.1,319.5964
2022-10-21T04:00:00.000000000,303.43,293.00106
2022-10-21T05:00:00.000000000,263.06,269.29927
2022-10-21T06:00:00.000000000,245.12,250.30022
2022-10-21T07:00:00.000000000,243.33,236.33373
2022-10-21T08:00:00.000000000,245.0,228.25589
2022-10-21T09:00:00.000000000,243.92,225.4628
2022-10-21T10:00:00.000000000,242.27,227.42998
2022-10-21T11:00:00.000000000,242.19,234.11878
2022-10-21T12:00:00.000000000,243.32,245.99323
2022-10-21T13:00:00.000000000,250.9,260.26094
2022-10-21T14:00:00.000000000,269.37,275.84287
2022-10-21T15:00:00.000000000,308.64,292.45401
2022-10-21T16:00:00.000000000,393.33,308.74821
2022-10-21T17:00:00.000000000,442.66,322.40079
2022-10-21T18:00:00.000000000,451.2,331.64048
2022-10-21T19:00:00.000000000,422.4,336.93485
2022-10-21T20:00:00.000000000,396.41,338.84554
2022-10-21T21:00:00.000000000,377.75,338.36121
2022-10-21T22:00:00.000000000,374.62,335.95413
2022-10-21T23:00:00.000000000,378.85,331.77956
2022-10-19T00:00:00.000000000,584.1,568.31653
2022-10-19T01:00:00.000000000,573.24,563.14558
2022-10-19T02:00:00.000000000,553.57,556.76967
2022-10-19T03:00:00.000000000,552.96,549.48284
2022-10-19T04:00:00.000000000,564.74,541.31188
2022-10-19T05:00:00.000000000,570.23,533.47664
2022-10-19T06:00:00.000000000,575.7,525.99466
2022-10-19T07:00:00.000000000,577.04,519.75533
2022-10-19T08:00:00.000000000,563.09,516.81772
2022-10-19T09:00:00.000000000,550.32,516.85763
2022-10-19T10:00:00.000000000,537.96,518.79599
2022-10-19T11:00:00.000000000,534.1,520.47648
2022-10-19T12:00:00.000000000,516.86,523.59625
2022-10-19T13:00:00.000000000,500.02,526.41249
2022-10-19T14:00:00.000000000,485.57,528.11344
2022-10-19T15:00:00.000000000,522.29,529.3599
2022-10-19T16:00:00.000000000,558.05,529.94099
2022-10-19T17:00:00.000000000,557.22,531.50074
2022-10-19T18:00:00.000000000,555.44,531.73119
2022-10-19T19:00:00.000000000,547.93,530.29263
2022-10-19T20:00:00.000000000,538.77,527.31488
2022-10-19T21:00:00.000000000,531.38,522.87969
2022-10-19T22:00:00.000000000,530.58,517.66271
2022-10-19T23:00:00.000000000,536.73,512.43406
2022-10-20T00:00:00.000000000,542.41,486.25081
2022-10-20T01:00:00.000000000,498.32,469.16167
2022-10-20T02:00:00.000000000,443.48,447.87029
2022-10-20T03:00:00.000000000,412.34,425.38729
2022-10-20T04:00:00.000000000,395.07,403.72873
2022-10-20T05:00:00.000000000,368.31,385.28979
2022-10-20T06:00:00.000000000,354.14,372.04728
2022-10-20T07:00:00.000000000,336.84,364.17281
2022-10-20T08:00:00.000000000,360.16,362.83477
2022-10-20T09:00:00.000000000,383.45,367.35735
2022-10-20T10:00:00.000000000,361.62,376.12294
2022-10-20T11:00:00.000000000,366.64,387.92641
2022-10-20T12:00:00.000000000,354.21,403.80857
2022-10-20T13:00:00.000000000,351.6,421.12614
2022-10-20T14:00:00.000000000,360.38,437.95014
2022-10-20T15:00:00.000000000,433.98,453.10122
2022-10-20T16:00:00.000000000,541.23,465.33047
2022-10-20T17:00:00.000000000,573.62,473.89379
2022-10-20T18:00:00.000000000,573.35,477.2185
2022-10-20T19:00:00.000000000,569.78,475.48877
2022-10-20T20:00:00.000000000,565.82,470.06403
2022-10-20T21:00:00.000000000,574.2,462.28421
2022-10-20T22:00:00.000000000,585.45,452.9875
2022-10-20T23:00:00.000000000,595.81,442.97485
2022-10-21T00:00:00.000000000,589.12,409.95146
2022-10-21T01:00:00.000000000,542.4,390.15144
2022-10-21T02:00:00.000000000,468.1,365.42412
2022-10-21T03:00:00.000000000,381.1,338.91694
2022-10-21T04:00:00.000000000,303.43,313.55042
2022-10-21T05:00:00.000000000,263.06,292.12221
2022-10-21T06:00:00.000000000,245.12,276.67621
2022-10-21T07:00:00.000000000,243.33,267.77195
2022-10-21T08:00:00.000000000,245.0,266.06099
2022-10-21T09:00:00.000000000,243.92,270.42889
2022-10-21T10:00:00.000000000,242.27,279.48865
2022-10-21T11:00:00.000000000,242.19,292.33258
2022-10-21T12:00:00.000000000,243.32,309.18911
2022-10-21T13:00:00.000000000,250.9,327.27947
2022-10-21T14:00:00.000000000,269.37,345.18365
2022-10-21T15:00:00.000000000,308.64,362.12712
2022-10-21T16:00:00.000000000,393.33,376.59664
2022-10-21T17:00:00.000000000,442.66,386.41035
2022-10-21T18:00:00.000000000,451.2,389.56613
2022-10-21T19:00:00.000000000,422.4,386.43345
2022-10-21T20:00:00.000000000,396.41,378.58745
2022-10-21T21:00:00.000000000,377.75,368.07727
2022-10-21T22:00:00.000000000,374.62,356.64155
2022-10-21T23:00:00.000000000,378.85,345.29054
2022-10-22T00:00:00.000000000,372.84,309.87237
2022-10-22T01:00:00.000000000,359.77,297.67702
2022-10-22T02:00:00.000000000,321.34,282.88452
2022-10-22T03:00:00.000000000,296.51,268.29503
2022-10-22T04:00:00.000000000,288.01,256.009
2022-10-22T05:00:00.000000000,267.36,247.73269
2022-10-22T06:00:00.000000000,259.01,244.51469
2022-10-22T07:00:00.000000000,247.71,245.26426
2022-10-22T08:00:00.000000000,238.71,249.79543
2022-10-22T09:00:00.000000000,233.2,257.19047
2022-10-22T10:00:00.000000000,232.58,266.08905
2022-10-22T11:00:00.000000000,226.94,276.47494
2022-10-22T12:00:00.000000000,219.91,288.46582
2022-10-22T13:00:00.000000000,219.8,300.06925
2022-10-22T14:00:00.000000000,226.01,310.76795
2022-10-22T15:00:00.000000000,244.81,320.78259
2022-10-22T16:00:00.000000000,274.16,328.81996
2022-10-22T17:00:00.000000000,307.73,332.35261
2022-10-22T18:00:00.000000000,319.53,330.7209
2022-10-22T19:00:00.000000000,320.93,324.68459
2022-10-22T20:00:00.000000000,308.52,315.85941
2022-10-22T21:00:00.000000000,300.24,306.22624
2022-10-22T22:00:00.000000000,287.26,297.29901
2022-10-22T23:00:00.000000000,281.0,289.85988
2022-10-20T00:00:00.000000000,542.41,526.06562
2022-10-20T01:00:00.000000000,498.32,512.85126
2022-10-20T02:00:00.000000000,443.48,496.36064
2022-10-20T03:00:00.000000000,412.34,478.62912
2022-10-20T04:00:00.000000000,395.07,460.83945
2022-10-20T05:00:00.000000000,368.31,444.87183
2022-10-20T06:00:00.000000000,354.14,432.00307
2022-10-20T07:00:00.000000000,336.84,422.66758
2022-10-20T08:00:00.000000000,360.16,418.54731
2022-10-20T09:00:00.000000000,383.45,419.4226
2022-10-20T10:00:00.000000000,361.62,424.16855
2022-10-20T11:00:00.000000000,366.64,431.43308
2022-10-20T12:00:00.000000000,354.21,442.62981
2022-10-20T13:00:00.000000000,351.6,455.25796
2022-10-20T14:00:00.000000000,360.38,467.50284
2022-10-20T15:00:00.000000000,433.98,478.61322
2022-10-20T16:00:00.000000000,541.23,487.74301
2022-10-20T17:00:00.000000000,573.62,495.08961
2022-10-20T18:00:00.000000000,573.35,498.80472
2022-10-20T19:00:00.000000000,569.78,498.94286
2022-10-20T20:00:00.000000000,565.82,496.22784
2022-10-20T21:00:00.000000000,574.2,491.32706
2022-10-20T22:00:00.000000000,585.45,484.86137
2022-10-20T23:00:00.000000000,595.81,477.56734
2022-10-21T00:00:00.000000000,589.12,445.92824
2022-10-21T01:00:00.000000000,542.4,428.51066
2022-10-21T02:00:00.000000000,468.1,405.92552
2022-10-21T03:00:00.000000000,381.1,381.04676
2022-10-21T04:00:00.000000000,303.43,356.80658
2022-10-21T05:00:00.000000000,263.06,336.3471
2022-10-21T06:00:00.000000000,245.12,321.97036
2022-10-21T07:00:00.000000000,243.33,314.42179
2022-10-21T08:00:00.000000000,245.0,314.0859
2022-10-21T09:00:00.000000000,243.92,319.63975
2022-10-21T10:00:00.000000000,242.27,329.46786
2022-10-21T11:00:00.000000000,242.19,342.07225
2022-10-21T12:00:00.000000000,243.32,357.95557
2022-10-21T13:00:00.000000000,250.9,374.43473
2022-10-21T14:00:00.000000000,269.37,389.70385
2022-10-21T15:00:00.000000000,308.64,402.85352
2022-10-21T16:00:00.000000000,393.33,412.68101
2022-10-21T17:00:00.000000000,442.66,417.77103
2022-10-21T18:00:00.000000000,451.2,416.49928
2022-10-21T19:00:00.000000000,422.4,409.69098
2022-10-21T20:00:00.000000000,396.41,399.2597
2022-10-21T21:00:00.000000000,377.75,387.16463
2022-10-21T22:00:00.000000000,374.62,375.26973
2022-10-21T23:00:00.000000000,378.85,364.65359
2022-10-22T00:00:00.000000000,372.84,330.9435
2022-10-22T01:00:00.000000000,359.77,315.73
2022-10-22T02:00:00.000000000,321.34,297.23275
2022-10-22T03:00:00.000000000,296.51,278.68546
2022-10-22T04:00:00.000000000,288.01,262.66951
2022-10-22T05:00:00.000000000,267.36,250.98495
2022-10-22T06:00:00.000000000,259.01,244.51202
2022-10-22T07:00:00.000000000,247.71,242.4814
2022-10-22T08:00:00.000000000,238.71,244.64696
2022-10-22T09:00:00.000000000,233.2,250.17047
2022-10-22T10:00:00.000000000,232.58,257.98597
2022-10-22T11:00:00.000000000,226.94,268.06247
2022-10-22T12:00:00.000000000,219.91,280.33766
2022-10-22T13:00:00.000000000,219.8,292.37319
2022-10-22T14:00:00.000000000,226.01,303.08793
2022-10-22T15:00:00.000000000,244.81,312.29124
2022-10-22T16:00:00.000000000,274.16,318.87029
2022-10-22T17:00:00.000000000,307.73,320.21429
2022-10-22T18:00:00.000000000,319.53,315.72011
2022-10-22T19:00:00.000000000,320.93,306.75322
2022-10-22T20:00:00.000000000,308.52,295.5506
2022-10-22T21:00:00.000000000,300.24,284.31485
2022-10-22T22:00:00.000000000,287.26,274.59059
2022-10-22T23:00:00.000000000,281.0,266.8361
2022-10-23T00:00:00.000000000,262.38,249.29943
2022-10-23T01:00:00.000000000,245.49,245.32088
2022-10-23T02:00:00.000000000,233.69,240.69638
2022-10-23T03:00:00.000000000,223.36,237.56056
2022-10-23T04:00:00.000000000,209.85,235.64304
2022-10-23T05:00:00.000000000,200.2,234.58663
2022-10-23T06:00:00.000000000,192.33,234.04494
2022-10-23T07:00:00.000000000,188.32,233.45123
2022-10-23T08:00:00.000000000,187.77,232.95851
2022-10-23T09:00:00.000000000,186.5,232.48129
2022-10-23T10:00:00.000000000,184.91,231.92047
2022-10-23T11:00:00.000000000,182.15,231.94318
2022-10-23T12:00:00.000000000,178.04,232.39706
2022-10-23T13:00:00.000000000,175.76,231.19544
2022-10-23T14:00:00.000000000,176.54,228.18886
2022-10-23T15:00:00.000000000,177.09,225.25971
2022-10-23T16:00:00.000000000,178.61,222.75804
2022-10-23T17:00:00.000000000,192.36,219.64432
2022-10-23T18:00:00.000000000,218.84,216.84921
2022-10-23T19:00:00.000000000,230.62,216.01915
2022-10-23T20:00:00.000000000,239.61,216.70467
2022-10-23T21:00:00.000000000,248.23,218.10913
2022-10-23T22:00:00.000000000,254.51,220.05386
2022-10-23T23:00:00.000000000,255.38,223.20822
2022-10-21T00:00:00.000000000,589.12,554.16686
2022-10-21T01:00:00.000000000,542.4,539.24911
2022-10-21T02:00:00.000000000,468.1,518.97729
2022-10-21T03:00:00.000000000,381.1,494.75007
2022-10-21T04:00:00.000000000,303.43,469.18103
2022-10-21T05:00:00.000000000,263.06,445.98267
2022-10-21T06:00:00.000000000,245.12,426.98026
2022-10-21T07:00:00.000000000,243.33,414.01197
2022-10-21T08:00:00.000000000,245.0,408.17084
2022-10-21T09:00:00.000000000,243.92,408.50726
2022-10-21T10:00:00.000000000,242.27,413.2672
2022-10-21T11:00:00.000000000,242.19,420.12551
2022-10-21T12:00:00.000000000,243.32,429.66335
2022-10-21T13:00:00.000000000,250.9,439.0993
2022-10-21T14:00:00.000000000,269.37,446.62145
2022-10-21T15:00:00.000000000,308.64,452.19694
2022-10-21T16:00:00.000000000,393.33,455.32994
2022-10-21T17:00:00.000000000,442.66,455.981
2022-10-21T18:00:00.000000000,451.2,451.96548
2022-10-21T19:00:00.000000000,422.4,444.40029
2022-10-21T20:00:00.000000000,396.41,435.16557
2022-10-21T21:00:00.000000000,377.75,425.69668
2022-10-21T22:00:00.000000000,374.62,417.70964
2022-10-21T23:00:00.000000000,378.85,411.72344
2022-10-22T00:00:00.000000000,372.84,373.14882
2022-10-22T01:00:00.000000000,359.77,355.10508
2022-10-22T02:00:00.000000000,321.34,332.74981
2022-10-22T03:00:00.000000000,296.51,309.56147
2022-10-22T04:00:00.000000000,288.01,288.75842
2022-10-22T05:00:00.000000000,267.36,272.73531
2022-10-22T06:00:00.000000000,259.01,262.5947
2022-10-22T07:00:00.000000000,247.71,257.97438
2022-10-22T08:00:00.000000000,238.71,258.56438
2022-10-22T09:00:00.000000000,233.2,263.28909
2022-10-22T10:00:00.000000000,232.58,270.96143
2022-10-22T11:00:00.000000000,226.94,281.34693
2022-10-22T12:00:00.000000000,219.91,294.42448
2022-10-22T13:00:00.000000000,219.8,307.60665
2022-10-22T14:00:00.000000000,226.01,319.60069
2022-10-22T15:00:00.000000000,244.81,329.91369
2022-10-22T16:00:00.000000000,274.16,337.28246
2022-10-22T17:00:00.000000000,307.73,338.94759
2022-10-22T18:00:00.000000000,319.53,333.83679
2022-10-22T19:00:00.000000000,320.93,323.48158
2022-10-22T20:00:00.000000000,308.52,310.56703
2022-10-22T21:00:00.000000000,300.24,297.5489
2022-10-22T22:00:00.000000000,287.26,286.16614
2022-10-22T23:00:00.000000000,281.0,276.85499
2022-10-23T00:00:00.000000000,262.38,245.88817
2022-10-23T01:00:00.000000000,245.49,242.54582
2022-10-23T02:00:00.000000000,233.69,238.64421
2022-10-23T03:00:00.000000000,223.36,236.29386
2022-10-23T04:00:00.000000000,209.85,235.12395
2022-10-23T05:00:00.000000000,200.2,234.63648
2022-10-23T06:00:00.000000000,192.33,234.44512
2022-10-23T07:00:00.000000000,188.32,234.02324
2022-10-23T08:00:00.000000000,187.77,233.55753
2022-10-23T09:00:00.000000000,186.5,232.98321
2022-10-23T10:00:00.000000000,184.91,232.38941
2022-10-23T11:00:00.000000000,182.15,232.44702
2022-10-23T12:00:00.000000000,178.04,233.06656
2022-10-23T13:00:00.000000000,175.76,232.10575
2022-10-23T14:00:00.000000000,176.54,229.37427
2022-10-23T15:00:00.000000000,177.09,226.71171
2022-10-23T16:00:00.000000000,178.61,224.47256
2022-10-23T17:00:00.000000000,192.36,221.65595
2022-10-23T18:00:00.000000000,218.84,219.18514
2022-10-23T19:00:00.000000000,230.62,218.76718
2022-10-23T20:00:00.000000000,239.61,219.9112
2022-10-23T21:00:00.000000000,248.23,221.80409
2022-10-23T22:00:00.000000000,254.51,224.34966
2022-10-23T23:00:00.000000000,255.38,228.26345
2022-10-24T00:00:00.000000000,251.72,227.3687
2022-10-24T01:00:00.000000000,247.13,226.37205
2022-10-24T02:00:00.000000000,248.94,223.35604
2022-10-24T03:00:00.000000000,246.07,221.39166
2022-10-24T04:00:00.000000000,228.69,220.08486
2022-10-24T05:00:00.000000000,208.11,218.78571
2022-10-24T06:00:00.000000000,188.5,218.20177
2022-10-24T07:00:00.000000000,179.57,218.92636
2022-10-24T08:00:00.000000000,185.59,222.35646
2022-10-24T09:00:00.000000000,186.09,226.75018
2022-10-24T10:00:00.000000000,191.9,231.39005
2022-10-24T11:00:00.000000000,199.58,236.57591
2022-10-24T12:00:00.000000000,224.6,243.46925
2022-10-24T13:00:00.000000000,260.8,249.56748
2022-10-24T14:00:00.000000000,282.28,255.65636
2022-10-24T15:00:00.000000000,299.94,263.46269
2022-10-24T16:00:00.000000000,313.37,272.39299
2022-10-24T17:00:00.000000000,291.9,281.85027
2022-10-24T18:00:00.000000000,289.15,292.05479
2022-10-24T19:00:00.000000000,318.14,303.81923
2022-10-24T20:00:00.000000000,336.16,316.79328
2022-10-24T21:00:00.000000000,346.67,330.66709
2022-10-24T22:00:00.000000000,340.38,345.09011
2022-10-24T23:00:00.000000000,332.42,359.67759
2022-10-22T00:00:00.000000000,372.84,357.04332
2022-10-22T01:00:00.000000000,359.77,339.35375
2022-10-22T02:00:00.000000000,321.34,317.45982
2022-10-22T03:00:00.000000000,296.51,294.92233
2022-10-22T04:00:00.000000000,288.01,274.952
2022-10-22T05:00:00.000000000,267.36,260.01725
2022-10-22T06:00:00.000000000,259.01,251.339
2022-10-22T07:00:00.000000000,247.71,248.38535
2022-10-22T08:00:00.000000000,238.71,250.71362
2022-10-22T09:00:00.000000000,233.2,257.06002
2022-10-22T10:00:00.000000000,232.58,265.98551
2022-10-22T11:00:00.000000000,226.94,277.18916
2022-10-22T12:00:00.000000000,219.91,290.62763
2022-10-22T13:00:00.000000000,219.8,303.91233
2022-10-22T14:00:00.000000000,226.01,316.0296
2022-10-22T15:00:00.000000000,244.81,326.64867
2022-10-22T16:00:00.000000000,274.16,334.42289
2022-10-22T17:00:00.000000000,307.73,336.48062
2022-10-22T18:00:00.000000000,319.53,331.8084
2022-10-22T19:00:00.000000000,320.93,321.74772
2022-10-22T20:00:00.000000000,308.52,308.92682
2022-10-22T21:00:00.000000000,300.24,295.82964
2022-10-22T22:00:00.000000000,287.26,284.20479
2022-10-22T23:00:00.000000000,281.0,274.54867
2022-10-23T00:00:00.000000000,262.38,246.70837
2022-10-23T01:00:00.000000000,245.49,243.35159
2022-10-23T02:00:00.000000000,233.69,239.48265
2022-10-23T03:00:00.000000000,223.36,237.1782
2022-10-23T04:00:00.000000000,209.85,236.02763
2022-10-23T05:00:00.000000000,200.2,235.54738
2022-10-23T06:00:00.000000000,192.33,235.25043
2022-10-23T07:00:00.000000000,188.32,234.58933
2022-10-23T08:00:00.000000000,187.77,233.75975
2022-10-23T09:00:00.000000000,186.5,232.72955
2022-10-23T10:00:00.000000000,184.91,231.55092
2022-10-23T11:00:00.000000000,182.15,231.01589
2022-10-23T12:00:00.000000000,178.04,231.04479
2022-10-23T13:00:00.000000000,175.76,229.46919
2022-10-23T14:00:00.000000000,176.54,226.08667
2022-10-23T15:00:00.000000000,177.09,222.78358
2022-10-23T16:00:00.000000000,178.61,220.02236
2022-10-23T17:00:00.000000000,192.36,216.84151
2022-10-23T18:00:00.000000000,218.84,214.20279
2022-10-23T19:00:00.000000000,230.62,213.84223
2022-10-23T20:00:00.000000000,239.61,215.24501
2022-10-23T21:00:00.000000000,248.23,217.4659
2022-10-23T22:00:00.000000000,254.51,220.23595
2022-10-23T23:00:00.000000000,255.38,224.26321
2022-10-24T00:00:00.000000000,251.72,233.44483
2022-10-24T01:00:00.000000000,247.13,232.7702
2022-10-24T02:00:00.000000000,248.94,229.92766
2022-10-24T03:00:00.000000000,246.07,228.02995
2022-10-24T04:00:00.000000000,228.69,226.57136
2022-10-24T05:00:00.000000000,208.11,224.80265
2022-10-24T06:00:00.000000000,188.5,223.58887
2022-10-24T07:00:00.000000000,179.57,223.71229
2022-10-24T08:00:00.000000000,185.59,226.64697
2022-10-24T09:00:00.000000000,186.09,230.41483
2022-10-24T10:00:00.000000000,191.9,234.31467
2022-10-24T11:00:00.000000000,199.58,238.73901
2022-10-24T12:00:00.000000000,224.6,245.10516
2022-10-24T13:00:00.000000000,260.8,250.96393
2022-10-24T14:00:00.000000000,282.28,257.26481
2022-10-24T15:00:00.000000000,299.94,265.72848
2022-10-24T16:00:00.000000000,313.37,275.81597
2022-10-24T17:00:00.000000000,291.9,287.0325
2022-10-24T18:00:00.000000000,289.15,299.36836
2022-10-24T19:00:00.000000000,318.14,313.59852
2022-10-24T20:00:00.000000000,336.16,329.40478
2022-10-24T21:00:00.000000000,346.67,346.44006
2022-10-24T22:00:00.000000000,340.38,363.86836
2022-10-24T23:00:00.000000000,332.42,381.07836
2022-10-25T00:00:00.000000000,360.89,392.79569
2022-10-25T01:00:00.000000000,385.71,384.49674
2022-10-25T02:00:00.000000000,381.63,375.25683
2022-10-25T03:00:00.000000000,385.12,368.24452
2022-10-25T04:00:00.000000000,363.24,362.92824
2022-10-25T05:00:00.000000000,323.93,359.20393
2022-10-25T06:00:00.000000000,308.59,357.78053
2022-10-25T07:00:00.000000000,311.33,358.43266
2022-10-25T08:00:00.000000000,300.73,362.57863
2022-10-25T09:00:00.000000000,295.62,369.18721
2022-10-25T10:00:00.000000000,303.31,377.08651
2022-10-25T11:00:00.000000000,313.12,386.22425
2022-10-25T12:00:00.000000000,326.44,398.50902
2022-10-25T13:00:00.000000000,324.94,411.83815
2022-10-25T14:00:00.000000000,309.91,425.01342
2022-10-25T15:00:00.000000000,345.74,437.34205
2022-10-25T16:00:00.000000000,400.94,447.34774
2022-10-25T17:00:00.000000000,406.93,455.59543
2022-10-25T18:00:00.000000000,383.11,461.80545
2022-10-25T19:00:00.000000000,367.58,466.15955
2022-10-25T20:00:00.000000000,374.83,469.05569
2022-10-25T21:00:00.000000000,401.01,470.84847
2022-10-25T22:00:00.000000000,435.06,471.29894
2022-10-25T23:00:00.000000000,483.49,470.47964
2022-10-23T00:00:00.000000000,262.38,256.91169
2022-10-23T01:00:00.000000000,245.49,253.40443
2022-10-23T02:00:00.000000000,233.69,249.59126
2022-10-23T03:00:00.000000000,223.36,247.38318
2022-10-23T04:00:00.000000000,209.85,246.26667
2022-10-23T05:00:00.000000000,200.2,245.80918
2022-10-23T06:00:00.000000000,192.33,245.16343
2022-10-23T07:00:00.000000000,188.32,243.77081
2022-10-23T08:00:00.000000000,187.77,241.91836
2022-10-23T09:00:00.000000000,186.5,239.63861
2022-10-23T10:00:00.000000000,184.91,236.80853
2022-10-23T11:00:00.000000000,182.15,234.58259
2022-10-23T12:00:00.000000000,178.04,232.98651
2022-10-23T13:00:00.000000000,175.76,229.71026
2022-10-23T14:00:00.000000000,176.54,224.43268
2022-10-23T15:00:00.000000000,177.09,219.10992
2022-10-23T16:00:00.000000000,178.61,214.4997
2022-10-23T17:00:00.000000000,192.36,209.84922
2022-10-23T18:00:00.000000000,218.84,206.24408
2022-10-23T19:00:00.000000000,230.62,205.5104
2022-10-23T20:00:00.000000000,239.61,207.16878
2022-10-23T21:00:00.000000000,248.23,209.98345
2022-10-23T22:00:00.000000000,254.51,213.2318
2022-10-23T23:00:00.000000000,255.38,217.5338
2022-10-24T00:00:00.000000000,251.72,205.14432
2022-10-24T01:00:00.000000000,247.13,204.69718
2022-10-24T02:00:00.000000000,248.94,203.36251
2022-10-24T03:00:00.000000000,246.07,203.93284
2022-10-24T04:00:00.000000000,228.69,205.88034
2022-10-24T05:00:00.000000000,208.11,207.61729
2022-10-24T06:00:00.000000000,188.5,208.99644
2022-10-24T07:00:00.000000000,179.57,210.43517
2022-10-24T08:00:00.000000000,185.59,213.53671
2022-10-24T09:00:00.000000000,186.09,217.49227
2022-10-24T10:00:00.000000000,191.9,222.26903
2022-10-24T11:00:00.000000000,199.58,228.53261
2022-10-24T12:00:00.000000000,224.6,236.82821
2022-10-24T13:00:00.000000000,260.8,243.84717
2022-10-24T14:00:00.000000000,282.28,249.01895
2022-10-24T15:00:00.000000000,299.94,253.34077
2022-10-24T16:00:00.000000000,313.37,256.49157
2022-10-24T17:00:00.000000000,291.9,257.90695
2022-10-24T18:00:00.000000000,289.15,258.9254
2022-10-24T19:00:00.000000000,318.14,261.34081
2022-10-24T20:00:00.000000000,336.16,265.45071
2022-10-24T21:00:00.000000000,346.67,271.53914
2022-10-24T22:00:00.000000000,340.38,280.33077
2022-10-24T23:00:00.000000000,332.42,291.72173
2022-10-25T00:00:00.000000000,360.89,301.93584
2022-10-25T01:00:00.000000000,385.71,301.38589
2022-10-25T02:00:00.000000000,381.63,299.34623
2022-10-25T03:00:00.000000000,385.12,298.68329
2022-10-25T04:00:00.000000000,363.24,298.21938
2022-10-25T05:00:00.000000000,323.93,297.1305
2022-10-25T06:00:00.000000000,308.59,296.39876
2022-10-25T07:00:00.000000000,311.33,296.48214
2022-10-25T08:00:00.000000000,300.73,299.04378
2022-10-25T09:00:00.000000000,295.62,303.31375
2022-10-25T10:00:00.000000000,303.31,309.12256
2022-10-25T11:00:00.000000000,313.12,316.71646
2022-10-25T12:00:00.000000000,326.44,327.49155
2022-10-25T13:00:00.000000000,324.94,338.95299
2022-10-25T14:00:00.000000000,309.91,350.70474
2022-10-25T15:00:00.000000000,345.74,362.97356
2022-10-25T16:00:00.000000000,400.94,374.77893
2022-10-25T17:00:00.000000000,406.93,386.82878
2022-10-25T18:00:00.000000000,383.11,399.04129
2022-10-25T19:00:00.000000000,367.58,411.53786
2022-10-25T20:00:00.000000000,374.83,423.40791
2022-10-25T21:00:00.000000000,401.01,434.0971
2022-10-25T22:00:00.000000000,435.06,442.98586
2022-10-25T23:00:00.000000000,483.49,450.23353
2022-10-26T00:00:00.000000000,530.7,460.07652
2022-10-26T01:00:00.000000000,522.53,455.20905
2022-10-26T02:00:00.000000000,516.65,450.25873
2022-10-26T03:00:00.000000000,506.86,446.32035
2022-10-26T04:00:00.000000000,513.76,442.92582
2022-10-26T05:00:00.000000000,517.48,440.03061
2022-10-26T06:00:00.000000000,526.59,437.64985
2022-10-26T07:00:00.000000000,528.47,436.00356
2022-10-26T08:00:00.000000000,524.88,436.74143
2022-10-26T09:00:00.000000000,525.57,439.89279
2022-10-26T10:00:00.000000000,512.7,444.58144
2022-10-26T11:00:00.000000000,494.02,449.47165
2022-10-26T12:00:00.000000000,472.11,455.12987
2022-10-26T13:00:00.000000000,460.91,459.50828
2022-10-26T14:00:00.000000000,448.21,461.12078
2022-10-26T15:00:00.000000000,460.87,460.2733
2022-10-26T16:00:00.000000000,480.11,456.911
2022-10-26T17:00:00.000000000,448.38,452.24753
2022-10-26T18:00:00.000000000,419.45,446.05288
2022-10-26T19:00:00.000000000,394.41,438.48406
2022-10-26T20:00:00.000000000,380.86,429.79466
2022-10-26T21:00:00.000000000,361.44,420.35235
2022-10-26T22:00:00.000000000,345.3,410.95902
2022-10-26T23:00:00.000000000,336.58,402.7182
2022-10-24T00:00:00.000000000,251.72,208.11769
2022-10-24T01:00:00.000000000,247.13,206.52782
2022-10-24T02:00:00.000000000,248.94,204.21584
2022-10-24T03:00:00.000000000,246.07,204.04495
2022-10-24T04:00:00.000000000,228.69,205.6523
2022-10-24T05:00:00.000000000,208.11,207.3677
2022-10-24T06:00:00.000000000,188.5,208.8301
2022-10-24T07:00:00.000000000,179.57,210.47798
2022-10-24T08:00:00.000000000,185.59,213.84946
2022-10-24T09:00:00.000000000,186.09,218.27245
2022-10-24T10:00:00.000000000,191.9,223.86574
2022-10-24T11:00:00.000000000,199.58,231.27257
2022-10-24T12:00:00.000000000,224.6,240.73248
2022-10-24T13:00:00.000000000,260.8,248.67734
2022-10-24T14:00:00.000000000,282.28,254.17503
2022-10-24T15:00:00.000000000,299.94,257.95571
2022-10-24T16:00:00.000000000,313.37,259.48668
2022-10-24T17:00:00.000000000,291.9,258.24022
2022-10-24T18:00:00.000000000,289.15,255.97844
2022-10-24T19:00:00.000000000,318.14,254.94579
2022-10-24T20:00:00.000000000,336.16,255.70481
2022-10-24T21:00:00.000000000,346.67,258.70343
2022-10-24T22:00:00.000000000,340.38,265.0222
2022-10-24T23:00:00.000000000,332.42,274.59155
2022-10-25T00:00:00.000000000,360.89,282.70931
2022-10-25T01:00:00.000000000,385.71,280.75675
2022-10-25T02:00:00.000000000,381.63,277.05308
2022-10-25T03:00:00.000000000,385.12,274.70656
2022-10-25T04:00:00.000000000,363.24,272.84833
2022-10-25T05:00:00.000000000,323.93,270.56064
2022-10-25T06:00:00.000000000,308.59,268.84459
2022-10-25T07:00:00.000000000,311.33,268.18252
2022-10-25T08:00:00.000000000,300.73,270.55937
2022-10-25T09:00:00.000000000,295.62,275.22753
2022-10-25T10:00:00.000000000,303.31,281.85792
2022-10-25T11:00:00.000000000,313.12,290.27909
2022-10-25T12:00:00.000000000,326.44,301.28745
2022-10-25T13:00:00.000000000,324.94,312.23316
2022-10-25T14:00:00.000000000,309.91,323.21225
2022-10-25T15:00:00.000000000,345.74,334.91721
2022-10-25T16:00:00.000000000,400.94,346.3815
2022-10-25T17:00:00.000000000,406.93,357.73081
2022-10-25T18:00:00.000000000,383.11,368.86702
2022-10-25T19:00:00.000000000,367.58,379.93248
2022-10-25T20:00:00.000000000,374.83,389.6724
2022-10-25T21:00:00.000000000,401.01,397.59301
2022-10-25T22:00:00.000000000,435.06,403.66808
2022-10-25T23:00:00.000000000,483.49,408.60415
2022-10-26T00:00:00.000000000,530.7,410.32857
2022-10-26T01:00:00.000000000,522.53,403.48895
2022-10-26T02:00:00.000000000,516.65,397.08303
2022-10-26T03:00:00.000000000,506.86,392.91196
2022-10-26T04:00:00.000000000,513.76,390.7325
2022-10-26T05:00:00.000000000,517.48,390.63024
2022-10-26T06:00:00.000000000,526.59,393.04908
2022-10-26T07:00:00.000000000,528.47,397.43359
2022-10-26T08:00:00.000000000,524.88,404.92334
2022-10-26T09:00:00.000000000,525.57,414.90424
2022-10-26T10:00:00.000000000,512.7,425.89222
2022-10-26T11:00:00.000000000,494.02,436.69168
2022-10-26T12:00:00.000000000,472.11,448.09515
2022-10-26T13:00:00.000000000,460.91,458.3416
2022-10-26T14:00:00.000000000,448.21,466.14053
2022-10-26T15:00:00.000000000,460.87,471.39493
2022-10-26T16:00:00.000000000,480.11,473.34838
2022-10-26T17:00:00.000000000,448.38,472.64178
2022-10-26T18:00:00.000000000,419.45,469.10343
2022-10-26T19:00:00.000000000,394.41,462.57719
2022-10-26T20:00:00.000000000,380.86,453.54932
2022-10-26T21:00:00.000000000,361.44,442.93263
2022-10-26T22:00:00.000000000,345.3,431.51584
2022-10-26T23:00:00.000000000,336.58,420.58169
2022-10-27T00:00:00.000000000,334.0,416.58119
2022-10-27T01:00:00.000000000,311.66,399.31188
2022-10-27T02:00:00.000000000,271.09,377.77411
2022-10-27T03:00:00.000000000,246.92,354.66189
2022-10-27T04:00:00.000000000,241.52,331.98211
2022-10-27T05:00:00.000000000,229.07,311.73681
2022-10-27T06:00:00.000000000,225.33,295.48311
2022-10-27T07:00:00.000000000,214.21,283.98989
2022-10-27T08:00:00.000000000,212.25,278.56236
2022-10-27T09:00:00.000000000,213.8,278.77597
2022-10-27T10:00:00.000000000,216.42,283.83079
2022-10-27T11:00:00.000000000,216.74,292.96741
2022-10-27T12:00:00.000000000,228.88,306.40676
2022-10-27T13:00:00.000000000,240.26,321.27857
2022-10-27T14:00:00.000000000,253.18,336.20532
2022-10-27T15:00:00.000000000,247.47,350.7632
2022-10-27T16:00:00.000000000,248.57,363.86506
2022-10-27T17:00:00.000000000,243.87,373.84194
2022-10-27T18:00:00.000000000,235.61,378.69544
2022-10-27T19:00:00.000000000,241.1,378.6278
2022-10-27T20:00:00.000000000,241.87,374.27792
2022-10-27T21:00:00.000000000,254.5,366.87147
2022-10-27T22:00:00.000000000,274.77,357.81661
2022-10-27T23:00:00.000000000,287.65,348.29997
2022-10-25T00:00:00.000000000,360.89,316.39291
2022-10-25T01:00:00.000000000,385.71,314.4505
2022-10-25T02:00:00.000000000,381.63,310.24189
2022-10-25T03:00:00.000000000,385.12,306.84568
2022-10-25T04:00:00.000000000,363.24,303.76313
2022-10-25T05:00:00.000000000,323.93,300.09505
2022-10-25T06:00:00.000000000,308.59,296.72816
2022-10-25T07:00:00.000000000,311.33,294.10477
2022-10-25T08:00:00.000000000,300.73,294.05576
2022-10-25T09:00:00.000000000,295.62,295.77377
2022-10-25T10:00:00.000000000,303.31,299.0084
2022-10-25T11:00:00.000000000,313.12,303.60238
2022-10-25T12:00:00.000000000,326.44,310.72726
2022-10-25T13:00:00.000000000,324.94,318.07337
2022-10-25T14:00:00.000000000,309.91,325.61819
2022-10-25T15:00:00.000000000,345.74,334.01068
2022-10-25T16:00:00.000000000,400.94,342.32389
2022-10-25T17:00:00.000000000,406.93,350.78077
2022-10-25T18:00:00.000000000,383.11,359.33747
2022-10-25T19:00:00.000000000,367.58,368.47872
2022-10-25T20:00:00.000000000,374.83,377.25685
2022-10-25T21:00:00.000000000,401.01,385.32985
2022-10-25T22:00:00.000000000,435.06,392.68166
2022-10-25T23:00:00.000000000,483.49,399.62219
2022-10-26T00:00:00.000000000,530.7,402.22587
2022-10-26T01:00:00.000000000,522.53,396.42516
2022-10-26T02:00:00.000000000,516.65,391.44252
2022-10-26T03:00:00.000000000,506.86,388.89163
2022-10-26T04:00:00.000000000,513.76,388.35189
2022-10-26T05:00:00.000000000,517.48,389.68627
2022-10-26T06:00:00.000000000,526.59,393.19176
2022-10-26T07:00:00.000000000,528.47,398.38482
2022-10-26T08:00:00.000000000,524.88,406.47349
2022-10-26T09:00:00.000000000,525.57,416.90786
2022-10-26T10:00:00.000000000,512.7,428.19128
2022-10-26T11:00:00.000000000,494.02,438.98273
2022-10-26T12:00:00.000000000,472.11,449.78854
2022-10-26T13:00:00.000000000,460.91,458.84278
2022-10-26T14:00:00.000000000,448.21,464.91864
2022-10-26T15:00:00.000000000,460.87,468.13485
2022-10-26T16:00:00.000000000,480.11,467.95158
2022-10-26T17:00:00.000000000,448.38,465.1354
2022-10-26T18:00:00.000000000,419.45,459.70752
2022-10-26T19:00:00.000000000,394.41,451.51095
2022-10-26T20:00:00.000000000,380.86,440.98305
2022-10-26T21:00:00.000000000,361.44,429.04653
2022-10-26T22:00:00.000000000,345.3,416.60601
2022-10-26T23:00:00.000000000,336.58,405.0716
2022-10-27T00:00:00.000000000,334.0,399.93896
2022-10-27T01:00:00.000000000,311.66,383.22709
2022-10-27T02:00:00.000000000,271.09,362.19684
2022-10-27T03:00:00.000000000,246.92,339.51923
2022-10-27T04:00:00.000000000,241.52,317.18281
2022-10-27T05:00:00.000000000,229.07,296.73714
2022-10-27T06:00:00.000000000,225.33,279.13966
2022-10-27T07:00:00.000000000,214.21,264.9068
2022-10-27T08:00:00.000000000,212.25,255.04784
2022-10-27T09:00:00.000000000,213.8,249.58275
2022-10-27T10:00:00.000000000,216.42,248.57052
2022-10-27T11:00:00.000000000,216.74,252.18868
2022-10-27T12:00:00.000000000,228.88,260.73829
2022-10-27T13:00:00.000000000,240.26,271.2167
2022-10-27T14:00:00.000000000,253.18,282.16716
2022-10-27T15:00:00.000000000,247.47,293.56797
2022-10-27T16:00:00.000000000,248.57,304.66196
2022-10-27T17:00:00.000000000,243.87,313.56561
2022-10-27T18:00:00.000000000,235.61,318.62855
2022-10-27T19:00:00.000000000,241.1,320.86353
2022-10-27T20:00:00.000000000,241.87,320.9919
2022-10-27T21:00:00.000000000,254.5,319.84946
2022-10-27T22:00:00.000000000,274.77,317.90893
2022-10-27T23:00:00.000000000,287.65,315.40621
2022-10-28T00:00:00.000000000,330.07,320.33975
2022-10-28T01:00:00.000000000,335.34,312.90671
2022-10-28T02:00:00.000000000,302.75,302.00839
2022-10-28T03:00:00.000000000,298.8,291.30534
2022-10-28T04:00:00.000000000,300.69,281.53325
2022-10-28T05:00:00.000000000,311.47,273.53979
2022-10-28T06:00:00.000000000,364.31,269.09873
2022-10-28T07:00:00.000000000,397.62,269.00505
2022-10-28T08:00:00.000000000,402.82,273.96236
2022-10-28T09:00:00.000000000,416.17,281.79567
2022-10-28T10:00:00.000000000,446.9,291.56087
2022-10-28T11:00:00.000000000,479.46,302.6452
2022-10-28T12:00:00.000000000,483.9,316.21639
2022-10-28T13:00:00.000000000,490.09,330.1436
2022-10-28T14:00:00.000000000,498.07,344.61995
2022-10-28T15:00:00.000000000,498.59,359.69198
2022-10-28T16:00:00.000000000,503.57,373.52232
2022-10-28T17:00:00.000000000,506.33,385.82737
2022-10-28T18:00:00.000000000,488.22,396.03356
2022-10-28T19:00:00.000000000,448.3,404.75186
2022-10-28T20:00:00.000000000,425.44,412.1719
2022-10-28T21:00:00.000000000,411.14,418.5958
2022-10-28T22:00:00.000000000,417.25,423.98285
2022-10-28T23:00:00.000000000,441.28,428.5551
2022-10-26T00:00:00.000000000,530.7,517.36467
2022-10-26T01:00:00.000000000,522.53,511.62928
2022-10-26T02:00:00.000000000,516.65,505.55339
2022-10-26T03:00:00.000000000,506.86,499.76904
2022-10-26T04:00:00.000000000,513.76,493.97469
2022-10-26T05:00:00.000000000,517.48,488.80329
2022-10-26T06:00:00.000000000,526.59,484.189
2022-10-26T07:00:00.000000000,528.47,480.6665
2022-10-26T08:00:00.000000000,524.88,480.12205
2022-10-26T09:00:00.000000000,525.57,482.37775
2022-10-26T10:00:00.000000000,512.7,486.23367
2022-10-26T11:00:00.000000000,494.02,489.87236
2022-10-26T12:00:00.000000000,472.11,494.19964
2022-10-26T13:00:00.000000000,460.91,497.3297
2022-10-26T14:00:00.000000000,448.21,498.27698
2022-10-26T15:00:00.000000000,460.87,497.75449
2022-10-26T16:00:00.000000000,480.11,495.5892
2022-10-26T17:00:00.000000000,448.38,493.1805
2022-10-26T18:00:00.000000000,419.45,489.2784
2022-10-26T19:00:00.000000000,394.41,483.868
2022-10-26T20:00:00.000000000,380.86,477.25225
2022-10-26T21:00:00.000000000,361.44,469.69373
2022-10-26T22:00:00.000000000,345.3,461.79638
2022-10-26T23:00:00.000000000,336.58,454.50473
2022-10-27T00:00:00.000000000,334.0,446.46248
2022-10-27T01:00:00.000000000,311.66,425.11811
2022-10-27T02:00:00.000000000,271.09,398.51322
2022-10-27T03:00:00.000000000,246.92,369.49069
2022-10-27T04:00:00.000000000,241.52,340.7611
2022-10-27T05:00:00.000000000,229.07,314.64056
2022-10-27T06:00:00.000000000,225.33,292.25304
2022-10-27T07:00:00.000000000,214.21,274.6486
2022-10-27T08:00:00.000000000,212.25,262.76372
2022-10-27T09:00:00.000000000,213.8,256.40409
2022-10-27T10:00:00.000000000,216.42,255.48832
2022-10-27T11:00:00.000000000,216.74,259.7318
2022-10-27T12:00:00.000000000,228.88,269.328
2022-10-27T13:00:00.000000000,240.26,281.09821
2022-10-27T14:00:00.000000000,253.18,293.26014
2022-10-27T15:00:00.000000000,247.47,305.51577
2022-10-27T16:00:00.000000000,248.57,317.09234
2022-10-27T17:00:00.000000000,243.87,326.02021
2022-10-27T18:00:00.000000000,235.61,330.12757
2022-10-27T19:00:00.000000000,241.1,330.48266
2022-10-27T20:00:00.000000000,241.87,328.19539
2022-10-27T21:00:00.000000000,254.5,324.32251
2022-10-27T22:00:00.000000000,274.77,319.58496
2022-10-27T23:00:00.000000000,287.65,314.15216
2022-10-28T00:00:00.000000000,330.07,310.99266
2022-10-28T01:00:00.000000000,335.34,305.24626
2022-10-28T02:00:00.000000000,302.75,296.98958
2022-10-28T03:00:00.000000000,298.8,289.4226
2022-10-28T04:00:00.000000000,300.69,282.69344
2022-10-28T05:00:00.000000000,311.47,277.39356
2022-10-28T06:00:00.000000000,364.31,274.96512
2022-10-28T07:00:00.000000000,397.62,275.76128
2022-10-28T08:00:00.000000000,402.82,280.70887
2022-10-28T09:00:00.000000000,416.17,288.44669
2022-10-28T10:00:00.000000000,446.9,298.21304
2022-10-28T11:00:00.000000000,479.46,309.57348
2022-10-28T12:00:00.000000000,483.9,323.53289
2022-10-28T13:00:00.000000000,490.09,337.80654
2022-10-28T14:00:00.000000000,498.07,352.26236
2022-10-28T15:00:00.000000000,498.59,366.95218
2022-10-28T16:00:00.000000000,503.57,380.39234
2022-10-28T17:00:00.000000000,506.33,392.47544
2022-10-28T18:00:00.000000000,488.22,402.68051
2022-10-28T19:00:00.000000000,448.3,411.21977
2022-10-28T20:00:00.000000000,425.44,417.76278
2022-10-28T21:00:00.000000000,411.14,422.29678
2022-10-28T22:00:00.000000000,417.25,424.86504
2022-10-28T23:00:00.000000000,441.28,426.16752
2022-10-29T00:00:00.000000000,475.78,415.44029
2022-10-29T01:00:00.000000000,481.26,407.38866
2022-10-29T02:00:00.000000000,485.65,399.2194
2022-10-29T03:00:00.000000000,478.57,393.22858
2022-10-29T04:00:00.000000000,472.54,389.22658
2022-10-29T05:00:00.000000000,460.13,387.6061
2022-10-29T06:00:00.000000000,461.09,388.84287
2022-10-29T07:00:00.000000000,467.94,392.17031
2022-10-29T08:00:00.000000000,472.51,398.54325
2022-10-29T09:00:00.000000000,468.59,407.16154
2022-10-29T10:00:00.000000000,472.81,416.54747
2022-10-29T11:00:00.000000000,472.63,426.21502
2022-10-29T12:00:00.000000000,468.53,437.74566
2022-10-29T13:00:00.000000000,473.69,449.40312
2022-10-29T14:00:00.000000000,478.62,459.83456
2022-10-29T15:00:00.000000000,493.16,468.58695
2022-10-29T16:00:00.000000000,536.24,474.42933
2022-10-29T17:00:00.000000000,561.27,477.80625
2022-10-29T18:00:00.000000000,540.64,478.29852
2022-10-29T19:00:00.000000000,530.48,475.91191
2022-10-29T20:00:00.000000000,519.73,471.33372
2022-10-29T21:00:00.000000000,510.72,465.3041
2022-10-29T22:00:00.000000000,516.49,458.13393
2022-10-29T23:00:00.000000000,526.56,450.56908
2022-10-27T00:00:00.000000000,334.0,350.11931
2022-10-27T01:00:00.000000000,311.66,336.43988
2022-10-27T02:00:00.000000000,271.09,319.77717
2022-10-27T03:00:00.000000000,246.92,302.18742
2022-10-27T04:00:00.000000000,241.52,284.95198
2022-10-27T05:00:00.000000000,229.07,269.06135
2022-10-27T06:00:00.000000000,225.33,255.31136
2022-10-27T07:00:00.000000000,214.21,243.80415
2022-10-27T08:00:00.000000000,212.25,235.76574
2022-10-27T09:00:00.000000000,213.8,231.45775
2022-10-27T10:00:00.000000000,216.42,231.12537
2022-10-27T11:00:00.000000000,216.74,235.35017
2022-10-27T12:00:00.000000000,228.88,244.44086
2022-10-27T13:00:00.000000000,240.26,255.57578
2022-10-27T14:00:00.000000000,253.18,267.57783
2022-10-27T15:00:00.000000000,247.47,280.6305
2022-10-27T16:00:00.000000000,248.57,293.82965
2022-10-27T17:00:00.000000000,243.87,304.84026
2022-10-27T18:00:00.000000000,235.61,311.90297
2022-10-27T19:00:00.000000000,241.1,315.56962
2022-10-27T20:00:00.000000000,241.87,316.2388
2022-10-27T21:00:00.000000000,254.5,314.95104
2022-10-27T22:00:00.000000000,274.77,312.65449
2022-10-27T23:00:00.000000000,287.65,310.04355
2022-10-28T00:00:00.000000000,330.07,323.64076
2022-10-28T01:00:00.000000000,335.34,316.04503
2022-10-28T02:00:00.000000000,302.75,305.16862
2022-10-28T03:00:00.000000000,298.8,294.64196
2022-10-28T04:00:00.000000000,300.69,285.11251
2022-10-28T05:00:00.000000000,311.47,277.46742
2022-10-28T06:00:00.000000000,364.31,273.46581
2022-10-28T07:00:00.000000000,397.62,273.70173
2022-10-28T08:00:00.000000000,402.82,279.00612
2022-10-28T09:00:00.000000000,416.17,287.54546
2022-10-28T10:00:00.000000000,446.9,298.3346
2022-10-28T11:00:00.000000000,479.46,310.76663
2022-10-28T12:00:00.000000000,483.9,325.93756
2022-10-28T13:00:00.000000000,490.09,341.55545
2022-10-28T14:00:00.000000000,498.07,357.47966
2022-10-28T15:00:00.000000000,498.59,373.52067
2022-10-28T16:00:00.000000000,503.57,387.94327
2022-10-28T17:00:00.000000000,506.33,400.49416
2022-10-28T18:00:00.000000000,488.22,410.56898
2022-10-28T19:00:00.000000000,448.3,418.53402
2022-10-28T20:00:00.000000000,425.44,424.53306
2022-10-28T21:00:00.000000000,411.14,428.91859
2022-10-28T22:00:00.000000000,417.25,431.82544
2022-10-28T23:00:00.000000000,441.28,433.70664
2022-10-29T00:00:00.000000000,475.78,432.48748
2022-10-29T01:00:00.000000000,481.26,423.74839
2022-10-29T02:00:00.000000000,485.65,414.06439
2022-10-29T03:00:00.000000000,478.57,405.90194
2022-10-29T04:00:00.000000000,472.54,399.32583
2022-10-29T05:00:00.000000000,460.13,395.09258
2022-10-29T06:00:00.000000000,461.09,393.94901
2022-10-29T07:00:00.000000000,467.94,395.20072
2022-10-29T08:00:00.000000000,472.51,399.74549
2022-10-29T09:00:00.000000000,468.59,406.84219
2022-10-29T10:00:00.000000000,472.81,415.2022
2022-10-29T11:00:00.000000000,472.63,424.46198
2022-10-29T12:00:00.000000000,468.53,436.60985
2022-10-29T13:00:00.000000000,473.69,449.84963
2022-10-29T14:00:00.000000000,478.62,462.77388
2022-10-29T15:00:00.000000000,493.16,474.64651
2022-10-29T16:00:00.000000000,536.24,484.05221
2022-10-29T17:00:00.000000000,561.27,491.47562
2022-10-29T18:00:00.000000000,540.64,496.0978
2022-10-29T19:00:00.000000000,530.48,497.92201
2022-10-29T20:00:00.000000000,519.73,497.37675
2022-10-29T21:00:00.000000000,510.72,494.91456
2022-10-29T22:00:00.000000000,516.49,490.5284
2022-10-29T23:00:00.000000000,526.56,484.75992
2022-10-30T00:00:00.000000000,542.14,482.77085
2022-10-30T01:00:00.000000000,531.64,474.47914
2022-10-30T02:00:00.000000000,514.61,464.72322
2022-10-30T03:00:00.000000000,519.33,455.26711
2022-10-30T04:00:00.000000000,529.92,446.46807
2022-10-30T05:00:00.000000000,554.68,439.52961
2022-10-30T06:00:00.000000000,582.73,435.41605
2022-10-30T07:00:00.000000000,589.75,433.94305
2022-10-30T08:00:00.000000000,591.36,436.18657
2022-10-30T09:00:00.000000000,591.45,441.55618
2022-10-30T10:00:00.000000000,573.83,448.84238
2022-10-30T11:00:00.000000000,558.2,456.98328
2022-10-30T12:00:00.000000000,529.08,467.95899
2022-10-30T13:00:00.000000000,519.85,480.00305
2022-10-30T14:00:00.000000000,513.02,491.58571
2022-10-30T15:00:00.000000000,530.38,502.03605
2022-10-30T16:00:00.000000000,572.32,510.13068
2022-10-30T17:00:00.000000000,596.02,516.81923
2022-10-30T18:00:00.000000000,586.44,520.91313
2022-10-30T19:00:00.000000000,571.2,522.31235
2022-10-30T20:00:00.000000000,579.22,521.15506
2022-10-30T21:00:00.000000000,592.71,517.79219
2022-10-30T22:00:00.000000000,598.21,512.62469
2022-10-30T23:00:00.000000000,600.27,506.33954
2022-10-28T00:00:00.000000000,330.07,322.52184
2022-10-28T01:00:00.000000000,335.34,315.86964
2022-10-28T02:00:00.000000000,302.75,306.23308
2022-10-28T03:00:00.000000000,298.8,296.81818
2022-10-28T04:00:00.000000000,300.69,288.18485
2022-10-28T05:00:00.000000000,311.47,281.24534
2022-10-28T06:00:00.000000000,364.31,277.64503
2022-10-28T07:00:00.000000000,397.62,277.79199
2022-10-28T08:00:00.000000000,402.82,282.55731
2022-10-28T09:00:00.000000000,416.17,290.488
2022-10-28T10:00:00.000000000,446.9,300.764
2022-10-28T11:00:00.000000000,479.46,312.95897
2022-10-28T12:00:00.000000000,483.9,328.1827
2022-10-28T13:00:00.000000000,490.09,344.08623
2022-10-28T14:00:00.000000000,498.07,360.31366
2022-10-28T15:00:00.000000000,498.59,376.5958
2022-10-28T16:00:00.000000000,503.57,391.37489
2022-10-28T17:00:00.000000000,506.33,404.27804
2022-10-28T18:00:00.000000000,488.22,414.49467
2022-10-28T19:00:00.000000000,448.3,422.19077
2022-10-28T20:00:00.000000000,425.44,427.40477
2022-10-28T21:00:00.000000000,411.14,430.50513
2022-10-28T22:00:00.000000000,417.25,431.81298
2022-10-28T23:00:00.000000000,441.28,432.10794
2022-10-29T00:00:00.000000000,475.78,418.45909
2022-10-29T01:00:00.000000000,481.26,409.91065
2022-10-29T02:00:00.000000000,485.65,400.34431
2022-10-29T03:00:00.000000000,478.57,392.32304
2022-10-29T04:00:00.000000000,472.54,385.66897
2022-10-29T05:00:00.000000000,460.13,380.87918
2022-10-29T06:00:00.000000000,461.09,378.62561
2022-10-29T07:00:00.000000000,467.94,378.37135
2022-10-29T08:00:00.000000000,472.51,381.37826
2022-10-29T09:00:00.000000000,468.59,387.18737
2022-10-29T10:00:00.000000000,472.81,394.64346
2022-10-29T11:00:00.000000000,472.63,403.53153
2022-10-29T12:00:00.000000000,468.53,415.34286
2022-10-29T13:00:00.000000000,473.69,428.03
2022-10-29T14:00:00.000000000,478.62,440.33568
2022-10-29T15:00:00.000000000,493.16,451.69951
2022-10-29T16:00:00.000000000,536.24,460.7831
2022-10-29T17:00:00.000000000,561.27,467.98623
2022-10-29T18:00:00.000000000,540.64,472.63833
2022-10-29T19:00:00.000000000,530.48,474.74238
2022-10-29T20:00:00.000000000,519.73,474.67688
2022-10-29T21:00:00.000000000,510.72,472.82787
2022-10-29T22:00:00.000000000,516.49,469.02722
2022-10-29T23:00:00.000000000,526.56,463.88282
2022-10-30T00:00:00.000000000,542.14,461.54101
2022-10-30T01:00:00.000000000,531.64,453.89739
2022-10-30T02:00:00.000000000,514.61,445.5051
2022-10-30T03:00:00.000000000,519.33,438.13936
2022-10-30T04:00:00.000000000,529.92,431.95134
2022-10-30T05:00:00.000000000,554.68,427.84862
2022-10-30T06:00:00.000000000,582.73,426.64938
2022-10-30T07:00:00.000000000,589.75,427.84181
2022-10-30T08:00:00.000000000,591.36,432.36494
2022-10-30T09:00:00.000000000,591.45,439.50467
2022-10-30T10:00:00.000000000,573.83,447.91833
2022-10-30T11:00:00.000000000,558.2,456.55618
2022-10-30T12:00:00.000000000,529.08,467.28668
2022-10-30T13:00:00.000000000,519.85,478.54817
2022-10-30T14:00:00.000000000,513.02,489.02176
2022-10-30T15:00:00.000000000,530.38,498.29804
2022-10-30T16:00:00.000000000,572.32,505.11537
2022-10-30T17:00:00.000000000,596.02,510.38369
2022-10-30T18:00:00.000000000,586.44,513.20763
2022-10-30T19:00:00.000000000,571.2,513.4499
2022-10-30T20:00:00.000000000,579.22,511.1903
2022-10-30T21:00:00.000000000,592.71,506.83337
2022-10-30T22:00:00.000000000,598.21,500.75805
2022-10-30T23:00:00.000000000,600.27,493.7324
2022-10-31T00:00:00.000000000,600.25,470.98493
2022-10-31T01:00:00.000000000,594.22,459.85691
2022-10-31T02:00:00.000000000,585.49,445.32512
2022-10-31T03:00:00.000000000,591.22,429.5202
2022-10-31T04:00:00.000000000,602.64,413.45029
2022-10-31T05:00:00.000000000,612.12,398.79125
2022-10-31T06:00:00.000000000,606.3,386.90436
2022-10-31T07:00:00.000000000,604.56,378.13421
2022-10-31T08:00:00.000000000,597.73,374.05015
2022-10-31T09:00:00.000000000,587.15,374.61849
2022-10-31T10:00:00.000000000,571.16,378.932
2022-10-31T11:00:00.000000000,549.95,386.07411
2022-10-31T12:00:00.000000000,545.47,397.05741
2022-10-31T13:00:00.000000000,542.04,409.37632
2022-10-31T14:00:00.000000000,549.24,421.51564
2022-10-31T15:00:00.000000000,562.11,432.92121
2022-10-31T16:00:00.000000000,590.53,442.63224
2022-10-31T17:00:00.000000000,597.0,450.57136
2022-10-31T18:00:00.000000000,581.23,455.20119
2022-10-31T19:00:00.000000000,560.97,456.5605
2022-10-31T20:00:00.000000000,539.79,455.08177
2022-10-31T21:00:00.000000000,524.65,451.32252
2022-10-31T22:00:00.000000000,519.14,445.85997
2022-10-31T23:00:00.000000000,517.91,439.62094
2022-10-29T00:00:00.000000000,475.78,453.05429
2022-10-29T01:00:00.000000000,481.26,444.20382
2022-10-29T02:00:00.000000000,485.65,434.0908
2022-10-29T03:00:00.000000000,478.57,424.86252
2022-10-29T04:00:00.000000000,472.54,416.61768
2022-10-29T05:00:00.000000000,460.13,410.28221
2022-10-29T06:00:00.000000000,461.09,406.47754
2022-10-29T07:00:00.000000000,467.94,404.8987
2022-10-29T08:00:00.000000000,472.51,406.82323
2022-10-29T09:00:00.000000000,468.59,411.80605
2022-10-29T10:00:00.000000000,472.81,418.58512
2022-10-29T11:00:00.000000000,472.63,426.61221
2022-10-29T12:00:00.000000000,468.53,437.33986
2022-10-29T13:00:00.000000000,473.69,448.72866
2022-10-29T14:00:00.000000000,478.62,459.49517
2022-10-29T15:00:00.000000000,493.16,469.22501
2022-10-29T16:00:00.000000000,536.24,476.73556
2022-10-29T17:00:00.000000000,561.27,482.55316
2022-10-29T18:00:00.000000000,540.64,485.67422
2022-10-29T19:00:00.000000000,530.48,486.16604
2022-10-29T20:00:00.000000000,519.73,484.61235
2022-10-29T21:00:00.000000000,510.72,481.48808
2022-10-29T22:00:00.000000000,516.49,476.77025
2022-10-29T23:00:00.000000000,526.56,471.07747
2022-10-30T00:00:00.000000000,542.14,466.32741
2022-10-30T01:00:00.000000000,531.64,459.00403
2022-10-30T02:00:00.000000000,514.61,450.8325
2022-10-30T03:00:00.000000000,519.33,443.52038
2022-10-30T04:00:00.000000000,529.92,437.12829
2022-10-30T05:00:00.000000000,554.68,432.5255
2022-10-30T06:00:00.000000000,582.73,430.4772
2022-10-30T07:00:00.000000000,589.75,430.51266
2022-10-30T08:00:00.000000000,591.36,433.70105
2022-10-30T09:00:00.000000000,591.45,439.496
2022-10-30T10:00:00.000000000,573.83,446.70943
2022-10-30T11:00:00.000000000,558.2,454.38117
2022-10-30T12:00:00.000000000,529.08,464.36027
2022-10-30T13:00:00.000000000,519.85,475.02056
2022-10-30T14:00:00.000000000,513.02,485.07585
2022-10-30T15:00:00.000000000,530.38,494.1742
2022-10-30T16:00:00.000000000,572.32,501.07746
2022-10-30T17:00:00.000000000,596.02,506.73855
2022-10-30T18:00:00.000000000,586.44,510.19144
2022-10-30T19:00:00.000000000,571.2,511.30729
2022-10-30T20:00:00.000000000,579.22,510.07793
2022-10-30T21:00:00.000000000,592.71,506.78725
2022-10-30T22:00:00.000000000,598.21,501.68345
2022-10-30T23:00:00.000000000,600.27,495.49894
2022-10-31T00:00:00.000000000,600.25,474.42399
2022-10-31T01:00:00.000000000,594.22,464.42871
2022-10-31T02:00:00.000000000,585.49,452.08877
2022-10-31T03:00:00.000000000,591.22,439.26142
2022-10-31T04:00:00.000000000,602.64,426.46332
2022-10-31T05:00:00.000000000,612.12,414.88312
2022-10-31T06:00:00.000000000,606.3,405.49572
2022-10-31T07:00:00.000000000,604.56,398.52336
2022-10-31T08:00:00.000000000,597.73,395.67112
2022-10-31T09:00:00.000000000,587.15,396.99797
2022-10-31T10:00:00.000000000,571.16,401.56055
2022-10-31T11:00:00.000000000,549.95,408.32477
2022-10-31T12:00:00.000000000,545.47,418.25163
2022-10-31T13:00:00.000000000,542.04,428.97029
2022-10-31T14:00:00.000000000,549.24,438.96061
2022-10-31T15:00:00.000000000,562.11,447.85702
2022-10-31T16:00:00.000000000,590.53,454.90197
2022-10-31T17:00:00.000000000,597.0,460.37655
2022-10-31T18:00:00.000000000,581.23,462.99622
2022-10-31T19:00:00.000000000,560.97,462.69592
2022-10-31T20:00:00.000000000,539.79,459.77221
2022-10-31T21:00:00.000000000,524.65,454.67564
2022-10-31T22:00:00.000000000,519.14,447.95712
2022-10-31T23:00:00.000000000,517.91,440.63015
2022-11-01T00:00:00.000000000,498.03,409.79204
2022-11-01T01:00:00.000000000,438.25,401.2701
2022-11-01T02:00:00.000000000,382.52,391.66946
2022-11-01T03:00:00.000000000,350.24,382.76689
2022-11-01T04:00:00.000000000,312.27,375.18601
2022-11-01T05:00:00.000000000,284.82,369.98983
2022-11-01T06:00:00.000000000,262.44,367.98334
2022-11-01T07:00:00.000000000,253.42,369.22238
2022-11-01T08:00:00.000000000,254.61,374.50711
2022-11-01T09:00:00.000000000,256.05,383.02629
2022-11-01T10:00:00.000000000,251.7,393.15761
2022-11-01T11:00:00.000000000,263.33,403.53219
2022-11-01T12:00:00.000000000,279.93,414.4625
2022-11-01T13:00:00.000000000,302.98,423.84053
2022-11-01T14:00:00.000000000,331.47,430.29833
2022-11-01T15:00:00.000000000,351.08,433.90158
2022-11-01T16:00:00.000000000,408.11,434.10931
2022-11-01T17:00:00.000000000,421.81,430.86229
2022-11-01T18:00:00.000000000,401.75,423.74544
2022-11-01T19:00:00.000000000,367.46,413.336
2022-11-01T20:00:00.000000000,332.94,400.80585
2022-11-01T21:00:00.000000000,302.89,387.4621
2022-11-01T22:00:00.000000000,276.68,374.77377
2022-11-01T23:00:00.000000000,269.83,364.13372
2022-10-30T00:00:00.000000000,542.14,532.97141
2022-10-30T01:00:00.000000000,531.64,528.81629
2022-10-30T02:00:00.000000000,514.61,523.84935
2022-10-30T03:00:00.000000000,519.33,518.68368
2022-10-30T04:00:00.000000000,529.92,513.2434
2022-10-30T05:00:00.000000000,554.68,508.69243
2022-10-30T06:00:00.000000000,582.73,505.3207
2022-10-30T07:00:00.000000000,589.75,503.43107
2022-10-30T08:00:00.000000000,591.36,504.36685
2022-10-30T09:00:00.000000000,591.45,507.41833
2022-10-30T10:00:00.000000000,573.83,511.42713
2022-10-30T11:00:00.000000000,558.2,514.7345
2022-10-30T12:00:00.000000000,529.08,519.30999
2022-10-30T13:00:00.000000000,519.85,523.79435
2022-10-30T14:00:00.000000000,513.02,527.43433
2022-10-30T15:00:00.000000000,530.38,530.63328
2022-10-30T16:00:00.000000000,572.32,532.47217
2022-10-30T17:00:00.000000000,596.02,534.72274
2022-10-30T18:00:00.000000000,586.44,535.75397
2022-10-30T19:00:00.000000000,571.2,535.37281
2022-10-30T20:00:00.000000000,579.22,533.56942
2022-10-30T21:00:00.000000000,592.71,530.39555
2022-10-30T22:00:00.000000000,598.21,526.26552
2022-10-30T23:00:00.000000000,600.27,521.81797
2022-10-31T00:00:00.000000000,600.25,502.76987
2022-10-31T01:00:00.000000000,594.22,494.59371
2022-10-31T02:00:00.000000000,585.49,484.41966
2022-10-31T03:00:00.000000000,591.22,473.68558
2022-10-31T04:00:00.000000000,602.64,462.59777
2022-10-31T05:00:00.000000000,612.12,452.28399
2022-10-31T06:00:00.000000000,606.3,443.32435
2022-10-31T07:00:00.000000000,604.56,436.01361
2022-10-31T08:00:00.000000000,597.73,432.21773
2022-10-31T09:00:00.000000000,587.15,432.02863
2022-10-31T10:00:00.000000000,571.16,434.58823
2022-10-31T11:00:00.000000000,549.95,438.90843
2022-10-31T12:00:00.000000000,545.47,446.36284
2022-10-31T13:00:00.000000000,542.04,454.76464
2022-10-31T14:00:00.000000000,549.24,462.86695
2022-10-31T15:00:00.000000000,562.11,470.51693
2022-10-31T16:00:00.000000000,590.53,476.9534
2022-10-31T17:00:00.000000000,597.0,482.86582
2022-10-31T18:00:00.000000000,581.23,486.59692
2022-10-31T19:00:00.000000000,560.97,487.9719
2022-10-31T20:00:00.000000000,539.79,487.17051
2022-10-31T21:00:00.000000000,524.65,484.34359
2022-10-31T22:00:00.000000000,519.14,479.74197
2022-10-31T23:00:00.000000000,517.91,474.20699
2022-11-01T00:00:00.000000000,498.03,446.30568
2022-11-01T01:00:00.000000000,438.25,437.95719
2022-11-01T02:00:00.000000000,382.52,427.93179
2022-11-01T03:00:00.000000000,350.24,417.62551
2022-11-01T04:00:00.000000000,312.27,407.66603
2022-11-01T05:00:00.000000000,284.82,399.24169
2022-11-01T06:00:00.000000000,262.44,393.0733
2022-11-01T07:00:00.000000000,253.42,389.75576
2022-11-01T08:00:00.000000000,254.61,390.4704
2022-11-01T09:00:00.000000000,256.05,394.84023
2022-11-01T10:00:00.000000000,251.7,401.58198
2022-11-01T11:00:00.000000000,263.33,409.19292
2022-11-01T12:00:00.000000000,279.93,417.88803
2022-11-01T13:00:00.000000000,302.98,425.34999
2022-11-01T14:00:00.000000000,331.47,430.03707
2022-11-01T15:00:00.000000000,351.08,432.08444
2022-11-01T16:00:00.000000000,408.11,431.16882
2022-11-01T17:00:00.000000000,421.81,427.50109
2022-11-01T18:00:00.000000000,401.75,420.39235
2022-11-01T19:00:00.000000000,367.46,410.53564
2022-11-01T20:00:00.000000000,332.94,398.9561
2022-11-01T21:00:00.000000000,302.89,386.68877
2022-11-01T22:00:00.000000000,276.68,375.20639
2022-11-01T23:00:00.000000000,269.83,365.82941
2022-11-02T00:00:00.000000000,254.99,329.90309
2022-11-02T01:00:00.000000000,232.87,319.34597
2022-11-02T02:00:00.000000000,205.63,306.76673
2022-11-02T03:00:00.000000000,196.72,294.80132
2022-11-02T04:00:00.000000000,176.66,284.47262
2022-11-02T05:00:00.000000000,165.19,276.29777
2022-11-02T06:00:00.000000000,157.63,270.35978
2022-11-02T07:00:00.000000000,151.3,266.3224
2022-11-02T08:00:00.000000000,145.62,264.38378
2022-11-02T09:00:00.000000000,139.78,264.2987
2022-11-02T10:00:00.000000000,140.55,265.89063
2022-11-02T11:00:00.000000000,147.07,269.34476
2022-11-02T12:00:00.000000000,157.46,274.69978
2022-11-02T13:00:00.000000000,168.06,279.60033
2022-11-02T14:00:00.000000000,166.51,283.14058
2022-11-02T15:00:00.000000000,179.98,286.00318
2022-11-02T16:00:00.000000000,182.53,287.78713
2022-11-02T17:00:00.000000000,172.87,286.88153
2022-11-02T18:00:00.000000000,175.31,283.18621
2022-11-02T19:00:00.000000000,185.17,278.28612
2022-11-02T20:00:00.000000000,180.2,272.79859
2022-11-02T21:00:00.000000000,175.26,267.18941
2022-11-02T22:00:00.000000000,169.96,262.37541
2022-11-02T23:00:00.000000000,166.2,259.07446
2022-10-31T00:00:00.000000000,600.25,578.24178
2022-10-31T01:00:00.000000000,594.22,574.14403
2022-10-31T02:00:00.000000000,585.49,568.86479
2022-10-31T03:00:00.000000000,591.22,562.23866
2022-10-31T04:00:00.000000000,602.64,553.79263
2022-10-31T05:00:00.000000000,612.12,544.5351
2022-10-31T06:00:00.000000000,606.3,534.03156
2022-10-31T07:00:00.000000000,604.56,523.52601
2022-10-31T08:00:00.000000000,597.73,515.79135
2022-10-31T09:00:00.000000000,587.15,511.36445
2022-10-31T10:00:00.000000000,571.16,509.65524
2022-10-31T11:00:00.000000000,549.95,508.97235
2022-10-31T12:00:00.000000000,545.47,510.67528
2022-10-31T13:00:00.000000000,542.04,512.53671
2022-10-31T14:00:00.000000000,549.24,513.65928
2022-10-31T15:00:00.000000000,562.11,514.76363
2022-10-31T16:00:00.000000000,590.53,515.80042
2022-10-31T17:00:00.000000000,597.0,518.53023
2022-10-31T18:00:00.000000000,581.23,520.30338
2022-10-31T19:00:00.000000000,560.97,520.89437
2022-10-31T20:00:00.000000000,539.79,520.41953
2022-10-31T21:00:00.000000000,524.65,518.70598
2022-10-31T22:00:00.000000000,519.14,515.99389
2022-10-31T23:00:00.000000000,517.91,513.07444
2022-11-01T00:00:00.000000000,498.03,490.06989
2022-11-01T01:00:00.000000000,438.25,481.40581
2022-11-01T02:00:00.000000000,382.52,471.20442
2022-11-01T03:00:00.000000000,350.24,460.58845
2022-11-01T04:00:00.000000000,312.27,449.9542
2022-11-01T05:00:00.000000000,284.82,440.35779
2022-11-01T06:00:00.000000000,262.44,432.33064
2022-11-01T07:00:00.000000000,253.42,426.703
2022-11-01T08:00:00.000000000,254.61,425.17026
2022-11-01T09:00:00.000000000,256.05,427.67641
2022-11-01T10:00:00.000000000,251.7,432.98329
2022-11-01T11:00:00.000000000,263.33,439.26562
2022-11-01T12:00:00.000000000,279.93,446.73257
2022-11-01T13:00:00.000000000,302.98,452.9926
2022-11-01T14:00:00.000000000,331.47,456.40465
2022-11-01T15:00:00.000000000,351.08,457.2049
2022-11-01T16:00:00.000000000,408.11,455.30105
2022-11-01T17:00:00.000000000,421.81,451.4174
2022-11-01T18:00:00.000000000,401.75,444.69924
2022-11-01T19:00:00.000000000,367.46,435.61802
2022-11-01T20:00:00.000000000,332.94,424.99788
2022-11-01T21:00:00.000000000,302.89,413.63543
2022-11-01T22:00:00.000000000,276.68,402.76969
2022-11-01T23:00:00.000000000,269.83,393.53859
2022-11-02T00:00:00.000000000,254.99,350.692
2022-11-02T01:00:00.000000000,232.87,337.5218
2022-11-02T02:00:00.000000000,205.63,322.06279
2022-11-02T03:00:00.000000000,196.72,307.31408
2022-11-02T04:00:00.000000000,176.66,294.999
2022-11-02T05:00:00.000000000,165.19,286.10907
2022-11-02T06:00:00.000000000,157.63,281.01169
2022-11-02T07:00:00.000000000,151.3,278.99257
2022-11-02T08:00:00.000000000,145.62,280.03937
2022-11-02T09:00:00.000000000,139.78,283.56549
2022-11-02T10:00:00.000000000,140.55,288.82278
2022-11-02T11:00:00.000000000,147.07,295.87668
2022-11-02T12:00:00.000000000,157.46,304.87815
2022-11-02T13:00:00.000000000,168.06,313.52279
2022-11-02T14:00:00.000000000,166.51,320.64736
2022-11-02T15:00:00.000000000,179.98,326.19147
2022-11-02T16:00:00.000000000,182.53,329.2497
2022-11-02T17:00:00.000000000,172.87,327.7664
2022-11-02T18:00:00.000000000,175.31,321.49095
2022-11-02T19:00:00.000000000,185.17,311.96118
2022-11-02T20:00:00.000000000,180.2,300.76289
2022-11-02T21:00:00.000000000,175.26,289.34619
2022-11-02T22:00:00.000000000,169.96,279.18384
2022-11-02T23:00:00.000000000,166.2,271.10556
2022-11-03T00:00:00.000000000,167.92,242.39286
2022-11-03T01:00:00.000000000,160.65,239.19519
2022-11-03T02:00:00.000000000,140.15,235.68237
2022-11-03T03:00:00.000000000,133.63,233.98635
2022-11-03T04:00:00.000000000,132.71,233.78183
2022-11-03T05:00:00.000000000,136.54,234.35164
2022-11-03T06:00:00.000000000,143.49,235.37846
2022-11-03T07:00:00.000000000,137.12,236.34629
2022-11-03T08:00:00.000000000,135.83,237.65971
2022-11-03T09:00:00.000000000,144.05,239.17736
2022-11-03T10:00:00.000000000,156.98,241.00128
2022-11-03T11:00:00.000000000,172.8,243.56199
2022-11-03T12:00:00.000000000,166.01,246.8124
2022-11-03T13:00:00.000000000,166.9,248.50645
2022-11-03T14:00:00.000000000,176.09,248.29262
2022-11-03T15:00:00.000000000,171.46,247.69168
2022-11-03T16:00:00.000000000,164.94,246.67166
2022-11-03T17:00:00.000000000,165.8,244.23965
2022-11-03T18:00:00.000000000,164.37,241.3804
2022-11-03T19:00:00.000000000,162.75,239.7568
2022-11-03T20:00:00.000000000,162.36,239.08844
2022-11-03T21:00:00.000000000,161.38,239.10614
2022-11-03T22:00:00.000000000,154.74,240.35628
2022-11-03T23:00:00.000000000,154.84,243.56203
2022-11-01T00:00:00.000000000,498.03,501.15542
2022-11-01T01:00:00.000000000,438.25,493.23634
2022-11-01T02:00:00.000000000,382.52,484.52315
2022-11-01T03:00:00.000000000,350.24,475.94581
2022-11-01T04:00:00.000000000,312.27,467.55193
2022-11-01T05:00:00.000000000,284.82,460.07838
2022-11-01T06:00:00.000000000,262.44,453.75339
2022-11-01T07:00:00.000000000,253.42,449.3636
2022-11-01T08:00:00.000000000,254.61,448.82605
2022-11-01T09:00:00.000000000,256.05,452.06237
2022-11-01T10:00:00.000000000,251.7,457.69801
2022-11-01T11:00:00.000000000,263.33,463.72577
2022-11-01T12:00:00.000000000,279.93,470.37774
2022-11-01T13:00:00.000000000,302.98,475.36145
2022-11-01T14:00:00.000000000,331.47,477.23812
2022-11-01T15:00:00.000000000,351.08,476.49194
2022-11-01T16:00:00.000000000,408.11,473.20531
2022-11-01T17:00:00.000000000,421.81,468.37421
2022-11-01T18:00:00.000000000,401.75,461.09659
2022-11-01T19:00:00.000000000,367.46,451.5947
2022-11-01T20:00:00.000000000,332.94,440.62481
2022-11-01T21:00:00.000000000,302.89,428.91126
2022-11-01T22:00:00.000000000,276.68,417.54572
2022-11-01T23:00:00.000000000,269.83,407.6506
2022-11-02T00:00:00.000000000,254.99,371.4863
2022-11-02T01:00:00.000000000,232.87,355.09823
2022-11-02T02:00:00.000000000,205.63,335.22548
2022-11-02T03:00:00.000000000,196.72,315.088
2022-11-02T04:00:00.000000000,176.66,297.02782
2022-11-02T05:00:00.000000000,165.19,282.64417
2022-11-02T06:00:00.000000000,157.63,272.5811
2022-11-02T07:00:00.000000000,151.3,266.65449
2022-11-02T08:00:00.000000000,145.62,264.81139
2022-11-02T09:00:00.000000000,139.78,266.36087
2022-11-02T10:00:00.000000000,140.55,270.63675
2022-11-02T11:00:00.000000000,147.07,277.51847
2022-11-02T12:00:00.000000000,157.46,286.97305
2022-11-02T13:00:00.000000000,168.06,296.4609
2022-11-02T14:00:00.000000000,166.51,304.74809
2022-11-02T15:00:00.000000000,179.98,311.78295
2022-11-02T16:00:00.000000000,182.53,316.67781
2022-11-02T17:00:00.000000000,172.87,317.11698
2022-11-02T18:00:00.000000000,175.31,312.34207
2022-11-02T19:00:00.000000000,185.17,303.97567
2022-11-02T20:00:00.000000000,180.2,293.73882
2022-11-02T21:00:00.000000000,175.26,283.11976
2022-11-02T22:00:00.000000000,169.96,273.55323
2022-11-02T23:00:00.000000000,166.2,265.66885
2022-11-03T00:00:00.000000000,167.92,241.73787
2022-11-03T01:00:00.000000000,160.65,238.51565
2022-11-03T02:00:00.000000000,140.15,234.81805
2022-11-03T03:00:00.000000000,133.63,232.80485
2022-11-03T04:00:00.000000000,132.71,232.21128
2022-11-03T05:00:00.000000000,136.54,232.43493
2022-11-03T06:00:00.000000000,143.49,233.21922
2022-11-03T07:00:00.000000000,137.12,234.059
2022-11-03T08:00:00.000000000,135.83,235.26852
2022-11-03T09:00:00.000000000,144.05,236.65644
2022-11-03T10:00:00.000000000,156.98,238.2606
2022-11-03T11:00:00.000000000,172.8,240.50481
2022-11-03T12:00:00.000000000,166.01,243.31602
2022-11-03T13:00:00.000000000,166.9,244.50908
2022-11-03T14:00:00.000000000,176.09,243.85118
2022-11-03T15:00:00.000000000,171.46,242.97658
2022-11-03T16:00:00.000000000,164.94,241.89987
2022-11-03T17:00:00.000000000,165.8,239.59866
2022-11-03T18:00:00.000000000,164.37,237.02214
2022-11-03T19:00:00.000000000,162.75,235.81492
2022-11-03T20:00:00.000000000,162.36,235.67201
2022-11-03T21:00:00.000000000,161.38,236.24813
2022-11-03T22:00:00.000000000,154.74,237.95166
2022-11-03T23:00:00.000000000,154.84,241.46002
2022-11-04T00:00:00.000000000,160.76,257.12523
2022-11-04T01:00:00.000000000,164.43,256.0586
2022-11-04T02:00:00.000000000,161.82,253.42228
2022-11-04T03:00:00.000000000,168.6,251.94637
2022-11-04T04:00:00.000000000,161.84,250.62569
2022-11-04T05:00:00.000000000,157.44,248.98977
2022-11-04T06:00:00.000000000,155.13,248.22496
2022-11-04T07:00:00.000000000,151.42,249.24309
2022-11-04T08:00:00.000000000,154.87,253.78143
2022-11-04T09:00:00.000000000,146.55,260.61636
2022-11-04T10:00:00.000000000,151.0,269.14558
2022-11-04T11:00:00.000000000,165.54,279.128
2022-11-04T12:00:00.000000000,177.4,291.34528
2022-11-04T13:00:00.000000000,189.92,303.09792
2022-11-04T14:00:00.000000000,201.76,314.71062
2022-11-04T15:00:00.000000000,215.49,327.20478
2022-11-04T16:00:00.000000000,224.01,339.64126
2022-11-04T17:00:00.000000000,227.69,352.27082
2022-11-04T18:00:00.000000000,234.78,365.00997
2022-11-04T19:00:00.000000000,232.12,377.99772
2022-11-04T20:00:00.000000000,230.56,390.25379
2022-11-04T21:00:00.000000000,230.02,401.24967
2022-11-04T22:00:00.000000000,236.29,410.71918
2022-11-04T23:00:00.000000000,244.31,418.99655
2022-11-02T00:00:00.000000000,254.99,258.2901
2022-11-02T01:00:00.000000000,232.87,249.91618
2022-11-02T02:00:00.000000000,205.63,240.5055
2022-11-02T03:00:00.000000000,196.72,232.44299
2022-11-02T04:00:00.000000000,176.66,226.54548
2022-11-02T05:00:00.000000000,165.19,223.10825
2022-11-02T06:00:00.000000000,157.63,222.3862
2022-11-02T07:00:00.000000000,151.3,223.6052
2022-11-02T08:00:00.000000000,145.62,226.91155
2022-11-02T09:00:00.000000000,139.78,231.89024
2022-11-02T10:00:00.000000000,140.55,238.02477
2022-11-02T11:00:00.000000000,147.07,245.49285
2022-11-02T12:00:00.000000000,157.46,253.96699
2022-11-02T13:00:00.000000000,168.06,261.2198
2022-11-02T14:00:00.000000000,166.51,266.71988
2022-11-02T15:00:00.000000000,179.98,271.26327
2022-11-02T16:00:00.000000000,182.53,274.22321
2022-11-02T17:00:00.000000000,172.87,273.73904
2022-11-02T18:00:00.000000000,175.31,270.17693
2022-11-02T19:00:00.000000000,185.17,264.82902
2022-11-02T20:00:00.000000000,180.2,258.58912
2022-11-02T21:00:00.000000000,175.26,252.56876
2022-11-02T22:00:00.000000000,169.96,247.87455
2022-11-02T23:00:00.000000000,166.2,245.18992
2022-11-03T00:00:00.000000000,167.92,220.50246
2022-11-03T01:00:00.000000000,160.65,218.22974
2022-11-03T02:00:00.000000000,140.15,215.84275
2022-11-03T03:00:00.000000000,133.63,215.40251
2022-11-03T04:00:00.000000000,132.71,216.47405
2022-11-03T05:00:00.000000000,136.54,218.18233
2022-11-03T06:00:00.000000000,143.49,220.27796
2022-11-03T07:00:00.000000000,137.12,222.37202
2022-11-03T08:00:00.000000000,135.83,224.959
2022-11-03T09:00:00.000000000,144.05,227.78609
2022-11-03T10:00:00.000000000,156.98,230.90562
2022-11-03T11:00:00.000000000,172.8,234.63345
2022-11-03T12:00:00.000000000,166.01,238.71126
2022-11-03T13:00:00.000000000,166.9,240.84893
2022-11-03T14:00:00.000000000,176.09,240.87781
2022-11-03T15:00:00.000000000,171.46,240.46415
2022-11-03T16:00:00.000000000,164.94,239.48604
2022-11-03T17:00:00.000000000,165.8,237.00488
2022-11-03T18:00:00.000000000,164.37,234.22518
2022-11-03T19:00:00.000000000,162.75,232.83595
2022-11-03T20:00:00.000000000,162.36,232.52318
2022-11-03T21:00:00.000000000,161.38,233.09427
2022-11-03T22:00:00.000000000,154.74,235.17099
2022-11-03T23:00:00.000000000,154.84,239.44233
2022-11-04T00:00:00.000000000,160.76,272.81853
2022-11-04T01:00:00.000000000,164.43,270.13704
2022-11-04T02:00:00.000000000,161.82,265.30521
2022-11-04T03:00:00.000000000,168.6,261.26095
2022-11-04T04:00:00.000000000,161.84,257.44453
2022-11-04T05:00:00.000000000,157.44,253.77009
2022-11-04T06:00:00.000000000,155.13,251.6808
2022-11-04T07:00:00.000000000,151.42,252.27338
2022-11-04T08:00:00.000000000,154.87,256.93882
2022-11-04T09:00:00.000000000,146.55,264.11738
2022-11-04T10:00:00.000000000,151.0,273.31514
2022-11-04T11:00:00.000000000,165.54,284.12387
2022-11-04T12:00:00.000000000,177.4,297.38903
2022-11-04T13:00:00.000000000,189.92,310.50556
2022-11-04T14:00:00.000000000,201.76,323.67451
2022-11-04T15:00:00.000000000,215.49,337.51828
2022-11-04T16:00:00.000000000,224.01,350.76254
2022-11-04T17:00:00.000000000,227.69,363.68419
2022-11-04T18:00:00.000000000,234.78,376.15999
2022-11-04T19:00:00.000000000,232.12,388.54861
2022-11-04T20:00:00.000000000,230.56,400.1355
2022-11-04T21:00:00.000000000,230.02,410.53324
2022-11-04T22:00:00.000000000,236.29,419.5401
2022-11-04T23:00:00.000000000,244.31,427.46182
2022-11-05T00:00:00.000000000,288.22,412.6691
2022-11-05T01:00:00.000000000,334.08,411.57167
2022-11-05T02:00:00.000000000,355.64,410.17629
2022-11-05T03:00:00.000000000,364.39,409.50516
2022-11-05T04:00:00.000000000,361.85,408.82061
2022-11-05T05:00:00.000000000,324.19,408.44626
2022-11-05T06:00:00.000000000,284.35,408.47057
2022-11-05T07:00:00.000000000,274.5,408.96518
2022-11-05T08:00:00.000000000,247.78,411.26856
2022-11-05T09:00:00.000000000,246.56,415.50651
2022-11-05T10:00:00.000000000,254.34,420.90029
2022-11-05T11:00:00.000000000,291.26,426.62781
2022-11-05T12:00:00.000000000,297.96,433.31035
2022-11-05T13:00:00.000000000,315.57,438.77818
2022-11-05T14:00:00.000000000,314.06,441.85309
2022-11-05T15:00:00.000000000,325.42,443.11281
2022-11-05T16:00:00.000000000,367.36,442.26588
2022-11-05T17:00:00.000000000,366.45,440.83992
2022-11-05T18:00:00.000000000,304.07,438.63409
2022-11-05T19:00:00.000000000,249.48,436.09328
2022-11-05T20:00:00.000000000,217.5,433.20815
2022-11-05T21:00:00.000000000,199.42,429.99107
2022-11-05T22:00:00.000000000,176.12,426.62664
2022-11-05T23:00:00.000000000,169.75,423.92239
2022-11-03T00:00:00.000000000,167.92,158.98806
2022-11-03T01:00:00.000000000,160.65,158.3127
2022-11-03T02:00:00.000000000,140.15,158.01081
2022-11-03T03:00:00.000000000,133.63,159.61104
2022-11-03T04:00:00.000000000,132.71,162.26685
2022-11-03T05:00:00.000000000,136.54,164.61606
2022-11-03T06:00:00.000000000,143.49,166.70724
2022-11-03T07:00:00.000000000,137.12,168.97451
2022-11-03T08:00:00.000000000,135.83,172.56608
2022-11-03T09:00:00.000000000,144.05,177.05718
2022-11-03T10:00:00.000000000,156.98,182.32852
2022-11-03T11:00:00.000000000,172.8,188.45838
2022-11-03T12:00:00.000000000,166.01,194.13559
2022-11-03T13:00:00.000000000,166.9,196.99895
2022-11-03T14:00:00.000000000,176.09,197.6053
2022-11-03T15:00:00.000000000,171.46,198.27847
2022-11-03T16:00:00.000000000,164.94,198.68763
2022-11-03T17:00:00.000000000,165.8,197.66157
2022-11-03T18:00:00.000000000,164.37,196.55234
2022-11-03T19:00:00.000000000,162.75,197.04275
2022-11-03T20:00:00.000000000,162.36,198.53199
2022-11-03T21:00:00.000000000,161.38,200.94517
2022-11-03T22:00:00.000000000,154.74,205.07022
2022-11-03T23:00:00.000000000,154.84,211.7176
2022-11-04T00:00:00.000000000,160.76,240.12545
2022-11-04T01:00:00.000000000,164.43,237.73993
2022-11-04T02:00:00.000000000,161.82,234.81218
2022-11-04T03:00:00.000000000,168.6,233.78572
2022-11-04T04:00:00.000000000,161.84,234.43203
2022-11-04T05:00:00.000000000,157.44,235.64637
2022-11-04T06:00:00.000000000,155.13,237.57942
2022-11-04T07:00:00.000000000,151.42,240.2589
2022-11-04T08:00:00.000000000,154.87,244.85751
2022-11-04T09:00:00.000000000,146.55,250.70666
2022-11-04T10:00:00.000000000,151.0,257.631
2022-11-04T11:00:00.000000000,165.54,265.70934
2022-11-04T12:00:00.000000000,177.4,275.09225
2022-11-04T13:00:00.000000000,189.92,283.03729
2022-11-04T14:00:00.000000000,201.76,288.89151
2022-11-04T15:00:00.000000000,215.49,293.47861
2022-11-04T16:00:00.000000000,224.01,296.06101
2022-11-04T17:00:00.000000000,227.69,296.01713
2022-11-04T18:00:00.000000000,234.78,294.4429
2022-11-04T19:00:00.000000000,232.12,292.78603
2022-11-04T20:00:00.000000000,230.56,291.17812
2022-11-04T21:00:00.000000000,230.02,290.20945
2022-11-04T22:00:00.000000000,236.29,291.12135
2022-11-04T23:00:00.000000000,244.31,294.51171
2022-11-05T00:00:00.000000000,288.22,264.8866
2022-11-05T01:00:00.000000000,334.08,267.96526
2022-11-05T02:00:00.000000000,355.64,272.63152
2022-11-05T03:00:00.000000000,364.39,280.10905
2022-11-05T04:00:00.000000000,361.85,288.77203
2022-11-05T05:00:00.000000000,324.19,297.36789
2022-11-05T06:00:00.000000000,284.35,304.87907
2022-11-05T07:00:00.000000000,274.5,310.57546
2022-11-05T08:00:00.000000000,247.78,315.2537
2022-11-05T09:00:00.000000000,246.56,318.76914
2022-11-05T10:00:00.000000000,254.34,321.52383
2022-11-05T11:00:00.000000000,291.26,324.48854
2022-11-05T12:00:00.000000000,297.96,328.52014
2022-11-05T13:00:00.000000000,315.57,331.44149
2022-11-05T14:00:00.000000000,314.06,333.05927
2022-11-05T15:00:00.000000000,325.42,334.3717
2022-11-05T16:00:00.000000000,367.36,334.55598
2022-11-05T17:00:00.000000000,366.45,333.73105
2022-11-05T18:00:00.000000000,304.07,332.39334
2022-11-05T19:00:00.000000000,249.48,331.43544
2022-11-05T20:00:00.000000000,217.5,330.51826
2022-11-05T21:00:00.000000000,199.42,329.27073
2022-11-05T22:00:00.000000000,176.12,328.22576
2022-11-05T23:00:00.000000000,169.75,328.70267
2022-11-06T00:00:00.000000000,171.34,312.83227
2022-11-06T01:00:00.000000000,166.49,306.63894
2022-11-06T02:00:00.000000000,166.79,299.32774
2022-11-06T03:00:00.000000000,157.93,293.3877
2022-11-06T04:00:00.000000000,152.11,288.5021
2022-11-06T05:00:00.000000000,150.36,284.49432
2022-11-06T06:00:00.000000000,149.41,281.61945
2022-11-06T07:00:00.000000000,154.2,279.29033
2022-11-06T08:00:00.000000000,158.52,278.50999
2022-11-06T09:00:00.000000000,167.64,279.08308
2022-11-06T10:00:00.000000000,188.93,280.91441
2022-11-06T11:00:00.000000000,235.82,284.36639
2022-11-06T12:00:00.000000000,262.52,290.14301
2022-11-06T13:00:00.000000000,262.13,296.37442
2022-11-06T14:00:00.000000000,281.32,303.14012
2022-11-06T15:00:00.000000000,303.04,311.49012
2022-11-06T16:00:00.000000000,310.51,320.6259
2022-11-06T17:00:00.000000000,293.05,329.56108
2022-11-06T18:00:00.000000000,293.94,337.59394
2022-11-06T19:00:00.000000000,301.74,344.87647
2022-11-06T20:00:00.000000000,324.21,350.33526
2022-11-06T21:00:00.000000000,338.08,353.45757
2022-11-06T22:00:00.000000000,340.97,354.24599
2022-11-06T23:00:00.000000000,340.74,353.74226
2022-11-04T00:00:00.000000000,160.76,233.00603
2022-11-04T01:00:00.000000000,164.43,230.78902
2022-11-04T02:00:00.000000000,161.82,228.66777
2022-11-04T03:00:00.000000000,168.6,228.58052
2022-11-04T04:00:00.000000000,161.84,230.22865
2022-11-04T05:00:00.000000000,157.44,232.61168
2022-11-04T06:00:00.000000000,155.13,235.97473
2022-11-04T07:00:00.000000000,151.42,239.83985
2022-11-04T08:00:00.000000000,154.87,245.23564
2022-11-04T09:00:00.000000000,146.55,251.75423
2022-11-04T10:00:00.000000000,151.0,259.0179
2022-11-04T11:00:00.000000000,165.54,267.31713
2022-11-04T12:00:00.000000000,177.4,276.80734
2022-11-04T13:00:00.000000000,189.92,285.10094
2022-11-04T14:00:00.000000000,201.76,291.60727
2022-11-04T15:00:00.000000000,215.49,297.10557
2022-11-04T16:00:00.000000000,224.01,300.80586
2022-11-04T17:00:00.000000000,227.69,301.59196
2022-11-04T18:00:00.000000000,234.78,300.19929
2022-11-04T19:00:00.000000000,232.12,297.68027
2022-11-04T20:00:00.000000000,230.56,294.20994
2022-11-04T21:00:00.000000000,230.02,290.77325
2022-11-04T22:00:00.000000000,236.29,288.82898
2022-11-04T23:00:00.000000000,244.31,289.32638
2022-11-05T00:00:00.000000000,288.22,256.17678
2022-11-05T01:00:00.000000000,334.08,258.10114
2022-11-05T02:00:00.000000000,355.64,261.9935
2022-11-05T03:00:00.000000000,364.39,269.22043
2022-11-05T04:00:00.000000000,361.85,277.81206
2022-11-05T05:00:00.000000000,324.19,286.41512
2022-11-05T06:00:00.000000000,284.35,294.22592
2022-11-05T07:00:00.000000000,274.5,300.18061
2022-11-05T08:00:00.000000000,247.78,305.17593
2022-11-05T09:00:00.000000000,246.56,309.41016
2022-11-05T10:00:00.000000000,254.34,313.32169
2022-11-05T11:00:00.000000000,291.26,318.03201
2022-11-05T12:00:00.000000000,297.96,324.39102
2022-11-05T13:00:00.000000000,315.57,330.10085
2022-11-05T14:00:00.000000000,314.06,334.75356
2022-11-05T15:00:00.000000000,325.42,339.05375
2022-11-05T16:00:00.000000000,367.36,342.2887
2022-11-05T17:00:00.000000000,366.45,344.59032
2022-11-05T18:00:00.000000000,304.07,346.41004
2022-11-05T19:00:00.000000000,249.48,348.32592
2022-11-05T20:00:00.000000000,217.5,349.36094
2022-11-05T21:00:00.000000000,199.42,348.80724
2022-11-05T22:00:00.000000000,176.12,346.87698
2022-11-05T23:00:00.000000000,169.75,345.22243
2022-11-06T00:00:00.000000000,171.34,322.44093
2022-11-06T01:00:00.000000000,166.49,315.17084
2022-11-06T02:00:00.000000000,166.79,306.34322
2022-11-06T03:00:00.000000000,157.93,298.64806
2022-11-06T04:00:00.000000000,152.11,291.85213
2022-11-06T05:00:00.000000000,150.36,285.86586
2022-11-06T06:00:00.000000000,149.41,281.05761
2022-11-06T07:00:00.000000000,154.2,277.10691
2022-11-06T08:00:00.000000000,158.52,275.12018
2022-11-06T09:00:00.000000000,167.64,274.78432
2022-11-06T10:00:00.000000000,188.93,276.00209
2022-11-06T11:00:00.000000000,235.82,279.02295
2022-11-06T12:00:00.000000000,262.52,284.57998
2022-11-06T13:00:00.000000000,262.13,290.74476
2022-11-06T14:00:00.000000000,281.32,297.66964
2022-11-06T15:00:00.000000000,303.04,306.43772
2022-11-06T16:00:00.000000000,310.51,316.2382
2022-11-06T17:00:00.000000000,293.05,326.23049
2022-11-06T18:00:00.000000000,293.94,335.64474
2022-11-06T19:00:00.000000000,301.74,344.62166
2022-11-06T20:00:00.000000000,324.21,351.98495
2022-11-06T21:00:00.000000000,338.08,357.04542
2022-11-06T22:00:00.000000000,340.97,359.51803
2022-11-06T23:00:00.000000000,340.74,360.21395
2022-11-07T00:00:00.000000000,341.44,350.59463
2022-11-07T01:00:00.000000000,307.82,340.42733
2022-11-07T02:00:00.000000000,268.64,329.14501
2022-11-07T03:00:00.000000000,235.94,318.85232
2022-11-07T04:00:00.000000000,224.24,310.21355
2022-11-07T05:00:00.000000000,221.6,304.16177
2022-11-07T06:00:00.000000000,220.57,301.24724
2022-11-07T07:00:00.000000000,217.0,301.00958
2022-11-07T08:00:00.000000000,215.15,304.1991
2022-11-07T09:00:00.000000000,216.33,310.2673
2022-11-07T10:00:00.000000000,219.23,318.07901
2022-11-07T11:00:00.000000000,227.57,327.26809
2022-11-07T12:00:00.000000000,256.47,338.0861
2022-11-07T13:00:00.000000000,278.5,348.35759
2022-11-07T14:00:00.000000000,304.24,357.29087
2022-11-07T15:00:00.000000000,337.52,365.26443
2022-11-07T16:00:00.000000000,352.1,371.55612
2022-11-07T17:00:00.000000000,374.78,374.8447
2022-11-07T18:00:00.000000000,392.24,374.22719
2022-11-07T19:00:00.000000000,398.36,370.05533
2022-11-07T20:00:00.000000000,392.79,362.72153
2022-11-07T21:00:00.000000000,370.93,353.14078
2022-11-07T22:00:00.000000000,339.95,342.65214
2022-11-07T23:00:00.000000000,336.52,332.9748
2022-11-05T00:00:00.000000000,288.22,215.12953
2022-11-05T01:00:00.000000000,334.08,218.79432
2022-11-05T02:00:00.000000000,355.64,225.16404
2022-11-05T03:00:00.000000000,364.39,235.12293
2022-11-05T04:00:00.000000000,361.85,246.54699
2022-11-05T05:00:00.000000000,324.19,257.7871
2022-11-05T06:00:00.000000000,284.35,268.11603
2022-11-05T07:00:00.000000000,274.5,276.56648
2022-11-05T08:00:00.000000000,247.78,283.87916
2022-11-05T09:00:00.000000000,246.56,290.17707
2022-11-05T10:00:00.000000000,254.34,295.77662
2022-11-05T11:00:00.000000000,291.26,301.67006
2022-11-05T12:00:00.000000000,297.96,308.11421
2022-11-05T13:00:00.000000000,315.57,313.02272
2022-11-05T14:00:00.000000000,314.06,316.23229
2022-11-05T15:00:00.000000000,325.42,318.68414
2022-11-05T16:00:00.000000000,367.36,319.57656
2022-11-05T17:00:00.000000000,366.45,319.03016
2022-11-05T18:00:00.000000000,304.07,318.06047
2022-11-05T19:00:00.000000000,249.48,317.38169
2022-11-05T20:00:00.000000000,217.5,316.13158
2022-11-05T21:00:00.000000000,199.42,313.94473
2022-11-05T22:00:00.000000000,176.12,311.28463
2022-11-05T23:00:00.000000000,169.75,309.83284
2022-11-06T00:00:00.000000000,171.34,296.06762
2022-11-06T01:00:00.000000000,166.49,289.76403
2022-11-06T02:00:00.000000000,166.79,282.11433
2022-11-06T03:00:00.000000000,157.93,275.57573
2022-11-06T04:00:00.000000000,152.11,269.75645
2022-11-06T05:00:00.000000000,150.36,264.33945
2022-11-06T06:00:00.000000000,149.41,259.63335
2022-11-06T07:00:00.000000000,154.2,255.62316
2022-11-06T08:00:00.000000000,158.52,253.47092
2022-11-06T09:00:00.000000000,167.64,252.73059
2022-11-06T10:00:00.000000000,188.93,253.46339
2022-11-06T11:00:00.000000000,235.82,255.94244
2022-11-06T12:00:00.000000000,262.52,260.7373
2022-11-06T13:00:00.000000000,262.13,265.79379
2022-11-06T14:00:00.000000000,281.32,271.39766
2022-11-06T15:00:00.000000000,303.04,279.03423
2022-11-06T16:00:00.000000000,310.51,288.04578
2022-11-06T17:00:00.000000000,293.05,297.43113
2022-11-06T18:00:00.000000000,293.94,306.62002
2022-11-06T19:00:00.000000000,301.74,315.95846
2022-11-06T20:00:00.000000000,324.21,324.17985
2022-11-06T21:00:00.000000000,338.08,330.52969
2022-11-06T22:00:00.000000000,340.97,334.95532
2022-11-06T23:00:00.000000000,340.74,338.22815
2022-11-07T00:00:00.000000000,341.44,334.73556
2022-11-07T01:00:00.000000000,307.82,324.50387
2022-11-07T02:00:00.000000000,268.64,313.00495
2022-11-07T03:00:00.000000000,235.94,302.50009
2022-11-07T04:00:00.000000000,224.24,293.88402
2022-11-07T05:00:00.000000000,221.6,288.18464
2022-11-07T06:00:00.000000000,220.57,286.01086
2022-11-07T07:00:00.000000000,217.0,286.70385
2022-11-07T08:00:00.000000000,215.15,290.83236
2022-11-07T09:00:00.000000000,216.33,297.72176
2022-11-07T10:00:00.000000000,219.23,306.17736
2022-11-07T11:00:00.000000000,227.57,315.94259
2022-11-07T12:00:00.000000000,256.47,327.25217
2022-11-07T13:00:00.000000000,278.5,338.05421
2022-11-07T14:00:00.000000000,304.24,347.75033
2022-11-07T15:00:00.000000000,337.52,356.74462
2022-11-07T16:00:00.000000000,352.1,364.13574
2022-11-07T17:00:00.000000000,374.78,368.35786
2022-11-07T18:00:00.000000000,392.24,368.51538
2022-11-07T19:00:00.000000000,398.36,364.88454
2022-11-07T20:00:00.000000000,392.79,357.92931
2022-11-07T21:00:00.000000000,370.93,348.72977
2022-11-07T22:00:00.000000000,339.95,338.64679
2022-11-07T23:00:00.000000000,336.52,329.29192
2022-11-08T00:00:00.000000000,325.83,300.94897
2022-11-08T01:00:00.000000000,295.67,294.96548
2022-11-08T02:00:00.000000000,251.43,287.38355
2022-11-08T03:00:00.000000000,217.49,280.53684
2022-11-08T04:00:00.000000000,198.52,274.65333
2022-11-08T05:00:00.000000000,186.33,269.73373
2022-11-08T06:00:00.000000000,177.19,265.52679
2022-11-08T07:00:00.000000000,177.44,261.74948
2022-11-08T08:00:00.000000000,181.31,258.51826
2022-11-08T09:00:00.000000000,194.28,255.72449
2022-11-08T10:00:00.000000000,195.75,253.57813
2022-11-08T11:00:00.000000000,199.65,252.62025
2022-11-08T12:00:00.000000000,206.14,253.08062
2022-11-08T13:00:00.000000000,209.41,252.74893
2022-11-08T14:00:00.000000000,210.14,251.11526
2022-11-08T15:00:00.000000000,213.51,249.66938
2022-11-08T16:00:00.000000000,220.42,248.62544
2022-11-08T17:00:00.000000000,224.84,246.83342
2022-11-08T18:00:00.000000000,215.88,244.60207
2022-11-08T19:00:00.000000000,209.47,243.69679
2022-11-08T20:00:00.000000000,218.28,243.87487
2022-11-08T21:00:00.000000000,227.22,244.5158
2022-11-08T22:00:00.000000000,222.19,245.8422
2022-11-08T23:00:00.000000000,221.51,248.45384
2022-11-06T00:00:00.000000000,171.34,198.05444
2022-11-06T01:00:00.000000000,166.49,196.34136
2022-11-06T02:00:00.000000000,166.79,194.98979
2022-11-06T03:00:00.000000000,157.93,195.44283
2022-11-06T04:00:00.000000000,152.11,196.19459
2022-11-06T05:00:00.000000000,150.36,195.82522
2022-11-06T06:00:00.000000000,149.41,195.24358
2022-11-06T07:00:00.000000000,154.2,194.85263
2022-11-06T08:00:00.000000000,158.52,196.09044
2022-11-06T09:00:00.000000000,167.64,198.61056
2022-11-06T10:00:00.000000000,188.93,202.75157
2022-11-06T11:00:00.000000000,235.82,208.98155
2022-11-06T12:00:00.000000000,262.52,217.22914
2022-11-06T13:00:00.000000000,262.13,225.12128
2022-11-06T14:00:00.000000000,281.32,233.2437
2022-11-06T15:00:00.000000000,303.04,243.24445
2022-11-06T16:00:00.000000000,310.51,254.22217
2022-11-06T17:00:00.000000000,293.05,264.86411
2022-11-06T18:00:00.000000000,293.94,275.41532
2022-11-06T19:00:00.000000000,301.74,286.33684
2022-11-06T20:00:00.000000000,324.21,296.07194
2022-11-06T21:00:00.000000000,338.08,304.32893
2022-11-06T22:00:00.000000000,340.97,311.55907
2022-11-06T23:00:00.000000000,340.74,318.87464
2022-11-07T00:00:00.000000000,341.44,321.74901
2022-11-07T01:00:00.000000000,307.82,310.65252
2022-11-07T02:00:00.000000000,268.64,297.61986
2022-11-07T03:00:00.000000000,235.94,285.03046
2022-11-07T04:00:00.000000000,224.24,274.15546
2022-11-07T05:00:00.000000000,221.6,266.18737
2022-11-07T06:00:00.000000000,220.57,261.93008
2022-11-07T07:00:00.000000000,217.0,260.65559
2022-11-07T08:00:00.000000000,215.15,262.78351
2022-11-07T09:00:00.000000000,216.33,267.75508
2022-11-07T10:00:00.000000000,219.23,274.60125
2022-11-07T11:00:00.000000000,227.57,283.29619
2022-11-07T12:00:00.000000000,256.47,293.98953
2022-11-07T13:00:00.000000000,278.5,304.61656
2022-11-07T14:00:00.000000000,304.24,314.65632
2022-11-07T15:00:00.000000000,337.52,324.58107
2022-11-07T16:00:00.000000000,352.1,333.37664
2022-11-07T17:00:00.000000000,374.78,338.99824
2022-11-07T18:00:00.000000000,392.24,340.50002
2022-11-07T19:00:00.000000000,398.36,338.26469
2022-11-07T20:00:00.000000000,392.79,332.89908
2022-11-07T21:00:00.000000000,370.93,325.64605
2022-11-07T22:00:00.000000000,339.95,317.80088
2022-11-07T23:00:00.000000000,336.52,310.58128
2022-11-08T00:00:00.000000000,325.83,276.58203
2022-11-08T01:00:00.000000000,295.67,272.09934
2022-11-08T02:00:00.000000000,251.43,266.65075
2022-11-08T03:00:00.000000000,217.49,262.49669
2022-11-08T04:00:00.000000000,198.52,259.59195
2022-11-08T05:00:00.000000000,186.33,257.52876
2022-11-08T06:00:00.000000000,177.19,255.94835
2022-11-08T07:00:00.000000000,177.44,254.41328
2022-11-08T08:00:00.000000000,181.31,253.20125
2022-11-08T09:00:00.000000000,194.28,252.2223
2022-11-08T10:00:00.000000000,195.75,251.68041
2022-11-08T11:00:00.000000000,199.65,252.13444
2022-11-08T12:00:00.000000000,206.14,253.81041
2022-11-08T13:00:00.000000000,209.41,254.45122
2022-11-08T14:00:00.000000000,210.14,253.52967
2022-11-08T15:00:00.000000000,213.51,252.47259
2022-11-08T16:00:00.000000000,220.42,251.38906
2022-11-08T17:00:00.000000000,224.84,249.22026
2022-11-08T18:00:00.000000000,215.88,246.59459
2022-11-08T19:00:00.000000000,209.47,245.28932
2022-11-08T20:00:00.000000000,218.28,245.05188
2022-11-08T21:00:00.000000000,227.22,245.41464
2022-11-08T22:00:00.000000000,222.19,246.79033
2022-11-08T23:00:00.000000000,221.51,249.83564
2022-11-09T00:00:00.000000000,214.39,245.35772
2022-11-09T01:00:00.000000000,206.01,242.61743
2022-11-09T02:00:00.000000000,192.37,240.81847
2022-11-09T03:00:00.000000000,190.28,241.68971
2022-11-09T04:00:00.000000000,188.36,244.05952
2022-11-09T05:00:00.000000000,186.41,246.75026
2022-11-09T06:00:00.000000000,189.65,249.69844
2022-11-09T07:00:00.000000000,170.46,251.97965
2022-11-09T08:00:00.000000000,161.99,254.67487
2022-11-09T09:00:00.000000000,165.82,257.89805
2022-11-09T10:00:00.000000000,168.52,261.61718
2022-11-09T11:00:00.000000000,169.55,266.39152
2022-11-09T12:00:00.000000000,174.98,272.54617
2022-11-09T13:00:00.000000000,176.98,278.15
2022-11-09T14:00:00.000000000,189.04,282.99116
2022-11-09T15:00:00.000000000,197.7,288.27898
2022-11-09T16:00:00.000000000,209.37,293.48408
2022-11-09T17:00:00.000000000,216.16,297.55811
2022-11-09T18:00:00.000000000,223.37,300.8659
2022-11-09T19:00:00.000000000,222.37,303.87048
2022-11-09T20:00:00.000000000,223.59,305.46758
2022-11-09T21:00:00.000000000,218.75,305.43839
2022-11-09T22:00:00.000000000,221.11,304.48832
2022-11-09T23:00:00.000000000,220.6,304.03878
2022-11-07T00:00:00.000000000,341.44,351.03468
2022-11-07T01:00:00.000000000,307.82,338.58023
2022-11-07T02:00:00.000000000,268.64,324.21512
2022-11-07T03:00:00.000000000,235.94,310.12415
2022-11-07T04:00:00.000000000,224.24,297.22865
2022-11-07T05:00:00.000000000,221.6,286.66379
2022-11-07T06:00:00.000000000,220.57,279.10456
2022-11-07T07:00:00.000000000,217.0,274.34732
2022-11-07T08:00:00.000000000,215.15,273.42932
2022-11-07T09:00:00.000000000,216.33,276.19368
2022-11-07T10:00:00.000000000,219.23,281.87876
2022-11-07T11:00:00.000000000,227.57,290.29427
2022-11-07T12:00:00.000000000,256.47,301.45821
2022-11-07T13:00:00.000000000,278.5,312.91401
2022-11-07T14:00:00.000000000,304.24,323.80144
2022-11-07T15:00:00.000000000,337.52,334.45081
2022-11-07T16:00:00.000000000,352.1,344.16541
2022-11-07T17:00:00.000000000,374.78,351.22218
2022-11-07T18:00:00.000000000,392.24,354.2682
2022-11-07T19:00:00.000000000,398.36,353.44348
2022-11-07T20:00:00.000000000,392.79,348.90085
2022-11-07T21:00:00.000000000,370.93,341.46641
2022-11-07T22:00:00.000000000,339.95,332.3755
2022-11-07T23:00:00.000000000,336.52,323.23354
2022-11-08T00:00:00.000000000,325.83,289.45259
2022-11-08T01:00:00.000000000,295.67,283.81942
2022-11-08T02:00:00.000000000,251.43,277.30427
2022-11-08T03:00:00.000000000,217.49,272.1029
2022-11-08T04:00:00.000000000,198.52,268.14126
2022-11-08T05:00:00.000000000,186.33,265.02344
2022-11-08T06:00:00.000000000,177.19,262.47472
2022-11-08T07:00:00.000000000,177.44,260.0497
2022-11-08T08:00:00.000000000,181.31,258.22043
2022-11-08T09:00:00.000000000,194.28,257.02892
2022-11-08T10:00:00.000000000,195.75,256.69354
2022-11-08T11:00:00.000000000,199.65,257.70118
2022-11-08T12:00:00.000000000,206.14,260.23458
2022-11-08T13:00:00.000000000,209.41,262.02574
2022-11-08T14:00:00.000000000,210.14,262.43878
2022-11-08T15:00:00.000000000,213.51,262.71821
2022-11-08T16:00:00.000000000,220.42,262.83305
2022-11-08T17:00:00.000000000,224.84,261.6409
2022-11-08T18:00:00.000000000,215.88,259.54079
2022-11-08T19:00:00.000000000,209.47,258.10504
2022-11-08T20:00:00.000000000,218.28,257.08521
2022-11-08T21:00:00.000000000,227.22,256.1786
2022-11-08T22:00:00.000000000,222.19,255.92541
2022-11-08T23:00:00.000000000,221.51,257.14321
2022-11-09T00:00:00.000000000,214.39,243.1346
2022-11-09T01:00:00.000000000,206.01,240.61533
2022-11-09T02:00:00.000000000,192.37,239.66521
2022-11-09T03:00:00.000000000,190.28,241.75229
2022-11-09T04:00:00.000000000,188.36,245.71208
2022-11-09T05:00:00.000000000,186.41,250.06722
2022-11-09T06:00:00.000000000,189.65,254.15541
2022-11-09T07:00:00.000000000,170.46,256.93846
2022-11-09T08:00:00.000000000,161.99,259.27889
2022-11-09T09:00:00.000000000,165.82,261.66481
2022-11-09T10:00:00.000000000,168.52,264.38515
2022-11-09T11:00:00.000000000,169.55,268.02754
2022-11-09T12:00:00.000000000,174.98,272.53504
2022-11-09T13:00:00.000000000,176.98,275.76734
2022-11-09T14:00:00.000000000,189.04,276.91323
2022-11-09T15:00:00.000000000,197.7,277.01802
2022-11-09T16:00:00.000000000,209.37,275.92975
2022-11-09T17:00:00.000000000,216.16,272.70236
2022-11-09T18:00:00.000000000,223.37,268.3288
2022-11-09T19:00:00.000000000,222.37,264.05074
2022-11-09T20:00:00.000000000,223.59,259.50567
2022-11-09T21:00:00.000000000,218.75,254.79903
2022-11-09T22:00:00.000000000,221.11,250.93673
2022-11-09T23:00:00.000000000,220.6,249.28456
2022-11-10T00:00:00.000000000,222.22,257.73615
2022-11-10T01:00:00.000000000,218.92,254.22814
2022-11-10T02:00:00.000000000,216.86,250.35067
2022-11-10T03:00:00.000000000,217.09,248.35766
2022-11-10T04:00:00.000000000,210.01,248.08765
2022-11-10T05:00:00.000000000,208.56,248.51972
2022-11-10T06:00:00.000000000,198.24,249.02657
2022-11-10T07:00:00.000000000,194.89,249.28582
2022-11-10T08:00:00.000000000,187.98,250.00637
2022-11-10T09:00:00.000000000,177.33,251.11774
2022-11-10T10:00:00.000000000,178.73,252.93658
2022-11-10T11:00:00.000000000,184.2,255.98329
2022-11-10T12:00:00.000000000,201.57,260.37785
2022-11-10T13:00:00.000000000,195.43,263.40293
2022-11-10T14:00:00.000000000,203.94,264.10914
2022-11-10T15:00:00.000000000,219.01,263.58946
2022-11-10T16:00:00.000000000,231.74,261.64518
2022-11-10T17:00:00.000000000,229.16,257.40557
2022-11-10T18:00:00.000000000,233.1,252.12
2022-11-10T19:00:00.000000000,244.14,248.00797
2022-11-10T20:00:00.000000000,246.62,245.06249
2022-11-10T21:00:00.000000000,248.79,243.25959
2022-11-10T22:00:00.000000000,248.64,243.76821
2022-11-10T23:00:00.000000000,243.73,247.22091
2022-11-08T00:00:00.000000000,325.83,311.92367
2022-11-08T01:00:00.000000000,295.67,303.34334
2022-11-08T02:00:00.000000000,251.43,293.20919
2022-11-08T03:00:00.000000000,217.49,283.9931
2022-11-08T04:00:00.000000000,198.52,276.17315
2022-11-08T05:00:00.000000000,186.33,269.90381
2022-11-08T06:00:00.000000000,177.19,265.17287
2022-11-08T07:00:00.000000000,177.44,261.56806
2022-11-08T08:00:00.000000000,181.31,259.42352
2022-11-08T09:00:00.000000000,194.28,258.59694
2022-11-08T10:00:00.000000000,195.75,258.98347
2022-11-08T11:00:00.000000000,199.65,260.90776
2022-11-08T12:00:00.000000000,206.14,264.5139
2022-11-08T13:00:00.000000000,209.41,267.57399
2022-11-08T14:00:00.000000000,210.14,269.4058
2022-11-08T15:00:00.000000000,213.51,271.05855
2022-11-08T16:00:00.000000000,220.42,272.36083
2022-11-08T17:00:00.000000000,224.84,271.89879
2022-11-08T18:00:00.000000000,215.88,269.76014
2022-11-08T19:00:00.000000000,209.47,267.34952
2022-11-08T20:00:00.000000000,218.28,264.73778
2022-11-08T21:00:00.000000000,227.22,261.91601
2022-11-08T22:00:00.000000000,222.19,259.50651
2022-11-08T23:00:00.000000000,221.51,258.2511
2022-11-09T00:00:00.000000000,214.39,247.70024
2022-11-09T01:00:00.000000000,206.01,243.7928
2022-11-09T02:00:00.000000000,192.37,239.90014
2022-11-09T03:00:00.000000000,190.28,238.02999
2022-11-09T04:00:00.000000000,188.36,237.63478
2022-11-09T05:00:00.000000000,186.41,237.93695
2022-11-09T06:00:00.000000000,189.65,238.53326
2022-11-09T07:00:00.000000000,170.46,238.8054
2022-11-09T08:00:00.000000000,161.99,239.15745
2022-11-09T09:00:00.000000000,165.82,239.68227
2022-11-09T10:00:00.000000000,168.52,240.56585
2022-11-09T11:00:00.000000000,169.55,242.34157
2022-11-09T12:00:00.000000000,174.98,244.84759
2022-11-09T13:00:00.000000000,176.98,245.89884
2022-11-09T14:00:00.000000000,189.04,245.04222
2022-11-09T15:00:00.000000000,197.7,243.755
2022-11-09T16:00:00.000000000,209.37,242.16431
2022-11-09T17:00:00.000000000,216.16,239.23638
2022-11-09T18:00:00.000000000,223.37,235.90528
2022-11-09T19:00:00.000000000,222.37,233.74662
2022-11-09T20:00:00.000000000,223.59,232.38261
2022-11-09T21:00:00.000000000,218.75,231.39155
2022-11-09T22:00:00.000000000,221.11,231.14885
2022-11-09T23:00:00.000000000,220.6,232.60902
2022-11-10T00:00:00.000000000,222.22,211.04885
2022-11-10T01:00:00.000000000,218.92,208.55033
2022-11-10T02:00:00.000000000,216.86,205.19831
2022-11-10T03:00:00.000000000,217.09,203.7724
2022-11-10T04:00:00.000000000,210.01,204.14365
2022-11-10T05:00:00.000000000,208.56,205.25575
2022-11-10T06:00:00.000000000,198.24,206.92445
2022-11-10T07:00:00.000000000,194.89,209.26778
2022-11-10T08:00:00.000000000,187.98,213.36331
2022-11-10T09:00:00.000000000,177.33,218.31299
2022-11-10T10:00:00.000000000,178.73,223.98252
2022-11-10T11:00:00.000000000,184.2,230.75813
2022-11-10T12:00:00.000000000,201.57,239.0048
2022-11-10T13:00:00.000000000,195.43,245.69936
2022-11-10T14:00:00.000000000,203.94,250.26492
2022-11-10T15:00:00.000000000,219.01,253.8426
2022-11-10T16:00:00.000000000,231.74,255.91615
2022-11-10T17:00:00.000000000,229.16,255.58696
2022-11-10T18:00:00.000000000,233.1,254.21602
2022-11-10T19:00:00.000000000,244.14,253.71871
2022-11-10T20:00:00.000000000,246.62,254.34965
2022-11-10T21:00:00.000000000,248.79,256.42958
2022-11-10T22:00:00.000000000,248.64,261.30178
2022-11-10T23:00:00.000000000,243.73,269.15076
2022-11-11T00:00:00.000000000,240.03,284.3416
2022-11-11T01:00:00.000000000,242.31,280.0258
2022-11-11T02:00:00.000000000,227.48,273.86796
2022-11-11T03:00:00.000000000,221.51,269.00689
2022-11-11T04:00:00.000000000,198.92,264.84227
2022-11-11T05:00:00.000000000,193.53,261.00468
2022-11-11T06:00:00.000000000,185.81,258.51271
2022-11-11T07:00:00.000000000,177.94,257.69238
2022-11-11T08:00:00.000000000,174.48,260.06588
2022-11-11T09:00:00.000000000,172.12,264.66521
2022-11-11T10:00:00.000000000,170.96,270.97167
2022-11-11T11:00:00.000000000,172.55,278.92878
2022-11-11T12:00:00.000000000,185.31,289.29281
2022-11-11T13:00:00.000000000,193.16,299.67534
2022-11-11T14:00:00.000000000,216.1,310.51689
2022-11-11T15:00:00.000000000,222.83,322.78737
2022-11-11T16:00:00.000000000,223.16,335.41456
2022-11-11T17:00:00.000000000,233.63,348.22962
2022-11-11T18:00:00.000000000,236.76,360.91355
2022-11-11T19:00:00.000000000,235.69,373.63136
2022-11-11T20:00:00.000000000,242.51,385.26849
2022-11-11T21:00:00.000000000,256.16,395.20849
2022-11-11T22:00:00.000000000,276.07,402.82796
2022-11-11T23:00:00.000000000,283.11,408.49943
2022-11-09T00:00:00.000000000,214.39,211.78641
2022-11-09T01:00:00.000000000,206.01,209.6745
2022-11-09T02:00:00.000000000,192.37,209.68244
2022-11-09T03:00:00.000000000,190.28,213.09754
2022-11-09T04:00:00.000000000,188.36,218.53306
2022-11-09T05:00:00.000000000,186.41,224.31128
2022-11-09T06:00:00.000000000,189.65,229.7698
2022-11-09T07:00:00.000000000,170.46,233.80069
2022-11-09T08:00:00.000000000,161.99,237.49019
2022-11-09T09:00:00.000000000,165.82,241.43044
2022-11-09T10:00:00.000000000,168.52,245.51499
2022-11-09T11:00:00.000000000,169.55,250.22618
2022-11-09T12:00:00.000000000,174.98,254.88717
2022-11-09T13:00:00.000000000,176.98,257.54658
2022-11-09T14:00:00.000000000,189.04,257.71409
2022-11-09T15:00:00.000000000,197.7,256.777
2022-11-09T16:00:00.000000000,209.37,254.63764
2022-11-09T17:00:00.000000000,216.16,250.21707
2022-11-09T18:00:00.000000000,223.37,244.77234
2022-11-09T19:00:00.000000000,222.37,239.27803
2022-11-09T20:00:00.000000000,223.59,233.22328
2022-11-09T21:00:00.000000000,218.75,226.74757
2022-11-09T22:00:00.000000000,221.11,220.91957
2022-11-09T23:00:00.000000000,220.6,217.24149
2022-11-10T00:00:00.000000000,222.22,235.19361
2022-11-10T01:00:00.000000000,218.92,233.70694
2022-11-10T02:00:00.000000000,216.86,230.5683
2022-11-10T03:00:00.000000000,217.09,228.35627
2022-11-10T04:00:00.000000000,210.01,226.33955
2022-11-10T05:00:00.000000000,208.56,223.87852
2022-11-10T06:00:00.000000000,198.24,221.85798
2022-11-10T07:00:00.000000000,194.89,221.05943
2022-11-10T08:00:00.000000000,187.98,223.02778
2022-11-10T09:00:00.000000000,177.33,226.33324
2022-11-10T10:00:00.000000000,178.73,230.61874
2022-11-10T11:00:00.000000000,184.2,236.10412
2022-11-10T12:00:00.000000000,201.57,243.7215
2022-11-10T13:00:00.000000000,195.43,250.99152
2022-11-10T14:00:00.000000000,203.94,258.66619
2022-11-10T15:00:00.000000000,219.01,268.40912
2022-11-10T16:00:00.000000000,231.74,279.45377
2022-11-10T17:00:00.000000000,229.16,291.15819
2022-11-10T18:00:00.000000000,233.1,303.40927
2022-11-10T19:00:00.000000000,244.14,316.77973
2022-11-10T20:00:00.000000000,246.62,330.41986
2022-11-10T21:00:00.000000000,248.79,343.83749
2022-11-10T22:00:00.000000000,248.64,356.85669
2022-11-10T23:00:00.000000000,243.73,369.57916
2022-11-11T00:00:00.000000000,240.03,375.94828
2022-11-11T01:00:00.000000000,242.31,367.85592
2022-11-11T02:00:00.000000000,227.48,356.75782
2022-11-11T03:00:00.000000000,221.51,345.61747
2022-11-11T04:00:00.000000000,198.92,334.73439
2022-11-11T05:00:00.000000000,193.53,324.52988
2022-11-11T06:00:00.000000000,185.81,316.28123
2022-11-11T07:00:00.000000000,177.94,310.34808
2022-11-11T08:00:00.000000000,174.48,307.98628
2022-11-11T09:00:00.000000000,172.12,308.51522
2022-11-11T10:00:00.000000000,170.96,311.65812
2022-11-11T11:00:00.000000000,172.55,317.05183
2022-11-11T12:00:00.000000000,185.31,325.93462
2022-11-11T13:00:00.000000000,193.16,336.27022
2022-11-11T14:00:00.000000000,216.1,347.55919
2022-11-11T15:00:00.000000000,222.83,359.61311
2022-11-11T16:00:00.000000000,223.16,370.9918
2022-11-11T17:00:00.000000000,233.63,381.59052
2022-11-11T18:00:00.000000000,236.76,390.58905
2022-11-11T19:00:00.000000000,235.69,398.43139
2022-11-11T20:00:00.000000000,242.51,404.43719
2022-11-11T21:00:00.000000000,256.16,408.43861
2022-11-11T22:00:00.000000000,276.07,410.56253
2022-11-11T23:00:00.000000000,283.11,411.50551
2022-11-12T00:00:00.000000000,328.82,433.28386
2022-11-12T01:00:00.000000000,381.81,423.22203
2022-11-12T02:00:00.000000000,395.21,411.61746
2022-11-12T03:00:00.000000000,417.67,401.22878
2022-11-12T04:00:00.000000000,439.5,392.41371
2022-11-12T05:00:00.000000000,454.06,386.30161
2022-11-12T06:00:00.000000000,460.21,384.27026
2022-11-12T07:00:00.000000000,466.53,385.79118
2022-11-12T08:00:00.000000000,478.29,391.67036
2022-11-12T09:00:00.000000000,481.19,401.25939
2022-11-12T10:00:00.000000000,473.96,413.15069
2022-11-12T11:00:00.000000000,470.04,426.55076
2022-11-12T12:00:00.000000000,470.67,443.24862
2022-11-12T13:00:00.000000000,475.9,461.11493
2022-11-12T14:00:00.000000000,485.59,478.09349
2022-11-12T15:00:00.000000000,509.99,492.97593
2022-11-12T16:00:00.000000000,527.35,504.49408
2022-11-12T17:00:00.000000000,539.15,513.57322
2022-11-12T18:00:00.000000000,545.43,519.68065
2022-11-12T19:00:00.000000000,550.15,522.79682
2022-11-12T20:00:00.000000000,558.92,522.91498
2022-11-12T21:00:00.000000000,568.18,520.39805
2022-11-12T22:00:00.000000000,575.87,515.39453
2022-11-12T23:00:00.000000000,576.48,508.4576
2022-11-10T00:00:00.000000000,222.22,236.5566
2022-11-10T01:00:00.000000000,218.92,234.60903
2022-11-10T02:00:00.000000000,216.86,231.05629
2022-11-10T03:00:00.000000000,217.09,228.37669
2022-11-10T04:00:00.000000000,210.01,225.89019
2022-11-10T05:00:00.000000000,208.56,222.94555
2022-11-10T06:00:00.000000000,198.24,220.44587
2022-11-10T07:00:00.000000000,194.89,219.22399
2022-11-10T08:00:00.000000000,187.98,220.86643
2022-11-10T09:00:00.000000000,177.33,224.12816
2022-11-10T10:00:00.000000000,178.73,228.73413
2022-11-10T11:00:00.000000000,184.2,234.76281
2022-11-10T12:00:00.000000000,201.57,242.8438
2022-11-10T13:00:00.000000000,195.43,250.43556
2022-11-10T14:00:00.000000000,203.94,258.18835
2022-11-10T15:00:00.000000000,219.01,267.74439
2022-11-10T16:00:00.000000000,231.74,278.21913
2022-11-10T17:00:00.000000000,229.16,288.9523
2022-11-10T18:00:00.000000000,233.1,299.98103
2022-11-10T19:00:00.000000000,244.14,311.9668
2022-11-10T20:00:00.000000000,246.62,323.9785
2022-11-10T21:00:00.000000000,248.79,335.57367
2022-11-10T22:00:00.000000000,248.64,346.8668
2022-11-10T23:00:00.000000000,243.73,358.11544
2022-11-11T00:00:00.000000000,240.03,364.92976
2022-11-11T01:00:00.000000000,242.31,356.91359
2022-11-11T02:00:00.000000000,227.48,345.9849
2022-11-11T03:00:00.000000000,221.51,335.15226
2022-11-11T04:00:00.000000000,198.92,324.67055
2022-11-11T05:00:00.000000000,193.53,314.90798
2022-11-11T06:00:00.000000000,185.81,307.08278
2022-11-11T07:00:00.000000000,177.94,301.44622
2022-11-11T08:00:00.000000000,174.48,299.25547
2022-11-11T09:00:00.000000000,172.12,299.85184
2022-11-11T10:00:00.000000000,170.96,302.9914
2022-11-11T11:00:00.000000000,172.55,308.44775
2022-11-11T12:00:00.000000000,185.31,317.41421
2022-11-11T13:00:00.000000000,193.16,327.85741
2022-11-11T14:00:00.000000000,216.1,339.42498
2022-11-11T15:00:00.000000000,222.83,352.00911
2022-11-11T16:00:00.000000000,223.16,364.14042
2022-11-11T17:00:00.000000000,233.63,375.59523
2022-11-11T18:00:00.000000000,236.76,385.5329
2022-11-11T19:00:00.000000000,235.69,394.25315
2022-11-11T20:00:00.000000000,242.51,400.99219
2022-11-11T21:00:00.000000000,256.16,405.54571
2022-11-11T22:00:00.000000000,276.07,407.96332
2022-11-11T23:00:00.000000000,283.11,408.92284
2022-11-12T00:00:00.000000000,328.82,417.83738
2022-11-12T01:00:00.000000000,381.81,409.13612
2022-11-12T02:00:00.000000000,395.21,399.93779
2022-11-12T03:00:00.000000000,417.67,392.68106
2022-11-12T04:00:00.000000000,439.5,387.37683
2022-11-12T05:00:00.000000000,454.06,384.67666
2022-11-12T06:00:00.000000000,460.21,385.48693
2022-11-12T07:00:00.000000000,466.53,388.87744
2022-11-12T08:00:00.000000000,478.29,395.69098
2022-11-12T09:00:00.000000000,481.19,405.20953
2022-11-12T10:00:00.000000000,473.96,415.96197
2022-11-12T11:00:00.000000000,470.04,427.25715
2022-11-12T12:00:00.000000000,470.67,440.72692
2022-11-12T13:00:00.000000000,475.9,454.63495
2022-11-12T14:00:00.000000000,485.59,467.60279
2022-11-12T15:00:00.000000000,509.99,479.09694
2022-11-12T16:00:00.000000000,527.35,487.77395
2022-11-12T17:00:00.000000000,539.15,494.23565
2022-11-12T18:00:00.000000000,545.43,497.99163
2022-11-12T19:00:00.000000000,550.15,498.91421
2022-11-12T20:00:00.000000000,558.92,497.13191
2022-11-12T21:00:00.000000000,568.18,493.13691
2022-11-12T22:00:00.000000000,575.87,487.00713
2022-11-12T23:00:00.000000000,576.48,479.48083
2022-11-13T00:00:00.000000000,551.28,482.09341
2022-11-13T01:00:00.000000000,514.69,475.75759
2022-11-13T02:00:00.000000000,470.27,467.49471
2022-11-13T03:00:00.000000000,432.4,458.41869
2022-11-13T04:00:00.000000000,409.63,448.50409
2022-11-13T05:00:00.000000000,398.44,438.58233
2022-11-13T06:00:00.000000000,383.33,429.16112
2022-11-13T07:00:00.000000000,372.64,420.80601
2022-11-13T08:00:00.000000000,362.46,415.31295
2022-11-13T09:00:00.000000000,355.37,413.05209
2022-11-13T10:00:00.000000000,348.54,413.50262
2022-11-13T11:00:00.000000000,342.19,415.56307
2022-11-13T12:00:00.000000000,336.78,420.17268
2022-11-13T13:00:00.000000000,328.51,425.11058
2022-11-13T14:00:00.000000000,322.72,428.93608
2022-11-13T15:00:00.000000000,327.11,431.88719
2022-11-13T16:00:00.000000000,330.28,433.68563
2022-11-13T17:00:00.000000000,325.08,435.22099
2022-11-13T18:00:00.000000000,314.29,435.44702
2022-11-13T19:00:00.000000000,294.05,434.54514
2022-11-13T20:00:00.000000000,270.47,432.27456
2022-11-13T21:00:00.000000000,255.26,428.49371
2022-11-13T22:00:00.000000000,251.26,423.82142
2022-11-13T23:00:00.000000000,258.61,419.22453
2022-11-11T00:00:00.000000000,240.03,266.92251
2022-11-11T01:00:00.000000000,242.31,264.35208
2022-11-11T02:00:00.000000000,227.48,260.55096
2022-11-11T03:00:00.000000000,221.51,257.56601
2022-11-11T04:00:00.000000000,198.92,254.74832
2022-11-11T05:00:00.000000000,193.53,251.48391
2022-11-11T06:00:00.000000000,185.81,248.78924
2022-11-11T07:00:00.000000000,177.94,246.75618
2022-11-11T08:00:00.000000000,174.48,247.24481
2022-11-11T09:00:00.000000000,172.12,250.15639
2022-11-11T10:00:00.000000000,170.96,255.38813
2022-11-11T11:00:00.000000000,172.55,263.3968
2022-11-11T12:00:00.000000000,185.31,274.64064
2022-11-11T13:00:00.000000000,193.16,286.51402
2022-11-11T14:00:00.000000000,216.1,299.02219
2022-11-11T15:00:00.000000000,222.83,312.91147
2022-11-11T16:00:00.000000000,223.16,327.14143
2022-11-11T17:00:00.000000000,233.63,340.81617
2022-11-11T18:00:00.000000000,236.76,353.23769
2022-11-11T19:00:00.000000000,235.69,364.42658
2022-11-11T20:00:00.000000000,242.51,373.33089
2022-11-11T21:00:00.000000000,256.16,380.03876
2022-11-11T22:00:00.000000000,276.07,384.74852
2022-11-11T23:00:00.000000000,283.11,388.45574
2022-11-12T00:00:00.000000000,328.82,400.78863
2022-11-12T01:00:00.000000000,381.81,392.74735
2022-11-12T02:00:00.000000000,395.21,384.26939
2022-11-12T03:00:00.000000000,417.67,377.94305
2022-11-12T04:00:00.000000000,439.5,373.61096
2022-11-12T05:00:00.000000000,454.06,371.7625
2022-11-12T06:00:00.000000000,460.21,373.2818
2022-11-12T07:00:00.000000000,466.53,377.18345
2022-11-12T08:00:00.000000000,478.29,384.34371
2022-11-12T09:00:00.000000000,481.19,394.14408
2022-11-12T10:00:00.000000000,473.96,405.19558
2022-11-12T11:00:00.000000000,470.04,416.97931
2022-11-12T12:00:00.000000000,470.67,431.07467
2022-11-12T13:00:00.000000000,475.9,445.63637
2022-11-12T14:00:00.000000000,485.59,459.27733
2022-11-12T15:00:00.000000000,509.99,471.43393
2022-11-12T16:00:00.000000000,527.35,480.80768
2022-11-12T17:00:00.000000000,539.15,488.01885
2022-11-12T18:00:00.000000000,545.43,492.67881
2022-11-12T19:00:00.000000000,550.15,494.61711
2022-11-12T20:00:00.000000000,558.92,493.85038
2022-11-12T21:00:00.000000000,568.18,490.76677
2022-11-12T22:00:00.000000000,575.87,485.29855
2022-11-12T23:00:00.000000000,576.48,478.17622
2022-11-13T00:00:00.000000000,551.28,481.13981
2022-11-13T01:00:00.000000000,514.69,475.60237
2022-11-13T02:00:00.000000000,470.27,468.60051
2022-11-13T03:00:00.000000000,432.4,461.13353
2022-11-13T04:00:00.000000000,409.63,452.98594
2022-11-13T05:00:00.000000000,398.44,444.74794
2022-11-13T06:00:00.000000000,383.33,436.67353
2022-11-13T07:00:00.000000000,372.64,429.35403
2022-11-13T08:00:00.000000000,362.46,424.57033
2022-11-13T09:00:00.000000000,355.37,422.68121
2022-11-13T10:00:00.000000000,348.54,423.08589
2022-11-13T11:00:00.000000000,342.19,424.59742
2022-11-13T12:00:00.000000000,336.78,427.97797
2022-11-13T13:00:00.000000000,328.51,431.07284
2022-11-13T14:00:00.000000000,322.72,432.52187
2022-11-13T15:00:00.000000000,327.11,432.78975
2022-11-13T16:00:00.000000000,330.28,431.80692
2022-11-13T17:00:00.000000000,325.08,430.60673
2022-11-13T18:00:00.000000000,314.29,428.3705
2022-11-13T19:00:00.000000000,294.05,425.32269
2022-11-13T20:00:00.000000000,270.47,421.29015
2022-11-13T21:00:00.000000000,255.26,416.09795
2022-11-13T22:00:00.000000000,251.26,410.36161
2022-11-13T23:00:00.000000000,258.61,405.04858
2022-11-14T00:00:00.000000000,271.53,398.92849
2022-11-14T01:00:00.000000000,262.65,388.11245
2022-11-14T02:00:00.000000000,255.05,374.83723
2022-11-14T03:00:00.000000000,263.09,362.76294
2022-11-14T04:00:00.000000000,262.08,352.20612
2022-11-14T05:00:00.000000000,269.63,343.34789
2022-11-14T06:00:00.000000000,275.81,337.49436
2022-11-14T07:00:00.000000000,283.6,334.83956
2022-11-14T08:00:00.000000000,301.26,336.83935
2022-11-14T09:00:00.000000000,339.78,342.25688
2022-11-14T10:00:00.000000000,387.05,350.00753
2022-11-14T11:00:00.000000000,401.09,359.67421
2022-11-14T12:00:00.000000000,416.32,372.79499
2022-11-14T13:00:00.000000000,410.27,387.10786
2022-11-14T14:00:00.000000000,418.8,401.42238
2022-11-14T15:00:00.000000000,423.34,414.82746
2022-11-14T16:00:00.000000000,430.72,425.61569
2022-11-14T17:00:00.000000000,445.48,433.8864
2022-11-14T18:00:00.000000000,446.84,439.31918
2022-11-14T19:00:00.000000000,445.38,442.48924
2022-11-14T20:00:00.000000000,442.55,443.99525
2022-11-14T21:00:00.000000000,451.06,444.61915
2022-11-14T22:00:00.000000000,458.83,444.60403
2022-11-14T23:00:00.000000000,464.68,444.09505
2022-11-12T00:00:00.000000000,328.82,332.87995
2022-11-12T01:00:00.000000000,381.81,329.80311
2022-11-12T02:00:00.000000000,395.21,326.2007
2022-11-12T03:00:00.000000000,417.67,324.45823
2022-11-12T04:00:00.000000000,439.5,323.80993
2022-11-12T05:00:00.000000000,454.06,324.54561
2022-11-12T06:00:00.000000000,460.21,327.951
2022-11-12T07:00:00.000000000,466.53,333.54038
2022-11-12T08:00:00.000000000,478.29,342.6366
2022-11-12T09:00:00.000000000,481.19,355.19337
2022-11-12T10:00:00.000000000,473.96,370.12992
2022-11-12T11:00:00.000000000,470.04,386.85548
2022-11-12T12:00:00.000000000,470.67,406.13742
2022-11-12T13:00:00.000000000,475.9,425.19876
2022-11-12T14:00:00.000000000,485.59,442.51207
2022-11-12T15:00:00.000000000,509.99,457.71274
2022-11-12T16:00:00.000000000,527.35,470.28979
2022-11-12T17:00:00.000000000,539.15,481.36764
2022-11-12T18:00:00.000000000,545.43,490.64077
2022-11-12T19:00:00.000000000,550.15,497.41831
2022-11-12T20:00:00.000000000,558.92,500.82817
2022-11-12T21:00:00.000000000,568.18,500.79727
2022-11-12T22:00:00.000000000,575.87,497.08441
2022-11-12T23:00:00.000000000,576.48,490.88049
2022-11-13T00:00:00.000000000,551.28,493.83751
2022-11-13T01:00:00.000000000,514.69,487.35162
2022-11-13T02:00:00.000000000,470.27,479.51245
2022-11-13T03:00:00.000000000,432.4,471.36318
2022-11-13T04:00:00.000000000,409.63,462.64986
2022-11-13T05:00:00.000000000,398.44,453.89072
2022-11-13T06:00:00.000000000,383.33,445.29605
2022-11-13T07:00:00.000000000,372.64,437.51281
2022-11-13T08:00:00.000000000,362.46,432.51319
2022-11-13T09:00:00.000000000,355.37,430.6767
2022-11-13T10:00:00.000000000,348.54,431.29821
2022-11-13T11:00:00.000000000,342.19,433.0517
2022-11-13T12:00:00.000000000,336.78,436.6578
2022-11-13T13:00:00.000000000,328.51,439.88799
2022-11-13T14:00:00.000000000,322.72,441.33408
2022-11-13T15:00:00.000000000,327.11,441.44564
2022-11-13T16:00:00.000000000,330.28,440.26756
2022-11-13T17:00:00.000000000,325.08,438.85442
2022-11-13T18:00:00.000000000,314.29,436.33413
2022-11-13T19:00:00.000000000,294.05,432.78165
2022-11-13T20:00:00.000000000,270.47,428.07318
2022-11-13T21:00:00.000000000,255.26,422.06411
2022-11-13T22:00:00.000000000,251.26,415.37101
2022-11-13T23:00:00.000000000,258.61,408.94703
2022-11-14T00:00:00.000000000,271.53,397.04618
2022-11-14T01:00:00.000000000,262.65,386.4992
2022-11-14T02:00:00.000000000,255.05,371.95549
2022-11-14T03:00:00.000000000,263.09,356.9015
2022-11-14T04:00:00.000000000,262.08,342.54022
2022-11-14T05:00:00.000000000,269.63,329.95992
2022-11-14T06:00:00.000000000,275.81,320.92234
2022-11-14T07:00:00.000000000,283.6,316.11428
2022-11-14T08:00:00.000000000,301.26,316.381
2022-11-14T09:00:00.000000000,339.78,320.12392
2022-11-14T10:00:00.000000000,387.05,326.43833
2022-11-14T11:00:00.000000000,401.09,334.64293
2022-11-14T12:00:00.000000000,416.32,346.23641
2022-11-14T13:00:00.000000000,410.27,359.16361
2022-11-14T14:00:00.000000000,418.8,372.62534
2022-11-14T15:00:00.000000000,423.34,385.93626
2022-11-14T16:00:00.000000000,430.72,397.29673
2022-11-14T17:00:00.000000000,445.48,406.46748
2022-11-14T18:00:00.000000000,446.84,412.67036
2022-11-14T19:00:00.000000000,445.38,416.87756
2022-11-14T20:00:00.000000000,442.55,419.63705
2022-11-14T21:00:00.000000000,451.06,421.66585
2022-11-14T22:00:00.000000000,458.83,423.4522
2022-11-14T23:00:00.000000000,464.68,425.19708
2022-11-15T00:00:00.000000000,491.84,440.27597
2022-11-15T01:00:00.000000000,500.62,436.09184
2022-11-15T02:00:00.000000000,501.37,432.44775
2022-11-15T03:00:00.000000000,505.07,430.78553
2022-11-15T04:00:00.000000000,516.83,430.37383
2022-11-15T05:00:00.000000000,530.21,431.41334
2022-11-15T06:00:00.000000000,534.71,433.86753
2022-11-15T07:00:00.000000000,530.7,437.16316
2022-11-15T08:00:00.000000000,520.86,442.45488
2022-11-15T09:00:00.000000000,499.41,449.06847
2022-11-15T10:00:00.000000000,475.24,455.61896
2022-11-15T11:00:00.000000000,465.16,461.42254
2022-11-15T12:00:00.000000000,458.68,467.94462
2022-11-15T13:00:00.000000000,445.36,473.66605
2022-11-15T14:00:00.000000000,450.55,477.68719
2022-11-15T15:00:00.000000000,459.5,480.45376
2022-11-15T16:00:00.000000000,484.73,481.08286
2022-11-15T17:00:00.000000000,491.06,480.87657
2022-11-15T18:00:00.000000000,487.23,479.54669
2022-11-15T19:00:00.000000000,475.96,477.09377
2022-11-15T20:00:00.000000000,471.26,473.82871
2022-11-15T21:00:00.000000000,475.98,469.9916
2022-11-15T22:00:00.000000000,477.61,465.5259
2022-11-15T23:00:00.000000000,494.04,460.98824
2022-11-13T00:00:00.000000000,551.28,569.49347
2022-11-13T01:00:00.000000000,514.69,563.55096
2022-11-13T02:00:00.000000000,470.27,556.45254
2022-11-13T03:00:00.000000000,432.4,548.3357
2022-11-13T04:00:00.000000000,409.63,538.63064
2022-11-13T05:00:00.000000000,398.44,528.00038
2022-11-13T06:00:00.000000000,383.33,516.08673
2022-11-13T07:00:00.000000000,372.64,504.16227
2022-11-13T08:00:00.000000000,362.46,495.0151
2022-11-13T09:00:00.000000000,355.37,489.40223
2022-11-13T10:00:00.000000000,348.54,486.69987
2022-11-13T11:00:00.000000000,342.19,485.16878
2022-11-13T12:00:00.000000000,336.78,485.8956
2022-11-13T13:00:00.000000000,328.51,486.56614
2022-11-13T14:00:00.000000000,322.72,485.81645
2022-11-13T15:00:00.000000000,327.11,484.37075
2022-11-13T16:00:00.000000000,330.28,482.62403
2022-11-13T17:00:00.000000000,325.08,482.27993
2022-11-13T18:00:00.000000000,314.29,481.46999
2022-11-13T19:00:00.000000000,294.05,480.02828
2022-11-13T20:00:00.000000000,270.47,477.69028
2022-11-13T21:00:00.000000000,255.26,474.00187
2022-11-13T22:00:00.000000000,251.26,469.4773
2022-11-13T23:00:00.000000000,258.61,464.85545
2022-11-14T00:00:00.000000000,271.53,452.59538
2022-11-14T01:00:00.000000000,262.65,439.05072
2022-11-14T02:00:00.000000000,255.05,422.72685
2022-11-14T03:00:00.000000000,263.09,406.84018
2022-11-14T04:00:00.000000000,262.08,392.04684
2022-11-14T05:00:00.000000000,269.63,379.22341
2022-11-14T06:00:00.000000000,275.81,369.70069
2022-11-14T07:00:00.000000000,283.6,363.79461
2022-11-14T08:00:00.000000000,301.26,363.07345
2022-11-14T09:00:00.000000000,339.78,366.67855
2022-11-14T10:00:00.000000000,387.05,373.45109
2022-11-14T11:00:00.000000000,401.09,382.77721
2022-11-14T12:00:00.000000000,416.32,396.03473
2022-11-14T13:00:00.000000000,410.27,410.82501
2022-11-14T14:00:00.000000000,418.8,425.65767
2022-11-14T15:00:00.000000000,423.34,439.47548
2022-11-14T16:00:00.000000000,430.72,450.62057
2022-11-14T17:00:00.000000000,445.48,459.17621
2022-11-14T18:00:00.000000000,446.84,464.29297
2022-11-14T19:00:00.000000000,445.38,466.50663
2022-11-14T20:00:00.000000000,442.55,466.57615
2022-11-14T21:00:00.000000000,451.06,465.31487
2022-11-14T22:00:00.000000000,458.83,462.95616
2022-11-14T23:00:00.000000000,464.68,459.80377
2022-11-15T00:00:00.000000000,491.84,465.17708
2022-11-15T01:00:00.000000000,500.62,464.98955
2022-11-15T02:00:00.000000000,501.37,465.14173
2022-11-15T03:00:00.000000000,505.07,466.20894
2022-11-15T04:00:00.000000000,516.83,467.09951
2022-11-15T05:00:00.000000000,530.21,467.84161
2022-11-15T06:00:00.000000000,534.71,468.06989
2022-11-15T07:00:00.000000000,530.7,467.55628
2022-11-15T08:00:00.000000000,520.86,467.82642
2022-11-15T09:00:00.000000000,499.41,468.85979
2022-11-15T10:00:00.000000000,475.24,469.99457
2022-11-15T11:00:00.000000000,465.16,470.69964
2022-11-15T12:00:00.000000000,458.68,472.50483
2022-11-15T13:00:00.000000000,445.36,473.95971
2022-11-15T14:00:00.000000000,450.55,474.51932
2022-11-15T15:00:00.000000000,459.5,474.9556
2022-11-15T16:00:00.000000000,484.73,474.48424
2022-11-15T17:00:00.000000000,491.06,474.85697
2022-11-15T18:00:00.000000000,487.23,475.34294
2022-11-15T19:00:00.000000000,475.96,475.77706
2022-11-15T20:00:00.000000000,471.26,475.8143
2022-11-15T21:00:00.000000000,475.98,475.11799
2022-11-15T22:00:00.000000000,477.61,473.48145
2022-11-15T23:00:00.000000000,494.04,471.51054
2022-11-16T00:00:00.000000000,504.68,483.87698
2022-11-16T01:00:00.000000000,503.1,477.5199
2022-11-16T02:00:00.000000000,496.39,469.8587
2022-11-16T03:00:00.000000000,491.56,461.87962
2022-11-16T04:00:00.000000000,490.71,453.36578
2022-11-16T05:00:00.000000000,485.37,445.14992
2022-11-16T06:00:00.000000000,459.42,437.60511
2022-11-16T07:00:00.000000000,443.45,431.20234
2022-11-16T08:00:00.000000000,431.47,427.85561
2022-11-16T09:00:00.000000000,422.98,427.82002
2022-11-16T10:00:00.000000000,403.49,430.27799
2022-11-16T11:00:00.000000000,401.03,434.10916
2022-11-16T12:00:00.000000000,416.73,440.18451
2022-11-16T13:00:00.000000000,422.5,446.31183
2022-11-16T14:00:00.000000000,427.94,451.20997
2022-11-16T15:00:00.000000000,435.7,455.13263
2022-11-16T16:00:00.000000000,446.6,457.55477
2022-11-16T17:00:00.000000000,453.07,459.48805
2022-11-16T18:00:00.000000000,451.23,459.78466
2022-11-16T19:00:00.000000000,446.56,458.55272
2022-11-16T20:00:00.000000000,431.15,455.82143
2022-11-16T21:00:00.000000000,422.9,451.70971
2022-11-16T22:00:00.000000000,424.82,446.71003
2022-11-16T23:00:00.000000000,454.94,441.77555
2022-11-14T00:00:00.000000000,271.53,344.94223
2022-11-14T01:00:00.000000000,262.65,339.29758
2022-11-14T02:00:00.000000000,255.05,331.94816
2022-11-14T03:00:00.000000000,263.09,325.58573
2022-11-14T04:00:00.000000000,262.08,319.8582
2022-11-14T05:00:00.000000000,269.63,314.88419
2022-11-14T06:00:00.000000000,275.81,312.04654
2022-11-14T07:00:00.000000000,283.6,311.5195
2022-11-14T08:00:00.000000000,301.26,314.83639
2022-11-14T09:00:00.000000000,339.78,321.29927
2022-11-14T10:00:00.000000000,387.05,330.39836
2022-11-14T11:00:00.000000000,401.09,342.15381
2022-11-14T12:00:00.000000000,416.32,357.91402
2022-11-14T13:00:00.000000000,410.27,375.0927
2022-11-14T14:00:00.000000000,418.8,392.51564
2022-11-14T15:00:00.000000000,423.34,409.43618
2022-11-14T16:00:00.000000000,430.72,424.49789
2022-11-14T17:00:00.000000000,445.48,437.71964
2022-11-14T18:00:00.000000000,446.84,448.33474
2022-11-14T19:00:00.000000000,445.38,456.17535
2022-11-14T20:00:00.000000000,442.55,461.24065
2022-11-14T21:00:00.000000000,451.06,463.93446
2022-11-14T22:00:00.000000000,458.83,464.34692
2022-11-14T23:00:00.000000000,464.68,463.43445
2022-11-15T00:00:00.000000000,491.84,482.84919
2022-11-15T01:00:00.000000000,500.62,484.40384
2022-11-15T02:00:00.000000000,501.37,486.12718
2022-11-15T03:00:00.000000000,505.07,488.45958
2022-11-15T04:00:00.000000000,516.83,490.36085
2022-11-15T05:00:00.000000000,530.21,491.97998
2022-11-15T06:00:00.000000000,534.71,492.77684
2022-11-15T07:00:00.000000000,530.7,492.46403
2022-11-15T08:00:00.000000000,520.86,492.33483
2022-11-15T09:00:00.000000000,499.41,492.02862
2022-11-15T10:00:00.000000000,475.24,491.01125
2022-11-15T11:00:00.000000000,465.16,488.9631
2022-11-15T12:00:00.000000000,458.68,488.12688
2022-11-15T13:00:00.000000000,445.36,487.37716
2022-11-15T14:00:00.000000000,450.55,486.50075
2022-11-15T15:00:00.000000000,459.5,486.37473
2022-11-15T16:00:00.000000000,484.73,486.05322
2022-11-15T17:00:00.000000000,491.06,487.43483
2022-11-15T18:00:00.000000000,487.23,489.42795
2022-11-15T19:00:00.000000000,475.96,491.77717
2022-11-15T20:00:00.000000000,471.26,494.13915
2022-11-15T21:00:00.000000000,475.98,495.99746
2022-11-15T22:00:00.000000000,477.61,496.96064
2022-11-15T23:00:00.000000000,494.04,497.34384
2022-11-16T00:00:00.000000000,504.68,509.06014
2022-11-16T01:00:00.000000000,503.1,506.12983
2022-11-16T02:00:00.000000000,496.39,501.82517
2022-11-16T03:00:00.000000000,491.56,496.31732
2022-11-16T04:00:00.000000000,490.71,488.96142
2022-11-16T05:00:00.000000000,485.37,480.54345
2022-11-16T06:00:00.000000000,459.42,471.06231
2022-11-16T07:00:00.000000000,443.45,461.42752
2022-11-16T08:00:00.000000000,431.47,453.71096
2022-11-16T09:00:00.000000000,422.98,448.45699
2022-11-16T10:00:00.000000000,403.49,445.38823
2022-11-16T11:00:00.000000000,401.03,443.47894
2022-11-16T12:00:00.000000000,416.73,444.11911
2022-11-16T13:00:00.000000000,422.5,445.36824
2022-11-16T14:00:00.000000000,427.94,446.14215
2022-11-16T15:00:00.000000000,435.7,447.02806
2022-11-16T16:00:00.000000000,446.6,447.621
2022-11-16T17:00:00.000000000,453.07,449.39634
2022-11-16T18:00:00.000000000,451.23,450.80981
2022-11-16T19:00:00.000000000,446.56,452.01799
2022-11-16T20:00:00.000000000,431.15,452.43981
2022-11-16T21:00:00.000000000,422.9,451.52575
2022-11-16T22:00:00.000000000,424.82,449.89617
2022-11-16T23:00:00.000000000,454.94,448.44348
2022-11-17T00:00:00.000000000,507.3,467.60516
2022-11-17T01:00:00.000000000,522.8,457.28571
2022-11-17T02:00:00.000000000,528.85,444.01154
2022-11-17T03:00:00.000000000,528.06,428.93401
2022-11-17T04:00:00.000000000,527.17,412.58829
2022-11-17T05:00:00.000000000,512.84,396.252
2022-11-17T06:00:00.000000000,486.23,380.56472
2022-11-17T07:00:00.000000000,448.41,366.87636
2022-11-17T08:00:00.000000000,393.57,356.98445
2022-11-17T09:00:00.000000000,348.42,351.22116
2022-11-17T10:00:00.000000000,336.65,349.6035
2022-11-17T11:00:00.000000000,338.95,351.18624
2022-11-17T12:00:00.000000000,356.34,356.64558
2022-11-17T13:00:00.000000000,368.82,363.39037
2022-11-17T14:00:00.000000000,362.13,369.92028
2022-11-17T15:00:00.000000000,354.63,376.30315
2022-11-17T16:00:00.000000000,387.18,382.04616
2022-11-17T17:00:00.000000000,384.52,387.28492
2022-11-17T18:00:00.000000000,373.0,390.24755
2022-11-17T19:00:00.000000000,369.11,391.42875
2022-11-17T20:00:00.000000000,350.09,390.4671
2022-11-17T21:00:00.000000000,342.3,387.31604
2022-11-17T22:00:00.000000000,324.88,383.08159
2022-11-17T23:00:00.000000000,307.76,378.90124
2022-11-15T00:00:00.000000000,491.84,484.50388
2022-11-15T01:00:00.000000000,500.62,485.70687
2022-11-15T02:00:00.000000000,501.37,487.05877
2022-11-15T03:00:00.000000000,505.07,488.94102
2022-11-15T04:00:00.000000000,516.83,490.31212
2022-11-15T05:00:00.000000000,530.21,491.25283
2022-11-15T06:00:00.000000000,534.71,491.22786
2022-11-15T07:00:00.000000000,530.7,490.06596
2022-11-15T08:00:00.000000000,520.86,489.20702
2022-11-15T09:00:00.000000000,499.41,488.51689
2022-11-15T10:00:00.000000000,475.24,487.50276
2022-11-15T11:00:00.000000000,465.16,485.68349
2022-11-15T12:00:00.000000000,458.68,484.91973
2022-11-15T13:00:00.000000000,445.36,483.93378
2022-11-15T14:00:00.000000000,450.55,482.47689
2022-11-15T15:00:00.000000000,459.5,481.52349
2022-11-15T16:00:00.000000000,484.73,480.28732
2022-11-15T17:00:00.000000000,491.06,480.71526
2022-11-15T18:00:00.000000000,487.23,481.83057
2022-11-15T19:00:00.000000000,475.96,483.41159
2022-11-15T20:00:00.000000000,471.26,485.03165
2022-11-15T21:00:00.000000000,475.98,486.14309
2022-11-15T22:00:00.000000000,477.61,486.34148
2022-11-15T23:00:00.000000000,494.04,485.99762
2022-11-16T00:00:00.000000000,504.68,499.73162
2022-11-16T01:00:00.000000000,503.1,492.88675
2022-11-16T02:00:00.000000000,496.39,483.13125
2022-11-16T03:00:00.000000000,491.56,471.054
2022-11-16T04:00:00.000000000,490.71,456.95879
2022-11-16T05:00:00.000000000,485.37,442.34503
2022-11-16T06:00:00.000000000,459.42,427.8914
2022-11-16T07:00:00.000000000,443.45,414.98001
2022-11-16T08:00:00.000000000,431.47,405.56609
2022-11-16T09:00:00.000000000,422.98,400.06123
2022-11-16T10:00:00.000000000,403.49,398.14661
2022-11-16T11:00:00.000000000,401.03,398.51583
2022-11-16T12:00:00.000000000,416.73,402.21263
2022-11-16T13:00:00.000000000,422.5,406.90632
2022-11-16T14:00:00.000000000,427.94,411.17647
2022-11-16T15:00:00.000000000,435.7,415.28939
2022-11-16T16:00:00.000000000,446.6,418.79365
2022-11-16T17:00:00.000000000,453.07,422.43171
2022-11-16T18:00:00.000000000,451.23,424.34952
2022-11-16T19:00:00.000000000,446.56,424.97927
2022-11-16T20:00:00.000000000,431.15,423.97178
2022-11-16T21:00:00.000000000,422.9,421.21696
2022-11-16T22:00:00.000000000,424.82,417.97756
2022-11-16T23:00:00.000000000,454.94,415.29479
2022-11-17T00:00:00.000000000,507.3,424.79063
2022-11-17T01:00:00.000000000,522.8,411.99289
2022-11-17T02:00:00.000000000,528.85,396.25341
2022-11-17T03:00:00.000000000,528.06,379.66753
2022-11-17T04:00:00.000000000,527.17,362.99983
2022-11-17T05:00:00.000000000,512.84,347.42522
2022-11-17T06:00:00.000000000,486.23,333.87395
2022-11-17T07:00:00.000000000,448.41,322.97097
2022-11-17T08:00:00.000000000,393.57,316.17246
2022-11-17T09:00:00.000000000,348.42,313.579
2022-11-17T10:00:00.000000000,336.65,315.00581
2022-11-17T11:00:00.000000000,338.95,319.83431
2022-11-17T12:00:00.000000000,356.34,328.59453
2022-11-17T13:00:00.000000000,368.82,338.81155
2022-11-17T14:00:00.000000000,362.13,349.2165
2022-11-17T15:00:00.000000000,354.63,359.65226
2022-11-17T16:00:00.000000000,387.18,369.17273
2022-11-17T17:00:00.000000000,384.52,377.18637
2022-11-17T18:00:00.000000000,373.0,382.16624
2022-11-17T19:00:00.000000000,369.11,384.34927
2022-11-17T20:00:00.000000000,350.09,383.37751
2022-11-17T21:00:00.000000000,342.3,379.44783
2022-11-17T22:00:00.000000000,324.88,373.53214
2022-11-17T23:00:00.000000000,307.76,366.83896
2022-11-18T00:00:00.000000000,306.33,370.49227
2022-11-18T01:00:00.000000000,305.07,359.3218
2022-11-18T02:00:00.000000000,294.14,345.06514
2022-11-18T03:00:00.000000000,281.06,330.94883
2022-11-18T04:00:00.000000000,268.96,318.26379
2022-11-18T05:00:00.000000000,265.49,308.54735
2022-11-18T06:00:00.000000000,263.57,303.22295
2022-11-18T07:00:00.000000000,256.93,302.0988
2022-11-18T08:00:00.000000000,261.2,305.58814
2022-11-18T09:00:00.000000000,271.78,312.34447
2022-11-18T10:00:00.000000000,278.28,321.13778
2022-11-18T11:00:00.000000000,291.32,331.33641
2022-11-18T12:00:00.000000000,315.64,343.89713
2022-11-18T13:00:00.000000000,337.59,356.98312
2022-11-18T14:00:00.000000000,356.73,370.32496
2022-11-18T15:00:00.000000000,361.68,383.76314
2022-11-18T16:00:00.000000000,360.86,395.57921
2022-11-18T17:00:00.000000000,370.91,404.95085
2022-11-18T18:00:00.000000000,388.63,410.7605
2022-11-18T19:00:00.000000000,409.55,413.36604
2022-11-18T20:00:00.000000000,417.63,413.19593
2022-11-18T21:00:00.000000000,425.73,410.92859
2022-11-18T22:00:00.000000000,442.31,406.88084
2022-11-18T23:00:00.000000000,469.66,401.94721
2022-11-16T00:00:00.000000000,504.68,523.81695
2022-11-16T01:00:00.000000000,503.1,517.12471
2022-11-16T02:00:00.000000000,496.39,508.39783
2022-11-16T03:00:00.000000000,491.56,498.25703
2022-11-16T04:00:00.000000000,490.71,486.42529
2022-11-16T05:00:00.000000000,485.37,473.87159
2022-11-16T06:00:00.000000000,459.42,460.91467
2022-11-16T07:00:00.000000000,443.45,448.57311
2022-11-16T08:00:00.000000000,431.47,439.32092
2022-11-16T09:00:00.000000000,422.98,433.93936
2022-11-16T10:00:00.000000000,403.49,432.13983
2022-11-16T11:00:00.000000000,401.03,432.73043
2022-11-16T12:00:00.000000000,416.73,436.84117
2022-11-16T13:00:00.000000000,422.5,442.09784
2022-11-16T14:00:00.000000000,427.94,447.06668
2022-11-16T15:00:00.000000000,435.7,451.85662
2022-11-16T16:00:00.000000000,446.6,456.07273
2022-11-16T17:00:00.000000000,453.07,460.86429
2022-11-16T18:00:00.000000000,451.23,464.39493
2022-11-16T19:00:00.000000000,446.56,466.55467
2022-11-16T20:00:00.000000000,431.15,466.86844
2022-11-16T21:00:00.000000000,422.9,464.99477
2022-11-16T22:00:00.000000000,424.82,461.55688
2022-11-16T23:00:00.000000000,454.94,457.5866
2022-11-17T00:00:00.000000000,507.3,477.92957
2022-11-17T01:00:00.000000000,522.8,468.64534
2022-11-17T02:00:00.000000000,528.85,455.9489
2022-11-17T03:00:00.000000000,528.06,441.03538
2022-11-17T04:00:00.000000000,527.17,424.66545
2022-11-17T05:00:00.000000000,512.84,408.40822
2022-11-17T06:00:00.000000000,486.23,393.23953
2022-11-17T07:00:00.000000000,448.41,380.36738
2022-11-17T08:00:00.000000000,393.57,371.65049
2022-11-17T09:00:00.000000000,348.42,367.45497
2022-11-17T10:00:00.000000000,336.65,367.38618
2022-11-17T11:00:00.000000000,338.95,370.27923
2022-11-17T12:00:00.000000000,356.34,376.87179
2022-11-17T13:00:00.000000000,368.82,384.55498
2022-11-17T14:00:00.000000000,362.13,391.74156
2022-11-17T15:00:00.000000000,354.63,398.40739
2022-11-17T16:00:00.000000000,387.18,404.08336
2022-11-17T17:00:00.000000000,384.52,408.90124
2022-11-17T18:00:00.000000000,373.0,411.09527
2022-11-17T19:00:00.000000000,369.11,411.01324
2022-11-17T20:00:00.000000000,350.09,408.59137
2022-11-17T21:00:00.000000000,342.3,404.05933
2022-11-17T22:00:00.000000000,324.88,398.71425
2022-11-17T23:00:00.000000000,307.76,393.69876
2022-11-18T00:00:00.000000000,306.33,399.31566
2022-11-18T01:00:00.000000000,305.07,387.83132
2022-11-18T02:00:00.000000000,294.14,373.34586
2022-11-18T03:00:00.000000000,281.06,358.7823
2022-11-18T04:00:00.000000000,268.96,345.45759
2022-11-18T05:00:00.000000000,265.49,335.06142
2022-11-18T06:00:00.000000000,263.57,329.04692
2022-11-18T07:00:00.000000000,256.93,327.25304
2022-11-18T08:00:00.000000000,261.2,330.21729
2022-11-18T09:00:00.000000000,271.78,336.83664
2022-11-18T10:00:00.000000000,278.28,345.7492
2022-11-18T11:00:00.000000000,291.32,356.06532
2022-11-18T12:00:00.000000000,315.64,368.66214
2022-11-18T13:00:00.000000000,337.59,381.5919
2022-11-18T14:00:00.000000000,356.73,394.10135
2022-11-18T15:00:00.000000000,361.68,405.9281
2022-11-18T16:00:00.000000000,360.86,415.58222
2022-11-18T17:00:00.000000000,370.91,422.47129
2022-11-18T18:00:00.000000000,388.63,425.54866
2022-11-18T19:00:00.000000000,409.55,425.23756
2022-11-18T20:00:00.000000000,417.63,422.16463
2022-11-18T21:00:00.000000000,425.73,417.17317
2022-11-18T22:00:00.000000000,442.31,410.85097
2022-11-18T23:00:00.000000000,469.66,404.19006
2022-11-19T00:00:00.000000000,490.11,405.76511
2022-11-19T01:00:00.000000000,487.0,393.04758
2022-11-19T02:00:00.000000000,476.22,375.99757
2022-11-19T03:00:00.000000000,459.72,358.08462
2022-11-19T04:00:00.000000000,440.23,341.04978
2022-11-19T05:00:00.000000000,414.9,326.70961
2022-11-19T06:00:00.000000000,384.79,316.92113
2022-11-19T07:00:00.000000000,365.05,312.02604
2022-11-19T08:00:00.000000000,351.46,312.47529
2022-11-19T09:00:00.000000000,334.94,316.85564
2022-11-19T10:00:00.000000000,330.95,324.17331
2022-11-19T11:00:00.000000000,331.09,333.85071
2022-11-19T12:00:00.000000000,336.28,347.24659
2022-11-19T13:00:00.000000000,339.44,362.25142
2022-11-19T14:00:00.000000000,340.7,377.87775
2022-11-19T15:00:00.000000000,349.32,393.21951
2022-11-19T16:00:00.000000000,363.41,406.45386
2022-11-19T17:00:00.000000000,355.12,416.95965
2022-11-19T18:00:00.000000000,343.29,423.60865
2022-11-19T19:00:00.000000000,338.69,427.20524
2022-11-19T20:00:00.000000000,334.9,428.5668
2022-11-19T21:00:00.000000000,341.42,428.52512
2022-11-19T22:00:00.000000000,369.6,427.4076
2022-11-19T23:00:00.000000000,433.99,425.61392
2022-11-17T00:00:00.000000000,507.3,505.19309
2022-11-17T01:00:00.000000000,522.8,495.59046
2022-11-17T02:00:00.000000000,528.85,482.11286
2022-11-17T03:00:00.000000000,528.06,465.8039
2022-11-17T04:00:00.000000000,527.17,447.54242
2022-11-17T05:00:00.000000000,512.84,429.22686
2022-11-17T06:00:00.000000000,486.23,411.87557
2022-11-17T07:00:00.000000000,448.41,396.92616
2022-11-17T08:00:00.000000000,393.57,386.29087
2022-11-17T09:00:00.000000000,348.42,380.39171
2022-11-17T10:00:00.000000000,336.65,378.84732
2022-11-17T11:00:00.000000000,338.95,380.32291
2022-11-17T12:00:00.000000000,356.34,385.706
2022-11-17T13:00:00.000000000,368.82,392.41827
2022-11-17T14:00:00.000000000,362.13,398.87664
2022-11-17T15:00:00.000000000,354.63,405.08183
2022-11-17T16:00:00.000000000,387.18,410.58653
2022-11-17T17:00:00.000000000,384.52,415.69156
2022-11-17T18:00:00.000000000,373.0,418.38408
2022-11-17T19:00:00.000000000,369.11,419.01381
2022-11-17T20:00:00.000000000,350.09,417.49042
2022-11-17T21:00:00.000000000,342.3,413.87421
2022-11-17T22:00:00.000000000,324.88,409.42552
2022-11-17T23:00:00.000000000,307.76,405.13803
2022-11-18T00:00:00.000000000,306.33,409.97268
2022-11-18T01:00:00.000000000,305.07,399.01695
2022-11-18T02:00:00.000000000,294.14,385.60359
2022-11-18T03:00:00.000000000,281.06,372.36981
2022-11-18T04:00:00.000000000,268.96,360.35348
2022-11-18T05:00:00.000000000,265.49,351.05526
2022-11-18T06:00:00.000000000,263.57,345.79323
2022-11-18T07:00:00.000000000,256.93,344.34838
2022-11-18T08:00:00.000000000,261.2,347.47015
2022-11-18T09:00:00.000000000,271.78,354.28737
2022-11-18T10:00:00.000000000,278.28,363.36496
2022-11-18T11:00:00.000000000,291.32,373.70542
2022-11-18T12:00:00.000000000,315.64,386.09169
2022-11-18T13:00:00.000000000,337.59,398.51571
2022-11-18T14:00:00.000000000,356.73,409.98702
2022-11-18T15:00:00.000000000,361.68,420.28811
2022-11-18T16:00:00.000000000,360.86,428.15581
2022-11-18T17:00:00.000000000,370.91,433.2143
2022-11-18T18:00:00.000000000,388.63,434.56227
2022-11-18T19:00:00.000000000,409.55,432.5185
2022-11-18T20:00:00.000000000,417.63,427.71536
2022-11-18T21:00:00.000000000,425.73,421.03678
2022-11-18T22:00:00.000000000,442.31,413.19891
2022-11-18T23:00:00.000000000,469.66,405.28986
2022-11-19T00:00:00.000000000,490.11,407.99885
2022-11-19T01:00:00.000000000,487.0,393.82065
2022-11-19T02:00:00.000000000,476.22,376.18163
2022-11-19T03:00:00.000000000,459.72,358.86646
2022-11-19T04:00:00.000000000,440.23,343.23978
2022-11-19T05:00:00.000000000,414.9,330.7113
2022-11-19T06:00:00.000000000,384.79,322.95222
2022-11-19T07:00:00.000000000,365.05,319.88191
2022-11-19T08:00:00.000000000,351.46,322.24991
2022-11-19T09:00:00.000000000,334.94,328.87994
2022-11-19T10:00:00.000000000,330.95,338.53856
2022-11-19T11:00:00.000000000,331.09,350.84096
2022-11-19T12:00:00.000000000,336.28,367.05599
2022-11-19T13:00:00.000000000,339.44,384.81981
2022-11-19T14:00:00.000000000,340.7,402.74331
2022-11-19T15:00:00.000000000,349.32,419.56645
2022-11-19T16:00:00.000000000,363.41,433.52612
2022-11-19T17:00:00.000000000,355.12,444.09195
2022-11-19T18:00:00.000000000,343.29,450.43507
2022-11-19T19:00:00.000000000,338.69,453.11271
2022-11-19T20:00:00.000000000,334.9,453.15793
2022-11-19T21:00:00.000000000,341.42,451.54279
2022-11-19T22:00:00.000000000,369.6,448.30093
2022-11-19T23:00:00.000000000,433.99,443.83688
2022-11-20T00:00:00.000000000,503.41,455.63585
2022-11-20T01:00:00.000000000,530.42,453.22304
2022-11-20T02:00:00.000000000,543.8,450.9563
2022-11-20T03:00:00.000000000,550.32,449.71761
2022-11-20T04:00:00.000000000,543.31,448.7129
2022-11-20T05:00:00.000000000,519.22,447.78618
2022-11-20T06:00:00.000000000,477.7,446.82696
2022-11-20T07:00:00.000000000,433.12,445.8579
2022-11-20T08:00:00.000000000,402.41,446.58764
2022-11-20T09:00:00.000000000,388.37,449.02796
2022-11-20T10:00:00.000000000,373.3,452.32743
2022-11-20T11:00:00.000000000,366.51,455.36007
2022-11-20T12:00:00.000000000,352.83,459.08904
2022-11-20T13:00:00.000000000,339.48,461.75534
2022-11-20T14:00:00.000000000,330.74,462.52657
2022-11-20T15:00:00.000000000,336.82,462.07931
2022-11-20T16:00:00.000000000,360.64,460.23117
2022-11-20T17:00:00.000000000,369.05,458.33203
2022-11-20T18:00:00.000000000,349.26,455.81498
2022-11-20T19:00:00.000000000,332.67,452.35315
2022-11-20T20:00:00.000000000,317.86,447.72695
2022-11-20T21:00:00.000000000,307.92,441.89936
2022-11-20T22:00:00.000000000,301.75,435.22348
2022-11-20T23:00:00.000000000,318.63,428.69471
2022-11-18T00:00:00.000000000,306.33,325.57621
2022-11-18T01:00:00.000000000,305.07,318.98692
2022-11-18T02:00:00.000000000,294.14,310.97164
2022-11-18T03:00:00.000000000,281.06,303.75102
2022-11-18T04:00:00.000000000,268.96,297.66097
2022-11-18T05:00:00.000000000,265.49,293.55781
2022-11-18T06:00:00.000000000,263.57,292.54988
2022-11-18T07:00:00.000000000,256.93,294.21192
2022-11-18T08:00:00.000000000,261.2,299.56828
2022-11-18T09:00:00.000000000,271.78,308.01846
2022-11-18T10:00:00.000000000,278.28,318.33106
2022-11-18T11:00:00.000000000,291.32,329.98524
2022-11-18T12:00:00.000000000,315.64,343.52895
2022-11-18T13:00:00.000000000,337.59,356.82364
2022-11-18T14:00:00.000000000,356.73,369.52638
2022-11-18T15:00:00.000000000,361.68,381.91473
2022-11-18T16:00:00.000000000,360.86,392.98559
2022-11-18T17:00:00.000000000,370.91,401.89572
2022-11-18T18:00:00.000000000,388.63,407.56791
2022-11-18T19:00:00.000000000,409.55,409.74103
2022-11-18T20:00:00.000000000,417.63,408.18605
2022-11-18T21:00:00.000000000,425.73,403.52937
2022-11-18T22:00:00.000000000,442.31,396.67108
2022-11-18T23:00:00.000000000,469.66,389.34423
2022-11-19T00:00:00.000000000,490.11,393.49205
2022-11-19T01:00:00.000000000,487.0,380.24474
2022-11-19T02:00:00.000000000,476.22,362.55092
2022-11-19T03:00:00.000000000,459.72,344.26311
2022-11-19T04:00:00.000000000,440.23,327.22021
2022-11-19T05:00:00.000000000,414.9,313.20269
2022-11-19T06:00:00.000000000,384.79,304.17314
2022-11-19T07:00:00.000000000,365.05,300.42013
2022-11-19T08:00:00.000000000,351.46,302.25362
2022-11-19T09:00:00.000000000,334.94,307.96835
2022-11-19T10:00:00.000000000,330.95,316.48017
2022-11-19T11:00:00.000000000,331.09,327.27104
2022-11-19T12:00:00.000000000,336.28,341.73894
2022-11-19T13:00:00.000000000,339.44,357.79415
2022-11-19T14:00:00.000000000,340.7,374.57159
2022-11-19T15:00:00.000000000,349.32,391.07649
2022-11-19T16:00:00.000000000,363.41,405.33766
2022-11-19T17:00:00.000000000,355.12,416.62983
2022-11-19T18:00:00.000000000,343.29,423.93304
2022-11-19T19:00:00.000000000,338.69,428.08797
2022-11-19T20:00:00.000000000,334.9,430.02747
2022-11-19T21:00:00.000000000,341.42,430.65048
2022-11-19T22:00:00.000000000,369.6,430.14299
2022-11-19T23:00:00.000000000,433.99,428.79022
2022-11-20T00:00:00.000000000,503.41,451.70896
2022-11-20T01:00:00.000000000,530.42,448.83935
2022-11-20T02:00:00.000000000,543.8,446.27252
2022-11-20T03:00:00.000000000,550.32,444.98651
2022-11-20T04:00:00.000000000,543.31,444.24618
2022-11-20T05:00:00.000000000,519.22,443.89896
2022-11-20T06:00:00.000000000,477.7,443.89989
2022-11-20T07:00:00.000000000,433.12,444.15194
2022-11-20T08:00:00.000000000,402.41,446.24437
2022-11-20T09:00:00.000000000,388.37,450.00689
2022-11-20T10:00:00.000000000,373.3,454.47328
2022-11-20T11:00:00.000000000,366.51,458.45838
2022-11-20T12:00:00.000000000,352.83,462.97365
2022-11-20T13:00:00.000000000,339.48,466.33557
2022-11-20T14:00:00.000000000,330.74,467.71789
2022-11-20T15:00:00.000000000,336.82,467.74709
2022-11-20T16:00:00.000000000,360.64,466.15166
2022-11-20T17:00:00.000000000,369.05,464.22032
2022-11-20T18:00:00.000000000,349.26,461.4317
2022-11-20T19:00:00.000000000,332.67,457.4472
2022-11-20T20:00:00.000000000,317.86,452.12226
2022-11-20T21:00:00.000000000,307.92,445.54695
2022-11-20T22:00:00.000000000,301.75,438.13144
2022-11-20T23:00:00.000000000,318.63,430.90922
2022-11-21T00:00:00.000000000,335.93,423.72054
2022-11-21T01:00:00.000000000,328.86,409.60985
2022-11-21T02:00:00.000000000,312.19,392.7598
2022-11-21T03:00:00.000000000,291.4,377.47475
2022-11-21T04:00:00.000000000,278.72,364.23278
2022-11-21T05:00:00.000000000,267.41,354.35739
2022-11-21T06:00:00.000000000,254.02,349.64354
2022-11-21T07:00:00.000000000,248.31,349.92894
2022-11-21T08:00:00.000000000,250.06,356.09233
2022-11-21T09:00:00.000000000,263.04,367.69209
2022-11-21T10:00:00.000000000,285.88,383.22979
2022-11-21T11:00:00.000000000,333.9,402.00824
2022-11-21T12:00:00.000000000,375.42,425.26676
2022-11-21T13:00:00.000000000,402.99,449.72712
2022-11-21T14:00:00.000000000,427.98,472.59017
2022-11-21T15:00:00.000000000,461.49,492.04887
2022-11-21T16:00:00.000000000,523.02,507.29066
2022-11-21T17:00:00.000000000,556.92,519.46008
2022-11-21T18:00:00.000000000,568.16,528.27577
2022-11-21T19:00:00.000000000,565.49,534.09253
2022-11-21T20:00:00.000000000,560.31,536.80765
2022-11-21T21:00:00.000000000,562.5,536.43198
2022-11-21T22:00:00.000000000,567.51,532.41198
2022-11-21T23:00:00.000000000,567.06,524.77769
2022-11-19T00:00:00.000000000,490.11,500.60943
2022-11-19T01:00:00.000000000,487.0,484.91253
2022-11-19T02:00:00.000000000,476.22,464.52695
2022-11-19T03:00:00.000000000,459.72,441.89558
2022-11-19T04:00:00.000000000,440.23,418.8981
2022-11-19T05:00:00.000000000,414.9,398.06931
2022-11-19T06:00:00.000000000,384.79,381.24402
2022-11-19T07:00:00.000000000,365.05,369.75629
2022-11-19T08:00:00.000000000,351.46,364.65859
2022-11-19T09:00:00.000000000,334.94,364.95437
2022-11-19T10:00:00.000000000,330.95,369.581
2022-11-19T11:00:00.000000000,331.09,377.15888
2022-11-19T12:00:00.000000000,336.28,389.07442
2022-11-19T13:00:00.000000000,339.44,402.97808
2022-11-19T14:00:00.000000000,340.7,417.03569
2022-11-19T15:00:00.000000000,349.32,430.05127
2022-11-19T16:00:00.000000000,363.41,440.40823
2022-11-19T17:00:00.000000000,355.12,448.00678
2022-11-19T18:00:00.000000000,343.29,451.16736
2022-11-19T19:00:00.000000000,338.69,450.88267
2022-11-19T20:00:00.000000000,334.9,448.10367
2022-11-19T21:00:00.000000000,341.42,443.78065
2022-11-19T22:00:00.000000000,369.6,439.30333
2022-11-19T23:00:00.000000000,433.99,435.20721
2022-11-20T00:00:00.000000000,503.41,458.7612
2022-11-20T01:00:00.000000000,530.42,455.5957
2022-11-20T02:00:00.000000000,543.8,452.51947
2022-11-20T03:00:00.000000000,550.32,450.49865
2022-11-20T04:00:00.000000000,543.31,448.82647
2022-11-20T05:00:00.000000000,519.22,447.51742
2022-11-20T06:00:00.000000000,477.7,446.62551
2022-11-20T07:00:00.000000000,433.12,446.02869
2022-11-20T08:00:00.000000000,402.41,447.38423
2022-11-20T09:00:00.000000000,388.37,450.57706
2022-11-20T10:00:00.000000000,373.3,454.64347
2022-11-20T11:00:00.000000000,366.51,458.41193
2022-11-20T12:00:00.000000000,352.83,463.03279
2022-11-20T13:00:00.000000000,339.48,466.85955
2022-11-20T14:00:00.000000000,330.74,469.1858
2022-11-20T15:00:00.000000000,336.82,470.64659
2022-11-20T16:00:00.000000000,360.64,470.82992
2022-11-20T17:00:00.000000000,369.05,470.96843
2022-11-20T18:00:00.000000000,349.26,470.26249
2022-11-20T19:00:00.000000000,332.67,468.26766
2022-11-20T20:00:00.000000000,317.86,464.68838
2022-11-20T21:00:00.000000000,307.92,459.49802
2022-11-20T22:00:00.000000000,301.75,452.97477
2022-11-20T23:00:00.000000000,318.63,446.1702
2022-11-21T00:00:00.000000000,335.93,438.68756
2022-11-21T01:00:00.000000000,328.86,425.60882
2022-11-21T02:00:00.000000000,312.19,410.48481
2022-11-21T03:00:00.000000000,291.4,397.48454
2022-11-21T04:00:00.000000000,278.72,386.69093
2022-11-21T05:00:00.000000000,267.41,379.14615
2022-11-21T06:00:00.000000000,254.02,376.30828
2022-11-21T07:00:00.000000000,248.31,377.88207
2022-11-21T08:00:00.000000000,250.06,384.79269
2022-11-21T09:00:00.000000000,263.04,396.93564
2022-11-21T10:00:00.000000000,285.88,412.8563
2022-11-21T11:00:00.000000000,333.9,431.69299
2022-11-21T12:00:00.000000000,375.42,454.41075
2022-11-21T13:00:00.000000000,402.99,477.83811
2022-11-21T14:00:00.000000000,427.98,499.0207
2022-11-21T15:00:00.000000000,461.49,516.24342
2022-11-21T16:00:00.000000000,523.02,528.84909
2022-11-21T17:00:00.000000000,556.92,538.69011
2022-11-21T18:00:00.000000000,568.16,545.87437
2022-11-21T19:00:00.000000000,565.49,550.67079
2022-11-21T20:00:00.000000000,560.31,552.52208
2022-11-21T21:00:00.000000000,562.5,551.05445
2022-11-21T22:00:00.000000000,567.51,545.50491
2022-11-21T23:00:00.000000000,567.06,536.00251
2022-11-22T00:00:00.000000000,543.79,550.81512
2022-11-22T01:00:00.000000000,497.91,546.12789
2022-11-22T02:00:00.000000000,455.19,540.26768
2022-11-22T03:00:00.000000000,420.54,533.57374
2022-11-22T04:00:00.000000000,387.22,525.49132
2022-11-22T05:00:00.000000000,352.34,516.76429
2022-11-22T06:00:00.000000000,329.66,507.21681
2022-11-22T07:00:00.000000000,309.9,497.66061
2022-11-22T08:00:00.000000000,298.66,490.60372
2022-11-22T09:00:00.000000000,281.57,486.52056
2022-11-22T10:00:00.000000000,284.3,484.92237
2022-11-22T11:00:00.000000000,299.45,484.46532
2022-11-22T12:00:00.000000000,332.24,486.6933
2022-11-22T13:00:00.000000000,362.21,489.548
2022-11-22T14:00:00.000000000,384.72,492.01539
2022-11-22T15:00:00.000000000,391.19,494.55149
2022-11-22T16:00:00.000000000,440.72,496.85799
2022-11-22T17:00:00.000000000,482.16,500.49994
2022-11-22T18:00:00.000000000,468.64,503.36785
2022-11-22T19:00:00.000000000,428.0,505.11597
2022-11-22T20:00:00.000000000,396.38,505.45987
2022-11-22T21:00:00.000000000,404.7,504.03541
2022-11-22T22:00:00.000000000,432.27,501.11173
2022-11-22T23:00:00.000000000,458.59,497.53443
2022-11-20T00:00:00.000000000,503.41,519.64341
2022-11-20T01:00:00.000000000,530.42,513.69622
2022-11-20T02:00:00.000000000,543.8,506.65379
2022-11-20T03:00:00.000000000,550.32,499.32448
2022-11-20T04:00:00.000000000,543.31,491.61844
2022-11-20T05:00:00.000000000,519.22,484.39712
2022-11-20T06:00:00.000000000,477.7,478.13244
2022-11-20T07:00:00.000000000,433.12,473.24753
2022-11-20T08:00:00.000000000,402.41,471.63404
2022-11-20T09:00:00.000000000,388.37,473.1189
2022-11-20T10:00:00.000000000,373.3,476.60323
2022-11-20T11:00:00.000000000,366.51,480.22557
2022-11-20T12:00:00.000000000,352.83,485.43255
2022-11-20T13:00:00.000000000,339.48,490.42416
2022-11-20T14:00:00.000000000,330.74,494.20783
2022-11-20T15:00:00.000000000,336.82,497.24278
2022-11-20T16:00:00.000000000,360.64,499.21766
2022-11-20T17:00:00.000000000,369.05,501.40179
2022-11-20T18:00:00.000000000,349.26,502.22565
2022-11-20T19:00:00.000000000,332.67,501.24264
2022-11-20T20:00:00.000000000,317.86,498.19606
2022-11-20T21:00:00.000000000,307.92,493.10174
2022-11-20T22:00:00.000000000,301.75,486.63749
2022-11-20T23:00:00.000000000,318.63,479.78506
2022-11-21T00:00:00.000000000,335.93,483.66373
2022-11-21T01:00:00.000000000,328.86,472.40374
2022-11-21T02:00:00.000000000,312.19,459.61036
2022-11-21T03:00:00.000000000,291.4,448.23803
2022-11-21T04:00:00.000000000,278.72,438.52682
2022-11-21T05:00:00.000000000,267.41,431.63898
2022-11-21T06:00:00.000000000,254.02,428.69381
2022-11-21T07:00:00.000000000,248.31,429.59437
2022-11-21T08:00:00.000000000,250.06,435.23455
2022-11-21T09:00:00.000000000,263.04,445.18077
2022-11-21T10:00:00.000000000,285.88,458.05907
2022-11-21T11:00:00.000000000,333.9,472.564
2022-11-21T12:00:00.000000000,375.42,489.88499
2022-11-21T13:00:00.000000000,402.99,507.69603
2022-11-21T14:00:00.000000000,427.98,523.59478
2022-11-21T15:00:00.000000000,461.49,536.23583
2022-11-21T16:00:00.000000000,523.02,544.54687
2022-11-21T17:00:00.000000000,556.92,550.47288
2022-11-21T18:00:00.000000000,568.16,553.77166
2022-11-21T19:00:00.000000000,565.49,554.63129
2022-11-21T20:00:00.000000000,560.31,552.79567
2022-11-21T21:00:00.000000000,562.5,548.24382
2022-11-21T22:00:00.000000000,567.51,540.8837
2022-11-21T23:00:00.000000000,567.06,531.19535
2022-11-22T00:00:00.000000000,543.79,544.6575
2022-11-22T01:00:00.000000000,497.91,540.87986
2022-11-22T02:00:00.000000000,455.19,535.99777
2022-11-22T03:00:00.000000000,420.54,530.39015
2022-11-22T04:00:00.000000000,387.22,523.33635
2022-11-22T05:00:00.000000000,352.34,515.402
2022-11-22T06:00:00.000000000,329.66,506.36513
2022-11-22T07:00:00.000000000,309.9,496.90068
2022-11-22T08:00:00.000000000,298.66,489.49171
2022-11-22T09:00:00.000000000,281.57,484.65454
2022-11-22T10:00:00.000000000,284.3,482.10551
2022-11-22T11:00:00.000000000,299.45,480.76045
2022-11-22T12:00:00.000000000,332.24,482.40253
2022-11-22T13:00:00.000000000,362.21,485.07021
2022-11-22T14:00:00.000000000,384.72,487.79054
2022-11-22T15:00:00.000000000,391.19,490.92381
2022-11-22T16:00:00.000000000,440.72,494.02693
2022-11-22T17:00:00.000000000,482.16,498.69148
2022-11-22T18:00:00.000000000,468.64,502.82895
2022-11-22T19:00:00.000000000,428.0,506.00306
2022-11-22T20:00:00.000000000,396.38,507.7423
2022-11-22T21:00:00.000000000,404.7,507.53121
2022-11-22T22:00:00.000000000,432.27,505.55801
2022-11-22T23:00:00.000000000,458.59,502.66878
2022-11-23T00:00:00.000000000,446.1,509.35054
2022-11-23T01:00:00.000000000,404.08,503.33361
2022-11-23T02:00:00.000000000,369.42,497.20512
2022-11-23T03:00:00.000000000,337.74,491.69244
2022-11-23T04:00:00.000000000,314.09,486.49958
2022-11-23T05:00:00.000000000,299.85,482.24857
2022-11-23T06:00:00.000000000,284.99,478.92182
2022-11-23T07:00:00.000000000,272.78,476.89423
2022-11-23T08:00:00.000000000,260.74,477.89062
2022-11-23T09:00:00.000000000,268.94,481.4912
2022-11-23T10:00:00.000000000,287.33,486.31457
2022-11-23T11:00:00.000000000,312.09,490.5128
2022-11-23T12:00:00.000000000,342.89,495.0659
2022-11-23T13:00:00.000000000,350.55,498.23806
2022-11-23T14:00:00.000000000,350.91,499.19899
2022-11-23T15:00:00.000000000,347.35,498.73658
2022-11-23T16:00:00.000000000,371.45,496.56981
2022-11-23T17:00:00.000000000,388.43,493.95804
2022-11-23T18:00:00.000000000,369.14,489.68662
2022-11-23T19:00:00.000000000,335.42,483.6934
2022-11-23T20:00:00.000000000,303.56,476.3348
2022-11-23T21:00:00.000000000,290.94,467.97051
2022-11-23T22:00:00.000000000,268.45,459.2655
2022-11-23T23:00:00.000000000,259.22,451.19739
2022-11-21T00:00:00.000000000,335.93,384.89492
2022-11-21T01:00:00.000000000,328.86,378.5292
2022-11-21T02:00:00.000000000,312.19,369.96963
2022-11-21T03:00:00.000000000,291.4,362.19066
2022-11-21T04:00:00.000000000,278.72,354.67275
2022-11-21T05:00:00.000000000,267.41,348.30975
2022-11-21T06:00:00.000000000,254.02,345.00158
2022-11-21T07:00:00.000000000,248.31,344.95772
2022-11-21T08:00:00.000000000,250.06,349.73571
2022-11-21T09:00:00.000000000,263.04,359.66872
2022-11-21T10:00:00.000000000,285.88,373.84846
2022-11-21T11:00:00.000000000,333.9,391.62373
2022-11-21T12:00:00.000000000,375.42,414.01011
2022-11-21T13:00:00.000000000,402.99,437.61762
2022-11-21T14:00:00.000000000,427.98,459.98867
2022-11-21T15:00:00.000000000,461.49,479.75844
2022-11-21T16:00:00.000000000,523.02,496.44544
2022-11-21T17:00:00.000000000,556.92,511.56459
2022-11-21T18:00:00.000000000,568.16,524.47842
2022-11-21T19:00:00.000000000,565.49,534.62567
2022-11-21T20:00:00.000000000,560.31,540.7956
2022-11-21T21:00:00.000000000,562.5,542.48149
2022-11-21T22:00:00.000000000,567.51,539.45858
2022-11-21T23:00:00.000000000,567.06,532.69788
2022-11-22T00:00:00.000000000,543.79,548.42722
2022-11-22T01:00:00.000000000,497.91,542.751
2022-11-22T02:00:00.000000000,455.19,535.55675
2022-11-22T03:00:00.000000000,420.54,527.38473
2022-11-22T04:00:00.000000000,387.22,517.73311
2022-11-22T05:00:00.000000000,352.34,507.34833
2022-11-22T06:00:00.000000000,329.66,496.23459
2022-11-22T07:00:00.000000000,309.9,485.21009
2022-11-22T08:00:00.000000000,298.66,476.9071
2022-11-22T09:00:00.000000000,281.57,471.96914
2022-11-22T10:00:00.000000000,284.3,470.08341
2022-11-22T11:00:00.000000000,299.45,470.02112
2022-11-22T12:00:00.000000000,332.24,473.326
2022-11-22T13:00:00.000000000,362.21,477.77621
2022-11-22T14:00:00.000000000,384.72,482.14364
2022-11-22T15:00:00.000000000,391.19,486.60535
2022-11-22T16:00:00.000000000,440.72,490.79407
2022-11-22T17:00:00.000000000,482.16,496.13794
2022-11-22T18:00:00.000000000,468.64,500.50408
2022-11-22T19:00:00.000000000,428.0,503.49378
2022-11-22T20:00:00.000000000,396.38,504.70282
2022-11-22T21:00:00.000000000,404.7,503.73646
2022-11-22T22:00:00.000000000,432.27,500.89899
2022-11-22T23:00:00.000000000,458.59,497.12144
2022-11-23T00:00:00.000000000,446.1,498.08002
2022-11-23T01:00:00.000000000,404.08,491.79989
2022-11-23T02:00:00.000000000,369.42,485.7351
2022-11-23T03:00:00.000000000,337.74,480.60553
2022-11-23T04:00:00.000000000,314.09,476.00543
2022-11-23T05:00:00.000000000,299.85,472.26542
2022-11-23T06:00:00.000000000,284.99,469.24884
2022-11-23T07:00:00.000000000,272.78,467.55577
2022-11-23T08:00:00.000000000,260.74,469.01635
2022-11-23T09:00:00.000000000,268.94,473.33692
2022-11-23T10:00:00.000000000,287.33,479.04293
2022-11-23T11:00:00.000000000,312.09,484.11417
2022-11-23T12:00:00.000000000,342.89,488.88986
2022-11-23T13:00:00.000000000,350.55,491.40192
2022-11-23T14:00:00.000000000,350.91,490.56723
2022-11-23T15:00:00.000000000,347.35,487.22935
2022-11-23T16:00:00.000000000,371.45,481.46594
2022-11-23T17:00:00.000000000,388.43,474.52619
2022-11-23T18:00:00.000000000,369.14,465.69006
2022-11-23T19:00:00.000000000,335.42,455.10202
2022-11-23T20:00:00.000000000,303.56,443.40297
2022-11-23T21:00:00.000000000,290.94,431.18377
2022-11-23T22:00:00.000000000,268.45,419.42914
2022-11-23T23:00:00.000000000,259.22,409.2761
2022-11-24T00:00:00.000000000,255.54,397.70844
2022-11-24T01:00:00.000000000,239.25,388.57486
2022-11-24T02:00:00.000000000,224.77,376.38243
2022-11-24T03:00:00.000000000,230.39,363.65684
2022-11-24T04:00:00.000000000,246.66,350.91946
2022-11-24T05:00:00.000000000,265.26,339.00217
2022-11-24T06:00:00.000000000,284.41,329.27637
2022-11-24T07:00:00.000000000,313.27,322.20084
2022-11-24T08:00:00.000000000,315.0,318.92928
2022-11-24T09:00:00.000000000,321.88,318.98035
2022-11-24T10:00:00.000000000,324.39,322.11275
2022-11-24T11:00:00.000000000,324.2,327.79236
2022-11-24T12:00:00.000000000,318.54,337.2486
2022-11-24T13:00:00.000000000,308.78,348.45216
2022-11-24T14:00:00.000000000,310.7,360.36799
2022-11-24T15:00:00.000000000,314.0,372.35982
2022-11-24T16:00:00.000000000,303.67,382.81646
2022-11-24T17:00:00.000000000,290.17,391.65958
2022-11-24T18:00:00.000000000,268.99,398.05941
2022-11-24T19:00:00.000000000,243.56,402.49313
2022-11-24T20:00:00.000000000,224.09,404.55355
2022-11-24T21:00:00.000000000,211.97,404.43404
2022-11-24T22:00:00.000000000,205.2,403.0557
2022-11-24T23:00:00.000000000,198.87,401.26677
2022-11-22T00:00:00.000000000,543.79,576.34272
2022-11-22T01:00:00.000000000,497.91,573.15187
2022-11-22T02:00:00.000000000,455.19,568.90596
2022-11-22T03:00:00.000000000,420.54,563.44879
2022-11-22T04:00:00.000000000,387.22,555.99789
2022-11-22T05:00:00.000000000,352.34,547.21091
2022-11-22T06:00:00.000000000,329.66,536.54471
2022-11-22T07:00:00.000000000,309.9,525.15123
2022-11-22T08:00:00.000000000,298.66,515.91102
2022-11-22T09:00:00.000000000,281.57,509.53981
2022-11-22T10:00:00.000000000,284.3,505.75587
2022-11-22T11:00:00.000000000,299.45,503.08594
2022-11-22T12:00:00.000000000,332.24,503.23174
2022-11-22T13:00:00.000000000,362.21,504.11658
2022-11-22T14:00:00.000000000,384.72,504.8197
2022-11-22T15:00:00.000000000,391.19,505.96903
2022-11-22T16:00:00.000000000,440.72,507.49856
2022-11-22T17:00:00.000000000,482.16,511.2249
2022-11-22T18:00:00.000000000,468.64,514.52752
2022-11-22T19:00:00.000000000,428.0,516.94669
2022-11-22T20:00:00.000000000,396.38,518.11286
2022-11-22T21:00:00.000000000,404.7,517.49213
2022-11-22T22:00:00.000000000,432.27,515.38526
2022-11-22T23:00:00.000000000,458.59,512.65481
2022-11-23T00:00:00.000000000,446.1,506.22303
2022-11-23T01:00:00.000000000,404.08,499.58567
2022-11-23T02:00:00.000000000,369.42,492.53796
2022-11-23T03:00:00.000000000,337.74,485.70314
2022-11-23T04:00:00.000000000,314.09,478.83601
2022-11-23T05:00:00.000000000,299.85,472.54774
2022-11-23T06:00:00.000000000,284.99,466.6701
2022-11-23T07:00:00.000000000,272.78,462.20296
2022-11-23T08:00:00.000000000,260.74,461.02656
2022-11-23T09:00:00.000000000,268.94,463.12701
2022-11-23T10:00:00.000000000,287.33,467.12564
2022-11-23T11:00:00.000000000,312.09,471.06117
2022-11-23T12:00:00.000000000,342.89,474.91257
2022-11-23T13:00:00.000000000,350.55,476.47412
2022-11-23T14:00:00.000000000,350.91,474.44523
2022-11-23T15:00:00.000000000,347.35,469.68119
2022-11-23T16:00:00.000000000,371.45,462.41522
2022-11-23T17:00:00.000000000,388.43,453.88838
2022-11-23T18:00:00.000000000,369.14,443.44755
2022-11-23T19:00:00.000000000,335.42,431.63733
2022-11-23T20:00:00.000000000,303.56,419.28254
2022-11-23T21:00:00.000000000,290.94,406.9083
2022-11-23T22:00:00.000000000,268.45,395.55068
2022-11-23T23:00:00.000000000,259.22,386.30134
2022-11-24T00:00:00.000000000,255.54,375.29157
2022-11-24T01:00:00.000000000,239.25,368.84809
2022-11-24T02:00:00.000000000,224.77,360.25847
2022-11-24T03:00:00.000000000,230.39,351.8742
2022-11-24T04:00:00.000000000,246.66,343.64778
2022-11-24T05:00:00.000000000,265.26,335.86543
2022-11-24T06:00:00.000000000,284.41,329.59344
2022-11-24T07:00:00.000000000,313.27,325.18115
2022-11-24T08:00:00.000000000,315.0,323.87879
2022-11-24T09:00:00.000000000,321.88,325.21737
2022-11-24T10:00:00.000000000,324.39,328.97633
2022-11-24T11:00:00.000000000,324.2,334.71414
2022-11-24T12:00:00.000000000,318.54,343.64106
2022-11-24T13:00:00.000000000,308.78,353.75534
2022-11-24T14:00:00.000000000,310.7,364.16888
2022-11-24T15:00:00.000000000,314.0,374.4891
2022-11-24T16:00:00.000000000,303.67,383.28197
2022-11-24T17:00:00.000000000,290.17,390.74555
2022-11-24T18:00:00.000000000,268.99,396.36635
2022-11-24T19:00:00.000000000,243.56,400.6491
2022-11-24T20:00:00.000000000,224.09,403.074
2022-11-24T21:00:00.000000000,211.97,403.68846
2022-11-24T22:00:00.000000000,205.2,403.24759
2022-11-24T23:00:00.000000000,198.87,402.65792
2022-11-25T00:00:00.000000000,197.27,401.94763
2022-11-25T01:00:00.000000000,196.15,397.71288
2022-11-25T02:00:00.000000000,193.77,392.20689
2022-11-25T03:00:00.000000000,195.94,386.86493
2022-11-25T04:00:00.000000000,209.27,381.42426
2022-11-25T05:00:00.000000000,212.86,376.46233
2022-11-25T06:00:00.000000000,209.03,372.53184
2022-11-25T07:00:00.000000000,212.7,370.01485
2022-11-25T08:00:00.000000000,211.55,370.01143
2022-11-25T09:00:00.000000000,209.05,372.13853
2022-11-25T10:00:00.000000000,212.5,375.86006
2022-11-25T11:00:00.000000000,225.28,380.42952
2022-11-25T12:00:00.000000000,234.03,386.90415
2022-11-25T13:00:00.000000000,240.9,393.38968
2022-11-25T14:00:00.000000000,270.95,398.9792
2022-11-25T15:00:00.000000000,310.51,403.9273
2022-11-25T16:00:00.000000000,377.7,407.29777
2022-11-25T17:00:00.000000000,408.72,409.87177
2022-11-25T18:00:00.000000000,432.23,411.06899
2022-11-25T19:00:00.000000000,432.66,411.55859
2022-11-25T20:00:00.000000000,430.47,411.09677
2022-11-25T21:00:00.000000000,438.5,409.67232
2022-11-25T22:00:00.000000000,449.76,407.89803
2022-11-25T23:00:00.000000000,454.36,406.69595
2022-11-23T00:00:00.000000000,446.1,481.89967
2022-11-23T01:00:00.000000000,404.08,473.88401
2022-11-23T02:00:00.000000000,369.42,465.78878
2022-11-23T03:00:00.000000000,337.74,458.77389
2022-11-23T04:00:00.000000000,314.09,452.65257
2022-11-23T05:00:00.000000000,299.85,447.79848
2022-11-23T06:00:00.000000000,284.99,444.42472
2022-11-23T07:00:00.000000000,272.78,443.06123
2022-11-23T08:00:00.000000000,260.74,445.45955
2022-11-23T09:00:00.000000000,268.94,451.10222
2022-11-23T10:00:00.000000000,287.33,458.32999
2022-11-23T11:00:00.000000000,312.09,465.01586
2022-11-23T12:00:00.000000000,342.89,471.5788
2022-11-23T13:00:00.000000000,350.55,476.01846
2022-11-23T14:00:00.000000000,350.91,477.14381
2022-11-23T15:00:00.000000000,347.35,475.5519
2022-11-23T16:00:00.000000000,371.45,471.36534
2022-11-23T17:00:00.000000000,388.43,465.37422
2022-11-23T18:00:00.000000000,369.14,456.85954
2022-11-23T19:00:00.000000000,335.42,445.73569
2022-11-23T20:00:00.000000000,303.56,432.70187
2022-11-23T21:00:00.000000000,290.94,418.5426
2022-11-23T22:00:00.000000000,268.45,404.59733
2022-11-23T23:00:00.000000000,259.22,392.18639
2022-11-24T00:00:00.000000000,255.54,378.27551
2022-11-24T01:00:00.000000000,239.25,369.17803
2022-11-24T02:00:00.000000000,224.77,356.75964
2022-11-24T03:00:00.000000000,230.39,344.02117
2022-11-24T04:00:00.000000000,246.66,331.87957
2022-11-24T05:00:00.000000000,265.26,321.37801
2022-11-24T06:00:00.000000000,284.41,314.06898
2022-11-24T07:00:00.000000000,313.27,310.4224
2022-11-24T08:00:00.000000000,315.0,311.10137
2022-11-24T09:00:00.000000000,321.88,314.86839
2022-11-24T10:00:00.000000000,324.39,321.16242
2022-11-24T11:00:00.000000000,324.2,329.44828
2022-11-24T12:00:00.000000000,318.54,341.07811
2022-11-24T13:00:00.000000000,308.78,354.02053
2022-11-24T14:00:00.000000000,310.7,367.37325
2022-11-24T15:00:00.000000000,314.0,380.39732
2022-11-24T16:00:00.000000000,303.67,391.38323
2022-11-24T17:00:00.000000000,290.17,400.13442
2022-11-24T18:00:00.000000000,268.99,405.95343
2022-11-24T19:00:00.000000000,243.56,409.6319
2022-11-24T20:00:00.000000000,224.09,411.44487
2022-11-24T21:00:00.000000000,211.97,411.91137
2022-11-24T22:00:00.000000000,205.2,411.66835
2022-11-24T23:00:00.000000000,198.87,411.3319
2022-11-25T00:00:00.000000000,197.27,394.71979
2022-11-25T01:00:00.000000000,196.15,391.29697
2022-11-25T02:00:00.000000000,193.77,387.55746
2022-11-25T03:00:00.000000000,195.94,385.79499
2022-11-25T04:00:00.000000000,209.27,384.80223
2022-11-25T05:00:00.000000000,212.86,384.42671
2022-11-25T06:00:00.000000000,209.03,384.92144
2022-11-25T07:00:00.000000000,212.7,385.96165
2022-11-25T08:00:00.000000000,211.55,389.13612
2022-11-25T09:00:00.000000000,209.05,394.02216
2022-11-25T10:00:00.000000000,212.5,399.53329
2022-11-25T11:00:00.000000000,225.28,405.44447
2022-11-25T12:00:00.000000000,234.03,413.24958
2022-11-25T13:00:00.000000000,240.9,420.97899
2022-11-25T14:00:00.000000000,270.95,427.93848
2022-11-25T15:00:00.000000000,310.51,434.49299
2022-11-25T16:00:00.000000000,377.7,439.72047
2022-11-25T17:00:00.000000000,408.72,444.98432
2022-11-25T18:00:00.000000000,432.23,450.1788
2022-11-25T19:00:00.000000000,432.66,455.21106
2022-11-25T20:00:00.000000000,430.47,459.6472
2022-11-25T21:00:00.000000000,438.5,463.04534
2022-11-25T22:00:00.000000000,449.76,464.78959
2022-11-25T23:00:00.000000000,454.36,465.06924
2022-11-26T00:00:00.000000000,439.74,447.89174
2022-11-26T01:00:00.000000000,412.17,444.70737
2022-11-26T02:00:00.000000000,390.71,440.9453
2022-11-26T03:00:00.000000000,381.88,437.4225
2022-11-26T04:00:00.000000000,357.62,433.85267
2022-11-26T05:00:00.000000000,356.88,430.87075
2022-11-26T06:00:00.000000000,361.21,428.64085
2022-11-26T07:00:00.000000000,370.66,427.45911
2022-11-26T08:00:00.000000000,345.13,428.7339
2022-11-26T09:00:00.000000000,356.12,432.35896
2022-11-26T10:00:00.000000000,370.96,437.26677
2022-11-26T11:00:00.000000000,367.15,442.27944
2022-11-26T12:00:00.000000000,357.0,447.98392
2022-11-26T13:00:00.000000000,357.34,452.3298
2022-11-26T14:00:00.000000000,361.42,454.15549
2022-11-26T15:00:00.000000000,375.86,454.09734
2022-11-26T16:00:00.000000000,398.05,451.80999
2022-11-26T17:00:00.000000000,417.27,448.47013
2022-11-26T18:00:00.000000000,437.06,443.54198
2022-11-26T19:00:00.000000000,442.4,437.53343
2022-11-26T20:00:00.000000000,437.53,430.93526
2022-11-26T21:00:00.000000000,433.08,424.23967
2022-11-26T22:00:00.000000000,411.42,418.14433
2022-11-26T23:00:00.000000000,388.92,413.54061
2022-11-24T00:00:00.000000000,255.54,296.09924
2022-11-24T01:00:00.000000000,239.25,292.15952
2022-11-24T02:00:00.000000000,224.77,285.99282
2022-11-24T03:00:00.000000000,230.39,279.97554
2022-11-24T04:00:00.000000000,246.66,274.11171
2022-11-24T05:00:00.000000000,265.26,268.75527
2022-11-24T06:00:00.000000000,284.41,265.24662
2022-11-24T07:00:00.000000000,313.27,264.29258
2022-11-24T08:00:00.000000000,315.0,266.84813
2022-11-24T09:00:00.000000000,321.88,271.53423
2022-11-24T10:00:00.000000000,324.39,278.28327
2022-11-24T11:00:00.000000000,324.2,287.21573
2022-11-24T12:00:00.000000000,318.54,299.55776
2022-11-24T13:00:00.000000000,308.78,313.01623
2022-11-24T14:00:00.000000000,310.7,327.46591
2022-11-24T15:00:00.000000000,314.0,342.93841
2022-11-24T16:00:00.000000000,303.67,357.90031
2022-11-24T17:00:00.000000000,290.17,371.91706
2022-11-24T18:00:00.000000000,268.99,384.17367
2022-11-24T19:00:00.000000000,243.56,394.96893
2022-11-24T20:00:00.000000000,224.09,404.02428
2022-11-24T21:00:00.000000000,211.97,411.44457
2022-11-24T22:00:00.000000000,205.2,417.41493
2022-11-24T23:00:00.000000000,198.87,422.6461
2022-11-25T00:00:00.000000000,197.27,413.58781
2022-11-25T01:00:00.000000000,196.15,409.67592
2022-11-25T02:00:00.000000000,193.77,405.63861
2022-11-25T03:00:00.000000000,195.94,403.57699
2022-11-25T04:00:00.000000000,209.27,402.33329
2022-11-25T05:00:00.000000000,212.86,401.95756
2022-11-25T06:00:00.000000000,209.03,402.60889
2022-11-25T07:00:00.000000000,212.7,403.79477
2022-11-25T08:00:00.000000000,211.55,406.94667
2022-11-25T09:00:00.000000000,209.05,411.51748
2022-11-25T10:00:00.000000000,212.5,416.35519
2022-11-25T11:00:00.000000000,225.28,421.30998
2022-11-25T12:00:00.000000000,234.03,427.96972
2022-11-25T13:00:00.000000000,240.9,434.56491
2022-11-25T14:00:00.000000000,270.95,440.61911
2022-11-25T15:00:00.000000000,310.51,446.66946
2022-11-25T16:00:00.000000000,377.7,451.66137
2022-11-25T17:00:00.000000000,408.72,456.95207
2022-11-25T18:00:00.000000000,432.23,462.25307
2022-11-25T19:00:00.000000000,432.66,467.43338
2022-11-25T20:00:00.000000000,430.47,472.12082
2022-11-25T21:00:00.000000000,438.5,475.81094
2022-11-25T22:00:00.000000000,449.76,477.58913
2022-11-25T23:00:00.000000000,454.36,477.64515
2022-11-26T00:00:00.000000000,439.74,474.39392
2022-11-26T01:00:00.000000000,412.17,471.43609
2022-11-26T02:00:00.000000000,390.71,467.40383
2022-11-26T03:00:00.000000000,381.88,462.85855
2022-11-26T04:00:00.000000000,357.62,457.35715
2022-11-26T05:00:00.000000000,356.88,451.64583
2022-11-26T06:00:00.000000000,361.21,445.80803
2022-11-26T07:00:00.000000000,370.66,440.47943
2022-11-26T08:00:00.000000000,345.13,437.36359
2022-11-26T09:00:00.000000000,356.12,436.67998
2022-11-26T10:00:00.000000000,370.96,437.80558
2022-11-26T11:00:00.000000000,367.15,439.71069
2022-11-26T12:00:00.000000000,357.0,443.33593
2022-11-26T13:00:00.000000000,357.34,446.6769
2022-11-26T14:00:00.000000000,361.42,448.66828
2022-11-26T15:00:00.000000000,375.86,449.78761
2022-11-26T16:00:00.000000000,398.05,449.44999
2022-11-26T17:00:00.000000000,417.27,449.07276
2022-11-26T18:00:00.000000000,437.06,447.71831
2022-11-26T19:00:00.000000000,442.4,445.84938
2022-11-26T20:00:00.000000000,437.53,443.4739
2022-11-26T21:00:00.000000000,433.08,440.55571
2022-11-26T22:00:00.000000000,411.42,437.64307
2022-11-26T23:00:00.000000000,388.92,435.54634
2022-11-27T00:00:00.000000000,388.29,402.19085
2022-11-27T01:00:00.000000000,379.39,398.5705
2022-11-27T02:00:00.000000000,350.28,393.73039
2022-11-27T03:00:00.000000000,343.35,389.02203
2022-11-27T04:00:00.000000000,332.27,383.55859
2022-11-27T05:00:00.000000000,316.72,377.44672
2022-11-27T06:00:00.000000000,295.16,371.3462
2022-11-27T07:00:00.000000000,277.15,365.99304
2022-11-27T08:00:00.000000000,249.73,363.12257
2022-11-27T09:00:00.000000000,236.9,362.70254
2022-11-27T10:00:00.000000000,226.69,364.61244
2022-11-27T11:00:00.000000000,226.53,367.94864
2022-11-27T12:00:00.000000000,223.46,373.94228
2022-11-27T13:00:00.000000000,227.87,380.75238
2022-11-27T14:00:00.000000000,237.64,387.43567
2022-11-27T15:00:00.000000000,252.56,394.00503
2022-11-27T16:00:00.000000000,250.85,399.33126
2022-11-27T17:00:00.000000000,267.85,404.542
2022-11-27T18:00:00.000000000,303.43,409.05283
2022-11-27T19:00:00.000000000,370.36,413.18342
2022-11-27T20:00:00.000000000,421.42,415.80924
2022-11-27T21:00:00.000000000,451.74,416.49175
2022-11-27T22:00:00.000000000,482.88,416.2322
2022-11-27T23:00:00.000000000,499.54,416.14479
2022-11-25T00:00:00.000000000,197.27,245.0935
2022-11-25T01:00:00.000000000,196.15,246.75314
2022-11-25T02:00:00.000000000,193.77,248.70772
2022-11-25T03:00:00.000000000,195.94,252.59464
2022-11-25T04:00:00.000000000,209.27,256.56913
2022-11-25T05:00:00.000000000,212.86,259.78386
2022-11-25T06:00:00.000000000,209.03,263.15945
2022-11-25T07:00:00.000000000,212.7,266.7301
2022-11-25T08:00:00.000000000,211.55,272.43134
2022-11-25T09:00:00.000000000,209.05,280.52566
2022-11-25T10:00:00.000000000,212.5,290.67408
2022-11-25T11:00:00.000000000,225.28,303.11941
2022-11-25T12:00:00.000000000,234.03,318.41599
2022-11-25T13:00:00.000000000,240.9,333.63602
2022-11-25T14:00:00.000000000,270.95,348.19774
2022-11-25T15:00:00.000000000,310.51,362.66319
2022-11-25T16:00:00.000000000,377.7,376.43605
2022-11-25T17:00:00.000000000,408.72,389.76593
2022-11-25T18:00:00.000000000,432.23,402.3293
2022-11-25T19:00:00.000000000,432.66,413.67326
2022-11-25T20:00:00.000000000,430.47,422.07008
2022-11-25T21:00:00.000000000,438.5,427.01287
2022-11-25T22:00:00.000000000,449.76,428.80327
2022-11-25T23:00:00.000000000,454.36,428.91105
2022-11-26T00:00:00.000000000,439.74,432.38711
2022-11-26T01:00:00.000000000,412.17,422.47291
2022-11-26T02:00:00.000000000,390.71,409.85256
2022-11-26T03:00:00.000000000,381.88,396.37652
2022-11-26T04:00:00.000000000,357.62,383.20494
2022-11-26T05:00:00.000000000,356.88,371.25204
2022-11-26T06:00:00.000000000,361.21,360.98312
2022-11-26T07:00:00.000000000,370.66,353.06427
2022-11-26T08:00:00.000000000,345.13,348.43256
2022-11-26T09:00:00.000000000,356.12,347.01447
2022-11-26T10:00:00.000000000,370.96,348.91799
2022-11-26T11:00:00.000000000,367.15,353.7206
2022-11-26T12:00:00.000000000,357.0,362.20881
2022-11-26T13:00:00.000000000,357.34,371.71554
2022-11-26T14:00:00.000000000,361.42,380.09298
2022-11-26T15:00:00.000000000,375.86,386.44378
2022-11-26T16:00:00.000000000,398.05,389.81445
2022-11-26T17:00:00.000000000,417.27,390.05291
2022-11-26T18:00:00.000000000,437.06,386.49355
2022-11-26T19:00:00.000000000,442.4,380.69303
2022-11-26T20:00:00.000000000,437.53,373.67337
2022-11-26T21:00:00.000000000,433.08,366.36946
2022-11-26T22:00:00.000000000,411.42,360.20225
2022-11-26T23:00:00.000000000,388.92,355.98035
2022-11-27T00:00:00.000000000,388.29,333.88639
2022-11-27T01:00:00.000000000,379.39,329.49572
2022-11-27T02:00:00.000000000,350.28,323.79367
2022-11-27T03:00:00.000000000,343.35,319.41342
2022-11-27T04:00:00.000000000,332.27,315.65985
2022-11-27T05:00:00.000000000,316.72,312.44298
2022-11-27T06:00:00.000000000,295.16,310.46429
2022-11-27T07:00:00.000000000,277.15,309.67409
2022-11-27T08:00:00.000000000,249.73,311.26971
2022-11-27T09:00:00.000000000,236.9,314.77177
2022-11-27T10:00:00.000000000,226.69,319.78846
2022-11-27T11:00:00.000000000,226.53,326.2043
2022-11-27T12:00:00.000000000,223.46,335.04975
2022-11-27T13:00:00.000000000,227.87,344.28381
2022-11-27T14:00:00.000000000,237.64,353.73701
2022-11-27T15:00:00.000000000,252.56,363.81204
2022-11-27T16:00:00.000000000,250.85,373.46909
2022-11-27T17:00:00.000000000,267.85,383.10601
2022-11-27T18:00:00.000000000,303.43,392.33351
2022-11-27T19:00:00.000000000,370.36,401.38625
2022-11-27T20:00:00.000000000,421.42,409.27307
2022-11-27T21:00:00.000000000,451.74,415.2941
2022-11-27T22:00:00.000000000,482.88,418.81124
2022-11-27T23:00:00.000000000,499.54,420.50745
2022-11-28T00:00:00.000000000,506.73,421.49245
2022-11-28T01:00:00.000000000,489.02,406.94571
2022-11-28T02:00:00.000000000,477.67,389.89061
2022-11-28T03:00:00.000000000,456.27,372.61277
2022-11-28T04:00:00.000000000,422.7,356.48824
2022-11-28T05:00:00.000000000,400.44,342.54274
2022-11-28T06:00:00.000000000,368.76,330.72183
2022-11-28T07:00:00.000000000,337.0,321.21754
2022-11-28T08:00:00.000000000,305.62,314.8226
2022-11-28T09:00:00.000000000,284.96,311.4407
2022-11-28T10:00:00.000000000,268.84,310.95701
2022-11-28T11:00:00.000000000,252.32,313.42417
2022-11-28T12:00:00.000000000,250.14,319.25382
2022-11-28T13:00:00.000000000,237.98,325.69293
2022-11-28T14:00:00.000000000,231.19,331.09753
2022-11-28T15:00:00.000000000,233.43,335.39724
2022-11-28T16:00:00.000000000,243.39,338.20042
2022-11-28T17:00:00.000000000,258.77,337.96962
2022-11-28T18:00:00.000000000,253.87,333.56006
2022-11-28T19:00:00.000000000,241.49,326.43062
2022-11-28T20:00:00.000000000,238.08,317.81549
2022-11-28T21:00:00.000000000,240.1,308.61718
2022-11-28T22:00:00.000000000,230.42,300.06524
2022-11-28T23:00:00.000000000,221.76,293.00222
2022-11-26T00:00:00.000000000,439.74,469.60722
2022-11-26T01:00:00.000000000,412.17,462.1933
2022-11-26T02:00:00.000000000,390.71,451.90697
2022-11-26T03:00:00.000000000,381.88,439.89138
2022-11-26T04:00:00.000000000,357.62,426.67498
2022-11-26T05:00:00.000000000,356.88,413.53038
2022-11-26T06:00:00.000000000,361.21,401.3302
2022-11-26T07:00:00.000000000,370.66,391.15369
2022-11-26T08:00:00.000000000,345.13,384.63978
2022-11-26T09:00:00.000000000,356.12,382.08928
2022-11-26T10:00:00.000000000,370.96,383.29211
2022-11-26T11:00:00.000000000,367.15,387.13141
2022-11-26T12:00:00.000000000,357.0,394.53232
2022-11-26T13:00:00.000000000,357.34,403.06245
2022-11-26T14:00:00.000000000,361.42,410.92691
2022-11-26T15:00:00.000000000,375.86,417.59787
2022-11-26T16:00:00.000000000,398.05,422.27628
2022-11-26T17:00:00.000000000,417.27,425.57569
2022-11-26T18:00:00.000000000,437.06,426.23921
2022-11-26T19:00:00.000000000,442.4,424.95068
2022-11-26T20:00:00.000000000,437.53,421.83235
2022-11-26T21:00:00.000000000,433.08,417.23742
2022-11-26T22:00:00.000000000,411.42,412.53893
2022-11-26T23:00:00.000000000,388.92,408.80366
2022-11-27T00:00:00.000000000,388.29,377.60146
2022-11-27T01:00:00.000000000,379.39,371.89377
2022-11-27T02:00:00.000000000,350.28,364.7006
2022-11-27T03:00:00.000000000,343.35,358.38579
2022-11-27T04:00:00.000000000,332.27,352.47768
2022-11-27T05:00:00.000000000,316.72,347.20696
2022-11-27T06:00:00.000000000,295.16,343.27205
2022-11-27T07:00:00.000000000,277.15,340.70254
2022-11-27T08:00:00.000000000,249.73,340.72929
2022-11-27T09:00:00.000000000,236.9,343.14924
2022-11-27T10:00:00.000000000,226.69,347.55568
2022-11-27T11:00:00.000000000,226.53,353.54388
2022-11-27T12:00:00.000000000,223.46,362.13468
2022-11-27T13:00:00.000000000,227.87,371.30194
2022-11-27T14:00:00.000000000,237.64,380.36909
2022-11-27T15:00:00.000000000,252.56,389.37292
2022-11-27T16:00:00.000000000,250.85,397.25169
2022-11-27T17:00:00.000000000,267.85,404.66247
2022-11-27T18:00:00.000000000,303.43,411.16381
2022-11-27T19:00:00.000000000,370.36,417.13174
2022-11-27T20:00:00.000000000,421.42,421.78185
2022-11-27T21:00:00.000000000,451.74,424.56949
2022-11-27T22:00:00.000000000,482.88,425.18922
2022-11-27T23:00:00.000000000,499.54,424.44881
2022-11-28T00:00:00.000000000,506.73,423.26163
2022-11-28T01:00:00.000000000,489.02,406.93437
2022-11-28T02:00:00.000000000,477.67,387.93229
2022-11-28T03:00:00.000000000,456.27,368.89024
2022-11-28T04:00:00.000000000,422.7,351.53786
2022-11-28T05:00:00.000000000,400.44,337.22281
2022-11-28T06:00:00.000000000,368.76,325.99737
2022-11-28T07:00:00.000000000,337.0,317.97745
2022-11-28T08:00:00.000000000,305.62,313.64898
2022-11-28T09:00:00.000000000,284.96,312.42062
2022-11-28T10:00:00.000000000,268.84,313.77365
2022-11-28T11:00:00.000000000,252.32,317.60575
2022-11-28T12:00:00.000000000,250.14,324.36797
2022-11-28T13:00:00.000000000,237.98,331.46027
2022-11-28T14:00:00.000000000,231.19,337.30209
2022-11-28T15:00:00.000000000,233.43,341.72042
2022-11-28T16:00:00.000000000,243.39,344.1556
2022-11-28T17:00:00.000000000,258.77,342.83333
2022-11-28T18:00:00.000000000,253.87,336.64186
2022-11-28T19:00:00.000000000,241.49,327.07493
2022-11-28T20:00:00.000000000,238.08,315.78989
2022-11-28T21:00:00.000000000,240.1,304.01933
2022-11-28T22:00:00.000000000,230.42,293.26864
2022-11-28T23:00:00.000000000,221.76,284.36862
2022-11-29T00:00:00.000000000,219.44,270.55994
2022-11-29T01:00:00.000000000,221.1,266.43608
2022-11-29T02:00:00.000000000,215.42,261.72745
2022-11-29T03:00:00.000000000,217.16,258.64027
2022-11-29T04:00:00.000000000,230.6,257.0072
2022-11-29T05:00:00.000000000,225.36,256.15875
2022-11-29T06:00:00.000000000,220.62,255.62105
2022-11-29T07:00:00.000000000,220.41,254.92244
2022-11-29T08:00:00.000000000,221.04,254.51213
2022-11-29T09:00:00.000000000,225.91,254.35856
2022-11-29T10:00:00.000000000,226.33,254.71693
2022-11-29T11:00:00.000000000,227.01,256.14022
2022-11-29T12:00:00.000000000,221.82,258.83389
2022-11-29T13:00:00.000000000,220.83,260.42968
2022-11-29T14:00:00.000000000,219.86,260.24309
2022-11-29T15:00:00.000000000,220.51,259.54281
2022-11-29T16:00:00.000000000,226.12,258.32527
2022-11-29T17:00:00.000000000,227.85,255.5962
2022-11-29T18:00:00.000000000,214.42,252.15842
2022-11-29T19:00:00.000000000,207.39,249.85776
2022-11-29T20:00:00.000000000,206.63,248.50224
2022-11-29T21:00:00.000000000,210.03,247.79465
2022-11-29T22:00:00.000000000,213.42,248.40501
2022-11-29T23:00:00.000000000,215.8,251.05574
2022-11-27T00:00:00.000000000,388.29,344.64367
2022-11-27T01:00:00.000000000,379.39,339.53471
2022-11-27T02:00:00.000000000,350.28,332.76796
2022-11-27T03:00:00.000000000,343.35,327.11423
2022-11-27T04:00:00.000000000,332.27,322.0742
2022-11-27T05:00:00.000000000,316.72,317.64926
2022-11-27T06:00:00.000000000,295.16,314.69836
2022-11-27T07:00:00.000000000,277.15,313.24158
2022-11-27T08:00:00.000000000,249.73,314.50426
2022-11-27T09:00:00.000000000,236.9,318.04118
2022-11-27T10:00:00.000000000,226.69,323.49001
2022-11-27T11:00:00.000000000,226.53,330.63626
2022-11-27T12:00:00.000000000,223.46,340.52252
2022-11-27T13:00:00.000000000,227.87,351.00082
2022-11-27T14:00:00.000000000,237.64,361.60096
2022-11-27T15:00:00.000000000,252.56,372.3915
2022-11-27T16:00:00.000000000,250.85,382.26742
2022-11-27T17:00:00.000000000,267.85,391.66892
2022-11-27T18:00:00.000000000,303.43,400.25384
2022-11-27T19:00:00.000000000,370.36,408.33578
2022-11-27T20:00:00.000000000,421.42,415.07002
2022-11-27T21:00:00.000000000,451.74,419.91577
2022-11-27T22:00:00.000000000,482.88,422.42976
2022-11-27T23:00:00.000000000,499.54,423.32804
2022-11-28T00:00:00.000000000,506.73,417.96286
2022-11-28T01:00:00.000000000,489.02,406.58541
2022-11-28T02:00:00.000000000,477.67,393.82779
2022-11-28T03:00:00.000000000,456.27,381.73392
2022-11-28T04:00:00.000000000,422.7,371.03546
2022-11-28T05:00:00.000000000,400.44,362.41081
2022-11-28T06:00:00.000000000,368.76,355.28675
2022-11-28T07:00:00.000000000,337.0,349.72766
2022-11-28T08:00:00.000000000,305.62,346.3355
2022-11-28T09:00:00.000000000,284.96,344.64214
2022-11-28T10:00:00.000000000,268.84,344.27199
2022-11-28T11:00:00.000000000,252.32,345.40527
2022-11-28T12:00:00.000000000,250.14,348.74719
2022-11-28T13:00:00.000000000,237.98,351.94586
2022-11-28T14:00:00.000000000,231.19,353.63559
2022-11-28T15:00:00.000000000,233.43,353.88261
2022-11-28T16:00:00.000000000,243.39,352.29887
2022-11-28T17:00:00.000000000,258.77,347.7997
2022-11-28T18:00:00.000000000,253.87,339.64528
2022-11-28T19:00:00.000000000,241.49,329.36518
2022-11-28T20:00:00.000000000,238.08,318.38495
2022-11-28T21:00:00.000000000,240.1,307.44094
2022-11-28T22:00:00.000000000,230.42,297.77928
2022-11-28T23:00:00.000000000,221.76,290.42696
2022-11-29T00:00:00.000000000,219.44,285.74066
2022-11-29T01:00:00.000000000,221.1,281.03488
2022-11-29T02:00:00.000000000,215.42,275.3446
2022-11-29T03:00:00.000000000,217.16,270.9193
2022-11-29T04:00:00.000000000,230.6,267.75581
2022-11-29T05:00:00.000000000,225.36,265.41025
2022-11-29T06:00:00.000000000,220.62,263.44679
2022-11-29T07:00:00.000000000,220.41,261.46825
2022-11-29T08:00:00.000000000,221.04,259.81574
2022-11-29T09:00:00.000000000,225.91,258.45089
2022-11-29T10:00:00.000000000,226.33,257.64279
2022-11-29T11:00:00.000000000,227.01,257.97176
2022-11-29T12:00:00.000000000,221.82,259.71697
2022-11-29T13:00:00.000000000,220.83,260.54894
2022-11-29T14:00:00.000000000,219.86,259.8058
2022-11-29T15:00:00.000000000,220.51,258.79858
2022-11-29T16:00:00.000000000,226.12,257.60038
2022-11-29T17:00:00.000000000,227.85,255.1723
2022-11-29T18:00:00.000000000,214.42,252.11338
2022-11-29T19:00:00.000000000,207.39,250.29404
2022-11-29T20:00:00.000000000,206.63,249.50998
2022-11-29T21:00:00.000000000,210.03,249.33197
2022-11-29T22:00:00.000000000,213.42,250.28714
2022-11-29T23:00:00.000000000,215.8,253.04612
2022-11-30T00:00:00.000000000,216.73,250.10274
2022-11-30T01:00:00.000000000,217.23,247.152
2022-11-30T02:00:00.000000000,216.56,241.36793
2022-11-30T03:00:00.000000000,221.47,236.51618
2022-11-30T04:00:00.000000000,216.29,231.96879
2022-11-30T05:00:00.000000000,230.05,227.49175
2022-11-30T06:00:00.000000000,244.18,224.72347
2022-11-30T07:00:00.000000000,256.47,224.93658
2022-11-30T08:00:00.000000000,275.57,229.85621
2022-11-30T09:00:00.000000000,297.62,237.42675
2022-11-30T10:00:00.000000000,317.06,246.59127
2022-11-30T11:00:00.000000000,352.22,256.86023
2022-11-30T12:00:00.000000000,368.35,269.13533
2022-11-30T13:00:00.000000000,380.47,280.66359
2022-11-30T14:00:00.000000000,392.18,292.33863
2022-11-30T15:00:00.000000000,418.43,305.59634
2022-11-30T16:00:00.000000000,443.92,319.51988
2022-11-30T17:00:00.000000000,465.13,334.39013
2022-11-30T18:00:00.000000000,484.08,350.22645
2022-11-30T19:00:00.000000000,496.31,367.32682
2022-11-30T20:00:00.000000000,494.95,384.78735
2022-11-30T21:00:00.000000000,486.83,401.91189
2022-11-30T22:00:00.000000000,465.2,417.71567
2022-11-30T23:00:00.000000000,440.79,431.65194
2022-11-28T00:00:00.000000000,506.73,492.02979
2022-11-28T01:00:00.000000000,489.02,481.5796
2022-11-28T02:00:00.000000000,477.67,468.51028
2022-11-28T03:00:00.000000000,456.27,454.20086
2022-11-28T04:00:00.000000000,422.7,439.41009
2022-11-28T05:00:00.000000000,400.44,425.1552
2022-11-28T06:00:00.000000000,368.76,410.72747
2022-11-28T07:00:00.000000000,337.0,397.42825
2022-11-28T08:00:00.000000000,305.62,386.60737
2022-11-28T09:00:00.000000000,284.96,378.49389
2022-11-28T10:00:00.000000000,268.84,372.95909
2022-11-28T11:00:00.000000000,252.32,369.88914
2022-11-28T12:00:00.000000000,250.14,369.91808
2022-11-28T13:00:00.000000000,237.98,370.35731
2022-11-28T14:00:00.000000000,231.19,369.53836
2022-11-28T15:00:00.000000000,233.43,367.5429
2022-11-28T16:00:00.000000000,243.39,364.26491
2022-11-28T17:00:00.000000000,258.77,359.2995
2022-11-28T18:00:00.000000000,253.87,351.33424
2022-11-28T19:00:00.000000000,241.49,341.91295
2022-11-28T20:00:00.000000000,238.08,332.3155
2022-11-28T21:00:00.000000000,240.1,322.83562
2022-11-28T22:00:00.000000000,230.42,314.81684
2022-11-28T23:00:00.000000000,221.76,308.98299
2022-11-29T00:00:00.000000000,219.44,293.3137
2022-11-29T01:00:00.000000000,221.1,288.41228
2022-11-29T02:00:00.000000000,215.42,282.55602
2022-11-29T03:00:00.000000000,217.16,277.97406
2022-11-29T04:00:00.000000000,230.6,274.70002
2022-11-29T05:00:00.000000000,225.36,272.23699
2022-11-29T06:00:00.000000000,220.62,270.07068
2022-11-29T07:00:00.000000000,220.41,267.8393
2022-11-29T08:00:00.000000000,221.04,265.95749
2022-11-29T09:00:00.000000000,225.91,264.43683
2022-11-29T10:00:00.000000000,226.33,263.59092
2022-11-29T11:00:00.000000000,227.01,264.00538
2022-11-29T12:00:00.000000000,221.82,265.97578
2022-11-29T13:00:00.000000000,220.83,267.09713
2022-11-29T14:00:00.000000000,219.86,266.58282
2022-11-29T15:00:00.000000000,220.51,265.62825
2022-11-29T16:00:00.000000000,226.12,264.24583
2022-11-29T17:00:00.000000000,227.85,261.42505
2022-11-29T18:00:00.000000000,214.42,257.77387
2022-11-29T19:00:00.000000000,207.39,255.25964
2022-11-29T20:00:00.000000000,206.63,253.7385
2022-11-29T21:00:00.000000000,210.03,252.84555
2022-11-29T22:00:00.000000000,213.42,253.23599
2022-11-29T23:00:00.000000000,215.8,255.59769
2022-11-30T00:00:00.000000000,216.73,263.81374
2022-11-30T01:00:00.000000000,217.23,260.69329
2022-11-30T02:00:00.000000000,216.56,255.61754
2022-11-30T03:00:00.000000000,221.47,251.62204
2022-11-30T04:00:00.000000000,216.29,247.78448
2022-11-30T05:00:00.000000000,230.05,244.10582
2022-11-30T06:00:00.000000000,244.18,242.20404
2022-11-30T07:00:00.000000000,256.47,243.13511
2022-11-30T08:00:00.000000000,275.57,248.42425
2022-11-30T09:00:00.000000000,297.62,256.87468
2022-11-30T10:00:00.000000000,317.06,267.88395
2022-11-30T11:00:00.000000000,352.22,281.05119
2022-11-30T12:00:00.000000000,368.35,297.00001
2022-11-30T13:00:00.000000000,380.47,312.79608
2022-11-30T14:00:00.000000000,392.18,328.44447
2022-11-30T15:00:00.000000000,418.43,344.53946
2022-11-30T16:00:00.000000000,443.92,360.00873
2022-11-30T17:00:00.000000000,465.13,375.26214
2022-11-30T18:00:00.000000000,484.08,390.11457
2022-11-30T19:00:00.000000000,496.31,404.68494
2022-11-30T20:00:00.000000000,494.95,417.87161
2022-11-30T21:00:00.000000000,486.83,428.97557
2022-11-30T22:00:00.000000000,465.2,437.51449
2022-11-30T23:00:00.000000000,440.79,443.8748
2022-12-01T00:00:00.000000000,421.1,459.67619
2022-12-01T01:00:00.000000000,396.11,452.2189
2022-12-01T02:00:00.000000000,374.73,442.82578
2022-12-01T03:00:00.000000000,350.53,432.32719
2022-12-01T04:00:00.000000000,326.25,420.5831
2022-12-01T05:00:00.000000000,298.6,408.32993
2022-12-01T06:00:00.000000000,263.16,395.71592
2022-12-01T07:00:00.000000000,237.67,384.08372
2022-12-01T08:00:00.000000000,231.01,375.2333
2022-12-01T09:00:00.000000000,220.98,369.61993
2022-12-01T10:00:00.000000000,225.38,366.86736
2022-12-01T11:00:00.000000000,224.98,366.19766
2022-12-01T12:00:00.000000000,224.64,368.05289
2022-12-01T13:00:00.000000000,228.7,369.71709
2022-12-01T14:00:00.000000000,227.0,369.59664
2022-12-01T15:00:00.000000000,224.26,368.24092
2022-12-01T16:00:00.000000000,228.57,365.96017
2022-12-01T17:00:00.000000000,240.03,362.86613
2022-12-01T18:00:00.000000000,243.58,357.91898
2022-12-01T19:00:00.000000000,237.57,351.93654
2022-12-01T20:00:00.000000000,239.78,345.07761
2022-12-01T21:00:00.000000000,240.97,337.18305
2022-12-01T22:00:00.000000000,230.96,329.54913
2022-12-01T23:00:00.000000000,224.92,323.50516
2022-11-29T00:00:00.000000000,219.44,210.12551
2022-11-29T01:00:00.000000000,221.1,208.06106
2022-11-29T02:00:00.000000000,215.42,205.95716
2022-11-29T03:00:00.000000000,217.16,205.96661
2022-11-29T04:00:00.000000000,230.6,207.67497
2022-11-29T05:00:00.000000000,225.36,209.97726
2022-11-29T06:00:00.000000000,220.62,212.57503
2022-11-29T07:00:00.000000000,220.41,215.22693
2022-11-29T08:00:00.000000000,221.04,218.63801
2022-11-29T09:00:00.000000000,225.91,222.48822
2022-11-29T10:00:00.000000000,226.33,226.9213
2022-11-29T11:00:00.000000000,227.01,232.19287
2022-11-29T12:00:00.000000000,221.82,238.02981
2022-11-29T13:00:00.000000000,220.83,241.85176
2022-11-29T14:00:00.000000000,219.86,243.24792
2022-11-29T15:00:00.000000000,220.51,243.67973
2022-11-29T16:00:00.000000000,226.12,242.84887
2022-11-29T17:00:00.000000000,227.85,239.90605
2022-11-29T18:00:00.000000000,214.42,236.3465
2022-11-29T19:00:00.000000000,207.39,234.07542
2022-11-29T20:00:00.000000000,206.63,232.9206
2022-11-29T21:00:00.000000000,210.03,232.92819
2022-11-29T22:00:00.000000000,213.42,235.14131
2022-11-29T23:00:00.000000000,215.8,240.17064
2022-11-30T00:00:00.000000000,216.73,258.46103
2022-11-30T01:00:00.000000000,217.23,255.15755
2022-11-30T02:00:00.000000000,216.56,250.11862
2022-11-30T03:00:00.000000000,221.47,245.92674
2022-11-30T04:00:00.000000000,216.29,241.79871
2022-11-30T05:00:00.000000000,230.05,238.17309
2022-11-30T06:00:00.000000000,244.18,236.78352
2022-11-30T07:00:00.000000000,256.47,238.52013
2022-11-30T08:00:00.000000000,275.57,244.68573
2022-11-30T09:00:00.000000000,297.62,254.37028
2022-11-30T10:00:00.000000000,317.06,267.06424
2022-11-30T11:00:00.000000000,352.22,282.39958
2022-11-30T12:00:00.000000000,368.35,300.93655
2022-11-30T13:00:00.000000000,380.47,319.68365
2022-11-30T14:00:00.000000000,392.18,338.23881
2022-11-30T15:00:00.000000000,418.43,356.77999
2022-11-30T16:00:00.000000000,443.92,374.08922
2022-11-30T17:00:00.000000000,465.13,390.32803
2022-11-30T18:00:00.000000000,484.08,405.08669
2022-11-30T19:00:00.000000000,496.31,418.27081
2022-11-30T20:00:00.000000000,494.95,428.83109
2022-11-30T21:00:00.000000000,486.83,436.29939
2022-11-30T22:00:00.000000000,465.2,440.81271
2022-11-30T23:00:00.000000000,440.79,443.26056
2022-12-01T00:00:00.000000000,421.1,456.27788
2022-12-01T01:00:00.000000000,396.11,448.85621
2022-12-01T02:00:00.000000000,374.73,439.016
2022-12-01T03:00:00.000000000,350.53,427.77534
2022-12-01T04:00:00.000000000,326.25,415.34367
2022-12-01T05:00:00.000000000,298.6,402.6812
2022-12-01T06:00:00.000000000,263.16,390.22613
2022-12-01T07:00:00.000000000,237.67,379.16145
2022-12-01T08:00:00.000000000,231.01,371.17859
2022-12-01T09:00:00.000000000,220.98,366.63612
2022-12-01T10:00:00.000000000,225.38,365.11575
2022-12-01T11:00:00.000000000,224.98,365.78503
2022-12-01T12:00:00.000000000,224.64,369.17057
2022-12-01T13:00:00.000000000,228.7,372.60643
2022-12-01T14:00:00.000000000,227.0,374.49354
2022-12-01T15:00:00.000000000,224.26,375.25035
2022-12-01T16:00:00.000000000,228.57,375.00016
2022-12-01T17:00:00.000000000,240.03,373.82421
2022-12-01T18:00:00.000000000,243.58,370.60872
2022-12-01T19:00:00.000000000,237.57,366.0783
2022-12-01T20:00:00.000000000,239.78,360.36329
2022-12-01T21:00:00.000000000,240.97,353.46867
2022-12-01T22:00:00.000000000,230.96,346.67125
2022-12-01T23:00:00.000000000,224.92,341.22486
2022-12-02T00:00:00.000000000,222.29,323.147
2022-12-02T01:00:00.000000000,217.11,313.57818
2022-12-02T02:00:00.000000000,209.71,303.0811
2022-12-02T03:00:00.000000000,208.77,294.08989
2022-12-02T04:00:00.000000000,207.6,287.26209
2022-12-02T05:00:00.000000000,207.15,282.61307
2022-12-02T06:00:00.000000000,205.76,279.93842
2022-12-02T07:00:00.000000000,195.3,278.5049
2022-12-02T08:00:00.000000000,193.23,278.65838
2022-12-02T09:00:00.000000000,196.34,280.32339
2022-12-02T10:00:00.000000000,196.7,283.3495
2022-12-02T11:00:00.000000000,197.41,288.03079
2022-12-02T12:00:00.000000000,198.96,294.47165
2022-12-02T13:00:00.000000000,190.31,300.35346
2022-12-02T14:00:00.000000000,197.37,304.54116
2022-12-02T15:00:00.000000000,199.28,307.40069
2022-12-02T16:00:00.000000000,199.99,308.38562
2022-12-02T17:00:00.000000000,195.62,305.94677
2022-12-02T18:00:00.000000000,197.7,300.23057
2022-12-02T19:00:00.000000000,195.0,292.81036
2022-12-02T20:00:00.000000000,194.06,284.44682
2022-12-02T21:00:00.000000000,191.16,275.9129
2022-12-02T22:00:00.000000000,190.01,268.44214
2022-12-02T23:00:00.000000000,196.67,263.02959
2022-11-30T00:00:00.000000000,216.73,240.30137
2022-11-30T01:00:00.000000000,217.23,236.61352
2022-11-30T02:00:00.000000000,216.56,232.86441
2022-11-30T03:00:00.000000000,221.47,231.52522
2022-11-30T04:00:00.000000000,216.29,231.27385
2022-11-30T05:00:00.000000000,230.05,231.62169
2022-11-30T06:00:00.000000000,244.18,233.13685
2022-11-30T07:00:00.000000000,256.47,235.21765
2022-11-30T08:00:00.000000000,275.57,239.16775
2022-11-30T09:00:00.000000000,297.62,245.2459
2022-11-30T10:00:00.000000000,317.06,253.53939
2022-11-30T11:00:00.000000000,352.22,264.84255
2022-11-30T12:00:00.000000000,368.35,279.80213
2022-11-30T13:00:00.000000000,380.47,295.68904
2022-11-30T14:00:00.000000000,392.18,312.02365
2022-11-30T15:00:00.000000000,418.43,329.13317
2022-11-30T16:00:00.000000000,443.92,346.17617
2022-11-30T17:00:00.000000000,465.13,362.63314
2022-11-30T18:00:00.000000000,484.08,378.04524
2022-11-30T19:00:00.000000000,496.31,392.00852
2022-11-30T20:00:00.000000000,494.95,402.6196
2022-11-30T21:00:00.000000000,486.83,408.95606
2022-11-30T22:00:00.000000000,465.2,410.86966
2022-11-30T23:00:00.000000000,440.79,409.59449
2022-12-01T00:00:00.000000000,421.1,414.77759
2022-12-01T01:00:00.000000000,396.11,397.66319
2022-12-01T02:00:00.000000000,374.73,376.90281
2022-12-01T03:00:00.000000000,350.53,355.56847
2022-12-01T04:00:00.000000000,326.25,335.54383
2022-12-01T05:00:00.000000000,298.6,318.94664
2022-12-01T06:00:00.000000000,263.16,307.20187
2022-12-01T07:00:00.000000000,237.67,300.40522
2022-12-01T08:00:00.000000000,231.01,299.16137
2022-12-01T09:00:00.000000000,220.98,302.53782
2022-12-01T10:00:00.000000000,225.38,309.40079
2022-12-01T11:00:00.000000000,224.98,318.89974
2022-12-01T12:00:00.000000000,224.64,331.49757
2022-12-01T13:00:00.000000000,228.7,345.06801
2022-12-01T14:00:00.000000000,227.0,358.8649
2022-12-01T15:00:00.000000000,224.26,372.58132
2022-12-01T16:00:00.000000000,228.57,384.61545
2022-12-01T17:00:00.000000000,240.03,393.61409
2022-12-01T18:00:00.000000000,243.58,397.92958
2022-12-01T19:00:00.000000000,237.57,397.81079
2022-12-01T20:00:00.000000000,239.78,393.84027
2022-12-01T21:00:00.000000000,240.97,386.95039
2022-12-01T22:00:00.000000000,230.96,377.93803
2022-12-01T23:00:00.000000000,224.92,367.8764
2022-12-02T00:00:00.000000000,222.29,354.25175
2022-12-02T01:00:00.000000000,217.11,343.36473
2022-12-02T02:00:00.000000000,209.71,329.02433
2022-12-02T03:00:00.000000000,208.77,313.99283
2022-12-02T04:00:00.000000000,207.6,299.64192
2022-12-02T05:00:00.000000000,207.15,287.12054
2022-12-02T06:00:00.000000000,205.76,276.67918
2022-12-02T07:00:00.000000000,195.3,268.46783
2022-12-02T08:00:00.000000000,193.23,262.37071
2022-12-02T09:00:00.000000000,196.34,258.02748
2022-12-02T10:00:00.000000000,196.7,255.41009
2022-12-02T11:00:00.000000000,197.41,254.77839
2022-12-02T12:00:00.000000000,198.96,256.19574
2022-12-02T13:00:00.000000000,190.31,257.34514
2022-12-02T14:00:00.000000000,197.37,257.61453
2022-12-02T15:00:00.000000000,199.28,258.21777
2022-12-02T16:00:00.000000000,199.99,259.11613
2022-12-02T17:00:00.000000000,195.62,258.82975
2022-12-02T18:00:00.000000000,197.7,257.00342
2022-12-02T19:00:00.000000000,195.0,255.36799
2022-12-02T20:00:00.000000000,194.06,254.21518
2022-12-02T21:00:00.000000000,191.16,253.27928
2022-12-02T22:00:00.000000000,190.01,252.82144
2022-12-02T23:00:00.000000000,196.67,253.15309
2022-12-03T00:00:00.000000000,206.47,246.29311
2022-12-03T01:00:00.000000000,208.05,244.54384
2022-12-03T02:00:00.000000000,204.39,241.3173
2022-12-03T03:00:00.000000000,209.61,239.6294
2022-12-03T04:00:00.000000000,213.46,238.09142
2022-12-03T05:00:00.000000000,219.26,236.59951
2022-12-03T06:00:00.000000000,222.38,236.5903
2022-12-03T07:00:00.000000000,217.61,238.75331
2022-12-03T08:00:00.000000000,222.25,244.79348
2022-12-03T09:00:00.000000000,229.83,253.78957
2022-12-03T10:00:00.000000000,248.57,264.88845
2022-12-03T11:00:00.000000000,276.59,277.85552
2022-12-03T12:00:00.000000000,335.12,293.48991
2022-12-03T13:00:00.000000000,364.78,308.8114
2022-12-03T14:00:00.000000000,401.44,323.86433
2022-12-03T15:00:00.000000000,433.39,339.55145
2022-12-03T16:00:00.000000000,459.16,355.19765
2022-12-03T17:00:00.000000000,493.17,371.28277
2022-12-03T18:00:00.000000000,503.33,387.61129
2022-12-03T19:00:00.000000000,495.41,403.87614
2022-12-03T20:00:00.000000000,477.11,418.60696
2022-12-03T21:00:00.000000000,459.62,430.78496
2022-12-03T22:00:00.000000000,448.18,439.77277
2022-12-03T23:00:00.000000000,448.32,445.94807
2022-12-01T00:00:00.000000000,421.1,428.26191
2022-12-01T01:00:00.000000000,396.11,415.39738
2022-12-01T02:00:00.000000000,374.73,400.69159
2022-12-01T03:00:00.000000000,350.53,385.67377
2022-12-01T04:00:00.000000000,326.25,370.68332
2022-12-01T05:00:00.000000000,298.6,356.62488
2022-12-01T06:00:00.000000000,263.16,343.80249
2022-12-01T07:00:00.000000000,237.67,333.28881
2022-12-01T08:00:00.000000000,231.01,326.75819
2022-12-01T09:00:00.000000000,220.98,324.28507
2022-12-01T10:00:00.000000000,225.38,325.24042
2022-12-01T11:00:00.000000000,224.98,328.88687
2022-12-01T12:00:00.000000000,224.64,335.25159
2022-12-01T13:00:00.000000000,228.7,341.48102
2022-12-01T14:00:00.000000000,227.0,346.0876
2022-12-01T15:00:00.000000000,224.26,349.54873
2022-12-01T16:00:00.000000000,228.57,351.94002
2022-12-01T17:00:00.000000000,240.03,352.35129
2022-12-01T18:00:00.000000000,243.58,349.3834
2022-12-01T19:00:00.000000000,237.57,343.6809
2022-12-01T20:00:00.000000000,239.78,335.55425
2022-12-01T21:00:00.000000000,240.97,325.35225
2022-12-01T22:00:00.000000000,230.96,314.55387
2022-12-01T23:00:00.000000000,224.92,304.84146
2022-12-02T00:00:00.000000000,222.29,285.66863
2022-12-02T01:00:00.000000000,217.11,279.9575
2022-12-02T02:00:00.000000000,209.71,272.80257
2022-12-02T03:00:00.000000000,208.77,266.55989
2022-12-02T04:00:00.000000000,207.6,261.41299
2022-12-02T05:00:00.000000000,207.15,257.34805
2022-12-02T06:00:00.000000000,205.76,254.19175
2022-12-02T07:00:00.000000000,195.3,251.55796
2022-12-02T08:00:00.000000000,193.23,249.52579
2022-12-02T09:00:00.000000000,196.34,247.91772
2022-12-02T10:00:00.000000000,196.7,246.78142
2022-12-02T11:00:00.000000000,197.41,246.62545
2022-12-02T12:00:00.000000000,198.96,247.57958
2022-12-02T13:00:00.000000000,190.31,247.49839
2022-12-02T14:00:00.000000000,197.37,246.00789
2022-12-02T15:00:00.000000000,199.28,244.68122
2022-12-02T16:00:00.000000000,199.99,243.70633
2022-12-02T17:00:00.000000000,195.62,241.91055
2022-12-02T18:00:00.000000000,197.7,239.7445
2022-12-02T19:00:00.000000000,195.0,238.8723
2022-12-02T20:00:00.000000000,194.06,239.06319
2022-12-02T21:00:00.000000000,191.16,239.7606
2022-12-02T22:00:00.000000000,190.01,241.11677
2022-12-02T23:00:00.000000000,196.67,243.70739
2022-12-03T00:00:00.000000000,206.47,224.47807
2022-12-03T01:00:00.000000000,208.05,222.46918
2022-12-03T02:00:00.000000000,204.39,219.74397
2022-12-03T03:00:00.000000000,209.61,219.12813
2022-12-03T04:00:00.000000000,213.46,218.70489
2022-12-03T05:00:00.000000000,219.26,218.92628
2022-12-03T06:00:00.000000000,222.38,221.6382
2022-12-03T07:00:00.000000000,217.61,227.58316
2022-12-03T08:00:00.000000000,222.25,238.64115
2022-12-03T09:00:00.000000000,229.83,254.86555
2022-12-03T10:00:00.000000000,248.57,275.16347
2022-12-03T11:00:00.000000000,276.59,298.64803
2022-12-03T12:00:00.000000000,335.12,325.31297
2022-12-03T13:00:00.000000000,364.78,351.16127
2022-12-03T14:00:00.000000000,401.44,374.68024
2022-12-03T15:00:00.000000000,433.39,395.83972
2022-12-03T16:00:00.000000000,459.16,414.23437
2022-12-03T17:00:00.000000000,493.17,431.12171
2022-12-03T18:00:00.000000000,503.33,446.79831
2022-12-03T19:00:00.000000000,495.41,460.27156
2022-12-03T20:00:00.000000000,477.11,469.71425
2022-12-03T21:00:00.000000000,459.62,474.00508
2022-12-03T22:00:00.000000000,448.18,473.46849
2022-12-03T23:00:00.000000000,448.32,469.3123
2022-12-04T00:00:00.000000000,447.23,457.14183
2022-12-04T01:00:00.000000000,423.49,444.27184
2022-12-04T02:00:00.000000000,387.3,429.08425
2022-12-04T03:00:00.000000000,361.12,414.14105
2022-12-04T04:00:00.000000000,351.8,400.47123
2022-12-04T05:00:00.000000000,354.95,389.69836
2022-12-04T06:00:00.000000000,340.81,383.08696
2022-12-04T07:00:00.000000000,326.99,380.46015
2022-12-04T08:00:00.000000000,306.23,382.93984
2022-12-04T09:00:00.000000000,286.32,389.88316
2022-12-04T10:00:00.000000000,281.52,399.61424
2022-12-04T11:00:00.000000000,303.28,411.0788
2022-12-04T12:00:00.000000000,374.73,425.26073
2022-12-04T13:00:00.000000000,405.84,439.88553
2022-12-04T14:00:00.000000000,429.6,453.4615
2022-12-04T15:00:00.000000000,443.66,465.329
2022-12-04T16:00:00.000000000,473.2,474.32797
2022-12-04T17:00:00.000000000,502.68,480.34232
2022-12-04T18:00:00.000000000,519.58,482.215
2022-12-04T19:00:00.000000000,526.68,480.02489
2022-12-04T20:00:00.000000000,519.89,474.78916
2022-12-04T21:00:00.000000000,509.69,467.54677
2022-12-04T22:00:00.000000000,498.34,458.76864
2022-12-04T23:00:00.000000000,486.09,449.30725
2022-12-02T00:00:00.000000000,222.29,221.55603
2022-12-02T01:00:00.000000000,217.11,218.4738
2022-12-02T02:00:00.000000000,209.71,215.09748
2022-12-02T03:00:00.000000000,208.77,213.47739
2022-12-02T04:00:00.000000000,207.6,213.32046
2022-12-02T05:00:00.000000000,207.15,214.02253
2022-12-02T06:00:00.000000000,205.76,215.49441
2022-12-02T07:00:00.000000000,195.3,217.31155
2022-12-02T08:00:00.000000000,193.23,219.84326
2022-12-02T09:00:00.000000000,196.34,222.79429
2022-12-02T10:00:00.000000000,196.7,225.94667
2022-12-02T11:00:00.000000000,197.41,229.55663
2022-12-02T12:00:00.000000000,198.96,233.1385
2022-12-02T13:00:00.000000000,190.31,234.60186
2022-12-02T14:00:00.000000000,197.37,234.04903
2022-12-02T15:00:00.000000000,199.28,233.34374
2022-12-02T16:00:00.000000000,199.99,232.39628
2022-12-02T17:00:00.000000000,195.62,230.08068
2022-12-02T18:00:00.000000000,197.7,227.43824
2022-12-02T19:00:00.000000000,195.0,225.99096
2022-12-02T20:00:00.000000000,194.06,225.45362
2022-12-02T21:00:00.000000000,191.16,225.64122
2022-12-02T22:00:00.000000000,190.01,226.94838
2022-12-02T23:00:00.000000000,196.67,230.07334
2022-12-03T00:00:00.000000000,206.47,243.13253
2022-12-03T01:00:00.000000000,208.05,240.83401
2022-12-03T02:00:00.000000000,204.39,237.22289
2022-12-03T03:00:00.000000000,209.61,235.35779
2022-12-03T04:00:00.000000000,213.46,233.40645
2022-12-03T05:00:00.000000000,219.26,231.70293
2022-12-03T06:00:00.000000000,222.38,232.2156
2022-12-03T07:00:00.000000000,217.61,235.87939
2022-12-03T08:00:00.000000000,222.25,244.56519
2022-12-03T09:00:00.000000000,229.83,258.32818
2022-12-03T10:00:00.000000000,248.57,276.55949
2022-12-03T11:00:00.000000000,276.59,298.75563
2022-12-03T12:00:00.000000000,335.12,325.17274
2022-12-03T13:00:00.000000000,364.78,351.5731
2022-12-03T14:00:00.000000000,401.44,376.17371
2022-12-03T15:00:00.000000000,433.39,398.62652
2022-12-03T16:00:00.000000000,459.16,418.75075
2022-12-03T17:00:00.000000000,493.17,437.87513
2022-12-03T18:00:00.000000000,503.33,455.99613
2022-12-03T19:00:00.000000000,495.41,472.31652
2022-12-03T20:00:00.000000000,477.11,484.98427
2022-12-03T21:00:00.000000000,459.62,492.75956
2022-12-03T22:00:00.000000000,448.18,495.42117
2022-12-03T23:00:00.000000000,448.32,493.91738
2022-12-04T00:00:00.000000000,447.23,500.78875
2022-12-04T01:00:00.000000000,423.49,492.71731
2022-12-04T02:00:00.000000000,387.3,483.96732
2022-12-04T03:00:00.000000000,361.12,475.65974
2022-12-04T04:00:00.000000000,351.8,467.95362
2022-12-04T05:00:00.000000000,354.95,461.87449
2022-12-04T06:00:00.000000000,340.81,457.90598
2022-12-04T07:00:00.000000000,326.99,456.40978
2022-12-04T08:00:00.000000000,306.23,458.96548
2022-12-04T09:00:00.000000000,286.32,464.83673
2022-12-04T10:00:00.000000000,281.52,472.25156
2022-12-04T11:00:00.000000000,303.28,479.10027
2022-12-04T12:00:00.000000000,374.73,486.43474
2022-12-04T13:00:00.000000000,405.84,492.52512
2022-12-04T14:00:00.000000000,429.6,496.55238
2022-12-04T15:00:00.000000000,443.66,499.07315
2022-12-04T16:00:00.000000000,473.2,499.72697
2022-12-04T17:00:00.000000000,502.68,499.3621
2022-12-04T18:00:00.000000000,519.58,496.56081
2022-12-04T19:00:00.000000000,526.68,490.99538
2022-12-04T20:00:00.000000000,519.89,483.08378
2022-12-04T21:00:00.000000000,509.69,473.40599
2022-12-04T22:00:00.000000000,498.34,462.89591
2022-12-04T23:00:00.000000000,486.09,452.69089
2022-12-05T00:00:00.000000000,458.41,436.02682
2022-12-05T01:00:00.000000000,415.77,426.20419
2022-12-05T02:00:00.000000000,362.25,413.42311
2022-12-05T03:00:00.000000000,309.48,399.51831
2022-12-05T04:00:00.000000000,275.63,385.5232
2022-12-05T05:00:00.000000000,262.48,373.04788
2022-12-05T06:00:00.000000000,257.14,363.29702
2022-12-05T07:00:00.000000000,249.68,356.81903
2022-12-05T08:00:00.000000000,245.06,354.68909
2022-12-05T09:00:00.000000000,245.62,356.48842
2022-12-05T10:00:00.000000000,234.4,361.4084
2022-12-05T11:00:00.000000000,248.16,368.4137
2022-12-05T12:00:00.000000000,283.87,378.30329
2022-12-05T13:00:00.000000000,314.55,388.79603
2022-12-05T14:00:00.000000000,343.42,398.5224
2022-12-05T15:00:00.000000000,362.2,407.20289
2022-12-05T16:00:00.000000000,407.32,413.84709
2022-12-05T17:00:00.000000000,442.02,418.31105
2022-12-05T18:00:00.000000000,461.85,419.33568
2022-12-05T19:00:00.000000000,477.96,417.47164
2022-12-05T20:00:00.000000000,478.04,413.17388
2022-12-05T21:00:00.000000000,459.52,407.17142
2022-12-05T22:00:00.000000000,449.67,400.64148
2022-12-05T23:00:00.000000000,441.8,394.72198
2022-12-03T00:00:00.000000000,206.47,229.79118
2022-12-03T01:00:00.000000000,208.05,228.68836
2022-12-03T02:00:00.000000000,204.39,227.09074
2022-12-03T03:00:00.000000000,209.61,227.00625
2022-12-03T04:00:00.000000000,213.46,226.59874
2022-12-03T05:00:00.000000000,219.26,226.38726
2022-12-03T06:00:00.000000000,222.38,228.16638
2022-12-03T07:00:00.000000000,217.61,232.69569
2022-12-03T08:00:00.000000000,222.25,241.51586
2022-12-03T09:00:00.000000000,229.83,254.70222
2022-12-03T10:00:00.000000000,248.57,271.82116
2022-12-03T11:00:00.000000000,276.59,292.56604
2022-12-03T12:00:00.000000000,335.12,317.2523
2022-12-03T13:00:00.000000000,364.78,342.1304
2022-12-03T14:00:00.000000000,401.44,365.72287
2022-12-03T15:00:00.000000000,433.39,387.81464
2022-12-03T16:00:00.000000000,459.16,407.86538
2022-12-03T17:00:00.000000000,493.17,426.6171
2022-12-03T18:00:00.000000000,503.33,443.7095
2022-12-03T19:00:00.000000000,495.41,458.32693
2022-12-03T20:00:00.000000000,477.11,468.70715
2022-12-03T21:00:00.000000000,459.62,473.8742
2022-12-03T22:00:00.000000000,448.18,474.21068
2022-12-03T23:00:00.000000000,448.32,471.27784
2022-12-04T00:00:00.000000000,447.23,469.76628
2022-12-04T01:00:00.000000000,423.49,461.61329
2022-12-04T02:00:00.000000000,387.3,453.11526
2022-12-04T03:00:00.000000000,361.12,445.56169
2022-12-04T04:00:00.000000000,351.8,438.80299
2022-12-04T05:00:00.000000000,354.95,433.36328
2022-12-04T06:00:00.000000000,340.81,429.58897
2022-12-04T07:00:00.000000000,326.99,427.82035
2022-12-04T08:00:00.000000000,306.23,429.78398
2022-12-04T09:00:00.000000000,286.32,435.12668
2022-12-04T10:00:00.000000000,281.52,442.2563
2022-12-04T11:00:00.000000000,303.28,449.28211
2022-12-04T12:00:00.000000000,374.73,456.60044
2022-12-04T13:00:00.000000000,405.84,462.2528
2022-12-04T14:00:00.000000000,429.6,465.23352
2022-12-04T15:00:00.000000000,443.66,466.10134
2022-12-04T16:00:00.000000000,473.2,464.69141
2022-12-04T17:00:00.000000000,502.68,461.6808
2022-12-04T18:00:00.000000000,519.58,456.24811
2022-12-04T19:00:00.000000000,526.68,448.19252
2022-12-04T20:00:00.000000000,519.89,437.92887
2022-12-04T21:00:00.000000000,509.69,426.06121
2022-12-04T22:00:00.000000000,498.34,413.61463
2022-12-04T23:00:00.000000000,486.09,401.93955
2022-12-05T00:00:00.000000000,458.41,373.01499
2022-12-05T01:00:00.000000000,415.77,363.18699
2022-12-05T02:00:00.000000000,362.25,350.7542
2022-12-05T03:00:00.000000000,309.48,338.36115
2022-12-05T04:00:00.000000000,275.63,326.69295
2022-12-05T05:00:00.000000000,262.48,316.68202
2022-12-05T06:00:00.000000000,257.14,309.48365
2022-12-05T07:00:00.000000000,249.68,305.01964
2022-12-05T08:00:00.000000000,245.06,304.23621
2022-12-05T09:00:00.000000000,245.62,306.60103
2022-12-05T10:00:00.000000000,234.4,311.6093
2022-12-05T11:00:00.000000000,248.16,318.99923
2022-12-05T12:00:00.000000000,283.87,329.75886
2022-12-05T13:00:00.000000000,314.55,341.83642
2022-12-05T14:00:00.000000000,343.42,354.47821
2022-12-05T15:00:00.000000000,362.2,367.33232
2022-12-05T16:00:00.000000000,407.32,378.91583
2022-12-05T17:00:00.000000000,442.02,388.5562
2022-12-05T18:00:00.000000000,461.85,395.21086
2022-12-05T19:00:00.000000000,477.96,399.06943
2022-12-05T20:00:00.000000000,478.04,399.9765
2022-12-05T21:00:00.000000000,459.52,398.33681
2022-12-05T22:00:00.000000000,449.67,394.81677
2022-12-05T23:00:00.000000000,441.8,390.45702
2022-12-06T00:00:00.000000000,421.84,384.00171
2022-12-06T01:00:00.000000000,380.32,376.91508
2022-12-06T02:00:00.000000000,348.76,368.61733
2022-12-06T03:00:00.000000000,327.34,361.52398
2022-12-06T04:00:00.000000000,324.17,355.68077
2022-12-06T05:00:00.000000000,327.76,351.5944
2022-12-06T06:00:00.000000000,331.22,350.13723
2022-12-06T07:00:00.000000000,357.98,350.82603
2022-12-06T08:00:00.000000000,399.35,354.8153
2022-12-06T09:00:00.000000000,443.35,361.66487
2022-12-06T10:00:00.000000000,446.27,370.27896
2022-12-06T11:00:00.000000000,453.8,380.15692
2022-12-06T12:00:00.000000000,458.42,392.33699
2022-12-06T13:00:00.000000000,444.91,404.73088
2022-12-06T14:00:00.000000000,446.52,416.15556
2022-12-06T15:00:00.000000000,462.74,426.27864
2022-12-06T16:00:00.000000000,480.37,434.0174
2022-12-06T17:00:00.000000000,503.38,439.47173
2022-12-06T18:00:00.000000000,511.43,442.11399
2022-12-06T19:00:00.000000000,525.49,441.93644
2022-12-06T20:00:00.000000000,546.03,439.24917
2022-12-06T21:00:00.000000000,548.32,434.6979
2022-12-06T22:00:00.000000000,555.16,428.74836
2022-12-06T23:00:00.000000000,558.74,422.42196
2022-12-04T00:00:00.000000000,447.23,452.67517
2022-12-04T01:00:00.000000000,423.49,444.77863
2022-12-04T02:00:00.000000000,387.3,436.96251
2022-12-04T03:00:00.000000000,361.12,430.6181
2022-12-04T04:00:00.000000000,351.8,425.4326
2022-12-04T05:00:00.000000000,354.95,421.71875
2022-12-04T06:00:00.000000000,340.81,419.81982
2022-12-04T07:00:00.000000000,326.99,419.90428
2022-12-04T08:00:00.000000000,306.23,423.62428
2022-12-04T09:00:00.000000000,286.32,430.45724
2022-12-04T10:00:00.000000000,281.52,438.67445
2022-12-04T11:00:00.000000000,303.28,446.36473
2022-12-04T12:00:00.000000000,374.73,453.95347
2022-12-04T13:00:00.000000000,405.84,459.64672
2022-12-04T14:00:00.000000000,429.6,462.61401
2022-12-04T15:00:00.000000000,443.66,463.47123
2022-12-04T16:00:00.000000000,473.2,462.0156
2022-12-04T17:00:00.000000000,502.68,458.81749
2022-12-04T18:00:00.000000000,519.58,453.16996
2022-12-04T19:00:00.000000000,526.68,444.67235
2022-12-04T20:00:00.000000000,519.89,433.64488
2022-12-04T21:00:00.000000000,509.69,420.71326
2022-12-04T22:00:00.000000000,498.34,406.99897
2022-12-04T23:00:00.000000000,486.09,394.01265
2022-12-05T00:00:00.000000000,458.41,364.08857
2022-12-05T01:00:00.000000000,415.77,352.42541
2022-12-05T02:00:00.000000000,362.25,338.02464
2022-12-05T03:00:00.000000000,309.48,323.76575
2022-12-05T04:00:00.000000000,275.63,310.83166
2022-12-05T05:00:00.000000000,262.48,300.69279
2022-12-05T06:00:00.000000000,257.14,294.64127
2022-12-05T07:00:00.000000000,249.68,292.30375
2022-12-05T08:00:00.000000000,245.06,294.22452
2022-12-05T09:00:00.000000000,245.62,299.5792
2022-12-05T10:00:00.000000000,234.4,307.40951
2022-12-05T11:00:00.000000000,248.16,317.36802
2022-12-05T12:00:00.000000000,283.87,330.23807
2022-12-05T13:00:00.000000000,314.55,344.0122
2022-12-05T14:00:00.000000000,343.42,358.11068
2022-12-05T15:00:00.000000000,362.2,372.24757
2022-12-05T16:00:00.000000000,407.32,384.85585
2022-12-05T17:00:00.000000000,442.02,394.8363
2022-12-05T18:00:00.000000000,461.85,400.98007
2022-12-05T19:00:00.000000000,477.96,403.41967
2022-12-05T20:00:00.000000000,478.04,402.42891
2022-12-05T21:00:00.000000000,459.52,398.74474
2022-12-05T22:00:00.000000000,449.67,392.94118
2022-12-05T23:00:00.000000000,441.8,386.11938
2022-12-06T00:00:00.000000000,421.84,382.25308
2022-12-06T01:00:00.000000000,380.32,372.86964
2022-12-06T02:00:00.000000000,348.76,361.554
2022-12-06T03:00:00.000000000,327.34,351.1784
2022-12-06T04:00:00.000000000,324.17,342.30278
2022-12-06T05:00:00.000000000,327.76,335.8369
2022-12-06T06:00:00.000000000,331.22,333.00907
2022-12-06T07:00:00.000000000,357.98,333.31522
2022-12-06T08:00:00.000000000,399.35,337.74101
2022-12-06T09:00:00.000000000,443.35,345.62889
2022-12-06T10:00:00.000000000,446.27,355.72873
2022-12-06T11:00:00.000000000,453.8,367.46799
2022-12-06T12:00:00.000000000,458.42,381.83513
2022-12-06T13:00:00.000000000,444.91,396.67184
2022-12-06T14:00:00.000000000,446.52,410.80851
2022-12-06T15:00:00.000000000,462.74,423.6671
2022-12-06T16:00:00.000000000,480.37,433.97846
2022-12-06T17:00:00.000000000,503.38,441.46842
2022-12-06T18:00:00.000000000,511.43,445.4344
2022-12-06T19:00:00.000000000,525.49,445.83009
2022-12-06T20:00:00.000000000,546.03,443.12307
2022-12-06T21:00:00.000000000,548.32,438.14473
2022-12-06T22:00:00.000000000,555.16,431.39528
2022-12-06T23:00:00.000000000,558.74,423.92596
2022-12-07T00:00:00.000000000,561.63,423.22605
2022-12-07T01:00:00.000000000,555.63,419.30579
2022-12-07T02:00:00.000000000,545.06,414.70573
2022-12-07T03:00:00.000000000,534.56,410.58266
2022-12-07T04:00:00.000000000,527.87,406.81177
2022-12-07T05:00:00.000000000,528.9,403.81712
2022-12-07T06:00:00.000000000,523.32,401.94889
2022-12-07T07:00:00.000000000,525.19,401.34469
2022-12-07T08:00:00.000000000,532.12,403.37301
2022-12-07T09:00:00.000000000,542.52,407.9945
2022-12-07T10:00:00.000000000,552.51,414.33681
2022-12-07T11:00:00.000000000,548.06,421.43204
2022-12-07T12:00:00.000000000,547.52,429.90793
2022-12-07T13:00:00.000000000,534.16,437.58104
2022-12-07T14:00:00.000000000,532.01,442.97947
2022-12-07T15:00:00.000000000,528.97,446.11202
2022-12-07T16:00:00.000000000,527.03,446.53411
2022-12-07T17:00:00.000000000,539.11,445.04955
2022-12-07T18:00:00.000000000,544.82,441.18696
2022-12-07T19:00:00.000000000,547.13,435.26786
2022-12-07T20:00:00.000000000,545.02,427.91571
2022-12-07T21:00:00.000000000,540.79,419.90509
2022-12-07T22:00:00.000000000,532.72,412.14466
2022-12-07T23:00:00.000000000,511.02,405.73526
2022-12-05T00:00:00.000000000,458.41,465.48137
2022-12-05T01:00:00.000000000,415.77,453.02305
2022-12-05T02:00:00.000000000,362.25,436.7639
2022-12-05T03:00:00.000000000,309.48,418.8723
2022-12-05T04:00:00.000000000,275.63,400.84303
2022-12-05T05:00:00.000000000,262.48,384.82746
2022-12-05T06:00:00.000000000,257.14,372.34653
2022-12-05T07:00:00.000000000,249.68,363.97164
2022-12-05T08:00:00.000000000,245.06,360.86885
2022-12-05T09:00:00.000000000,245.62,362.64136
2022-12-05T10:00:00.000000000,234.4,368.17868
2022-12-05T11:00:00.000000000,248.16,376.23324
2022-12-05T12:00:00.000000000,283.87,387.52326
2022-12-05T13:00:00.000000000,314.55,399.62069
2022-12-05T14:00:00.000000000,343.42,411.10233
2022-12-05T15:00:00.000000000,362.2,421.56767
2022-12-05T16:00:00.000000000,407.32,429.9821
2022-12-05T17:00:00.000000000,442.02,436.06906
2022-12-05T18:00:00.000000000,461.85,438.28954
2022-12-05T19:00:00.000000000,477.96,437.05037
2022-12-05T20:00:00.000000000,478.04,433.03721
2022-12-05T21:00:00.000000000,459.52,427.06151
2022-12-05T22:00:00.000000000,449.67,420.06085
2022-12-05T23:00:00.000000000,441.8,413.01269
2022-12-06T00:00:00.000000000,421.84,404.85237
2022-12-06T01:00:00.000000000,380.32,395.35216
2022-12-06T02:00:00.000000000,348.76,385.14075
2022-12-06T03:00:00.000000000,327.34,376.97093
2022-12-06T04:00:00.000000000,324.17,370.82464
2022-12-06T05:00:00.000000000,327.76,367.30577
2022-12-06T06:00:00.000000000,331.22,367.18858
2022-12-06T07:00:00.000000000,357.98,369.65888
2022-12-06T08:00:00.000000000,399.35,375.6875
2022-12-06T09:00:00.000000000,443.35,384.5491
2022-12-06T10:00:00.000000000,446.27,394.72798
2022-12-06T11:00:00.000000000,453.8,405.87785
2022-12-06T12:00:00.000000000,458.42,419.48423
2022-12-06T13:00:00.000000000,444.91,433.64245
2022-12-06T14:00:00.000000000,446.52,447.08399
2022-12-06T15:00:00.000000000,462.74,459.17384
2022-12-06T16:00:00.000000000,480.37,468.51451
2022-12-06T17:00:00.000000000,503.38,475.28323
2022-12-06T18:00:00.000000000,511.43,478.89452
2022-12-06T19:00:00.000000000,525.49,479.24739
2022-12-06T20:00:00.000000000,546.03,476.8891
2022-12-06T21:00:00.000000000,548.32,472.46024
2022-12-06T22:00:00.000000000,555.16,465.99263
2022-12-06T23:00:00.000000000,558.74,458.23778
2022-12-07T00:00:00.000000000,561.63,467.60072
2022-12-07T01:00:00.000000000,555.63,462.73928
2022-12-07T02:00:00.000000000,545.06,457.45053
2022-12-07T03:00:00.000000000,534.56,452.98303
2022-12-07T04:00:00.000000000,527.87,449.06613
2022-12-07T05:00:00.000000000,528.9,446.27276
2022-12-07T06:00:00.000000000,523.32,444.70692
2022-12-07T07:00:00.000000000,525.19,444.23178
2022-12-07T08:00:00.000000000,532.12,446.15076
2022-12-07T09:00:00.000000000,542.52,450.04542
2022-12-07T10:00:00.000000000,552.51,454.85327
2022-12-07T11:00:00.000000000,548.06,459.80599
2022-12-07T12:00:00.000000000,547.52,466.53552
2022-12-07T13:00:00.000000000,534.16,473.35
2022-12-07T14:00:00.000000000,532.01,479.1406
2022-12-07T15:00:00.000000000,528.97,483.89072
2022-12-07T16:00:00.000000000,527.03,486.69651
2022-12-07T17:00:00.000000000,539.11,488.60918
2022-12-07T18:00:00.000000000,544.82,488.63118
2022-12-07T19:00:00.000000000,547.13,486.77551
2022-12-07T20:00:00.000000000,545.02,483.5029
2022-12-07T21:00:00.000000000,540.79,479.17345
2022-12-07T22:00:00.000000000,532.72,474.07941
2022-12-07T23:00:00.000000000,511.02,468.93951
2022-12-08T00:00:00.000000000,481.03,463.11669
2022-12-08T01:00:00.000000000,468.47,456.33963
2022-12-08T02:00:00.000000000,462.69,448.03844
2022-12-08T03:00:00.000000000,450.59,439.82918
2022-12-08T04:00:00.000000000,444.15,431.54785
2022-12-08T05:00:00.000000000,454.44,424.11577
2022-12-08T06:00:00.000000000,449.82,418.00808
2022-12-08T07:00:00.000000000,441.24,413.45542
2022-12-08T08:00:00.000000000,433.8,412.14586
2022-12-08T09:00:00.000000000,432.38,414.12098
2022-12-08T10:00:00.000000000,446.76,418.42816
2022-12-08T11:00:00.000000000,461.81,424.36698
2022-12-08T12:00:00.000000000,470.11,433.06491
2022-12-08T13:00:00.000000000,455.05,442.2389
2022-12-08T14:00:00.000000000,451.35,450.62417
2022-12-08T15:00:00.000000000,451.56,458.12265
2022-12-08T16:00:00.000000000,464.22,463.97761
2022-12-08T17:00:00.000000000,482.0,469.15036
2022-12-08T18:00:00.000000000,475.15,472.53142
2022-12-08T19:00:00.000000000,467.58,474.21218
2022-12-08T20:00:00.000000000,442.83,474.35834
2022-12-08T21:00:00.000000000,434.81,473.0464
2022-12-08T22:00:00.000000000,445.27,470.24307
2022-12-08T23:00:00.000000000,471.22,466.6052
2022-12-06T00:00:00.000000000,421.84,435.62624
2022-12-06T01:00:00.000000000,380.32,425.92472
2022-12-06T02:00:00.000000000,348.76,415.07056
2022-12-06T03:00:00.000000000,327.34,405.56348
2022-12-06T04:00:00.000000000,324.17,397.64705
2022-12-06T05:00:00.000000000,327.76,392.26573
2022-12-06T06:00:00.000000000,331.22,390.3292
2022-12-06T07:00:00.000000000,357.98,391.17403
2022-12-06T08:00:00.000000000,399.35,395.7497
2022-12-06T09:00:00.000000000,443.35,403.36914
2022-12-06T10:00:00.000000000,446.27,412.59234
2022-12-06T11:00:00.000000000,453.8,422.85119
2022-12-06T12:00:00.000000000,458.42,435.86284
2022-12-06T13:00:00.000000000,444.91,449.70474
2022-12-06T14:00:00.000000000,446.52,462.93092
2022-12-06T15:00:00.000000000,462.74,474.87497
2022-12-06T16:00:00.000000000,480.37,484.22921
2022-12-06T17:00:00.000000000,503.38,491.39664
2022-12-06T18:00:00.000000000,511.43,495.54263
2022-12-06T19:00:00.000000000,525.49,496.6568
2022-12-06T20:00:00.000000000,546.03,495.21794
2022-12-06T21:00:00.000000000,548.32,491.79656
2022-12-06T22:00:00.000000000,555.16,486.44026
2022-12-06T23:00:00.000000000,558.74,479.73789
2022-12-07T00:00:00.000000000,561.63,496.70964
2022-12-07T01:00:00.000000000,555.63,491.99864
2022-12-07T02:00:00.000000000,545.06,486.97922
2022-12-07T03:00:00.000000000,534.56,482.59703
2022-12-07T04:00:00.000000000,527.87,478.65739
2022-12-07T05:00:00.000000000,528.9,475.95088
2022-12-07T06:00:00.000000000,523.32,474.44124
2022-12-07T07:00:00.000000000,525.19,474.07794
2022-12-07T08:00:00.000000000,532.12,476.08405
2022-12-07T09:00:00.000000000,542.52,479.73645
2022-12-07T10:00:00.000000000,552.51,483.8251
2022-12-07T11:00:00.000000000,548.06,487.23736
2022-12-07T12:00:00.000000000,547.52,491.86641
2022-12-07T13:00:00.000000000,534.16,496.3313
2022-12-07T14:00:00.000000000,532.01,499.96557
2022-12-07T15:00:00.000000000,528.97,503.13596
2022-12-07T16:00:00.000000000,527.03,504.88901
2022-12-07T17:00:00.000000000,539.11,506.37011
2022-12-07T18:00:00.000000000,544.82,506.12629
2022-12-07T19:00:00.000000000,547.13,504.1139
2022-12-07T20:00:00.000000000,545.02,500.76666
2022-12-07T21:00:00.000000000,540.79,496.3577
2022-12-07T22:00:00.000000000,532.72,491.1881
2022-12-07T23:00:00.000000000,511.02,485.95021
2022-12-08T00:00:00.000000000,481.03,479.99515
2022-12-08T01:00:00.000000000,468.47,475.21893
2022-12-08T02:00:00.000000000,462.69,469.34765
2022-12-08T03:00:00.000000000,450.59,463.28574
2022-12-08T04:00:00.000000000,444.15,456.71044
2022-12-08T05:00:00.000000000,454.44,450.58516
2022-12-08T06:00:00.000000000,449.82,445.13768
2022-12-08T07:00:00.000000000,441.24,440.83239
2022-12-08T08:00:00.000000000,433.8,439.41045
2022-12-08T09:00:00.000000000,432.38,440.83737
2022-12-08T10:00:00.000000000,446.76,444.06804
2022-12-08T11:00:00.000000000,461.81,448.06517
2022-12-08T12:00:00.000000000,470.11,453.81835
2022-12-08T13:00:00.000000000,455.05,459.21434
2022-12-08T14:00:00.000000000,451.35,463.20391
2022-12-08T15:00:00.000000000,451.56,466.25104
2022-12-08T16:00:00.000000000,464.22,467.78781
2022-12-08T17:00:00.000000000,482.0,469.10466
2022-12-08T18:00:00.000000000,475.15,469.09086
2022-12-08T19:00:00.000000000,467.58,467.95494
2022-12-08T20:00:00.000000000,442.83,465.95933
2022-12-08T21:00:00.000000000,434.81,463.24571
2022-12-08T22:00:00.000000000,445.27,460.05735
2022-12-08T23:00:00.000000000,471.22,457.07714
2022-12-09T00:00:00.000000000,483.82,448.44759
2022-12-09T01:00:00.000000000,486.17,443.23839
2022-12-09T02:00:00.000000000,492.24,438.14977
2022-12-09T03:00:00.000000000,480.03,434.53152
2022-12-09T04:00:00.000000000,477.8,431.90105
2022-12-09T05:00:00.000000000,462.57,430.88932
2022-12-09T06:00:00.000000000,450.71,431.59733
2022-12-09T07:00:00.000000000,422.45,433.78648
2022-12-09T08:00:00.000000000,402.24,438.74916
2022-12-09T09:00:00.000000000,390.99,445.88698
2022-12-09T10:00:00.000000000,387.22,453.55307
2022-12-09T11:00:00.000000000,390.77,460.73347
2022-12-09T12:00:00.000000000,411.0,468.45111
2022-12-09T13:00:00.000000000,428.05,474.93726
2022-12-09T14:00:00.000000000,455.48,479.37131
2022-12-09T15:00:00.000000000,480.76,482.33892
2022-12-09T16:00:00.000000000,505.45,483.10904
2022-12-09T17:00:00.000000000,528.32,482.8092
2022-12-09T18:00:00.000000000,536.5,480.78883
2022-12-09T19:00:00.000000000,534.59,477.11081
2022-12-09T20:00:00.000000000,528.29,472.32378
2022-12-09T21:00:00.000000000,520.89,466.87189
2022-12-09T22:00:00.000000000,511.25,460.85253
2022-12-09T23:00:00.000000000,499.86,454.96549
2022-12-07T00:00:00.000000000,561.63,578.8691
2022-12-07T01:00:00.000000000,555.63,574.00352
2022-12-07T02:00:00.000000000,545.06,568.0136
2022-12-07T03:00:00.000000000,534.56,560.92772
2022-12-07T04:00:00.000000000,527.87,552.80611
2022-12-07T05:00:00.000000000,528.9,545.08991
2022-12-07T06:00:00.000000000,523.32,537.52163
2022-12-07T07:00:00.000000000,525.19,531.2568
2022-12-07T08:00:00.000000000,532.12,528.41494
2022-12-07T09:00:00.000000000,542.52,528.62465
2022-12-07T10:00:00.000000000,552.51,530.57111
2022-12-07T11:00:00.000000000,548.06,531.93663
2022-12-07T12:00:00.000000000,547.52,534.09097
2022-12-07T13:00:00.000000000,534.16,535.24466
2022-12-07T14:00:00.000000000,532.01,534.89842
2022-12-07T15:00:00.000000000,528.97,534.11576
2022-12-07T16:00:00.000000000,527.03,532.85186
2022-12-07T17:00:00.000000000,539.11,532.82918
2022-12-07T18:00:00.000000000,544.82,531.53018
2022-12-07T19:00:00.000000000,547.13,528.76273
2022-12-07T20:00:00.000000000,545.02,524.95215
2022-12-07T21:00:00.000000000,540.79,520.20565
2022-12-07T22:00:00.000000000,532.72,515.00593
2022-12-07T23:00:00.000000000,511.02,510.08982
2022-12-08T00:00:00.000000000,481.03,501.63067
2022-12-08T01:00:00.000000000,468.47,496.12822
2022-12-08T02:00:00.000000000,462.69,489.28293
2022-12-08T03:00:00.000000000,450.59,481.8865
2022-12-08T04:00:00.000000000,444.15,473.79774
2022-12-08T05:00:00.000000000,454.44,466.24402
2022-12-08T06:00:00.000000000,449.82,459.43389
2022-12-08T07:00:00.000000000,441.24,454.034
2022-12-08T08:00:00.000000000,433.8,451.8985
2022-12-08T09:00:00.000000000,432.38,452.99347
2022-12-08T10:00:00.000000000,446.76,456.16563
2022-12-08T11:00:00.000000000,461.81,460.16129
2022-12-08T12:00:00.000000000,470.11,465.87267
2022-12-08T13:00:00.000000000,455.05,471.09229
2022-12-08T14:00:00.000000000,451.35,474.77995
2022-12-08T15:00:00.000000000,451.56,477.47364
2022-12-08T16:00:00.000000000,464.22,478.72115
2022-12-08T17:00:00.000000000,482.0,479.87699
2022-12-08T18:00:00.000000000,475.15,479.57886
2022-12-08T19:00:00.000000000,467.58,478.02877
2022-12-08T20:00:00.000000000,442.83,475.64735
2022-12-08T21:00:00.000000000,434.81,472.63086
2022-12-08T22:00:00.000000000,445.27,469.19168
2022-12-08T23:00:00.000000000,471.22,465.96773
2022-12-09T00:00:00.000000000,483.82,461.33259
2022-12-09T01:00:00.000000000,486.17,457.51765
2022-12-09T02:00:00.000000000,492.24,454.35767
2022-12-09T03:00:00.000000000,480.03,452.63022
2022-12-09T04:00:00.000000000,477.8,451.76234
2022-12-09T05:00:00.000000000,462.57,452.12604
2022-12-09T06:00:00.000000000,450.71,453.5489
2022-12-09T07:00:00.000000000,422.45,456.03402
2022-12-09T08:00:00.000000000,402.24,460.95281
2022-12-09T09:00:00.000000000,390.99,467.81547
2022-12-09T10:00:00.000000000,387.22,475.07805
2022-12-09T11:00:00.000000000,390.77,481.30619
2022-12-09T12:00:00.000000000,411.0,487.1306
2022-12-09T13:00:00.000000000,428.05,490.90908
2022-12-09T14:00:00.000000000,455.48,491.95853
2022-12-09T15:00:00.000000000,480.76,491.1593
2022-12-09T16:00:00.000000000,505.45,487.96596
2022-12-09T17:00:00.000000000,528.32,483.75911
2022-12-09T18:00:00.000000000,536.5,477.97329
2022-12-09T19:00:00.000000000,534.59,470.75941
2022-12-09T20:00:00.000000000,528.29,462.65202
2022-12-09T21:00:00.000000000,520.89,454.18223
2022-12-09T22:00:00.000000000,511.25,445.76086
2022-12-09T23:00:00.000000000,499.86,438.32245
2022-12-10T00:00:00.000000000,484.29,417.31567
2022-12-10T01:00:00.000000000,461.87,406.9059
2022-12-10T02:00:00.000000000,437.9,392.66627
2022-12-10T03:00:00.000000000,433.82,377.5795
2022-12-10T04:00:00.000000000,431.55,362.35066
2022-12-10T05:00:00.000000000,429.38,347.67245
2022-12-10T06:00:00.000000000,426.73,335.33222
2022-12-10T07:00:00.000000000,430.57,326.78701
2022-12-10T08:00:00.000000000,434.83,323.28317
2022-12-10T09:00:00.000000000,466.06,323.4649
2022-12-10T10:00:00.000000000,482.62,326.95489
2022-12-10T11:00:00.000000000,474.18,332.88034
2022-12-10T12:00:00.000000000,465.53,342.94456
2022-12-10T13:00:00.000000000,451.67,355.15681
2022-12-10T14:00:00.000000000,431.88,368.39623
2022-12-10T15:00:00.000000000,423.61,381.59646
2022-12-10T16:00:00.000000000,426.94,392.80055
2022-12-10T17:00:00.000000000,433.38,402.23955
2022-12-10T18:00:00.000000000,421.81,409.14377
2022-12-10T19:00:00.000000000,439.65,414.6912
2022-12-10T20:00:00.000000000,468.53,418.79092
2022-12-10T21:00:00.000000000,487.36,421.83853
2022-12-10T22:00:00.000000000,515.54,424.90195
2022-12-10T23:00:00.000000000,542.49,428.27548
2022-12-08T00:00:00.000000000,481.03,496.9228
2022-12-08T01:00:00.000000000,468.47,492.41764
2022-12-08T02:00:00.000000000,462.69,487.18614
2022-12-08T03:00:00.000000000,450.59,482.13866
2022-12-08T04:00:00.000000000,444.15,477.01908
2022-12-08T05:00:00.000000000,454.44,472.68895
2022-12-08T06:00:00.000000000,449.82,469.17229
2022-12-08T07:00:00.000000000,441.24,466.67319
2022-12-08T08:00:00.000000000,433.8,466.76825
2022-12-08T09:00:00.000000000,432.38,469.18652
2022-12-08T10:00:00.000000000,446.76,472.84546
2022-12-08T11:00:00.000000000,461.81,476.60062
2022-12-08T12:00:00.000000000,470.11,481.87071
2022-12-08T13:00:00.000000000,455.05,486.87054
2022-12-08T14:00:00.000000000,451.35,490.69985
2022-12-08T15:00:00.000000000,451.56,493.7711
2022-12-08T16:00:00.000000000,464.22,495.44565
2022-12-08T17:00:00.000000000,482.0,497.09284
2022-12-08T18:00:00.000000000,475.15,497.36109
2022-12-08T19:00:00.000000000,467.58,496.22766
2022-12-08T20:00:00.000000000,442.83,493.98723
2022-12-08T21:00:00.000000000,434.81,490.77904
2022-12-08T22:00:00.000000000,445.27,486.7384
2022-12-08T23:00:00.000000000,471.22,482.53912
2022-12-09T00:00:00.000000000,483.82,481.85265
2022-12-09T01:00:00.000000000,486.17,477.9642
2022-12-09T02:00:00.000000000,492.24,474.42009
2022-12-09T03:00:00.000000000,480.03,471.9235
2022-12-09T04:00:00.000000000,477.8,470.07237
2022-12-09T05:00:00.000000000,462.57,469.37399
2022-12-09T06:00:00.000000000,450.71,469.68815
2022-12-09T07:00:00.000000000,422.45,471.11936
2022-12-09T08:00:00.000000000,402.24,475.04588
2022-12-09T09:00:00.000000000,390.99,480.83741
2022-12-09T10:00:00.000000000,387.22,487.05562
2022-12-09T11:00:00.000000000,390.77,492.12332
2022-12-09T12:00:00.000000000,411.0,497.11919
2022-12-09T13:00:00.000000000,428.05,500.52785
2022-12-09T14:00:00.000000000,455.48,501.76249
2022-12-09T15:00:00.000000000,480.76,501.62629
2022-12-09T16:00:00.000000000,505.45,499.568
2022-12-09T17:00:00.000000000,528.32,496.93279
2022-12-09T18:00:00.000000000,536.5,492.68316
2022-12-09T19:00:00.000000000,534.59,486.7973
2022-12-09T20:00:00.000000000,528.29,479.73132
2022-12-09T21:00:00.000000000,520.89,471.94175
2022-12-09T22:00:00.000000000,511.25,463.93374
2022-12-09T23:00:00.000000000,499.86,456.63335
2022-12-10T00:00:00.000000000,484.29,447.80595
2022-12-10T01:00:00.000000000,461.87,432.18472
2022-12-10T02:00:00.000000000,437.9,413.2879
2022-12-10T03:00:00.000000000,433.82,394.69459
2022-12-10T04:00:00.000000000,431.55,377.4893
2022-12-10T05:00:00.000000000,429.38,362.85371
2022-12-10T06:00:00.000000000,426.73,352.22822
2022-12-10T07:00:00.000000000,430.57,346.11582
2022-12-10T08:00:00.000000000,434.83,345.6922
2022-12-10T09:00:00.000000000,466.06,349.98148
2022-12-10T10:00:00.000000000,482.62,357.96235
2022-12-10T11:00:00.000000000,474.18,369.16489
2022-12-10T12:00:00.000000000,465.53,385.03945
2022-12-10T13:00:00.000000000,451.67,403.05372
2022-12-10T14:00:00.000000000,431.88,421.38236
2022-12-10T15:00:00.000000000,423.61,438.31966
2022-12-10T16:00:00.000000000,426.94,452.17024
2022-12-10T17:00:00.000000000,433.38,462.87403
2022-12-10T18:00:00.000000000,421.81,469.49989
2022-12-10T19:00:00.000000000,439.65,472.83633
2022-12-10T20:00:00.000000000,468.53,473.84992
2022-12-10T21:00:00.000000000,487.36,473.31384
2022-12-10T22:00:00.000000000,515.54,471.24409
2022-12-10T23:00:00.000000000,542.49,467.87104
2022-12-11T00:00:00.000000000,544.32,462.49458
2022-12-11T01:00:00.000000000,548.23,459.23319
2022-12-11T02:00:00.000000000,546.36,457.01211
2022-12-11T03:00:00.000000000,538.51,456.48258
2022-12-11T04:00:00.000000000,526.18,456.93839
2022-12-11T05:00:00.000000000,512.72,458.29857
2022-12-11T06:00:00.000000000,502.56,460.32185
2022-12-11T07:00:00.000000000,487.18,463.08524
2022-12-11T08:00:00.000000000,470.88,468.07109
2022-12-11T09:00:00.000000000,458.48,474.74406
2022-12-11T10:00:00.000000000,452.67,481.7257
2022-12-11T11:00:00.000000000,440.15,487.34241
2022-12-11T12:00:00.000000000,426.24,492.31889
2022-12-11T13:00:00.000000000,413.62,495.09864
2022-12-11T14:00:00.000000000,400.25,494.98171
2022-12-11T15:00:00.000000000,382.43,492.79472
2022-12-11T16:00:00.000000000,385.14,488.17566
2022-12-11T17:00:00.000000000,393.48,482.45102
2022-12-11T18:00:00.000000000,377.79,475.05327
2022-12-11T19:00:00.000000000,366.07,465.91747
2022-12-11T20:00:00.000000000,348.69,455.48831
2022-12-11T21:00:00.000000000,332.33,444.38616
2022-12-11T22:00:00.000000000,323.09,433.46428
2022-12-11T23:00:00.000000000,310.1,423.90081
2022-12-09T00:00:00.000000000,483.82,504.42194
2022-12-09T01:00:00.000000000,486.17,500.1863
2022-12-09T02:00:00.000000000,492.24,495.79993
2022-12-09T03:00:00.000000000,480.03,491.82395
2022-12-09T04:00:00.000000000,477.8,487.84269
2022-12-09T05:00:00.000000000,462.57,484.35706
2022-12-09T06:00:00.000000000,450.71,481.24987
2022-12-09T07:00:00.000000000,422.45,478.94358
2022-12-09T08:00:00.000000000,402.24,479.22494
2022-12-09T09:00:00.000000000,390.99,481.85241
2022-12-09T10:00:00.000000000,387.22,485.67668
2022-12-09T11:00:00.000000000,390.77,488.97501
2022-12-09T12:00:00.000000000,411.0,492.7958
2022-12-09T13:00:00.000000000,428.05,495.41679
2022-12-09T14:00:00.000000000,455.48,496.10713
2022-12-09T15:00:00.000000000,480.76,495.65338
2022-12-09T16:00:00.000000000,505.45,493.78005
2022-12-09T17:00:00.000000000,528.32,491.8767
2022-12-09T18:00:00.000000000,536.5,488.64009
2022-12-09T19:00:00.000000000,534.59,483.92405
2022-12-09T20:00:00.000000000,528.29,477.9191
2022-12-09T21:00:00.000000000,520.89,470.83901
2022-12-09T22:00:00.000000000,511.25,463.26381
2022-12-09T23:00:00.000000000,499.86,456.17817
2022-12-10T00:00:00.000000000,484.29,458.27103
2022-12-10T01:00:00.000000000,461.87,444.73287
2022-12-10T02:00:00.000000000,437.9,428.36963
2022-12-10T03:00:00.000000000,433.82,412.44063
2022-12-10T04:00:00.000000000,431.55,397.84823
2022-12-10T05:00:00.000000000,429.38,385.91727
2022-12-10T06:00:00.000000000,426.73,378.05278
2022-12-10T07:00:00.000000000,430.57,374.31879
2022-12-10T08:00:00.000000000,434.83,375.79804
2022-12-10T09:00:00.000000000,466.06,381.47404
2022-12-10T10:00:00.000000000,482.62,390.0878
2022-12-10T11:00:00.000000000,474.18,401.15221
2022-12-10T12:00:00.000000000,465.53,416.56256
2022-12-10T13:00:00.000000000,451.67,433.8834
2022-12-10T14:00:00.000000000,431.88,451.28618
2022-12-10T15:00:00.000000000,423.61,467.33322
2022-12-10T16:00:00.000000000,426.94,480.44362
2022-12-10T17:00:00.000000000,433.38,490.78963
2022-12-10T18:00:00.000000000,421.81,497.26468
2022-12-10T19:00:00.000000000,439.65,500.36699
2022-12-10T20:00:00.000000000,468.53,501.09831
2022-12-10T21:00:00.000000000,487.36,500.30203
2022-12-10T22:00:00.000000000,515.54,498.01587
2022-12-10T23:00:00.000000000,542.49,494.33743
2022-12-11T00:00:00.000000000,544.32,495.91032
2022-12-11T01:00:00.000000000,548.23,493.88768
2022-12-11T02:00:00.000000000,546.36,492.13337
2022-12-11T03:00:00.000000000,538.51,491.04603
2022-12-11T04:00:00.000000000,526.18,489.93915
2022-12-11T05:00:00.000000000,512.72,489.16147
2022-12-11T06:00:00.000000000,502.56,488.39008
2022-12-11T07:00:00.000000000,487.18,487.77671
2022-12-11T08:00:00.000000000,470.88,488.86201
2022-12-11T09:00:00.000000000,458.48,491.28322
2022-12-11T10:00:00.000000000,452.67,493.99212
2022-12-11T11:00:00.000000000,440.15,495.65287
2022-12-11T12:00:00.000000000,426.24,497.60762
2022-12-11T13:00:00.000000000,413.62,498.43679
2022-12-11T14:00:00.000000000,400.25,497.73646
2022-12-11T15:00:00.000000000,382.43,496.47908
2022-12-11T16:00:00.000000000,385.14,494.09033
2022-12-11T17:00:00.000000000,393.48,492.18198
2022-12-11T18:00:00.000000000,377.79,489.60747
2022-12-11T19:00:00.000000000,366.07,486.25051
2022-12-11T20:00:00.000000000,348.69,482.16285
2022-12-11T21:00:00.000000000,332.33,477.35568
2022-12-11T22:00:00.000000000,323.09,472.08217
2022-12-11T23:00:00.000000000,310.1,467.12123
2022-12-12T00:00:00.000000000,297.77,447.98608
2022-12-12T01:00:00.000000000,293.03,431.80908
2022-12-12T02:00:00.000000000,275.69,411.84574
2022-12-12T03:00:00.000000000,272.54,390.6177
2022-12-12T04:00:00.000000000,266.29,369.8323
2022-12-12T05:00:00.000000000,244.89,350.90955
2022-12-12T06:00:00.000000000,223.65,333.7779
2022-12-12T07:00:00.000000000,206.04,319.36016
2022-12-12T08:00:00.000000000,198.18,308.16931
2022-12-12T09:00:00.000000000,204.3,300.08049
2022-12-12T10:00:00.000000000,216.86,295.41535
2022-12-12T11:00:00.000000000,219.12,294.15515
2022-12-12T12:00:00.000000000,212.49,296.40849
2022-12-12T13:00:00.000000000,214.22,299.35834
2022-12-12T14:00:00.000000000,223.82,301.63674
2022-12-12T15:00:00.000000000,227.42,303.60125
2022-12-12T16:00:00.000000000,220.7,305.02599
2022-12-12T17:00:00.000000000,221.43,304.31258
2022-12-12T18:00:00.000000000,222.19,300.07255
2022-12-12T19:00:00.000000000,217.62,294.15395
2022-12-12T20:00:00.000000000,211.15,287.52873
2022-12-12T21:00:00.000000000,205.71,280.44173
2022-12-12T22:00:00.000000000,201.33,273.92098
2022-12-12T23:00:00.000000000,201.72,268.58116
2022-12-10T00:00:00.000000000,484.29,497.58916
2022-12-10T01:00:00.000000000,461.87,485.46841
2022-12-10T02:00:00.000000000,437.9,470.73288
2022-12-10T03:00:00.000000000,433.82,455.83905
2022-12-10T04:00:00.000000000,431.55,441.6751
2022-12-10T05:00:00.000000000,429.38,429.88149
2022-12-10T06:00:00.000000000,426.73,421.7126
2022-12-10T07:00:00.000000000,430.57,417.48898
2022-12-10T08:00:00.000000000,434.83,418.3818
2022-12-10T09:00:00.000000000,466.06,423.49184
2022-12-10T10:00:00.000000000,482.62,431.5778
2022-12-10T11:00:00.000000000,474.18,441.6092
2022-12-10T12:00:00.000000000,465.53,455.43712
2022-12-10T13:00:00.000000000,451.67,470.6952
2022-12-10T14:00:00.000000000,431.88,485.55627
2022-12-10T15:00:00.000000000,423.61,498.88294
2022-12-10T16:00:00.000000000,426.94,509.3587
2022-12-10T17:00:00.000000000,433.38,517.66223
2022-12-10T18:00:00.000000000,421.81,522.33122
2022-12-10T19:00:00.000000000,439.65,523.77728
2022-12-10T20:00:00.000000000,468.53,522.94198
2022-12-10T21:00:00.000000000,487.36,520.62303
2022-12-10T22:00:00.000000000,515.54,517.08345
2022-12-10T23:00:00.000000000,542.49,512.56747
2022-12-11T00:00:00.000000000,544.32,509.13288
2022-12-11T01:00:00.000000000,548.23,508.16139
2022-12-11T02:00:00.000000000,546.36,507.43786
2022-12-11T03:00:00.000000000,538.51,507.0744
2022-12-11T04:00:00.000000000,526.18,506.3285
2022-12-11T05:00:00.000000000,512.72,505.53317
2022-12-11T06:00:00.000000000,502.56,504.1864
2022-12-11T07:00:00.000000000,487.18,502.6803
2022-12-11T08:00:00.000000000,470.88,502.68429
2022-12-11T09:00:00.000000000,458.48,503.92118
2022-12-11T10:00:00.000000000,452.67,505.4235
2022-12-11T11:00:00.000000000,440.15,505.73121
2022-12-11T12:00:00.000000000,426.24,506.1301
2022-12-11T13:00:00.000000000,413.62,505.1641
2022-12-11T14:00:00.000000000,400.25,502.53564
2022-12-11T15:00:00.000000000,382.43,499.42046
2022-12-11T16:00:00.000000000,385.14,495.44169
2022-12-11T17:00:00.000000000,393.48,492.40471
2022-12-11T18:00:00.000000000,377.79,489.03178
2022-12-11T19:00:00.000000000,366.07,485.22147
2022-12-11T20:00:00.000000000,348.69,481.03515
2022-12-11T21:00:00.000000000,332.33,476.40376
2022-12-11T22:00:00.000000000,323.09,471.5812
2022-12-11T23:00:00.000000000,310.1,467.27069
2022-12-12T00:00:00.000000000,297.77,458.15545
2022-12-12T01:00:00.000000000,293.03,442.06643
2022-12-12T02:00:00.000000000,275.69,421.18318
2022-12-12T03:00:00.000000000,272.54,397.896
2022-12-12T04:00:00.000000000,266.29,373.90316
2022-12-12T05:00:00.000000000,244.89,350.9541
2022-12-12T06:00:00.000000000,223.65,329.02565
2022-12-12T07:00:00.000000000,206.04,309.73185
2022-12-12T08:00:00.000000000,198.18,293.46934
2022-12-12T09:00:00.000000000,204.3,280.20584
2022-12-12T10:00:00.000000000,216.86,270.82946
2022-12-12T11:00:00.000000000,219.12,265.35128
2022-12-12T12:00:00.000000000,212.49,263.64173
2022-12-12T13:00:00.000000000,214.22,262.84723
2022-12-12T14:00:00.000000000,223.82,261.91553
2022-12-12T15:00:00.000000000,227.42,261.91857
2022-12-12T16:00:00.000000000,220.7,262.9392
2022-12-12T17:00:00.000000000,221.43,263.47874
2022-12-12T18:00:00.000000000,222.19,261.78634
2022-12-12T19:00:00.000000000,217.62,259.87318
2022-12-12T20:00:00.000000000,211.15,258.10815
2022-12-12T21:00:00.000000000,205.71,255.92818
2022-12-12T22:00:00.000000000,201.33,253.89916
2022-12-12T23:00:00.000000000,201.72,252.47054
2022-12-13T00:00:00.000000000,204.18,248.22658
2022-12-13T01:00:00.000000000,207.83,244.09007
2022-12-13T02:00:00.000000000,208.63,239.64591
2022-12-13T03:00:00.000000000,208.95,237.4668
2022-12-13T04:00:00.000000000,197.49,237.31883
2022-12-13T05:00:00.000000000,193.62,237.91183
2022-12-13T06:00:00.000000000,196.46,238.33679
2022-12-13T07:00:00.000000000,193.54,238.51605
2022-12-13T08:00:00.000000000,188.51,239.35318
2022-12-13T09:00:00.000000000,191.6,240.62743
2022-12-13T10:00:00.000000000,190.25,242.89981
2022-12-13T11:00:00.000000000,201.21,247.15595
2022-12-13T12:00:00.000000000,217.82,253.74558
2022-12-13T13:00:00.000000000,217.78,259.42167
2022-12-13T14:00:00.000000000,239.68,263.02473
2022-12-13T15:00:00.000000000,240.53,265.1307
2022-12-13T16:00:00.000000000,242.58,265.20135
2022-12-13T17:00:00.000000000,236.66,262.33311
2022-12-13T18:00:00.000000000,234.12,257.86612
2022-12-13T19:00:00.000000000,233.14,254.38932
2022-12-13T20:00:00.000000000,221.11,252.35883
2022-12-13T21:00:00.000000000,207.44,251.81985
2022-12-13T22:00:00.000000000,208.13,253.8485
2022-12-13T23:00:00.000000000,212.73,258.90973
2022-12-11T00:00:00.000000000,544.32,557.66425
2022-12-11T01:00:00.000000000,548.23,555.60863
2022-12-11T02:00:00.000000000,546.36,553.2745
2022-12-11T03:00:00.000000000,538.51,550.45997
2022-12-11T04:00:00.000000000,526.18,546.6189
2022-12-11T05:00:00.000000000,512.72,542.50061
2022-12-11T06:00:00.000000000,502.56,537.41559
2022-12-11T07:00:00.000000000,487.18,532.25469
2022-12-11T08:00:00.000000000,470.88,529.02894
2022-12-11T09:00:00.000000000,458.48,527.58511
2022-12-11T10:00:00.000000000,452.67,526.91445
2022-12-11T11:00:00.000000000,440.15,525.21692
2022-12-11T12:00:00.000000000,426.24,523.90354
2022-12-11T13:00:00.000000000,413.62,521.39141
2022-12-11T14:00:00.000000000,400.25,517.41457
2022-12-11T15:00:00.000000000,382.43,513.32556
2022-12-11T16:00:00.000000000,385.14,509.04088
2022-12-11T17:00:00.000000000,393.48,506.43424
2022-12-11T18:00:00.000000000,377.79,503.50602
2022-12-11T19:00:00.000000000,366.07,500.18783
2022-12-11T20:00:00.000000000,348.69,496.67744
2022-12-11T21:00:00.000000000,332.33,492.78551
2022-12-11T22:00:00.000000000,323.09,488.76983
2022-12-11T23:00:00.000000000,310.1,485.18375
2022-12-12T00:00:00.000000000,297.77,467.95806
2022-12-12T01:00:00.000000000,293.03,452.11869
2022-12-12T02:00:00.000000000,275.69,432.02425
2022-12-12T03:00:00.000000000,272.54,410.01132
2022-12-12T04:00:00.000000000,266.29,387.70506
2022-12-12T05:00:00.000000000,244.89,366.79246
2022-12-12T06:00:00.000000000,223.65,347.1445
2022-12-12T07:00:00.000000000,206.04,330.24522
2022-12-12T08:00:00.000000000,198.18,316.5893
2022-12-12T09:00:00.000000000,204.3,305.98044
2022-12-12T10:00:00.000000000,216.86,298.92307
2022-12-12T11:00:00.000000000,219.12,295.2143
2022-12-12T12:00:00.000000000,212.49,294.82577
2022-12-12T13:00:00.000000000,214.22,294.95207
2022-12-12T14:00:00.000000000,223.82,294.46539
2022-12-12T15:00:00.000000000,227.42,294.12531
2022-12-12T16:00:00.000000000,220.7,293.91347
2022-12-12T17:00:00.000000000,221.43,292.37175
2022-12-12T18:00:00.000000000,222.19,287.81736
2022-12-12T19:00:00.000000000,217.62,282.2374
2022-12-12T20:00:00.000000000,211.15,276.46685
2022-12-12T21:00:00.000000000,205.71,270.34226
2022-12-12T22:00:00.000000000,201.33,264.84688
2022-12-12T23:00:00.000000000,201.72,260.68627
2022-12-13T00:00:00.000000000,204.18,241.24128
2022-12-13T01:00:00.000000000,207.83,237.6359
2022-12-13T02:00:00.000000000,208.63,233.70346
2022-12-13T03:00:00.000000000,208.95,232.03974
2022-12-13T04:00:00.000000000,197.49,232.37582
2022-12-13T05:00:00.000000000,193.62,233.24493
2022-12-13T06:00:00.000000000,196.46,233.79118
2022-12-13T07:00:00.000000000,193.54,234.06123
2022-12-13T08:00:00.000000000,188.51,235.1351
2022-12-13T09:00:00.000000000,191.6,236.83445
2022-12-13T10:00:00.000000000,190.25,239.7089
2022-12-13T11:00:00.000000000,201.21,244.71525
2022-12-13T12:00:00.000000000,217.82,252.10061
2022-12-13T13:00:00.000000000,217.78,258.44495
2022-12-13T14:00:00.000000000,239.68,262.47528
2022-12-13T15:00:00.000000000,240.53,264.67911
2022-12-13T16:00:00.000000000,242.58,264.51894
2022-12-13T17:00:00.000000000,236.66,261.24367
2022-12-13T18:00:00.000000000,234.12,256.42457
2022-12-13T19:00:00.000000000,233.14,252.71978
2022-12-13T20:00:00.000000000,221.11,250.65776
2022-12-13T21:00:00.000000000,207.44,250.38975
2022-12-13T22:00:00.000000000,208.13,252.99253
2022-12-13T23:00:00.000000000,212.73,258.81224
2022-12-14T00:00:00.000000000,221.9,244.05694
2022-12-14T01:00:00.000000000,224.75,246.4761
2022-12-14T02:00:00.000000000,224.32,248.75343
2022-12-14T03:00:00.000000000,227.63,252.65548
2022-12-14T04:00:00.000000000,228.18,256.66758
2022-12-14T05:00:00.000000000,235.52,260.22656
2022-12-14T06:00:00.000000000,238.91,263.89333
2022-12-14T07:00:00.000000000,239.13,267.94375
2022-12-14T08:00:00.000000000,244.42,274.081
2022-12-14T09:00:00.000000000,271.92,281.6533
2022-12-14T10:00:00.000000000,284.19,289.97794
2022-12-14T11:00:00.000000000,283.75,299.07039
2022-12-14T12:00:00.000000000,295.26,309.95436
2022-12-14T13:00:00.000000000,306.05,320.06523
2022-12-14T14:00:00.000000000,315.05,329.369
2022-12-14T15:00:00.000000000,329.92,339.00064
2022-12-14T16:00:00.000000000,336.08,348.33823
2022-12-14T17:00:00.000000000,322.72,357.70469
2022-12-14T18:00:00.000000000,322.84,367.10383
2022-12-14T19:00:00.000000000,312.43,376.31137
2022-12-14T20:00:00.000000000,286.34,384.40391
2022-12-14T21:00:00.000000000,264.38,390.92274
2022-12-14T22:00:00.000000000,254.32,396.22004
2022-12-14T23:00:00.000000000,261.55,401.10498
2022-12-12T00:00:00.000000000,297.77,320.40829
2022-12-12T01:00:00.000000000,293.03,316.1282
2022-12-12T02:00:00.000000000,275.69,311.59841
2022-12-12T03:00:00.000000000,272.54,308.28592
2022-12-12T04:00:00.000000000,266.29,305.56936
2022-12-12T05:00:00.000000000,244.89,302.82844
2022-12-12T06:00:00.000000000,223.65,299.21178
2022-12-12T07:00:00.000000000,206.04,294.26698
2022-12-12T08:00:00.000000000,198.18,288.7513
2022-12-12T09:00:00.000000000,204.3,283.34744
2022-12-12T10:00:00.000000000,216.86,278.84725
2022-12-12T11:00:00.000000000,219.12,276.14363
2022-12-12T12:00:00.000000000,212.49,275.48994
2022-12-12T13:00:00.000000000,214.22,274.52007
2022-12-12T14:00:00.000000000,223.82,272.27965
2022-12-12T15:00:00.000000000,227.42,269.69549
2022-12-12T16:00:00.000000000,220.7,267.05664
2022-12-12T17:00:00.000000000,221.43,263.3733
2022-12-12T18:00:00.000000000,222.19,258.67501
2022-12-12T19:00:00.000000000,217.62,254.42568
2022-12-12T20:00:00.000000000,211.15,250.75545
2022-12-12T21:00:00.000000000,205.71,247.44015
2022-12-12T22:00:00.000000000,201.33,245.00306
2022-12-12T23:00:00.000000000,201.72,244.45399
2022-12-13T00:00:00.000000000,204.18,238.95222
2022-12-13T01:00:00.000000000,207.83,235.01164
2022-12-13T02:00:00.000000000,208.63,230.7262
2022-12-13T03:00:00.000000000,208.95,228.653
2022-12-13T04:00:00.000000000,197.49,228.65507
2022-12-13T05:00:00.000000000,193.62,229.46783
2022-12-13T06:00:00.000000000,196.46,230.28911
2022-12-13T07:00:00.000000000,193.54,230.99816
2022-12-13T08:00:00.000000000,188.51,232.41088
2022-12-13T09:00:00.000000000,191.6,234.26216
2022-12-13T10:00:00.000000000,190.25,237.07007
2022-12-13T11:00:00.000000000,201.21,241.6571
2022-12-13T12:00:00.000000000,217.82,248.23414
2022-12-13T13:00:00.000000000,217.78,253.61171
2022-12-13T14:00:00.000000000,239.68,256.6228
2022-12-13T15:00:00.000000000,240.53,257.98621
2022-12-13T16:00:00.000000000,242.58,257.21026
2022-12-13T17:00:00.000000000,236.66,253.32543
2022-12-13T18:00:00.000000000,234.12,247.82812
2022-12-13T19:00:00.000000000,233.14,243.36219
2022-12-13T20:00:00.000000000,221.11,240.33052
2022-12-13T21:00:00.000000000,207.44,238.89378
2022-12-13T22:00:00.000000000,208.13,240.40764
2022-12-13T23:00:00.000000000,212.73,245.35542
2022-12-14T00:00:00.000000000,221.9,234.74371
2022-12-14T01:00:00.000000000,224.75,236.30205
2022-12-14T02:00:00.000000000,224.32,237.48838
2022-12-14T03:00:00.000000000,227.63,240.3934
2022-12-14T04:00:00.000000000,228.18,243.3183
2022-12-14T05:00:00.000000000,235.52,245.52255
2022-12-14T06:00:00.000000000,238.91,247.64603
2022-12-14T07:00:00.000000000,239.13,249.98732
2022-12-14T08:00:00.000000000,244.42,254.42066
2022-12-14T09:00:00.000000000,271.92,260.53905
2022-12-14T10:00:00.000000000,284.19,267.99099
2022-12-14T11:00:00.000000000,283.75,277.08378
2022-12-14T12:00:00.000000000,295.26,288.80996
2022-12-14T13:00:00.000000000,306.05,300.29836
2022-12-14T14:00:00.000000000,315.05,311.44181
2022-12-14T15:00:00.000000000,329.92,323.26371
2022-12-14T16:00:00.000000000,336.08,335.30849
2022-12-14T17:00:00.000000000,322.72,347.79056
2022-12-14T18:00:00.000000000,322.84,360.5838
2022-12-14T19:00:00.000000000,312.43,373.4219
2022-12-14T20:00:00.000000000,286.34,384.99805
2022-12-14T21:00:00.000000000,264.38,394.52401
2022-12-14T22:00:00.000000000,254.32,401.95102
2022-12-14T23:00:00.000000000,261.55,408.02342
2022-12-15T00:00:00.000000000,291.27,408.10858
2022-12-15T01:00:00.000000000,300.87,399.86335
2022-12-15T02:00:00.000000000,278.53,390.40895
2022-12-15T03:00:00.000000000,269.23,381.23487
2022-12-15T04:00:00.000000000,255.36,372.59746
2022-12-15T05:00:00.000000000,253.18,365.29577
2022-12-15T06:00:00.000000000,236.95,359.86616
2022-12-15T07:00:00.000000000,231.15,356.59255
2022-12-15T08:00:00.000000000,230.39,356.59297
2022-12-15T09:00:00.000000000,234.87,359.53722
2022-12-15T10:00:00.000000000,243.84,364.65098
2022-12-15T11:00:00.000000000,253.36,371.12677
2022-12-15T12:00:00.000000000,268.19,379.47786
2022-12-15T13:00:00.000000000,277.51,387.46934
2022-12-15T14:00:00.000000000,283.06,393.87814
2022-12-15T15:00:00.000000000,285.31,398.89756
2022-12-15T16:00:00.000000000,294.05,401.83855
2022-12-15T17:00:00.000000000,292.06,402.58641
2022-12-15T18:00:00.000000000,277.39,400.31583
2022-12-15T19:00:00.000000000,263.17,395.69464
2022-12-15T20:00:00.000000000,258.85,388.97898
2022-12-15T21:00:00.000000000,264.42,380.75208
2022-12-15T22:00:00.000000000,275.41,372.24601
2022-12-15T23:00:00.000000000,277.28,364.9487
2022-12-13T00:00:00.000000000,204.18,210.07857
2022-12-13T01:00:00.000000000,207.83,207.3231
2022-12-13T02:00:00.000000000,208.63,204.28319
2022-12-13T03:00:00.000000000,208.95,203.41481
2022-12-13T04:00:00.000000000,197.49,204.55423
2022-12-13T05:00:00.000000000,193.62,206.43213
2022-12-13T06:00:00.000000000,196.46,208.59322
2022-12-13T07:00:00.000000000,193.54,210.92813
2022-12-13T08:00:00.000000000,188.51,214.27024
2022-12-13T09:00:00.000000000,191.6,218.26328
2022-12-13T10:00:00.000000000,190.25,223.22434
2022-12-13T11:00:00.000000000,201.21,229.5344
2022-12-13T12:00:00.000000000,217.82,237.01102
2022-12-13T13:00:00.000000000,217.78,242.59605
2022-12-13T14:00:00.000000000,239.68,245.3388
2022-12-13T15:00:00.000000000,240.53,246.29494
2022-12-13T16:00:00.000000000,242.58,245.03999
2022-12-13T17:00:00.000000000,236.66,240.7093
2022-12-13T18:00:00.000000000,234.12,235.11359
2022-12-13T19:00:00.000000000,233.14,230.67201
2022-12-13T20:00:00.000000000,221.11,227.60157
2022-12-13T21:00:00.000000000,207.44,226.23624
2022-12-13T22:00:00.000000000,208.13,228.10353
2022-12-13T23:00:00.000000000,212.73,233.65371
2022-12-14T00:00:00.000000000,221.9,236.00909
2022-12-14T01:00:00.000000000,224.75,236.53408
2022-12-14T02:00:00.000000000,224.32,236.98149
2022-12-14T03:00:00.000000000,227.63,239.31873
2022-12-14T04:00:00.000000000,228.18,241.99397
2022-12-14T05:00:00.000000000,235.52,243.99342
2022-12-14T06:00:00.000000000,238.91,245.63741
2022-12-14T07:00:00.000000000,239.13,247.01627
2022-12-14T08:00:00.000000000,244.42,249.8577
2022-12-14T09:00:00.000000000,271.92,253.7038
2022-12-14T10:00:00.000000000,284.19,258.53436
2022-12-14T11:00:00.000000000,283.75,264.97874
2022-12-14T12:00:00.000000000,295.26,274.17009
2022-12-14T13:00:00.000000000,306.05,283.49349
2022-12-14T14:00:00.000000000,315.05,292.93374
2022-12-14T15:00:00.000000000,329.92,303.55224
2022-12-14T16:00:00.000000000,336.08,314.79156
2022-12-14T17:00:00.000000000,322.72,326.32507
2022-12-14T18:00:00.000000000,322.84,337.90896
2022-12-14T19:00:00.000000000,312.43,349.55857
2022-12-14T20:00:00.000000000,286.34,360.11508
2022-12-14T21:00:00.000000000,264.38,368.97617
2022-12-14T22:00:00.000000000,254.32,376.26969
2022-12-14T23:00:00.000000000,261.55,382.8239
2022-12-15T00:00:00.000000000,291.27,376.53794
2022-12-15T01:00:00.000000000,300.87,370.70261
2022-12-15T02:00:00.000000000,278.53,363.88758
2022-12-15T03:00:00.000000000,269.23,357.93348
2022-12-15T04:00:00.000000000,255.36,352.2914
2022-12-15T05:00:00.000000000,253.18,346.95053
2022-12-15T06:00:00.000000000,236.95,342.28295
2022-12-15T07:00:00.000000000,231.15,338.14199
2022-12-15T08:00:00.000000000,230.39,335.94952
2022-12-15T09:00:00.000000000,234.87,335.95117
2022-12-15T10:00:00.000000000,243.84,338.01134
2022-12-15T11:00:00.000000000,253.36,341.90281
2022-12-15T12:00:00.000000000,268.19,348.39753
2022-12-15T13:00:00.000000000,277.51,355.34633
2022-12-15T14:00:00.000000000,283.06,361.85523
2022-12-15T15:00:00.000000000,285.31,368.21528
2022-12-15T16:00:00.000000000,294.05,373.78181
2022-12-15T17:00:00.000000000,292.06,378.56266
2022-12-15T18:00:00.000000000,277.39,381.94531
2022-12-15T19:00:00.000000000,263.17,384.22222
2022-12-15T20:00:00.000000000,258.85,384.47889
2022-12-15T21:00:00.000000000,264.42,382.34237
2022-12-15T22:00:00.000000000,275.41,378.39652
2022-12-15T23:00:00.000000000,277.28,374.11634
2022-12-16T00:00:00.000000000,307.33,365.57715
2022-12-16T01:00:00.000000000,317.18,356.39505
2022-12-16T02:00:00.000000000,312.89,345.30856
2022-12-16T03:00:00.000000000,295.98,334.85354
2022-12-16T04:00:00.000000000,279.32,325.71648
2022-12-16T05:00:00.000000000,267.14,318.97126
2022-12-16T06:00:00.000000000,252.07,315.59959
2022-12-16T07:00:00.000000000,249.27,315.28527
2022-12-16T08:00:00.000000000,246.29,318.69125
2022-12-16T09:00:00.000000000,249.49,324.93934
2022-12-16T10:00:00.000000000,255.13,332.9445
2022-12-16T11:00:00.000000000,262.98,342.16884
2022-12-16T12:00:00.000000000,270.24,353.43062
2022-12-16T13:00:00.000000000,276.35,364.81595
2022-12-16T14:00:00.000000000,284.56,375.78601
2022-12-16T15:00:00.000000000,301.46,386.36549
2022-12-16T16:00:00.000000000,297.6,395.25419
2022-12-16T17:00:00.000000000,289.75,401.81314
2022-12-16T18:00:00.000000000,284.38,405.1257
2022-12-16T19:00:00.000000000,272.78,405.4587
2022-12-16T20:00:00.000000000,264.4,403.01444
2022-12-16T21:00:00.000000000,265.24,398.38785
2022-12-16T22:00:00.000000000,263.71,392.23989
2022-12-16T23:00:00.000000000,269.06,385.81537
2022-12-14T00:00:00.000000000,221.9,229.73243
2022-12-14T01:00:00.000000000,224.75,229.71398
2022-12-14T02:00:00.000000000,224.32,230.05039
2022-12-14T03:00:00.000000000,227.63,232.80076
2022-12-14T04:00:00.000000000,228.18,236.36677
2022-12-14T05:00:00.000000000,235.52,239.54958
2022-12-14T06:00:00.000000000,238.91,242.36797
2022-12-14T07:00:00.000000000,239.13,244.73703
2022-12-14T08:00:00.000000000,244.42,248.26829
2022-12-14T09:00:00.000000000,271.92,252.77538
2022-12-14T10:00:00.000000000,284.19,258.62927
2022-12-14T11:00:00.000000000,283.75,266.55869
2022-12-14T12:00:00.000000000,295.26,277.23478
2022-12-14T13:00:00.000000000,306.05,287.62634
2022-12-14T14:00:00.000000000,315.05,297.45944
2022-12-14T15:00:00.000000000,329.92,307.58679
2022-12-14T16:00:00.000000000,336.08,317.22093
2022-12-14T17:00:00.000000000,322.72,326.13806
2022-12-14T18:00:00.000000000,322.84,334.57428
2022-12-14T19:00:00.000000000,312.43,343.02455
2022-12-14T20:00:00.000000000,286.34,350.3019
2022-12-14T21:00:00.000000000,264.38,355.73789
2022-12-14T22:00:00.000000000,254.32,359.73194
2022-12-14T23:00:00.000000000,261.55,363.44314
2022-12-15T00:00:00.000000000,291.27,359.96836
2022-12-15T01:00:00.000000000,300.87,350.29094
2022-12-15T02:00:00.000000000,278.53,338.8171
2022-12-15T03:00:00.000000000,269.23,327.74771
2022-12-15T04:00:00.000000000,255.36,317.53831
2022-12-15T05:00:00.000000000,253.18,308.42394
2022-12-15T06:00:00.000000000,236.95,300.37393
2022-12-15T07:00:00.000000000,231.15,293.39766
2022-12-15T08:00:00.000000000,230.39,288.07412
2022-12-15T09:00:00.000000000,234.87,284.47784
2022-12-15T10:00:00.000000000,243.84,282.86822
2022-12-15T11:00:00.000000000,253.36,283.38522
2022-12-15T12:00:00.000000000,268.19,286.27401
2022-12-15T13:00:00.000000000,277.51,289.2192
2022-12-15T14:00:00.000000000,283.06,291.23415
2022-12-15T15:00:00.000000000,285.31,293.1454
2022-12-15T16:00:00.000000000,294.05,294.72613
2022-12-15T17:00:00.000000000,292.06,294.74435
2022-12-15T18:00:00.000000000,277.39,292.77179
2022-12-15T19:00:00.000000000,263.17,290.27708
2022-12-15T20:00:00.000000000,258.85,287.23511
2022-12-15T21:00:00.000000000,264.42,283.54236
2022-12-15T22:00:00.000000000,275.41,280.0055
2022-12-15T23:00:00.000000000,277.28,277.57431
2022-12-16T00:00:00.000000000,307.33,286.35796
2022-12-16T01:00:00.000000000,317.18,281.48479
2022-12-16T02:00:00.000000000,312.89,275.54604
2022-12-16T03:00:00.000000000,295.98,271.37493
2022-12-16T04:00:00.000000000,279.32,268.25789
2022-12-16T05:00:00.000000000,267.14,265.75993
2022-12-16T06:00:00.000000000,252.07,264.32202
2022-12-16T07:00:00.000000000,249.27,263.35779
2022-12-16T08:00:00.000000000,246.29,264.16498
2022-12-16T09:00:00.000000000,249.49,266.62606
2022-12-16T10:00:00.000000000,255.13,270.59314
2022-12-16T11:00:00.000000000,262.98,276.55207
2022-12-16T12:00:00.000000000,270.24,285.11344
2022-12-16T13:00:00.000000000,276.35,294.10176
2022-12-16T14:00:00.000000000,284.56,303.79396
2022-12-16T15:00:00.000000000,301.46,315.24811
2022-12-16T16:00:00.000000000,297.6,327.64377
2022-12-16T17:00:00.000000000,289.75,340.20052
2022-12-16T18:00:00.000000000,284.38,352.27412
2022-12-16T19:00:00.000000000,272.78,363.671
2022-12-16T20:00:00.000000000,264.4,372.82334
2022-12-16T21:00:00.000000000,265.24,378.91691
2022-12-16T22:00:00.000000000,263.71,381.57024
2022-12-16T23:00:00.000000000,269.06,381.78316
2022-12-17T00:00:00.000000000,292.08,381.88977
2022-12-17T01:00:00.000000000,306.15,370.40246
2022-12-17T02:00:00.000000000,311.89,356.83471
2022-12-17T03:00:00.000000000,307.68,344.57862
2022-12-17T04:00:00.000000000,299.51,334.33321
2022-12-17T05:00:00.000000000,292.94,327.0719
2022-12-17T06:00:00.000000000,297.52,324.10074
2022-12-17T07:00:00.000000000,295.32,324.91287
2022-12-17T08:00:00.000000000,287.88,330.32564
2022-12-17T09:00:00.000000000,280.0,339.35918
2022-12-17T10:00:00.000000000,275.06,350.5883
2022-12-17T11:00:00.000000000,286.05,363.47281
2022-12-17T12:00:00.000000000,287.24,379.03891
2022-12-17T13:00:00.000000000,296.91,395.1435
2022-12-17T14:00:00.000000000,311.51,410.65374
2022-12-17T15:00:00.000000000,351.25,424.81253
2022-12-17T16:00:00.000000000,414.29,436.07732
2022-12-17T17:00:00.000000000,435.5,444.14897
2022-12-17T18:00:00.000000000,438.09,448.50256
2022-12-17T19:00:00.000000000,437.48,449.30422
2022-12-17T20:00:00.000000000,434.95,447.2164
2022-12-17T21:00:00.000000000,438.67,443.08158
2022-12-17T22:00:00.000000000,457.21,437.11092
2022-12-17T23:00:00.000000000,496.62,430.08994
2022-12-15T00:00:00.000000000,291.27,268.35583
2022-12-15T01:00:00.000000000,300.87,263.29326
2022-12-15T02:00:00.000000000,278.53,257.97308
2022-12-15T03:00:00.000000000,269.23,254.51221
2022-12-15T04:00:00.000000000,255.36,252.66157
2022-12-15T05:00:00.000000000,253.18,251.81038
2022-12-15T06:00:00.000000000,236.95,251.6098
2022-12-15T07:00:00.000000000,231.15,251.42186
2022-12-15T08:00:00.000000000,230.39,251.68784
2022-12-15T09:00:00.000000000,234.87,252.45702
2022-12-15T10:00:00.000000000,243.84,253.86973
2022-12-15T11:00:00.000000000,253.36,256.37071
2022-12-15T12:00:00.000000000,268.19,259.95864
2022-12-15T13:00:00.000000000,277.51,262.4093
2022-12-15T14:00:00.000000000,283.06,263.07893
2022-12-15T15:00:00.000000000,285.31,263.14416
2022-12-15T16:00:00.000000000,294.05,262.51894
2022-12-15T17:00:00.000000000,292.06,260.08354
2022-12-15T18:00:00.000000000,277.39,256.54331
2022-12-15T19:00:00.000000000,263.17,253.42824
2022-12-15T20:00:00.000000000,258.85,250.61822
2022-12-15T21:00:00.000000000,264.42,248.02983
2022-12-15T22:00:00.000000000,275.41,246.34412
2022-12-15T23:00:00.000000000,277.28,246.47166
2022-12-16T00:00:00.000000000,307.33,257.50037
2022-12-16T01:00:00.000000000,317.18,253.61709
2022-12-16T02:00:00.000000000,312.89,248.5863
2022-12-16T03:00:00.000000000,295.98,244.70601
2022-12-16T04:00:00.000000000,279.32,241.3571
2022-12-16T05:00:00.000000000,267.14,237.98442
2022-12-16T06:00:00.000000000,252.07,235.04962
2022-12-16T07:00:00.000000000,249.27,232.77255
2022-12-16T08:00:00.000000000,246.29,232.39433
2022-12-16T09:00:00.000000000,249.49,233.2527
2022-12-16T10:00:00.000000000,255.13,235.39591
2022-12-16T11:00:00.000000000,262.98,239.12451
2022-12-16T12:00:00.000000000,270.24,244.9312
2022-12-16T13:00:00.000000000,276.35,250.57339
2022-12-16T14:00:00.000000000,284.56,256.48804
2022-12-16T15:00:00.000000000,301.46,264.34251
2022-12-16T16:00:00.000000000,297.6,273.46194
2022-12-16T17:00:00.000000000,289.75,282.84687
2022-12-16T18:00:00.000000000,284.38,292.29778
2022-12-16T19:00:00.000000000,272.78,302.34708
2022-12-16T20:00:00.000000000,264.4,311.77214
2022-12-16T21:00:00.000000000,265.24,319.8953
2022-12-16T22:00:00.000000000,263.71,326.85716
2022-12-16T23:00:00.000000000,269.06,333.35659
2022-12-17T00:00:00.000000000,292.08,350.57342
2022-12-17T01:00:00.000000000,306.15,341.59225
2022-12-17T02:00:00.000000000,311.89,330.95198
2022-12-17T03:00:00.000000000,307.68,321.86989
2022-12-17T04:00:00.000000000,299.51,314.64927
2022-12-17T05:00:00.000000000,292.94,309.98638
2022-12-17T06:00:00.000000000,297.52,309.11761
2022-12-17T07:00:00.000000000,295.32,311.49564
2022-12-17T08:00:00.000000000,287.88,318.08607
2022-12-17T09:00:00.000000000,280.0,328.03201
2022-12-17T10:00:00.000000000,275.06,340.00745
2022-12-17T11:00:00.000000000,286.05,353.48351
2022-12-17T12:00:00.000000000,287.24,369.38705
2022-12-17T13:00:00.000000000,296.91,385.57616
2022-12-17T14:00:00.000000000,311.51,401.21069
2022-12-17T15:00:00.000000000,351.25,415.7877
2022-12-17T16:00:00.000000000,414.29,427.90485
2022-12-17T17:00:00.000000000,435.5,437.30511
2022-12-17T18:00:00.000000000,438.09,443.41584
2022-12-17T19:00:00.000000000,437.48,446.02167
2022-12-17T20:00:00.000000000,434.95,445.30547
2022-12-17T21:00:00.000000000,438.67,441.90056
2022-12-17T22:00:00.000000000,457.21,436.1129
2022-12-17T23:00:00.000000000,496.62,429.00527
2022-12-18T00:00:00.000000000,519.95,436.02979
2022-12-18T01:00:00.000000000,528.28,430.29137
2022-12-18T02:00:00.000000000,528.32,425.05951
2022-12-18T03:00:00.000000000,524.7,421.83157
2022-12-18T04:00:00.000000000,518.93,420.24778
2022-12-18T05:00:00.000000000,517.97,420.59756
2022-12-18T06:00:00.000000000,520.07,423.15917
2022-12-18T07:00:00.000000000,518.56,427.32859
2022-12-18T08:00:00.000000000,518.68,434.13665
2022-12-18T09:00:00.000000000,514.29,442.76643
2022-12-18T10:00:00.000000000,514.72,451.69174
2022-12-18T11:00:00.000000000,515.67,459.77842
2022-12-18T12:00:00.000000000,498.86,468.37484
2022-12-18T13:00:00.000000000,471.0,476.10388
2022-12-18T14:00:00.000000000,446.32,482.1669
2022-12-18T15:00:00.000000000,429.72,486.79775
2022-12-18T16:00:00.000000000,435.39,488.9814
2022-12-18T17:00:00.000000000,453.72,489.55394
2022-12-18T18:00:00.000000000,438.17,487.90741
2022-12-18T19:00:00.000000000,413.76,483.81753
2022-12-18T20:00:00.000000000,390.49,477.57217
2022-12-18T21:00:00.000000000,357.64,469.7505
2022-12-18T22:00:00.000000000,341.7,460.83308
2022-12-18T23:00:00.000000000,339.56,451.88725
2022-12-16T00:00:00.000000000,307.33,286.08808
2022-12-16T01:00:00.000000000,317.18,279.24268
2022-12-16T02:00:00.000000000,312.89,271.21955
2022-12-16T03:00:00.000000000,295.98,264.72316
2022-12-16T04:00:00.000000000,279.32,259.21795
2022-12-16T05:00:00.000000000,267.14,254.26859
2022-12-16T06:00:00.000000000,252.07,250.29714
2022-12-16T07:00:00.000000000,249.27,247.03684
2022-12-16T08:00:00.000000000,246.29,245.78529
2022-12-16T09:00:00.000000000,249.49,246.26357
2022-12-16T10:00:00.000000000,255.13,248.50548
2022-12-16T11:00:00.000000000,262.98,252.93673
2022-12-16T12:00:00.000000000,270.24,260.0508
2022-12-16T13:00:00.000000000,276.35,267.72371
2022-12-16T14:00:00.000000000,284.56,276.31192
2022-12-16T15:00:00.000000000,301.46,287.08743
2022-12-16T16:00:00.000000000,297.6,299.20446
2022-12-16T17:00:00.000000000,289.75,311.51947
2022-12-16T18:00:00.000000000,284.38,323.30734
2022-12-16T19:00:00.000000000,272.78,334.50534
2022-12-16T20:00:00.000000000,264.4,343.54889
2022-12-16T21:00:00.000000000,265.24,349.67506
2022-12-16T22:00:00.000000000,263.71,352.7416
2022-12-16T23:00:00.000000000,269.06,353.69662
2022-12-17T00:00:00.000000000,292.08,361.85259
2022-12-17T01:00:00.000000000,306.15,352.84019
2022-12-17T02:00:00.000000000,311.89,342.86245
2022-12-17T03:00:00.000000000,307.68,335.12794
2022-12-17T04:00:00.000000000,299.51,329.46178
2022-12-17T05:00:00.000000000,292.94,326.18804
2022-12-17T06:00:00.000000000,297.52,326.39524
2022-12-17T07:00:00.000000000,295.32,329.29934
2022-12-17T08:00:00.000000000,287.88,336.03681
2022-12-17T09:00:00.000000000,280.0,346.06422
2022-12-17T10:00:00.000000000,275.06,358.1251
2022-12-17T11:00:00.000000000,286.05,371.94997
2022-12-17T12:00:00.000000000,287.24,388.68255
2022-12-17T13:00:00.000000000,296.91,406.07012
2022-12-17T14:00:00.000000000,311.51,422.83295
2022-12-17T15:00:00.000000000,351.25,438.1699
2022-12-17T16:00:00.000000000,414.29,450.70653
2022-12-17T17:00:00.000000000,435.5,460.53324
2022-12-17T18:00:00.000000000,438.09,467.24444
2022-12-17T19:00:00.000000000,437.48,470.53473
2022-12-17T20:00:00.000000000,434.95,470.49485
2022-12-17T21:00:00.000000000,438.67,467.62173
2022-12-17T22:00:00.000000000,457.21,461.88178
2022-12-17T23:00:00.000000000,496.62,454.20854
2022-12-18T00:00:00.000000000,519.95,464.37326
2022-12-18T01:00:00.000000000,528.28,458.15695
2022-12-18T02:00:00.000000000,528.32,451.9611
2022-12-18T03:00:00.000000000,524.7,447.04627
2022-12-18T04:00:00.000000000,518.93,443.32765
2022-12-18T05:00:00.000000000,517.97,441.39649
2022-12-18T06:00:00.000000000,520.07,441.86524
2022-12-18T07:00:00.000000000,518.56,444.50561
2022-12-18T08:00:00.000000000,518.68,450.53118
2022-12-18T09:00:00.000000000,514.29,459.09174
2022-12-18T10:00:00.000000000,514.72,468.52975
2022-12-18T11:00:00.000000000,515.67,477.12875
2022-12-18T12:00:00.000000000,498.86,486.27034
2022-12-18T13:00:00.000000000,471.0,494.51122
2022-12-18T14:00:00.000000000,446.32,500.90004
2022-12-18T15:00:00.000000000,429.72,505.64041
2022-12-18T16:00:00.000000000,435.39,507.89548
2022-12-18T17:00:00.000000000,453.72,508.69012
2022-12-18T18:00:00.000000000,438.17,507.16589
2022-12-18T19:00:00.000000000,413.76,502.90684
2022-12-18T20:00:00.000000000,390.49,496.05129
2022-12-18T21:00:00.000000000,357.64,487.23082
2022-12-18T22:00:00.000000000,341.7,477.32451
2022-12-18T23:00:00.000000000,339.56,467.46477
2022-12-19T00:00:00.000000000,326.58,471.62324
2022-12-19T01:00:00.000000000,311.84,464.30803
2022-12-19T02:00:00.000000000,301.19,455.64851
2022-12-19T03:00:00.000000000,309.11,447.23774
2022-12-19T04:00:00.000000000,307.63,438.9574
2022-12-19T05:00:00.000000000,300.35,431.6229
2022-12-19T06:00:00.000000000,289.6,425.71237
2022-12-19T07:00:00.000000000,281.61,421.29708
2022-12-19T08:00:00.000000000,278.19,420.01023
2022-12-19T09:00:00.000000000,285.86,421.64376
2022-12-19T10:00:00.000000000,289.55,425.27084
2022-12-19T11:00:00.000000000,302.01,430.33551
2022-12-19T12:00:00.000000000,317.14,438.41415
2022-12-19T13:00:00.000000000,327.69,447.46038
2022-12-19T14:00:00.000000000,356.77,456.23938
2022-12-19T15:00:00.000000000,376.84,464.4562
2022-12-19T16:00:00.000000000,393.13,471.02028
2022-12-19T17:00:00.000000000,398.05,476.64167
2022-12-19T18:00:00.000000000,403.33,480.08265
2022-12-19T19:00:00.000000000,417.05,481.37259
2022-12-19T20:00:00.000000000,437.21,480.8745
2022-12-19T21:00:00.000000000,456.44,478.88999
2022-12-19T22:00:00.000000000,478.23,475.61749
2022-12-19T23:00:00.000000000,482.36,471.72598
2022-12-17T00:00:00.000000000,292.08,310.75921
2022-12-17T01:00:00.000000000,306.15,305.70058
2022-12-17T02:00:00.000000000,311.89,300.38584
2022-12-17T03:00:00.000000000,307.68,297.27564
2022-12-17T04:00:00.000000000,299.51,295.6563
2022-12-17T05:00:00.000000000,292.94,295.75376
2022-12-17T06:00:00.000000000,297.52,298.71229
2022-12-17T07:00:00.000000000,295.32,304.15088
2022-12-17T08:00:00.000000000,287.88,313.39037
2022-12-17T09:00:00.000000000,280.0,326.13338
2022-12-17T10:00:00.000000000,275.06,341.17582
2022-12-17T11:00:00.000000000,286.05,358.0462
2022-12-17T12:00:00.000000000,287.24,377.34828
2022-12-17T13:00:00.000000000,296.91,396.45369
2022-12-17T14:00:00.000000000,311.51,414.13796
2022-12-17T15:00:00.000000000,351.25,429.96302
2022-12-17T16:00:00.000000000,414.29,443.10144
2022-12-17T17:00:00.000000000,435.5,453.84509
2022-12-17T18:00:00.000000000,438.09,461.74324
2022-12-17T19:00:00.000000000,437.48,466.13441
2022-12-17T20:00:00.000000000,434.95,466.58692
2022-12-17T21:00:00.000000000,438.67,463.44168
2022-12-17T22:00:00.000000000,457.21,457.05088
2022-12-17T23:00:00.000000000,496.62,448.89024
2022-12-18T00:00:00.000000000,519.95,458.28306
2022-12-18T01:00:00.000000000,528.28,452.74607
2022-12-18T02:00:00.000000000,528.32,447.47079
2022-12-18T03:00:00.000000000,524.7,443.65609
2022-12-18T04:00:00.000000000,518.93,441.04225
2022-12-18T05:00:00.000000000,517.97,440.04741
2022-12-18T06:00:00.000000000,520.07,441.05002
2022-12-18T07:00:00.000000000,518.56,443.77161
2022-12-18T08:00:00.000000000,518.68,449.45245
2022-12-18T09:00:00.000000000,514.29,457.30821
2022-12-18T10:00:00.000000000,514.72,465.79451
2022-12-18T11:00:00.000000000,515.67,473.33077
2022-12-18T12:00:00.000000000,498.86,481.2111
2022-12-18T13:00:00.000000000,471.0,488.01216
2022-12-18T14:00:00.000000000,446.32,492.96704
2022-12-18T15:00:00.000000000,429.72,496.47425
2022-12-18T16:00:00.000000000,435.39,497.76314
2022-12-18T17:00:00.000000000,453.72,497.8272
2022-12-18T18:00:00.000000000,438.17,495.81265
2022-12-18T19:00:00.000000000,413.76,491.35082
2022-12-18T20:00:00.000000000,390.49,484.59714
2022-12-18T21:00:00.000000000,357.64,476.10289
2022-12-18T22:00:00.000000000,341.7,466.58794
2022-12-18T23:00:00.000000000,339.56,457.19395
2022-12-19T00:00:00.000000000,326.58,462.09422
2022-12-19T01:00:00.000000000,311.84,454.04762
2022-12-19T02:00:00.000000000,301.19,444.8291
2022-12-19T03:00:00.000000000,309.11,436.40672
2022-12-19T04:00:00.000000000,307.63,428.75734
2022-12-19T05:00:00.000000000,300.35,422.70575
2022-12-19T06:00:00.000000000,289.6,418.74973
2022-12-19T07:00:00.000000000,281.61,416.60964
2022-12-19T08:00:00.000000000,278.19,417.58056
2022-12-19T09:00:00.000000000,285.86,421.17631
2022-12-19T10:00:00.000000000,289.55,426.30138
2022-12-19T11:00:00.000000000,302.01,432.55889
2022-12-19T12:00:00.000000000,317.14,441.79422
2022-12-19T13:00:00.000000000,327.69,452.13969
2022-12-19T14:00:00.000000000,356.77,462.38953
2022-12-19T15:00:00.000000000,376.84,472.07239
2022-12-19T16:00:00.000000000,393.13,479.86538
2022-12-19T17:00:00.000000000,398.05,486.34928
2022-12-19T18:00:00.000000000,403.33,490.35977
2022-12-19T19:00:00.000000000,417.05,491.93494
2022-12-19T20:00:00.000000000,437.21,491.58343
2022-12-19T21:00:00.000000000,456.44,489.67084
2022-12-19T22:00:00.000000000,478.23,486.19338
2022-12-19T23:00:00.000000000,482.36,481.70415
2022-12-20T00:00:00.000000000,472.96,500.33833
2022-12-20T01:00:00.000000000,433.48,493.72093
2022-12-20T02:00:00.000000000,403.54,485.93068
2022-12-20T03:00:00.000000000,395.68,477.87553
2022-12-20T04:00:00.000000000,406.85,469.08408
2022-12-20T05:00:00.000000000,416.92,460.38528
2022-12-20T06:00:00.000000000,421.0,452.02579
2022-12-20T07:00:00.000000000,424.17,444.51731
2022-12-20T08:00:00.000000000,405.3,440.04291
2022-12-20T09:00:00.000000000,401.64,438.94462
2022-12-20T10:00:00.000000000,385.53,440.401
2022-12-20T11:00:00.000000000,369.09,443.37275
2022-12-20T12:00:00.000000000,373.07,448.80811
2022-12-20T13:00:00.000000000,390.37,454.50011
2022-12-20T14:00:00.000000000,427.0,459.39231
2022-12-20T15:00:00.000000000,463.84,463.88165
2022-12-20T16:00:00.000000000,491.35,467.33943
2022-12-20T17:00:00.000000000,513.46,470.97428
2022-12-20T18:00:00.000000000,530.17,473.41043
2022-12-20T19:00:00.000000000,546.38,474.5952
2022-12-20T20:00:00.000000000,554.37,474.36206
2022-12-20T21:00:00.000000000,560.36,472.58081
2022-12-20T22:00:00.000000000,561.83,469.34957
2022-12-20T23:00:00.000000000,560.08,465.49325
2022-12-18T00:00:00.000000000,519.95,544.24702
2022-12-18T01:00:00.000000000,528.28,539.15357
2022-12-18T02:00:00.000000000,528.32,533.15663
2022-12-18T03:00:00.000000000,524.7,526.74525
2022-12-18T04:00:00.000000000,518.93,519.6047
2022-12-18T05:00:00.000000000,517.97,512.60536
2022-12-18T06:00:00.000000000,520.07,506.11669
2022-12-18T07:00:00.000000000,518.56,500.86202
2022-12-18T08:00:00.000000000,518.68,498.9822
2022-12-18T09:00:00.000000000,514.29,500.22965
2022-12-18T10:00:00.000000000,514.72,503.25016
2022-12-18T11:00:00.000000000,515.67,505.86695
2022-12-18T12:00:00.000000000,498.86,509.66869
2022-12-18T13:00:00.000000000,471.0,513.04395
2022-12-18T14:00:00.000000000,446.32,515.14254
2022-12-18T15:00:00.000000000,429.72,516.6118
2022-12-18T16:00:00.000000000,435.39,517.23858
2022-12-18T17:00:00.000000000,453.72,518.58562
2022-12-18T18:00:00.000000000,438.17,518.88781
2022-12-18T19:00:00.000000000,413.76,517.41178
2022-12-18T20:00:00.000000000,390.49,513.79352
2022-12-18T21:00:00.000000000,357.64,507.93406
2022-12-18T22:00:00.000000000,341.7,500.72574
2022-12-18T23:00:00.000000000,339.56,493.20706
2022-12-19T00:00:00.000000000,326.58,501.35879
2022-12-19T01:00:00.000000000,311.84,495.63007
2022-12-19T02:00:00.000000000,301.19,489.07094
2022-12-19T03:00:00.000000000,309.11,482.81136
2022-12-19T04:00:00.000000000,307.63,476.75593
2022-12-19T05:00:00.000000000,300.35,471.90256
2022-12-19T06:00:00.000000000,289.6,468.47628
2022-12-19T07:00:00.000000000,281.61,466.42939
2022-12-19T08:00:00.000000000,278.19,467.0951
2022-12-19T09:00:00.000000000,285.86,469.91247
2022-12-19T10:00:00.000000000,289.55,473.75937
2022-12-19T11:00:00.000000000,302.01,477.65349
2022-12-19T12:00:00.000000000,317.14,483.58937
2022-12-19T13:00:00.000000000,327.69,489.98989
2022-12-19T14:00:00.000000000,356.77,495.99578
2022-12-19T15:00:00.000000000,376.84,501.73599
2022-12-19T16:00:00.000000000,393.13,506.1514
2022-12-19T17:00:00.000000000,398.05,510.36551
2022-12-19T18:00:00.000000000,403.33,512.8082
2022-12-19T19:00:00.000000000,417.05,513.42289
2022-12-19T20:00:00.000000000,437.21,512.53104
2022-12-19T21:00:00.000000000,456.44,510.32233
2022-12-19T22:00:00.000000000,478.23,506.90829
2022-12-19T23:00:00.000000000,482.36,502.84533
2022-12-20T00:00:00.000000000,472.96,512.37918
2022-12-20T01:00:00.000000000,433.48,510.44373
2022-12-20T02:00:00.000000000,403.54,508.46405
2022-12-20T03:00:00.000000000,395.68,506.62879
2022-12-20T04:00:00.000000000,406.85,503.73586
2022-12-20T05:00:00.000000000,416.92,500.08038
2022-12-20T06:00:00.000000000,421.0,495.18977
2022-12-20T07:00:00.000000000,424.17,489.39773
2022-12-20T08:00:00.000000000,405.3,484.87673
2022-12-20T09:00:00.000000000,401.64,482.08219
2022-12-20T10:00:00.000000000,385.53,480.4648
2022-12-20T11:00:00.000000000,369.09,479.21639
2022-12-20T12:00:00.000000000,373.07,479.66101
2022-12-20T13:00:00.000000000,390.37,480.08265
2022-12-20T14:00:00.000000000,427.0,479.94042
2022-12-20T15:00:00.000000000,463.84,480.15913
2022-12-20T16:00:00.000000000,491.35,480.09054
2022-12-20T17:00:00.000000000,513.46,481.60378
2022-12-20T18:00:00.000000000,530.17,483.34783
2022-12-20T19:00:00.000000000,546.38,485.10426
2022-12-20T20:00:00.000000000,554.37,486.34037
2022-12-20T21:00:00.000000000,560.36,486.45184
2022-12-20T22:00:00.000000000,561.83,485.19425
2022-12-20T23:00:00.000000000,560.08,483.22117
2022-12-21T00:00:00.000000000,544.46,500.6674
2022-12-21T01:00:00.000000000,524.38,493.77815
2022-12-21T02:00:00.000000000,513.79,486.44971
2022-12-21T03:00:00.000000000,517.68,479.61609
2022-12-21T04:00:00.000000000,524.39,472.95468
2022-12-21T05:00:00.000000000,526.57,467.39125
2022-12-21T06:00:00.000000000,529.72,463.02931
2022-12-21T07:00:00.000000000,531.58,460.17218
2022-12-21T08:00:00.000000000,526.29,460.61086
2022-12-21T09:00:00.000000000,511.09,464.10903
2022-12-21T10:00:00.000000000,499.14,469.2266
2022-12-21T11:00:00.000000000,497.69,474.5748
2022-12-21T12:00:00.000000000,497.85,480.87123
2022-12-21T13:00:00.000000000,501.57,486.10339
2022-12-21T14:00:00.000000000,506.39,489.39365
2022-12-21T15:00:00.000000000,499.73,491.42665
2022-12-21T16:00:00.000000000,492.53,491.57097
2022-12-21T17:00:00.000000000,492.09,491.09503
2022-12-21T18:00:00.000000000,473.21,488.89961
2022-12-21T19:00:00.000000000,462.06,485.12761
2022-12-21T20:00:00.000000000,463.98,480.29512
2022-12-21T21:00:00.000000000,447.46,474.75609
2022-12-21T22:00:00.000000000,431.55,468.64237
2022-12-21T23:00:00.000000000,433.82,462.71848
2022-12-19T00:00:00.000000000,326.58,388.03911
2022-12-19T01:00:00.000000000,311.84,387.33647
2022-12-19T02:00:00.000000000,301.19,386.80783
2022-12-19T03:00:00.000000000,309.11,387.89562
2022-12-19T04:00:00.000000000,307.63,389.7828
2022-12-19T05:00:00.000000000,300.35,392.48009
2022-12-19T06:00:00.000000000,289.6,396.67625
2022-12-19T07:00:00.000000000,281.61,401.56319
2022-12-19T08:00:00.000000000,278.19,408.21168
2022-12-19T09:00:00.000000000,285.86,416.16577
2022-12-19T10:00:00.000000000,289.55,424.51584
2022-12-19T11:00:00.000000000,302.01,432.94758
2022-12-19T12:00:00.000000000,317.14,443.40549
2022-12-19T13:00:00.000000000,327.69,454.32001
2022-12-19T14:00:00.000000000,356.77,464.72028
2022-12-19T15:00:00.000000000,376.84,474.45463
2022-12-19T16:00:00.000000000,393.13,482.35083
2022-12-19T17:00:00.000000000,398.05,489.53498
2022-12-19T18:00:00.000000000,403.33,495.43071
2022-12-19T19:00:00.000000000,417.05,499.41359
2022-12-19T20:00:00.000000000,437.21,501.01139
2022-12-19T21:00:00.000000000,456.44,500.32105
2022-12-19T22:00:00.000000000,478.23,497.34099
2022-12-19T23:00:00.000000000,482.36,493.12586
2022-12-20T00:00:00.000000000,472.96,510.33811
2022-12-20T01:00:00.000000000,433.48,510.25815
2022-12-20T02:00:00.000000000,403.54,510.2132
2022-12-20T03:00:00.000000000,395.68,510.43275
2022-12-20T04:00:00.000000000,406.85,509.83741
2022-12-20T05:00:00.000000000,416.92,508.82421
2022-12-20T06:00:00.000000000,421.0,506.87598
2022-12-20T07:00:00.000000000,424.17,504.00024
2022-12-20T08:00:00.000000000,405.3,501.90754
2022-12-20T09:00:00.000000000,401.64,500.48473
2022-12-20T10:00:00.000000000,385.53,499.0868
2022-12-20T11:00:00.000000000,369.09,497.04177
2022-12-20T12:00:00.000000000,373.07,496.31753
2022-12-20T13:00:00.000000000,390.37,495.63412
2022-12-20T14:00:00.000000000,427.0,494.87681
2022-12-20T15:00:00.000000000,463.84,495.09174
2022-12-20T16:00:00.000000000,491.35,495.36068
2022-12-20T17:00:00.000000000,513.46,497.5861
2022-12-20T18:00:00.000000000,530.17,500.25057
2022-12-20T19:00:00.000000000,546.38,503.03733
2022-12-20T20:00:00.000000000,554.37,505.53392
2022-12-20T21:00:00.000000000,560.36,507.15908
2022-12-20T22:00:00.000000000,561.83,507.50694
2022-12-20T23:00:00.000000000,560.08,507.02178
2022-12-21T00:00:00.000000000,544.46,527.56263
2022-12-21T01:00:00.000000000,524.38,521.68301
2022-12-21T02:00:00.000000000,513.79,515.15503
2022-12-21T03:00:00.000000000,517.68,508.5153
2022-12-21T04:00:00.000000000,524.39,501.37068
2022-12-21T05:00:00.000000000,526.57,494.65828
2022-12-21T06:00:00.000000000,529.72,488.29617
2022-12-21T07:00:00.000000000,531.58,482.84688
2022-12-21T08:00:00.000000000,526.29,480.35801
2022-12-21T09:00:00.000000000,511.09,480.84566
2022-12-21T10:00:00.000000000,499.14,483.1671
2022-12-21T11:00:00.000000000,497.69,485.9127
2022-12-21T12:00:00.000000000,497.85,490.0944
2022-12-21T13:00:00.000000000,501.57,493.72009
2022-12-21T14:00:00.000000000,506.39,495.93027
2022-12-21T15:00:00.000000000,499.73,497.41966
2022-12-21T16:00:00.000000000,492.53,497.67084
2022-12-21T17:00:00.000000000,492.09,498.13004
2022-12-21T18:00:00.000000000,473.21,497.26372
2022-12-21T19:00:00.000000000,462.06,495.10824
2022-12-21T20:00:00.000000000,463.98,491.97854
2022-12-21T21:00:00.000000000,447.46,487.98417
2022-12-21T22:00:00.000000000,431.55,483.27767
2022-12-21T23:00:00.000000000,433.82,478.57991
2022-12-22T00:00:00.000000000,441.32,485.11753
2022-12-22T01:00:00.000000000,421.24,468.78498
2022-12-22T02:00:00.000000000,412.88,447.31755
2022-12-22T03:00:00.000000000,392.02,422.97892
2022-12-22T04:00:00.000000000,378.44,397.7743
2022-12-22T05:00:00.000000000,363.19,373.8279
2022-12-22T06:00:00.000000000,346.23,351.28207
2022-12-22T07:00:00.000000000,343.19,332.00778
2022-12-22T08:00:00.000000000,341.12,316.28471
2022-12-22T09:00:00.000000000,328.12,303.90365
2022-12-22T10:00:00.000000000,321.46,295.79817
2022-12-22T11:00:00.000000000,317.45,291.47529
2022-12-22T12:00:00.000000000,318.81,290.66568
2022-12-22T13:00:00.000000000,336.07,290.67834
2022-12-22T14:00:00.000000000,352.0,290.60218
2022-12-22T15:00:00.000000000,367.29,291.53979
2022-12-22T16:00:00.000000000,371.69,293.30263
2022-12-22T17:00:00.000000000,373.95,294.6954
2022-12-22T18:00:00.000000000,374.62,293.60047
2022-12-22T19:00:00.000000000,376.86,292.04765
2022-12-22T20:00:00.000000000,376.23,290.42831
2022-12-22T21:00:00.000000000,370.82,288.2914
2022-12-22T22:00:00.000000000,362.32,286.21285
2022-12-22T23:00:00.000000000,358.98,284.68463
2022-12-20T00:00:00.000000000,472.96,509.33956
2022-12-20T01:00:00.000000000,433.48,508.69555
2022-12-20T02:00:00.000000000,403.54,507.6819
2022-12-20T03:00:00.000000000,395.68,506.75422
2022-12-20T04:00:00.000000000,406.85,504.80847
2022-12-20T05:00:00.000000000,416.92,502.10542
2022-12-20T06:00:00.000000000,421.0,498.3243
2022-12-20T07:00:00.000000000,424.17,493.38727
2022-12-20T08:00:00.000000000,405.3,489.15868
2022-12-20T09:00:00.000000000,401.64,485.85053
2022-12-20T10:00:00.000000000,385.53,483.20236
2022-12-20T11:00:00.000000000,369.09,480.78214
2022-12-20T12:00:00.000000000,373.07,480.70785
2022-12-20T13:00:00.000000000,390.37,481.57204
2022-12-20T14:00:00.000000000,427.0,483.06601
2022-12-20T15:00:00.000000000,463.84,485.87454
2022-12-20T16:00:00.000000000,491.35,488.94654
2022-12-20T17:00:00.000000000,513.46,494.02645
2022-12-20T18:00:00.000000000,530.17,499.49986
2022-12-20T19:00:00.000000000,546.38,504.92436
2022-12-20T20:00:00.000000000,554.37,509.55221
2022-12-20T21:00:00.000000000,560.36,512.5957
2022-12-20T22:00:00.000000000,561.83,513.56176
2022-12-20T23:00:00.000000000,560.08,513.01434
2022-12-21T00:00:00.000000000,544.46,527.87892
2022-12-21T01:00:00.000000000,524.38,523.25392
2022-12-21T02:00:00.000000000,513.79,517.77745
2022-12-21T03:00:00.000000000,517.68,511.63918
2022-12-21T04:00:00.000000000,524.39,504.37114
2022-12-21T05:00:00.000000000,526.57,496.71651
2022-12-21T06:00:00.000000000,529.72,488.43437
2022-12-21T07:00:00.000000000,531.58,480.49298
2022-12-21T08:00:00.000000000,526.29,475.07313
2022-12-21T09:00:00.000000000,511.09,472.67316
2022-12-21T10:00:00.000000000,499.14,472.49418
2022-12-21T11:00:00.000000000,497.69,473.04463
2022-12-21T12:00:00.000000000,497.85,475.02086
2022-12-21T13:00:00.000000000,501.57,476.27599
2022-12-21T14:00:00.000000000,506.39,475.62667
2022-12-21T15:00:00.000000000,499.73,473.84158
2022-12-21T16:00:00.000000000,492.53,470.86485
2022-12-21T17:00:00.000000000,492.09,468.3012
2022-12-21T18:00:00.000000000,473.21,464.88021
2022-12-21T19:00:00.000000000,462.06,460.90018
2022-12-21T20:00:00.000000000,463.98,456.46289
2022-12-21T21:00:00.000000000,447.46,451.46453
2022-12-21T22:00:00.000000000,431.55,446.39707
2022-12-21T23:00:00.000000000,433.82,442.04275
2022-12-22T00:00:00.000000000,441.32,453.52085
2022-12-22T01:00:00.000000000,421.24,440.29736
2022-12-22T02:00:00.000000000,412.88,422.23973
2022-12-22T03:00:00.000000000,392.02,401.5968
2022-12-22T04:00:00.000000000,378.44,379.99351
2022-12-22T05:00:00.000000000,363.19,359.20113
2022-12-22T06:00:00.000000000,346.23,339.21247
2022-12-22T07:00:00.000000000,343.19,321.71892
2022-12-22T08:00:00.000000000,341.12,306.70906
2022-12-22T09:00:00.000000000,328.12,293.95795
2022-12-22T10:00:00.000000000,321.46,284.47822
2022-12-22T11:00:00.000000000,317.45,278.02106
2022-12-22T12:00:00.000000000,318.81,274.25782
2022-12-22T13:00:00.000000000,336.07,270.64794
2022-12-22T14:00:00.000000000,352.0,266.566
2022-12-22T15:00:00.000000000,367.29,263.6673
2022-12-22T16:00:00.000000000,371.69,262.143
2022-12-22T17:00:00.000000000,373.95,260.83798
2022-12-22T18:00:00.000000000,374.62,258.23935
2022-12-22T19:00:00.000000000,376.86,256.60807
2022-12-22T20:00:00.000000000,376.23,255.91816
2022-12-22T21:00:00.000000000,370.82,255.19033
2022-12-22T22:00:00.000000000,362.32,254.91102
2022-12-22T23:00:00.000000000,358.98,255.63768
2022-12-23T00:00:00.000000000,360.77,260.8761
2022-12-23T01:00:00.000000000,373.07,258.16514
2022-12-23T02:00:00.000000000,377.04,253.59594
2022-12-23T03:00:00.000000000,383.71,250.57936
2022-12-23T04:00:00.000000000,386.99,247.93947
2022-12-23T05:00:00.000000000,382.54,245.45319
2022-12-23T06:00:00.000000000,380.14,244.62577
2022-12-23T07:00:00.000000000,383.69,246.36205
2022-12-23T08:00:00.000000000,381.13,252.33709
2022-12-23T09:00:00.000000000,383.42,261.17215
2022-12-23T10:00:00.000000000,386.77,271.86471
2022-12-23T11:00:00.000000000,389.69,284.04573
2022-12-23T12:00:00.000000000,395.51,298.58493
2022-12-23T13:00:00.000000000,403.96,312.65341
2022-12-23T14:00:00.000000000,412.27,326.51276
2022-12-23T15:00:00.000000000,422.37,341.08283
2022-12-23T16:00:00.000000000,423.26,355.58334
2022-12-23T17:00:00.000000000,419.1,370.60413
2022-12-23T18:00:00.000000000,422.4,386.04683
2022-12-23T19:00:00.000000000,417.86,401.8874
2022-12-23T20:00:00.000000000,411.87,417.01222
2022-12-23T21:00:00.000000000,406.38,430.56664
2022-12-23T22:00:00.000000000,418.85,441.55708
2022-12-23T23:00:00.000000000,435.76,449.96795
2022-12-21T00:00:00.000000000,544.46,570.76658
2022-12-21T01:00:00.000000000,524.38,566.82628
2022-12-21T02:00:00.000000000,513.79,562.42782
2022-12-21T03:00:00.000000000,517.68,557.37038
2022-12-21T04:00:00.000000000,524.39,551.00116
2022-12-21T05:00:00.000000000,526.57,544.03638
2022-12-21T06:00:00.000000000,529.72,535.76231
2022-12-21T07:00:00.000000000,531.58,527.28931
2022-12-21T08:00:00.000000000,526.29,521.11158
2022-12-21T09:00:00.000000000,511.09,517.66469
2022-12-21T10:00:00.000000000,499.14,516.06251
2022-12-21T11:00:00.000000000,497.69,514.60391
2022-12-21T12:00:00.000000000,497.85,514.38976
2022-12-21T13:00:00.000000000,501.57,513.45035
2022-12-21T14:00:00.000000000,506.39,510.9544
2022-12-21T15:00:00.000000000,499.73,507.95375
2022-12-21T16:00:00.000000000,492.53,504.51544
2022-12-21T17:00:00.000000000,492.09,502.54638
2022-12-21T18:00:00.000000000,473.21,500.10627
2022-12-21T19:00:00.000000000,462.06,497.19978
2022-12-21T20:00:00.000000000,463.98,493.9605
2022-12-21T21:00:00.000000000,447.46,490.13731
2022-12-21T22:00:00.000000000,431.55,485.98679
2022-12-21T23:00:00.000000000,433.82,482.10824
2022-12-22T00:00:00.000000000,441.32,477.06088
2022-12-22T01:00:00.000000000,421.24,461.76764
2022-12-22T02:00:00.000000000,412.88,440.89336
2022-12-22T03:00:00.000000000,392.02,416.77365
2022-12-22T04:00:00.000000000,378.44,391.42866
2022-12-22T05:00:00.000000000,363.19,367.09551
2022-12-22T06:00:00.000000000,346.23,343.99408
2022-12-22T07:00:00.000000000,343.19,324.21451
2022-12-22T08:00:00.000000000,341.12,307.7127
2022-12-22T09:00:00.000000000,328.12,294.09571
2022-12-22T10:00:00.000000000,321.46,284.35047
2022-12-22T11:00:00.000000000,317.45,277.98282
2022-12-22T12:00:00.000000000,318.81,274.55821
2022-12-22T13:00:00.000000000,336.07,271.4758
2022-12-22T14:00:00.000000000,352.0,268.02919
2022-12-22T15:00:00.000000000,367.29,265.82549
2022-12-22T16:00:00.000000000,371.69,264.95835
2022-12-22T17:00:00.000000000,373.95,264.2083
2022-12-22T18:00:00.000000000,374.62,261.73819
2022-12-22T19:00:00.000000000,376.86,259.81317
2022-12-22T20:00:00.000000000,376.23,258.5809
2022-12-22T21:00:00.000000000,370.82,257.20927
2022-12-22T22:00:00.000000000,362.32,256.36898
2022-12-22T23:00:00.000000000,358.98,256.52366
2022-12-23T00:00:00.000000000,360.77,268.71729
2022-12-23T01:00:00.000000000,373.07,265.3146
2022-12-23T02:00:00.000000000,377.04,259.94375
2022-12-23T03:00:00.000000000,383.71,256.07031
2022-12-23T04:00:00.000000000,386.99,252.84697
2022-12-23T05:00:00.000000000,382.54,250.10703
2022-12-23T06:00:00.000000000,380.14,248.838
2022-12-23T07:00:00.000000000,383.69,249.27938
2022-12-23T08:00:00.000000000,381.13,252.89542
2022-12-23T09:00:00.000000000,383.42,258.50115
2022-12-23T10:00:00.000000000,386.77,265.26397
2022-12-23T11:00:00.000000000,389.69,273.16031
2022-12-23T12:00:00.000000000,395.51,283.22976
2022-12-23T13:00:00.000000000,403.96,293.02717
2022-12-23T14:00:00.000000000,412.27,303.21137
2022-12-23T15:00:00.000000000,422.37,315.18213
2022-12-23T16:00:00.000000000,423.26,328.30852
2022-12-23T17:00:00.000000000,419.1,342.65918
2022-12-23T18:00:00.000000000,422.4,357.90246
2022-12-23T19:00:00.000000000,417.86,373.92647
2022-12-23T20:00:00.000000000,411.87,389.39185
2022-12-23T21:00:00.000000000,406.38,403.19559
2022-12-23T22:00:00.000000000,418.85,414.18732
2022-12-23T23:00:00.000000000,435.76,422.37326
2022-12-24T00:00:00.000000000,461.29,442.19128
2022-12-24T01:00:00.000000000,471.49,433.65383
2022-12-24T02:00:00.000000000,474.61,424.31585
2022-12-24T03:00:00.000000000,475.37,416.45538
2022-12-24T04:00:00.000000000,476.76,410.07953
2022-12-24T05:00:00.000000000,482.13,406.08425
2022-12-24T06:00:00.000000000,482.33,405.2543
2022-12-24T07:00:00.000000000,488.17,406.92024
2022-12-24T08:00:00.000000000,491.26,412.02824
2022-12-24T09:00:00.000000000,490.36,419.82507
2022-12-24T10:00:00.000000000,488.15,428.81435
2022-12-24T11:00:00.000000000,487.71,438.31078
2022-12-24T12:00:00.000000000,488.91,450.15776
2022-12-24T13:00:00.000000000,492.52,462.54388
2022-12-24T14:00:00.000000000,497.89,474.14518
2022-12-24T15:00:00.000000000,498.49,484.58697
2022-12-24T16:00:00.000000000,507.43,492.66492
2022-12-24T17:00:00.000000000,520.87,499.15041
2022-12-24T18:00:00.000000000,537.24,503.25566
2022-12-24T19:00:00.000000000,543.97,504.96042
2022-12-24T20:00:00.000000000,551.6,504.54629
2022-12-24T21:00:00.000000000,550.48,502.38525
2022-12-24T22:00:00.000000000,555.08,498.37948
2022-12-24T23:00:00.000000000,567.75,492.95516
2022-12-22T00:00:00.000000000,441.32,446.04328
2022-12-22T01:00:00.000000000,421.24,427.80781
2022-12-22T02:00:00.000000000,412.88,404.19768
2022-12-22T03:00:00.000000000,392.02,378.12011
2022-12-22T04:00:00.000000000,378.44,352.14697
2022-12-22T05:00:00.000000000,363.19,328.46837
2022-12-22T06:00:00.000000000,346.23,307.58718
2022-12-22T07:00:00.000000000,343.19,290.68339
2022-12-22T08:00:00.000000000,341.12,277.84687
2022-12-22T09:00:00.000000000,328.12,268.75489
2022-12-22T10:00:00.000000000,321.46,263.73896
2022-12-22T11:00:00.000000000,317.45,262.73712
2022-12-22T12:00:00.000000000,318.81,265.6272
2022-12-22T13:00:00.000000000,336.07,269.53108
2022-12-22T14:00:00.000000000,352.0,273.18458
2022-12-22T15:00:00.000000000,367.29,277.19549
2022-12-22T16:00:00.000000000,371.69,281.24936
2022-12-22T17:00:00.000000000,373.95,283.51562
2022-12-22T18:00:00.000000000,374.62,282.40569
2022-12-22T19:00:00.000000000,376.86,279.90063
2022-12-22T20:00:00.000000000,376.23,276.91654
2022-12-22T21:00:00.000000000,370.82,273.64073
2022-12-22T22:00:00.000000000,362.32,270.66892
2022-12-22T23:00:00.000000000,358.98,268.11243
2022-12-23T00:00:00.000000000,360.77,284.3857
2022-12-23T01:00:00.000000000,373.07,280.95351
2022-12-23T02:00:00.000000000,377.04,276.30593
2022-12-23T03:00:00.000000000,383.71,273.37209
2022-12-23T04:00:00.000000000,386.99,271.08056
2022-12-23T05:00:00.000000000,382.54,269.21624
2022-12-23T06:00:00.000000000,380.14,268.7598
2022-12-23T07:00:00.000000000,383.69,269.85652
2022-12-23T08:00:00.000000000,381.13,273.92569
2022-12-23T09:00:00.000000000,383.42,280.31838
2022-12-23T10:00:00.000000000,386.77,288.42415
2022-12-23T11:00:00.000000000,389.69,298.20824
2022-12-23T12:00:00.000000000,395.51,310.466
2022-12-23T13:00:00.000000000,403.96,322.70055
2022-12-23T14:00:00.000000000,412.27,335.01869
2022-12-23T15:00:00.000000000,422.37,348.19009
2022-12-23T16:00:00.000000000,423.26,361.36168
2022-12-23T17:00:00.000000000,419.1,374.80866
2022-12-23T18:00:00.000000000,422.4,388.1826
2022-12-23T19:00:00.000000000,417.86,401.41404
2022-12-23T20:00:00.000000000,411.87,413.18102
2022-12-23T21:00:00.000000000,406.38,422.56431
2022-12-23T22:00:00.000000000,418.85,428.67461
2022-12-23T23:00:00.000000000,435.76,432.08024
2022-12-24T00:00:00.000000000,461.29,448.68479
2022-12-24T01:00:00.000000000,471.49,439.06227
2022-12-24T02:00:00.000000000,474.61,428.03675
2022-12-24T03:00:00.000000000,475.37,418.071
2022-12-24T04:00:00.000000000,476.76,409.43303
2022-12-24T05:00:00.000000000,482.13,403.22544
2022-12-24T06:00:00.000000000,482.33,400.51672
2022-12-24T07:00:00.000000000,488.17,400.7781
2022-12-24T08:00:00.000000000,491.26,404.96595
2022-12-24T09:00:00.000000000,490.36,412.4406
2022-12-24T10:00:00.000000000,488.15,421.8184
2022-12-24T11:00:00.000000000,487.71,432.36068
2022-12-24T12:00:00.000000000,488.91,445.86162
2022-12-24T13:00:00.000000000,492.52,460.28788
2022-12-24T14:00:00.000000000,497.89,474.02564
2022-12-24T15:00:00.000000000,498.49,486.37431
2022-12-24T16:00:00.000000000,507.43,496.12186
2022-12-24T17:00:00.000000000,520.87,504.05914
2022-12-24T18:00:00.000000000,537.24,509.36074
2022-12-24T19:00:00.000000000,543.97,512.07402
2022-12-24T20:00:00.000000000,551.6,512.4178
2022-12-24T21:00:00.000000000,550.48,510.7629
2022-12-24T22:00:00.000000000,555.08,507.02505
2022-12-24T23:00:00.000000000,567.75,501.59176
2022-12-25T00:00:00.000000000,564.85,515.83465
2022-12-25T01:00:00.000000000,549.37,515.31247
2022-12-25T02:00:00.000000000,532.72,514.94577
2022-12-25T03:00:00.000000000,524.56,514.99618
2022-12-25T04:00:00.000000000,526.08,514.71406
2022-12-25T05:00:00.000000000,529.23,514.72541
2022-12-25T06:00:00.000000000,531.51,515.16727
2022-12-25T07:00:00.000000000,534.27,516.17252
2022-12-25T08:00:00.000000000,531.6,519.12665
2022-12-25T09:00:00.000000000,527.8,523.27651
2022-12-25T10:00:00.000000000,528.21,527.2152
2022-12-25T11:00:00.000000000,533.28,529.5589
2022-12-25T12:00:00.000000000,533.69,532.50956
2022-12-25T13:00:00.000000000,526.56,535.16667
2022-12-25T14:00:00.000000000,508.36,537.04559
2022-12-25T15:00:00.000000000,484.21,538.73158
2022-12-25T16:00:00.000000000,476.44,539.0761
2022-12-25T17:00:00.000000000,463.92,540.15972
2022-12-25T18:00:00.000000000,451.78,540.72893
2022-12-25T19:00:00.000000000,415.23,540.18835
2022-12-25T20:00:00.000000000,382.68,538.30088
2022-12-25T21:00:00.000000000,360.03,535.00653
2022-12-25T22:00:00.000000000,345.97,530.73257
2022-12-25T23:00:00.000000000,340.44,526.19129
2022-12-23T00:00:00.000000000,360.77,350.67665
2022-12-23T01:00:00.000000000,373.07,345.50133
2022-12-23T02:00:00.000000000,377.04,338.92347
2022-12-23T03:00:00.000000000,383.71,333.66964
2022-12-23T04:00:00.000000000,386.99,329.05838
2022-12-23T05:00:00.000000000,382.54,325.0512
2022-12-23T06:00:00.000000000,380.14,322.33502
2022-12-23T07:00:00.000000000,383.69,320.99694
2022-12-23T08:00:00.000000000,381.13,322.25812
2022-12-23T09:00:00.000000000,383.42,325.52463
2022-12-23T10:00:00.000000000,386.77,330.27555
2022-12-23T11:00:00.000000000,389.69,336.18508
2022-12-23T12:00:00.000000000,395.51,344.27186
2022-12-23T13:00:00.000000000,403.96,352.60707
2022-12-23T14:00:00.000000000,412.27,361.12773
2022-12-23T15:00:00.000000000,422.37,370.31164
2022-12-23T16:00:00.000000000,423.26,379.06741
2022-12-23T17:00:00.000000000,419.1,388.04946
2022-12-23T18:00:00.000000000,422.4,396.92136
2022-12-23T19:00:00.000000000,417.86,406.0177
2022-12-23T20:00:00.000000000,411.87,414.36861
2022-12-23T21:00:00.000000000,406.38,421.1755
2022-12-23T22:00:00.000000000,418.85,425.55244
2022-12-23T23:00:00.000000000,435.76,427.97032
2022-12-24T00:00:00.000000000,461.29,446.57654
2022-12-24T01:00:00.000000000,471.49,437.48782
2022-12-24T02:00:00.000000000,474.61,427.18612
2022-12-24T03:00:00.000000000,475.37,418.20873
2022-12-24T04:00:00.000000000,476.76,410.76815
2022-12-24T05:00:00.000000000,482.13,406.0279
2022-12-24T06:00:00.000000000,482.33,405.04915
2022-12-24T07:00:00.000000000,488.17,407.26953
2022-12-24T08:00:00.000000000,491.26,413.42431
2022-12-24T09:00:00.000000000,490.36,422.66614
2022-12-24T10:00:00.000000000,488.15,433.44169
2022-12-24T11:00:00.000000000,487.71,444.8838
2022-12-24T12:00:00.000000000,488.91,458.9307
2022-12-24T13:00:00.000000000,492.52,473.64736
2022-12-24T14:00:00.000000000,497.89,487.30619
2022-12-24T15:00:00.000000000,498.49,499.20715
2022-12-24T16:00:00.000000000,507.43,508.23127
2022-12-24T17:00:00.000000000,520.87,515.52773
2022-12-24T18:00:00.000000000,537.24,520.49011
2022-12-24T19:00:00.000000000,543.97,523.16042
2022-12-24T20:00:00.000000000,551.6,523.6127
2022-12-24T21:00:00.000000000,550.48,522.08046
2022-12-24T22:00:00.000000000,555.08,518.48081
2022-12-24T23:00:00.000000000,567.75,513.08734
2022-12-25T00:00:00.000000000,564.85,520.55234
2022-12-25T01:00:00.000000000,549.37,518.0268
2022-12-25T02:00:00.000000000,532.72,515.6686
2022-12-25T03:00:00.000000000,524.56,513.84999
2022-12-25T04:00:00.000000000,526.08,511.9513
2022-12-25T05:00:00.000000000,529.23,510.44184
2022-12-25T06:00:00.000000000,531.51,509.1627
2022-12-25T07:00:00.000000000,534.27,508.31397
2022-12-25T08:00:00.000000000,531.6,509.54671
2022-12-25T09:00:00.000000000,527.8,512.16758
2022-12-25T10:00:00.000000000,528.21,514.89092
2022-12-25T11:00:00.000000000,533.28,516.12088
2022-12-25T12:00:00.000000000,533.69,517.80902
2022-12-25T13:00:00.000000000,526.56,518.78045
2022-12-25T14:00:00.000000000,508.36,518.70697
2022-12-25T15:00:00.000000000,484.21,518.49624
2022-12-25T16:00:00.000000000,476.44,517.48733
2022-12-25T17:00:00.000000000,463.92,517.2027
2022-12-25T18:00:00.000000000,451.78,516.01682
2022-12-25T19:00:00.000000000,415.23,513.39577
2022-12-25T20:00:00.000000000,382.68,509.34796
2022-12-25T21:00:00.000000000,360.03,503.96814
2022-12-25T22:00:00.000000000,345.97,497.87125
2022-12-25T23:00:00.000000000,340.44,491.8689
2022-12-26T00:00:00.000000000,333.07,483.47781
2022-12-26T01:00:00.000000000,315.9,475.1113
2022-12-26T02:00:00.000000000,310.63,465.3822
2022-12-26T03:00:00.000000000,310.08,456.16368
2022-12-26T04:00:00.000000000,328.81,447.71435
2022-12-26T05:00:00.000000000,347.43,441.39088
2022-12-26T06:00:00.000000000,374.98,437.98984
2022-12-26T07:00:00.000000000,373.28,437.35357
2022-12-26T08:00:00.000000000,380.5,440.57239
2022-12-26T09:00:00.000000000,383.35,446.89285
2022-12-26T10:00:00.000000000,363.73,454.83308
2022-12-26T11:00:00.000000000,343.28,463.2783
2022-12-26T12:00:00.000000000,324.93,473.90999
2022-12-26T13:00:00.000000000,308.27,484.74066
2022-12-26T14:00:00.000000000,303.72,494.49766
2022-12-26T15:00:00.000000000,302.44,503.06215
2022-12-26T16:00:00.000000000,300.64,509.47206
2022-12-26T17:00:00.000000000,309.65,514.88468
2022-12-26T18:00:00.000000000,317.94,518.14763
2022-12-26T19:00:00.000000000,325.05,519.38386
2022-12-26T20:00:00.000000000,337.35,519.00381
2022-12-26T21:00:00.000000000,376.97,517.35212
2022-12-26T22:00:00.000000000,417.92,514.28844
2022-12-26T23:00:00.000000000,456.88,510.07181
2022-12-24T00:00:00.000000000,461.29,469.88844
2022-12-24T01:00:00.000000000,471.49,461.77277
2022-12-24T02:00:00.000000000,474.61,452.51947
2022-12-24T03:00:00.000000000,475.37,444.13609
2022-12-24T04:00:00.000000000,476.76,436.86427
2022-12-24T05:00:00.000000000,482.13,431.88194
2022-12-24T06:00:00.000000000,482.33,430.19298
2022-12-24T07:00:00.000000000,488.17,431.44704
2022-12-24T08:00:00.000000000,491.26,436.49358
2022-12-24T09:00:00.000000000,490.36,444.62752
2022-12-24T10:00:00.000000000,488.15,454.40997
2022-12-24T11:00:00.000000000,487.71,464.69303
2022-12-24T12:00:00.000000000,488.91,477.29636
2022-12-24T13:00:00.000000000,492.52,490.46491
2022-12-24T14:00:00.000000000,497.89,502.51884
2022-12-24T15:00:00.000000000,498.49,512.80733
2022-12-24T16:00:00.000000000,507.43,520.15795
2022-12-24T17:00:00.000000000,520.87,525.94053
2022-12-24T18:00:00.000000000,537.24,529.46363
2022-12-24T19:00:00.000000000,543.97,530.6863
2022-12-24T20:00:00.000000000,551.6,529.55545
2022-12-24T21:00:00.000000000,550.48,526.30753
2022-12-24T22:00:00.000000000,555.08,521.16283
2022-12-24T23:00:00.000000000,567.75,514.66308
2022-12-25T00:00:00.000000000,564.85,513.98115
2022-12-25T01:00:00.000000000,549.37,511.58673
2022-12-25T02:00:00.000000000,532.72,509.21134
2022-12-25T03:00:00.000000000,524.56,507.20826
2022-12-25T04:00:00.000000000,526.08,504.98629
2022-12-25T05:00:00.000000000,529.23,502.89622
2022-12-25T06:00:00.000000000,531.51,500.60631
2022-12-25T07:00:00.000000000,534.27,498.49188
2022-12-25T08:00:00.000000000,531.6,498.27314
2022-12-25T09:00:00.000000000,527.8,499.52221
2022-12-25T10:00:00.000000000,528.21,501.16424
2022-12-25T11:00:00.000000000,533.28,501.58125
2022-12-25T12:00:00.000000000,533.69,502.30139
2022-12-25T13:00:00.000000000,526.56,501.8622
2022-12-25T14:00:00.000000000,508.36,499.88936
2022-12-25T15:00:00.000000000,484.21,497.46518
2022-12-25T16:00:00.000000000,476.44,494.36233
2022-12-25T17:00:00.000000000,463.92,492.12077
2022-12-25T18:00:00.000000000,451.78,489.30474
2022-12-25T19:00:00.000000000,415.23,485.58996
2022-12-25T20:00:00.000000000,382.68,480.99908
2022-12-25T21:00:00.000000000,360.03,475.51058
2022-12-25T22:00:00.000000000,345.97,469.6285
2022-12-25T23:00:00.000000000,340.44,464.07738
2022-12-26T00:00:00.000000000,333.07,442.97497
2022-12-26T01:00:00.000000000,315.9,433.49483
2022-12-26T02:00:00.000000000,310.63,422.69672
2022-12-26T03:00:00.000000000,310.08,413.13022
2022-12-26T04:00:00.000000000,328.81,404.85258
2022-12-26T05:00:00.000000000,347.43,398.80037
2022-12-26T06:00:00.000000000,374.98,395.74988
2022-12-26T07:00:00.000000000,373.28,395.29659
2022-12-26T08:00:00.000000000,380.5,398.62595
2022-12-26T09:00:00.000000000,383.35,405.07145
2022-12-26T10:00:00.000000000,363.73,413.1665
2022-12-26T11:00:00.000000000,343.28,422.34583
2022-12-26T12:00:00.000000000,324.93,433.94797
2022-12-26T13:00:00.000000000,308.27,445.8721
2022-12-26T14:00:00.000000000,303.72,456.99375
2022-12-26T15:00:00.000000000,302.44,467.05249
2022-12-26T16:00:00.000000000,300.64,474.7909
2022-12-26T17:00:00.000000000,309.65,480.82736
2022-12-26T18:00:00.000000000,317.94,484.41615
2022-12-26T19:00:00.000000000,325.05,485.69804
2022-12-26T20:00:00.000000000,337.35,485.18387
2022-12-26T21:00:00.000000000,376.97,483.26693
2022-12-26T22:00:00.000000000,417.92,479.63164
2022-12-26T23:00:00.000000000,456.88,474.67712
2022-12-27T00:00:00.000000000,491.97,471.9798
2022-12-27T01:00:00.000000000,498.46,461.71825
2022-12-27T02:00:00.000000000,495.98,449.41137
2022-12-27T03:00:00.000000000,481.49,436.38538
2022-12-27T04:00:00.000000000,461.0,423.16475
2022-12-27T05:00:00.000000000,444.06,410.74454
2022-12-27T06:00:00.000000000,421.87,398.70339
2022-12-27T07:00:00.000000000,400.85,388.35327
2022-12-27T08:00:00.000000000,371.66,380.89109
2022-12-27T09:00:00.000000000,346.36,376.0905
2022-12-27T10:00:00.000000000,330.76,373.2632
2022-12-27T11:00:00.000000000,324.33,372.04662
2022-12-27T12:00:00.000000000,316.63,372.95894
2022-12-27T13:00:00.000000000,303.05,373.39912
2022-12-27T14:00:00.000000000,293.52,371.81042
2022-12-27T15:00:00.000000000,300.21,368.47504
2022-12-27T16:00:00.000000000,302.42,363.36743
2022-12-27T17:00:00.000000000,302.74,356.00627
2022-12-27T18:00:00.000000000,295.69,345.4343
2022-12-27T19:00:00.000000000,285.54,333.09304
2022-12-27T20:00:00.000000000,276.06,320.43708
2022-12-27T21:00:00.000000000,272.76,307.97165
2022-12-27T22:00:00.000000000,272.34,297.36392
2022-12-27T23:00:00.000000000,271.91,289.57768
2022-12-25T00:00:00.000000000,564.85,564.64169
2022-12-25T01:00:00.000000000,549.37,562.86035
2022-12-25T02:00:00.000000000,532.72,560.52171
2022-12-25T03:00:00.000000000,524.56,557.45688
2022-12-25T04:00:00.000000000,526.08,553.0584
2022-12-25T05:00:00.000000000,529.23,547.89204
2022-12-25T06:00:00.000000000,531.51,541.36321
2022-12-25T07:00:00.000000000,534.27,534.37846
2022-12-25T08:00:00.000000000,531.6,529.31025
2022-12-25T09:00:00.000000000,527.8,526.25937
2022-12-25T10:00:00.000000000,528.21,524.47977
2022-12-25T11:00:00.000000000,533.28,522.13825
2022-12-25T12:00:00.000000000,533.69,520.94772
2022-12-25T13:00:00.000000000,526.56,519.17376
2022-12-25T14:00:00.000000000,508.36,516.35078
2022-12-25T15:00:00.000000000,484.21,513.64956
2022-12-25T16:00:00.000000000,476.44,511.24554
2022-12-25T17:00:00.000000000,463.92,511.02509
2022-12-25T18:00:00.000000000,451.78,510.72371
2022-12-25T19:00:00.000000000,415.23,509.89688
2022-12-25T20:00:00.000000000,382.68,508.44935
2022-12-25T21:00:00.000000000,360.03,506.06706
2022-12-25T22:00:00.000000000,345.97,503.04835
2022-12-25T23:00:00.000000000,340.44,499.94322
2022-12-26T00:00:00.000000000,333.07,485.40336
2022-12-26T01:00:00.000000000,315.9,477.91115
2022-12-26T02:00:00.000000000,310.63,469.16464
2022-12-26T03:00:00.000000000,310.08,460.86582
2022-12-26T04:00:00.000000000,328.81,453.18493
2022-12-26T05:00:00.000000000,347.43,447.44454
2022-12-26T06:00:00.000000000,374.98,444.40098
2022-12-26T07:00:00.000000000,373.28,443.88825
2022-12-26T08:00:00.000000000,380.5,447.03832
2022-12-26T09:00:00.000000000,383.35,453.1753
2022-12-26T10:00:00.000000000,363.73,460.85202
2022-12-26T11:00:00.000000000,343.28,468.83623
2022-12-26T12:00:00.000000000,324.93,478.72862
2022-12-26T13:00:00.000000000,308.27,488.58422
2022-12-26T14:00:00.000000000,303.72,497.2095
2022-12-26T15:00:00.000000000,302.44,504.68911
2022-12-26T16:00:00.000000000,300.64,510.17155
2022-12-26T17:00:00.000000000,309.65,514.99057
2022-12-26T18:00:00.000000000,317.94,518.03499
2022-12-26T19:00:00.000000000,325.05,519.37165
2022-12-26T20:00:00.000000000,337.35,519.22717
2022-12-26T21:00:00.000000000,376.97,517.83587
2022-12-26T22:00:00.000000000,417.92,515.02897
2022-12-26T23:00:00.000000000,456.88,511.08954
2022-12-27T00:00:00.000000000,491.97,508.20565
2022-12-27T01:00:00.000000000,498.46,503.0842
2022-12-27T02:00:00.000000000,495.98,496.03556
2022-12-27T03:00:00.000000000,481.49,487.45454
2022-12-27T04:00:00.000000000,461.0,477.05782
2022-12-27T05:00:00.000000000,444.06,465.66611
2022-12-27T06:00:00.000000000,421.87,452.97892
2022-12-27T07:00:00.000000000,400.85,440.56831
2022-12-27T08:00:00.000000000,371.66,430.31165
2022-12-27T09:00:00.000000000,346.36,422.85197
2022-12-27T10:00:00.000000000,330.76,417.84476
2022-12-27T11:00:00.000000000,324.33,414.25822
2022-12-27T12:00:00.000000000,316.63,412.77166
2022-12-27T13:00:00.000000000,303.05,411.05933
2022-12-27T14:00:00.000000000,293.52,407.66492
2022-12-27T15:00:00.000000000,300.21,403.22253
2022-12-27T16:00:00.000000000,302.42,397.9982
2022-12-27T17:00:00.000000000,302.74,393.03492
2022-12-27T18:00:00.000000000,295.69,387.2466
2022-12-27T19:00:00.000000000,285.54,381.45178
2022-12-27T20:00:00.000000000,276.06,375.78177
2022-12-27T21:00:00.000000000,272.76,369.7469
2022-12-27T22:00:00.000000000,272.34,364.31355
2022-12-27T23:00:00.000000000,271.91,360.32031
2022-12-28T00:00:00.000000000,271.46,330.52635
2022-12-28T01:00:00.000000000,271.02,325.94453
2022-12-28T02:00:00.000000000,270.58,321.51707
2022-12-28T03:00:00.000000000,270.12,319.29445
2022-12-28T04:00:00.000000000,269.66,318.49752
2022-12-28T05:00:00.000000000,269.2,319.02338
2022-12-28T06:00:00.000000000,268.93,320.99319
2022-12-28T07:00:00.000000000,255.56,323.31392
2022-12-28T08:00:00.000000000,242.65,326.7668
2022-12-28T09:00:00.000000000,232.28,331.29818
2022-12-28T10:00:00.000000000,233.15,336.4995
2022-12-28T11:00:00.000000000,239.66,342.57869
2022-12-28T12:00:00.000000000,237.84,350.5014
2022-12-28T13:00:00.000000000,233.05,358.58373
2022-12-28T14:00:00.000000000,251.45,366.3861
2022-12-28T15:00:00.000000000,261.08,374.28909
2022-12-28T16:00:00.000000000,258.83,381.32977
2022-12-28T17:00:00.000000000,265.73,387.28579
2022-12-28T18:00:00.000000000,259.42,391.7905
2022-12-28T19:00:00.000000000,256.68,394.89307
2022-12-28T20:00:00.000000000,250.45,395.66242
2022-12-28T21:00:00.000000000,243.66,393.69252
2022-12-28T22:00:00.000000000,239.4,389.19739
2022-12-28T23:00:00.000000000,246.04,383.7271
2022-12-26T00:00:00.000000000,333.07,350.25258
2022-12-26T01:00:00.000000000,315.9,346.61072
2022-12-26T02:00:00.000000000,310.63,343.00049
2022-12-26T03:00:00.000000000,310.08,341.77997
2022-12-26T04:00:00.000000000,328.81,342.32151
2022-12-26T05:00:00.000000000,347.43,344.83848
2022-12-26T06:00:00.000000000,374.98,350.36006
2022-12-26T07:00:00.000000000,373.28,358.00764
2022-12-26T08:00:00.000000000,380.5,368.81409
2022-12-26T09:00:00.000000000,383.35,382.37037
2022-12-26T10:00:00.000000000,363.73,397.24746
2022-12-26T11:00:00.000000000,343.28,412.6922
2022-12-26T12:00:00.000000000,324.93,429.81752
2022-12-26T13:00:00.000000000,308.27,446.414
2022-12-26T14:00:00.000000000,303.72,461.08579
2022-12-26T15:00:00.000000000,302.44,473.57147
2022-12-26T16:00:00.000000000,300.64,483.15219
2022-12-26T17:00:00.000000000,309.65,491.03637
2022-12-26T18:00:00.000000000,317.94,497.13893
2022-12-26T19:00:00.000000000,325.05,500.86094
2022-12-26T20:00:00.000000000,337.35,501.58891
2022-12-26T21:00:00.000000000,376.97,499.4878
2022-12-26T22:00:00.000000000,417.92,494.45703
2022-12-26T23:00:00.000000000,456.88,487.4877
2022-12-27T00:00:00.000000000,491.97,488.55764
2022-12-27T01:00:00.000000000,498.46,481.17713
2022-12-27T02:00:00.000000000,495.98,471.21213
2022-12-27T03:00:00.000000000,481.49,459.46516
2022-12-27T04:00:00.000000000,461.0,446.01843
2022-12-27T05:00:00.000000000,444.06,431.92043
2022-12-27T06:00:00.000000000,421.87,417.37004
2022-12-27T07:00:00.000000000,400.85,403.76773
2022-12-27T08:00:00.000000000,371.66,392.98859
2022-12-27T09:00:00.000000000,346.36,385.61469
2022-12-27T10:00:00.000000000,330.76,381.42027
2022-12-27T11:00:00.000000000,324.33,379.55999
2022-12-27T12:00:00.000000000,316.63,380.8168
2022-12-27T13:00:00.000000000,303.05,382.69251
2022-12-27T14:00:00.000000000,293.52,383.6841
2022-12-27T15:00:00.000000000,300.21,384.15933
2022-12-27T16:00:00.000000000,302.42,384.09923
2022-12-27T17:00:00.000000000,302.74,383.9363
2022-12-27T18:00:00.000000000,295.69,382.26445
2022-12-27T19:00:00.000000000,285.54,379.65942
2022-12-27T20:00:00.000000000,276.06,376.01366
2022-12-27T21:00:00.000000000,272.76,370.97233
2022-12-27T22:00:00.000000000,272.34,365.63663
2022-12-27T23:00:00.000000000,271.91,361.03165
2022-12-28T00:00:00.000000000,271.46,330.1968
2022-12-28T01:00:00.000000000,271.02,324.61169
2022-12-28T02:00:00.000000000,270.58,318.67844
2022-12-28T03:00:00.000000000,270.12,314.63134
2022-12-28T04:00:00.000000000,269.66,312.04629
2022-12-28T05:00:00.000000000,269.2,311.00766
2022-12-28T06:00:00.000000000,268.93,311.82489
2022-12-28T07:00:00.000000000,255.56,313.47649
2022-12-28T08:00:00.000000000,242.65,316.72885
2022-12-28T09:00:00.000000000,232.28,321.39882
2022-12-28T10:00:00.000000000,233.15,326.9423
2022-12-28T11:00:00.000000000,239.66,333.51292
2022-12-28T12:00:00.000000000,237.84,341.97626
2022-12-28T13:00:00.000000000,233.05,350.60722
2022-12-28T14:00:00.000000000,251.45,359.04549
2022-12-28T15:00:00.000000000,261.08,367.68659
2022-12-28T16:00:00.000000000,258.83,375.49987
2022-12-28T17:00:00.000000000,265.73,381.93997
2022-12-28T18:00:00.000000000,259.42,386.50874
2022-12-28T19:00:00.000000000,256.68,389.2378
2022-12-28T20:00:00.000000000,250.45,389.38471
2022-12-28T21:00:00.000000000,243.66,386.79064
2022-12-28T22:00:00.000000000,239.4,381.84236
2022-12-28T23:00:00.000000000,246.04,376.04372
2022-12-29T00:00:00.000000000,256.77,341.65627
2022-12-29T01:00:00.000000000,256.24,335.09584
2022-12-29T02:00:00.000000000,259.14,327.65736
2022-12-29T03:00:00.000000000,259.77,321.63101
2022-12-29T04:00:00.000000000,251.87,317.08964
2022-12-29T05:00:00.000000000,246.97,314.11619
2022-12-29T06:00:00.000000000,237.72,312.90874
2022-12-29T07:00:00.000000000,220.5,312.75252
2022-12-29T08:00:00.000000000,206.05,314.35058
2022-12-29T09:00:00.000000000,201.8,317.36094
2022-12-29T10:00:00.000000000,201.92,321.30176
2022-12-29T11:00:00.000000000,196.65,326.27537
2022-12-29T12:00:00.000000000,198.25,333.09167
2022-12-29T13:00:00.000000000,202.78,339.88641
2022-12-29T14:00:00.000000000,204.32,346.05524
2022-12-29T15:00:00.000000000,209.61,351.98498
2022-12-29T16:00:00.000000000,221.6,356.77038
2022-12-29T17:00:00.000000000,228.56,359.72534
2022-12-29T18:00:00.000000000,228.01,360.62044
2022-12-29T19:00:00.000000000,225.81,360.0978
2022-12-29T20:00:00.000000000,228.56,358.06006
2022-12-29T21:00:00.000000000,250.69,354.69332
2022-12-29T22:00:00.000000000,258.3,350.59808
2022-12-29T23:00:00.000000000,275.06,346.86651
2022-12-27T00:00:00.000000000,491.97,486.55089
2022-12-27T01:00:00.000000000,498.46,475.10755
2022-12-27T02:00:00.000000000,495.98,461.30135
2022-12-27T03:00:00.000000000,481.49,446.41586
2022-12-27T04:00:00.000000000,461.0,430.72804
2022-12-27T05:00:00.000000000,444.06,415.2827
2022-12-27T06:00:00.000000000,421.87,399.81843
2022-12-27T07:00:00.000000000,400.85,386.07162
2022-12-27T08:00:00.000000000,371.66,375.43446
2022-12-27T09:00:00.000000000,346.36,367.82085
2022-12-27T10:00:00.000000000,330.76,362.5894
2022-12-27T11:00:00.000000000,324.33,359.21208
2022-12-27T12:00:00.000000000,316.63,358.24787
2022-12-27T13:00:00.000000000,303.05,356.9407
2022-12-27T14:00:00.000000000,293.52,353.54442
2022-12-27T15:00:00.000000000,300.21,348.48806
2022-12-27T16:00:00.000000000,302.42,342.17354
2022-12-27T17:00:00.000000000,302.74,334.15119
2022-12-27T18:00:00.000000000,295.69,323.46647
2022-12-27T19:00:00.000000000,285.54,311.5659
2022-12-27T20:00:00.000000000,276.06,299.63936
2022-12-27T21:00:00.000000000,272.76,287.73324
2022-12-27T22:00:00.000000000,272.34,277.51779
2022-12-27T23:00:00.000000000,271.91,269.95202
2022-12-28T00:00:00.000000000,271.46,246.83842
2022-12-28T01:00:00.000000000,271.02,242.72305
2022-12-28T02:00:00.000000000,270.58,240.3734
2022-12-28T03:00:00.000000000,270.12,241.7146
2022-12-28T04:00:00.000000000,269.66,245.72924
2022-12-28T05:00:00.000000000,269.2,250.85901
2022-12-28T06:00:00.000000000,268.93,256.21853
2022-12-28T07:00:00.000000000,255.56,260.45353
2022-12-28T08:00:00.000000000,242.65,264.21082
2022-12-28T09:00:00.000000000,232.28,267.7062
2022-12-28T10:00:00.000000000,233.15,271.0517
2022-12-28T11:00:00.000000000,239.66,274.99911
2022-12-28T12:00:00.000000000,237.84,279.76562
2022-12-28T13:00:00.000000000,233.05,283.29544
2022-12-28T14:00:00.000000000,251.45,284.61161
2022-12-28T15:00:00.000000000,261.08,284.51373
2022-12-28T16:00:00.000000000,258.83,282.80005
2022-12-28T17:00:00.000000000,265.73,278.40904
2022-12-28T18:00:00.000000000,259.42,272.53663
2022-12-28T19:00:00.000000000,256.68,266.52335
2022-12-28T20:00:00.000000000,250.45,260.20444
2022-12-28T21:00:00.000000000,243.66,253.7505
2022-12-28T22:00:00.000000000,239.4,248.2261
2022-12-28T23:00:00.000000000,246.04,244.95762
2022-12-29T00:00:00.000000000,256.77,246.9885
2022-12-29T01:00:00.000000000,256.24,245.24072
2022-12-29T02:00:00.000000000,259.14,242.83558
2022-12-29T03:00:00.000000000,259.77,241.77526
2022-12-29T04:00:00.000000000,251.87,241.10199
2022-12-29T05:00:00.000000000,246.97,241.04177
2022-12-29T06:00:00.000000000,237.72,242.85668
2022-12-29T07:00:00.000000000,220.5,246.86998
2022-12-29T08:00:00.000000000,206.05,254.21853
2022-12-29T09:00:00.000000000,201.8,264.10991
2022-12-29T10:00:00.000000000,201.92,276.08398
2022-12-29T11:00:00.000000000,196.65,289.94781
2022-12-29T12:00:00.000000000,198.25,306.57035
2022-12-29T13:00:00.000000000,202.78,323.43891
2022-12-29T14:00:00.000000000,204.32,340.1071
2022-12-29T15:00:00.000000000,209.61,356.71161
2022-12-29T16:00:00.000000000,221.6,371.96363
2022-12-29T17:00:00.000000000,228.56,385.84927
2022-12-29T18:00:00.000000000,228.01,398.06538
2022-12-29T19:00:00.000000000,225.81,408.28366
2022-12-29T20:00:00.000000000,228.56,415.52335
2022-12-29T21:00:00.000000000,250.69,419.53155
2022-12-29T22:00:00.000000000,258.3,421.03825
2022-12-29T23:00:00.000000000,275.06,421.33042
2022-12-30T00:00:00.000000000,304.62,418.87731
2022-12-30T01:00:00.000000000,308.86,414.71065
2022-12-30T02:00:00.000000000,311.33,410.51833
2022-12-30T03:00:00.000000000,316.51,408.31274
2022-12-30T04:00:00.000000000,331.31,407.67119
2022-12-30T05:00:00.000000000,344.61,409.18257
2022-12-30T06:00:00.000000000,369.05,413.6768
2022-12-30T07:00:00.000000000,404.76,420.42389
2022-12-30T08:00:00.000000000,447.77,430.27919
2022-12-30T09:00:00.000000000,479.33,442.56185
2022-12-30T10:00:00.000000000,499.0,455.4833
2022-12-30T11:00:00.000000000,517.51,468.03604
2022-12-30T12:00:00.000000000,521.74,481.81406
2022-12-30T13:00:00.000000000,503.22,495.15166
2022-12-30T14:00:00.000000000,491.81,506.5169
2022-12-30T15:00:00.000000000,484.62,515.68462
2022-12-30T16:00:00.000000000,498.4,521.76843
2022-12-30T17:00:00.000000000,518.23,526.57173
2022-12-30T18:00:00.000000000,509.26,529.99113
2022-12-30T19:00:00.000000000,487.92,531.6556
2022-12-30T20:00:00.000000000,468.31,531.09156
2022-12-30T21:00:00.000000000,456.79,528.38463
2022-12-30T22:00:00.000000000,443.38,523.49024
2022-12-30T23:00:00.000000000,418.82,517.06707
2022-12-28T00:00:00.000000000,271.46,260.14113
2022-12-28T01:00:00.000000000,271.02,255.92176
2022-12-28T02:00:00.000000000,270.58,252.18236
2022-12-28T03:00:00.000000000,270.12,250.82056
2022-12-28T04:00:00.000000000,269.66,250.94679
2022-12-28T05:00:00.000000000,269.2,251.61452
2022-12-28T06:00:00.000000000,268.93,252.87512
2022-12-28T07:00:00.000000000,255.56,253.82487
2022-12-28T08:00:00.000000000,242.65,255.50204
2022-12-28T09:00:00.000000000,232.28,257.94154
2022-12-28T10:00:00.000000000,233.15,260.95749
2022-12-28T11:00:00.000000000,239.66,265.01495
2022-12-28T12:00:00.000000000,237.84,270.44634
2022-12-28T13:00:00.000000000,233.05,275.3863
2022-12-28T14:00:00.000000000,251.45,279.67035
2022-12-28T15:00:00.000000000,261.08,284.53082
2022-12-28T16:00:00.000000000,258.83,289.44912
2022-12-28T17:00:00.000000000,265.73,293.18758
2022-12-28T18:00:00.000000000,259.42,295.99019
2022-12-28T19:00:00.000000000,256.68,298.30645
2022-12-28T20:00:00.000000000,250.45,299.17747
2022-12-28T21:00:00.000000000,243.66,298.47363
2022-12-28T22:00:00.000000000,239.4,296.92204
2022-12-28T23:00:00.000000000,246.04,295.84979
2022-12-29T00:00:00.000000000,256.77,280.33782
2022-12-29T01:00:00.000000000,256.24,276.01285
2022-12-29T02:00:00.000000000,259.14,269.9216
2022-12-29T03:00:00.000000000,259.77,264.61714
2022-12-29T04:00:00.000000000,251.87,259.87462
2022-12-29T05:00:00.000000000,246.97,256.5221
2022-12-29T06:00:00.000000000,237.72,256.1162
2022-12-29T07:00:00.000000000,220.5,259.17777
2022-12-29T08:00:00.000000000,206.05,266.51691
2022-12-29T09:00:00.000000000,201.8,276.82617
2022-12-29T10:00:00.000000000,201.92,289.41445
2022-12-29T11:00:00.000000000,196.65,303.84146
2022-12-29T12:00:00.000000000,198.25,321.06556
2022-12-29T13:00:00.000000000,202.78,338.6382
2022-12-29T14:00:00.000000000,204.32,356.14397
2022-12-29T15:00:00.000000000,209.61,373.44542
2022-12-29T16:00:00.000000000,221.6,389.05753
2022-12-29T17:00:00.000000000,228.56,402.93349
2022-12-29T18:00:00.000000000,228.01,414.52608
2022-12-29T19:00:00.000000000,225.81,423.71523
2022-12-29T20:00:00.000000000,228.56,430.05571
2022-12-29T21:00:00.000000000,250.69,433.52609
2022-12-29T22:00:00.000000000,258.3,434.65556
2022-12-29T23:00:00.000000000,275.06,434.50805
2022-12-30T00:00:00.000000000,304.62,450.64391
2022-12-30T01:00:00.000000000,308.86,449.18171
2022-12-30T02:00:00.000000000,311.33,448.09488
2022-12-30T03:00:00.000000000,316.51,448.28322
2022-12-30T04:00:00.000000000,331.31,449.12578
2022-12-30T05:00:00.000000000,344.61,451.09337
2022-12-30T06:00:00.000000000,369.05,454.66154
2022-12-30T07:00:00.000000000,404.76,459.56139
2022-12-30T08:00:00.000000000,447.77,466.91728
2022-12-30T09:00:00.000000000,479.33,475.86219
2022-12-30T10:00:00.000000000,499.0,484.78236
2022-12-30T11:00:00.000000000,517.51,492.40117
2022-12-30T12:00:00.000000000,521.74,500.63806
2022-12-30T13:00:00.000000000,503.22,508.34349
2022-12-30T14:00:00.000000000,491.81,514.73843
2022-12-30T15:00:00.000000000,484.62,520.04963
2022-12-30T16:00:00.000000000,498.4,523.21941
2022-12-30T17:00:00.000000000,518.23,525.92076
2022-12-30T18:00:00.000000000,509.26,527.34692
2022-12-30T19:00:00.000000000,487.92,526.85855
2022-12-30T20:00:00.000000000,468.31,524.20957
2022-12-30T21:00:00.000000000,456.79,519.61364
2022-12-30T22:00:00.000000000,443.38,513.57502
2022-12-30T23:00:00.000000000,418.82,507.11965
2022-12-31T00:00:00.000000000,381.29,484.09545
2022-12-31T01:00:00.000000000,316.26,476.48774
2022-12-31T02:00:00.000000000,272.1,467.42867
2022-12-31T03:00:00.000000000,243.28,458.19346
2022-12-31T04:00:00.000000000,227.39,448.84766
2022-12-31T05:00:00.000000000,222.81,440.49345
2022-12-31T06:00:00.000000000,217.94,433.63618
2022-12-31T07:00:00.000000000,214.44,428.66837
2022-12-31T08:00:00.000000000,210.27,427.34236
2022-12-31T09:00:00.000000000,210.2,429.57634
2022-12-31T10:00:00.000000000,207.66,434.22129
2022-12-31T11:00:00.000000000,217.89,440.11997
2022-12-31T12:00:00.000000000,232.46,448.16893
2022-12-31T13:00:00.000000000,232.1,456.11621
2022-12-31T14:00:00.000000000,230.68,462.6546
2022-12-31T15:00:00.000000000,251.73,467.89226
2022-12-31T16:00:00.000000000,285.36,471.17946
2022-12-31T17:00:00.000000000,346.45,473.41118
2022-12-31T18:00:00.000000000,387.59,473.42105
2022-12-31T19:00:00.000000000,411.75,471.37176
2022-12-31T20:00:00.000000000,427.54,467.74952
2022-12-31T21:00:00.000000000,436.96,463.00147
2022-12-31T22:00:00.000000000,434.76,457.56971
2022-12-31T23:00:00.000000000,440.54,452.25905
