datetime,carbon_intensity_actual,avg_carbon_intensity_forecast
2022-07-01T00:00:00.000000000,40.47,38.06232
2022-07-01T01:00:00.000000000,40.54,37.86208
2022-07-01T02:00:00.000000000,41.59,37.89011
2022-07-01T03:00:00.000000000,41.66,38.0875
2022-07-01T04:00:00.000000000,41.18,38.15183
2022-07-01T05:00:00.000000000,40.62,38.37007
2022-07-01T06:00:00.000000000,31.98,38.65001
2022-07-01T07:00:00.000000000,31.2,38.84772
2022-07-01T08:00:00.000000000,30.66,38.93771
2022-07-01T09:00:00.000000000,31.39,39.07823
2022-07-01T10:00:00.000000000,31.54,39.22673
2022-07-01T11:00:00.000000000,32.35,39.28009
2022-07-01T12:00:00.000000000,32.26,39.2427
2022-07-01T13:00:00.000000000,32.08,39.29427
2022-07-01T14:00:00.000000000,31.96,39.48536
2022-07-01T15:00:00.000000000,32.09,39.66352
2022-07-01T16:00:00.000000000,32.14,39.90591
2022-07-01T17:00:00.000000000,32.0,39.98523
2022-07-01T18:00:00.000000000,32.03,39.94958
2022-07-01T19:00:00.000000000,32.77,39.94317
2022-07-01T20:00:00.000000000,32.51,40.17425
2022-07-01T21:00:00.000000000,32.45,40.25408
2022-07-01T22:00:00.000000000,32.47,40.11666
2022-07-01T23:00:00.000000000,32.42,40.25262
2022-07-02T00:00:00.000000000,32.16,35.19581
2022-07-02T01:00:00.000000000,31.99,35.07475
2022-07-02T02:00:00.000000000,31.68,35.16862
2022-07-02T03:00:00.000000000,30.57,35.41272
2022-07-02T04:00:00.000000000,30.19,35.47507
2022-07-02T05:00:00.000000000,30.16,35.68596
2022-07-02T06:00:00.000000000,29.94,35.93125
2022-07-02T07:00:00.000000000,30.7,36.08626
2022-07-02T08:00:00.000000000,31.7,36.12612
2022-07-02T09:00:00.000000000,31.72,36.20896
2022-07-02T10:00:00.000000000,31.61,36.31683
2022-07-02T11:00:00.000000000,31.78,36.3729
2022-07-02T12:00:00.000000000,31.93,36.36935
2022-07-02T13:00:00.000000000,31.91,36.43827
2022-07-02T14:00:00.000000000,31.78,36.5882
2022-07-02T15:00:00.000000000,32.11,36.66981
2022-07-02T16:00:00.000000000,31.9,36.81678
2022-07-02T17:00:00.000000000,31.96,36.82747
2022-07-02T18:00:00.000000000,32.08,36.73003
2022-07-02T19:00:00.000000000,32.07,36.67049
2022-07-02T20:00:00.000000000,31.98,36.88336
2022-07-02T21:00:00.000000000,31.93,36.96415
2022-07-02T22:00:00.000000000,31.64,36.91743
2022-07-02T23:00:00.000000000,31.76,37.17442
2022-07-03T00:00:00.000000000,31.41,31.19776
2022-07-03T01:00:00.000000000,30.92,30.99883
2022-07-03T02:00:00.000000000,30.68,30.97826
2022-07-03T03:00:00.000000000,30.96,31.13283
2022-07-03T04:00:00.000000000,30.59,31.1079
2022-07-03T05:00:00.000000000,29.8,31.27301
2022-07-03T06:00:00.000000000,30.29,31.47369
2022-07-03T07:00:00.000000000,30.59,31.60277
2022-07-03T08:00:00.000000000,30.46,31.6395
2022-07-03T09:00:00.000000000,30.85,31.67554
2022-07-03T10:00:00.000000000,30.48,31.75342
2022-07-03T11:00:00.000000000,30.32,31.84702
2022-07-03T12:00:00.000000000,29.87,31.91357
2022-07-03T13:00:00.000000000,29.82,31.95314
2022-07-03T14:00:00.000000000,30.39,31.93181
2022-07-03T15:00:00.000000000,30.66,31.78494
2022-07-03T16:00:00.000000000,30.54,31.76716
2022-07-03T17:00:00.000000000,30.56,31.687
2022-07-03T18:00:00.000000000,30.48,31.51977
2022-07-03T19:00:00.000000000,30.87,31.40639
2022-07-03T20:00:00.000000000,30.71,31.61248
2022-07-03T21:00:00.000000000,31.14,31.72409
2022-07-03T22:00:00.000000000,31.0,31.87508
2022-07-03T23:00:00.000000000,30.65,32.31875
2022-07-04T00:00:00.000000000,30.35,30.76576
2022-07-04T01:00:00.000000000,30.39,30.53419
2022-07-04T02:00:00.000000000,29.87,30.4823
2022-07-04T03:00:00.000000000,29.89,30.60685
2022-07-04T04:00:00.000000000,30.18,30.55143
2022-07-04T05:00:00.000000000,29.93,30.68497
2022-07-04T06:00:00.000000000,29.63,30.86844
2022-07-04T07:00:00.000000000,30.4,30.98865
2022-07-04T08:00:00.000000000,30.28,31.02628
2022-07-04T09:00:00.000000000,30.81,31.03916
2022-07-04T10:00:00.000000000,30.9,31.1078
2022-07-04T11:00:00.000000000,31.11,31.24864
2022-07-04T12:00:00.000000000,30.94,31.43712
2022-07-04T13:00:00.000000000,30.9,31.60826
2022-07-04T14:00:00.000000000,31.19,31.71721
2022-07-04T15:00:00.000000000,31.14,31.67272
2022-07-04T16:00:00.000000000,31.54,31.72526
2022-07-04T17:00:00.000000000,31.81,31.67239
2022-07-04T18:00:00.000000000,31.72,31.48583
2022-07-04T19:00:00.000000000,31.74,31.30131
2022-07-04T20:00:00.000000000,32.44,31.38038
2022-07-04T21:00:00.000000000,33.35,31.34061
2022-07-04T22:00:00.000000000,32.83,31.36961
2022-07-04T23:00:00.000000000,33.01,31.723
2022-07-02T00:00:00.000000000,32.16,30.78673
2022-07-02T01:00:00.000000000,31.99,30.55686
2022-07-02T02:00:00.000000000,31.68,30.50644
2022-07-02T03:00:00.000000000,30.57,30.63248
2022-07-02T04:00:00.000000000,30.19,30.57873
2022-07-02T05:00:00.000000000,30.16,30.71423
2022-07-02T06:00:00.000000000,29.94,30.89874
2022-07-02T07:00:00.000000000,30.7,31.01958
2022-07-02T08:00:00.000000000,31.7,31.05736
2022-07-02T09:00:00.000000000,31.72,31.07195
2022-07-02T10:00:00.000000000,31.61,31.14131
2022-07-02T11:00:00.000000000,31.78,31.27906
2022-07-02T12:00:00.000000000,31.93,31.45923
2022-07-02T13:00:00.000000000,31.91,31.62097
2022-07-02T14:00:00.000000000,31.78,31.7201
2022-07-02T15:00:00.000000000,32.11,31.66758
2022-07-02T16:00:00.000000000,31.9,31.71452
2022-07-02T17:00:00.000000000,31.96,31.6593
2022-07-02T18:00:00.000000000,32.08,31.47377
2022-07-02T19:00:00.000000000,32.07,31.2941
2022-07-02T20:00:00.000000000,31.98,31.38213
2022-07-02T21:00:00.000000000,31.93,31.35316
2022-07-02T22:00:00.000000000,31.64,31.39142
2022-07-02T23:00:00.000000000,31.76,31.75171
2022-07-03T00:00:00.000000000,31.41,30.76576
2022-07-03T01:00:00.000000000,30.92,30.53419
2022-07-03T02:00:00.000000000,30.68,30.4823
2022-07-03T03:00:00.000000000,30.96,30.60685
2022-07-03T04:00:00.000000000,30.59,30.55143
2022-07-03T05:00:00.000000000,29.8,30.68497
2022-07-03T06:00:00.000000000,30.29,30.86844
2022-07-03T07:00:00.000000000,30.59,30.98865
2022-07-03T08:00:00.000000000,30.46,31.02628
2022-07-03T09:00:00.000000000,30.85,31.03916
2022-07-03T10:00:00.000000000,30.48,31.1078
2022-07-03T11:00:00.000000000,30.32,31.24864
2022-07-03T12:00:00.000000000,29.87,31.43712
2022-07-03T13:00:00.000000000,29.82,31.60826
2022-07-03T14:00:00.000000000,30.39,31.71721
2022-07-03T15:00:00.000000000,30.66,31.67272
2022-07-03T16:00:00.000000000,30.54,31.72526
2022-07-03T17:00:00.000000000,30.56,31.67239
2022-07-03T18:00:00.000000000,30.48,31.48583
2022-07-03T19:00:00.000000000,30.87,31.30131
2022-07-03T20:00:00.000000000,30.71,31.38038
2022-07-03T21:00:00.000000000,31.14,31.34061
2022-07-03T22:00:00.000000000,31.0,31.36961
2022-07-03T23:00:00.000000000,30.65,31.723
2022-07-04T00:00:00.000000000,30.35,30.76576
2022-07-04T01:00:00.000000000,30.39,30.53419
2022-07-04T02:00:00.000000000,29.87,30.4823
2022-07-04T03:00:00.000000000,29.89,30.60685
2022-07-04T04:00:00.000000000,30.18,30.55143
2022-07-04T05:00:00.000000000,29.93,30.68497
2022-07-04T06:00:00.000000000,29.63,30.86844
2022-07-04T07:00:00.000000000,30.4,30.98865
2022-07-04T08:00:00.000000000,30.28,31.02628
2022-07-04T09:00:00.000000000,30.81,31.03916
2022-07-04T10:00:00.000000000,30.9,31.1078
2022-07-04T11:00:00.000000000,31.11,31.24864
2022-07-04T12:00:00.000000000,30.94,31.43712
2022-07-04T13:00:00.000000000,30.9,31.60826
2022-07-04T14:00:00.000000000,31.19,31.71721
2022-07-04T15:00:00.000000000,31.14,31.67272
2022-07-04T16:00:00.000000000,31.54,31.72526
2022-07-04T17:00:00.000000000,31.81,31.67239
2022-07-04T18:00:00.000000000,31.72,31.48583
2022-07-04T19:00:00.000000000,31.74,31.30131
2022-07-04T20:00:00.000000000,32.44,31.38038
2022-07-04T21:00:00.000000000,33.35,31.34061
2022-07-04T22:00:00.000000000,32.83,31.36961
2022-07-04T23:00:00.000000000,33.01,31.723
2022-07-05T00:00:00.000000000,32.89,30.80917
2022-07-05T01:00:00.000000000,32.65,30.58111
2022-07-05T02:00:00.000000000,32.52,30.53224
2022-07-05T03:00:00.000000000,32.91,30.65988
2022-07-05T04:00:00.000000000,33.15,30.60791
2022-07-05T05:00:00.000000000,33.34,30.74551
2022-07-05T06:00:00.000000000,33.33,30.93113
2022-07-05T07:00:00.000000000,33.62,31.05265
2022-07-05T08:00:00.000000000,34.18,31.0906
2022-07-05T09:00:00.000000000,34.49,31.10698
2022-07-05T10:00:00.000000000,34.93,31.17711
2022-07-05T11:00:00.000000000,35.25,31.31156
2022-07-05T12:00:00.000000000,36.57,31.48291
2022-07-05T13:00:00.000000000,43.28,31.63462
2022-07-05T14:00:00.000000000,52.93,31.72332
2022-07-05T15:00:00.000000000,52.75,31.66227
2022-07-05T16:00:00.000000000,52.39,31.70329
2022-07-05T17:00:00.000000000,52.73,31.6456
2022-07-05T18:00:00.000000000,52.79,31.46122
2022-07-05T19:00:00.000000000,51.04,31.28672
2022-07-05T20:00:00.000000000,52.86,31.38429
2022-07-05T21:00:00.000000000,53.73,31.36681
2022-07-05T22:00:00.000000000,51.8,31.4149
2022-07-05T23:00:00.000000000,51.25,31.78249
2022-07-03T00:00:00.000000000,31.41,30.76576
2022-07-03T01:00:00.000000000,30.92,30.53419
2022-07-03T02:00:00.000000000,30.68,30.4823
2022-07-03T03:00:00.000000000,30.96,30.60685
2022-07-03T04:00:00.000000000,30.59,30.55143
2022-07-03T05:00:00.000000000,29.8,30.68497
2022-07-03T06:00:00.000000000,30.29,30.86844
2022-07-03T07:00:00.000000000,30.59,30.98865
2022-07-03T08:00:00.000000000,30.46,31.02628
2022-07-03T09:00:00.000000000,30.85,31.03916
2022-07-03T10:00:00.000000000,30.48,31.1078
2022-07-03T11:00:00.000000000,30.32,31.24864
2022-07-03T12:00:00.000000000,29.87,31.43712
2022-07-03T13:00:00.000000000,29.82,31.60826
2022-07-03T14:00:00.000000000,30.39,31.71721
2022-07-03T15:00:00.000000000,30.66,31.67272
2022-07-03T16:00:00.000000000,30.54,31.72526
2022-07-03T17:00:00.000000000,30.56,31.67239
2022-07-03T18:00:00.000000000,30.48,31.48583
2022-07-03T19:00:00.000000000,30.87,31.30131
2022-07-03T20:00:00.000000000,30.71,31.38038
2022-07-03T21:00:00.000000000,31.14,31.34061
2022-07-03T22:00:00.000000000,31.0,31.36961
2022-07-03T23:00:00.000000000,30.65,31.723
2022-07-04T00:00:00.000000000,30.35,30.76576
2022-07-04T01:00:00.000000000,30.39,30.53419
2022-07-04T02:00:00.000000000,29.87,30.4823
2022-07-04T03:00:00.000000000,29.89,30.60685
2022-07-04T04:00:00.000000000,30.18,30.55143
2022-07-04T05:00:00.000000000,29.93,30.68497
2022-07-04T06:00:00.000000000,29.63,30.86844
2022-07-04T07:00:00.000000000,30.4,30.98865
2022-07-04T08:00:00.000000000,30.28,31.02628
2022-07-04T09:00:00.000000000,30.81,31.03916
2022-07-04T10:00:00.000000000,30.9,31.1078
2022-07-04T11:00:00.000000000,31.11,31.24864
2022-07-04T12:00:00.000000000,30.94,31.43712
2022-07-04T13:00:00.000000000,30.9,31.60826
2022-07-04T14:00:00.000000000,31.19,31.71721
2022-07-04T15:00:00.000000000,31.14,31.67272
2022-07-04T16:00:00.000000000,31.54,31.72526
2022-07-04T17:00:00.000000000,31.81,31.67239
2022-07-04T18:00:00.000000000,31.72,31.48583
2022-07-04T19:00:00.000000000,31.74,31.30131
2022-07-04T20:00:00.000000000,32.44,31.38038
2022-07-04T21:00:00.000000000,33.35,31.34061
2022-07-04T22:00:00.000000000,32.83,31.36961
2022-07-04T23:00:00.000000000,33.01,31.723
2022-07-05T00:00:00.000000000,32.89,30.76576
2022-07-05T01:00:00.000000000,32.65,30.53419
2022-07-05T02:00:00.000000000,32.52,30.4823
2022-07-05T03:00:00.000000000,32.91,30.60685
2022-07-05T04:00:00.000000000,33.15,30.55143
2022-07-05T05:00:00.000000000,33.34,30.68497
2022-07-05T06:00:00.000000000,33.33,30.86844
2022-07-05T07:00:00.000000000,33.62,30.98865
2022-07-05T08:00:00.000000000,34.18,31.02628
2022-07-05T09:00:00.000000000,34.49,31.03916
2022-07-05T10:00:00.000000000,34.93,31.1078
2022-07-05T11:00:00.000000000,35.25,31.24864
2022-07-05T12:00:00.000000000,36.57,31.43712
2022-07-05T13:00:00.000000000,43.28,31.60826
2022-07-05T14:00:00.000000000,52.93,31.71721
2022-07-05T15:00:00.000000000,52.75,31.67272
2022-07-05T16:00:00.000000000,52.39,31.72526
2022-07-05T17:00:00.000000000,52.73,31.67239
2022-07-05T18:00:00.000000000,52.79,31.48583
2022-07-05T19:00:00.000000000,51.04,31.30131
2022-07-05T20:00:00.000000000,52.86,31.38038
2022-07-05T21:00:00.000000000,53.73,31.34061
2022-07-05T22:00:00.000000000,51.8,31.36961
2022-07-05T23:00:00.000000000,51.25,31.723
2022-07-06T00:00:00.000000000,52.81,30.76576
2022-07-06T01:00:00.000000000,51.68,30.53419
2022-07-06T02:00:00.000000000,51.31,30.4823
2022-07-06T03:00:00.000000000,51.03,30.60685
2022-07-06T04:00:00.000000000,51.28,30.55143
2022-07-06T05:00:00.000000000,48.88,30.68497
2022-07-06T06:00:00.000000000,45.07,30.86844
2022-07-06T07:00:00.000000000,32.95,30.98865
2022-07-06T08:00:00.000000000,32.52,31.02628
2022-07-06T09:00:00.000000000,33.02,31.03916
2022-07-06T10:00:00.000000000,33.05,31.1078
2022-07-06T11:00:00.000000000,33.18,31.24864
2022-07-06T12:00:00.000000000,34.58,31.43712
2022-07-06T13:00:00.000000000,41.37,31.60826
2022-07-06T14:00:00.000000000,49.93,31.71721
2022-07-06T15:00:00.000000000,50.29,31.67272
2022-07-06T16:00:00.000000000,50.25,31.72526
2022-07-06T17:00:00.000000000,49.84,31.67239
2022-07-06T18:00:00.000000000,49.74,31.48583
2022-07-06T19:00:00.000000000,49.39,31.30131
2022-07-06T20:00:00.000000000,49.83,31.38038
2022-07-06T21:00:00.000000000,51.92,31.34061
2022-07-06T22:00:00.000000000,52.31,31.36961
2022-07-06T23:00:00.000000000,52.69,31.723
2022-07-04T00:00:00.000000000,30.35,30.76576
2022-07-04T01:00:00.000000000,30.39,30.53419
2022-07-04T02:00:00.000000000,29.87,30.4823
2022-07-04T03:00:00.000000000,29.89,30.60685
2022-07-04T04:00:00.000000000,30.18,30.55143
2022-07-04T05:00:00.000000000,29.93,30.68497
2022-07-04T06:00:00.000000000,29.63,30.86844
2022-07-04T07:00:00.000000000,30.4,30.98865
2022-07-04T08:00:00.000000000,30.28,31.02628
2022-07-04T09:00:00.000000000,30.81,31.03916
2022-07-04T10:00:00.000000000,30.9,31.1078
2022-07-04T11:00:00.000000000,31.11,31.24864
2022-07-04T12:00:00.000000000,30.94,31.43712
2022-07-04T13:00:00.000000000,30.9,31.60826
2022-07-04T14:00:00.000000000,31.19,31.71721
2022-07-04T15:00:00.000000000,31.14,31.67272
2022-07-04T16:00:00.000000000,31.54,31.72526
2022-07-04T17:00:00.000000000,31.81,31.67239
2022-07-04T18:00:00.000000000,31.72,31.48583
2022-07-04T19:00:00.000000000,31.74,31.30131
2022-07-04T20:00:00.000000000,32.44,31.38038
2022-07-04T21:00:00.000000000,33.35,31.34061
2022-07-04T22:00:00.000000000,32.83,31.36961
2022-07-04T23:00:00.000000000,33.01,31.723
2022-07-05T00:00:00.000000000,32.89,30.76576
2022-07-05T01:00:00.000000000,32.65,30.53419
2022-07-05T02:00:00.000000000,32.52,30.4823
2022-07-05T03:00:00.000000000,32.91,30.60685
2022-07-05T04:00:00.000000000,33.15,30.55143
2022-07-05T05:00:00.000000000,33.34,30.68497
2022-07-05T06:00:00.000000000,33.33,30.86844
2022-07-05T07:00:00.000000000,33.62,30.98865
2022-07-05T08:00:00.000000000,34.18,31.02628
2022-07-05T09:00:00.000000000,34.49,31.03916
2022-07-05T10:00:00.000000000,34.93,31.1078
2022-07-05T11:00:00.000000000,35.25,31.24864
2022-07-05T12:00:00.000000000,36.57,31.43712
2022-07-05T13:00:00.000000000,43.28,31.60826
2022-07-05T14:00:00.000000000,52.93,31.71721
2022-07-05T15:00:00.000000000,52.75,31.67272
2022-07-05T16:00:00.000000000,52.39,31.72526
2022-07-05T17:00:00.000000000,52.73,31.67239
2022-07-05T18:00:00.000000000,52.79,31.48583
2022-07-05T19:00:00.000000000,51.04,31.30131
2022-07-05T20:00:00.000000000,52.86,31.38038
2022-07-05T21:00:00.000000000,53.73,31.34061
2022-07-05T22:00:00.000000000,51.8,31.36961
2022-07-05T23:00:00.000000000,51.25,31.723
2022-07-06T00:00:00.000000000,52.81,30.76576
2022-07-06T01:00:00.000000000,51.68,30.53419
2022-07-06T02:00:00.000000000,51.31,30.4823
2022-07-06T03:00:00.000000000,51.03,30.60685
2022-07-06T04:00:00.000000000,51.28,30.55143
2022-07-06T05:00:00.000000000,48.88,30.68497
2022-07-06T06:00:00.000000000,45.07,30.86844
2022-07-06T07:00:00.000000000,32.95,30.98865
2022-07-06T08:00:00.000000000,32.52,31.02628
2022-07-06T09:00:00.000000000,33.02,31.03916
2022-07-06T10:00:00.000000000,33.05,31.1078
2022-07-06T11:00:00.000000000,33.18,31.24864
2022-07-06T12:00:00.000000000,34.58,31.43712
2022-07-06T13:00:00.000000000,41.37,31.60826
2022-07-06T14:00:00.000000000,49.93,31.71721
2022-07-06T15:00:00.000000000,50.29,31.67272
2022-07-06T16:00:00.000000000,50.25,31.72526
2022-07-06T17:00:00.000000000,49.84,31.67239
2022-07-06T18:00:00.000000000,49.74,31.48583
2022-07-06T19:00:00.000000000,49.39,31.30131
2022-07-06T20:00:00.000000000,49.83,31.38038
2022-07-06T21:00:00.000000000,51.92,31.34061
2022-07-06T22:00:00.000000000,52.31,31.36961
2022-07-06T23:00:00.000000000,52.69,31.723
2022-07-07T00:00:00.000000000,51.99,30.76576
2022-07-07T01:00:00.000000000,51.3,30.53419
2022-07-07T02:00:00.000000000,49.98,30.4823
2022-07-07T03:00:00.000000000,48.73,30.60685
2022-07-07T04:00:00.000000000,48.15,30.55143
2022-07-07T05:00:00.000000000,46.57,30.68497
2022-07-07T06:00:00.000000000,39.97,30.86844
2022-07-07T07:00:00.000000000,38.72,30.98865
2022-07-07T08:00:00.000000000,38.34,31.02628
2022-07-07T09:00:00.000000000,38.97,31.03916
2022-07-07T10:00:00.000000000,40.76,31.1078
2022-07-07T11:00:00.000000000,40.93,31.24864
2022-07-07T12:00:00.000000000,40.37,31.43712
2022-07-07T13:00:00.000000000,43.24,31.60826
2022-07-07T14:00:00.000000000,49.03,31.71721
2022-07-07T15:00:00.000000000,51.42,31.67272
2022-07-07T16:00:00.000000000,51.58,31.72526
2022-07-07T17:00:00.000000000,53.83,31.67239
2022-07-07T18:00:00.000000000,55.19,31.48583
2022-07-07T19:00:00.000000000,56.97,31.30131
2022-07-07T20:00:00.000000000,58.35,31.38038
2022-07-07T21:00:00.000000000,58.96,31.34061
2022-07-07T22:00:00.000000000,58.78,31.36961
2022-07-07T23:00:00.000000000,57.84,31.723
2022-07-05T00:00:00.000000000,32.89,30.85954
2022-07-05T01:00:00.000000000,32.65,30.63543
2022-07-05T02:00:00.000000000,32.52,30.58997
2022-07-05T03:00:00.000000000,32.91,30.72116
2022-07-05T04:00:00.000000000,33.15,30.6732
2022-07-05T05:00:00.000000000,33.34,30.81549
2022-07-05T06:00:00.000000000,33.33,31.00367
2022-07-05T07:00:00.000000000,33.62,31.12671
2022-07-05T08:00:00.000000000,34.18,31.16503
2022-07-05T09:00:00.000000000,34.49,31.18537
2022-07-05T10:00:00.000000000,34.93,31.25714
2022-07-05T11:00:00.000000000,35.25,31.38425
2022-07-05T12:00:00.000000000,36.57,31.53594
2022-07-05T13:00:00.000000000,43.28,31.66542
2022-07-05T14:00:00.000000000,52.93,31.73099
2022-07-05T15:00:00.000000000,52.75,31.65111
2022-07-05T16:00:00.000000000,52.39,31.67915
2022-07-05T17:00:00.000000000,52.73,31.61616
2022-07-05T18:00:00.000000000,52.79,31.43447
2022-07-05T19:00:00.000000000,51.04,31.2715
2022-07-05T20:00:00.000000000,52.86,31.39024
2022-07-05T21:00:00.000000000,53.73,31.39824
2022-07-05T22:00:00.000000000,51.8,31.46804
2022-07-05T23:00:00.000000000,51.25,31.85176
2022-07-06T00:00:00.000000000,52.81,30.76576
2022-07-06T01:00:00.000000000,51.68,30.53419
2022-07-06T02:00:00.000000000,51.31,30.4823
2022-07-06T03:00:00.000000000,51.03,30.60685
2022-07-06T04:00:00.000000000,51.28,30.55143
2022-07-06T05:00:00.000000000,48.88,30.68497
2022-07-06T06:00:00.000000000,45.07,30.86844
2022-07-06T07:00:00.000000000,32.95,30.98865
2022-07-06T08:00:00.000000000,32.52,31.02628
2022-07-06T09:00:00.000000000,33.02,31.03916
2022-07-06T10:00:00.000000000,33.05,31.1078
2022-07-06T11:00:00.000000000,33.18,31.24864
2022-07-06T12:00:00.000000000,34.58,31.43712
2022-07-06T13:00:00.000000000,41.37,31.60826
2022-07-06T14:00:00.000000000,49.93,31.71721
2022-07-06T15:00:00.000000000,50.29,31.67272
2022-07-06T16:00:00.000000000,50.25,31.72526
2022-07-06T17:00:00.000000000,49.84,31.67239
2022-07-06T18:00:00.000000000,49.74,31.48583
2022-07-06T19:00:00.000000000,49.39,31.30131
2022-07-06T20:00:00.000000000,49.83,31.38038
2022-07-06T21:00:00.000000000,51.92,31.34061
2022-07-06T22:00:00.000000000,52.31,31.36961
2022-07-06T23:00:00.000000000,52.69,31.723
2022-07-07T00:00:00.000000000,51.99,30.76576
2022-07-07T01:00:00.000000000,51.3,30.53419
2022-07-07T02:00:00.000000000,49.98,30.4823
2022-07-07T03:00:00.000000000,48.73,30.60685
2022-07-07T04:00:00.000000000,48.15,30.55143
2022-07-07T05:00:00.000000000,46.57,30.68497
2022-07-07T06:00:00.000000000,39.97,30.86844
2022-07-07T07:00:00.000000000,38.72,30.98865
2022-07-07T08:00:00.000000000,38.34,31.02628
2022-07-07T09:00:00.000000000,38.97,31.03916
2022-07-07T10:00:00.000000000,40.76,31.1078
2022-07-07T11:00:00.000000000,40.93,31.24864
2022-07-07T12:00:00.000000000,40.37,31.43712
2022-07-07T13:00:00.000000000,43.24,31.60826
2022-07-07T14:00:00.000000000,49.03,31.71721
2022-07-07T15:00:00.000000000,51.42,31.67272
2022-07-07T16:00:00.000000000,51.58,31.72526
2022-07-07T17:00:00.000000000,53.83,31.67239
2022-07-07T18:00:00.000000000,55.19,31.48583
2022-07-07T19:00:00.000000000,56.97,31.30131
2022-07-07T20:00:00.000000000,58.35,31.38038
2022-07-07T21:00:00.000000000,58.96,31.34061
2022-07-07T22:00:00.000000000,58.78,31.36961
2022-07-07T23:00:00.000000000,57.84,31.723
2022-07-08T00:00:00.000000000,57.31,30.76576
2022-07-08T01:00:00.000000000,55.16,30.53419
2022-07-08T02:00:00.000000000,53.79,30.4823
2022-07-08T03:00:00.000000000,53.89,30.60685
2022-07-08T04:00:00.000000000,53.32,30.55143
2022-07-08T05:00:00.000000000,53.22,30.68497
2022-07-08T06:00:00.000000000,51.59,30.86844
2022-07-08T07:00:00.000000000,40.64,30.98865
2022-07-08T08:00:00.000000000,40.48,31.02628
2022-07-08T09:00:00.000000000,41.26,31.03916
2022-07-08T10:00:00.000000000,41.46,31.1078
2022-07-08T11:00:00.000000000,41.83,31.24864
2022-07-08T12:00:00.000000000,43.42,31.43712
2022-07-08T13:00:00.000000000,50.02,31.60826
2022-07-08T14:00:00.000000000,55.19,31.71721
2022-07-08T15:00:00.000000000,54.88,31.67272
2022-07-08T16:00:00.000000000,54.89,31.72526
2022-07-08T17:00:00.000000000,54.83,31.67239
2022-07-08T18:00:00.000000000,55.13,31.48583
2022-07-08T19:00:00.000000000,56.24,31.30131
2022-07-08T20:00:00.000000000,56.49,31.38038
2022-07-08T21:00:00.000000000,57.06,31.34061
2022-07-08T22:00:00.000000000,56.34,31.36961
2022-07-08T23:00:00.000000000,55.87,31.723
2022-07-06T00:00:00.000000000,52.81,48.96367
2022-07-06T01:00:00.000000000,51.68,48.50519
2022-07-06T02:00:00.000000000,51.31,48.22396
2022-07-06T03:00:00.000000000,51.03,48.12081
2022-07-06T04:00:00.000000000,51.28,48.01178
2022-07-06T05:00:00.000000000,48.88,48.07507
2022-07-06T06:00:00.000000000,45.07,48.31508
2022-07-06T07:00:00.000000000,32.95,48.54364
2022-07-06T08:00:00.000000000,32.52,48.76736
2022-07-06T09:00:00.000000000,33.02,49.06983
2022-07-06T10:00:00.000000000,33.05,49.4089
2022-07-06T11:00:00.000000000,33.18,49.60835
2022-07-06T12:00:00.000000000,34.58,49.65343
2022-07-06T13:00:00.000000000,41.37,49.73043
2022-07-06T14:00:00.000000000,49.93,49.95917
2022-07-06T15:00:00.000000000,50.29,50.28439
2022-07-06T16:00:00.000000000,50.25,50.65573
2022-07-06T17:00:00.000000000,49.84,50.76166
2022-07-06T18:00:00.000000000,49.74,50.74037
2022-07-06T19:00:00.000000000,49.39,50.75859
2022-07-06T20:00:00.000000000,49.83,50.95526
2022-07-06T21:00:00.000000000,51.92,51.01907
2022-07-06T22:00:00.000000000,52.31,50.71278
2022-07-06T23:00:00.000000000,52.69,50.62811
2022-07-07T00:00:00.000000000,51.99,48.37207
2022-07-07T01:00:00.000000000,51.3,47.94198
2022-07-07T02:00:00.000000000,49.98,47.69098
2022-07-07T03:00:00.000000000,48.73,47.61389
2022-07-07T04:00:00.000000000,48.15,47.52457
2022-07-07T05:00:00.000000000,46.57,47.60297
2022-07-07T06:00:00.000000000,39.97,47.8483
2022-07-07T07:00:00.000000000,38.72,48.0754
2022-07-07T08:00:00.000000000,38.34,48.2955
2022-07-07T09:00:00.000000000,38.97,48.60734
2022-07-07T10:00:00.000000000,40.76,48.97413
2022-07-07T11:00:00.000000000,40.93,49.20733
2022-07-07T12:00:00.000000000,40.37,49.28257
2022-07-07T13:00:00.000000000,43.24,49.37906
2022-07-07T14:00:00.000000000,49.03,49.60849
2022-07-07T15:00:00.000000000,51.42,49.91516
2022-07-07T16:00:00.000000000,51.58,50.25527
2022-07-07T17:00:00.000000000,53.83,50.32167
2022-07-07T18:00:00.000000000,55.19,50.25093
2022-07-07T19:00:00.000000000,56.97,50.21702
2022-07-07T20:00:00.000000000,58.35,50.37121
2022-07-07T21:00:00.000000000,58.96,50.4093
2022-07-07T22:00:00.000000000,58.78,50.10639
2022-07-07T23:00:00.000000000,57.84,50.04224
2022-07-08T00:00:00.000000000,57.31,48.27839
2022-07-08T01:00:00.000000000,55.16,47.92839
2022-07-08T02:00:00.000000000,53.79,47.7412
2022-07-08T03:00:00.000000000,53.89,47.69823
2022-07-08T04:00:00.000000000,53.32,47.61381
2022-07-08T05:00:00.000000000,53.22,47.66243
2022-07-08T06:00:00.000000000,51.59,47.84711
2022-07-08T07:00:00.000000000,40.64,48.0024
2022-07-08T08:00:00.000000000,40.48,48.18021
2022-07-08T09:00:00.000000000,41.26,48.51001
2022-07-08T10:00:00.000000000,41.46,48.97726
2022-07-08T11:00:00.000000000,41.83,49.34869
2022-07-08T12:00:00.000000000,43.42,49.56605
2022-07-08T13:00:00.000000000,50.02,49.77327
2022-07-08T14:00:00.000000000,55.19,50.06073
2022-07-08T15:00:00.000000000,54.88,50.36618
2022-07-08T16:00:00.000000000,54.89,50.6401
2022-07-08T17:00:00.000000000,54.83,50.58173
2022-07-08T18:00:00.000000000,55.13,50.34407
2022-07-08T19:00:00.000000000,56.24,50.1327
2022-07-08T20:00:00.000000000,56.49,50.13703
2022-07-08T21:00:00.000000000,57.06,50.08851
2022-07-08T22:00:00.000000000,56.34,49.78366
2022-07-08T23:00:00.000000000,55.87,49.77988
2022-07-09T00:00:00.000000000,55.61,47.08392
2022-07-09T01:00:00.000000000,55.52,46.67914
2022-07-09T02:00:00.000000000,55.12,46.46239
2022-07-09T03:00:00.000000000,55.11,46.423
2022-07-09T04:00:00.000000000,52.59,46.36687
2022-07-09T05:00:00.000000000,50.35,46.47868
2022-07-09T06:00:00.000000000,40.01,46.74422
2022-07-09T07:00:00.000000000,40.29,46.98017
2022-07-09T08:00:00.000000000,40.04,47.1964
2022-07-09T09:00:00.000000000,40.53,47.51167
2022-07-09T10:00:00.000000000,41.02,47.88815
2022-07-09T11:00:00.000000000,41.3,48.13117
2022-07-09T12:00:00.000000000,41.42,48.21219
2022-07-09T13:00:00.000000000,43.24,48.31131
2022-07-09T14:00:00.000000000,49.47,48.53601
2022-07-09T15:00:00.000000000,55.52,48.82273
2022-07-09T16:00:00.000000000,54.63,49.1402
2022-07-09T17:00:00.000000000,54.05,49.18829
2022-07-09T18:00:00.000000000,53.21,49.09283
2022-07-09T19:00:00.000000000,52.55,49.02952
2022-07-09T20:00:00.000000000,51.73,49.16201
2022-07-09T21:00:00.000000000,50.61,49.18506
2022-07-09T22:00:00.000000000,50.01,48.89215
2022-07-09T23:00:00.000000000,49.45,48.84737
2022-07-07T00:00:00.000000000,51.99,50.09105
2022-07-07T01:00:00.000000000,51.3,49.65878
2022-07-07T02:00:00.000000000,49.98,49.38895
2022-07-07T03:00:00.000000000,48.73,49.27691
2022-07-07T04:00:00.000000000,48.15,49.14363
2022-07-07T05:00:00.000000000,46.57,49.16781
2022-07-07T06:00:00.000000000,39.97,49.36843
2022-07-07T07:00:00.000000000,38.72,49.5645
2022-07-07T08:00:00.000000000,38.34,49.77607
2022-07-07T09:00:00.000000000,38.97,50.07586
2022-07-07T10:00:00.000000000,40.76,50.43331
2022-07-07T11:00:00.000000000,40.93,50.66642
2022-07-07T12:00:00.000000000,40.37,50.75072
2022-07-07T13:00:00.000000000,43.24,50.85685
2022-07-07T14:00:00.000000000,49.03,51.094
2022-07-07T15:00:00.000000000,51.42,51.4161
2022-07-07T16:00:00.000000000,51.58,51.76403
2022-07-07T17:00:00.000000000,53.83,51.82602
2022-07-07T18:00:00.000000000,55.19,51.75756
2022-07-07T19:00:00.000000000,56.97,51.73546
2022-07-07T20:00:00.000000000,58.35,51.90131
2022-07-07T21:00:00.000000000,58.96,51.95399
2022-07-07T22:00:00.000000000,58.78,51.64704
2022-07-07T23:00:00.000000000,57.84,51.58037
2022-07-08T00:00:00.000000000,57.31,49.90281
2022-07-08T01:00:00.000000000,55.16,49.56819
2022-07-08T02:00:00.000000000,53.79,49.3323
2022-07-08T03:00:00.000000000,53.89,49.1821
2022-07-08T04:00:00.000000000,53.32,48.9494
2022-07-08T05:00:00.000000000,53.22,48.83546
2022-07-08T06:00:00.000000000,51.59,48.88998
2022-07-08T07:00:00.000000000,40.64,48.98488
2022-07-08T08:00:00.000000000,40.48,49.21113
2022-07-08T09:00:00.000000000,41.26,49.67757
2022-07-08T10:00:00.000000000,41.46,50.3645
2022-07-08T11:00:00.000000000,41.83,50.95897
2022-07-08T12:00:00.000000000,43.42,51.35022
2022-07-08T13:00:00.000000000,50.02,51.64692
2022-07-08T14:00:00.000000000,55.19,51.93833
2022-07-08T15:00:00.000000000,54.88,52.18246
2022-07-08T16:00:00.000000000,54.89,52.32761
2022-07-08T17:00:00.000000000,54.83,52.08145
2022-07-08T18:00:00.000000000,55.13,51.65097
2022-07-08T19:00:00.000000000,56.24,51.29881
2022-07-08T20:00:00.000000000,56.49,51.24771
2022-07-08T21:00:00.000000000,57.06,51.23142
2022-07-08T22:00:00.000000000,56.34,51.00209
2022-07-08T23:00:00.000000000,55.87,51.08691
2022-07-09T00:00:00.000000000,55.61,48.18597
2022-07-09T01:00:00.000000000,55.52,47.72497
2022-07-09T02:00:00.000000000,55.12,47.37068
2022-07-09T03:00:00.000000000,55.11,47.13763
2022-07-09T04:00:00.000000000,52.59,46.87813
2022-07-09T05:00:00.000000000,50.35,46.83617
2022-07-09T06:00:00.000000000,40.01,47.04693
2022-07-09T07:00:00.000000000,40.29,47.3484
2022-07-09T08:00:00.000000000,40.04,47.74697
2022-07-09T09:00:00.000000000,40.53,48.32972
2022-07-09T10:00:00.000000000,41.02,49.02519
2022-07-09T11:00:00.000000000,41.3,49.53774
2022-07-09T12:00:00.000000000,41.42,49.77872
2022-07-09T13:00:00.000000000,43.24,49.89982
2022-07-09T14:00:00.000000000,49.47,50.02013
2022-07-09T15:00:00.000000000,55.52,50.1286
2022-07-09T16:00:00.000000000,54.63,50.22957
2022-07-09T17:00:00.000000000,54.05,50.04468
2022-07-09T18:00:00.000000000,53.21,49.76163
2022-07-09T19:00:00.000000000,52.55,49.60811
2022-07-09T20:00:00.000000000,51.73,49.75954
2022-07-09T21:00:00.000000000,50.61,49.87826
2022-07-09T22:00:00.000000000,50.01,49.69776
2022-07-09T23:00:00.000000000,49.45,49.73724
2022-07-10T00:00:00.000000000,49.57,48.70482
2022-07-10T01:00:00.000000000,49.54,48.24274
2022-07-10T02:00:00.000000000,49.48,47.9611
2022-07-10T03:00:00.000000000,49.17,47.86141
2022-07-10T04:00:00.000000000,47.71,47.75813
2022-07-10T05:00:00.000000000,48.31,47.82966
2022-07-10T06:00:00.000000000,41.9,48.07722
2022-07-10T07:00:00.000000000,43.19,48.31158
2022-07-10T08:00:00.000000000,43.84,48.53685
2022-07-10T09:00:00.000000000,44.38,48.83899
2022-07-10T10:00:00.000000000,44.67,49.17367
2022-07-10T11:00:00.000000000,44.62,49.36601
2022-07-10T12:00:00.000000000,44.5,49.40315
2022-07-10T13:00:00.000000000,45.09,49.47443
2022-07-10T14:00:00.000000000,44.8,49.70149
2022-07-10T15:00:00.000000000,44.23,50.02679
2022-07-10T16:00:00.000000000,43.53,50.40206
2022-07-10T17:00:00.000000000,42.78,50.51614
2022-07-10T18:00:00.000000000,42.89,50.50355
2022-07-10T19:00:00.000000000,42.94,50.52905
2022-07-10T20:00:00.000000000,42.76,50.73151
2022-07-10T21:00:00.000000000,42.27,50.79745
2022-07-10T22:00:00.000000000,42.21,50.49203
2022-07-10T23:00:00.000000000,42.57,50.40497
2022-07-08T00:00:00.000000000,57.31,57.09391
2022-07-08T01:00:00.000000000,55.16,56.73247
2022-07-08T02:00:00.000000000,53.79,56.54424
2022-07-08T03:00:00.000000000,53.89,56.52089
2022-07-08T04:00:00.000000000,53.32,56.5033
2022-07-08T05:00:00.000000000,53.22,56.59823
2022-07-08T06:00:00.000000000,51.59,56.81449
2022-07-08T07:00:00.000000000,40.64,57.00165
2022-07-08T08:00:00.000000000,40.48,57.19897
2022-07-08T09:00:00.000000000,41.26,57.42252
2022-07-08T10:00:00.000000000,41.46,57.65267
2022-07-08T11:00:00.000000000,41.83,57.78323
2022-07-08T12:00:00.000000000,43.42,57.79819
2022-07-08T13:00:00.000000000,50.02,57.85003
2022-07-08T14:00:00.000000000,55.19,57.95692
2022-07-08T15:00:00.000000000,54.88,58.13057
2022-07-08T16:00:00.000000000,54.89,58.30355
2022-07-08T17:00:00.000000000,54.83,58.16642
2022-07-08T18:00:00.000000000,55.13,57.95841
2022-07-08T19:00:00.000000000,56.24,57.83505
2022-07-08T20:00:00.000000000,56.49,57.87968
2022-07-08T21:00:00.000000000,57.06,57.86288
2022-07-08T22:00:00.000000000,56.34,57.53217
2022-07-08T23:00:00.000000000,55.87,57.52671
2022-07-09T00:00:00.000000000,55.61,53.89195
2022-07-09T01:00:00.000000000,55.52,52.61105
2022-07-09T02:00:00.000000000,55.12,51.38022
2022-07-09T03:00:00.000000000,55.11,50.45159
2022-07-09T04:00:00.000000000,52.59,49.87038
2022-07-09T05:00:00.000000000,50.35,49.87765
2022-07-09T06:00:00.000000000,40.01,50.56637
2022-07-09T07:00:00.000000000,40.29,51.71402
2022-07-09T08:00:00.000000000,40.04,53.18792
2022-07-09T09:00:00.000000000,40.53,54.88019
2022-07-09T10:00:00.000000000,41.02,56.52421
2022-07-09T11:00:00.000000000,41.3,57.53095
2022-07-09T12:00:00.000000000,41.42,57.66368
2022-07-09T13:00:00.000000000,43.24,57.17694
2022-07-09T14:00:00.000000000,49.47,56.4783
2022-07-09T15:00:00.000000000,55.52,55.88064
2022-07-09T16:00:00.000000000,54.63,55.48526
2022-07-09T17:00:00.000000000,54.05,54.87999
2022-07-09T18:00:00.000000000,53.21,54.37114
2022-07-09T19:00:00.000000000,52.55,54.2679
2022-07-09T20:00:00.000000000,51.73,54.68542
2022-07-09T21:00:00.000000000,50.61,55.20074
2022-07-09T22:00:00.000000000,50.01,55.24062
2022-07-09T23:00:00.000000000,49.45,55.11804
2022-07-10T00:00:00.000000000,49.57,53.36306
2022-07-10T01:00:00.000000000,49.54,52.45061
2022-07-10T02:00:00.000000000,49.48,51.57727
2022-07-10T03:00:00.000000000,49.17,50.88999
2022-07-10T04:00:00.000000000,47.71,50.33733
2022-07-10T05:00:00.000000000,48.31,50.16946
2022-07-10T06:00:00.000000000,41.9,50.48632
2022-07-10T07:00:00.000000000,43.19,51.12257
2022-07-10T08:00:00.000000000,43.84,52.04971
2022-07-10T09:00:00.000000000,44.38,53.21797
2022-07-10T10:00:00.000000000,44.67,54.44278
2022-07-10T11:00:00.000000000,44.62,55.2541
2022-07-10T12:00:00.000000000,44.5,55.46548
2022-07-10T13:00:00.000000000,45.09,55.2719
2022-07-10T14:00:00.000000000,44.8,54.93811
2022-07-10T15:00:00.000000000,44.23,54.65684
2022-07-10T16:00:00.000000000,43.53,54.48404
2022-07-10T17:00:00.000000000,42.78,54.05439
2022-07-10T18:00:00.000000000,42.89,53.63718
2022-07-10T19:00:00.000000000,42.94,53.53036
2022-07-10T20:00:00.000000000,42.76,53.89761
2022-07-10T21:00:00.000000000,42.27,54.3469
2022-07-10T22:00:00.000000000,42.21,54.39143
2022-07-10T23:00:00.000000000,42.57,54.42226
2022-07-11T00:00:00.000000000,42.41,57.69203
2022-07-11T01:00:00.000000000,42.41,57.14247
2022-07-11T02:00:00.000000000,42.33,56.43927
2022-07-11T03:00:00.000000000,42.47,55.64095
2022-07-11T04:00:00.000000000,42.84,54.74425
2022-07-11T05:00:00.000000000,43.62,54.02764
2022-07-11T06:00:00.000000000,43.93,53.75901
2022-07-11T07:00:00.000000000,45.26,53.93103
2022-07-11T08:00:00.000000000,45.3,54.70819
2022-07-11T09:00:00.000000000,45.98,56.12541
2022-07-11T10:00:00.000000000,46.33,58.06254
2022-07-11T11:00:00.000000000,47.6,59.89098
2022-07-11T12:00:00.000000000,48.64,61.32966
2022-07-11T13:00:00.000000000,53.98,62.3247
2022-07-11T14:00:00.000000000,60.3,62.99858
2022-07-11T15:00:00.000000000,61.73,63.29088
2022-07-11T16:00:00.000000000,60.74,63.06477
2022-07-11T17:00:00.000000000,60.62,61.9986
2022-07-11T18:00:00.000000000,59.38,60.60913
2022-07-11T19:00:00.000000000,58.72,59.44981
2022-07-11T20:00:00.000000000,58.47,58.82105
2022-07-11T21:00:00.000000000,57.74,58.50611
2022-07-11T22:00:00.000000000,57.77,58.09838
2022-07-11T23:00:00.000000000,58.53,58.04996
2022-07-09T00:00:00.000000000,55.61,53.66129
2022-07-09T01:00:00.000000000,55.52,53.34059
2022-07-09T02:00:00.000000000,55.12,53.16352
2022-07-09T03:00:00.000000000,55.11,53.11278
2022-07-09T04:00:00.000000000,52.59,53.02452
2022-07-09T05:00:00.000000000,50.35,53.04888
2022-07-09T06:00:00.000000000,40.01,53.21454
2022-07-09T07:00:00.000000000,40.29,53.36332
2022-07-09T08:00:00.000000000,40.04,53.55753
2022-07-09T09:00:00.000000000,40.53,53.86554
2022-07-09T10:00:00.000000000,41.02,54.28989
2022-07-09T11:00:00.000000000,41.3,54.6247
2022-07-09T12:00:00.000000000,41.42,54.81008
2022-07-09T13:00:00.000000000,43.24,54.97486
2022-07-09T14:00:00.000000000,49.47,55.15672
2022-07-09T15:00:00.000000000,55.52,55.35682
2022-07-09T16:00:00.000000000,54.63,55.51641
2022-07-09T17:00:00.000000000,54.05,55.32581
2022-07-09T18:00:00.000000000,53.21,55.00125
2022-07-09T19:00:00.000000000,52.55,54.74978
2022-07-09T20:00:00.000000000,51.73,54.71994
2022-07-09T21:00:00.000000000,50.61,54.67804
2022-07-09T22:00:00.000000000,50.01,54.38087
2022-07-09T23:00:00.000000000,49.45,54.41908
2022-07-10T00:00:00.000000000,49.57,52.86693
2022-07-10T01:00:00.000000000,49.54,52.53111
2022-07-10T02:00:00.000000000,49.48,52.31343
2022-07-10T03:00:00.000000000,49.17,52.20661
2022-07-10T04:00:00.000000000,47.71,52.05248
2022-07-10T05:00:00.000000000,48.31,52.0194
2022-07-10T06:00:00.000000000,41.9,52.14601
2022-07-10T07:00:00.000000000,43.19,52.2813
2022-07-10T08:00:00.000000000,43.84,52.49894
2022-07-10T09:00:00.000000000,44.38,52.87919
2022-07-10T10:00:00.000000000,44.67,53.4165
2022-07-10T11:00:00.000000000,44.62,53.85879
2022-07-10T12:00:00.000000000,44.5,54.12315
2022-07-10T13:00:00.000000000,45.09,54.32723
2022-07-10T14:00:00.000000000,44.8,54.52316
2022-07-10T15:00:00.000000000,44.23,54.7111
2022-07-10T16:00:00.000000000,43.53,54.84168
2022-07-10T17:00:00.000000000,42.78,54.60945
2022-07-10T18:00:00.000000000,42.89,54.23455
2022-07-10T19:00:00.000000000,42.94,53.94231
2022-07-10T20:00:00.000000000,42.76,53.90355
2022-07-10T21:00:00.000000000,42.27,53.87878
2022-07-10T22:00:00.000000000,42.21,53.6193
2022-07-10T23:00:00.000000000,42.57,53.68781
2022-07-11T00:00:00.000000000,42.41,57.4545
2022-07-11T01:00:00.000000000,42.41,56.99254
2022-07-11T02:00:00.000000000,42.33,56.37771
2022-07-11T03:00:00.000000000,42.47,55.66473
2022-07-11T04:00:00.000000000,42.84,54.86805
2022-07-11T05:00:00.000000000,43.62,54.24117
2022-07-11T06:00:00.000000000,43.93,53.98653
2022-07-11T07:00:00.000000000,45.26,54.05046
2022-07-11T08:00:00.000000000,45.3,54.64765
2022-07-11T09:00:00.000000000,45.98,55.88038
2022-07-11T10:00:00.000000000,46.33,57.69106
2022-07-11T11:00:00.000000000,47.6,59.45268
2022-07-11T12:00:00.000000000,48.64,60.86975
2022-07-11T13:00:00.000000000,53.98,61.86628
2022-07-11T14:00:00.000000000,60.3,62.57568
2022-07-11T15:00:00.000000000,61.73,62.93126
2022-07-11T16:00:00.000000000,60.74,62.7702
2022-07-11T17:00:00.000000000,60.62,61.75953
2022-07-11T18:00:00.000000000,59.38,60.38312
2022-07-11T19:00:00.000000000,58.72,59.16802
2022-07-11T20:00:00.000000000,58.47,58.42348
2022-07-11T21:00:00.000000000,57.74,57.98447
2022-07-11T22:00:00.000000000,57.77,57.50371
2022-07-11T23:00:00.000000000,58.53,57.47911
2022-07-12T00:00:00.000000000,58.26,58.49289
2022-07-12T01:00:00.000000000,57.9,57.94197
2022-07-12T02:00:00.000000000,57.31,57.25048
2022-07-12T03:00:00.000000000,57.79,56.47055
2022-07-12T04:00:00.000000000,59.62,55.58113
2022-07-12T05:00:00.000000000,60.27,54.87675
2022-07-12T06:00:00.000000000,61.14,54.64822
2022-07-12T07:00:00.000000000,58.67,54.93107
2022-07-12T08:00:00.000000000,50.37,55.86977
2022-07-12T09:00:00.000000000,50.65,57.44593
2022-07-12T10:00:00.000000000,51.31,59.4842
2022-07-12T11:00:00.000000000,51.17,61.32527
2022-07-12T12:00:00.000000000,52.91,62.66828
2022-07-12T13:00:00.000000000,59.66,63.50241
2022-07-12T14:00:00.000000000,64.17,63.95539
2022-07-12T15:00:00.000000000,63.87,63.99168
2022-07-12T16:00:00.000000000,63.13,63.52175
2022-07-12T17:00:00.000000000,61.94,62.234
2022-07-12T18:00:00.000000000,60.81,60.69214
2022-07-12T19:00:00.000000000,60.19,59.48854
2022-07-12T20:00:00.000000000,60.59,58.93755
2022-07-12T21:00:00.000000000,60.02,58.77422
2022-07-12T22:00:00.000000000,59.82,58.53503
2022-07-12T23:00:00.000000000,59.71,58.60521
2022-07-10T00:00:00.000000000,49.57,49.3611
2022-07-10T01:00:00.000000000,49.54,48.99087
2022-07-10T02:00:00.000000000,49.48,48.79617
2022-07-10T03:00:00.000000000,49.17,48.75711
2022-07-10T04:00:00.000000000,47.71,48.69092
2022-07-10T05:00:00.000000000,48.31,48.75497
2022-07-10T06:00:00.000000000,41.9,48.95042
2022-07-10T07:00:00.000000000,43.19,49.102
2022-07-10T08:00:00.000000000,43.84,49.25199
2022-07-10T09:00:00.000000000,44.38,49.51015
2022-07-10T10:00:00.000000000,44.67,49.86793
2022-07-10T11:00:00.000000000,44.62,50.13557
2022-07-10T12:00:00.000000000,44.5,50.28387
2022-07-10T13:00:00.000000000,45.09,50.46784
2022-07-10T14:00:00.000000000,44.8,50.78236
2022-07-10T15:00:00.000000000,44.23,51.15203
2022-07-10T16:00:00.000000000,43.53,51.50637
2022-07-10T17:00:00.000000000,42.78,51.53715
2022-07-10T18:00:00.000000000,42.89,51.39684
2022-07-10T19:00:00.000000000,42.94,51.26834
2022-07-10T20:00:00.000000000,42.76,51.3098
2022-07-10T21:00:00.000000000,42.27,51.25279
2022-07-10T22:00:00.000000000,42.21,50.89568
2022-07-10T23:00:00.000000000,42.57,50.83501
2022-07-11T00:00:00.000000000,42.41,54.97043
2022-07-11T01:00:00.000000000,42.41,54.88284
2022-07-11T02:00:00.000000000,42.33,54.77164
2022-07-11T03:00:00.000000000,42.47,54.58747
2022-07-11T04:00:00.000000000,42.84,54.24688
2022-07-11T05:00:00.000000000,43.62,53.8331
2022-07-11T06:00:00.000000000,43.93,53.42781
2022-07-11T07:00:00.000000000,45.26,52.962
2022-07-11T08:00:00.000000000,45.3,52.79144
2022-07-11T09:00:00.000000000,45.98,53.19042
2022-07-11T10:00:00.000000000,46.33,54.32433
2022-07-11T11:00:00.000000000,47.6,55.74403
2022-07-11T12:00:00.000000000,48.64,57.26762
2022-07-11T13:00:00.000000000,53.98,58.71636
2022-07-11T14:00:00.000000000,60.3,60.11417
2022-07-11T15:00:00.000000000,61.73,61.16824
2022-07-11T16:00:00.000000000,60.74,61.5826
2022-07-11T17:00:00.000000000,60.62,61.02545
2022-07-11T18:00:00.000000000,59.38,59.8566
2022-07-11T19:00:00.000000000,58.72,58.48059
2022-07-11T20:00:00.000000000,58.47,57.20924
2022-07-11T21:00:00.000000000,57.74,56.11684
2022-07-11T22:00:00.000000000,57.77,55.16264
2022-07-11T23:00:00.000000000,58.53,55.00481
2022-07-12T00:00:00.000000000,58.26,55.6147
2022-07-12T01:00:00.000000000,57.9,55.2195
2022-07-12T02:00:00.000000000,57.31,54.71002
2022-07-12T03:00:00.000000000,57.79,54.07766
2022-07-12T04:00:00.000000000,59.62,53.26028
2022-07-12T05:00:00.000000000,60.27,52.51728
2022-07-12T06:00:00.000000000,61.14,52.11635
2022-07-12T07:00:00.000000000,58.67,52.10915
2022-07-12T08:00:00.000000000,50.37,52.7438
2022-07-12T09:00:00.000000000,50.65,54.10693
2022-07-12T10:00:00.000000000,51.31,56.09186
2022-07-12T11:00:00.000000000,51.17,57.99713
2022-07-12T12:00:00.000000000,52.91,59.5003
2022-07-12T13:00:00.000000000,59.66,60.56084
2022-07-12T14:00:00.000000000,64.17,61.31595
2022-07-12T15:00:00.000000000,63.87,61.63946
2022-07-12T16:00:00.000000000,63.13,61.37151
2022-07-12T17:00:00.000000000,61.94,60.16807
2022-07-12T18:00:00.000000000,60.81,58.54426
2022-07-12T19:00:00.000000000,60.19,57.14518
2022-07-12T20:00:00.000000000,60.59,56.36168
2022-07-12T21:00:00.000000000,60.02,56.00589
2022-07-12T22:00:00.000000000,59.82,55.68717
2022-07-12T23:00:00.000000000,59.71,55.78212
2022-07-13T00:00:00.000000000,59.42,53.45368
2022-07-13T01:00:00.000000000,59.07,52.86282
2022-07-13T02:00:00.000000000,59.26,52.18612
2022-07-13T03:00:00.000000000,58.49,51.48305
2022-07-13T04:00:00.000000000,58.41,50.71559
2022-07-13T05:00:00.000000000,55.99,50.16693
2022-07-13T06:00:00.000000000,50.96,50.01954
2022-07-13T07:00:00.000000000,49.6,50.24931
2022-07-13T08:00:00.000000000,41.49,51.0174
2022-07-13T09:00:00.000000000,41.41,52.36606
2022-07-13T10:00:00.000000000,41.16,54.14514
2022-07-13T11:00:00.000000000,41.59,55.6788
2022-07-13T12:00:00.000000000,43.87,56.66436
2022-07-13T13:00:00.000000000,50.61,57.16189
2022-07-13T14:00:00.000000000,49.8,57.39126
2022-07-13T15:00:00.000000000,49.35,57.35418
2022-07-13T16:00:00.000000000,49.18,56.99796
2022-07-13T17:00:00.000000000,49.15,56.00923
2022-07-13T18:00:00.000000000,49.19,54.81394
2022-07-13T19:00:00.000000000,48.48,53.92922
2022-07-13T20:00:00.000000000,48.82,53.67842
2022-07-13T21:00:00.000000000,48.11,53.74742
2022-07-13T22:00:00.000000000,48.28,53.70047
2022-07-13T23:00:00.000000000,48.74,53.89332
2022-07-11T00:00:00.000000000,42.41,46.88245
2022-07-11T01:00:00.000000000,42.41,46.56795
2022-07-11T02:00:00.000000000,42.33,46.44131
2022-07-11T03:00:00.000000000,42.47,46.47278
2022-07-11T04:00:00.000000000,42.84,46.46332
2022-07-11T05:00:00.000000000,43.62,46.56688
2022-07-11T06:00:00.000000000,43.93,46.76017
2022-07-11T07:00:00.000000000,45.26,46.8791
2022-07-11T08:00:00.000000000,45.3,46.98726
2022-07-11T09:00:00.000000000,45.98,47.24637
2022-07-11T10:00:00.000000000,46.33,47.65261
2022-07-11T11:00:00.000000000,47.6,47.98991
2022-07-11T12:00:00.000000000,48.64,48.21542
2022-07-11T13:00:00.000000000,53.98,48.47256
2022-07-11T14:00:00.000000000,60.3,48.85135
2022-07-11T15:00:00.000000000,61.73,49.24099
2022-07-11T16:00:00.000000000,60.74,49.5798
2022-07-11T17:00:00.000000000,60.62,49.56899
2022-07-11T18:00:00.000000000,59.38,49.34439
2022-07-11T19:00:00.000000000,58.72,49.10194
2022-07-11T20:00:00.000000000,58.47,49.03717
2022-07-11T21:00:00.000000000,57.74,48.8998
2022-07-11T22:00:00.000000000,57.77,48.53577
2022-07-11T23:00:00.000000000,58.53,48.50717
2022-07-12T00:00:00.000000000,58.26,48.95283
2022-07-12T01:00:00.000000000,57.9,48.49417
2022-07-12T02:00:00.000000000,57.31,48.21291
2022-07-12T03:00:00.000000000,57.79,48.10989
2022-07-12T04:00:00.000000000,59.62,48.00111
2022-07-12T05:00:00.000000000,60.27,48.06475
2022-07-12T06:00:00.000000000,61.14,48.30509
2022-07-12T07:00:00.000000000,58.67,48.5339
2022-07-12T08:00:00.000000000,50.37,48.7577
2022-07-12T09:00:00.000000000,50.65,49.06016
2022-07-12T10:00:00.000000000,51.31,49.39905
2022-07-12T11:00:00.000000000,51.17,49.5982
2022-07-12T12:00:00.000000000,52.91,49.64293
2022-07-12T13:00:00.000000000,59.66,49.71968
2022-07-12T14:00:00.000000000,64.17,49.94835
2022-07-12T15:00:00.000000000,63.87,50.27358
2022-07-12T16:00:00.000000000,63.13,50.6451
2022-07-12T17:00:00.000000000,61.94,50.75138
2022-07-12T18:00:00.000000000,60.81,50.73047
2022-07-12T19:00:00.000000000,60.19,50.74901
2022-07-12T20:00:00.000000000,60.59,50.94593
2022-07-12T21:00:00.000000000,60.02,51.00983
2022-07-12T22:00:00.000000000,59.82,50.70358
2022-07-12T23:00:00.000000000,59.71,50.6188
2022-07-13T00:00:00.000000000,59.42,48.80048
2022-07-13T01:00:00.000000000,59.07,48.33962
2022-07-13T02:00:00.000000000,59.26,48.05805
2022-07-13T03:00:00.000000000,58.49,47.95702
2022-07-13T04:00:00.000000000,58.41,47.85162
2022-07-13T05:00:00.000000000,55.99,47.92014
2022-07-13T06:00:00.000000000,50.96,48.16497
2022-07-13T07:00:00.000000000,49.6,48.39725
2022-07-13T08:00:00.000000000,41.49,48.622
2022-07-13T09:00:00.000000000,41.41,48.9243
2022-07-13T10:00:00.000000000,41.16,49.26061
2022-07-13T11:00:00.000000000,41.59,49.45555
2022-07-13T12:00:00.000000000,43.87,49.49558
2022-07-13T13:00:00.000000000,50.61,49.56892
2022-07-13T14:00:00.000000000,49.8,49.7966
2022-07-13T15:00:00.000000000,49.35,50.1219
2022-07-13T16:00:00.000000000,49.18,50.49577
2022-07-13T17:00:00.000000000,49.15,50.60692
2022-07-13T18:00:00.000000000,49.19,50.5912
2022-07-13T19:00:00.000000000,48.48,50.61409
2022-07-13T20:00:00.000000000,48.82,50.81446
2022-07-13T21:00:00.000000000,48.11,50.87963
2022-07-13T22:00:00.000000000,48.28,50.57386
2022-07-13T23:00:00.000000000,48.74,50.48762
2022-07-14T00:00:00.000000000,51.2,50.38429
2022-07-14T01:00:00.000000000,51.41,50.32573
2022-07-14T02:00:00.000000000,50.84,50.37255
2022-07-14T03:00:00.000000000,48.28,50.44978
2022-07-14T04:00:00.000000000,47.86,50.36762
2022-07-14T05:00:00.000000000,44.95,50.22895
2022-07-14T06:00:00.000000000,40.31,50.05851
2022-07-14T07:00:00.000000000,38.84,49.78182
2022-07-14T08:00:00.000000000,40.97,49.6353
2022-07-14T09:00:00.000000000,42.12,49.84165
2022-07-14T10:00:00.000000000,43.66,50.48435
2022-07-14T11:00:00.000000000,44.23,51.23677
2022-07-14T12:00:00.000000000,43.89,51.97758
2022-07-14T13:00:00.000000000,45.67,52.71891
2022-07-14T14:00:00.000000000,53.34,53.48226
2022-07-14T15:00:00.000000000,52.38,54.07591
2022-07-14T16:00:00.000000000,52.14,54.35012
2022-07-14T17:00:00.000000000,52.04,54.01775
2022-07-14T18:00:00.000000000,52.08,53.31144
2022-07-14T19:00:00.000000000,53.16,52.52947
2022-07-14T20:00:00.000000000,54.43,51.96092
2022-07-14T21:00:00.000000000,54.67,51.49567
2022-07-14T22:00:00.000000000,54.57,51.03812
2022-07-14T23:00:00.000000000,54.73,51.14899
2022-07-12T00:00:00.000000000,58.26,58.80867
2022-07-12T01:00:00.000000000,57.9,59.38251
2022-07-12T02:00:00.000000000,57.31,59.87727
2022-07-12T03:00:00.000000000,57.79,60.18518
2022-07-12T04:00:00.000000000,59.62,60.10498
2022-07-12T05:00:00.000000000,60.27,59.64065
2022-07-12T06:00:00.000000000,61.14,58.82641
2022-07-12T07:00:00.000000000,58.67,57.72312
2022-07-12T08:00:00.000000000,50.37,56.81888
2022-07-12T09:00:00.000000000,50.65,56.59432
2022-07-12T10:00:00.000000000,51.31,57.35331
2022-07-12T11:00:00.000000000,51.17,58.76255
2022-07-12T12:00:00.000000000,52.91,60.56397
2022-07-12T13:00:00.000000000,59.66,62.41576
2022-07-12T14:00:00.000000000,64.17,64.10082
2022-07-12T15:00:00.000000000,63.87,65.27084
2022-07-12T16:00:00.000000000,63.13,65.64147
2022-07-12T17:00:00.000000000,61.94,64.92099
2022-07-12T18:00:00.000000000,60.81,63.45672
2022-07-12T19:00:00.000000000,60.19,61.59079
2022-07-12T20:00:00.000000000,60.59,59.74746
2022-07-12T21:00:00.000000000,60.02,58.30565
2022-07-12T22:00:00.000000000,59.82,57.43
2022-07-12T23:00:00.000000000,59.71,57.73998
2022-07-13T00:00:00.000000000,59.42,55.76112
2022-07-13T01:00:00.000000000,59.07,55.40605
2022-07-13T02:00:00.000000000,59.26,54.93159
2022-07-13T03:00:00.000000000,58.49,54.32205
2022-07-13T04:00:00.000000000,58.41,53.50173
2022-07-13T05:00:00.000000000,55.99,52.72513
2022-07-13T06:00:00.000000000,50.96,52.26619
2022-07-13T07:00:00.000000000,49.6,52.19419
2022-07-13T08:00:00.000000000,41.49,52.7848
2022-07-13T09:00:00.000000000,41.41,54.13464
2022-07-13T10:00:00.000000000,41.16,56.14273
2022-07-13T11:00:00.000000000,41.59,58.09091
2022-07-13T12:00:00.000000000,43.87,59.63928
2022-07-13T13:00:00.000000000,50.61,60.7383
2022-07-13T14:00:00.000000000,49.8,61.52236
2022-07-13T15:00:00.000000000,49.35,61.86359
2022-07-13T16:00:00.000000000,49.18,61.58841
2022-07-13T17:00:00.000000000,49.15,60.34765
2022-07-13T18:00:00.000000000,49.19,58.65841
2022-07-13T19:00:00.000000000,48.48,57.18916
2022-07-13T20:00:00.000000000,48.82,56.358
2022-07-13T21:00:00.000000000,48.11,55.99368
2022-07-13T22:00:00.000000000,48.28,55.69659
2022-07-13T23:00:00.000000000,48.74,55.83054
2022-07-14T00:00:00.000000000,51.2,54.74008
2022-07-14T01:00:00.000000000,51.41,53.96943
2022-07-14T02:00:00.000000000,50.84,53.20877
2022-07-14T03:00:00.000000000,48.28,52.48608
2022-07-14T04:00:00.000000000,47.86,51.80959
2022-07-14T05:00:00.000000000,44.95,51.46968
2022-07-14T06:00:00.000000000,40.31,51.69907
2022-07-14T07:00:00.000000000,38.84,52.45342
2022-07-14T08:00:00.000000000,40.97,53.70188
2022-07-14T09:00:00.000000000,42.12,55.40229
2022-07-14T10:00:00.000000000,43.66,57.33089
2022-07-14T11:00:00.000000000,44.23,58.88995
2022-07-14T12:00:00.000000000,43.89,59.88285
2022-07-14T13:00:00.000000000,45.67,60.41875
2022-07-14T14:00:00.000000000,53.34,60.67631
2022-07-14T15:00:00.000000000,52.38,60.5834
2022-07-14T16:00:00.000000000,52.14,60.12946
2022-07-14T17:00:00.000000000,52.04,59.00045
2022-07-14T18:00:00.000000000,52.08,57.73333
2022-07-14T19:00:00.000000000,53.16,56.83013
2022-07-14T20:00:00.000000000,54.43,56.47353
2022-07-14T21:00:00.000000000,54.67,56.30009
2022-07-14T22:00:00.000000000,54.57,55.90909
2022-07-14T23:00:00.000000000,54.73,55.71503
2022-07-15T00:00:00.000000000,53.87,55.74807
2022-07-15T01:00:00.000000000,53.93,54.80139
2022-07-15T02:00:00.000000000,53.55,53.85208
2022-07-15T03:00:00.000000000,52.37,53.04942
2022-07-15T04:00:00.000000000,52.27,52.49282
2022-07-15T05:00:00.000000000,51.84,52.4422
2022-07-15T06:00:00.000000000,47.61,53.04272
2022-07-15T07:00:00.000000000,42.52,54.08982
2022-07-15T08:00:00.000000000,34.09,55.44722
2022-07-15T09:00:00.000000000,32.31,57.10458
2022-07-15T10:00:00.000000000,32.5,58.87914
2022-07-15T11:00:00.000000000,32.58,60.23483
2022-07-15T12:00:00.000000000,34.5,61.00432
2022-07-15T13:00:00.000000000,41.18,61.29605
2022-07-15T14:00:00.000000000,47.86,61.32876
2022-07-15T15:00:00.000000000,48.46,61.14545
2022-07-15T16:00:00.000000000,49.56,60.79214
2022-07-15T17:00:00.000000000,51.89,59.92196
2022-07-15T18:00:00.000000000,51.91,59.00742
2022-07-15T19:00:00.000000000,52.97,58.37559
2022-07-15T20:00:00.000000000,52.82,58.08918
2022-07-15T21:00:00.000000000,52.67,57.82893
2022-07-15T22:00:00.000000000,52.24,57.26537
2022-07-15T23:00:00.000000000,51.82,56.89567
2022-07-13T00:00:00.000000000,59.42,58.83435
2022-07-13T01:00:00.000000000,59.07,59.30737
2022-07-13T02:00:00.000000000,59.26,59.68528
2022-07-13T03:00:00.000000000,58.49,59.87151
2022-07-13T04:00:00.000000000,58.41,59.64316
2022-07-13T05:00:00.000000000,55.99,59.07193
2022-07-13T06:00:00.000000000,50.96,58.24081
2022-07-13T07:00:00.000000000,49.6,57.26709
2022-07-13T08:00:00.000000000,41.49,56.62857
2022-07-13T09:00:00.000000000,41.41,56.66312
2022-07-13T10:00:00.000000000,41.16,57.54498
2022-07-13T11:00:00.000000000,41.59,58.85581
2022-07-13T12:00:00.000000000,43.87,60.288
2022-07-13T13:00:00.000000000,50.61,61.64495
2022-07-13T14:00:00.000000000,49.8,62.79079
2022-07-13T15:00:00.000000000,49.35,63.49002
2022-07-13T16:00:00.000000000,49.18,63.51114
2022-07-13T17:00:00.000000000,49.15,62.5748
2022-07-13T18:00:00.000000000,49.19,61.06359
2022-07-13T19:00:00.000000000,48.48,59.42487
2022-07-13T20:00:00.000000000,48.82,58.13612
2022-07-13T21:00:00.000000000,48.11,57.35443
2022-07-13T22:00:00.000000000,48.28,57.01443
2022-07-13T23:00:00.000000000,48.74,57.60588
2022-07-14T00:00:00.000000000,51.2,58.8518
2022-07-14T01:00:00.000000000,51.41,58.12149
2022-07-14T02:00:00.000000000,50.84,57.26208
2022-07-14T03:00:00.000000000,48.28,56.39531
2022-07-14T04:00:00.000000000,47.86,55.57043
2022-07-14T05:00:00.000000000,44.95,55.06694
2022-07-14T06:00:00.000000000,40.31,55.11746
2022-07-14T07:00:00.000000000,38.84,55.65663
2022-07-14T08:00:00.000000000,40.97,56.75552
2022-07-14T09:00:00.000000000,42.12,58.40606
2022-07-14T10:00:00.000000000,43.66,60.43031
2022-07-14T11:00:00.000000000,44.23,62.18034
2022-07-14T12:00:00.000000000,43.89,63.37756
2022-07-14T13:00:00.000000000,45.67,64.02945
2022-07-14T14:00:00.000000000,53.34,64.30839
2022-07-14T15:00:00.000000000,52.38,64.24477
2022-07-14T16:00:00.000000000,52.14,63.77238
2022-07-14T17:00:00.000000000,52.04,62.56846
2022-07-14T18:00:00.000000000,52.08,61.18004
2022-07-14T19:00:00.000000000,53.16,60.1219
2022-07-14T20:00:00.000000000,54.43,59.62116
2022-07-14T21:00:00.000000000,54.67,59.41267
2022-07-14T22:00:00.000000000,54.57,59.05623
2022-07-14T23:00:00.000000000,54.73,58.98537
2022-07-15T00:00:00.000000000,53.87,58.7209
2022-07-15T01:00:00.000000000,53.93,57.84706
2022-07-15T02:00:00.000000000,53.55,56.89695
2022-07-15T03:00:00.000000000,52.37,56.07661
2022-07-15T04:00:00.000000000,52.27,55.50567
2022-07-15T05:00:00.000000000,51.84,55.46769
2022-07-15T06:00:00.000000000,47.61,56.10882
2022-07-15T07:00:00.000000000,42.52,57.21843
2022-07-15T08:00:00.000000000,34.09,58.62117
2022-07-15T09:00:00.000000000,32.31,60.27794
2022-07-15T10:00:00.000000000,32.5,62.00384
2022-07-15T11:00:00.000000000,32.58,63.32277
2022-07-15T12:00:00.000000000,34.5,64.08646
2022-07-15T13:00:00.000000000,41.18,64.35225
2022-07-15T14:00:00.000000000,47.86,64.26507
2022-07-15T15:00:00.000000000,48.46,63.90535
2022-07-15T16:00:00.000000000,49.56,63.35412
2022-07-15T17:00:00.000000000,51.89,62.34816
2022-07-15T18:00:00.000000000,51.91,61.41696
2022-07-15T19:00:00.000000000,52.97,60.81081
2022-07-15T20:00:00.000000000,52.82,60.52327
2022-07-15T21:00:00.000000000,52.67,60.25878
2022-07-15T22:00:00.000000000,52.24,59.7111
2022-07-15T23:00:00.000000000,51.82,59.42945
2022-07-16T00:00:00.000000000,51.14,59.54199
2022-07-16T01:00:00.000000000,50.48,58.65803
2022-07-16T02:00:00.000000000,50.13,57.68972
2022-07-16T03:00:00.000000000,50.58,56.88025
2022-07-16T04:00:00.000000000,51.89,56.35837
2022-07-16T05:00:00.000000000,52.2,56.39906
2022-07-16T06:00:00.000000000,50.38,57.13249
2022-07-16T07:00:00.000000000,44.32,58.31955
2022-07-16T08:00:00.000000000,38.85,59.75347
2022-07-16T09:00:00.000000000,39.27,61.39983
2022-07-16T10:00:00.000000000,39.4,63.08136
2022-07-16T11:00:00.000000000,40.17,64.36394
2022-07-16T12:00:00.000000000,42.94,65.11931
2022-07-16T13:00:00.000000000,50.19,65.38169
2022-07-16T14:00:00.000000000,58.47,65.26538
2022-07-16T15:00:00.000000000,58.61,64.87348
2022-07-16T16:00:00.000000000,57.62,64.30032
2022-07-16T17:00:00.000000000,57.45,63.30487
2022-07-16T18:00:00.000000000,56.07,62.41786
2022-07-16T19:00:00.000000000,55.85,61.83371
2022-07-16T20:00:00.000000000,55.69,61.50798
2022-07-16T21:00:00.000000000,54.96,61.17169
2022-07-16T22:00:00.000000000,54.41,60.54788
2022-07-16T23:00:00.000000000,54.02,60.22382
2022-07-14T00:00:00.000000000,51.2,50.31802
2022-07-14T01:00:00.000000000,51.41,50.24359
2022-07-14T02:00:00.000000000,50.84,50.27126
2022-07-14T03:00:00.000000000,48.28,50.33072
2022-07-14T04:00:00.000000000,47.86,50.22864
2022-07-14T05:00:00.000000000,44.95,50.08268
2022-07-14T06:00:00.000000000,40.31,49.9235
2022-07-14T07:00:00.000000000,38.84,49.67604
2022-07-14T08:00:00.000000000,40.97,49.56255
2022-07-14T09:00:00.000000000,42.12,49.79298
2022-07-14T10:00:00.000000000,43.66,50.43631
2022-07-14T11:00:00.000000000,44.23,51.16725
2022-07-14T12:00:00.000000000,43.89,51.86248
2022-07-14T13:00:00.000000000,45.67,52.54775
2022-07-14T14:00:00.000000000,53.34,53.24963
2022-07-14T15:00:00.000000000,52.38,53.79578
2022-07-14T16:00:00.000000000,52.14,54.04686
2022-07-14T17:00:00.000000000,52.04,53.71734
2022-07-14T18:00:00.000000000,52.08,53.03609
2022-07-14T19:00:00.000000000,53.16,52.30287
2022-07-14T20:00:00.000000000,54.43,51.80661
2022-07-14T21:00:00.000000000,54.67,51.41412
2022-07-14T22:00:00.000000000,54.57,51.0034
2022-07-14T23:00:00.000000000,54.73,51.12986
2022-07-15T00:00:00.000000000,53.87,50.72295
2022-07-15T01:00:00.000000000,53.93,50.5304
2022-07-15T02:00:00.000000000,53.55,50.44037
2022-07-15T03:00:00.000000000,52.37,50.40878
2022-07-15T04:00:00.000000000,52.27,50.24684
2022-07-15T05:00:00.000000000,51.84,50.10883
2022-07-15T06:00:00.000000000,47.61,50.04034
2022-07-15T07:00:00.000000000,42.52,49.94407
2022-07-15T08:00:00.000000000,34.09,49.98669
2022-07-15T09:00:00.000000000,32.31,50.31847
2022-07-15T10:00:00.000000000,32.5,50.96773
2022-07-15T11:00:00.000000000,32.58,51.61533
2022-07-15T12:00:00.000000000,34.5,52.13978
2022-07-15T13:00:00.000000000,41.18,52.61311
2022-07-15T14:00:00.000000000,47.86,53.0884
2022-07-15T15:00:00.000000000,48.46,53.47157
2022-07-15T16:00:00.000000000,49.56,53.66208
2022-07-15T17:00:00.000000000,51.89,53.36356
2022-07-15T18:00:00.000000000,51.91,52.79556
2022-07-15T19:00:00.000000000,52.97,52.24649
2022-07-15T20:00:00.000000000,52.82,51.97978
2022-07-15T21:00:00.000000000,52.67,51.79931
2022-07-15T22:00:00.000000000,52.24,51.50407
2022-07-15T23:00:00.000000000,51.82,51.63059
2022-07-16T00:00:00.000000000,51.14,51.89177
2022-07-16T01:00:00.000000000,50.48,51.7904
2022-07-16T02:00:00.000000000,50.13,51.73115
2022-07-16T03:00:00.000000000,50.58,51.66798
2022-07-16T04:00:00.000000000,51.89,51.43809
2022-07-16T05:00:00.000000000,52.2,51.17971
2022-07-16T06:00:00.000000000,50.38,50.94709
2022-07-16T07:00:00.000000000,44.32,50.68282
2022-07-16T08:00:00.000000000,38.85,50.63215
2022-07-16T09:00:00.000000000,39.27,50.99834
2022-07-16T10:00:00.000000000,39.4,51.83187
2022-07-16T11:00:00.000000000,40.17,52.73838
2022-07-16T12:00:00.000000000,42.94,53.55437
2022-07-16T13:00:00.000000000,50.19,54.28505
2022-07-16T14:00:00.000000000,58.47,54.95724
2022-07-16T15:00:00.000000000,58.61,55.42192
2022-07-16T16:00:00.000000000,57.62,55.55129
2022-07-16T17:00:00.000000000,57.45,55.06876
2022-07-16T18:00:00.000000000,56.07,54.25112
2022-07-16T19:00:00.000000000,55.85,53.43173
2022-07-16T20:00:00.000000000,55.69,52.90984
2022-07-16T21:00:00.000000000,54.96,52.55392
2022-07-16T22:00:00.000000000,54.41,52.21223
2022-07-16T23:00:00.000000000,54.02,52.41197
2022-07-17T00:00:00.000000000,52.76,50.81655
2022-07-17T01:00:00.000000000,51.18,50.46787
2022-07-17T02:00:00.000000000,51.57,50.12943
2022-07-17T03:00:00.000000000,51.66,49.79716
2022-07-17T04:00:00.000000000,51.9,49.34957
2022-07-17T05:00:00.000000000,51.52,49.02172
2022-07-17T06:00:00.000000000,49.7,48.91477
2022-07-17T07:00:00.000000000,45.09,48.96073
2022-07-17T08:00:00.000000000,39.87,49.31133
2022-07-17T09:00:00.000000000,40.0,50.07528
2022-07-17T10:00:00.000000000,40.19,51.20099
2022-07-17T11:00:00.000000000,40.69,52.22038
2022-07-17T12:00:00.000000000,40.5,52.94059
2022-07-17T13:00:00.000000000,40.64,53.42597
2022-07-17T14:00:00.000000000,40.72,53.80169
2022-07-17T15:00:00.000000000,40.11,54.00021
2022-07-17T16:00:00.000000000,39.46,53.95276
2022-07-17T17:00:00.000000000,39.25,53.38017
2022-07-17T18:00:00.000000000,39.29,52.58456
2022-07-17T19:00:00.000000000,39.56,51.94027
2022-07-17T20:00:00.000000000,39.26,51.72711
2022-07-17T21:00:00.000000000,38.99,51.67447
2022-07-17T22:00:00.000000000,38.77,51.49448
2022-07-17T23:00:00.000000000,38.04,51.65922
2022-07-15T00:00:00.000000000,53.87,53.72219
2022-07-15T01:00:00.000000000,53.93,53.31355
2022-07-15T02:00:00.000000000,53.55,53.07185
2022-07-15T03:00:00.000000000,52.37,52.99364
2022-07-15T04:00:00.000000000,52.27,52.91522
2022-07-15T05:00:00.000000000,51.84,52.97955
2022-07-15T06:00:00.000000000,47.61,53.20472
2022-07-15T07:00:00.000000000,42.52,53.41113
2022-07-15T08:00:00.000000000,34.09,53.62555
2022-07-15T09:00:00.000000000,32.31,53.89064
2022-07-15T10:00:00.000000000,32.5,54.1858
2022-07-15T11:00:00.000000000,32.58,54.35826
2022-07-15T12:00:00.000000000,34.5,54.39205
2022-07-15T13:00:00.000000000,41.18,54.45638
2022-07-15T14:00:00.000000000,47.86,54.61805
2022-07-15T15:00:00.000000000,48.46,54.86534
2022-07-15T16:00:00.000000000,49.56,55.13442
2022-07-15T17:00:00.000000000,51.89,55.10702
2022-07-15T18:00:00.000000000,51.91,54.98089
2022-07-15T19:00:00.000000000,52.97,54.92357
2022-07-15T20:00:00.000000000,52.82,55.03991
2022-07-15T21:00:00.000000000,52.67,55.06365
2022-07-15T22:00:00.000000000,52.24,54.74096
2022-07-15T23:00:00.000000000,51.82,54.69474
2022-07-16T00:00:00.000000000,51.14,54.71842
2022-07-16T01:00:00.000000000,50.48,54.06905
2022-07-16T02:00:00.000000000,50.13,53.41137
2022-07-16T03:00:00.000000000,50.58,52.83019
2022-07-16T04:00:00.000000000,51.89,52.28725
2022-07-16T05:00:00.000000000,52.2,52.01546
2022-07-16T06:00:00.000000000,50.38,52.12274
2022-07-16T07:00:00.000000000,44.32,52.4879
2022-07-16T08:00:00.000000000,38.85,53.19576
2022-07-16T09:00:00.000000000,39.27,54.27247
2022-07-16T10:00:00.000000000,39.4,55.59883
2022-07-16T11:00:00.000000000,40.17,56.66115
2022-07-16T12:00:00.000000000,42.94,57.24023
2022-07-16T13:00:00.000000000,50.19,57.4452
2022-07-16T14:00:00.000000000,58.47,57.47329
2022-07-16T15:00:00.000000000,58.61,57.40233
2022-07-16T16:00:00.000000000,57.62,57.20085
2022-07-16T17:00:00.000000000,57.45,56.5334
2022-07-16T18:00:00.000000000,56.07,55.74546
2022-07-16T19:00:00.000000000,55.85,55.21067
2022-07-16T20:00:00.000000000,55.69,55.14805
2022-07-16T21:00:00.000000000,54.96,55.25502
2022-07-16T22:00:00.000000000,54.41,55.12775
2022-07-16T23:00:00.000000000,54.02,55.20901
2022-07-17T00:00:00.000000000,52.76,54.57977
2022-07-17T01:00:00.000000000,51.18,53.87838
2022-07-17T02:00:00.000000000,51.57,53.08769
2022-07-17T03:00:00.000000000,51.66,52.28993
2022-07-17T04:00:00.000000000,51.9,51.42208
2022-07-17T05:00:00.000000000,51.52,50.78446
2022-07-17T06:00:00.000000000,49.7,50.61057
2022-07-17T07:00:00.000000000,45.09,50.94278
2022-07-17T08:00:00.000000000,39.87,51.91319
2022-07-17T09:00:00.000000000,40.0,53.47559
2022-07-17T10:00:00.000000000,40.19,55.39351
2022-07-17T11:00:00.000000000,40.69,56.96384
2022-07-17T12:00:00.000000000,40.5,57.86449
2022-07-17T13:00:00.000000000,40.64,58.20312
2022-07-17T14:00:00.000000000,40.72,58.20666
2022-07-17T15:00:00.000000000,40.11,57.93505
2022-07-17T16:00:00.000000000,39.46,57.39499
2022-07-17T17:00:00.000000000,39.25,56.27775
2022-07-17T18:00:00.000000000,39.29,55.03852
2022-07-17T19:00:00.000000000,39.56,54.23065
2022-07-17T20:00:00.000000000,39.26,54.20042
2022-07-17T21:00:00.000000000,38.99,54.56025
2022-07-17T22:00:00.000000000,38.77,54.76177
2022-07-17T23:00:00.000000000,38.04,55.0605
2022-07-18T00:00:00.000000000,37.63,52.15653
2022-07-18T01:00:00.000000000,37.29,51.2083
2022-07-18T02:00:00.000000000,37.21,50.31462
2022-07-18T03:00:00.000000000,37.0,49.63105
2022-07-18T04:00:00.000000000,37.24,49.09842
2022-07-18T05:00:00.000000000,37.31,48.966
2022-07-18T06:00:00.000000000,38.24,49.32369
2022-07-18T07:00:00.000000000,39.03,49.99894
2022-07-18T08:00:00.000000000,39.63,50.95307
2022-07-18T09:00:00.000000000,40.7,52.13649
2022-07-18T10:00:00.000000000,40.64,53.36413
2022-07-18T11:00:00.000000000,41.81,54.15645
2022-07-18T12:00:00.000000000,44.93,54.31983
2022-07-18T13:00:00.000000000,46.23,54.06312
2022-07-18T14:00:00.000000000,52.28,53.67825
2022-07-18T15:00:00.000000000,58.26,53.37531
2022-07-18T16:00:00.000000000,59.83,53.21887
2022-07-18T17:00:00.000000000,59.0,52.83781
2022-07-18T18:00:00.000000000,61.18,52.4703
2022-07-18T19:00:00.000000000,61.85,52.4065
2022-07-18T20:00:00.000000000,63.12,52.81729
2022-07-18T21:00:00.000000000,64.2,53.30718
2022-07-18T22:00:00.000000000,65.57,53.38074
2022-07-18T23:00:00.000000000,65.04,53.40793
2022-07-16T00:00:00.000000000,51.14,52.3019
2022-07-16T01:00:00.000000000,50.48,51.92206
2022-07-16T02:00:00.000000000,50.13,51.7075
2022-07-16T03:00:00.000000000,50.58,51.64583
2022-07-16T04:00:00.000000000,51.89,51.56729
2022-07-16T05:00:00.000000000,52.2,51.61988
2022-07-16T06:00:00.000000000,50.38,51.81944
2022-07-16T07:00:00.000000000,44.32,51.98767
2022-07-16T08:00:00.000000000,38.85,52.16443
2022-07-16T09:00:00.000000000,39.27,52.41915
2022-07-16T10:00:00.000000000,39.4,52.74391
2022-07-16T11:00:00.000000000,40.17,52.96606
2022-07-16T12:00:00.000000000,42.94,53.06114
2022-07-16T13:00:00.000000000,50.19,53.18742
2022-07-16T14:00:00.000000000,58.47,53.41832
2022-07-16T15:00:00.000000000,58.61,53.71867
2022-07-16T16:00:00.000000000,57.62,54.01804
2022-07-16T17:00:00.000000000,57.45,54.00072
2022-07-16T18:00:00.000000000,56.07,53.85094
2022-07-16T19:00:00.000000000,55.85,53.74656
2022-07-16T20:00:00.000000000,55.69,53.81568
2022-07-16T21:00:00.000000000,54.96,53.79757
2022-07-16T22:00:00.000000000,54.41,53.45905
2022-07-16T23:00:00.000000000,54.02,53.41494
2022-07-17T00:00:00.000000000,52.76,52.92796
2022-07-17T01:00:00.000000000,51.18,52.14665
2022-07-17T02:00:00.000000000,51.57,51.37117
2022-07-17T03:00:00.000000000,51.66,50.71179
2022-07-17T04:00:00.000000000,51.9,50.12243
2022-07-17T05:00:00.000000000,51.52,49.85961
2022-07-17T06:00:00.000000000,49.7,50.03583
2022-07-17T07:00:00.000000000,45.09,50.51937
2022-07-17T08:00:00.000000000,39.87,51.34922
2022-07-17T09:00:00.000000000,40.0,52.52235
2022-07-17T10:00:00.000000000,40.19,53.88082
2022-07-17T11:00:00.000000000,40.69,54.89585
2022-07-17T12:00:00.000000000,40.5,55.34973
2022-07-17T13:00:00.000000000,40.64,55.39287
2022-07-17T14:00:00.000000000,40.72,55.27411
2022-07-17T15:00:00.000000000,40.11,55.11114
2022-07-17T16:00:00.000000000,39.46,54.91355
2022-07-17T17:00:00.000000000,39.25,54.33721
2022-07-17T18:00:00.000000000,39.29,53.69117
2022-07-17T19:00:00.000000000,39.56,53.33408
2022-07-17T20:00:00.000000000,39.26,53.47832
2022-07-17T21:00:00.000000000,38.99,53.76499
2022-07-17T22:00:00.000000000,38.77,53.74521
2022-07-17T23:00:00.000000000,38.04,53.81707
2022-07-18T00:00:00.000000000,37.63,49.78096
2022-07-18T01:00:00.000000000,37.29,48.90545
2022-07-18T02:00:00.000000000,37.21,48.16226
2022-07-18T03:00:00.000000000,37.0,47.66758
2022-07-18T04:00:00.000000000,37.24,47.32287
2022-07-18T05:00:00.000000000,37.31,47.35783
2022-07-18T06:00:00.000000000,38.24,47.80662
2022-07-18T07:00:00.000000000,39.03,48.44252
2022-07-18T08:00:00.000000000,39.63,49.18428
2022-07-18T09:00:00.000000000,40.7,50.0222
2022-07-18T10:00:00.000000000,40.64,50.8099
2022-07-18T11:00:00.000000000,41.81,51.2279
2022-07-18T12:00:00.000000000,44.93,51.18223
2022-07-18T13:00:00.000000000,46.23,50.90809
2022-07-18T14:00:00.000000000,52.28,50.67175
2022-07-18T15:00:00.000000000,58.26,50.60494
2022-07-18T16:00:00.000000000,59.83,50.74871
2022-07-18T17:00:00.000000000,59.0,50.73523
2022-07-18T18:00:00.000000000,61.18,50.71936
2022-07-18T19:00:00.000000000,61.85,50.89111
2022-07-18T20:00:00.000000000,63.12,51.36923
2022-07-18T21:00:00.000000000,64.2,51.75595
2022-07-18T22:00:00.000000000,65.57,51.65117
2022-07-18T23:00:00.000000000,65.04,51.5309
2022-07-19T00:00:00.000000000,64.53,51.82974
2022-07-19T01:00:00.000000000,63.56,51.12131
2022-07-19T02:00:00.000000000,63.64,50.44276
2022-07-19T03:00:00.000000000,63.13,49.8667
2022-07-19T04:00:00.000000000,64.3,49.36507
2022-07-19T05:00:00.000000000,65.18,49.18337
2022-07-19T06:00:00.000000000,63.31,49.40999
2022-07-19T07:00:00.000000000,58.44,49.88396
2022-07-19T08:00:00.000000000,54.62,50.63812
2022-07-19T09:00:00.000000000,54.77,51.71865
2022-07-19T10:00:00.000000000,55.17,53.00326
2022-07-19T11:00:00.000000000,55.87,53.9996
2022-07-19T12:00:00.000000000,55.63,54.52127
2022-07-19T13:00:00.000000000,56.58,54.69994
2022-07-19T14:00:00.000000000,64.92,54.7678
2022-07-19T15:00:00.000000000,66.07,54.765
2022-07-19T16:00:00.000000000,66.99,54.67024
2022-07-19T17:00:00.000000000,66.4,54.13982
2022-07-19T18:00:00.000000000,65.76,53.48446
2022-07-19T19:00:00.000000000,62.85,53.05103
2022-07-19T20:00:00.000000000,61.89,53.03367
2022-07-19T21:00:00.000000000,61.46,53.09375
2022-07-19T22:00:00.000000000,60.01,52.86921
2022-07-19T23:00:00.000000000,60.61,52.8239
2022-07-17T00:00:00.000000000,52.76,54.48023
2022-07-17T01:00:00.000000000,51.18,54.76403
2022-07-17T02:00:00.000000000,51.57,55.03964
2022-07-17T03:00:00.000000000,51.66,55.2073
2022-07-17T04:00:00.000000000,51.9,55.07052
2022-07-17T05:00:00.000000000,51.52,54.70478
2022-07-17T06:00:00.000000000,49.7,54.17324
2022-07-17T07:00:00.000000000,45.09,53.51573
2022-07-17T08:00:00.000000000,39.87,53.10541
2022-07-17T09:00:00.000000000,40.0,53.24131
2022-07-17T10:00:00.000000000,40.19,54.07438
2022-07-17T11:00:00.000000000,40.69,55.19894
2022-07-17T12:00:00.000000000,40.5,56.40085
2022-07-17T13:00:00.000000000,40.64,57.56794
2022-07-17T14:00:00.000000000,40.72,58.64843
2022-07-17T15:00:00.000000000,40.11,59.36426
2022-07-17T16:00:00.000000000,39.46,59.49949
2022-07-17T17:00:00.000000000,39.25,58.78152
2022-07-17T18:00:00.000000000,39.29,57.55034
2022-07-17T19:00:00.000000000,39.56,56.20453
2022-07-17T20:00:00.000000000,39.26,55.12713
2022-07-17T21:00:00.000000000,38.99,54.36513
2022-07-17T22:00:00.000000000,38.77,53.87708
2022-07-17T23:00:00.000000000,38.04,54.21457
2022-07-18T00:00:00.000000000,37.63,50.70977
2022-07-18T01:00:00.000000000,37.29,49.79294
2022-07-18T02:00:00.000000000,37.21,48.91633
2022-07-18T03:00:00.000000000,37.0,48.227
2022-07-18T04:00:00.000000000,37.24,47.65307
2022-07-18T05:00:00.000000000,37.31,47.44923
2022-07-18T06:00:00.000000000,38.24,47.71356
2022-07-18T07:00:00.000000000,39.03,48.30528
2022-07-18T08:00:00.000000000,39.63,49.23107
2022-07-18T09:00:00.000000000,40.7,50.46716
2022-07-18T10:00:00.000000000,40.64,51.83202
2022-07-18T11:00:00.000000000,41.81,52.7836
2022-07-18T12:00:00.000000000,44.93,53.09425
2022-07-18T13:00:00.000000000,46.23,52.95962
2022-07-18T14:00:00.000000000,52.28,52.69359
2022-07-18T15:00:00.000000000,58.26,52.46785
2022-07-18T16:00:00.000000000,59.83,52.31946
2022-07-18T17:00:00.000000000,59.0,51.88781
2022-07-18T18:00:00.000000000,61.18,51.40992
2022-07-18T19:00:00.000000000,61.85,51.21889
2022-07-18T20:00:00.000000000,63.12,51.53846
2022-07-18T21:00:00.000000000,64.2,51.98532
2022-07-18T22:00:00.000000000,65.57,52.0635
2022-07-18T23:00:00.000000000,65.04,52.11729
2022-07-19T00:00:00.000000000,64.53,52.90126
2022-07-19T01:00:00.000000000,63.56,52.13695
2022-07-19T02:00:00.000000000,63.64,51.32027
2022-07-19T03:00:00.000000000,63.13,50.54511
2022-07-19T04:00:00.000000000,64.3,49.79475
2022-07-19T05:00:00.000000000,65.18,49.35351
2022-07-19T06:00:00.000000000,63.31,49.38981
2022-07-19T07:00:00.000000000,58.44,49.84182
2022-07-19T08:00:00.000000000,54.62,50.777
2022-07-19T09:00:00.000000000,54.77,52.20409
2022-07-19T10:00:00.000000000,55.17,53.92529
2022-07-19T11:00:00.000000000,55.87,55.31676
2022-07-19T12:00:00.000000000,55.63,56.11778
2022-07-19T13:00:00.000000000,56.58,56.4347
2022-07-19T14:00:00.000000000,64.92,56.50208
2022-07-19T15:00:00.000000000,66.07,56.36004
2022-07-19T16:00:00.000000000,66.99,56.01936
2022-07-19T17:00:00.000000000,66.4,55.15821
2022-07-19T18:00:00.000000000,65.76,54.17747
2022-07-19T19:00:00.000000000,62.85,53.53296
2022-07-19T20:00:00.000000000,61.89,53.4896
2022-07-19T21:00:00.000000000,61.46,53.67228
2022-07-19T22:00:00.000000000,60.01,53.63823
2022-07-19T23:00:00.000000000,60.61,53.73391
2022-07-20T00:00:00.000000000,60.48,53.63186
2022-07-20T01:00:00.000000000,61.55,52.66026
2022-07-20T02:00:00.000000000,61.37,51.73136
2022-07-20T03:00:00.000000000,61.78,50.96378
2022-07-20T04:00:00.000000000,62.46,50.4345
2022-07-20T05:00:00.000000000,61.92,50.41015
2022-07-20T06:00:00.000000000,63.99,51.02982
2022-07-20T07:00:00.000000000,62.32,52.09989
2022-07-20T08:00:00.000000000,58.67,53.47621
2022-07-20T09:00:00.000000000,59.58,55.14988
2022-07-20T10:00:00.000000000,60.73,56.92405
2022-07-20T11:00:00.000000000,61.64,58.25051
2022-07-20T12:00:00.000000000,61.67,58.95268
2022-07-20T13:00:00.000000000,60.53,59.17423
2022-07-20T14:00:00.000000000,62.1,59.17509
2022-07-20T15:00:00.000000000,63.37,58.98731
2022-07-20T16:00:00.000000000,61.6,58.66018
2022-07-20T17:00:00.000000000,59.8,57.82293
2022-07-20T18:00:00.000000000,60.57,56.92146
2022-07-20T19:00:00.000000000,59.99,56.31111
2022-07-20T20:00:00.000000000,58.0,56.08336
2022-07-20T21:00:00.000000000,57.33,55.88538
2022-07-20T22:00:00.000000000,57.59,55.36955
2022-07-20T23:00:00.000000000,56.96,54.99474
2022-07-18T00:00:00.000000000,37.63,35.18224
2022-07-18T01:00:00.000000000,37.29,35.0614
2022-07-18T02:00:00.000000000,37.21,35.1554
2022-07-18T03:00:00.000000000,37.0,35.39959
2022-07-18T04:00:00.000000000,37.24,35.46185
2022-07-18T05:00:00.000000000,37.31,35.67267
2022-07-18T06:00:00.000000000,38.24,35.91778
2022-07-18T07:00:00.000000000,39.03,36.07261
2022-07-18T08:00:00.000000000,39.63,36.11228
2022-07-18T09:00:00.000000000,40.7,36.19487
2022-07-18T10:00:00.000000000,40.64,36.30257
2022-07-18T11:00:00.000000000,41.81,36.35869
2022-07-18T12:00:00.000000000,44.93,36.35532
2022-07-18T13:00:00.000000000,46.23,36.42429
2022-07-18T14:00:00.000000000,52.28,36.57391
2022-07-18T15:00:00.000000000,58.26,36.65498
2022-07-18T16:00:00.000000000,59.83,36.80146
2022-07-18T17:00:00.000000000,59.0,36.81181
2022-07-18T18:00:00.000000000,61.18,36.71407
2022-07-18T19:00:00.000000000,61.85,36.65429
2022-07-18T20:00:00.000000000,63.12,36.86707
2022-07-18T21:00:00.000000000,64.2,36.94789
2022-07-18T22:00:00.000000000,65.57,36.90168
2022-07-18T23:00:00.000000000,65.04,37.15927
2022-07-19T00:00:00.000000000,64.53,39.92898
2022-07-19T01:00:00.000000000,63.56,39.65917
2022-07-19T02:00:00.000000000,63.64,39.62086
2022-07-19T03:00:00.000000000,63.13,39.76774
2022-07-19T04:00:00.000000000,64.3,39.8194
2022-07-19T05:00:00.000000000,65.18,40.03375
2022-07-19T06:00:00.000000000,63.31,40.33183
2022-07-19T07:00:00.000000000,58.44,40.55656
2022-07-19T08:00:00.000000000,54.62,40.68318
2022-07-19T09:00:00.000000000,54.77,40.86238
2022-07-19T10:00:00.000000000,55.17,41.04118
2022-07-19T11:00:00.000000000,55.87,41.10108
2022-07-19T12:00:00.000000000,55.63,41.05012
2022-07-19T13:00:00.000000000,56.58,41.08722
2022-07-19T14:00:00.000000000,64.92,41.28932
2022-07-19T15:00:00.000000000,66.07,41.51406
2022-07-19T16:00:00.000000000,66.99,41.80876
2022-07-19T17:00:00.000000000,66.4,41.9267
2022-07-19T18:00:00.000000000,65.76,41.92656
2022-07-19T19:00:00.000000000,62.85,41.95162
2022-07-19T20:00:00.000000000,61.89,42.19328
2022-07-19T21:00:00.000000000,61.46,42.27516
2022-07-19T22:00:00.000000000,60.01,42.09181
2022-07-19T23:00:00.000000000,60.61,42.15871
2022-07-20T00:00:00.000000000,60.48,44.54357
2022-07-20T01:00:00.000000000,61.55,44.11726
2022-07-20T02:00:00.000000000,61.37,43.90972
2022-07-20T03:00:00.000000000,61.78,43.91094
2022-07-20T04:00:00.000000000,62.46,43.89626
2022-07-20T05:00:00.000000000,61.92,44.06547
2022-07-20T06:00:00.000000000,63.99,44.37585
2022-07-20T07:00:00.000000000,62.32,44.64248
2022-07-20T08:00:00.000000000,58.67,44.84703
2022-07-20T09:00:00.000000000,59.58,45.1104
2022-07-20T10:00:00.000000000,60.73,45.37072
2022-07-20T11:00:00.000000000,61.64,45.47668
2022-07-20T12:00:00.000000000,61.67,45.43373
2022-07-20T13:00:00.000000000,60.53,45.45665
2022-07-20T14:00:00.000000000,62.1,45.66794
2022-07-20T15:00:00.000000000,63.37,45.96853
2022-07-20T16:00:00.000000000,61.6,46.34829
2022-07-20T17:00:00.000000000,59.8,46.51656
2022-07-20T18:00:00.000000000,60.57,46.56232
2022-07-20T19:00:00.000000000,59.99,46.6321
2022-07-20T20:00:00.000000000,58.0,46.88092
2022-07-20T21:00:00.000000000,57.33,46.9646
2022-07-20T22:00:00.000000000,57.59,46.69831
2022-07-20T23:00:00.000000000,56.96,46.63932
2022-07-21T00:00:00.000000000,55.86,49.08302
2022-07-21T01:00:00.000000000,56.21,48.96113
2022-07-21T02:00:00.000000000,55.47,48.96096
2022-07-21T03:00:00.000000000,57.33,49.02052
2022-07-21T04:00:00.000000000,60.88,48.95201
2022-07-21T05:00:00.000000000,62.73,48.85922
2022-07-21T06:00:00.000000000,64.63,48.75207
2022-07-21T07:00:00.000000000,62.71,48.53722
2022-07-21T08:00:00.000000000,59.51,48.42757
2022-07-21T09:00:00.000000000,59.85,48.65263
2022-07-21T10:00:00.000000000,60.25,49.2815
2022-07-21T11:00:00.000000000,61.33,49.99883
2022-07-21T12:00:00.000000000,60.98,50.70025
2022-07-21T13:00:00.000000000,61.0,51.41175
2022-07-21T14:00:00.000000000,61.72,52.17627
2022-07-21T15:00:00.000000000,62.54,52.79141
2022-07-21T16:00:00.000000000,61.0,53.1163
2022-07-21T17:00:00.000000000,60.34,52.85935
2022-07-21T18:00:00.000000000,59.61,52.23289
2022-07-21T19:00:00.000000000,60.22,51.51619
2022-07-21T20:00:00.000000000,60.19,50.98433
2022-07-21T21:00:00.000000000,59.17,50.51634
2022-07-21T22:00:00.000000000,58.59,50.02955
2022-07-21T23:00:00.000000000,58.2,50.08196
2022-07-19T00:00:00.000000000,64.53,65.72615
2022-07-19T01:00:00.000000000,63.56,66.42907
2022-07-19T02:00:00.000000000,63.64,67.09594
2022-07-19T03:00:00.000000000,63.13,67.59853
2022-07-19T04:00:00.000000000,64.3,67.73221
2022-07-19T05:00:00.000000000,65.18,67.42279
2022-07-19T06:00:00.000000000,63.31,66.48774
2022-07-19T07:00:00.000000000,58.44,64.89542
2022-07-19T08:00:00.000000000,54.62,63.11885
2022-07-19T09:00:00.000000000,54.77,61.87325
2022-07-19T10:00:00.000000000,55.17,61.67662
2022-07-19T11:00:00.000000000,55.87,62.61052
2022-07-19T12:00:00.000000000,55.63,64.50928
2022-07-19T13:00:00.000000000,56.58,66.83391
2022-07-19T14:00:00.000000000,64.92,69.07292
2022-07-19T15:00:00.000000000,66.07,70.84924
2022-07-19T16:00:00.000000000,66.99,71.8583
2022-07-19T17:00:00.000000000,66.4,71.84522
2022-07-19T18:00:00.000000000,65.76,71.01192
2022-07-19T19:00:00.000000000,62.85,69.33223
2022-07-19T20:00:00.000000000,61.89,67.12312
2022-07-19T21:00:00.000000000,61.46,65.0747
2022-07-19T22:00:00.000000000,60.01,63.66425
2022-07-19T23:00:00.000000000,60.61,63.78299
2022-07-20T00:00:00.000000000,60.48,60.04355
2022-07-20T01:00:00.000000000,61.55,59.08393
2022-07-20T02:00:00.000000000,61.37,58.71728
2022-07-20T03:00:00.000000000,61.78,59.08369
2022-07-20T04:00:00.000000000,62.46,60.07795
2022-07-20T05:00:00.000000000,61.92,61.35312
2022-07-20T06:00:00.000000000,63.99,62.75296
2022-07-20T07:00:00.000000000,62.32,63.96122
2022-07-20T08:00:00.000000000,58.67,64.87768
2022-07-20T09:00:00.000000000,59.58,65.5239
2022-07-20T10:00:00.000000000,60.73,65.88139
2022-07-20T11:00:00.000000000,61.64,65.74726
2022-07-20T12:00:00.000000000,61.67,65.19057
2022-07-20T13:00:00.000000000,60.53,64.71055
2022-07-20T14:00:00.000000000,62.1,64.63002
2022-07-20T15:00:00.000000000,63.37,64.95086
2022-07-20T16:00:00.000000000,61.6,65.47595
2022-07-20T17:00:00.000000000,59.8,65.58656
2022-07-20T18:00:00.000000000,60.57,65.41918
2022-07-20T19:00:00.000000000,59.99,65.09169
2022-07-20T20:00:00.000000000,58.0,64.61693
2022-07-20T21:00:00.000000000,57.33,63.95884
2022-07-20T22:00:00.000000000,57.59,62.84117
2022-07-20T23:00:00.000000000,56.96,61.93616
2022-07-21T00:00:00.000000000,55.86,58.75673
2022-07-21T01:00:00.000000000,56.21,57.73954
2022-07-21T02:00:00.000000000,55.47,57.05067
2022-07-21T03:00:00.000000000,57.33,57.02586
2022-07-21T04:00:00.000000000,60.88,57.60285
2022-07-21T05:00:00.000000000,62.73,58.76082
2022-07-21T06:00:00.000000000,64.63,60.40275
2022-07-21T07:00:00.000000000,62.71,62.18887
2022-07-21T08:00:00.000000000,59.51,63.72001
2022-07-21T09:00:00.000000000,59.85,65.02899
2022-07-21T10:00:00.000000000,60.25,66.04982
2022-07-21T11:00:00.000000000,61.33,66.5296
2022-07-21T12:00:00.000000000,60.98,66.29493
2022-07-21T13:00:00.000000000,61.0,65.60305
2022-07-21T14:00:00.000000000,61.72,64.76635
2022-07-21T15:00:00.000000000,62.54,64.12692
2022-07-21T16:00:00.000000000,61.0,63.88946
2022-07-21T17:00:00.000000000,60.34,63.49782
2022-07-21T18:00:00.000000000,59.61,63.11161
2022-07-21T19:00:00.000000000,60.22,62.66129
2022-07-21T20:00:00.000000000,60.19,62.1789
2022-07-21T21:00:00.000000000,59.17,61.72544
2022-07-21T22:00:00.000000000,58.59,61.01506
2022-07-21T23:00:00.000000000,58.2,60.47279
2022-07-22T00:00:00.000000000,57.45,57.93707
2022-07-22T01:00:00.000000000,58.53,56.79026
2022-07-22T02:00:00.000000000,58.22,56.04655
2022-07-22T03:00:00.000000000,59.65,55.99571
2022-07-22T04:00:00.000000000,59.78,56.58216
2022-07-22T05:00:00.000000000,60.91,57.73739
2022-07-22T06:00:00.000000000,51.88,59.37218
2022-07-22T07:00:00.000000000,50.5,61.13559
2022-07-22T08:00:00.000000000,50.96,62.67997
2022-07-22T09:00:00.000000000,50.89,64.00282
2022-07-22T10:00:00.000000000,50.8,65.01773
2022-07-22T11:00:00.000000000,49.08,65.41697
2022-07-22T12:00:00.000000000,49.35,65.04659
2022-07-22T13:00:00.000000000,49.28,64.2651
2022-07-22T14:00:00.000000000,56.28,63.48721
2022-07-22T15:00:00.000000000,58.06,63.02734
2022-07-22T16:00:00.000000000,58.42,62.98142
2022-07-22T17:00:00.000000000,58.31,62.71683
2022-07-22T18:00:00.000000000,58.56,62.37814
2022-07-22T19:00:00.000000000,58.4,62.00224
2022-07-22T20:00:00.000000000,60.64,61.64199
2022-07-22T21:00:00.000000000,58.78,61.27685
2022-07-22T22:00:00.000000000,60.1,60.53204
2022-07-22T23:00:00.000000000,57.62,59.84764
2022-07-20T00:00:00.000000000,60.48,62.52683
2022-07-20T01:00:00.000000000,61.55,61.9163
2022-07-20T02:00:00.000000000,61.37,61.07987
2022-07-20T03:00:00.000000000,61.78,60.20165
2022-07-20T04:00:00.000000000,62.46,59.2991
2022-07-20T05:00:00.000000000,61.92,58.57422
2022-07-20T06:00:00.000000000,63.99,58.23882
2022-07-20T07:00:00.000000000,62.32,58.26547
2022-07-20T08:00:00.000000000,58.67,58.90924
2022-07-20T09:00:00.000000000,59.58,60.29385
2022-07-20T10:00:00.000000000,60.73,62.33532
2022-07-20T11:00:00.000000000,61.64,64.35675
2022-07-20T12:00:00.000000000,61.67,65.96138
2022-07-20T13:00:00.000000000,60.53,67.00249
2022-07-20T14:00:00.000000000,62.1,67.61047
2022-07-20T15:00:00.000000000,63.37,67.87275
2022-07-20T16:00:00.000000000,61.6,67.60537
2022-07-20T17:00:00.000000000,59.8,66.43222
2022-07-20T18:00:00.000000000,60.57,64.85149
2022-07-20T19:00:00.000000000,59.99,63.42081
2022-07-20T20:00:00.000000000,58.0,62.50991
2022-07-20T21:00:00.000000000,57.33,62.08586
2022-07-20T22:00:00.000000000,57.59,61.7084
2022-07-20T23:00:00.000000000,56.96,61.77685
2022-07-21T00:00:00.000000000,55.86,60.59777
2022-07-21T01:00:00.000000000,56.21,59.55965
2022-07-21T02:00:00.000000000,55.47,58.52755
2022-07-21T03:00:00.000000000,57.33,57.85368
2022-07-21T04:00:00.000000000,60.88,57.6685
2022-07-21T05:00:00.000000000,62.73,58.17187
2022-07-21T06:00:00.000000000,64.63,59.3854
2022-07-21T07:00:00.000000000,62.71,60.96224
2022-07-21T08:00:00.000000000,59.51,62.57909
2022-07-21T09:00:00.000000000,59.85,64.19846
2022-07-21T10:00:00.000000000,60.25,65.6626
2022-07-21T11:00:00.000000000,61.33,66.66955
2022-07-21T12:00:00.000000000,60.98,67.15461
2022-07-21T13:00:00.000000000,61.0,67.15244
2022-07-21T14:00:00.000000000,61.72,66.7636
2022-07-21T15:00:00.000000000,62.54,66.18245
2022-07-21T16:00:00.000000000,61.0,65.578
2022-07-21T17:00:00.000000000,60.34,64.70741
2022-07-21T18:00:00.000000000,59.61,64.03757
2022-07-21T19:00:00.000000000,60.22,63.57531
2022-07-21T20:00:00.000000000,60.19,63.18342
2022-07-21T21:00:00.000000000,59.17,62.66227
2022-07-21T22:00:00.000000000,58.59,61.80796
2022-07-21T23:00:00.000000000,58.2,61.28013
2022-07-22T00:00:00.000000000,57.45,59.32865
2022-07-22T01:00:00.000000000,58.53,58.11453
2022-07-22T02:00:00.000000000,58.22,57.13823
2022-07-22T03:00:00.000000000,59.65,56.76738
2022-07-22T04:00:00.000000000,59.78,57.08562
2022-07-22T05:00:00.000000000,60.91,58.12493
2022-07-22T06:00:00.000000000,51.88,59.79503
2022-07-22T07:00:00.000000000,50.5,61.65591
2022-07-22T08:00:00.000000000,50.96,63.34876
2022-07-22T09:00:00.000000000,50.89,64.83964
2022-07-22T10:00:00.000000000,50.8,66.02372
2022-07-22T11:00:00.000000000,49.08,66.6276
2022-07-22T12:00:00.000000000,49.35,66.56986
2022-07-22T13:00:00.000000000,49.28,66.05373
2022-07-22T14:00:00.000000000,56.28,65.3626
2022-07-22T15:00:00.000000000,58.06,64.80028
2022-07-22T16:00:00.000000000,58.42,64.49819
2022-07-22T17:00:00.000000000,58.31,63.99409
2022-07-22T18:00:00.000000000,58.56,63.57431
2022-07-22T19:00:00.000000000,58.4,63.21697
2022-07-22T20:00:00.000000000,60.64,62.833
2022-07-22T21:00:00.000000000,58.78,62.29291
2022-07-22T22:00:00.000000000,60.1,61.32852
2022-07-22T23:00:00.000000000,57.62,60.55476
2022-07-23T00:00:00.000000000,60.2,59.4108
2022-07-23T01:00:00.000000000,60.58,58.14927
2022-07-23T02:00:00.000000000,60.07,57.2196
2022-07-23T03:00:00.000000000,59.58,57.0196
2022-07-23T04:00:00.000000000,57.43,57.5361
2022-07-23T05:00:00.000000000,58.07,58.74344
2022-07-23T06:00:00.000000000,55.96,60.53401
2022-07-23T07:00:00.000000000,53.42,62.51166
2022-07-23T08:00:00.000000000,54.47,64.23061
2022-07-23T09:00:00.000000000,55.47,65.64074
2022-07-23T10:00:00.000000000,56.01,66.63314
2022-07-23T11:00:00.000000000,56.61,66.99527
2022-07-23T12:00:00.000000000,57.05,66.61959
2022-07-23T13:00:00.000000000,59.56,65.79853
2022-07-23T14:00:00.000000000,66.95,64.90782
2022-07-23T15:00:00.000000000,66.59,64.30443
2022-07-23T16:00:00.000000000,65.68,64.16718
2022-07-23T17:00:00.000000000,65.17,63.93754
2022-07-23T18:00:00.000000000,66.23,63.7869
2022-07-23T19:00:00.000000000,67.41,63.60009
2022-07-23T20:00:00.000000000,68.65,63.32595
2022-07-23T21:00:00.000000000,69.41,62.93574
2022-07-23T22:00:00.000000000,67.39,62.10475
2022-07-23T23:00:00.000000000,66.88,61.33588
2022-07-21T00:00:00.000000000,55.86,57.68589
2022-07-21T01:00:00.000000000,56.21,56.49123
2022-07-21T02:00:00.000000000,55.47,55.50841
2022-07-21T03:00:00.000000000,57.33,54.98351
2022-07-21T04:00:00.000000000,60.88,54.97317
2022-07-21T05:00:00.000000000,62.73,55.56516
2022-07-21T06:00:00.000000000,64.63,56.79524
2022-07-21T07:00:00.000000000,62.71,58.36082
2022-07-21T08:00:00.000000000,59.51,60.01889
2022-07-21T09:00:00.000000000,59.85,61.65985
2022-07-21T10:00:00.000000000,60.25,63.09975
2022-07-21T11:00:00.000000000,61.33,63.91629
2022-07-21T12:00:00.000000000,60.98,63.971
2022-07-21T13:00:00.000000000,61.0,63.53901
2022-07-21T14:00:00.000000000,61.72,62.99698
2022-07-21T15:00:00.000000000,62.54,62.55917
2022-07-21T16:00:00.000000000,61.0,62.27346
2022-07-21T17:00:00.000000000,60.34,61.63575
2022-07-21T18:00:00.000000000,59.61,60.99082
2022-07-21T19:00:00.000000000,60.22,60.57094
2022-07-21T20:00:00.000000000,60.19,60.40914
2022-07-21T21:00:00.000000000,59.17,60.22058
2022-07-21T22:00:00.000000000,58.59,59.57511
2022-07-21T23:00:00.000000000,58.2,58.96231
2022-07-22T00:00:00.000000000,57.45,58.11265
2022-07-22T01:00:00.000000000,58.53,57.25451
2022-07-22T02:00:00.000000000,58.22,56.41214
2022-07-22T03:00:00.000000000,59.65,55.82356
2022-07-22T04:00:00.000000000,59.78,55.58624
2022-07-22T05:00:00.000000000,60.91,55.95229
2022-07-22T06:00:00.000000000,51.88,56.98802
2022-07-22T07:00:00.000000000,50.5,58.39004
2022-07-22T08:00:00.000000000,50.96,59.86977
2022-07-22T09:00:00.000000000,50.89,61.40664
2022-07-22T10:00:00.000000000,50.8,62.85671
2022-07-22T11:00:00.000000000,49.08,63.88435
2022-07-22T12:00:00.000000000,49.35,64.39046
2022-07-22T13:00:00.000000000,49.28,64.44283
2022-07-22T14:00:00.000000000,56.28,64.1675
2022-07-22T15:00:00.000000000,58.06,63.69634
2022-07-22T16:00:00.000000000,58.42,63.16805
2022-07-22T17:00:00.000000000,58.31,62.29924
2022-07-22T18:00:00.000000000,58.56,61.55573
2022-07-22T19:00:00.000000000,58.4,61.04226
2022-07-22T20:00:00.000000000,60.64,60.68388
2022-07-22T21:00:00.000000000,58.78,60.24361
2022-07-22T22:00:00.000000000,60.1,59.4945
2022-07-22T23:00:00.000000000,57.62,59.05358
2022-07-23T00:00:00.000000000,60.2,60.22634
2022-07-23T01:00:00.000000000,60.58,59.51773
2022-07-23T02:00:00.000000000,60.07,58.71474
2022-07-23T03:00:00.000000000,59.58,58.05102
2022-07-23T04:00:00.000000000,57.43,57.63022
2022-07-23T05:00:00.000000000,58.07,57.7781
2022-07-23T06:00:00.000000000,55.96,58.63407
2022-07-23T07:00:00.000000000,53.42,59.93968
2022-07-23T08:00:00.000000000,54.47,61.38057
2022-07-23T09:00:00.000000000,55.47,62.92923
2022-07-23T10:00:00.000000000,56.01,64.45038
2022-07-23T11:00:00.000000000,56.61,65.68611
2022-07-23T12:00:00.000000000,57.05,66.58951
2022-07-23T13:00:00.000000000,59.56,67.08507
2022-07-23T14:00:00.000000000,66.95,67.12793
2022-07-23T15:00:00.000000000,66.59,66.77922
2022-07-23T16:00:00.000000000,65.68,66.17394
2022-07-23T17:00:00.000000000,65.17,65.17843
2022-07-23T18:00:00.000000000,66.23,64.36045
2022-07-23T19:00:00.000000000,67.41,63.75464
2022-07-23T20:00:00.000000000,68.65,63.20622
2022-07-23T21:00:00.000000000,69.41,62.54043
2022-07-23T22:00:00.000000000,67.39,61.62003
2022-07-23T23:00:00.000000000,66.88,61.16406
2022-07-24T00:00:00.000000000,65.35,60.53325
2022-07-24T01:00:00.000000000,64.64,59.03633
2022-07-24T02:00:00.000000000,63.71,57.81092
2022-07-24T03:00:00.000000000,60.8,57.30923
2022-07-24T04:00:00.000000000,60.5,57.60461
2022-07-24T05:00:00.000000000,61.84,58.66127
2022-07-24T06:00:00.000000000,62.35,60.39093
2022-07-24T07:00:00.000000000,66.02,62.3599
2022-07-24T08:00:00.000000000,73.99,64.19792
2022-07-24T09:00:00.000000000,74.95,65.80817
2022-07-24T10:00:00.000000000,75.89,67.02535
2022-07-24T11:00:00.000000000,76.79,67.55986
2022-07-24T12:00:00.000000000,76.64,67.35119
2022-07-24T13:00:00.000000000,76.94,66.6827
2022-07-24T14:00:00.000000000,75.01,65.93399
2022-07-24T15:00:00.000000000,75.0,65.43437
2022-07-24T16:00:00.000000000,71.01,65.30236
2022-07-24T17:00:00.000000000,70.51,65.01654
2022-07-24T18:00:00.000000000,69.05,64.82466
2022-07-24T19:00:00.000000000,69.07,64.67677
2022-07-24T20:00:00.000000000,67.91,64.49058
2022-07-24T21:00:00.000000000,67.55,64.10759
2022-07-24T22:00:00.000000000,65.39,63.16765
2022-07-24T23:00:00.000000000,63.46,62.2496
2022-07-22T00:00:00.000000000,57.45,56.64535
2022-07-22T01:00:00.000000000,58.53,55.34233
2022-07-22T02:00:00.000000000,58.22,54.50451
2022-07-22T03:00:00.000000000,59.65,54.31827
2022-07-22T04:00:00.000000000,59.78,54.73889
2022-07-22T05:00:00.000000000,60.91,55.71943
2022-07-22T06:00:00.000000000,51.88,57.23593
2022-07-22T07:00:00.000000000,50.5,58.98471
2022-07-22T08:00:00.000000000,50.96,60.68374
2022-07-22T09:00:00.000000000,50.89,62.16482
2022-07-22T10:00:00.000000000,50.8,63.27115
2022-07-22T11:00:00.000000000,49.08,63.62483
2022-07-22T12:00:00.000000000,49.35,63.06849
2022-07-22T13:00:00.000000000,49.28,62.06915
2022-07-22T14:00:00.000000000,56.28,61.16528
2022-07-22T15:00:00.000000000,58.06,60.6915
2022-07-22T16:00:00.000000000,58.42,60.62272
2022-07-22T17:00:00.000000000,58.31,60.28215
2022-07-22T18:00:00.000000000,58.56,59.84992
2022-07-22T19:00:00.000000000,58.4,59.58661
2022-07-22T20:00:00.000000000,60.64,59.57639
2022-07-22T21:00:00.000000000,58.78,59.58069
2022-07-22T22:00:00.000000000,60.1,59.0309
2022-07-22T23:00:00.000000000,57.62,58.32458
2022-07-23T00:00:00.000000000,60.2,59.83819
2022-07-23T01:00:00.000000000,60.58,59.09673
2022-07-23T02:00:00.000000000,60.07,58.28781
2022-07-23T03:00:00.000000000,59.58,57.67259
2022-07-23T04:00:00.000000000,57.43,57.35715
2022-07-23T05:00:00.000000000,58.07,57.64052
2022-07-23T06:00:00.000000000,55.96,58.621
2022-07-23T07:00:00.000000000,53.42,59.99316
2022-07-23T08:00:00.000000000,54.47,61.43154
2022-07-23T09:00:00.000000000,55.47,62.93125
2022-07-23T10:00:00.000000000,56.01,64.38283
2022-07-23T11:00:00.000000000,56.61,65.53911
2022-07-23T12:00:00.000000000,57.05,66.34617
2022-07-23T13:00:00.000000000,59.56,66.74092
2022-07-23T14:00:00.000000000,66.95,66.70589
2022-07-23T15:00:00.000000000,66.59,66.33946
2022-07-23T16:00:00.000000000,65.68,65.78877
2022-07-23T17:00:00.000000000,65.17,64.87805
2022-07-23T18:00:00.000000000,66.23,64.12999
2022-07-23T19:00:00.000000000,67.41,63.54699
2022-07-23T20:00:00.000000000,68.65,62.98119
2022-07-23T21:00:00.000000000,69.41,62.27849
2022-07-23T22:00:00.000000000,67.39,61.3132
2022-07-23T23:00:00.000000000,66.88,60.80991
2022-07-24T00:00:00.000000000,65.35,60.56878
2022-07-24T01:00:00.000000000,64.64,59.39345
2022-07-24T02:00:00.000000000,63.71,58.25545
2022-07-24T03:00:00.000000000,60.8,57.59573
2022-07-24T04:00:00.000000000,60.5,57.56681
2022-07-24T05:00:00.000000000,61.84,58.31128
2022-07-24T06:00:00.000000000,62.35,59.79321
2022-07-24T07:00:00.000000000,66.02,61.57109
2022-07-24T08:00:00.000000000,73.99,63.27619
2022-07-24T09:00:00.000000000,74.95,64.88586
2022-07-24T10:00:00.000000000,75.89,66.2757
2022-07-24T11:00:00.000000000,76.79,67.18449
2022-07-24T12:00:00.000000000,76.64,67.56668
2022-07-24T13:00:00.000000000,76.94,67.46128
2022-07-24T14:00:00.000000000,75.01,67.02376
2022-07-24T15:00:00.000000000,75.0,66.50034
2022-07-24T16:00:00.000000000,71.01,66.06368
2022-07-24T17:00:00.000000000,70.51,65.41252
2022-07-24T18:00:00.000000000,69.05,64.95038
2022-07-24T19:00:00.000000000,69.07,64.57911
2022-07-24T20:00:00.000000000,67.91,64.13248
2022-07-24T21:00:00.000000000,67.55,63.46352
2022-07-24T22:00:00.000000000,65.39,62.39846
2022-07-24T23:00:00.000000000,63.46,61.64727
2022-07-25T00:00:00.000000000,61.92,60.64087
2022-07-25T01:00:00.000000000,61.76,59.31972
2022-07-25T02:00:00.000000000,61.43,58.30732
2022-07-25T03:00:00.000000000,62.2,58.03182
2022-07-25T04:00:00.000000000,63.08,58.49445
2022-07-25T05:00:00.000000000,64.65,59.66044
2022-07-25T06:00:00.000000000,68.98,61.42965
2022-07-25T07:00:00.000000000,72.71,63.41834
2022-07-25T08:00:00.000000000,76.86,65.19562
2022-07-25T09:00:00.000000000,80.36,66.69598
2022-07-25T10:00:00.000000000,82.68,67.79142
2022-07-25T11:00:00.000000000,82.12,68.22857
2022-07-25T12:00:00.000000000,80.68,67.89331
2022-07-25T13:00:00.000000000,79.6,67.07807
2022-07-25T14:00:00.000000000,75.33,66.1511
2022-07-25T15:00:00.000000000,75.49,65.47933
2022-07-25T16:00:00.000000000,74.03,65.24999
2022-07-25T17:00:00.000000000,72.66,64.92798
2022-07-25T18:00:00.000000000,70.1,64.7103
2022-07-25T19:00:00.000000000,67.77,64.49233
2022-07-25T20:00:00.000000000,67.26,64.21788
2022-07-25T21:00:00.000000000,66.33,63.86099
2022-07-25T22:00:00.000000000,64.67,63.08055
2022-07-25T23:00:00.000000000,62.66,62.35894
2022-07-23T00:00:00.000000000,60.2,60.81758
2022-07-23T01:00:00.000000000,60.58,59.81604
2022-07-23T02:00:00.000000000,60.07,58.80793
2022-07-23T03:00:00.000000000,59.58,58.0496
2022-07-23T04:00:00.000000000,57.43,57.64082
2022-07-23T05:00:00.000000000,58.07,57.65835
2022-07-23T06:00:00.000000000,55.96,58.11268
2022-07-23T07:00:00.000000000,53.42,58.73198
2022-07-23T08:00:00.000000000,54.47,59.5809
2022-07-23T09:00:00.000000000,55.47,60.76634
2022-07-23T10:00:00.000000000,56.01,62.22854
2022-07-23T11:00:00.000000000,56.61,63.49734
2022-07-23T12:00:00.000000000,57.05,64.38378
2022-07-23T13:00:00.000000000,59.56,64.88947
2022-07-23T14:00:00.000000000,66.95,65.23811
2022-07-23T15:00:00.000000000,66.59,65.52153
2022-07-23T16:00:00.000000000,65.68,65.60959
2022-07-23T17:00:00.000000000,65.17,65.07689
2022-07-23T18:00:00.000000000,66.23,64.29166
2022-07-23T19:00:00.000000000,67.41,63.51054
2022-07-23T20:00:00.000000000,68.65,62.85739
2022-07-23T21:00:00.000000000,69.41,62.25905
2022-07-23T22:00:00.000000000,67.39,61.41932
2022-07-23T23:00:00.000000000,66.88,60.93384
2022-07-24T00:00:00.000000000,65.35,61.4586
2022-07-24T01:00:00.000000000,64.64,60.36913
2022-07-24T02:00:00.000000000,63.71,59.19927
2022-07-24T03:00:00.000000000,60.8,58.37181
2022-07-24T04:00:00.000000000,60.5,58.0651
2022-07-24T05:00:00.000000000,61.84,58.49617
2022-07-24T06:00:00.000000000,62.35,59.69639
2022-07-24T07:00:00.000000000,66.02,61.28807
2022-07-24T08:00:00.000000000,73.99,62.9367
2022-07-24T09:00:00.000000000,74.95,64.60879
2022-07-24T10:00:00.000000000,75.89,66.15638
2022-07-24T11:00:00.000000000,76.79,67.26938
2022-07-24T12:00:00.000000000,76.64,67.88298
2022-07-24T13:00:00.000000000,76.94,67.98182
2022-07-24T14:00:00.000000000,75.01,67.67338
2022-07-24T15:00:00.000000000,75.0,67.16118
2022-07-24T16:00:00.000000000,71.01,66.60544
2022-07-24T17:00:00.000000000,70.51,65.78953
2022-07-24T18:00:00.000000000,69.05,65.20046
2022-07-24T19:00:00.000000000,69.07,64.78958
2022-07-24T20:00:00.000000000,67.91,64.38517
2022-07-24T21:00:00.000000000,67.55,63.80896
2022-07-24T22:00:00.000000000,65.39,62.87836
2022-07-24T23:00:00.000000000,63.46,62.29354
2022-07-25T00:00:00.000000000,61.92,61.40048
2022-07-25T01:00:00.000000000,61.76,60.11452
2022-07-25T02:00:00.000000000,61.43,58.957
2022-07-25T03:00:00.000000000,62.2,58.42709
2022-07-25T04:00:00.000000000,63.08,58.63473
2022-07-25T05:00:00.000000000,64.65,59.65077
2022-07-25T06:00:00.000000000,68.98,61.38337
2022-07-25T07:00:00.000000000,72.71,63.36627
2022-07-25T08:00:00.000000000,76.86,65.1671
2022-07-25T09:00:00.000000000,80.36,66.71983
2022-07-25T10:00:00.000000000,82.68,67.90657
2022-07-25T11:00:00.000000000,82.12,68.55194
2022-07-25T12:00:00.000000000,80.68,68.62685
2022-07-25T13:00:00.000000000,79.6,68.22488
2022-07-25T14:00:00.000000000,75.33,67.53908
2022-07-25T15:00:00.000000000,75.49,66.88611
2022-07-25T16:00:00.000000000,74.03,66.48833
2022-07-25T17:00:00.000000000,72.66,65.99145
2022-07-25T18:00:00.000000000,70.1,65.71859
2022-07-25T19:00:00.000000000,67.77,65.477
2022-07-25T20:00:00.000000000,67.26,65.09737
2022-07-25T21:00:00.000000000,66.33,64.4712
2022-07-25T22:00:00.000000000,64.67,63.41049
2022-07-25T23:00:00.000000000,62.66,62.59387
2022-07-26T00:00:00.000000000,61.6,61.29998
2022-07-26T01:00:00.000000000,61.2,60.01232
2022-07-26T02:00:00.000000000,61.99,59.02626
2022-07-26T03:00:00.000000000,63.26,58.81798
2022-07-26T04:00:00.000000000,65.79,59.34692
2022-07-26T05:00:00.000000000,66.71,60.58949
2022-07-26T06:00:00.000000000,68.45,62.42995
2022-07-26T07:00:00.000000000,73.74,64.52809
2022-07-26T08:00:00.000000000,81.47,66.36683
2022-07-26T09:00:00.000000000,73.89,67.866
2022-07-26T10:00:00.000000000,72.82,68.88051
2022-07-26T11:00:00.000000000,79.34,69.219
2022-07-26T12:00:00.000000000,88.21,68.72441
2022-07-26T13:00:00.000000000,84.38,67.69699
2022-07-26T14:00:00.000000000,80.98,66.52166
2022-07-26T15:00:00.000000000,77.66,65.63068
2022-07-26T16:00:00.000000000,72.63,65.30666
2022-07-26T17:00:00.000000000,69.42,65.02228
2022-07-26T18:00:00.000000000,66.95,64.92636
2022-07-26T19:00:00.000000000,66.54,64.80902
2022-07-26T20:00:00.000000000,66.12,64.62039
2022-07-26T21:00:00.000000000,65.82,64.40481
2022-07-26T22:00:00.000000000,64.91,63.81234
2022-07-26T23:00:00.000000000,64.43,63.23337
2022-07-24T00:00:00.000000000,65.35,66.94461
2022-07-24T01:00:00.000000000,64.64,65.54348
2022-07-24T02:00:00.000000000,63.71,63.85206
2022-07-24T03:00:00.000000000,60.8,62.46109
2022-07-24T04:00:00.000000000,60.5,61.63086
2022-07-24T05:00:00.000000000,61.84,61.57151
2022-07-24T06:00:00.000000000,62.35,62.33296
2022-07-24T07:00:00.000000000,66.02,63.642
2022-07-24T08:00:00.000000000,73.99,65.28989
2022-07-24T09:00:00.000000000,74.95,67.23395
2022-07-24T10:00:00.000000000,75.89,69.22652
2022-07-24T11:00:00.000000000,76.79,70.7774
2022-07-24T12:00:00.000000000,76.64,71.62266
2022-07-24T13:00:00.000000000,76.94,71.67565
2022-07-24T14:00:00.000000000,75.01,71.1597
2022-07-24T15:00:00.000000000,75.0,70.47174
2022-07-24T16:00:00.000000000,71.01,69.75661
2022-07-24T17:00:00.000000000,70.51,68.78539
2022-07-24T18:00:00.000000000,69.05,68.07081
2022-07-24T19:00:00.000000000,69.07,67.64731
2022-07-24T20:00:00.000000000,67.91,67.45816
2022-07-24T21:00:00.000000000,67.55,67.34949
2022-07-24T22:00:00.000000000,65.39,66.94291
2022-07-24T23:00:00.000000000,63.46,66.72564
2022-07-25T00:00:00.000000000,61.92,65.18746
2022-07-25T01:00:00.000000000,61.76,63.78715
2022-07-25T02:00:00.000000000,61.43,62.37267
2022-07-25T03:00:00.000000000,62.2,61.56355
2022-07-25T04:00:00.000000000,63.08,61.54058
2022-07-25T05:00:00.000000000,64.65,62.41997
2022-07-25T06:00:00.000000000,68.98,64.14451
2022-07-25T07:00:00.000000000,72.71,66.30253
2022-07-25T08:00:00.000000000,76.86,68.42657
2022-07-25T09:00:00.000000000,80.36,70.34973
2022-07-25T10:00:00.000000000,82.68,71.84121
2022-07-25T11:00:00.000000000,82.12,72.71009
2022-07-25T12:00:00.000000000,80.68,72.92642
2022-07-25T13:00:00.000000000,79.6,72.54087
2022-07-25T14:00:00.000000000,75.33,71.70838
2022-07-25T15:00:00.000000000,75.49,70.74821
2022-07-25T16:00:00.000000000,74.03,69.91831
2022-07-25T17:00:00.000000000,72.66,69.05138
2022-07-25T18:00:00.000000000,70.1,68.6005
2022-07-25T19:00:00.000000000,67.77,68.3366
2022-07-25T20:00:00.000000000,67.26,68.03577
2022-07-25T21:00:00.000000000,66.33,67.53951
2022-07-25T22:00:00.000000000,64.67,66.60594
2022-07-25T23:00:00.000000000,62.66,65.91935
2022-07-26T00:00:00.000000000,61.6,66.13609
2022-07-26T01:00:00.000000000,61.2,64.92679
2022-07-26T02:00:00.000000000,61.99,63.68286
2022-07-26T03:00:00.000000000,63.26,62.95616
2022-07-26T04:00:00.000000000,65.79,62.91598
2022-07-26T05:00:00.000000000,66.71,63.80431
2022-07-26T06:00:00.000000000,68.45,65.65556
2022-07-26T07:00:00.000000000,73.74,68.24741
2022-07-26T08:00:00.000000000,81.47,70.95115
2022-07-26T09:00:00.000000000,73.89,73.57184
2022-07-26T10:00:00.000000000,72.82,75.72039
2022-07-26T11:00:00.000000000,79.34,77.14808
2022-07-26T12:00:00.000000000,88.21,77.67286
2022-07-26T13:00:00.000000000,84.38,77.34376
2022-07-26T14:00:00.000000000,80.98,76.29382
2022-07-26T15:00:00.000000000,77.66,74.83511
2022-07-26T16:00:00.000000000,72.63,73.33582
2022-07-26T17:00:00.000000000,69.42,71.82033
2022-07-26T18:00:00.000000000,66.95,70.82797
2022-07-26T19:00:00.000000000,66.54,70.11745
2022-07-26T20:00:00.000000000,66.12,69.53686
2022-07-26T21:00:00.000000000,65.82,69.0435
2022-07-26T22:00:00.000000000,64.91,68.25723
2022-07-26T23:00:00.000000000,64.43,67.75465
2022-07-27T00:00:00.000000000,63.21,66.99851
2022-07-27T01:00:00.000000000,62.56,65.65083
2022-07-27T02:00:00.000000000,62.65,64.37735
2022-07-27T03:00:00.000000000,63.06,63.77006
2022-07-27T04:00:00.000000000,64.97,63.97392
2022-07-27T05:00:00.000000000,66.87,65.08833
2022-07-27T06:00:00.000000000,70.87,67.15065
2022-07-27T07:00:00.000000000,75.39,69.97013
2022-07-27T08:00:00.000000000,79.99,72.93731
2022-07-27T09:00:00.000000000,80.8,75.88574
2022-07-27T10:00:00.000000000,82.89,78.38398
2022-07-27T11:00:00.000000000,83.89,80.00485
2022-07-27T12:00:00.000000000,84.18,80.5007
2022-07-27T13:00:00.000000000,82.77,79.99214
2022-07-27T14:00:00.000000000,75.08,78.66478
2022-07-27T15:00:00.000000000,76.0,76.9433
2022-07-27T16:00:00.000000000,72.01,75.24442
2022-07-27T17:00:00.000000000,72.35,73.53885
2022-07-27T18:00:00.000000000,69.12,72.31749
2022-07-27T19:00:00.000000000,68.94,71.37568
2022-07-27T20:00:00.000000000,67.34,70.62034
2022-07-27T21:00:00.000000000,65.19,70.13094
2022-07-27T22:00:00.000000000,66.56,69.43556
2022-07-27T23:00:00.000000000,65.32,68.97162
2022-07-25T00:00:00.000000000,61.92,65.93326
2022-07-25T01:00:00.000000000,61.76,64.85654
2022-07-25T02:00:00.000000000,61.43,63.69902
2022-07-25T03:00:00.000000000,62.2,62.95279
2022-07-25T04:00:00.000000000,63.08,62.80024
2022-07-25T05:00:00.000000000,64.65,63.58601
2022-07-25T06:00:00.000000000,68.98,65.43045
2022-07-25T07:00:00.000000000,72.71,68.17169
2022-07-25T08:00:00.000000000,76.86,71.13863
2022-07-25T09:00:00.000000000,80.36,74.09774
2022-07-25T10:00:00.000000000,82.68,76.59201
2022-07-25T11:00:00.000000000,82.12,78.38655
2022-07-25T12:00:00.000000000,80.68,79.30354
2022-07-25T13:00:00.000000000,79.6,79.28471
2022-07-25T14:00:00.000000000,75.33,78.35033
2022-07-25T15:00:00.000000000,75.49,76.76894
2022-07-25T16:00:00.000000000,74.03,74.9314
2022-07-25T17:00:00.000000000,72.66,73.01399
2022-07-25T18:00:00.000000000,70.1,71.66806
2022-07-25T19:00:00.000000000,67.77,70.68454
2022-07-25T20:00:00.000000000,67.26,69.90022
2022-07-25T21:00:00.000000000,66.33,69.2388
2022-07-25T22:00:00.000000000,64.67,68.2984
2022-07-25T23:00:00.000000000,62.66,67.73942
2022-07-26T00:00:00.000000000,61.6,67.94176
2022-07-26T01:00:00.000000000,61.2,66.60863
2022-07-26T02:00:00.000000000,61.99,65.46181
2022-07-26T03:00:00.000000000,63.26,65.11019
2022-07-26T04:00:00.000000000,65.79,65.64556
2022-07-26T05:00:00.000000000,66.71,67.0419
2022-07-26T06:00:00.000000000,68.45,69.42
2022-07-26T07:00:00.000000000,73.74,72.64119
2022-07-26T08:00:00.000000000,81.47,76.04075
2022-07-26T09:00:00.000000000,73.89,79.46712
2022-07-26T10:00:00.000000000,72.82,82.42685
2022-07-26T11:00:00.000000000,79.34,84.46743
2022-07-26T12:00:00.000000000,88.21,85.34607
2022-07-26T13:00:00.000000000,84.38,85.07203
2022-07-26T14:00:00.000000000,80.98,83.7662
2022-07-26T15:00:00.000000000,77.66,81.90463
2022-07-26T16:00:00.000000000,72.63,79.90538
2022-07-26T17:00:00.000000000,69.42,77.80627
2022-07-26T18:00:00.000000000,66.95,76.10806
2022-07-26T19:00:00.000000000,66.54,74.60854
2022-07-26T20:00:00.000000000,66.12,73.24876
2022-07-26T21:00:00.000000000,65.82,72.28703
2022-07-26T22:00:00.000000000,64.91,71.19872
2022-07-26T23:00:00.000000000,64.43,70.47434
2022-07-27T00:00:00.000000000,63.21,68.87465
2022-07-27T01:00:00.000000000,62.56,67.43148
2022-07-27T02:00:00.000000000,62.65,66.39764
2022-07-27T03:00:00.000000000,63.06,66.42445
2022-07-27T04:00:00.000000000,64.97,67.52677
2022-07-27T05:00:00.000000000,66.87,69.42931
2022-07-27T06:00:00.000000000,70.87,72.23338
2022-07-27T07:00:00.000000000,75.39,75.80599
2022-07-27T08:00:00.000000000,79.99,79.45828
2022-07-27T09:00:00.000000000,80.8,83.06552
2022-07-27T10:00:00.000000000,82.89,86.11941
2022-07-27T11:00:00.000000000,83.89,88.11088
2022-07-27T12:00:00.000000000,84.18,88.78447
2022-07-27T13:00:00.000000000,82.77,88.22466
2022-07-27T14:00:00.000000000,75.08,86.61699
2022-07-27T15:00:00.000000000,76.0,84.57275
2022-07-27T16:00:00.000000000,72.01,82.51707
2022-07-27T17:00:00.000000000,72.35,80.38941
2022-07-27T18:00:00.000000000,69.12,78.56923
2022-07-27T19:00:00.000000000,68.94,76.83309
2022-07-27T20:00:00.000000000,67.34,75.17262
2022-07-27T21:00:00.000000000,65.19,74.03828
2022-07-27T22:00:00.000000000,66.56,72.83347
2022-07-27T23:00:00.000000000,65.32,71.9693
2022-07-28T00:00:00.000000000,64.57,69.16147
2022-07-28T01:00:00.000000000,63.4,67.71657
2022-07-28T02:00:00.000000000,63.14,66.8986
2022-07-28T03:00:00.000000000,63.89,67.34109
2022-07-28T04:00:00.000000000,65.36,69.01448
2022-07-28T05:00:00.000000000,67.26,71.43398
2022-07-28T06:00:00.000000000,71.46,74.63949
2022-07-28T07:00:00.000000000,75.73,78.47587
2022-07-28T08:00:00.000000000,79.94,82.26531
2022-07-28T09:00:00.000000000,78.88,85.91589
2022-07-28T10:00:00.000000000,80.1,88.96131
2022-07-28T11:00:00.000000000,81.14,90.79946
2022-07-28T12:00:00.000000000,80.62,91.11651
2022-07-28T13:00:00.000000000,79.71,90.12711
2022-07-28T14:00:00.000000000,77.45,88.08211
2022-07-28T15:00:00.000000000,71.24,85.7749
2022-07-28T16:00:00.000000000,72.08,83.63036
2022-07-28T17:00:00.000000000,70.19,81.46394
2022-07-28T18:00:00.000000000,69.62,79.52932
2022-07-28T19:00:00.000000000,67.78,77.62111
2022-07-28T20:00:00.000000000,66.56,75.78114
2022-07-28T21:00:00.000000000,66.48,74.60777
2022-07-28T22:00:00.000000000,64.77,73.44485
2022-07-28T23:00:00.000000000,63.39,72.5977
2022-07-26T00:00:00.000000000,61.6,64.67889
2022-07-26T01:00:00.000000000,61.2,63.53942
2022-07-26T02:00:00.000000000,61.99,62.82719
2022-07-26T03:00:00.000000000,63.26,62.9917
2022-07-26T04:00:00.000000000,65.79,64.0494
2022-07-26T05:00:00.000000000,66.71,65.98734
2022-07-26T06:00:00.000000000,68.45,68.89997
2022-07-26T07:00:00.000000000,73.74,72.70768
2022-07-26T08:00:00.000000000,81.47,76.54552
2022-07-26T09:00:00.000000000,73.89,80.29565
2022-07-26T10:00:00.000000000,72.82,83.36009
2022-07-26T11:00:00.000000000,79.34,85.3513
2022-07-26T12:00:00.000000000,88.21,86.04163
2022-07-26T13:00:00.000000000,84.38,85.55903
2022-07-26T14:00:00.000000000,80.98,84.04771
2022-07-26T15:00:00.000000000,77.66,81.8675
2022-07-26T16:00:00.000000000,72.63,79.54309
2022-07-26T17:00:00.000000000,69.42,77.16225
2022-07-26T18:00:00.000000000,66.95,75.25185
2022-07-26T19:00:00.000000000,66.54,73.51306
2022-07-26T20:00:00.000000000,66.12,71.89298
2022-07-26T21:00:00.000000000,65.82,70.71519
2022-07-26T22:00:00.000000000,64.91,69.43886
2022-07-26T23:00:00.000000000,64.43,68.55827
2022-07-27T00:00:00.000000000,63.21,67.69543
2022-07-27T01:00:00.000000000,62.56,66.38123
2022-07-27T02:00:00.000000000,62.65,65.48645
2022-07-27T03:00:00.000000000,63.06,65.62992
2022-07-27T04:00:00.000000000,64.97,66.81892
2022-07-27T05:00:00.000000000,66.87,68.82026
2022-07-27T06:00:00.000000000,70.87,71.73979
2022-07-27T07:00:00.000000000,75.39,75.48041
2022-07-27T08:00:00.000000000,79.99,79.28045
2022-07-27T09:00:00.000000000,80.8,83.03849
2022-07-27T10:00:00.000000000,82.89,86.21613
2022-07-27T11:00:00.000000000,83.89,88.33937
2022-07-27T12:00:00.000000000,84.18,89.14968
2022-07-27T13:00:00.000000000,82.77,88.66909
2022-07-27T14:00:00.000000000,75.08,87.02165
2022-07-27T15:00:00.000000000,76.0,84.78798
2022-07-27T16:00:00.000000000,72.01,82.47828
2022-07-27T17:00:00.000000000,72.35,80.13945
2022-07-27T18:00:00.000000000,69.12,78.18013
2022-07-27T19:00:00.000000000,68.94,76.29598
2022-07-27T20:00:00.000000000,67.34,74.4683
2022-07-27T21:00:00.000000000,65.19,73.1966
2022-07-27T22:00:00.000000000,66.56,71.93178
2022-07-27T23:00:00.000000000,65.32,71.10122
2022-07-28T00:00:00.000000000,64.57,68.52185
2022-07-28T01:00:00.000000000,63.4,67.18705
2022-07-28T02:00:00.000000000,63.14,66.40093
2022-07-28T03:00:00.000000000,63.89,66.79767
2022-07-28T04:00:00.000000000,65.36,68.34325
2022-07-28T05:00:00.000000000,67.26,70.63792
2022-07-28T06:00:00.000000000,71.46,73.76961
2022-07-28T07:00:00.000000000,75.73,77.627
2022-07-28T08:00:00.000000000,79.94,81.47007
2022-07-28T09:00:00.000000000,78.88,85.21344
2022-07-28T10:00:00.000000000,80.1,88.35254
2022-07-28T11:00:00.000000000,81.14,90.38915
2022-07-28T12:00:00.000000000,80.62,91.06013
2022-07-28T13:00:00.000000000,79.71,90.42904
2022-07-28T14:00:00.000000000,77.45,88.65439
2022-07-28T15:00:00.000000000,71.24,86.40392
2022-07-28T16:00:00.000000000,72.08,84.14494
2022-07-28T17:00:00.000000000,70.19,81.84113
2022-07-28T18:00:00.000000000,69.62,79.81684
2022-07-28T19:00:00.000000000,67.78,77.78382
2022-07-28T20:00:00.000000000,66.56,75.75866
2022-07-28T21:00:00.000000000,66.48,74.35278
2022-07-28T22:00:00.000000000,64.77,72.98773
2022-07-28T23:00:00.000000000,63.39,72.06713
2022-07-29T00:00:00.000000000,62.49,69.2161
2022-07-29T01:00:00.000000000,62.68,68.09017
2022-07-29T02:00:00.000000000,62.53,67.85284
2022-07-29T03:00:00.000000000,62.94,69.04061
2022-07-29T04:00:00.000000000,64.2,71.6091
2022-07-29T05:00:00.000000000,67.79,74.82375
2022-07-29T06:00:00.000000000,69.34,78.64844
2022-07-29T07:00:00.000000000,71.47,82.89525
2022-07-29T08:00:00.000000000,74.45,86.84597
2022-07-29T09:00:00.000000000,77.06,90.49868
2022-07-29T10:00:00.000000000,80.32,93.51343
2022-07-29T11:00:00.000000000,82.19,95.26673
2022-07-29T12:00:00.000000000,81.48,95.35658
2022-07-29T13:00:00.000000000,79.85,94.0422
2022-07-29T14:00:00.000000000,76.07,91.57625
2022-07-29T15:00:00.000000000,72.04,88.96999
2022-07-29T16:00:00.000000000,72.32,86.5827
2022-07-29T17:00:00.000000000,70.04,84.13755
2022-07-29T18:00:00.000000000,66.98,81.77321
2022-07-29T19:00:00.000000000,67.74,79.32169
2022-07-29T20:00:00.000000000,66.68,76.88575
2022-07-29T21:00:00.000000000,65.17,75.27437
2022-07-29T22:00:00.000000000,64.82,73.84589
2022-07-29T23:00:00.000000000,64.02,72.91949
2022-07-27T00:00:00.000000000,63.21,65.3714
2022-07-27T01:00:00.000000000,62.56,64.1255
2022-07-27T02:00:00.000000000,62.65,62.96493
2022-07-27T03:00:00.000000000,63.06,62.44617
2022-07-27T04:00:00.000000000,64.97,62.82239
2022-07-27T05:00:00.000000000,66.87,64.33957
2022-07-27T06:00:00.000000000,70.87,66.90993
2022-07-27T07:00:00.000000000,75.39,70.31723
2022-07-27T08:00:00.000000000,79.99,73.71682
2022-07-27T09:00:00.000000000,80.8,77.08431
2022-07-27T10:00:00.000000000,82.89,79.96924
2022-07-27T11:00:00.000000000,83.89,81.87565
2022-07-27T12:00:00.000000000,84.18,82.37188
2022-07-27T13:00:00.000000000,82.77,81.54897
2022-07-27T14:00:00.000000000,75.08,79.52321
2022-07-27T15:00:00.000000000,76.0,76.97623
2022-07-27T16:00:00.000000000,72.01,74.57005
2022-07-27T17:00:00.000000000,72.35,72.38865
2022-07-27T18:00:00.000000000,69.12,70.9506
2022-07-27T19:00:00.000000000,68.94,69.88027
2022-07-27T20:00:00.000000000,67.34,68.98395
2022-07-27T21:00:00.000000000,65.19,68.45261
2022-07-27T22:00:00.000000000,66.56,67.89879
2022-07-27T23:00:00.000000000,65.32,67.67518
2022-07-28T00:00:00.000000000,64.57,66.66552
2022-07-28T01:00:00.000000000,63.4,65.46828
2022-07-28T02:00:00.000000000,63.14,64.30192
2022-07-28T03:00:00.000000000,63.89,63.72824
2022-07-28T04:00:00.000000000,65.36,63.9161
2022-07-28T05:00:00.000000000,67.26,65.09779
2022-07-28T06:00:00.000000000,71.46,67.34413
2022-07-28T07:00:00.000000000,75.73,70.51673
2022-07-28T08:00:00.000000000,79.94,73.84777
2022-07-28T09:00:00.000000000,78.88,77.18483
2022-07-28T10:00:00.000000000,80.1,79.99908
2022-07-28T11:00:00.000000000,81.14,81.95422
2022-07-28T12:00:00.000000000,80.62,82.80578
2022-07-28T13:00:00.000000000,79.71,82.5183
2022-07-28T14:00:00.000000000,77.45,81.1403
2022-07-28T15:00:00.000000000,71.24,79.08041
2022-07-28T16:00:00.000000000,72.08,76.83663
2022-07-28T17:00:00.000000000,70.19,74.62622
2022-07-28T18:00:00.000000000,69.62,73.06226
2022-07-28T19:00:00.000000000,67.78,71.8517
2022-07-28T20:00:00.000000000,66.56,70.8332
2022-07-28T21:00:00.000000000,66.48,70.10082
2022-07-28T22:00:00.000000000,64.77,69.20692
2022-07-28T23:00:00.000000000,63.39,68.71927
2022-07-29T00:00:00.000000000,62.49,67.31993
2022-07-29T01:00:00.000000000,62.68,66.01833
2022-07-29T02:00:00.000000000,62.53,64.8822
2022-07-29T03:00:00.000000000,62.94,64.51803
2022-07-29T04:00:00.000000000,64.2,65.02922
2022-07-29T05:00:00.000000000,67.79,66.46376
2022-07-29T06:00:00.000000000,69.34,68.91727
2022-07-29T07:00:00.000000000,71.47,72.27153
2022-07-29T08:00:00.000000000,74.45,75.77595
2022-07-29T09:00:00.000000000,77.06,79.28648
2022-07-29T10:00:00.000000000,80.32,82.26591
2022-07-29T11:00:00.000000000,82.19,84.30763
2022-07-29T12:00:00.000000000,81.48,85.16442
2022-07-29T13:00:00.000000000,79.85,84.82658
2022-07-29T14:00:00.000000000,76.07,83.38233
2022-07-29T15:00:00.000000000,72.04,81.292
2022-07-29T16:00:00.000000000,72.32,79.0665
2022-07-29T17:00:00.000000000,70.04,76.84453
2022-07-29T18:00:00.000000000,66.98,75.15585
2022-07-29T19:00:00.000000000,67.74,73.7076
2022-07-29T20:00:00.000000000,66.68,72.40681
2022-07-29T21:00:00.000000000,65.17,71.50153
2022-07-29T22:00:00.000000000,64.82,70.49742
2022-07-29T23:00:00.000000000,64.02,69.88149
2022-07-30T00:00:00.000000000,61.74,68.33592
2022-07-30T01:00:00.000000000,61.52,66.92361
2022-07-30T02:00:00.000000000,60.99,66.07064
2022-07-30T03:00:00.000000000,61.61,66.39102
2022-07-30T04:00:00.000000000,63.23,67.88727
2022-07-30T05:00:00.000000000,65.81,70.1788
2022-07-30T06:00:00.000000000,64.51,73.3164
2022-07-30T07:00:00.000000000,69.06,77.15167
2022-07-30T08:00:00.000000000,74.54,80.97753
2022-07-30T09:00:00.000000000,77.47,84.70132
2022-07-30T10:00:00.000000000,79.6,87.83267
2022-07-30T11:00:00.000000000,81.63,89.76529
2022-07-30T12:00:00.000000000,82.26,90.17452
2022-07-30T13:00:00.000000000,82.57,89.25692
2022-07-30T14:00:00.000000000,80.67,87.2461
2022-07-30T15:00:00.000000000,81.68,84.89555
2022-07-30T16:00:00.000000000,78.27,82.67689
2022-07-30T17:00:00.000000000,74.77,80.45106
2022-07-30T18:00:00.000000000,73.34,78.52551
2022-07-30T19:00:00.000000000,71.07,76.67504
2022-07-30T20:00:00.000000000,67.6,74.92042
2022-07-30T21:00:00.000000000,65.16,73.80441
2022-07-30T22:00:00.000000000,64.09,72.6915
2022-07-30T23:00:00.000000000,62.96,71.8872
2022-07-28T00:00:00.000000000,64.57,65.08086
2022-07-28T01:00:00.000000000,63.4,63.87759
2022-07-28T02:00:00.000000000,63.14,62.83708
2022-07-28T03:00:00.000000000,63.89,62.50085
2022-07-28T04:00:00.000000000,65.36,63.07445
2022-07-28T05:00:00.000000000,67.26,64.76454
2022-07-28T06:00:00.000000000,71.46,67.485
2022-07-28T07:00:00.000000000,75.73,71.05097
2022-07-28T08:00:00.000000000,79.94,74.56719
2022-07-28T09:00:00.000000000,78.88,77.98085
2022-07-28T10:00:00.000000000,80.1,80.75478
2022-07-28T11:00:00.000000000,81.14,82.53286
2022-07-28T12:00:00.000000000,80.62,82.96806
2022-07-28T13:00:00.000000000,79.71,82.17845
2022-07-28T14:00:00.000000000,77.45,80.31489
2022-07-28T15:00:00.000000000,71.24,77.92593
2022-07-28T16:00:00.000000000,72.08,75.58223
2022-07-28T17:00:00.000000000,70.19,73.42609
2022-07-28T18:00:00.000000000,69.62,71.99038
2022-07-28T19:00:00.000000000,67.78,70.88789
2022-07-28T20:00:00.000000000,66.56,69.93086
2022-07-28T21:00:00.000000000,66.48,69.25454
2022-07-28T22:00:00.000000000,64.77,68.41031
2022-07-28T23:00:00.000000000,63.39,67.91973
2022-07-29T00:00:00.000000000,62.49,66.66613
2022-07-29T01:00:00.000000000,62.68,65.37246
2022-07-29T02:00:00.000000000,62.53,64.26253
2022-07-29T03:00:00.000000000,62.94,63.9201
2022-07-29T04:00:00.000000000,64.2,64.44376
2022-07-29T05:00:00.000000000,67.79,65.91537
2022-07-29T06:00:00.000000000,69.34,68.43556
2022-07-29T07:00:00.000000000,71.47,71.90199
2022-07-29T08:00:00.000000000,74.45,75.51247
2022-07-29T09:00:00.000000000,77.06,79.11768
2022-07-29T10:00:00.000000000,80.32,82.15066
2022-07-29T11:00:00.000000000,82.19,84.24497
2022-07-29T12:00:00.000000000,81.48,85.15989
2022-07-29T13:00:00.000000000,79.85,84.86775
2022-07-29T14:00:00.000000000,76.07,83.45175
2022-07-29T15:00:00.000000000,72.04,81.33992
2022-07-29T16:00:00.000000000,72.32,79.05579
2022-07-29T17:00:00.000000000,70.04,76.77346
2022-07-29T18:00:00.000000000,66.98,75.04556
2022-07-29T19:00:00.000000000,67.74,73.55249
2022-07-29T20:00:00.000000000,66.68,72.19357
2022-07-29T21:00:00.000000000,65.17,71.21399
2022-07-29T22:00:00.000000000,64.82,70.12207
2022-07-29T23:00:00.000000000,64.02,69.43085
2022-07-30T00:00:00.000000000,61.74,67.70999
2022-07-30T01:00:00.000000000,61.52,66.37244
2022-07-30T02:00:00.000000000,60.99,65.42905
2022-07-30T03:00:00.000000000,61.61,65.49983
2022-07-30T04:00:00.000000000,63.23,66.6053
2022-07-30T05:00:00.000000000,65.81,68.54232
2022-07-30T06:00:00.000000000,64.51,71.41543
2022-07-30T07:00:00.000000000,69.06,75.11913
2022-07-30T08:00:00.000000000,74.54,78.89291
2022-07-30T09:00:00.000000000,77.47,82.62549
2022-07-30T10:00:00.000000000,79.6,85.77629
2022-07-30T11:00:00.000000000,81.63,87.87263
2022-07-30T12:00:00.000000000,82.26,88.65729
2022-07-30T13:00:00.000000000,82.57,88.16466
2022-07-30T14:00:00.000000000,80.67,86.5301
2022-07-30T15:00:00.000000000,81.68,84.32544
2022-07-30T16:00:00.000000000,78.27,82.05595
2022-07-30T17:00:00.000000000,74.77,79.76049
2022-07-30T18:00:00.000000000,73.34,77.8589
2022-07-30T19:00:00.000000000,71.07,76.05476
2022-07-30T20:00:00.000000000,67.6,74.31909
2022-07-30T21:00:00.000000000,65.16,73.11315
2022-07-30T22:00:00.000000000,64.09,71.88319
2022-07-30T23:00:00.000000000,62.96,71.05844
2022-07-31T00:00:00.000000000,61.24,69.2014
2022-07-31T01:00:00.000000000,61.16,67.81429
2022-07-31T02:00:00.000000000,61.25,67.0888
2022-07-31T03:00:00.000000000,62.38,67.66286
2022-07-31T04:00:00.000000000,63.94,69.50988
2022-07-31T05:00:00.000000000,66.11,72.10027
2022-07-31T06:00:00.000000000,70.49,75.46747
2022-07-31T07:00:00.000000000,72.43,79.45697
2022-07-31T08:00:00.000000000,76.41,83.36098
2022-07-31T09:00:00.000000000,78.09,87.11041
2022-07-31T10:00:00.000000000,79.94,90.24864
2022-07-31T11:00:00.000000000,81.33,92.17019
2022-07-31T12:00:00.000000000,82.86,92.54014
2022-07-31T13:00:00.000000000,82.93,91.53799
2022-07-31T14:00:00.000000000,79.78,89.39366
2022-07-31T15:00:00.000000000,79.24,86.95662
2022-07-31T16:00:00.000000000,77.13,84.67771
2022-07-31T17:00:00.000000000,75.01,82.39273
2022-07-31T18:00:00.000000000,72.76,80.33851
2022-07-31T19:00:00.000000000,71.84,78.2743
2022-07-31T20:00:00.000000000,68.8,76.24494
2022-07-31T21:00:00.000000000,66.79,74.9234
2022-07-31T22:00:00.000000000,64.14,73.67458
2022-07-31T23:00:00.000000000,63.32,72.80485
2022-07-29T00:00:00.000000000,62.49,63.82219
2022-07-29T01:00:00.000000000,62.68,62.76226
2022-07-29T02:00:00.000000000,62.53,61.87266
2022-07-29T03:00:00.000000000,62.94,61.59926
2022-07-29T04:00:00.000000000,64.2,62.17496
2022-07-29T05:00:00.000000000,67.79,63.87212
2022-07-29T06:00:00.000000000,69.34,66.52786
2022-07-29T07:00:00.000000000,71.47,69.91296
2022-07-29T08:00:00.000000000,74.45,73.16592
2022-07-29T09:00:00.000000000,77.06,76.30878
2022-07-29T10:00:00.000000000,80.32,78.84953
2022-07-29T11:00:00.000000000,82.19,80.40015
2022-07-29T12:00:00.000000000,81.48,80.57586
2022-07-29T13:00:00.000000000,79.85,79.63313
2022-07-29T14:00:00.000000000,76.07,77.78736
2022-07-29T15:00:00.000000000,72.04,75.53418
2022-07-29T16:00:00.000000000,72.32,73.37002
2022-07-29T17:00:00.000000000,70.04,71.33274
2022-07-29T18:00:00.000000000,66.98,69.97496
2022-07-29T19:00:00.000000000,67.74,68.99186
2022-07-29T20:00:00.000000000,66.68,68.19552
2022-07-29T21:00:00.000000000,65.17,67.63819
2022-07-29T22:00:00.000000000,64.82,66.89373
2022-07-29T23:00:00.000000000,64.02,66.47989
2022-07-30T00:00:00.000000000,61.74,66.08932
2022-07-30T01:00:00.000000000,61.52,64.88651
2022-07-30T02:00:00.000000000,60.99,63.76103
2022-07-30T03:00:00.000000000,61.61,63.27307
2022-07-30T04:00:00.000000000,63.23,63.61305
2022-07-30T05:00:00.000000000,65.81,65.0005
2022-07-30T06:00:00.000000000,64.51,67.41817
2022-07-30T07:00:00.000000000,69.06,70.70562
2022-07-30T08:00:00.000000000,74.54,74.05522
2022-07-30T09:00:00.000000000,77.47,77.35222
2022-07-30T10:00:00.000000000,79.6,80.0653
2022-07-30T11:00:00.000000000,81.63,81.84368
2022-07-30T12:00:00.000000000,82.26,82.39913
2022-07-30T13:00:00.000000000,82.57,81.80721
2022-07-30T14:00:00.000000000,80.67,80.18653
2022-07-30T15:00:00.000000000,81.68,77.99108
2022-07-30T16:00:00.000000000,78.27,75.74796
2022-07-30T17:00:00.000000000,74.77,73.62479
2022-07-30T18:00:00.000000000,73.34,72.19285
2022-07-30T19:00:00.000000000,71.07,71.12375
2022-07-30T20:00:00.000000000,67.6,70.24841
2022-07-30T21:00:00.000000000,65.16,69.64527
2022-07-30T22:00:00.000000000,64.09,68.86168
2022-07-30T23:00:00.000000000,62.96,68.42736
2022-07-31T00:00:00.000000000,61.24,68.09391
2022-07-31T01:00:00.000000000,61.16,66.73848
2022-07-31T02:00:00.000000000,61.25,65.50486
2022-07-31T03:00:00.000000000,62.38,65.04714
2022-07-31T04:00:00.000000000,63.94,65.49326
2022-07-31T05:00:00.000000000,66.11,66.89739
2022-07-31T06:00:00.000000000,70.49,69.32988
2022-07-31T07:00:00.000000000,72.43,72.65638
2022-07-31T08:00:00.000000000,76.41,76.12479
2022-07-31T09:00:00.000000000,78.09,79.57759
2022-07-31T10:00:00.000000000,79.94,82.4729
2022-07-31T11:00:00.000000000,81.33,84.4008
2022-07-31T12:00:00.000000000,82.86,85.11496
2022-07-31T13:00:00.000000000,82.93,84.6332
2022-07-31T14:00:00.000000000,79.78,83.05396
2022-07-31T15:00:00.000000000,79.24,80.87373
2022-07-31T16:00:00.000000000,77.13,78.6389
2022-07-31T17:00:00.000000000,75.01,76.49701
2022-07-31T18:00:00.000000000,72.76,74.96388
2022-07-31T19:00:00.000000000,71.84,73.70933
2022-07-31T20:00:00.000000000,68.8,72.61058
2022-07-31T21:00:00.000000000,66.79,71.88151
2022-07-31T22:00:00.000000000,64.14,71.02952
2022-07-31T23:00:00.000000000,63.32,70.52123
2022-08-01T00:00:00.000000000,62.04,67.13867
2022-08-01T01:00:00.000000000,61.71,65.83025
2022-08-01T02:00:00.000000000,63.12,64.81407
2022-08-01T03:00:00.000000000,63.82,64.5809
2022-08-01T04:00:00.000000000,64.27,65.24918
2022-08-01T05:00:00.000000000,64.93,66.8498
2022-08-01T06:00:00.000000000,69.26,69.26992
2022-08-01T07:00:00.000000000,75.28,72.26738
2022-08-01T08:00:00.000000000,71.21,75.16795
2022-08-01T09:00:00.000000000,73.65,77.82557
2022-08-01T10:00:00.000000000,74.61,79.8447
2022-08-01T11:00:00.000000000,73.4,80.84985
2022-08-01T12:00:00.000000000,72.89,80.56068
2022-08-01T13:00:00.000000000,71.34,79.33764
2022-08-01T14:00:00.000000000,75.47,77.46433
2022-08-01T15:00:00.000000000,75.59,75.52594
2022-08-01T16:00:00.000000000,68.82,73.85915
2022-08-01T17:00:00.000000000,68.89,72.30781
2022-08-01T18:00:00.000000000,64.55,71.26155
2022-08-01T19:00:00.000000000,66.35,70.56506
2022-08-01T20:00:00.000000000,67.07,70.06894
2022-08-01T21:00:00.000000000,64.79,69.82714
2022-08-01T22:00:00.000000000,63.8,69.27973
2022-08-01T23:00:00.000000000,62.36,68.87926
2022-07-30T00:00:00.000000000,61.74,64.31142
2022-07-30T01:00:00.000000000,61.52,63.21066
2022-07-30T02:00:00.000000000,60.99,62.18519
2022-07-30T03:00:00.000000000,61.61,61.7229
2022-07-30T04:00:00.000000000,63.23,62.10322
2022-07-30T05:00:00.000000000,65.81,63.65116
2022-07-30T06:00:00.000000000,64.51,66.18079
2022-07-30T07:00:00.000000000,69.06,69.40445
2022-07-30T08:00:00.000000000,74.54,72.46842
2022-07-30T09:00:00.000000000,77.47,75.34889
2022-07-30T10:00:00.000000000,79.6,77.59686
2022-07-30T11:00:00.000000000,81.63,78.91387
2022-07-30T12:00:00.000000000,82.26,78.9429
2022-07-30T13:00:00.000000000,82.57,77.89127
2022-07-30T14:00:00.000000000,80.67,75.97278
2022-07-30T15:00:00.000000000,81.68,73.77031
2022-07-30T16:00:00.000000000,78.27,71.7307
2022-07-30T17:00:00.000000000,74.77,69.90887
2022-07-30T18:00:00.000000000,73.34,68.84102
2022-07-30T19:00:00.000000000,71.07,68.20993
2022-07-30T20:00:00.000000000,67.6,67.74735
2022-07-30T21:00:00.000000000,65.16,67.39891
2022-07-30T22:00:00.000000000,64.09,66.73795
2022-07-30T23:00:00.000000000,62.96,66.37329
2022-07-31T00:00:00.000000000,61.24,66.87156
2022-07-31T01:00:00.000000000,61.16,65.63772
2022-07-31T02:00:00.000000000,61.25,64.37473
2022-07-31T03:00:00.000000000,62.38,63.67402
2022-07-31T04:00:00.000000000,63.94,63.76496
2022-07-31T05:00:00.000000000,66.11,64.93181
2022-07-31T06:00:00.000000000,70.49,67.14838
2022-07-31T07:00:00.000000000,72.43,70.22251
2022-07-31T08:00:00.000000000,76.41,73.37852
2022-07-31T09:00:00.000000000,78.09,76.47031
2022-07-31T10:00:00.000000000,79.94,78.99777
2022-07-31T11:00:00.000000000,81.33,80.64738
2022-07-31T12:00:00.000000000,82.86,81.14675
2022-07-31T13:00:00.000000000,82.93,80.55644
2022-07-31T14:00:00.000000000,79.78,78.98662
2022-07-31T15:00:00.000000000,79.24,76.88863
2022-07-31T16:00:00.000000000,77.13,74.77023
2022-07-31T17:00:00.000000000,75.01,72.80699
2022-07-31T18:00:00.000000000,72.76,71.58045
2022-07-31T19:00:00.000000000,71.84,70.75837
2022-07-31T20:00:00.000000000,68.8,70.13677
2022-07-31T21:00:00.000000000,66.79,69.70893
2022-07-31T22:00:00.000000000,64.14,69.0467
2022-07-31T23:00:00.000000000,63.32,68.70233
2022-08-01T00:00:00.000000000,62.04,67.33465
2022-08-01T01:00:00.000000000,61.71,66.10929
2022-08-01T02:00:00.000000000,63.12,64.84549
2022-08-01T03:00:00.000000000,63.82,64.13436
2022-08-01T04:00:00.000000000,64.27,64.20226
2022-08-01T05:00:00.000000000,64.93,65.31171
2022-08-01T06:00:00.000000000,69.26,67.38684
2022-08-01T07:00:00.000000000,75.28,70.18037
2022-08-01T08:00:00.000000000,71.21,72.99338
2022-08-01T09:00:00.000000000,73.65,75.71321
2022-08-01T10:00:00.000000000,74.61,77.91281
2022-08-01T11:00:00.000000000,73.4,79.28596
2022-08-01T12:00:00.000000000,72.89,79.57749
2022-08-01T13:00:00.000000000,71.34,78.90063
2022-08-01T14:00:00.000000000,75.47,77.39469
2022-08-01T15:00:00.000000000,75.59,75.50402
2022-08-01T16:00:00.000000000,68.82,73.6507
2022-08-01T17:00:00.000000000,68.89,71.93363
2022-08-01T18:00:00.000000000,64.55,70.8967
2022-08-01T19:00:00.000000000,66.35,70.24666
2022-08-01T20:00:00.000000000,67.07,69.77182
2022-08-01T21:00:00.000000000,64.79,69.44609
2022-08-01T22:00:00.000000000,63.8,68.86069
2022-08-01T23:00:00.000000000,62.36,68.58701
2022-08-02T00:00:00.000000000,60.85,64.39232
2022-08-02T01:00:00.000000000,59.73,63.17494
2022-08-02T02:00:00.000000000,59.86,62.30282
2022-08-02T03:00:00.000000000,60.76,62.13383
2022-08-02T04:00:00.000000000,61.72,62.72228
2022-08-02T05:00:00.000000000,62.49,64.15017
2022-08-02T06:00:00.000000000,61.74,66.27733
2022-08-02T07:00:00.000000000,65.48,68.84946
2022-08-02T08:00:00.000000000,65.2,71.23666
2022-08-02T09:00:00.000000000,66.19,73.21787
2022-08-02T10:00:00.000000000,66.22,74.47349
2022-08-02T11:00:00.000000000,66.18,74.83332
2022-08-02T12:00:00.000000000,67.0,74.09351
2022-08-02T13:00:00.000000000,66.88,72.71354
2022-08-02T14:00:00.000000000,65.89,71.106
2022-08-02T15:00:00.000000000,68.17,69.69879
2022-08-02T16:00:00.000000000,66.32,68.69099
2022-08-02T17:00:00.000000000,67.89,67.7642
2022-08-02T18:00:00.000000000,65.0,67.23792
2022-08-02T19:00:00.000000000,65.31,67.00515
2022-08-02T20:00:00.000000000,62.04,66.92683
2022-08-02T21:00:00.000000000,60.26,66.90541
2022-08-02T22:00:00.000000000,59.22,66.41258
2022-08-02T23:00:00.000000000,58.84,65.92791
2022-07-31T00:00:00.000000000,61.24,64.74528
2022-07-31T01:00:00.000000000,61.16,63.59478
2022-07-31T02:00:00.000000000,61.25,62.7537
2022-07-31T03:00:00.000000000,62.38,62.68973
2022-07-31T04:00:00.000000000,63.94,63.43729
2022-07-31T05:00:00.000000000,66.11,65.05271
2022-07-31T06:00:00.000000000,70.49,67.69171
2022-07-31T07:00:00.000000000,72.43,71.31694
2022-07-31T08:00:00.000000000,76.41,75.11239
2022-07-31T09:00:00.000000000,78.09,78.94236
2022-07-31T10:00:00.000000000,79.94,82.21354
2022-07-31T11:00:00.000000000,81.33,84.55755
2022-07-31T12:00:00.000000000,82.86,85.72959
2022-07-31T13:00:00.000000000,82.93,85.67268
2022-07-31T14:00:00.000000000,79.78,84.44374
2022-07-31T15:00:00.000000000,79.24,82.39021
2022-07-31T16:00:00.000000000,77.13,80.00009
2022-07-31T17:00:00.000000000,75.01,77.45767
2022-07-31T18:00:00.000000000,72.76,75.34887
2022-07-31T19:00:00.000000000,71.84,73.4193
2022-07-31T20:00:00.000000000,68.8,71.64026
2022-07-31T21:00:00.000000000,66.79,70.32707
2022-07-31T22:00:00.000000000,64.14,68.96314
2022-07-31T23:00:00.000000000,63.32,68.08
2022-08-01T00:00:00.000000000,62.04,67.0908
2022-08-01T01:00:00.000000000,61.71,65.88154
2022-08-01T02:00:00.000000000,63.12,64.72098
2022-08-01T03:00:00.000000000,63.82,64.19921
2022-08-01T04:00:00.000000000,64.27,64.48801
2022-08-01T05:00:00.000000000,64.93,65.77487
2022-08-01T06:00:00.000000000,69.26,68.06776
2022-08-01T07:00:00.000000000,75.28,71.20409
2022-08-01T08:00:00.000000000,71.21,74.4294
2022-08-01T09:00:00.000000000,73.65,77.64138
2022-08-01T10:00:00.000000000,74.61,80.33543
2022-08-01T11:00:00.000000000,73.4,82.15515
2022-08-01T12:00:00.000000000,72.89,82.83248
2022-08-01T13:00:00.000000000,71.34,82.37731
2022-08-01T14:00:00.000000000,75.47,80.8606
2022-08-01T15:00:00.000000000,75.59,78.74117
2022-08-01T16:00:00.000000000,68.82,76.51242
2022-08-01T17:00:00.000000000,68.89,74.36655
2022-08-01T18:00:00.000000000,64.55,72.87345
2022-08-01T19:00:00.000000000,66.35,71.72422
2022-08-01T20:00:00.000000000,67.07,70.75685
2022-08-01T21:00:00.000000000,64.79,70.09717
2022-08-01T22:00:00.000000000,63.8,69.30347
2022-08-01T23:00:00.000000000,62.36,68.92197
2022-08-02T00:00:00.000000000,60.85,65.31808
2022-08-02T01:00:00.000000000,59.73,64.34617
2022-08-02T02:00:00.000000000,59.86,63.4195
2022-08-02T03:00:00.000000000,60.76,62.90081
2022-08-02T04:00:00.000000000,61.72,62.96477
2022-08-02T05:00:00.000000000,62.49,63.97157
2022-08-02T06:00:00.000000000,61.74,65.86164
2022-08-02T07:00:00.000000000,65.48,68.42708
2022-08-02T08:00:00.000000000,65.2,70.95276
2022-08-02T09:00:00.000000000,66.19,73.2281
2022-08-02T10:00:00.000000000,66.22,74.85919
2022-08-02T11:00:00.000000000,66.18,75.73589
2022-08-02T12:00:00.000000000,67.0,75.66145
2022-08-02T13:00:00.000000000,66.88,74.84153
2022-08-02T14:00:00.000000000,65.89,73.44861
2022-08-02T15:00:00.000000000,68.17,71.81725
2022-08-02T16:00:00.000000000,66.32,70.22319
2022-08-02T17:00:00.000000000,67.89,68.69145
2022-08-02T18:00:00.000000000,65.0,67.7842
2022-08-02T19:00:00.000000000,65.31,67.35898
2022-08-02T20:00:00.000000000,62.04,67.18333
2022-08-02T21:00:00.000000000,60.26,67.03824
2022-08-02T22:00:00.000000000,59.22,66.48459
2022-08-02T23:00:00.000000000,58.84,66.17454
2022-08-03T00:00:00.000000000,59.3,64.83623
2022-08-03T01:00:00.000000000,59.05,63.555
2022-08-03T02:00:00.000000000,59.28,62.53136
2022-08-03T03:00:00.000000000,60.48,62.25598
2022-08-03T04:00:00.000000000,62.18,62.88173
2022-08-03T05:00:00.000000000,63.93,64.50447
2022-08-03T06:00:00.000000000,66.31,66.9604
2022-08-03T07:00:00.000000000,66.7,69.96547
2022-08-03T08:00:00.000000000,67.68,72.81713
2022-08-03T09:00:00.000000000,68.62,75.43636
2022-08-03T10:00:00.000000000,69.27,77.41229
2022-08-03T11:00:00.000000000,69.68,78.37291
2022-08-03T12:00:00.000000000,69.88,78.01527
2022-08-03T13:00:00.000000000,68.59,76.74949
2022-08-03T14:00:00.000000000,67.76,74.94337
2022-08-03T15:00:00.000000000,69.42,73.11114
2022-08-03T16:00:00.000000000,67.95,71.60732
2022-08-03T17:00:00.000000000,71.18,70.23279
2022-08-03T18:00:00.000000000,67.72,69.37806
2022-08-03T19:00:00.000000000,68.87,68.82445
2022-08-03T20:00:00.000000000,66.64,68.43136
2022-08-03T21:00:00.000000000,68.59,68.21057
2022-08-03T22:00:00.000000000,65.19,67.64575
2022-08-03T23:00:00.000000000,64.6,67.1855
2022-08-01T00:00:00.000000000,62.04,63.80995
2022-08-01T01:00:00.000000000,61.71,62.84196
2022-08-01T02:00:00.000000000,63.12,62.045
2022-08-01T03:00:00.000000000,63.82,61.81215
2022-08-01T04:00:00.000000000,64.27,62.29195
2022-08-01T05:00:00.000000000,64.93,63.73121
2022-08-01T06:00:00.000000000,69.26,66.12303
2022-08-01T07:00:00.000000000,75.28,69.34285
2022-08-01T08:00:00.000000000,71.21,72.60555
2022-08-01T09:00:00.000000000,73.65,75.84447
2022-08-01T10:00:00.000000000,74.61,78.5795
2022-08-01T11:00:00.000000000,73.4,80.45266
2022-08-01T12:00:00.000000000,72.89,81.13426
2022-08-01T13:00:00.000000000,71.34,80.69365
2022-08-01T14:00:00.000000000,75.47,79.21045
2022-08-01T15:00:00.000000000,75.59,77.10203
2022-08-01T16:00:00.000000000,68.82,74.82856
2022-08-01T17:00:00.000000000,68.89,72.52549
2022-08-01T18:00:00.000000000,64.55,70.78265
2022-08-01T19:00:00.000000000,66.35,69.39418
2022-08-01T20:00:00.000000000,67.07,68.24862
2022-08-01T21:00:00.000000000,64.79,67.4515
2022-08-01T22:00:00.000000000,63.8,66.55795
2022-08-01T23:00:00.000000000,62.36,66.10819
2022-08-02T00:00:00.000000000,60.85,63.74548
2022-08-02T01:00:00.000000000,59.73,62.91469
2022-08-02T02:00:00.000000000,59.86,62.13349
2022-08-02T03:00:00.000000000,60.76,61.67837
2022-08-02T04:00:00.000000000,61.72,61.69637
2022-08-02T05:00:00.000000000,62.49,62.60069
2022-08-02T06:00:00.000000000,61.74,64.38651
2022-08-02T07:00:00.000000000,65.48,66.8825
2022-08-02T08:00:00.000000000,65.2,69.37436
2022-08-02T09:00:00.000000000,66.19,71.62088
2022-08-02T10:00:00.000000000,66.22,73.23817
2022-08-02T11:00:00.000000000,66.18,74.16627
2022-08-02T12:00:00.000000000,67.0,74.22359
2022-08-02T13:00:00.000000000,66.88,73.56254
2022-08-02T14:00:00.000000000,65.89,72.31299
2022-08-02T15:00:00.000000000,68.17,70.75254
2022-08-02T16:00:00.000000000,66.32,69.14667
2022-08-02T17:00:00.000000000,67.89,67.53498
2022-08-02T18:00:00.000000000,65.0,66.51529
2022-08-02T19:00:00.000000000,65.31,65.99177
2022-08-02T20:00:00.000000000,62.04,65.752
2022-08-02T21:00:00.000000000,60.26,65.5438
2022-08-02T22:00:00.000000000,59.22,64.94403
2022-08-02T23:00:00.000000000,58.84,64.61467
2022-08-03T00:00:00.000000000,59.3,63.43562
2022-08-03T01:00:00.000000000,59.05,62.45844
2022-08-03T02:00:00.000000000,59.28,61.60786
2022-08-03T03:00:00.000000000,60.48,61.27646
2022-08-03T04:00:00.000000000,62.18,61.64782
2022-08-03T05:00:00.000000000,63.93,63.00052
2022-08-03T06:00:00.000000000,66.31,65.19141
2022-08-03T07:00:00.000000000,66.7,67.97578
2022-08-03T08:00:00.000000000,67.68,70.63313
2022-08-03T09:00:00.000000000,68.62,73.11588
2022-08-03T10:00:00.000000000,69.27,75.03056
2022-08-03T11:00:00.000000000,69.68,76.12001
2022-08-03T12:00:00.000000000,69.88,76.08436
2022-08-03T13:00:00.000000000,68.59,75.18956
2022-08-03T14:00:00.000000000,67.76,73.67913
2022-08-03T15:00:00.000000000,69.42,71.94295
2022-08-03T16:00:00.000000000,67.95,70.30522
2022-08-03T17:00:00.000000000,71.18,68.71097
2022-08-03T18:00:00.000000000,67.72,67.66783
2022-08-03T19:00:00.000000000,68.87,66.98908
2022-08-03T20:00:00.000000000,66.64,66.51355
2022-08-03T21:00:00.000000000,68.59,66.16397
2022-08-03T22:00:00.000000000,65.19,65.52363
2022-08-03T23:00:00.000000000,64.6,65.1626
2022-08-04T00:00:00.000000000,64.17,62.64981
2022-08-04T01:00:00.000000000,63.43,61.60707
2022-08-04T02:00:00.000000000,62.06,60.94029
2022-08-04T03:00:00.000000000,63.06,60.90171
2022-08-04T04:00:00.000000000,60.99,61.56065
2022-08-04T05:00:00.000000000,60.53,63.07784
2022-08-04T06:00:00.000000000,59.63,65.31248
2022-08-04T07:00:00.000000000,60.82,68.01689
2022-08-04T08:00:00.000000000,61.75,70.49902
2022-08-04T09:00:00.000000000,64.04,72.57113
2022-08-04T10:00:00.000000000,64.83,73.92376
2022-08-04T11:00:00.000000000,64.94,74.39863
2022-08-04T12:00:00.000000000,64.9,73.74858
2022-08-04T13:00:00.000000000,63.8,72.41658
2022-08-04T14:00:00.000000000,65.46,70.79001
2022-08-04T15:00:00.000000000,66.05,69.30217
2022-08-04T16:00:00.000000000,65.65,68.14506
2022-08-04T17:00:00.000000000,64.94,67.0192
2022-08-04T18:00:00.000000000,64.37,66.28608
2022-08-04T19:00:00.000000000,63.06,65.87276
2022-08-04T20:00:00.000000000,62.51,65.64221
2022-08-04T21:00:00.000000000,61.77,65.48503
2022-08-04T22:00:00.000000000,61.02,64.88605
2022-08-04T23:00:00.000000000,60.81,64.36195
2022-08-02T00:00:00.000000000,60.85,59.06966
2022-08-02T01:00:00.000000000,59.73,58.36607
2022-08-02T02:00:00.000000000,59.86,58.0742
2022-08-02T03:00:00.000000000,60.76,58.3319
2022-08-02T04:00:00.000000000,61.72,59.00049
2022-08-02T05:00:00.000000000,62.49,60.21848
2022-08-02T06:00:00.000000000,61.74,61.89702
2022-08-02T07:00:00.000000000,65.48,63.83648
2022-08-02T08:00:00.000000000,65.2,65.47786
2022-08-02T09:00:00.000000000,66.19,66.73047
2022-08-02T10:00:00.000000000,66.22,67.49818
2022-08-02T11:00:00.000000000,66.18,67.72295
2022-08-02T12:00:00.000000000,67.0,67.16708
2022-08-02T13:00:00.000000000,66.88,66.13886
2022-08-02T14:00:00.000000000,65.89,64.92909
2022-08-02T15:00:00.000000000,68.17,63.91081
2022-08-02T16:00:00.000000000,66.32,63.32292
2022-08-02T17:00:00.000000000,67.89,62.66722
2022-08-02T18:00:00.000000000,65.0,62.13961
2022-08-02T19:00:00.000000000,65.31,61.70084
2022-08-02T20:00:00.000000000,62.04,61.36531
2022-08-02T21:00:00.000000000,60.26,61.15065
2022-08-02T22:00:00.000000000,59.22,60.69992
2022-08-02T23:00:00.000000000,58.84,60.38785
2022-08-03T00:00:00.000000000,59.3,59.76982
2022-08-03T01:00:00.000000000,59.05,58.98519
2022-08-03T02:00:00.000000000,59.28,58.44258
2022-08-03T03:00:00.000000000,60.48,58.39572
2022-08-03T04:00:00.000000000,62.18,58.85264
2022-08-03T05:00:00.000000000,63.93,60.04357
2022-08-03T06:00:00.000000000,66.31,61.85477
2022-08-03T07:00:00.000000000,66.7,64.05549
2022-08-03T08:00:00.000000000,67.68,66.02586
2022-08-03T09:00:00.000000000,68.62,67.74659
2022-08-03T10:00:00.000000000,69.27,69.0149
2022-08-03T11:00:00.000000000,69.68,69.66893
2022-08-03T12:00:00.000000000,69.88,69.41519
2022-08-03T13:00:00.000000000,68.59,68.49819
2022-08-03T14:00:00.000000000,67.76,67.16827
2022-08-03T15:00:00.000000000,69.42,65.83115
2022-08-03T16:00:00.000000000,67.95,64.80947
2022-08-03T17:00:00.000000000,71.18,63.78223
2022-08-03T18:00:00.000000000,67.72,63.06707
2022-08-03T19:00:00.000000000,68.87,62.54358
2022-08-03T20:00:00.000000000,66.64,62.165
2022-08-03T21:00:00.000000000,68.59,61.91588
2022-08-03T22:00:00.000000000,65.19,61.46403
2022-08-03T23:00:00.000000000,64.6,61.22278
2022-08-04T00:00:00.000000000,64.17,58.30859
2022-08-04T01:00:00.000000000,63.43,57.64647
2022-08-04T02:00:00.000000000,62.06,57.31768
2022-08-04T03:00:00.000000000,63.06,57.46821
2022-08-04T04:00:00.000000000,60.99,58.01791
2022-08-04T05:00:00.000000000,60.53,59.18914
2022-08-04T06:00:00.000000000,59.63,60.89938
2022-08-04T07:00:00.000000000,60.82,62.94775
2022-08-04T08:00:00.000000000,61.75,64.73583
2022-08-04T09:00:00.000000000,64.04,66.21777
2022-08-04T10:00:00.000000000,64.83,67.25731
2022-08-04T11:00:00.000000000,64.94,67.74516
2022-08-04T12:00:00.000000000,64.9,67.3962
2022-08-04T13:00:00.000000000,63.8,66.4647
2022-08-04T14:00:00.000000000,65.46,65.19734
2022-08-04T15:00:00.000000000,66.05,63.99136
2022-08-04T16:00:00.000000000,65.65,63.14511
2022-08-04T17:00:00.000000000,64.94,62.23929
2022-08-04T18:00:00.000000000,64.37,61.53768
2022-08-04T19:00:00.000000000,63.06,60.99091
2022-08-04T20:00:00.000000000,62.51,60.60207
2022-08-04T21:00:00.000000000,61.77,60.3613
2022-08-04T22:00:00.000000000,61.02,59.93265
2022-08-04T23:00:00.000000000,60.81,59.68974
2022-08-05T00:00:00.000000000,61.97,58.56681
2022-08-05T01:00:00.000000000,61.62,57.64865
2022-08-05T02:00:00.000000000,61.47,57.09381
2022-08-05T03:00:00.000000000,62.18,57.21463
2022-08-05T04:00:00.000000000,63.78,57.92098
2022-08-05T05:00:00.000000000,64.55,59.24005
2022-08-05T06:00:00.000000000,67.33,61.02686
2022-08-05T07:00:00.000000000,70.72,62.98425
2022-08-05T08:00:00.000000000,75.65,64.59889
2022-08-05T09:00:00.000000000,78.75,65.93784
2022-08-05T10:00:00.000000000,81.11,66.89688
2022-08-05T11:00:00.000000000,82.77,67.25973
2022-08-05T12:00:00.000000000,80.16,66.76916
2022-08-05T13:00:00.000000000,79.47,65.74163
2022-08-05T14:00:00.000000000,80.33,64.53031
2022-08-05T15:00:00.000000000,79.75,63.55815
2022-08-05T16:00:00.000000000,77.56,63.11703
2022-08-05T17:00:00.000000000,76.8,62.65376
2022-08-05T18:00:00.000000000,75.97,62.2975
2022-08-05T19:00:00.000000000,72.57,61.90664
2022-08-05T20:00:00.000000000,73.6,61.51491
2022-08-05T21:00:00.000000000,73.07,61.23789
2022-08-05T22:00:00.000000000,72.52,60.76604
2022-08-05T23:00:00.000000000,72.06,60.42513
2022-08-03T00:00:00.000000000,59.3,58.62093
2022-08-03T01:00:00.000000000,59.05,57.80913
2022-08-03T02:00:00.000000000,59.28,57.41498
2022-08-03T03:00:00.000000000,60.48,57.63213
2022-08-03T04:00:00.000000000,62.18,58.3657
2022-08-03T05:00:00.000000000,63.93,59.66824
2022-08-03T06:00:00.000000000,66.31,61.43489
2022-08-03T07:00:00.000000000,66.7,63.44113
2022-08-03T08:00:00.000000000,67.68,65.19234
2022-08-03T09:00:00.000000000,68.62,66.64923
2022-08-03T10:00:00.000000000,69.27,67.67751
2022-08-03T11:00:00.000000000,69.68,68.07358
2022-08-03T12:00:00.000000000,69.88,67.56654
2022-08-03T13:00:00.000000000,68.59,66.52149
2022-08-03T14:00:00.000000000,67.76,65.31253
2022-08-03T15:00:00.000000000,69.42,64.31407
2022-08-03T16:00:00.000000000,67.95,63.71878
2022-08-03T17:00:00.000000000,71.18,63.00186
2022-08-03T18:00:00.000000000,67.72,62.36281
2022-08-03T19:00:00.000000000,68.87,61.80214
2022-08-03T20:00:00.000000000,66.64,61.38014
2022-08-03T21:00:00.000000000,68.59,61.12923
2022-08-03T22:00:00.000000000,65.19,60.65388
2022-08-03T23:00:00.000000000,64.6,60.29701
2022-08-04T00:00:00.000000000,64.17,56.95173
2022-08-04T01:00:00.000000000,63.43,56.28771
2022-08-04T02:00:00.000000000,62.06,56.01491
2022-08-04T03:00:00.000000000,63.06,56.28495
2022-08-04T04:00:00.000000000,60.99,56.92788
2022-08-04T05:00:00.000000000,60.53,58.02949
2022-08-04T06:00:00.000000000,59.63,59.52917
2022-08-04T07:00:00.000000000,60.82,61.2266
2022-08-04T08:00:00.000000000,61.75,62.67063
2022-08-04T09:00:00.000000000,64.04,63.85038
2022-08-04T10:00:00.000000000,64.83,64.70927
2022-08-04T11:00:00.000000000,64.94,65.08556
2022-08-04T12:00:00.000000000,64.9,64.71896
2022-08-04T13:00:00.000000000,63.8,63.87053
2022-08-04T14:00:00.000000000,65.46,62.81799
2022-08-04T15:00:00.000000000,66.05,61.92796
2022-08-04T16:00:00.000000000,65.65,61.45713
2022-08-04T17:00:00.000000000,64.94,60.84051
2022-08-04T18:00:00.000000000,64.37,60.23634
2022-08-04T19:00:00.000000000,63.06,59.66129
2022-08-04T20:00:00.000000000,62.51,59.22191
2022-08-04T21:00:00.000000000,61.77,58.96809
2022-08-04T22:00:00.000000000,61.02,58.58165
2022-08-04T23:00:00.000000000,60.81,58.351
2022-08-05T00:00:00.000000000,61.97,57.79391
2022-08-05T01:00:00.000000000,61.62,56.96074
2022-08-05T02:00:00.000000000,61.47,56.44748
2022-08-05T03:00:00.000000000,62.18,56.50785
2022-08-05T04:00:00.000000000,63.78,57.05579
2022-08-05T05:00:00.000000000,64.55,58.1388
2022-08-05T06:00:00.000000000,67.33,59.68977
2022-08-05T07:00:00.000000000,70.72,61.42101
2022-08-05T08:00:00.000000000,75.65,62.92333
2022-08-05T09:00:00.000000000,78.75,64.20966
2022-08-05T10:00:00.000000000,81.11,65.21528
2022-08-05T11:00:00.000000000,82.77,65.7235
2022-08-05T12:00:00.000000000,80.16,65.53627
2022-08-05T13:00:00.000000000,79.47,64.87713
2022-08-05T14:00:00.000000000,80.33,64.01225
2022-08-05T15:00:00.000000000,79.75,63.26898
2022-08-05T16:00:00.000000000,77.56,62.87384
2022-08-05T17:00:00.000000000,76.8,62.30173
2022-08-05T18:00:00.000000000,75.97,61.74777
2022-08-05T19:00:00.000000000,72.57,61.19438
2022-08-05T20:00:00.000000000,73.6,60.69457
2022-08-05T21:00:00.000000000,73.07,60.27654
2022-08-05T22:00:00.000000000,72.52,59.66328
2022-08-05T23:00:00.000000000,72.06,59.25148
2022-08-06T00:00:00.000000000,70.62,58.60273
2022-08-06T01:00:00.000000000,70.41,57.53343
2022-08-06T02:00:00.000000000,70.53,56.8986
2022-08-06T03:00:00.000000000,70.13,56.99631
2022-08-06T04:00:00.000000000,70.67,57.70321
2022-08-06T05:00:00.000000000,73.3,58.93345
2022-08-06T06:00:00.000000000,77.74,60.58467
2022-08-06T07:00:00.000000000,79.26,62.36327
2022-08-06T08:00:00.000000000,82.7,63.87706
2022-08-06T09:00:00.000000000,85.35,65.1321
2022-08-06T10:00:00.000000000,86.67,66.04126
2022-08-06T11:00:00.000000000,87.43,66.32764
2022-08-06T12:00:00.000000000,87.58,65.7952
2022-08-06T13:00:00.000000000,87.62,64.83008
2022-08-06T14:00:00.000000000,89.03,63.8555
2022-08-06T15:00:00.000000000,88.83,63.22647
2022-08-06T16:00:00.000000000,86.05,63.11133
2022-08-06T17:00:00.000000000,83.55,62.85784
2022-08-06T18:00:00.000000000,80.85,62.56277
2022-08-06T19:00:00.000000000,77.54,62.20277
2022-08-06T20:00:00.000000000,77.1,61.85932
2022-08-06T21:00:00.000000000,76.41,61.60578
2022-08-06T22:00:00.000000000,73.2,61.06158
2022-08-06T23:00:00.000000000,71.54,60.55637
2022-08-04T00:00:00.000000000,64.17,60.88619
2022-08-04T01:00:00.000000000,63.43,59.82195
2022-08-04T02:00:00.000000000,62.06,59.53916
2022-08-04T03:00:00.000000000,63.06,60.23453
2022-08-04T04:00:00.000000000,60.99,61.66448
2022-08-04T05:00:00.000000000,60.53,63.40112
2022-08-04T06:00:00.000000000,59.63,65.30175
2022-08-04T07:00:00.000000000,60.82,67.14599
2022-08-04T08:00:00.000000000,61.75,68.66475
2022-08-04T09:00:00.000000000,64.04,69.6979
2022-08-04T10:00:00.000000000,64.83,70.13682
2022-08-04T11:00:00.000000000,64.94,69.79231
2022-08-04T12:00:00.000000000,64.9,68.60433
2022-08-04T13:00:00.000000000,63.8,67.2329
2022-08-04T14:00:00.000000000,65.46,66.24217
2022-08-04T15:00:00.000000000,66.05,65.8603
2022-08-04T16:00:00.000000000,65.65,66.001
2022-08-04T17:00:00.000000000,64.94,65.89786
2022-08-04T18:00:00.000000000,64.37,65.59588
2022-08-04T19:00:00.000000000,63.06,65.20132
2022-08-04T20:00:00.000000000,62.51,64.79712
2022-08-04T21:00:00.000000000,61.77,64.48276
2022-08-04T22:00:00.000000000,61.02,63.76574
2022-08-04T23:00:00.000000000,60.81,63.01254
2022-08-05T00:00:00.000000000,61.97,61.55753
2022-08-05T01:00:00.000000000,61.62,60.41715
2022-08-05T02:00:00.000000000,61.47,59.54076
2022-08-05T03:00:00.000000000,62.18,59.39777
2022-08-05T04:00:00.000000000,63.78,59.93701
2022-08-05T05:00:00.000000000,64.55,61.15378
2022-08-05T06:00:00.000000000,67.33,62.92271
2022-08-05T07:00:00.000000000,70.72,64.93174
2022-08-05T08:00:00.000000000,75.65,66.67898
2022-08-05T09:00:00.000000000,78.75,68.13805
2022-08-05T10:00:00.000000000,81.11,69.19057
2022-08-05T11:00:00.000000000,82.77,69.62716
2022-08-05T12:00:00.000000000,80.16,69.2365
2022-08-05T13:00:00.000000000,79.47,68.27339
2022-08-05T14:00:00.000000000,80.33,67.05503
2022-08-05T15:00:00.000000000,79.75,66.03011
2022-08-05T16:00:00.000000000,77.56,65.5387
2022-08-05T17:00:00.000000000,76.8,65.09852
2022-08-05T18:00:00.000000000,75.97,64.85156
2022-08-05T19:00:00.000000000,72.57,64.57662
2022-08-05T20:00:00.000000000,73.6,64.26555
2022-08-05T21:00:00.000000000,73.07,64.03173
2022-08-05T22:00:00.000000000,72.52,63.56524
2022-08-05T23:00:00.000000000,72.06,63.20142
2022-08-06T00:00:00.000000000,70.62,61.33481
2022-08-06T01:00:00.000000000,70.41,60.21318
2022-08-06T02:00:00.000000000,70.53,59.3477
2022-08-06T03:00:00.000000000,70.13,59.18719
2022-08-06T04:00:00.000000000,70.67,59.68366
2022-08-06T05:00:00.000000000,73.3,60.81606
2022-08-06T06:00:00.000000000,77.74,62.48429
2022-08-06T07:00:00.000000000,79.26,64.35781
2022-08-06T08:00:00.000000000,82.7,66.00289
2022-08-06T09:00:00.000000000,85.35,67.40099
2022-08-06T10:00:00.000000000,86.67,68.47075
2022-08-06T11:00:00.000000000,87.43,68.98203
2022-08-06T12:00:00.000000000,87.58,68.76353
2022-08-06T13:00:00.000000000,87.62,68.0245
2022-08-06T14:00:00.000000000,89.03,67.0349
2022-08-06T15:00:00.000000000,88.83,66.19138
2022-08-06T16:00:00.000000000,86.05,65.78528
2022-08-06T17:00:00.000000000,83.55,65.33175
2022-08-06T18:00:00.000000000,80.85,64.99841
2022-08-06T19:00:00.000000000,77.54,64.61933
2022-08-06T20:00:00.000000000,77.1,64.18986
2022-08-06T21:00:00.000000000,76.41,63.81029
2022-08-06T22:00:00.000000000,73.2,63.20477
2022-08-06T23:00:00.000000000,71.54,62.76394
2022-08-07T00:00:00.000000000,69.78,62.65738
2022-08-07T01:00:00.000000000,69.17,61.15535
2022-08-07T02:00:00.000000000,67.94,60.05338
2022-08-07T03:00:00.000000000,68.94,59.88539
2022-08-07T04:00:00.000000000,71.27,60.62406
2022-08-07T05:00:00.000000000,73.95,62.15994
2022-08-07T06:00:00.000000000,74.66,64.30713
2022-08-07T07:00:00.000000000,78.94,66.7125
2022-08-07T08:00:00.000000000,83.54,68.79918
2022-08-07T09:00:00.000000000,86.79,70.42169
2022-08-07T10:00:00.000000000,89.58,71.34588
2022-08-07T11:00:00.000000000,89.62,71.40279
2022-08-07T12:00:00.000000000,89.65,70.43403
2022-08-07T13:00:00.000000000,90.46,68.91416
2022-08-07T14:00:00.000000000,85.19,67.38533
2022-08-07T15:00:00.000000000,83.34,66.34443
2022-08-07T16:00:00.000000000,76.92,66.03459
2022-08-07T17:00:00.000000000,78.1,65.89717
2022-08-07T18:00:00.000000000,77.18,66.02991
2022-08-07T19:00:00.000000000,75.36,66.17065
2022-08-07T20:00:00.000000000,72.81,66.23909
2022-08-07T21:00:00.000000000,70.61,66.25502
2022-08-07T22:00:00.000000000,67.46,65.73858
2022-08-07T23:00:00.000000000,66.87,65.06645
2022-08-05T00:00:00.000000000,61.97,59.89065
2022-08-05T01:00:00.000000000,61.62,58.80282
2022-08-05T02:00:00.000000000,61.47,58.04701
2022-08-05T03:00:00.000000000,62.18,58.02992
2022-08-05T04:00:00.000000000,63.78,58.67807
2022-08-05T05:00:00.000000000,64.55,59.91635
2022-08-05T06:00:00.000000000,67.33,61.6348
2022-08-05T07:00:00.000000000,70.72,63.49353
2022-08-05T08:00:00.000000000,75.65,65.09098
2022-08-05T09:00:00.000000000,78.75,66.43578
2022-08-05T10:00:00.000000000,81.11,67.4541
2022-08-05T11:00:00.000000000,82.77,67.8998
2022-08-05T12:00:00.000000000,80.16,67.60326
2022-08-05T13:00:00.000000000,79.47,66.82735
2022-08-05T14:00:00.000000000,80.33,65.89878
2022-08-05T15:00:00.000000000,79.75,65.18874
2022-08-05T16:00:00.000000000,77.56,64.92491
2022-08-05T17:00:00.000000000,76.8,64.54897
2022-08-05T18:00:00.000000000,75.97,64.19688
2022-08-05T19:00:00.000000000,72.57,63.75761
2022-08-05T20:00:00.000000000,73.6,63.26752
2022-08-05T21:00:00.000000000,73.07,62.8283
2022-08-05T22:00:00.000000000,72.52,62.14302
2022-08-05T23:00:00.000000000,72.06,61.60671
2022-08-06T00:00:00.000000000,70.62,60.90379
2022-08-06T01:00:00.000000000,70.41,59.77285
2022-08-06T02:00:00.000000000,70.53,58.88679
2022-08-06T03:00:00.000000000,70.13,58.70042
2022-08-06T04:00:00.000000000,70.67,59.18123
2022-08-06T05:00:00.000000000,73.3,60.32512
2022-08-06T06:00:00.000000000,77.74,62.03206
2022-08-06T07:00:00.000000000,79.26,63.95027
2022-08-06T08:00:00.000000000,82.7,65.62851
2022-08-06T09:00:00.000000000,85.35,67.04073
2022-08-06T10:00:00.000000000,86.67,68.101
2022-08-06T11:00:00.000000000,87.43,68.60793
2022-08-06T12:00:00.000000000,87.58,68.41007
2022-08-06T13:00:00.000000000,87.62,67.70084
2022-08-06T14:00:00.000000000,89.03,66.74922
2022-08-06T15:00:00.000000000,88.83,65.94363
2022-08-06T16:00:00.000000000,86.05,65.56933
2022-08-06T17:00:00.000000000,83.55,65.14852
2022-08-06T18:00:00.000000000,80.85,64.85988
2022-08-06T19:00:00.000000000,77.54,64.52007
2022-08-06T20:00:00.000000000,77.1,64.10214
2022-08-06T21:00:00.000000000,76.41,63.67768
2022-08-06T22:00:00.000000000,73.2,62.98619
2022-08-06T23:00:00.000000000,71.54,62.46162
2022-08-07T00:00:00.000000000,69.78,63.94892
2022-08-07T01:00:00.000000000,69.17,62.71604
2022-08-07T02:00:00.000000000,67.94,61.54999
2022-08-07T03:00:00.000000000,68.94,61.00543
2022-08-07T04:00:00.000000000,71.27,61.20275
2022-08-07T05:00:00.000000000,73.95,62.30853
2022-08-07T06:00:00.000000000,74.66,64.24873
2022-08-07T07:00:00.000000000,78.94,66.71735
2022-08-07T08:00:00.000000000,83.54,69.07595
2022-08-07T09:00:00.000000000,86.79,71.17836
2022-08-07T10:00:00.000000000,89.58,72.7316
2022-08-07T11:00:00.000000000,89.62,73.59904
2022-08-07T12:00:00.000000000,89.65,73.61039
2022-08-07T13:00:00.000000000,90.46,72.9141
2022-08-07T14:00:00.000000000,85.19,71.77493
2022-08-07T15:00:00.000000000,83.34,70.55794
2022-08-07T16:00:00.000000000,76.92,69.59495
2022-08-07T17:00:00.000000000,78.1,68.70379
2022-08-07T18:00:00.000000000,77.18,68.25748
2022-08-07T19:00:00.000000000,75.36,67.94392
2022-08-07T20:00:00.000000000,72.81,67.61508
2022-08-07T21:00:00.000000000,70.61,67.23561
2022-08-07T22:00:00.000000000,67.46,66.47201
2022-08-07T23:00:00.000000000,66.87,65.88004
2022-08-08T00:00:00.000000000,65.93,67.04787
2022-08-08T01:00:00.000000000,65.43,65.37943
2022-08-08T02:00:00.000000000,65.3,64.19309
2022-08-08T03:00:00.000000000,67.56,64.07956
2022-08-08T04:00:00.000000000,68.01,65.05218
2022-08-08T05:00:00.000000000,68.65,66.83907
2022-08-08T06:00:00.000000000,76.34,69.42508
2022-08-08T07:00:00.000000000,79.14,72.57401
2022-08-08T08:00:00.000000000,80.73,75.70749
2022-08-08T09:00:00.000000000,82.68,78.62492
2022-08-08T10:00:00.000000000,85.61,80.87033
2022-08-08T11:00:00.000000000,84.86,81.95382
2022-08-08T12:00:00.000000000,84.49,81.6639
2022-08-08T13:00:00.000000000,83.2,80.47158
2022-08-08T14:00:00.000000000,81.97,78.87111
2022-08-08T15:00:00.000000000,81.87,77.36784
2022-08-08T16:00:00.000000000,81.45,76.23673
2022-08-08T17:00:00.000000000,77.4,75.08895
2022-08-08T18:00:00.000000000,77.91,74.18756
2022-08-08T19:00:00.000000000,75.71,73.38097
2022-08-08T20:00:00.000000000,73.05,72.66799
2022-08-08T21:00:00.000000000,70.5,72.23644
2022-08-08T22:00:00.000000000,68.36,71.39832
2022-08-08T23:00:00.000000000,67.56,70.48863
2022-08-06T00:00:00.000000000,70.62,70.01049
2022-08-06T01:00:00.000000000,70.41,68.44049
2022-08-06T02:00:00.000000000,70.53,67.12308
2022-08-06T03:00:00.000000000,70.13,66.74611
2022-08-06T04:00:00.000000000,70.67,67.37537
2022-08-06T05:00:00.000000000,73.3,68.87066
2022-08-06T06:00:00.000000000,77.74,71.2394
2022-08-06T07:00:00.000000000,79.26,74.27755
2022-08-06T08:00:00.000000000,82.7,77.38846
2022-08-06T09:00:00.000000000,85.35,80.34748
2022-08-06T10:00:00.000000000,86.67,82.67103
2022-08-06T11:00:00.000000000,87.43,83.92232
2022-08-06T12:00:00.000000000,87.58,83.92481
2022-08-06T13:00:00.000000000,87.62,82.96016
2022-08-06T14:00:00.000000000,89.03,81.29317
2022-08-06T15:00:00.000000000,88.83,79.43987
2022-08-06T16:00:00.000000000,86.05,77.77914
2022-08-06T17:00:00.000000000,83.55,76.20532
2022-08-06T18:00:00.000000000,80.85,75.10515
2022-08-06T19:00:00.000000000,77.54,74.27452
2022-08-06T20:00:00.000000000,77.1,73.6119
2022-08-06T21:00:00.000000000,76.41,73.25708
2022-08-06T22:00:00.000000000,73.2,72.60258
2022-08-06T23:00:00.000000000,71.54,72.06772
2022-08-07T00:00:00.000000000,69.78,71.16964
2022-08-07T01:00:00.000000000,69.17,69.44742
2022-08-07T02:00:00.000000000,67.94,68.35949
2022-08-07T03:00:00.000000000,68.94,68.6146
2022-08-07T04:00:00.000000000,71.27,70.1817
2022-08-07T05:00:00.000000000,73.95,72.50558
2022-08-07T06:00:00.000000000,74.66,75.66296
2022-08-07T07:00:00.000000000,78.94,79.48317
2022-08-07T08:00:00.000000000,83.54,83.3093
2022-08-07T09:00:00.000000000,86.79,86.95296
2022-08-07T10:00:00.000000000,89.58,89.90995
2022-08-07T11:00:00.000000000,89.62,91.61039
2022-08-07T12:00:00.000000000,89.65,91.80379
2022-08-07T13:00:00.000000000,90.46,90.7542
2022-08-07T14:00:00.000000000,85.19,88.81258
2022-08-07T15:00:00.000000000,83.34,86.76933
2022-08-07T16:00:00.000000000,76.92,84.95223
2022-08-07T17:00:00.000000000,78.1,83.08377
2022-08-07T18:00:00.000000000,77.18,81.39359
2022-08-07T19:00:00.000000000,75.36,79.72267
2022-08-07T20:00:00.000000000,72.81,78.09087
2022-08-07T21:00:00.000000000,70.61,77.01987
2022-08-07T22:00:00.000000000,67.46,75.76114
2022-08-07T23:00:00.000000000,66.87,74.66102
2022-08-08T00:00:00.000000000,65.93,73.19124
2022-08-08T01:00:00.000000000,65.43,71.5232
2022-08-08T02:00:00.000000000,65.3,70.61745
2022-08-08T03:00:00.000000000,67.56,71.21493
2022-08-08T04:00:00.000000000,68.01,73.37828
2022-08-08T05:00:00.000000000,68.65,76.35181
2022-08-08T06:00:00.000000000,76.34,80.0946
2022-08-08T07:00:00.000000000,79.14,84.32579
2022-08-08T08:00:00.000000000,80.73,88.29553
2022-08-08T09:00:00.000000000,82.68,91.87618
2022-08-08T10:00:00.000000000,85.61,94.66348
2022-08-08T11:00:00.000000000,84.86,96.11006
2022-08-08T12:00:00.000000000,84.49,95.9466
2022-08-08T13:00:00.000000000,83.2,94.49572
2022-08-08T14:00:00.000000000,81.97,92.13298
2022-08-08T15:00:00.000000000,81.87,89.84223
2022-08-08T16:00:00.000000000,81.45,87.86573
2022-08-08T17:00:00.000000000,77.4,85.91955
2022-08-08T18:00:00.000000000,77.91,84.16445
2022-08-08T19:00:00.000000000,75.71,82.37971
2022-08-08T20:00:00.000000000,73.05,80.5123
2022-08-08T21:00:00.000000000,70.5,79.19755
2022-08-08T22:00:00.000000000,68.36,77.7224
2022-08-08T23:00:00.000000000,67.56,76.53581
2022-08-09T00:00:00.000000000,65.32,72.63418
2022-08-09T01:00:00.000000000,64.55,71.35738
2022-08-09T02:00:00.000000000,64.55,71.18979
2022-08-09T03:00:00.000000000,65.72,72.67733
2022-08-09T04:00:00.000000000,66.36,75.88978
2022-08-09T05:00:00.000000000,69.64,79.83562
2022-08-09T06:00:00.000000000,72.26,84.33854
2022-08-09T07:00:00.000000000,76.45,89.01127
2022-08-09T08:00:00.000000000,77.76,93.03969
2022-08-09T09:00:00.000000000,80.17,96.39352
2022-08-09T10:00:00.000000000,81.35,98.8311
2022-08-09T11:00:00.000000000,83.48,99.79709
2022-08-09T12:00:00.000000000,81.85,98.93324
2022-08-09T13:00:00.000000000,77.54,96.79281
2022-08-09T14:00:00.000000000,77.0,93.84871
2022-08-09T15:00:00.000000000,78.82,91.30096
2022-08-09T16:00:00.000000000,80.31,89.21513
2022-08-09T17:00:00.000000000,80.32,87.10004
2022-08-09T18:00:00.000000000,79.06,85.00501
2022-08-09T19:00:00.000000000,77.39,82.84523
2022-08-09T20:00:00.000000000,76.26,80.6174
2022-08-09T21:00:00.000000000,70.98,79.04614
2022-08-09T22:00:00.000000000,67.31,77.36927
2022-08-09T23:00:00.000000000,66.32,76.08418
2022-08-07T00:00:00.000000000,69.78,70.65114
2022-08-07T01:00:00.000000000,69.17,69.25374
2022-08-07T02:00:00.000000000,67.94,68.78274
2022-08-07T03:00:00.000000000,68.94,69.79096
2022-08-07T04:00:00.000000000,71.27,72.2132
2022-08-07T05:00:00.000000000,73.95,75.2208
2022-08-07T06:00:00.000000000,74.66,78.82053
2022-08-07T07:00:00.000000000,78.94,82.85559
2022-08-07T08:00:00.000000000,83.54,86.75499
2022-08-07T09:00:00.000000000,86.79,90.43636
2022-08-07T10:00:00.000000000,89.58,93.52847
2022-08-07T11:00:00.000000000,89.62,95.32556
2022-08-07T12:00:00.000000000,89.65,95.43541
2022-08-07T13:00:00.000000000,90.46,94.19435
2022-08-07T14:00:00.000000000,85.19,91.97024
2022-08-07T15:00:00.000000000,83.34,89.75205
2022-08-07T16:00:00.000000000,76.92,87.70079
2022-08-07T17:00:00.000000000,78.1,85.41895
2022-08-07T18:00:00.000000000,77.18,83.03874
2022-08-07T19:00:00.000000000,75.36,80.59543
2022-08-07T20:00:00.000000000,72.81,78.25954
2022-08-07T21:00:00.000000000,70.61,76.75041
2022-08-07T22:00:00.000000000,67.46,75.26962
2022-08-07T23:00:00.000000000,66.87,74.13935
2022-08-08T00:00:00.000000000,65.93,72.69912
2022-08-08T01:00:00.000000000,65.43,71.27975
2022-08-08T02:00:00.000000000,65.3,70.7507
2022-08-08T03:00:00.000000000,67.56,71.76084
2022-08-08T04:00:00.000000000,68.01,74.38409
2022-08-08T05:00:00.000000000,68.65,77.77135
2022-08-08T06:00:00.000000000,76.34,81.82884
2022-08-08T07:00:00.000000000,79.14,86.25246
2022-08-08T08:00:00.000000000,80.73,90.26333
2022-08-08T09:00:00.000000000,82.68,93.77879
2022-08-08T10:00:00.000000000,85.61,96.47297
2022-08-08T11:00:00.000000000,84.86,97.81025
2022-08-08T12:00:00.000000000,84.49,97.48578
2022-08-08T13:00:00.000000000,83.2,95.86585
2022-08-08T14:00:00.000000000,81.97,93.32469
2022-08-08T15:00:00.000000000,81.87,90.91312
2022-08-08T16:00:00.000000000,81.45,88.80444
2022-08-08T17:00:00.000000000,77.4,86.6868
2022-08-08T18:00:00.000000000,77.91,84.6945
2022-08-08T19:00:00.000000000,75.71,82.64527
2022-08-08T20:00:00.000000000,73.05,80.50302
2022-08-08T21:00:00.000000000,70.5,78.96251
2022-08-08T22:00:00.000000000,68.36,77.33119
2022-08-08T23:00:00.000000000,67.56,76.10923
2022-08-09T00:00:00.000000000,65.32,72.5173
2022-08-09T01:00:00.000000000,64.55,71.32989
2022-08-09T02:00:00.000000000,64.55,71.13071
2022-08-09T03:00:00.000000000,65.72,72.51637
2022-08-09T04:00:00.000000000,66.36,75.56044
2022-08-09T05:00:00.000000000,69.64,79.31482
2022-08-09T06:00:00.000000000,72.26,83.62948
2022-08-09T07:00:00.000000000,76.45,88.1776
2022-08-09T08:00:00.000000000,77.76,92.15957
2022-08-09T09:00:00.000000000,80.17,95.55215
2022-08-09T10:00:00.000000000,81.35,98.08264
2022-08-09T11:00:00.000000000,83.48,99.23943
2022-08-09T12:00:00.000000000,81.85,98.69963
2022-08-09T13:00:00.000000000,77.54,96.87216
2022-08-09T14:00:00.000000000,77.0,94.13814
2022-08-09T15:00:00.000000000,78.82,91.58281
2022-08-09T16:00:00.000000000,80.31,89.37018
2022-08-09T17:00:00.000000000,80.32,87.17191
2022-08-09T18:00:00.000000000,79.06,85.07891
2022-08-09T19:00:00.000000000,77.39,82.88201
2022-08-09T20:00:00.000000000,76.26,80.55599
2022-08-09T21:00:00.000000000,70.98,78.87557
2022-08-09T22:00:00.000000000,67.31,77.19144
2022-08-09T23:00:00.000000000,66.32,76.01961
2022-08-10T00:00:00.000000000,64.79,71.03645
2022-08-10T01:00:00.000000000,64.42,69.89555
2022-08-10T02:00:00.000000000,64.37,69.83429
2022-08-10T03:00:00.000000000,64.24,71.37257
2022-08-10T04:00:00.000000000,67.02,74.46932
2022-08-10T05:00:00.000000000,68.28,78.19758
2022-08-10T06:00:00.000000000,72.68,82.40263
2022-08-10T07:00:00.000000000,78.93,86.74832
2022-08-10T08:00:00.000000000,82.61,90.48358
2022-08-10T09:00:00.000000000,89.57,93.63927
2022-08-10T10:00:00.000000000,92.49,95.93194
2022-08-10T11:00:00.000000000,94.54,96.8259
2022-08-10T12:00:00.000000000,93.12,95.99432
2022-08-10T13:00:00.000000000,90.75,93.96641
2022-08-10T14:00:00.000000000,79.12,91.15287
2022-08-10T15:00:00.000000000,78.68,88.64012
2022-08-10T16:00:00.000000000,79.93,86.64076
2022-08-10T17:00:00.000000000,76.43,84.68991
2022-08-10T18:00:00.000000000,73.44,82.79422
2022-08-10T19:00:00.000000000,72.95,80.78201
2022-08-10T20:00:00.000000000,72.85,78.67466
2022-08-10T21:00:00.000000000,72.84,77.25148
2022-08-10T22:00:00.000000000,69.59,75.81036
2022-08-10T23:00:00.000000000,69.1,74.77182
2022-08-08T00:00:00.000000000,65.93,68.48489
2022-08-08T01:00:00.000000000,65.43,67.23584
2022-08-08T02:00:00.000000000,65.3,66.64791
2022-08-08T03:00:00.000000000,67.56,67.32932
2022-08-08T04:00:00.000000000,68.01,69.4203
2022-08-08T05:00:00.000000000,68.65,72.4347
2022-08-08T06:00:00.000000000,76.34,76.33659
2022-08-08T07:00:00.000000000,79.14,80.90081
2022-08-08T08:00:00.000000000,80.73,85.20406
2022-08-08T09:00:00.000000000,82.68,89.11515
2022-08-08T10:00:00.000000000,85.61,92.19525
2022-08-08T11:00:00.000000000,84.86,94.03706
2022-08-08T12:00:00.000000000,84.49,94.34896
2022-08-08T13:00:00.000000000,83.2,93.26798
2022-08-08T14:00:00.000000000,81.97,91.02798
2022-08-08T15:00:00.000000000,81.87,88.4515
2022-08-08T16:00:00.000000000,81.45,85.95996
2022-08-08T17:00:00.000000000,77.4,83.57675
2022-08-08T18:00:00.000000000,77.91,81.59429
2022-08-08T19:00:00.000000000,75.71,79.58186
2022-08-08T20:00:00.000000000,73.05,77.44905
2022-08-08T21:00:00.000000000,70.5,75.80695
2022-08-08T22:00:00.000000000,68.36,74.10343
2022-08-08T23:00:00.000000000,67.56,72.90923
2022-08-09T00:00:00.000000000,65.32,70.5259
2022-08-09T01:00:00.000000000,64.55,69.48944
2022-08-09T02:00:00.000000000,64.55,69.309
2022-08-09T03:00:00.000000000,65.72,70.60057
2022-08-09T04:00:00.000000000,66.36,73.43341
2022-08-09T05:00:00.000000000,69.64,76.99112
2022-08-09T06:00:00.000000000,72.26,81.16695
2022-08-09T07:00:00.000000000,76.45,85.71301
2022-08-09T08:00:00.000000000,77.76,89.80662
2022-08-09T09:00:00.000000000,80.17,93.4594
2022-08-09T10:00:00.000000000,81.35,96.3936
2022-08-09T11:00:00.000000000,83.48,98.12231
2022-08-09T12:00:00.000000000,81.85,98.26798
2022-08-09T13:00:00.000000000,77.54,96.96984
2022-08-09T14:00:00.000000000,77.0,94.44727
2022-08-09T15:00:00.000000000,78.82,91.74028
2022-08-09T16:00:00.000000000,80.31,89.184
2022-08-09T17:00:00.000000000,80.32,86.6427
2022-08-09T18:00:00.000000000,79.06,84.25849
2022-08-09T19:00:00.000000000,77.39,81.69002
2022-08-09T20:00:00.000000000,76.26,78.95577
2022-08-09T21:00:00.000000000,70.98,76.95735
2022-08-09T22:00:00.000000000,67.31,75.19175
2022-08-09T23:00:00.000000000,66.32,74.13309
2022-08-10T00:00:00.000000000,64.79,70.26562
2022-08-10T01:00:00.000000000,64.42,69.25097
2022-08-10T02:00:00.000000000,64.37,69.20398
2022-08-10T03:00:00.000000000,64.24,70.66225
2022-08-10T04:00:00.000000000,67.02,73.63001
2022-08-10T05:00:00.000000000,68.28,77.26714
2022-08-10T06:00:00.000000000,72.68,81.45008
2022-08-10T07:00:00.000000000,78.93,85.89839
2022-08-10T08:00:00.000000000,82.61,89.80093
2022-08-10T09:00:00.000000000,89.57,93.16453
2022-08-10T10:00:00.000000000,92.49,95.69054
2022-08-10T11:00:00.000000000,94.54,96.90293
2022-08-10T12:00:00.000000000,93.12,96.50221
2022-08-10T13:00:00.000000000,90.75,94.85218
2022-08-10T14:00:00.000000000,79.12,92.25249
2022-08-10T15:00:00.000000000,78.68,89.67484
2022-08-10T16:00:00.000000000,79.93,87.40419
2022-08-10T17:00:00.000000000,76.43,85.1805
2022-08-10T18:00:00.000000000,73.44,83.10908
2022-08-10T19:00:00.000000000,72.95,80.90637
2022-08-10T20:00:00.000000000,72.85,78.56402
2022-08-10T21:00:00.000000000,72.84,76.87809
2022-08-10T22:00:00.000000000,69.59,75.25802
2022-08-10T23:00:00.000000000,69.1,74.19914
2022-08-11T00:00:00.000000000,67.41,69.38501
2022-08-11T01:00:00.000000000,65.54,68.64114
2022-08-11T02:00:00.000000000,63.36,69.1139
2022-08-11T03:00:00.000000000,63.03,71.21292
2022-08-11T04:00:00.000000000,62.75,74.89117
2022-08-11T05:00:00.000000000,65.69,79.12095
2022-08-11T06:00:00.000000000,74.04,83.70104
2022-08-11T07:00:00.000000000,77.45,88.31134
2022-08-11T08:00:00.000000000,72.89,92.17526
2022-08-11T09:00:00.000000000,75.63,95.41735
2022-08-11T10:00:00.000000000,76.19,97.91828
2022-08-11T11:00:00.000000000,76.2,99.14292
2022-08-11T12:00:00.000000000,77.24,98.62173
2022-08-11T13:00:00.000000000,77.21,96.73108
2022-08-11T14:00:00.000000000,77.9,93.8002
2022-08-11T15:00:00.000000000,79.06,91.07111
2022-08-11T16:00:00.000000000,77.87,88.73514
2022-08-11T17:00:00.000000000,76.63,86.31249
2022-08-11T18:00:00.000000000,75.83,83.76054
2022-08-11T19:00:00.000000000,75.6,80.93836
2022-08-11T20:00:00.000000000,74.35,77.97881
2022-08-11T21:00:00.000000000,73.89,75.89616
2022-08-11T22:00:00.000000000,69.84,74.10027
2022-08-11T23:00:00.000000000,68.07,73.00197
2022-08-09T00:00:00.000000000,65.32,67.46159
2022-08-09T01:00:00.000000000,64.55,66.44909
2022-08-09T02:00:00.000000000,64.55,66.37719
2022-08-09T03:00:00.000000000,65.72,67.67224
2022-08-09T04:00:00.000000000,66.36,70.28187
2022-08-09T05:00:00.000000000,69.64,73.55912
2022-08-09T06:00:00.000000000,72.26,77.50672
2022-08-09T07:00:00.000000000,76.45,81.93621
2022-08-09T08:00:00.000000000,77.76,86.04484
2022-08-09T09:00:00.000000000,80.17,89.79524
2022-08-09T10:00:00.000000000,81.35,92.82929
2022-08-09T11:00:00.000000000,83.48,94.59378
2022-08-09T12:00:00.000000000,81.85,94.74305
2022-08-09T13:00:00.000000000,77.54,93.55989
2022-08-09T14:00:00.000000000,77.0,91.30614
2022-08-09T15:00:00.000000000,78.82,88.81673
2022-08-09T16:00:00.000000000,80.31,86.44291
2022-08-09T17:00:00.000000000,80.32,83.92972
2022-08-09T18:00:00.000000000,79.06,81.4937
2022-08-09T19:00:00.000000000,77.39,78.94585
2022-08-09T20:00:00.000000000,76.26,76.38357
2022-08-09T21:00:00.000000000,70.98,74.57969
2022-08-09T22:00:00.000000000,67.31,72.90547
2022-08-09T23:00:00.000000000,66.32,71.74937
2022-08-10T00:00:00.000000000,64.79,69.10251
2022-08-10T01:00:00.000000000,64.42,67.92178
2022-08-10T02:00:00.000000000,64.37,67.54005
2022-08-10T03:00:00.000000000,64.24,68.53855
2022-08-10T04:00:00.000000000,67.02,70.85811
2022-08-10T05:00:00.000000000,68.28,73.85134
2022-08-10T06:00:00.000000000,72.68,77.51122
2022-08-10T07:00:00.000000000,78.93,81.67127
2022-08-10T08:00:00.000000000,82.61,85.56603
2022-08-10T09:00:00.000000000,89.57,89.13952
2022-08-10T10:00:00.000000000,92.49,91.98481
2022-08-10T11:00:00.000000000,94.54,93.60572
2022-08-10T12:00:00.000000000,93.12,93.72583
2022-08-10T13:00:00.000000000,90.75,92.56608
2022-08-10T14:00:00.000000000,79.12,90.34336
2022-08-10T15:00:00.000000000,78.68,87.87635
2022-08-10T16:00:00.000000000,79.93,85.60057
2022-08-10T17:00:00.000000000,76.43,83.36213
2022-08-10T18:00:00.000000000,73.44,81.33889
2022-08-10T19:00:00.000000000,72.95,79.21433
2022-08-10T20:00:00.000000000,72.85,77.01159
2022-08-10T21:00:00.000000000,72.84,75.48383
2022-08-10T22:00:00.000000000,69.59,74.04772
2022-08-10T23:00:00.000000000,69.1,73.09919
2022-08-11T00:00:00.000000000,67.41,69.3649
2022-08-11T01:00:00.000000000,65.54,68.43111
2022-08-11T02:00:00.000000000,63.36,68.45643
2022-08-11T03:00:00.000000000,63.03,69.94165
2022-08-11T04:00:00.000000000,62.75,72.83294
2022-08-11T05:00:00.000000000,65.69,76.30752
2022-08-11T06:00:00.000000000,74.04,80.31112
2022-08-11T07:00:00.000000000,77.45,84.65985
2022-08-11T08:00:00.000000000,72.89,88.61145
2022-08-11T09:00:00.000000000,75.63,92.17792
2022-08-11T10:00:00.000000000,76.19,95.05635
2022-08-11T11:00:00.000000000,76.2,96.70202
2022-08-11T12:00:00.000000000,77.24,96.75052
2022-08-11T13:00:00.000000000,77.21,95.43975
2022-08-11T14:00:00.000000000,77.9,93.00813
2022-08-11T15:00:00.000000000,79.06,90.41977
2022-08-11T16:00:00.000000000,77.87,88.00599
2022-08-11T17:00:00.000000000,76.63,85.52112
2022-08-11T18:00:00.000000000,75.83,83.08492
2022-08-11T19:00:00.000000000,75.6,80.47963
2022-08-11T20:00:00.000000000,74.35,77.79679
2022-08-11T21:00:00.000000000,73.89,75.92217
2022-08-11T22:00:00.000000000,69.84,74.27485
2022-08-11T23:00:00.000000000,68.07,73.25879
2022-08-12T00:00:00.000000000,66.39,68.7952
2022-08-12T01:00:00.000000000,65.1,68.26824
2022-08-12T02:00:00.000000000,65.82,69.01602
2022-08-12T03:00:00.000000000,65.98,71.35295
2022-08-12T04:00:00.000000000,67.13,75.27541
2022-08-12T05:00:00.000000000,69.13,79.743
2022-08-12T06:00:00.000000000,72.44,84.5044
2022-08-12T07:00:00.000000000,72.73,89.23656
2022-08-12T08:00:00.000000000,69.41,93.12971
2022-08-12T09:00:00.000000000,70.96,96.28763
2022-08-12T10:00:00.000000000,72.44,98.63701
2022-08-12T11:00:00.000000000,73.91,99.67753
2022-08-12T12:00:00.000000000,74.17,98.94416
2022-08-12T13:00:00.000000000,73.35,96.88739
2022-08-12T14:00:00.000000000,73.59,93.81794
2022-08-12T15:00:00.000000000,71.73,90.97538
2022-08-12T16:00:00.000000000,69.99,88.49627
2022-08-12T17:00:00.000000000,68.66,85.95416
2022-08-12T18:00:00.000000000,68.53,83.32191
2022-08-12T19:00:00.000000000,69.89,80.48176
2022-08-12T20:00:00.000000000,67.08,77.55179
2022-08-12T21:00:00.000000000,66.07,75.46376
2022-08-12T22:00:00.000000000,67.73,73.63066
2022-08-12T23:00:00.000000000,65.73,72.55595
2022-08-10T00:00:00.000000000,64.79,64.4485
2022-08-10T01:00:00.000000000,64.42,63.16978
2022-08-10T02:00:00.000000000,64.37,62.21769
2022-08-10T03:00:00.000000000,64.24,62.09476
2022-08-10T04:00:00.000000000,67.02,62.92174
2022-08-10T05:00:00.000000000,68.28,64.76416
2022-08-10T06:00:00.000000000,72.68,67.4617
2022-08-10T07:00:00.000000000,78.93,70.73044
2022-08-10T08:00:00.000000000,82.61,73.77744
2022-08-10T09:00:00.000000000,89.57,76.54545
2022-08-10T10:00:00.000000000,92.49,78.58288
2022-08-10T11:00:00.000000000,94.54,79.60151
2022-08-10T12:00:00.000000000,93.12,79.34187
2022-08-10T13:00:00.000000000,90.75,78.17373
2022-08-10T14:00:00.000000000,79.12,76.45727
2022-08-10T15:00:00.000000000,78.68,74.64484
2022-08-10T16:00:00.000000000,79.93,73.10091
2022-08-10T17:00:00.000000000,76.43,71.6719
2022-08-10T18:00:00.000000000,73.44,70.75228
2022-08-10T19:00:00.000000000,72.95,70.04199
2022-08-10T20:00:00.000000000,72.85,69.39726
2022-08-10T21:00:00.000000000,72.84,68.89289
2022-08-10T22:00:00.000000000,69.59,68.02395
2022-08-10T23:00:00.000000000,69.1,67.32826
2022-08-11T00:00:00.000000000,67.41,66.5871
2022-08-11T01:00:00.000000000,65.54,65.34142
2022-08-11T02:00:00.000000000,63.36,64.1383
2022-08-11T03:00:00.000000000,63.03,63.55092
2022-08-11T04:00:00.000000000,62.75,63.75487
2022-08-11T05:00:00.000000000,65.69,64.97862
2022-08-11T06:00:00.000000000,74.04,67.25017
2022-08-11T07:00:00.000000000,77.45,70.41777
2022-08-11T08:00:00.000000000,72.89,73.70451
2022-08-11T09:00:00.000000000,75.63,76.9333
2022-08-11T10:00:00.000000000,76.19,79.57232
2022-08-11T11:00:00.000000000,76.2,81.31241
2022-08-11T12:00:00.000000000,77.24,81.91308
2022-08-11T13:00:00.000000000,77.21,81.43469
2022-08-11T14:00:00.000000000,77.9,79.99397
2022-08-11T15:00:00.000000000,79.06,77.97327
2022-08-11T16:00:00.000000000,77.87,75.87416
2022-08-11T17:00:00.000000000,76.63,73.86078
2022-08-11T18:00:00.000000000,75.83,72.51158
2022-08-11T19:00:00.000000000,75.6,71.51156
2022-08-11T20:00:00.000000000,74.35,70.70535
2022-08-11T21:00:00.000000000,73.89,70.12975
2022-08-11T22:00:00.000000000,69.84,69.32761
2022-08-11T23:00:00.000000000,68.07,68.83959
2022-08-12T00:00:00.000000000,66.39,67.30906
2022-08-12T01:00:00.000000000,65.1,66.00758
2022-08-12T02:00:00.000000000,65.82,65.05796
2022-08-12T03:00:00.000000000,65.98,65.04212
2022-08-12T04:00:00.000000000,67.13,66.00907
2022-08-12T05:00:00.000000000,69.13,67.83494
2022-08-12T06:00:00.000000000,72.44,70.58219
2022-08-12T07:00:00.000000000,72.73,74.1291
2022-08-12T08:00:00.000000000,69.41,77.73863
2022-08-12T09:00:00.000000000,70.96,81.27818
2022-08-12T10:00:00.000000000,72.44,84.21595
2022-08-12T11:00:00.000000000,73.91,86.06679
2022-08-12T12:00:00.000000000,74.17,86.56899
2022-08-12T13:00:00.000000000,73.35,85.87007
2022-08-12T14:00:00.000000000,73.59,84.13511
2022-08-12T15:00:00.000000000,71.73,81.90767
2022-08-12T16:00:00.000000000,69.99,79.69819
2022-08-12T17:00:00.000000000,68.66,77.52148
2022-08-12T18:00:00.000000000,68.53,75.81314
2022-08-12T19:00:00.000000000,69.89,74.30924
2022-08-12T20:00:00.000000000,67.08,72.95594
2022-08-12T21:00:00.000000000,66.07,72.08138
2022-08-12T22:00:00.000000000,67.73,71.11955
2022-08-12T23:00:00.000000000,65.73,70.47687
2022-08-13T00:00:00.000000000,64.25,68.36465
2022-08-13T01:00:00.000000000,61.97,66.88949
2022-08-13T02:00:00.000000000,60.98,66.03288
2022-08-13T03:00:00.000000000,61.85,66.3827
2022-08-13T04:00:00.000000000,62.55,67.91974
2022-08-13T05:00:00.000000000,60.36,70.25436
2022-08-13T06:00:00.000000000,62.27,73.42164
2022-08-13T07:00:00.000000000,62.91,77.25483
2022-08-13T08:00:00.000000000,63.97,81.04099
2022-08-13T09:00:00.000000000,65.14,84.64899
2022-08-13T10:00:00.000000000,67.11,87.58932
2022-08-13T11:00:00.000000000,67.67,89.27365
2022-08-13T12:00:00.000000000,68.15,89.41043
2022-08-13T13:00:00.000000000,67.95,88.30373
2022-08-13T14:00:00.000000000,68.52,86.24018
2022-08-13T15:00:00.000000000,65.57,83.94155
2022-08-13T16:00:00.000000000,63.41,81.87086
2022-08-13T17:00:00.000000000,64.86,79.82514
2022-08-13T18:00:00.000000000,66.03,78.08659
2022-08-13T19:00:00.000000000,66.34,76.43056
2022-08-13T20:00:00.000000000,67.01,74.86669
2022-08-13T21:00:00.000000000,68.07,73.89833
2022-08-13T22:00:00.000000000,66.78,72.85817
2022-08-13T23:00:00.000000000,65.92,72.03135
2022-08-11T00:00:00.000000000,67.41,66.98133
2022-08-11T01:00:00.000000000,65.54,65.50887
2022-08-11T02:00:00.000000000,63.36,64.47569
2022-08-11T03:00:00.000000000,63.03,64.59159
2022-08-11T04:00:00.000000000,62.75,65.97649
2022-08-11T05:00:00.000000000,65.69,68.50445
2022-08-11T06:00:00.000000000,74.04,72.08929
2022-08-11T07:00:00.000000000,77.45,76.44629
2022-08-11T08:00:00.000000000,72.89,80.5035
2022-08-11T09:00:00.000000000,75.63,84.1546
2022-08-11T10:00:00.000000000,76.19,86.84799
2022-08-11T11:00:00.000000000,76.2,88.33332
2022-08-11T12:00:00.000000000,77.24,88.33377
2022-08-11T13:00:00.000000000,77.21,86.95545
2022-08-11T14:00:00.000000000,77.9,84.41608
2022-08-11T15:00:00.000000000,79.06,81.60198
2022-08-11T16:00:00.000000000,77.87,79.20808
2022-08-11T17:00:00.000000000,76.63,77.30887
2022-08-11T18:00:00.000000000,75.83,76.17692
2022-08-11T19:00:00.000000000,75.6,75.14643
2022-08-11T20:00:00.000000000,74.35,73.94905
2022-08-11T21:00:00.000000000,73.89,73.03871
2022-08-11T22:00:00.000000000,69.84,71.90556
2022-08-11T23:00:00.000000000,68.07,71.07515
2022-08-12T00:00:00.000000000,66.39,68.84253
2022-08-12T01:00:00.000000000,65.1,67.56917
2022-08-12T02:00:00.000000000,65.82,67.00883
2022-08-12T03:00:00.000000000,65.98,67.75088
2022-08-12T04:00:00.000000000,67.13,69.73937
2022-08-12T05:00:00.000000000,69.13,72.43702
2022-08-12T06:00:00.000000000,72.44,75.87856
2022-08-12T07:00:00.000000000,72.73,79.92594
2022-08-12T08:00:00.000000000,69.41,83.82817
2022-08-12T09:00:00.000000000,70.96,87.49396
2022-08-12T10:00:00.000000000,72.44,90.46087
2022-08-12T11:00:00.000000000,73.91,92.19807
2022-08-12T12:00:00.000000000,74.17,92.42659
2022-08-12T13:00:00.000000000,73.35,91.36213
2022-08-12T14:00:00.000000000,73.59,89.21919
2022-08-12T15:00:00.000000000,71.73,86.76984
2022-08-12T16:00:00.000000000,69.99,84.49233
2022-08-12T17:00:00.000000000,68.66,82.25002
2022-08-12T18:00:00.000000000,68.53,80.27398
2022-08-12T19:00:00.000000000,69.89,78.275
2022-08-12T20:00:00.000000000,67.08,76.27553
2022-08-12T21:00:00.000000000,66.07,74.94124
2022-08-12T22:00:00.000000000,67.73,73.65711
2022-08-12T23:00:00.000000000,65.73,72.7727
2022-08-13T00:00:00.000000000,64.25,69.45749
2022-08-13T01:00:00.000000000,61.97,68.28959
2022-08-13T02:00:00.000000000,60.98,68.01503
2022-08-13T03:00:00.000000000,61.85,69.18061
2022-08-13T04:00:00.000000000,62.55,71.69399
2022-08-13T05:00:00.000000000,60.36,74.81042
2022-08-13T06:00:00.000000000,62.27,78.51668
2022-08-13T07:00:00.000000000,62.91,82.64951
2022-08-13T08:00:00.000000000,63.97,86.50507
2022-08-13T09:00:00.000000000,65.14,90.03808
2022-08-13T10:00:00.000000000,67.11,92.87487
2022-08-13T11:00:00.000000000,67.67,94.45761
2022-08-13T12:00:00.000000000,68.15,94.46923
2022-08-13T13:00:00.000000000,67.95,93.18968
2022-08-13T14:00:00.000000000,68.52,90.87804
2022-08-13T15:00:00.000000000,65.57,88.4332
2022-08-13T16:00:00.000000000,63.41,86.20967
2022-08-13T17:00:00.000000000,64.86,83.94402
2022-08-13T18:00:00.000000000,66.03,81.77042
2022-08-13T19:00:00.000000000,66.34,79.49291
2022-08-13T20:00:00.000000000,67.01,77.19428
2022-08-13T21:00:00.000000000,68.07,75.65519
2022-08-13T22:00:00.000000000,66.78,74.2285
2022-08-13T23:00:00.000000000,65.92,73.26508
2022-08-14T00:00:00.000000000,65.26,69.85071
2022-08-14T01:00:00.000000000,66.05,69.02674
2022-08-14T02:00:00.000000000,65.77,69.38863
2022-08-14T03:00:00.000000000,66.48,71.3542
2022-08-14T04:00:00.000000000,64.43,74.85355
2022-08-14T05:00:00.000000000,65.34,78.86182
2022-08-14T06:00:00.000000000,64.89,83.20582
2022-08-14T07:00:00.000000000,67.37,87.61282
2022-08-14T08:00:00.000000000,70.55,91.38247
2022-08-14T09:00:00.000000000,73.31,94.60744
2022-08-14T10:00:00.000000000,74.96,97.1257
2022-08-14T11:00:00.000000000,76.31,98.3576
2022-08-14T12:00:00.000000000,77.03,97.84701
2022-08-14T13:00:00.000000000,79.89,96.00431
2022-08-14T14:00:00.000000000,81.59,93.15976
2022-08-14T15:00:00.000000000,79.94,90.52185
2022-08-14T16:00:00.000000000,79.49,88.2547
2022-08-14T17:00:00.000000000,77.96,85.88044
2022-08-14T18:00:00.000000000,76.86,83.36816
2022-08-14T19:00:00.000000000,75.74,80.65036
2022-08-14T20:00:00.000000000,71.51,77.88166
2022-08-14T21:00:00.000000000,69.12,76.00225
2022-08-14T22:00:00.000000000,67.55,74.36131
2022-08-14T23:00:00.000000000,66.43,73.34451
2022-08-12T00:00:00.000000000,66.39,67.02938
2022-08-12T01:00:00.000000000,65.1,65.47062
2022-08-12T02:00:00.000000000,65.82,64.73653
2022-08-12T03:00:00.000000000,65.98,65.29908
2022-08-12T04:00:00.000000000,67.13,67.02441
2022-08-12T05:00:00.000000000,69.13,69.39274
2022-08-12T06:00:00.000000000,72.44,72.46101
2022-08-12T07:00:00.000000000,72.73,76.04037
2022-08-12T08:00:00.000000000,69.41,79.53144
2022-08-12T09:00:00.000000000,70.96,82.75488
2022-08-12T10:00:00.000000000,72.44,85.26592
2022-08-12T11:00:00.000000000,73.91,86.50129
2022-08-12T12:00:00.000000000,74.17,86.25485
2022-08-12T13:00:00.000000000,73.35,85.05454
2022-08-12T14:00:00.000000000,73.59,83.38133
2022-08-12T15:00:00.000000000,71.73,81.76809
2022-08-12T16:00:00.000000000,69.99,80.45977
2022-08-12T17:00:00.000000000,68.66,78.97457
2022-08-12T18:00:00.000000000,68.53,77.51154
2022-08-12T19:00:00.000000000,69.89,75.99355
2022-08-12T20:00:00.000000000,67.08,74.54518
2022-08-12T21:00:00.000000000,66.07,73.61702
2022-08-12T22:00:00.000000000,67.73,72.42859
2022-08-12T23:00:00.000000000,65.73,71.2554
2022-08-13T00:00:00.000000000,64.25,69.26497
2022-08-13T01:00:00.000000000,61.97,67.74484
2022-08-13T02:00:00.000000000,60.98,66.90564
2022-08-13T03:00:00.000000000,61.85,67.35907
2022-08-13T04:00:00.000000000,62.55,69.03316
2022-08-13T05:00:00.000000000,60.36,71.44388
2022-08-13T06:00:00.000000000,62.27,74.65297
2022-08-13T07:00:00.000000000,62.91,78.50758
2022-08-13T08:00:00.000000000,63.97,82.29906
2022-08-13T09:00:00.000000000,65.14,85.85435
2022-08-13T10:00:00.000000000,67.11,88.66853
2022-08-13T11:00:00.000000000,67.67,90.22555
2022-08-13T12:00:00.000000000,68.15,90.3086
2022-08-13T13:00:00.000000000,67.95,89.22541
2022-08-13T14:00:00.000000000,68.52,87.28588
2022-08-13T15:00:00.000000000,65.57,85.14762
2022-08-13T16:00:00.000000000,63.41,83.22229
2022-08-13T17:00:00.000000000,64.86,81.29171
2022-08-13T18:00:00.000000000,66.03,79.60666
2022-08-13T19:00:00.000000000,66.34,77.93547
2022-08-13T20:00:00.000000000,67.01,76.29784
2022-08-13T21:00:00.000000000,68.07,75.22623
2022-08-13T22:00:00.000000000,66.78,74.02799
2022-08-13T23:00:00.000000000,65.92,73.03961
2022-08-14T00:00:00.000000000,65.26,70.65311
2022-08-14T01:00:00.000000000,66.05,69.32063
2022-08-14T02:00:00.000000000,65.77,68.90153
2022-08-14T03:00:00.000000000,66.48,69.99887
2022-08-14T04:00:00.000000000,64.43,72.52928
2022-08-14T05:00:00.000000000,65.34,75.6765
2022-08-14T06:00:00.000000000,64.89,79.42208
2022-08-14T07:00:00.000000000,67.37,83.58864
2022-08-14T08:00:00.000000000,70.55,87.48926
2022-08-14T09:00:00.000000000,73.31,91.05422
2022-08-14T10:00:00.000000000,74.96,93.89072
2022-08-14T11:00:00.000000000,76.31,95.42158
2022-08-14T12:00:00.000000000,77.03,95.33259
2022-08-14T13:00:00.000000000,79.89,93.94131
2022-08-14T14:00:00.000000000,81.59,91.57785
2022-08-14T15:00:00.000000000,79.94,89.1811
2022-08-14T16:00:00.000000000,79.49,87.06227
2022-08-14T17:00:00.000000000,77.96,84.90175
2022-08-14T18:00:00.000000000,76.86,82.80551
2022-08-14T19:00:00.000000000,75.74,80.59973
2022-08-14T20:00:00.000000000,71.51,78.36665
2022-08-14T21:00:00.000000000,69.12,76.88297
2022-08-14T22:00:00.000000000,67.55,75.44974
2022-08-14T23:00:00.000000000,66.43,74.4039
2022-08-15T00:00:00.000000000,66.41,71.06628
2022-08-15T01:00:00.000000000,67.85,70.2732
2022-08-15T02:00:00.000000000,66.45,70.7714
2022-08-15T03:00:00.000000000,66.74,72.94574
2022-08-15T04:00:00.000000000,69.87,76.77986
2022-08-15T05:00:00.000000000,71.86,81.10855
2022-08-15T06:00:00.000000000,73.22,85.68003
2022-08-15T07:00:00.000000000,76.62,90.18788
2022-08-15T08:00:00.000000000,77.14,93.95293
2022-08-15T09:00:00.000000000,78.94,97.06903
2022-08-15T10:00:00.000000000,79.75,99.40918
2022-08-15T11:00:00.000000000,81.11,100.37594
2022-08-15T12:00:00.000000000,80.78,99.48719
2022-08-15T13:00:00.000000000,79.38,97.28352
2022-08-15T14:00:00.000000000,76.41,94.19135
2022-08-15T15:00:00.000000000,74.97,91.50978
2022-08-15T16:00:00.000000000,72.91,89.27715
2022-08-15T17:00:00.000000000,72.3,86.94766
2022-08-15T18:00:00.000000000,71.78,84.44202
2022-08-15T19:00:00.000000000,69.9,81.76346
2022-08-15T20:00:00.000000000,68.09,79.05468
2022-08-15T21:00:00.000000000,65.58,77.21871
2022-08-15T22:00:00.000000000,64.59,75.54954
2022-08-15T23:00:00.000000000,63.24,74.48876
2022-08-13T00:00:00.000000000,64.25,65.08131
2022-08-13T01:00:00.000000000,61.97,63.60383
2022-08-13T02:00:00.000000000,60.98,62.6554
2022-08-13T03:00:00.000000000,61.85,62.67946
2022-08-13T04:00:00.000000000,62.55,63.64806
2022-08-13T05:00:00.000000000,60.36,65.21647
2022-08-13T06:00:00.000000000,62.27,67.29772
2022-08-13T07:00:00.000000000,62.91,69.65434
2022-08-13T08:00:00.000000000,63.97,71.97195
2022-08-13T09:00:00.000000000,65.14,74.12288
2022-08-13T10:00:00.000000000,67.11,75.78825
2022-08-13T11:00:00.000000000,67.67,76.46298
2022-08-13T12:00:00.000000000,68.15,75.9879
2022-08-13T13:00:00.000000000,67.95,74.93337
2022-08-13T14:00:00.000000000,68.52,73.78632
2022-08-13T15:00:00.000000000,65.57,72.89867
2022-08-13T16:00:00.000000000,63.41,72.31747
2022-08-13T17:00:00.000000000,64.86,71.52685
2022-08-13T18:00:00.000000000,66.03,70.76082
2022-08-13T19:00:00.000000000,66.34,70.08369
2022-08-13T20:00:00.000000000,67.01,69.54426
2022-08-13T21:00:00.000000000,68.07,69.20926
2022-08-13T22:00:00.000000000,66.78,68.4616
2022-08-13T23:00:00.000000000,65.92,67.6831
2022-08-14T00:00:00.000000000,65.26,67.68069
2022-08-14T01:00:00.000000000,66.05,66.07713
2022-08-14T02:00:00.000000000,65.77,64.98935
2022-08-14T03:00:00.000000000,66.48,64.99931
2022-08-14T04:00:00.000000000,64.43,66.09204
2022-08-14T05:00:00.000000000,65.34,67.96279
2022-08-14T06:00:00.000000000,64.89,70.62197
2022-08-14T07:00:00.000000000,67.37,73.85915
2022-08-14T08:00:00.000000000,70.55,77.09321
2022-08-14T09:00:00.000000000,73.31,80.12281
2022-08-14T10:00:00.000000000,74.96,82.48229
2022-08-14T11:00:00.000000000,76.31,83.67391
2022-08-14T12:00:00.000000000,77.03,83.49954
2022-08-14T13:00:00.000000000,79.89,82.38913
2022-08-14T14:00:00.000000000,81.59,80.76766
2022-08-14T15:00:00.000000000,79.94,79.14267
2022-08-14T16:00:00.000000000,79.49,77.79743
2022-08-14T17:00:00.000000000,77.96,76.40538
2022-08-14T18:00:00.000000000,76.86,75.25213
2022-08-14T19:00:00.000000000,75.74,74.20846
2022-08-14T20:00:00.000000000,71.51,73.27878
2022-08-14T21:00:00.000000000,69.12,72.7083
2022-08-14T22:00:00.000000000,67.55,71.80317
2022-08-14T23:00:00.000000000,66.43,70.91868
2022-08-15T00:00:00.000000000,66.41,70.17663
2022-08-15T01:00:00.000000000,67.85,68.64193
2022-08-15T02:00:00.000000000,66.45,67.97626
2022-08-15T03:00:00.000000000,66.74,68.78596
2022-08-15T04:00:00.000000000,69.87,71.02566
2022-08-15T05:00:00.000000000,71.86,73.9902
2022-08-15T06:00:00.000000000,73.22,77.67016
2022-08-15T07:00:00.000000000,76.62,81.85719
2022-08-15T08:00:00.000000000,77.14,85.83431
2022-08-15T09:00:00.000000000,78.94,89.47683
2022-08-15T10:00:00.000000000,79.75,92.35237
2022-08-15T11:00:00.000000000,81.11,93.87449
2022-08-15T12:00:00.000000000,80.78,93.74502
2022-08-15T13:00:00.000000000,79.38,92.34279
2022-08-15T14:00:00.000000000,76.41,90.05555
2022-08-15T15:00:00.000000000,74.97,87.78124
2022-08-15T16:00:00.000000000,72.91,85.80379
2022-08-15T17:00:00.000000000,72.3,83.77845
2022-08-15T18:00:00.000000000,71.78,81.86017
2022-08-15T19:00:00.000000000,69.9,79.89832
2022-08-15T20:00:00.000000000,68.09,77.94486
2022-08-15T21:00:00.000000000,65.58,76.64192
2022-08-15T22:00:00.000000000,64.59,75.23093
2022-08-15T23:00:00.000000000,63.24,74.06297
2022-08-16T00:00:00.000000000,62.97,70.71088
2022-08-16T01:00:00.000000000,61.8,69.77031
2022-08-16T02:00:00.000000000,62.27,70.06742
2022-08-16T03:00:00.000000000,62.61,72.03673
2022-08-16T04:00:00.000000000,63.3,75.68997
2022-08-16T05:00:00.000000000,64.48,79.94672
2022-08-16T06:00:00.000000000,70.57,84.58271
2022-08-16T07:00:00.000000000,72.69,89.27147
2022-08-16T08:00:00.000000000,68.5,93.24675
2022-08-16T09:00:00.000000000,69.47,96.5608
2022-08-16T10:00:00.000000000,69.91,99.056
2022-08-16T11:00:00.000000000,71.25,100.15443
2022-08-16T12:00:00.000000000,71.33,99.3927
2022-08-16T13:00:00.000000000,70.48,97.27587
2022-08-16T14:00:00.000000000,71.07,94.22909
2022-08-16T15:00:00.000000000,69.31,91.52257
2022-08-16T16:00:00.000000000,68.85,89.24023
2022-08-16T17:00:00.000000000,68.07,86.87532
2022-08-16T18:00:00.000000000,68.0,84.3981
2022-08-16T19:00:00.000000000,67.22,81.75653
2022-08-16T20:00:00.000000000,65.68,79.06935
2022-08-16T21:00:00.000000000,64.38,77.20888
2022-08-16T22:00:00.000000000,62.94,75.46853
2022-08-16T23:00:00.000000000,62.53,74.29255
2022-08-14T00:00:00.000000000,65.26,66.20231
2022-08-14T01:00:00.000000000,66.05,64.58783
2022-08-14T02:00:00.000000000,65.77,63.07186
2022-08-14T03:00:00.000000000,66.48,62.2762
2022-08-14T04:00:00.000000000,64.43,62.35829
2022-08-14T05:00:00.000000000,65.34,63.27304
2022-08-14T06:00:00.000000000,64.89,64.93791
2022-08-14T07:00:00.000000000,67.37,67.02977
2022-08-14T08:00:00.000000000,70.55,69.15764
2022-08-14T09:00:00.000000000,73.31,71.0972
2022-08-14T10:00:00.000000000,74.96,72.56014
2022-08-14T11:00:00.000000000,76.31,73.23278
2022-08-14T12:00:00.000000000,77.03,73.01394
2022-08-14T13:00:00.000000000,79.89,72.21085
2022-08-14T14:00:00.000000000,81.59,71.19742
2022-08-14T15:00:00.000000000,79.94,70.32012
2022-08-14T16:00:00.000000000,79.49,69.7255
2022-08-14T17:00:00.000000000,77.96,69.13249
2022-08-14T18:00:00.000000000,76.86,68.89168
2022-08-14T19:00:00.000000000,75.74,68.85373
2022-08-14T20:00:00.000000000,71.51,68.89883
2022-08-14T21:00:00.000000000,69.12,68.85595
2022-08-14T22:00:00.000000000,67.55,68.27222
2022-08-14T23:00:00.000000000,66.43,67.66659
2022-08-15T00:00:00.000000000,66.41,68.05759
2022-08-15T01:00:00.000000000,67.85,66.46398
2022-08-15T02:00:00.000000000,66.45,65.15476
2022-08-15T03:00:00.000000000,66.74,64.78277
2022-08-15T04:00:00.000000000,69.87,65.39615
2022-08-15T05:00:00.000000000,71.86,66.83804
2022-08-15T06:00:00.000000000,73.22,69.13346
2022-08-15T07:00:00.000000000,76.62,72.04888
2022-08-15T08:00:00.000000000,77.14,75.02649
2022-08-15T09:00:00.000000000,78.94,77.84981
2022-08-15T10:00:00.000000000,79.75,80.09514
2022-08-15T11:00:00.000000000,81.11,81.36202
2022-08-15T12:00:00.000000000,80.78,81.47801
2022-08-15T13:00:00.000000000,79.38,80.70927
2022-08-15T14:00:00.000000000,76.41,79.40933
2022-08-15T15:00:00.000000000,74.97,78.01354
2022-08-15T16:00:00.000000000,72.91,76.80784
2022-08-15T17:00:00.000000000,72.3,75.54937
2022-08-15T18:00:00.000000000,71.78,74.58259
2022-08-15T19:00:00.000000000,69.9,73.72428
2022-08-15T20:00:00.000000000,68.09,72.93477
2022-08-15T21:00:00.000000000,65.58,72.37116
2022-08-15T22:00:00.000000000,64.59,71.45698
2022-08-15T23:00:00.000000000,63.24,70.62544
2022-08-16T00:00:00.000000000,62.97,69.85468
2022-08-16T01:00:00.000000000,61.8,68.22723
2022-08-16T02:00:00.000000000,62.27,67.16576
2022-08-16T03:00:00.000000000,62.61,67.3308
2022-08-16T04:00:00.000000000,63.3,68.71403
2022-08-16T05:00:00.000000000,64.48,70.87419
2022-08-16T06:00:00.000000000,70.57,73.88418
2022-08-16T07:00:00.000000000,72.69,77.56637
2022-08-16T08:00:00.000000000,68.5,81.26512
2022-08-16T09:00:00.000000000,69.47,84.80945
2022-08-16T10:00:00.000000000,69.91,87.7153
2022-08-16T11:00:00.000000000,71.25,89.44092
2022-08-16T12:00:00.000000000,71.33,89.74396
2022-08-16T13:00:00.000000000,70.48,88.86969
2022-08-16T14:00:00.000000000,71.07,87.13902
2022-08-16T15:00:00.000000000,69.31,85.22119
2022-08-16T16:00:00.000000000,68.85,83.44464
2022-08-16T17:00:00.000000000,68.07,81.58115
2022-08-16T18:00:00.000000000,68.0,79.91416
2022-08-16T19:00:00.000000000,67.22,78.27003
2022-08-16T20:00:00.000000000,65.68,76.67113
2022-08-16T21:00:00.000000000,64.38,75.58977
2022-08-16T22:00:00.000000000,62.94,74.33334
2022-08-16T23:00:00.000000000,62.53,73.27724
2022-08-17T00:00:00.000000000,61.03,70.31644
2022-08-17T01:00:00.000000000,60.72,68.80028
2022-08-17T02:00:00.000000000,60.44,68.18353
2022-08-17T03:00:00.000000000,60.66,69.07047
2022-08-17T04:00:00.000000000,61.5,71.38684
2022-08-17T05:00:00.000000000,62.87,74.38669
2022-08-17T06:00:00.000000000,63.96,78.05935
2022-08-17T07:00:00.000000000,68.73,82.19572
2022-08-17T08:00:00.000000000,72.64,86.10749
2022-08-17T09:00:00.000000000,73.38,89.70029
2022-08-17T10:00:00.000000000,74.55,92.56653
2022-08-17T11:00:00.000000000,75.62,94.0898
2022-08-17T12:00:00.000000000,74.81,93.94456
2022-08-17T13:00:00.000000000,74.11,92.51337
2022-08-17T14:00:00.000000000,69.91,90.18244
2022-08-17T15:00:00.000000000,68.5,87.88629
2022-08-17T16:00:00.000000000,69.73,85.91453
2022-08-17T17:00:00.000000000,68.53,83.87333
2022-08-17T18:00:00.000000000,67.55,81.88494
2022-08-17T19:00:00.000000000,66.55,79.82603
2022-08-17T20:00:00.000000000,64.7,77.7896
2022-08-17T21:00:00.000000000,62.88,76.47361
2022-08-17T22:00:00.000000000,62.69,75.11888
2022-08-17T23:00:00.000000000,60.9,74.01658
2022-08-15T00:00:00.000000000,66.41,68.56503
2022-08-15T01:00:00.000000000,67.85,67.32541
2022-08-15T02:00:00.000000000,66.45,66.71396
2022-08-15T03:00:00.000000000,66.74,67.11362
2022-08-15T04:00:00.000000000,69.87,68.62927
2022-08-15T05:00:00.000000000,71.86,70.73488
2022-08-15T06:00:00.000000000,73.22,73.50409
2022-08-15T07:00:00.000000000,76.62,76.7522
2022-08-15T08:00:00.000000000,77.14,80.13345
2022-08-15T09:00:00.000000000,78.94,83.55432
2022-08-15T10:00:00.000000000,79.75,86.75219
2022-08-15T11:00:00.000000000,81.11,89.04179
2022-08-15T12:00:00.000000000,80.78,90.04762
2022-08-15T13:00:00.000000000,79.38,89.96801
2022-08-15T14:00:00.000000000,76.41,89.10852
2022-08-15T15:00:00.000000000,74.97,88.04306
2022-08-15T16:00:00.000000000,72.91,86.57992
2022-08-15T17:00:00.000000000,72.3,84.4442
2022-08-15T18:00:00.000000000,71.78,81.96187
2022-08-15T19:00:00.000000000,69.9,79.39388
2022-08-15T20:00:00.000000000,68.09,76.99529
2022-08-15T21:00:00.000000000,65.58,75.1799
2022-08-15T22:00:00.000000000,64.59,73.21265
2022-08-15T23:00:00.000000000,63.24,71.7537
2022-08-16T00:00:00.000000000,62.97,70.6752
2022-08-16T01:00:00.000000000,61.8,69.43008
2022-08-16T02:00:00.000000000,62.27,69.04039
2022-08-16T03:00:00.000000000,62.61,70.07475
2022-08-16T04:00:00.000000000,63.3,72.6462
2022-08-16T05:00:00.000000000,64.48,75.98733
2022-08-16T06:00:00.000000000,70.57,80.01065
2022-08-16T07:00:00.000000000,72.69,84.45136
2022-08-16T08:00:00.000000000,68.5,88.55015
2022-08-16T09:00:00.000000000,69.47,92.22675
2022-08-16T10:00:00.000000000,69.91,95.21554
2022-08-16T11:00:00.000000000,71.25,96.98048
2022-08-16T12:00:00.000000000,71.33,97.14022
2022-08-16T13:00:00.000000000,70.48,95.92511
2022-08-16T14:00:00.000000000,71.07,93.63802
2022-08-16T15:00:00.000000000,69.31,91.29022
2022-08-16T16:00:00.000000000,68.85,89.02272
2022-08-16T17:00:00.000000000,68.07,86.61641
2022-08-16T18:00:00.000000000,68.0,84.25063
2022-08-16T19:00:00.000000000,67.22,81.77504
2022-08-16T20:00:00.000000000,65.68,79.23186
2022-08-16T21:00:00.000000000,64.38,77.34077
2022-08-16T22:00:00.000000000,62.94,75.47157
2022-08-16T23:00:00.000000000,62.53,74.1722
2022-08-17T00:00:00.000000000,61.03,70.90594
2022-08-17T01:00:00.000000000,60.72,69.97105
2022-08-17T02:00:00.000000000,60.44,70.10473
2022-08-17T03:00:00.000000000,60.66,71.81082
2022-08-17T04:00:00.000000000,61.5,75.16132
2022-08-17T05:00:00.000000000,62.87,79.18715
2022-08-17T06:00:00.000000000,63.96,83.6983
2022-08-17T07:00:00.000000000,68.73,88.38055
2022-08-17T08:00:00.000000000,72.64,92.41068
2022-08-17T09:00:00.000000000,73.38,95.81012
2022-08-17T10:00:00.000000000,74.55,98.37003
2022-08-17T11:00:00.000000000,75.62,99.59573
2022-08-17T12:00:00.000000000,74.81,99.10858
2022-08-17T13:00:00.000000000,74.11,97.29756
2022-08-17T14:00:00.000000000,69.91,94.51331
2022-08-17T15:00:00.000000000,68.5,91.85545
2022-08-17T16:00:00.000000000,69.73,89.48573
2022-08-17T17:00:00.000000000,68.53,87.08951
2022-08-17T18:00:00.000000000,67.55,84.74017
2022-08-17T19:00:00.000000000,66.55,82.22913
2022-08-17T20:00:00.000000000,64.7,79.58519
2022-08-17T21:00:00.000000000,62.88,77.6483
2022-08-17T22:00:00.000000000,62.69,75.82177
2022-08-17T23:00:00.000000000,60.9,74.63982
2022-08-18T00:00:00.000000000,60.43,70.17347
2022-08-18T01:00:00.000000000,59.66,69.57862
2022-08-18T02:00:00.000000000,60.24,70.28748
2022-08-18T03:00:00.000000000,60.07,72.63145
2022-08-18T04:00:00.000000000,62.02,76.66935
2022-08-18T05:00:00.000000000,63.49,81.30828
2022-08-18T06:00:00.000000000,66.19,86.26362
2022-08-18T07:00:00.000000000,69.78,91.1358
2022-08-18T08:00:00.000000000,70.45,95.06982
2022-08-18T09:00:00.000000000,72.07,98.14148
2022-08-18T10:00:00.000000000,73.43,100.24233
2022-08-18T11:00:00.000000000,72.15,100.90105
2022-08-18T12:00:00.000000000,71.63,99.72288
2022-08-18T13:00:00.000000000,69.65,97.31664
2022-08-18T14:00:00.000000000,68.48,94.1076
2022-08-18T15:00:00.000000000,69.21,91.29606
2022-08-18T16:00:00.000000000,68.06,88.93995
2022-08-18T17:00:00.000000000,67.72,86.5786
2022-08-18T18:00:00.000000000,66.37,84.20171
2022-08-18T19:00:00.000000000,64.99,81.67937
2022-08-18T20:00:00.000000000,64.51,79.04074
2022-08-18T21:00:00.000000000,62.32,77.11855
2022-08-18T22:00:00.000000000,61.95,75.27363
2022-08-18T23:00:00.000000000,60.7,74.09788
2022-08-16T00:00:00.000000000,62.97,65.31902
2022-08-16T01:00:00.000000000,61.8,64.01482
2022-08-16T02:00:00.000000000,62.27,63.44015
2022-08-16T03:00:00.000000000,62.61,64.01924
2022-08-16T04:00:00.000000000,63.3,65.73537
2022-08-16T05:00:00.000000000,64.48,68.22971
2022-08-16T06:00:00.000000000,70.57,71.53972
2022-08-16T07:00:00.000000000,72.69,75.47184
2022-08-16T08:00:00.000000000,68.5,79.30144
2022-08-16T09:00:00.000000000,69.47,82.92686
2022-08-16T10:00:00.000000000,69.91,85.90135
2022-08-16T11:00:00.000000000,71.25,87.62715
2022-08-16T12:00:00.000000000,71.33,87.78324
2022-08-16T13:00:00.000000000,70.48,86.73794
2022-08-16T14:00:00.000000000,71.07,84.852
2022-08-16T15:00:00.000000000,69.31,82.77368
2022-08-16T16:00:00.000000000,68.85,80.83306
2022-08-16T17:00:00.000000000,68.07,78.73397
2022-08-16T18:00:00.000000000,68.0,76.78716
2022-08-16T19:00:00.000000000,67.22,74.88419
2022-08-16T20:00:00.000000000,65.68,73.10089
2022-08-16T21:00:00.000000000,64.38,71.90388
2022-08-16T22:00:00.000000000,62.94,70.59118
2022-08-16T23:00:00.000000000,62.53,69.50687
2022-08-17T00:00:00.000000000,61.03,67.98869
2022-08-17T01:00:00.000000000,60.72,66.77423
2022-08-17T02:00:00.000000000,60.44,66.26719
2022-08-17T03:00:00.000000000,60.66,67.02383
2022-08-17T04:00:00.000000000,61.5,68.98892
2022-08-17T05:00:00.000000000,62.87,71.66228
2022-08-17T06:00:00.000000000,63.96,75.11434
2022-08-17T07:00:00.000000000,68.73,79.21428
2022-08-17T08:00:00.000000000,72.64,83.20046
2022-08-17T09:00:00.000000000,73.38,87.00772
2022-08-17T10:00:00.000000000,74.55,90.17153
2022-08-17T11:00:00.000000000,75.62,92.16835
2022-08-17T12:00:00.000000000,74.81,92.70964
2022-08-17T13:00:00.000000000,74.11,91.92889
2022-08-17T14:00:00.000000000,69.91,90.02269
2022-08-17T15:00:00.000000000,68.5,87.70452
2022-08-17T16:00:00.000000000,69.73,85.40072
2022-08-17T17:00:00.000000000,68.53,82.99451
2022-08-17T18:00:00.000000000,67.55,80.77445
2022-08-17T19:00:00.000000000,66.55,78.48526
2022-08-17T20:00:00.000000000,64.7,76.18121
2022-08-17T21:00:00.000000000,62.88,74.55963
2022-08-17T22:00:00.000000000,62.69,73.02103
2022-08-17T23:00:00.000000000,60.9,71.96197
2022-08-18T00:00:00.000000000,60.43,68.95413
2022-08-18T01:00:00.000000000,59.66,67.99497
2022-08-18T02:00:00.000000000,60.24,67.98838
2022-08-18T03:00:00.000000000,60.07,69.42654
2022-08-18T04:00:00.000000000,62.02,72.25886
2022-08-18T05:00:00.000000000,63.49,75.69604
2022-08-18T06:00:00.000000000,66.19,79.6858
2022-08-18T07:00:00.000000000,69.78,84.04065
2022-08-18T08:00:00.000000000,70.45,88.01356
2022-08-18T09:00:00.000000000,72.07,91.60714
2022-08-18T10:00:00.000000000,73.43,94.52161
2022-08-18T11:00:00.000000000,72.15,96.20684
2022-08-18T12:00:00.000000000,71.63,96.28893
2022-08-18T13:00:00.000000000,69.65,95.00231
2022-08-18T14:00:00.000000000,68.48,92.57956
2022-08-18T15:00:00.000000000,69.21,89.99374
2022-08-18T16:00:00.000000000,68.06,87.56823
2022-08-18T17:00:00.000000000,67.72,85.05936
2022-08-18T18:00:00.000000000,66.37,82.5995
2022-08-18T19:00:00.000000000,64.99,79.98749
2022-08-18T20:00:00.000000000,64.51,77.3208
2022-08-18T21:00:00.000000000,62.32,75.46355
2022-08-18T22:00:00.000000000,61.95,73.82234
2022-08-18T23:00:00.000000000,60.7,72.79732
2022-08-19T00:00:00.000000000,59.84,68.55865
2022-08-19T01:00:00.000000000,59.93,67.85278
2022-08-19T02:00:00.000000000,59.86,68.36444
2022-08-19T03:00:00.000000000,59.56,70.45719
2022-08-19T04:00:00.000000000,60.56,74.0554
2022-08-19T05:00:00.000000000,63.36,78.1905
2022-08-19T06:00:00.000000000,64.03,82.68072
2022-08-19T07:00:00.000000000,66.65,87.23544
2022-08-19T08:00:00.000000000,63.23,91.06905
2022-08-19T09:00:00.000000000,63.1,94.27383
2022-08-19T10:00:00.000000000,64.65,96.70528
2022-08-19T11:00:00.000000000,65.83,97.85302
2022-08-19T12:00:00.000000000,64.48,97.29179
2022-08-19T13:00:00.000000000,63.12,95.434
2022-08-19T14:00:00.000000000,64.7,92.57746
2022-08-19T15:00:00.000000000,64.26,89.88399
2022-08-19T16:00:00.000000000,63.6,87.56225
2022-08-19T17:00:00.000000000,61.55,85.16613
2022-08-19T18:00:00.000000000,61.35,82.68143
2022-08-19T19:00:00.000000000,60.45,79.97133
2022-08-19T20:00:00.000000000,59.6,77.16047
2022-08-19T21:00:00.000000000,58.64,75.18882
2022-08-19T22:00:00.000000000,57.35,73.45348
2022-08-19T23:00:00.000000000,57.85,72.38107
2022-08-17T00:00:00.000000000,61.03,62.4604
2022-08-17T01:00:00.000000000,60.72,61.04669
2022-08-17T02:00:00.000000000,60.44,60.08803
2022-08-17T03:00:00.000000000,60.66,60.04636
2022-08-17T04:00:00.000000000,61.5,60.84602
2022-08-17T05:00:00.000000000,62.87,62.32059
2022-08-17T06:00:00.000000000,63.96,64.35148
2022-08-17T07:00:00.000000000,68.73,66.6404
2022-08-17T08:00:00.000000000,72.64,68.69645
2022-08-17T09:00:00.000000000,73.38,70.39619
2022-08-17T10:00:00.000000000,74.55,71.50322
2022-08-17T11:00:00.000000000,75.62,71.75574
2022-08-17T12:00:00.000000000,74.81,70.99232
2022-08-17T13:00:00.000000000,74.11,69.70952
2022-08-17T14:00:00.000000000,69.91,68.43745
2022-08-17T15:00:00.000000000,68.5,67.56182
2022-08-17T16:00:00.000000000,69.73,67.26413
2022-08-17T17:00:00.000000000,68.53,66.95743
2022-08-17T18:00:00.000000000,67.55,66.76735
2022-08-17T19:00:00.000000000,66.55,66.56008
2022-08-17T20:00:00.000000000,64.7,66.35535
2022-08-17T21:00:00.000000000,62.88,66.21772
2022-08-17T22:00:00.000000000,62.69,65.63373
2022-08-17T23:00:00.000000000,60.9,64.94363
2022-08-18T00:00:00.000000000,60.43,64.62526
2022-08-18T01:00:00.000000000,59.66,63.34684
2022-08-18T02:00:00.000000000,60.24,62.11811
2022-08-18T03:00:00.000000000,60.07,61.52665
2022-08-18T04:00:00.000000000,62.02,61.70177
2022-08-18T05:00:00.000000000,63.49,62.81114
2022-08-18T06:00:00.000000000,66.19,64.71714
2022-08-18T07:00:00.000000000,69.78,67.10102
2022-08-18T08:00:00.000000000,70.45,69.32978
2022-08-18T09:00:00.000000000,72.07,71.27854
2022-08-18T10:00:00.000000000,73.43,72.68499
2022-08-18T11:00:00.000000000,72.15,73.39167
2022-08-18T12:00:00.000000000,71.63,73.18408
2022-08-18T13:00:00.000000000,69.65,72.24315
2022-08-18T14:00:00.000000000,68.48,70.83883
2022-08-18T15:00:00.000000000,69.21,69.43729
2022-08-18T16:00:00.000000000,68.06,68.42957
2022-08-18T17:00:00.000000000,67.72,67.62022
2022-08-18T18:00:00.000000000,66.37,67.32519
2022-08-18T19:00:00.000000000,64.99,67.19607
2022-08-18T20:00:00.000000000,64.51,67.07338
2022-08-18T21:00:00.000000000,62.32,66.93213
2022-08-18T22:00:00.000000000,61.95,66.4463
2022-08-18T23:00:00.000000000,60.7,66.0919
2022-08-19T00:00:00.000000000,59.84,64.58884
2022-08-19T01:00:00.000000000,59.93,63.37285
2022-08-19T02:00:00.000000000,59.86,62.25208
2022-08-19T03:00:00.000000000,59.56,61.76586
2022-08-19T04:00:00.000000000,60.56,62.05153
2022-08-19T05:00:00.000000000,63.36,63.26038
2022-08-19T06:00:00.000000000,64.03,65.24036
2022-08-19T07:00:00.000000000,66.65,67.68766
2022-08-19T08:00:00.000000000,63.23,69.98644
2022-08-19T09:00:00.000000000,63.1,72.0543
2022-08-19T10:00:00.000000000,64.65,73.59499
2022-08-19T11:00:00.000000000,65.83,74.38158
2022-08-19T12:00:00.000000000,64.48,74.17397
2022-08-19T13:00:00.000000000,63.12,73.21581
2022-08-19T14:00:00.000000000,64.7,71.79735
2022-08-19T15:00:00.000000000,64.26,70.35323
2022-08-19T16:00:00.000000000,63.6,69.22203
2022-08-19T17:00:00.000000000,61.55,68.21971
2022-08-19T18:00:00.000000000,61.35,67.70092
2022-08-19T19:00:00.000000000,60.45,67.38796
2022-08-19T20:00:00.000000000,59.6,67.13842
2022-08-19T21:00:00.000000000,58.64,66.93855
2022-08-19T22:00:00.000000000,57.35,66.42214
2022-08-19T23:00:00.000000000,57.85,66.07652
2022-08-20T00:00:00.000000000,59.65,64.40094
2022-08-20T01:00:00.000000000,60.19,63.05226
2022-08-20T02:00:00.000000000,60.36,61.86382
2022-08-20T03:00:00.000000000,60.45,61.40467
2022-08-20T04:00:00.000000000,60.01,61.75853
2022-08-20T05:00:00.000000000,59.51,63.002
2022-08-20T06:00:00.000000000,60.02,64.98115
2022-08-20T07:00:00.000000000,61.65,67.37829
2022-08-20T08:00:00.000000000,60.95,69.58556
2022-08-20T09:00:00.000000000,62.32,71.48644
2022-08-20T10:00:00.000000000,62.98,72.82023
2022-08-20T11:00:00.000000000,63.44,73.38097
2022-08-20T12:00:00.000000000,62.89,72.94938
2022-08-20T13:00:00.000000000,62.92,71.81251
2022-08-20T14:00:00.000000000,65.57,70.3223
2022-08-20T15:00:00.000000000,65.67,68.9623
2022-08-20T16:00:00.000000000,66.72,68.09193
2022-08-20T17:00:00.000000000,63.71,67.40701
2022-08-20T18:00:00.000000000,63.8,67.16367
2022-08-20T19:00:00.000000000,65.84,67.05575
2022-08-20T20:00:00.000000000,66.06,66.95845
2022-08-20T21:00:00.000000000,65.41,66.88298
2022-08-20T22:00:00.000000000,63.59,66.44799
2022-08-20T23:00:00.000000000,61.51,66.06212
2022-08-18T00:00:00.000000000,60.43,62.37621
2022-08-18T01:00:00.000000000,59.66,61.34499
2022-08-18T02:00:00.000000000,60.24,60.39869
2022-08-18T03:00:00.000000000,60.07,59.99193
2022-08-18T04:00:00.000000000,62.02,60.24517
2022-08-18T05:00:00.000000000,63.49,61.37764
2022-08-18T06:00:00.000000000,66.19,63.26068
2022-08-18T07:00:00.000000000,69.78,65.6007
2022-08-18T08:00:00.000000000,70.45,67.77251
2022-08-18T09:00:00.000000000,72.07,69.74193
2022-08-18T10:00:00.000000000,73.43,71.25463
2022-08-18T11:00:00.000000000,72.15,72.12184
2022-08-18T12:00:00.000000000,71.63,72.09292
2022-08-18T13:00:00.000000000,69.65,71.33332
2022-08-18T14:00:00.000000000,68.48,70.07261
2022-08-18T15:00:00.000000000,69.21,68.71751
2022-08-18T16:00:00.000000000,68.06,67.61738
2022-08-18T17:00:00.000000000,67.72,66.58596
2022-08-18T18:00:00.000000000,66.37,65.99522
2022-08-18T19:00:00.000000000,64.99,65.58303
2022-08-18T20:00:00.000000000,64.51,65.21959
2022-08-18T21:00:00.000000000,62.32,64.891
2022-08-18T22:00:00.000000000,61.95,64.29736
2022-08-18T23:00:00.000000000,60.7,63.94774
2022-08-19T00:00:00.000000000,59.84,62.27989
2022-08-19T01:00:00.000000000,59.93,61.16136
2022-08-19T02:00:00.000000000,59.86,60.21646
2022-08-19T03:00:00.000000000,59.56,59.91848
2022-08-19T04:00:00.000000000,60.56,60.28314
2022-08-19T05:00:00.000000000,63.36,61.37646
2022-08-19T06:00:00.000000000,64.03,63.09835
2022-08-19T07:00:00.000000000,66.65,65.11376
2022-08-19T08:00:00.000000000,63.23,66.92649
2022-08-19T09:00:00.000000000,63.1,68.49941
2022-08-19T10:00:00.000000000,64.65,69.70489
2022-08-19T11:00:00.000000000,65.83,70.3407
2022-08-19T12:00:00.000000000,64.48,70.23195
2022-08-19T13:00:00.000000000,63.12,69.53978
2022-08-19T14:00:00.000000000,64.7,68.49299
2022-08-19T15:00:00.000000000,64.26,67.49189
2022-08-19T16:00:00.000000000,63.6,66.85476
2022-08-19T17:00:00.000000000,61.55,66.21378
2022-08-19T18:00:00.000000000,61.35,65.81421
2022-08-19T19:00:00.000000000,60.45,65.44114
2022-08-19T20:00:00.000000000,59.6,65.02588
2022-08-19T21:00:00.000000000,58.64,64.63234
2022-08-19T22:00:00.000000000,57.35,63.99667
2022-08-19T23:00:00.000000000,57.85,63.57198
2022-08-20T00:00:00.000000000,59.65,62.00305
2022-08-20T01:00:00.000000000,60.19,60.71227
2022-08-20T02:00:00.000000000,60.36,59.63772
2022-08-20T03:00:00.000000000,60.45,59.30414
2022-08-20T04:00:00.000000000,60.01,59.72233
2022-08-20T05:00:00.000000000,59.51,60.88672
2022-08-20T06:00:00.000000000,60.02,62.682
2022-08-20T07:00:00.000000000,61.65,64.71146
2022-08-20T08:00:00.000000000,60.95,66.49665
2022-08-20T09:00:00.000000000,62.32,67.94961
2022-08-20T10:00:00.000000000,62.98,68.96727
2022-08-20T11:00:00.000000000,63.44,69.39723
2022-08-20T12:00:00.000000000,62.89,69.14281
2022-08-20T13:00:00.000000000,62.92,68.38419
2022-08-20T14:00:00.000000000,65.57,67.39582
2022-08-20T15:00:00.000000000,65.67,66.5783
2022-08-20T16:00:00.000000000,66.72,66.2189
2022-08-20T17:00:00.000000000,63.71,65.87837
2022-08-20T18:00:00.000000000,63.8,65.75095
2022-08-20T19:00:00.000000000,65.84,65.58902
2022-08-20T20:00:00.000000000,66.06,65.29694
2022-08-20T21:00:00.000000000,65.41,64.89287
2022-08-20T22:00:00.000000000,63.59,64.12096
2022-08-20T23:00:00.000000000,61.51,63.48202
2022-08-21T00:00:00.000000000,59.99,63.33927
2022-08-21T01:00:00.000000000,58.6,61.98821
2022-08-21T02:00:00.000000000,58.13,60.86714
2022-08-21T03:00:00.000000000,58.32,60.51932
2022-08-21T04:00:00.000000000,59.47,60.98749
2022-08-21T05:00:00.000000000,60.92,62.29983
2022-08-21T06:00:00.000000000,62.85,64.30203
2022-08-21T07:00:00.000000000,65.79,66.66585
2022-08-21T08:00:00.000000000,70.4,68.79655
2022-08-21T09:00:00.000000000,74.35,70.58259
2022-08-21T10:00:00.000000000,76.64,71.78719
2022-08-21T11:00:00.000000000,77.86,72.21942
2022-08-21T12:00:00.000000000,79.11,71.67889
2022-08-21T13:00:00.000000000,78.74,70.48821
2022-08-21T14:00:00.000000000,76.78,69.04394
2022-08-21T15:00:00.000000000,76.93,67.82262
2022-08-21T16:00:00.000000000,74.53,67.14886
2022-08-21T17:00:00.000000000,72.01,66.6323
2022-08-21T18:00:00.000000000,69.94,66.48227
2022-08-21T19:00:00.000000000,68.99,66.41304
2022-08-21T20:00:00.000000000,67.21,66.32093
2022-08-21T21:00:00.000000000,66.29,66.2259
2022-08-21T22:00:00.000000000,67.94,65.73595
2022-08-21T23:00:00.000000000,65.95,65.25389
2022-08-19T00:00:00.000000000,59.84,59.90149
2022-08-19T01:00:00.000000000,59.93,59.05383
2022-08-19T02:00:00.000000000,59.86,58.46629
2022-08-19T03:00:00.000000000,59.56,58.44543
2022-08-19T04:00:00.000000000,60.56,58.93989
2022-08-19T05:00:00.000000000,63.36,60.07289
2022-08-19T06:00:00.000000000,64.03,61.75215
2022-08-19T07:00:00.000000000,66.65,63.71868
2022-08-19T08:00:00.000000000,63.23,65.44605
2022-08-19T09:00:00.000000000,63.1,66.92594
2022-08-19T10:00:00.000000000,64.65,68.0336
2022-08-19T11:00:00.000000000,65.83,68.58878
2022-08-19T12:00:00.000000000,64.48,68.34562
2022-08-19T13:00:00.000000000,63.12,67.51805
2022-08-19T14:00:00.000000000,64.7,66.34728
2022-08-19T15:00:00.000000000,64.26,65.23428
2022-08-19T16:00:00.000000000,63.6,64.5034
2022-08-19T17:00:00.000000000,61.55,63.73753
2022-08-19T18:00:00.000000000,61.35,63.16875
2022-08-19T19:00:00.000000000,60.45,62.67576
2022-08-19T20:00:00.000000000,59.6,62.25453
2022-08-19T21:00:00.000000000,58.64,61.95925
2022-08-19T22:00:00.000000000,57.35,61.49593
2022-08-19T23:00:00.000000000,57.85,61.23563
2022-08-20T00:00:00.000000000,59.65,60.16518
2022-08-20T01:00:00.000000000,60.19,59.0257
2022-08-20T02:00:00.000000000,60.36,58.11416
2022-08-20T03:00:00.000000000,60.45,57.8435
2022-08-20T04:00:00.000000000,60.01,58.25007
2022-08-20T05:00:00.000000000,59.51,59.34972
2022-08-20T06:00:00.000000000,60.02,61.03809
2022-08-20T07:00:00.000000000,61.65,62.89444
2022-08-20T08:00:00.000000000,60.95,64.52473
2022-08-20T09:00:00.000000000,62.32,65.92959
2022-08-20T10:00:00.000000000,62.98,67.03863
2022-08-20T11:00:00.000000000,63.44,67.62712
2022-08-20T12:00:00.000000000,62.89,67.60059
2022-08-20T13:00:00.000000000,62.92,67.11957
2022-08-20T14:00:00.000000000,65.57,66.40961
2022-08-20T15:00:00.000000000,65.67,65.79397
2022-08-20T16:00:00.000000000,66.72,65.47495
2022-08-20T17:00:00.000000000,63.71,65.00795
2022-08-20T18:00:00.000000000,63.8,64.637
2022-08-20T19:00:00.000000000,65.84,64.23879
2022-08-20T20:00:00.000000000,66.06,63.73979
2022-08-20T21:00:00.000000000,65.41,63.12726
2022-08-20T22:00:00.000000000,63.59,62.18607
2022-08-20T23:00:00.000000000,61.51,61.494
2022-08-21T00:00:00.000000000,59.99,60.90573
2022-08-21T01:00:00.000000000,58.6,59.72476
2022-08-21T02:00:00.000000000,58.13,58.77035
2022-08-21T03:00:00.000000000,58.32,58.4983
2022-08-21T04:00:00.000000000,59.47,58.91862
2022-08-21T05:00:00.000000000,60.92,60.04124
2022-08-21T06:00:00.000000000,62.85,61.7663
2022-08-21T07:00:00.000000000,65.79,63.70319
2022-08-21T08:00:00.000000000,70.4,65.41213
2022-08-21T09:00:00.000000000,74.35,66.85716
2022-08-21T10:00:00.000000000,76.64,67.94734
2022-08-21T11:00:00.000000000,77.86,68.4835
2022-08-21T12:00:00.000000000,79.11,68.35516
2022-08-21T13:00:00.000000000,78.74,67.73809
2022-08-21T14:00:00.000000000,76.78,66.88613
2022-08-21T15:00:00.000000000,76.93,66.15889
2022-08-21T16:00:00.000000000,74.53,65.80575
2022-08-21T17:00:00.000000000,72.01,65.37532
2022-08-21T18:00:00.000000000,69.94,65.0874
2022-08-21T19:00:00.000000000,68.99,64.76886
2022-08-21T20:00:00.000000000,67.21,64.35012
2022-08-21T21:00:00.000000000,66.29,63.84738
2022-08-21T22:00:00.000000000,67.94,63.01792
2022-08-21T23:00:00.000000000,65.95,62.3781
2022-08-22T00:00:00.000000000,63.61,61.18873
2022-08-22T01:00:00.000000000,63.99,59.9656
2022-08-22T02:00:00.000000000,63.96,59.08228
2022-08-22T03:00:00.000000000,64.49,58.96345
2022-08-22T04:00:00.000000000,64.41,59.53841
2022-08-22T05:00:00.000000000,66.44,60.73287
2022-08-22T06:00:00.000000000,75.08,62.44142
2022-08-22T07:00:00.000000000,78.8,64.34653
2022-08-22T08:00:00.000000000,80.77,66.02194
2022-08-22T09:00:00.000000000,82.24,67.42185
2022-08-22T10:00:00.000000000,84.15,68.43879
2022-08-22T11:00:00.000000000,84.59,68.81161
2022-08-22T12:00:00.000000000,85.47,68.36922
2022-08-22T13:00:00.000000000,82.35,67.43182
2022-08-22T14:00:00.000000000,73.77,66.37118
2022-08-22T15:00:00.000000000,76.26,65.58508
2022-08-22T16:00:00.000000000,72.53,65.31172
2022-08-22T17:00:00.000000000,69.83,64.98746
2022-08-22T18:00:00.000000000,68.68,64.74687
2022-08-22T19:00:00.000000000,67.93,64.4698
2022-08-22T20:00:00.000000000,66.0,64.16766
2022-08-22T21:00:00.000000000,65.51,63.92012
2022-08-22T22:00:00.000000000,66.64,63.37058
2022-08-22T23:00:00.000000000,65.57,62.87152
2022-08-20T00:00:00.000000000,59.65,57.84505
2022-08-20T01:00:00.000000000,60.19,56.62788
2022-08-20T02:00:00.000000000,60.36,55.75418
2022-08-20T03:00:00.000000000,60.45,55.48925
2022-08-20T04:00:00.000000000,60.01,55.86101
2022-08-20T05:00:00.000000000,59.51,56.86571
2022-08-20T06:00:00.000000000,60.02,58.45321
2022-08-20T07:00:00.000000000,61.65,60.25221
2022-08-20T08:00:00.000000000,60.95,61.94891
2022-08-20T09:00:00.000000000,62.32,63.4545
2022-08-20T10:00:00.000000000,62.98,64.64279
2022-08-20T11:00:00.000000000,63.44,65.17192
2022-08-20T12:00:00.000000000,62.89,64.915
2022-08-20T13:00:00.000000000,62.92,64.20312
2022-08-20T14:00:00.000000000,65.57,63.45075
2022-08-20T15:00:00.000000000,65.67,62.95164
2022-08-20T16:00:00.000000000,66.72,62.75685
2022-08-20T17:00:00.000000000,63.71,62.29053
2022-08-20T18:00:00.000000000,63.8,61.80126
2022-08-20T19:00:00.000000000,65.84,61.42434
2022-08-20T20:00:00.000000000,66.06,61.16526
2022-08-20T21:00:00.000000000,65.41,60.84436
2022-08-20T22:00:00.000000000,63.59,60.05707
2022-08-20T23:00:00.000000000,61.51,59.31198
2022-08-21T00:00:00.000000000,59.99,59.88028
2022-08-21T01:00:00.000000000,58.6,58.66676
2022-08-21T02:00:00.000000000,58.13,57.66057
2022-08-21T03:00:00.000000000,58.32,57.28083
2022-08-21T04:00:00.000000000,59.47,57.61652
2022-08-21T05:00:00.000000000,60.92,58.69463
2022-08-21T06:00:00.000000000,62.85,60.40538
2022-08-21T07:00:00.000000000,65.79,62.27916
2022-08-21T08:00:00.000000000,70.4,63.942
2022-08-21T09:00:00.000000000,74.35,65.39255
2022-08-21T10:00:00.000000000,76.64,66.55059
2022-08-21T11:00:00.000000000,77.86,67.17722
2022-08-21T12:00:00.000000000,79.11,67.21036
2022-08-21T13:00:00.000000000,78.74,66.80077
2022-08-21T14:00:00.000000000,76.78,66.17639
2022-08-21T15:00:00.000000000,76.93,65.64238
2022-08-21T16:00:00.000000000,74.53,65.36167
2022-08-21T17:00:00.000000000,72.01,64.90334
2022-08-21T18:00:00.000000000,69.94,64.54485
2022-08-21T19:00:00.000000000,68.99,64.18246
2022-08-21T20:00:00.000000000,67.21,63.70691
2022-08-21T21:00:00.000000000,66.29,63.03866
2022-08-21T22:00:00.000000000,67.94,61.97152
2022-08-21T23:00:00.000000000,65.95,61.15948
2022-08-22T00:00:00.000000000,63.61,60.49253
2022-08-22T01:00:00.000000000,63.99,59.37483
2022-08-22T02:00:00.000000000,63.96,58.51001
2022-08-22T03:00:00.000000000,64.49,58.31202
2022-08-22T04:00:00.000000000,64.41,58.7727
2022-08-22T05:00:00.000000000,66.44,59.88873
2022-08-22T06:00:00.000000000,75.08,61.5608
2022-08-22T07:00:00.000000000,78.8,63.41493
2022-08-22T08:00:00.000000000,80.77,65.0417
2022-08-22T09:00:00.000000000,82.24,66.43643
2022-08-22T10:00:00.000000000,84.15,67.5245
2022-08-22T11:00:00.000000000,84.59,68.07305
2022-08-22T12:00:00.000000000,85.47,67.9491
2022-08-22T13:00:00.000000000,82.35,67.34609
2022-08-22T14:00:00.000000000,73.77,66.5195
2022-08-22T15:00:00.000000000,76.26,65.82032
2022-08-22T16:00:00.000000000,72.53,65.47957
2022-08-22T17:00:00.000000000,69.83,65.02254
2022-08-22T18:00:00.000000000,68.68,64.65716
2022-08-22T19:00:00.000000000,67.93,64.25564
2022-08-22T20:00:00.000000000,66.0,63.78243
2022-08-22T21:00:00.000000000,65.51,63.27666
2022-08-22T22:00:00.000000000,66.64,62.48797
2022-08-22T23:00:00.000000000,65.57,61.90579
2022-08-23T00:00:00.000000000,62.17,60.67693
2022-08-23T01:00:00.000000000,62.44,59.50676
2022-08-23T02:00:00.000000000,61.13,58.68392
2022-08-23T03:00:00.000000000,61.09,58.60954
2022-08-23T04:00:00.000000000,60.8,59.20438
2022-08-23T05:00:00.000000000,62.45,60.40235
2022-08-23T06:00:00.000000000,68.11,62.09832
2022-08-23T07:00:00.000000000,73.0,63.97861
2022-08-23T08:00:00.000000000,77.81,65.61733
2022-08-23T09:00:00.000000000,80.92,66.98762
2022-08-23T10:00:00.000000000,82.85,67.9907
2022-08-23T11:00:00.000000000,84.03,68.36681
2022-08-23T12:00:00.000000000,83.49,67.93602
2022-08-23T13:00:00.000000000,81.91,67.01554
2022-08-23T14:00:00.000000000,72.65,65.97198
2022-08-23T15:00:00.000000000,72.79,65.19727
2022-08-23T16:00:00.000000000,71.19,64.92918
2022-08-23T17:00:00.000000000,72.1,64.59678
2022-08-23T18:00:00.000000000,73.72,64.33068
2022-08-23T19:00:00.000000000,72.43,64.01962
2022-08-23T20:00:00.000000000,70.98,63.68616
2022-08-23T21:00:00.000000000,69.54,63.41804
2022-08-23T22:00:00.000000000,66.05,62.86771
2022-08-23T23:00:00.000000000,65.39,62.38419
2022-08-21T00:00:00.000000000,59.99,61.48221
2022-08-21T01:00:00.000000000,58.6,59.85902
2022-08-21T02:00:00.000000000,58.13,58.51632
2022-08-21T03:00:00.000000000,58.32,57.98738
2022-08-21T04:00:00.000000000,59.47,58.3826
2022-08-21T05:00:00.000000000,60.92,59.60387
2022-08-21T06:00:00.000000000,62.85,61.49914
2022-08-21T07:00:00.000000000,65.79,63.56304
2022-08-21T08:00:00.000000000,70.4,65.43209
2022-08-21T09:00:00.000000000,74.35,67.00246
2022-08-21T10:00:00.000000000,76.64,68.11999
2022-08-21T11:00:00.000000000,77.86,68.53682
2022-08-21T12:00:00.000000000,79.11,68.24638
2022-08-21T13:00:00.000000000,78.74,67.51819
2022-08-21T14:00:00.000000000,76.78,66.72953
2022-08-21T15:00:00.000000000,76.93,66.22566
2022-08-21T16:00:00.000000000,74.53,66.1186
2022-08-21T17:00:00.000000000,72.01,65.90608
2022-08-21T18:00:00.000000000,69.94,65.82869
2022-08-21T19:00:00.000000000,68.99,65.75952
2022-08-21T20:00:00.000000000,67.21,65.55941
2022-08-21T21:00:00.000000000,66.29,65.07547
2022-08-21T22:00:00.000000000,67.94,63.99469
2022-08-21T23:00:00.000000000,65.95,62.963
2022-08-22T00:00:00.000000000,63.61,62.09322
2022-08-22T01:00:00.000000000,63.99,60.81308
2022-08-22T02:00:00.000000000,63.96,59.73863
2022-08-22T03:00:00.000000000,64.49,59.37118
2022-08-22T04:00:00.000000000,64.41,59.7454
2022-08-22T05:00:00.000000000,66.44,60.85548
2022-08-22T06:00:00.000000000,75.08,62.59412
2022-08-22T07:00:00.000000000,78.8,64.56266
2022-08-22T08:00:00.000000000,80.77,66.32952
2022-08-22T09:00:00.000000000,82.24,67.82855
2022-08-22T10:00:00.000000000,84.15,68.95229
2022-08-22T11:00:00.000000000,84.59,69.49029
2022-08-22T12:00:00.000000000,85.47,69.34725
2022-08-22T13:00:00.000000000,82.35,68.69997
2022-08-22T14:00:00.000000000,73.77,67.80268
2022-08-22T15:00:00.000000000,76.26,67.02766
2022-08-22T16:00:00.000000000,72.53,66.62515
2022-08-22T17:00:00.000000000,69.83,66.17187
2022-08-22T18:00:00.000000000,68.68,65.90406
2022-08-22T19:00:00.000000000,67.93,65.63592
2022-08-22T20:00:00.000000000,66.0,65.27288
2022-08-22T21:00:00.000000000,65.51,64.81238
2022-08-22T22:00:00.000000000,66.64,64.00069
2022-08-22T23:00:00.000000000,65.57,63.36268
2022-08-23T00:00:00.000000000,62.17,62.12055
2022-08-23T01:00:00.000000000,62.44,60.87551
2022-08-23T02:00:00.000000000,61.13,59.8496
2022-08-23T03:00:00.000000000,61.09,59.54457
2022-08-23T04:00:00.000000000,60.8,59.95559
2022-08-23T05:00:00.000000000,62.45,61.07529
2022-08-23T06:00:00.000000000,68.11,62.80407
2022-08-23T07:00:00.000000000,73.0,64.78009
2022-08-23T08:00:00.000000000,77.81,66.54626
2022-08-23T09:00:00.000000000,80.92,68.03427
2022-08-23T10:00:00.000000000,82.85,69.13567
2022-08-23T11:00:00.000000000,84.03,69.6464
2022-08-23T12:00:00.000000000,83.49,69.43694
2022-08-23T13:00:00.000000000,81.91,68.70003
2022-08-23T14:00:00.000000000,72.65,67.70853
2022-08-23T15:00:00.000000000,72.79,66.85999
2022-08-23T16:00:00.000000000,71.19,66.44217
2022-08-23T17:00:00.000000000,72.1,66.00797
2022-08-23T18:00:00.000000000,73.72,65.75932
2022-08-23T19:00:00.000000000,72.43,65.49389
2022-08-23T20:00:00.000000000,70.98,65.14895
2022-08-23T21:00:00.000000000,69.54,64.76881
2022-08-23T22:00:00.000000000,66.05,64.07846
2022-08-23T23:00:00.000000000,65.39,63.52903
2022-08-24T00:00:00.000000000,63.64,61.55544
2022-08-24T01:00:00.000000000,62.97,60.27299
2022-08-24T02:00:00.000000000,62.82,59.34084
2022-08-24T03:00:00.000000000,63.58,59.19467
2022-08-24T04:00:00.000000000,64.73,59.76693
2022-08-24T05:00:00.000000000,67.57,60.96623
2022-08-24T06:00:00.000000000,75.98,62.68677
2022-08-24T07:00:00.000000000,80.26,64.61002
2022-08-24T08:00:00.000000000,82.95,66.31596
2022-08-24T09:00:00.000000000,84.67,67.73938
2022-08-24T10:00:00.000000000,86.26,68.76183
2022-08-24T11:00:00.000000000,87.43,69.11245
2022-08-24T12:00:00.000000000,86.17,68.62826
2022-08-24T13:00:00.000000000,82.33,67.65178
2022-08-24T14:00:00.000000000,74.71,66.57516
2022-08-24T15:00:00.000000000,73.6,65.7983
2022-08-24T16:00:00.000000000,73.73,65.54548
2022-08-24T17:00:00.000000000,72.72,65.24491
2022-08-24T18:00:00.000000000,70.95,65.03052
2022-08-24T19:00:00.000000000,68.96,64.78964
2022-08-24T20:00:00.000000000,67.2,64.52911
2022-08-24T21:00:00.000000000,65.99,64.31616
2022-08-24T22:00:00.000000000,64.53,63.77184
2022-08-24T23:00:00.000000000,63.38,63.24722
2022-08-22T00:00:00.000000000,63.61,67.71648
2022-08-22T01:00:00.000000000,63.99,66.559
2022-08-22T02:00:00.000000000,63.96,65.36038
2022-08-22T03:00:00.000000000,64.49,64.69307
2022-08-22T04:00:00.000000000,64.41,64.73615
2022-08-22T05:00:00.000000000,66.44,65.7166
2022-08-22T06:00:00.000000000,75.08,67.72013
2022-08-22T07:00:00.000000000,78.8,70.57314
2022-08-22T08:00:00.000000000,80.77,73.61429
2022-08-22T09:00:00.000000000,82.24,76.70728
2022-08-22T10:00:00.000000000,84.15,79.38856
2022-08-22T11:00:00.000000000,84.59,81.29008
2022-08-22T12:00:00.000000000,85.47,82.18569
2022-08-22T13:00:00.000000000,82.35,82.01329
2022-08-22T14:00:00.000000000,73.77,80.78435
2022-08-22T15:00:00.000000000,76.26,78.90419
2022-08-22T16:00:00.000000000,72.53,76.79749
2022-08-22T17:00:00.000000000,69.83,74.65814
2022-08-22T18:00:00.000000000,68.68,73.10796
2022-08-22T19:00:00.000000000,67.93,71.92831
2022-08-22T20:00:00.000000000,66.0,70.95587
2022-08-22T21:00:00.000000000,65.51,70.2671
2022-08-22T22:00:00.000000000,66.64,69.43454
2022-08-22T23:00:00.000000000,65.57,69.04938
2022-08-23T00:00:00.000000000,62.17,68.75599
2022-08-23T01:00:00.000000000,62.44,67.4152
2022-08-23T02:00:00.000000000,61.13,66.12685
2022-08-23T03:00:00.000000000,61.09,65.55336
2022-08-23T04:00:00.000000000,60.8,65.84612
2022-08-23T05:00:00.000000000,62.45,67.06818
2022-08-23T06:00:00.000000000,68.11,69.29431
2022-08-23T07:00:00.000000000,73.0,72.36479
2022-08-23T08:00:00.000000000,77.81,75.61645
2022-08-23T09:00:00.000000000,80.92,78.89084
2022-08-23T10:00:00.000000000,82.85,81.69361
2022-08-23T11:00:00.000000000,84.03,83.57571
2022-08-23T12:00:00.000000000,83.49,84.29058
2022-08-23T13:00:00.000000000,81.91,83.85538
2022-08-23T14:00:00.000000000,72.65,82.35921
2022-08-23T15:00:00.000000000,72.79,80.30746
2022-08-23T16:00:00.000000000,71.19,78.18757
2022-08-23T17:00:00.000000000,72.1,76.11506
2022-08-23T18:00:00.000000000,73.72,74.61713
2022-08-23T19:00:00.000000000,72.43,73.4389
2022-08-23T20:00:00.000000000,70.98,72.45483
2022-08-23T21:00:00.000000000,69.54,71.82867
2022-08-23T22:00:00.000000000,66.05,71.07245
2022-08-23T23:00:00.000000000,65.39,70.65775
2022-08-24T00:00:00.000000000,63.64,68.79868
2022-08-24T01:00:00.000000000,62.97,67.40725
2022-08-24T02:00:00.000000000,62.82,66.14771
2022-08-24T03:00:00.000000000,63.58,65.67565
2022-08-24T04:00:00.000000000,64.73,66.12636
2022-08-24T05:00:00.000000000,67.57,67.51506
2022-08-24T06:00:00.000000000,75.98,69.85632
2022-08-24T07:00:00.000000000,80.26,72.95847
2022-08-24T08:00:00.000000000,82.95,76.15411
2022-08-24T09:00:00.000000000,84.67,79.28423
2022-08-24T10:00:00.000000000,86.26,81.86433
2022-08-24T11:00:00.000000000,87.43,83.4504
2022-08-24T12:00:00.000000000,86.17,83.80058
2022-08-24T13:00:00.000000000,82.33,83.0561
2022-08-24T14:00:00.000000000,74.71,81.37853
2022-08-24T15:00:00.000000000,73.6,79.30755
2022-08-24T16:00:00.000000000,73.73,77.30915
2022-08-24T17:00:00.000000000,72.72,75.4183
2022-08-24T18:00:00.000000000,70.95,74.1054
2022-08-24T19:00:00.000000000,68.96,73.11541
2022-08-24T20:00:00.000000000,67.2,72.31144
2022-08-24T21:00:00.000000000,65.99,71.83974
2022-08-24T22:00:00.000000000,64.53,71.17501
2022-08-24T23:00:00.000000000,63.38,70.76959
2022-08-25T00:00:00.000000000,61.27,68.31367
2022-08-25T01:00:00.000000000,61.36,66.8307
2022-08-25T02:00:00.000000000,61.84,65.63739
2022-08-25T03:00:00.000000000,63.76,65.3629
2022-08-25T04:00:00.000000000,65.4,66.09567
2022-08-25T05:00:00.000000000,68.66,67.75003
2022-08-25T06:00:00.000000000,75.77,70.30633
2022-08-25T07:00:00.000000000,84.58,73.5717
2022-08-25T08:00:00.000000000,82.01,76.86784
2022-08-25T09:00:00.000000000,84.17,80.04033
2022-08-25T10:00:00.000000000,87.4,82.60027
2022-08-25T11:00:00.000000000,88.04,84.0546
2022-08-25T12:00:00.000000000,86.61,84.13833
2022-08-25T13:00:00.000000000,81.7,83.12965
2022-08-25T14:00:00.000000000,75.23,81.27917
2022-08-25T15:00:00.000000000,74.31,79.1662
2022-08-25T16:00:00.000000000,75.53,77.26468
2022-08-25T17:00:00.000000000,73.87,75.4861
2022-08-25T18:00:00.000000000,72.61,74.22403
2022-08-25T19:00:00.000000000,71.08,73.22983
2022-08-25T20:00:00.000000000,69.17,72.4088
2022-08-25T21:00:00.000000000,66.13,71.96834
2022-08-25T22:00:00.000000000,65.08,71.32854
2022-08-25T23:00:00.000000000,64.85,70.8454
2022-08-23T00:00:00.000000000,62.17,66.53701
2022-08-23T01:00:00.000000000,62.44,65.33436
2022-08-23T02:00:00.000000000,61.13,64.62648
2022-08-23T03:00:00.000000000,61.09,64.93454
2022-08-23T04:00:00.000000000,60.8,66.33015
2022-08-23T05:00:00.000000000,62.45,68.64614
2022-08-23T06:00:00.000000000,68.11,71.8409
2022-08-23T07:00:00.000000000,73.0,75.73622
2022-08-23T08:00:00.000000000,77.81,79.48727
2022-08-23T09:00:00.000000000,80.92,83.05307
2022-08-23T10:00:00.000000000,82.85,85.93515
2022-08-23T11:00:00.000000000,84.03,87.61822
2022-08-23T12:00:00.000000000,83.49,87.76683
2022-08-23T13:00:00.000000000,81.91,86.66045
2022-08-23T14:00:00.000000000,72.65,84.49703
2022-08-23T15:00:00.000000000,72.79,81.95445
2022-08-23T16:00:00.000000000,71.19,79.62051
2022-08-23T17:00:00.000000000,72.1,77.43213
2022-08-23T18:00:00.000000000,73.72,75.75862
2022-08-23T19:00:00.000000000,72.43,74.25992
2022-08-23T20:00:00.000000000,70.98,72.85087
2022-08-23T21:00:00.000000000,69.54,71.94027
2022-08-23T22:00:00.000000000,66.05,70.99152
2022-08-23T23:00:00.000000000,65.39,70.36906
2022-08-24T00:00:00.000000000,63.64,68.35321
2022-08-24T01:00:00.000000000,62.97,66.99775
2022-08-24T02:00:00.000000000,62.82,66.17276
2022-08-24T03:00:00.000000000,63.58,66.494
2022-08-24T04:00:00.000000000,64.73,67.93586
2022-08-24T05:00:00.000000000,67.57,70.15779
2022-08-24T06:00:00.000000000,75.98,73.22132
2022-08-24T07:00:00.000000000,80.26,77.00618
2022-08-24T08:00:00.000000000,82.95,80.77172
2022-08-24T09:00:00.000000000,84.67,84.40054
2022-08-24T10:00:00.000000000,86.26,87.37582
2022-08-24T11:00:00.000000000,87.43,89.19209
2022-08-24T12:00:00.000000000,86.17,89.59729
2022-08-24T13:00:00.000000000,82.33,88.75781
2022-08-24T14:00:00.000000000,74.71,86.85566
2022-08-24T15:00:00.000000000,73.6,84.5361
2022-08-24T16:00:00.000000000,73.73,82.31166
2022-08-24T17:00:00.000000000,72.72,80.13248
2022-08-24T18:00:00.000000000,70.95,78.32425
2022-08-24T19:00:00.000000000,68.96,76.58793
2022-08-24T20:00:00.000000000,67.2,74.90838
2022-08-24T21:00:00.000000000,65.99,73.80553
2022-08-24T22:00:00.000000000,64.53,72.68508
2022-08-24T23:00:00.000000000,63.38,71.91308
2022-08-25T00:00:00.000000000,61.27,68.65614
2022-08-25T01:00:00.000000000,61.36,67.39931
2022-08-25T02:00:00.000000000,61.84,66.86831
2022-08-25T03:00:00.000000000,63.76,67.64708
2022-08-25T04:00:00.000000000,65.4,69.65909
2022-08-25T05:00:00.000000000,68.66,72.35561
2022-08-25T06:00:00.000000000,75.77,75.78467
2022-08-25T07:00:00.000000000,84.58,79.81836
2022-08-25T08:00:00.000000000,82.01,83.71698
2022-08-25T09:00:00.000000000,84.17,87.38877
2022-08-25T10:00:00.000000000,87.4,90.37463
2022-08-25T11:00:00.000000000,88.04,92.16238
2022-08-25T12:00:00.000000000,86.61,92.4874
2022-08-25T13:00:00.000000000,81.7,91.52907
2022-08-25T14:00:00.000000000,75.23,89.48997
2022-08-25T15:00:00.000000000,74.31,87.11526
2022-08-25T16:00:00.000000000,75.53,84.85538
2022-08-25T17:00:00.000000000,73.87,82.58637
2022-08-25T18:00:00.000000000,72.61,80.54339
2022-08-25T19:00:00.000000000,71.08,78.44463
2022-08-25T20:00:00.000000000,69.17,76.32586
2022-08-25T21:00:00.000000000,66.13,74.87936
2022-08-25T22:00:00.000000000,65.08,73.49518
2022-08-25T23:00:00.000000000,64.85,72.54814
2022-08-26T00:00:00.000000000,63.85,68.46345
2022-08-26T01:00:00.000000000,63.56,67.29601
2022-08-26T02:00:00.000000000,63.23,67.05596
2022-08-26T03:00:00.000000000,64.88,68.22196
2022-08-26T04:00:00.000000000,64.94,70.69181
2022-08-26T05:00:00.000000000,67.83,73.79768
2022-08-26T06:00:00.000000000,70.85,77.49274
2022-08-26T07:00:00.000000000,74.64,81.57564
2022-08-26T08:00:00.000000000,62.67,85.32012
2022-08-26T09:00:00.000000000,63.09,88.7234
2022-08-26T10:00:00.000000000,63.74,91.4162
2022-08-26T11:00:00.000000000,63.77,92.80968
2022-08-26T12:00:00.000000000,62.21,92.56292
2022-08-26T13:00:00.000000000,60.66,91.08984
2022-08-26T14:00:00.000000000,56.71,88.67299
2022-08-26T15:00:00.000000000,56.53,86.21931
2022-08-26T16:00:00.000000000,56.77,84.09203
2022-08-26T17:00:00.000000000,55.4,81.93027
2022-08-26T18:00:00.000000000,54.98,79.87258
2022-08-26T19:00:00.000000000,54.05,77.77553
2022-08-26T20:00:00.000000000,53.71,75.71752
2022-08-26T21:00:00.000000000,52.08,74.40156
2022-08-26T22:00:00.000000000,51.44,73.15681
2022-08-26T23:00:00.000000000,50.77,72.2788
2022-08-24T00:00:00.000000000,63.64,64.00505
2022-08-24T01:00:00.000000000,62.97,62.89756
2022-08-24T02:00:00.000000000,62.82,61.82304
2022-08-24T03:00:00.000000000,63.58,61.29801
2022-08-24T04:00:00.000000000,64.73,61.69188
2022-08-24T05:00:00.000000000,67.57,63.39323
2022-08-24T06:00:00.000000000,75.98,66.09774
2022-08-24T07:00:00.000000000,80.26,69.51621
2022-08-24T08:00:00.000000000,82.95,72.71344
2022-08-24T09:00:00.000000000,84.67,75.73064
2022-08-24T10:00:00.000000000,86.26,78.05798
2022-08-24T11:00:00.000000000,87.43,79.41311
2022-08-24T12:00:00.000000000,86.17,79.34264
2022-08-24T13:00:00.000000000,82.33,78.11497
2022-08-24T14:00:00.000000000,74.71,75.99057
2022-08-24T15:00:00.000000000,73.6,73.59913
2022-08-24T16:00:00.000000000,73.73,71.41431
2022-08-24T17:00:00.000000000,72.72,69.53916
2022-08-24T18:00:00.000000000,70.95,68.52367
2022-08-24T19:00:00.000000000,68.96,67.99083
2022-08-24T20:00:00.000000000,67.2,67.66164
2022-08-24T21:00:00.000000000,65.99,67.40022
2022-08-24T22:00:00.000000000,64.53,66.78418
2022-08-24T23:00:00.000000000,63.38,66.44885
2022-08-25T00:00:00.000000000,61.27,65.84077
2022-08-25T01:00:00.000000000,61.36,64.7151
2022-08-25T02:00:00.000000000,61.84,63.56404
2022-08-25T03:00:00.000000000,63.76,62.92058
2022-08-25T04:00:00.000000000,65.4,63.02656
2022-08-25T05:00:00.000000000,68.66,64.20526
2022-08-25T06:00:00.000000000,75.77,66.35802
2022-08-25T07:00:00.000000000,84.58,69.26581
2022-08-25T08:00:00.000000000,82.01,72.17634
2022-08-25T09:00:00.000000000,84.17,74.97918
2022-08-25T10:00:00.000000000,87.4,77.20359
2022-08-25T11:00:00.000000000,88.04,78.58685
2022-08-25T12:00:00.000000000,86.61,78.85002
2022-08-25T13:00:00.000000000,81.7,78.14404
2022-08-25T14:00:00.000000000,75.23,76.63093
2022-08-25T15:00:00.000000000,74.31,74.70339
2022-08-25T16:00:00.000000000,75.53,72.78267
2022-08-25T17:00:00.000000000,73.87,70.99072
2022-08-25T18:00:00.000000000,72.61,69.90516
2022-08-25T19:00:00.000000000,71.08,69.23831
2022-08-25T20:00:00.000000000,69.17,68.78937
2022-08-25T21:00:00.000000000,66.13,68.46032
2022-08-25T22:00:00.000000000,65.08,67.83673
2022-08-25T23:00:00.000000000,64.85,67.51681
2022-08-26T00:00:00.000000000,63.85,64.68041
2022-08-26T01:00:00.000000000,63.56,63.59649
2022-08-26T02:00:00.000000000,63.23,62.73922
2022-08-26T03:00:00.000000000,64.88,62.48725
2022-08-26T04:00:00.000000000,64.94,62.97513
2022-08-26T05:00:00.000000000,67.83,64.38491
2022-08-26T06:00:00.000000000,70.85,66.60464
2022-08-26T07:00:00.000000000,74.64,69.39921
2022-08-26T08:00:00.000000000,62.67,72.08091
2022-08-26T09:00:00.000000000,63.09,74.49989
2022-08-26T10:00:00.000000000,63.74,76.27713
2022-08-26T11:00:00.000000000,63.77,77.16027
2022-08-26T12:00:00.000000000,62.21,76.89332
2022-08-26T13:00:00.000000000,60.66,75.81466
2022-08-26T14:00:00.000000000,56.71,74.21056
2022-08-26T15:00:00.000000000,56.53,72.51109
2022-08-26T16:00:00.000000000,56.77,70.98965
2022-08-26T17:00:00.000000000,55.4,69.51453
2022-08-26T18:00:00.000000000,54.98,68.53872
2022-08-26T19:00:00.000000000,54.05,67.94097
2022-08-26T20:00:00.000000000,53.71,67.56288
2022-08-26T21:00:00.000000000,52.08,67.32178
2022-08-26T22:00:00.000000000,51.44,66.71724
2022-08-26T23:00:00.000000000,50.77,66.29553
2022-08-27T00:00:00.000000000,49.68,63.66192
2022-08-27T01:00:00.000000000,49.45,62.46559
2022-08-27T02:00:00.000000000,49.27,61.60649
2022-08-27T03:00:00.000000000,50.16,61.477
2022-08-27T04:00:00.000000000,50.34,62.16217
2022-08-27T05:00:00.000000000,55.01,63.73623
2022-08-27T06:00:00.000000000,58.45,66.00262
2022-08-27T07:00:00.000000000,58.52,68.66347
2022-08-27T08:00:00.000000000,61.01,71.07567
2022-08-27T09:00:00.000000000,61.99,73.13704
2022-08-27T10:00:00.000000000,63.17,74.52588
2022-08-27T11:00:00.000000000,64.02,75.00516
2022-08-27T12:00:00.000000000,66.66,74.31816
2022-08-27T13:00:00.000000000,63.44,72.93503
2022-08-27T14:00:00.000000000,61.75,71.28805
2022-08-27T15:00:00.000000000,60.34,69.83371
2022-08-27T16:00:00.000000000,59.31,68.78902
2022-08-27T17:00:00.000000000,58.07,67.82411
2022-08-27T18:00:00.000000000,57.79,67.24985
2022-08-27T19:00:00.000000000,56.9,66.91781
2022-08-27T20:00:00.000000000,56.07,66.70234
2022-08-27T21:00:00.000000000,55.43,66.56633
2022-08-27T22:00:00.000000000,54.98,66.01175
2022-08-27T23:00:00.000000000,53.88,65.51857
2022-08-25T00:00:00.000000000,61.27,62.57813
2022-08-25T01:00:00.000000000,61.36,61.83373
2022-08-25T02:00:00.000000000,61.84,61.44914
2022-08-25T03:00:00.000000000,63.76,61.73037
2022-08-25T04:00:00.000000000,65.4,63.0067
2022-08-25T05:00:00.000000000,68.66,65.47412
2022-08-25T06:00:00.000000000,75.77,68.67444
2022-08-25T07:00:00.000000000,84.58,72.22557
2022-08-25T08:00:00.000000000,82.01,75.2364
2022-08-25T09:00:00.000000000,84.17,78.00242
2022-08-25T10:00:00.000000000,87.4,80.13965
2022-08-25T11:00:00.000000000,88.04,81.18282
2022-08-25T12:00:00.000000000,86.61,80.56696
2022-08-25T13:00:00.000000000,81.7,78.89219
2022-08-25T14:00:00.000000000,75.23,76.53558
2022-08-25T15:00:00.000000000,74.31,74.20171
2022-08-25T16:00:00.000000000,75.53,72.20399
2022-08-25T17:00:00.000000000,73.87,70.32379
2022-08-25T18:00:00.000000000,72.61,69.02474
2022-08-25T19:00:00.000000000,71.08,68.11987
2022-08-25T20:00:00.000000000,69.17,67.39682
2022-08-25T21:00:00.000000000,66.13,66.8606
2022-08-25T22:00:00.000000000,65.08,66.07419
2022-08-25T23:00:00.000000000,64.85,65.6577
2022-08-26T00:00:00.000000000,63.85,63.34614
2022-08-26T01:00:00.000000000,63.56,62.44809
2022-08-26T02:00:00.000000000,63.23,61.88728
2022-08-26T03:00:00.000000000,64.88,61.88872
2022-08-26T04:00:00.000000000,64.94,62.58694
2022-08-26T05:00:00.000000000,67.83,64.22918
2022-08-26T06:00:00.000000000,70.85,66.64779
2022-08-26T07:00:00.000000000,74.64,69.60752
2022-08-26T08:00:00.000000000,62.67,72.32628
2022-08-26T09:00:00.000000000,63.09,74.6672
2022-08-26T10:00:00.000000000,63.74,76.27296
2022-08-26T11:00:00.000000000,63.77,76.97731
2022-08-26T12:00:00.000000000,62.21,76.49248
2022-08-26T13:00:00.000000000,60.66,75.24026
2022-08-26T14:00:00.000000000,56.71,73.519
2022-08-26T15:00:00.000000000,56.53,71.77486
2022-08-26T16:00:00.000000000,56.77,70.22456
2022-08-26T17:00:00.000000000,55.4,68.69996
2022-08-26T18:00:00.000000000,54.98,67.66206
2022-08-26T19:00:00.000000000,54.05,67.04083
2022-08-26T20:00:00.000000000,53.71,66.65436
2022-08-26T21:00:00.000000000,52.08,66.35882
2022-08-26T22:00:00.000000000,51.44,65.64132
2022-08-26T23:00:00.000000000,50.77,65.12582
2022-08-27T00:00:00.000000000,49.68,62.57785
2022-08-27T01:00:00.000000000,49.45,61.66346
2022-08-27T02:00:00.000000000,49.27,61.03371
2022-08-27T03:00:00.000000000,50.16,60.93293
2022-08-27T04:00:00.000000000,50.34,61.43309
2022-08-27T05:00:00.000000000,55.01,62.77589
2022-08-27T06:00:00.000000000,58.45,64.83012
2022-08-27T07:00:00.000000000,58.52,67.36649
2022-08-27T08:00:00.000000000,61.01,69.68951
2022-08-27T09:00:00.000000000,61.99,71.62698
2022-08-27T10:00:00.000000000,63.17,72.87714
2022-08-27T11:00:00.000000000,64.02,73.35608
2022-08-27T12:00:00.000000000,66.66,72.83372
2022-08-27T13:00:00.000000000,63.44,71.67963
2022-08-27T14:00:00.000000000,61.75,70.20927
2022-08-27T15:00:00.000000000,60.34,68.78769
2022-08-27T16:00:00.000000000,59.31,67.62045
2022-08-27T17:00:00.000000000,58.07,66.47644
2022-08-27T18:00:00.000000000,57.79,65.75479
2022-08-27T19:00:00.000000000,56.9,65.36541
2022-08-27T20:00:00.000000000,56.07,65.16111
2022-08-27T21:00:00.000000000,55.43,64.99364
2022-08-27T22:00:00.000000000,54.98,64.40844
2022-08-27T23:00:00.000000000,53.88,63.96956
2022-08-28T00:00:00.000000000,52.93,63.28515
2022-08-28T01:00:00.000000000,52.55,61.97339
2022-08-28T02:00:00.000000000,53.19,60.9523
2022-08-28T03:00:00.000000000,54.29,60.75343
2022-08-28T04:00:00.000000000,55.04,61.40452
2022-08-28T05:00:00.000000000,55.79,62.87456
2022-08-28T06:00:00.000000000,59.99,64.97241
2022-08-28T07:00:00.000000000,62.81,67.3692
2022-08-28T08:00:00.000000000,74.39,69.49166
2022-08-28T09:00:00.000000000,77.43,71.26435
2022-08-28T10:00:00.000000000,78.19,72.44059
2022-08-28T11:00:00.000000000,79.02,72.80105
2022-08-28T12:00:00.000000000,80.46,72.12244
2022-08-28T13:00:00.000000000,80.45,70.80277
2022-08-28T14:00:00.000000000,77.2,69.28625
2022-08-28T15:00:00.000000000,78.38,68.04804
2022-08-28T16:00:00.000000000,79.03,67.37632
2022-08-28T17:00:00.000000000,77.36,66.84755
2022-08-28T18:00:00.000000000,78.06,66.64231
2022-08-28T19:00:00.000000000,75.95,66.50071
2022-08-28T20:00:00.000000000,73.98,66.35399
2022-08-28T21:00:00.000000000,72.25,66.25525
2022-08-28T22:00:00.000000000,70.82,65.7813
2022-08-28T23:00:00.000000000,67.15,65.31764
2022-08-26T00:00:00.000000000,63.85,61.77761
2022-08-26T01:00:00.000000000,63.56,61.04728
2022-08-26T02:00:00.000000000,63.23,60.63615
2022-08-26T03:00:00.000000000,64.88,60.76531
2022-08-26T04:00:00.000000000,64.94,61.80168
2022-08-26T05:00:00.000000000,67.83,64.07865
2022-08-26T06:00:00.000000000,70.85,67.04192
2022-08-26T07:00:00.000000000,74.64,70.24299
2022-08-26T08:00:00.000000000,62.67,72.78988
2022-08-26T09:00:00.000000000,63.09,74.9477
2022-08-26T10:00:00.000000000,63.74,76.4316
2022-08-26T11:00:00.000000000,63.77,76.95075
2022-08-26T12:00:00.000000000,62.21,75.93374
2022-08-26T13:00:00.000000000,60.66,74.03079
2022-08-26T14:00:00.000000000,56.71,71.68133
2022-08-26T15:00:00.000000000,56.53,69.63276
2022-08-26T16:00:00.000000000,56.77,68.05725
2022-08-26T17:00:00.000000000,55.4,66.635
2022-08-26T18:00:00.000000000,54.98,65.78892
2022-08-26T19:00:00.000000000,54.05,65.39237
2022-08-26T20:00:00.000000000,53.71,65.15791
2022-08-26T21:00:00.000000000,52.08,64.91009
2022-08-26T22:00:00.000000000,51.44,64.24269
2022-08-26T23:00:00.000000000,50.77,63.85609
2022-08-27T00:00:00.000000000,49.68,60.25905
2022-08-27T01:00:00.000000000,49.45,59.47843
2022-08-27T02:00:00.000000000,49.27,58.95774
2022-08-27T03:00:00.000000000,50.16,58.91303
2022-08-27T04:00:00.000000000,50.34,59.35418
2022-08-27T05:00:00.000000000,55.01,60.57683
2022-08-27T06:00:00.000000000,58.45,62.45572
2022-08-27T07:00:00.000000000,58.52,64.76737
2022-08-27T08:00:00.000000000,61.01,66.82386
2022-08-27T09:00:00.000000000,61.99,68.53506
2022-08-27T10:00:00.000000000,63.17,69.6785
2022-08-27T11:00:00.000000000,64.02,70.18466
2022-08-27T12:00:00.000000000,66.66,69.77177
2022-08-27T13:00:00.000000000,63.44,68.70549
2022-08-27T14:00:00.000000000,61.75,67.23244
2022-08-27T15:00:00.000000000,60.34,65.79241
2022-08-27T16:00:00.000000000,59.31,64.69356
2022-08-27T17:00:00.000000000,58.07,63.64994
2022-08-27T18:00:00.000000000,57.79,62.99061
2022-08-27T19:00:00.000000000,56.9,62.59478
2022-08-27T20:00:00.000000000,56.07,62.3654
2022-08-27T21:00:00.000000000,55.43,62.21938
2022-08-27T22:00:00.000000000,54.98,61.78251
2022-08-27T23:00:00.000000000,53.88,61.52007
2022-08-28T00:00:00.000000000,52.93,60.69056
2022-08-28T01:00:00.000000000,52.55,59.68847
2022-08-28T02:00:00.000000000,53.19,58.92495
2022-08-28T03:00:00.000000000,54.29,58.82514
2022-08-28T04:00:00.000000000,55.04,59.34029
2022-08-28T05:00:00.000000000,55.79,60.5072
2022-08-28T06:00:00.000000000,59.99,62.21526
2022-08-28T07:00:00.000000000,62.81,64.1475
2022-08-28T08:00:00.000000000,74.39,65.81849
2022-08-28T09:00:00.000000000,77.43,67.24558
2022-08-28T10:00:00.000000000,78.19,68.33851
2022-08-28T11:00:00.000000000,79.02,68.89401
2022-08-28T12:00:00.000000000,80.46,68.69979
2022-08-28T13:00:00.000000000,80.45,67.94197
2022-08-28T14:00:00.000000000,77.2,66.86461
2022-08-28T15:00:00.000000000,78.38,65.88545
2022-08-28T16:00:00.000000000,79.03,65.3436
2022-08-28T17:00:00.000000000,77.36,64.78792
2022-08-28T18:00:00.000000000,78.06,64.3925
2022-08-28T19:00:00.000000000,75.95,63.96018
2022-08-28T20:00:00.000000000,73.98,63.49066
2022-08-28T21:00:00.000000000,72.25,63.10404
2022-08-28T22:00:00.000000000,70.82,62.54456
2022-08-28T23:00:00.000000000,67.15,62.18934
2022-08-29T00:00:00.000000000,66.68,63.56958
2022-08-29T01:00:00.000000000,63.89,62.11904
2022-08-29T02:00:00.000000000,62.43,61.14744
2022-08-29T03:00:00.000000000,67.4,61.15805
2022-08-29T04:00:00.000000000,69.18,62.14883
2022-08-29T05:00:00.000000000,68.25,63.91852
2022-08-29T06:00:00.000000000,76.17,66.2974
2022-08-29T07:00:00.000000000,80.3,68.97009
2022-08-29T08:00:00.000000000,88.0,71.3909
2022-08-29T09:00:00.000000000,90.73,73.44192
2022-08-29T10:00:00.000000000,92.85,74.79238
2022-08-29T11:00:00.000000000,94.5,75.13827
2022-08-29T12:00:00.000000000,98.07,74.28851
2022-08-29T13:00:00.000000000,90.36,72.81339
2022-08-29T14:00:00.000000000,90.13,71.29225
2022-08-29T15:00:00.000000000,90.27,70.15558
2022-08-29T16:00:00.000000000,90.68,69.57308
2022-08-29T17:00:00.000000000,92.8,69.03925
2022-08-29T18:00:00.000000000,90.02,68.72181
2022-08-29T19:00:00.000000000,85.2,68.44302
2022-08-29T20:00:00.000000000,79.3,68.17872
2022-08-29T21:00:00.000000000,74.63,67.99959
2022-08-29T22:00:00.000000000,71.92,67.33047
2022-08-29T23:00:00.000000000,71.39,66.56568
2022-08-27T00:00:00.000000000,49.68,50.95905
2022-08-27T01:00:00.000000000,49.45,50.62614
2022-08-27T02:00:00.000000000,49.27,50.93233
2022-08-27T03:00:00.000000000,50.16,51.90278
2022-08-27T04:00:00.000000000,50.34,53.24431
2022-08-27T05:00:00.000000000,55.01,54.75541
2022-08-27T06:00:00.000000000,58.45,56.19219
2022-08-27T07:00:00.000000000,58.52,57.3508
2022-08-27T08:00:00.000000000,61.01,57.96549
2022-08-27T09:00:00.000000000,61.99,58.09364
2022-08-27T10:00:00.000000000,63.17,57.88835
2022-08-27T11:00:00.000000000,64.02,57.47232
2022-08-27T12:00:00.000000000,66.66,56.57224
2022-08-27T13:00:00.000000000,63.44,55.44951
2022-08-27T14:00:00.000000000,61.75,54.42272
2022-08-27T15:00:00.000000000,60.34,54.02547
2022-08-27T16:00:00.000000000,59.31,54.19154
2022-08-27T17:00:00.000000000,58.07,54.29058
2022-08-27T18:00:00.000000000,57.79,54.12378
2022-08-27T19:00:00.000000000,56.9,53.71695
2022-08-27T20:00:00.000000000,56.07,53.35084
2022-08-27T21:00:00.000000000,55.43,53.13936
2022-08-27T22:00:00.000000000,54.98,52.76533
2022-08-27T23:00:00.000000000,53.88,52.57316
2022-08-28T00:00:00.000000000,52.93,53.6874
2022-08-28T01:00:00.000000000,52.55,52.88016
2022-08-28T02:00:00.000000000,53.19,52.51627
2022-08-28T03:00:00.000000000,54.29,52.72654
2022-08-28T04:00:00.000000000,55.04,53.40453
2022-08-28T05:00:00.000000000,55.79,54.57094
2022-08-28T06:00:00.000000000,59.99,56.13159
2022-08-28T07:00:00.000000000,62.81,57.74565
2022-08-28T08:00:00.000000000,74.39,59.05473
2022-08-28T09:00:00.000000000,77.43,60.10989
2022-08-28T10:00:00.000000000,78.19,60.88672
2022-08-28T11:00:00.000000000,79.02,61.19401
2022-08-28T12:00:00.000000000,80.46,60.86688
2022-08-28T13:00:00.000000000,80.45,60.20538
2022-08-28T14:00:00.000000000,77.2,59.55958
2022-08-28T15:00:00.000000000,78.38,59.18591
2022-08-28T16:00:00.000000000,79.03,59.16932
2022-08-28T17:00:00.000000000,77.36,58.88313
2022-08-28T18:00:00.000000000,78.06,58.45185
2022-08-28T19:00:00.000000000,75.95,57.95234
2022-08-28T20:00:00.000000000,73.98,57.49224
2022-08-28T21:00:00.000000000,72.25,57.01449
2022-08-28T22:00:00.000000000,70.82,56.21948
2022-08-28T23:00:00.000000000,67.15,55.58258
2022-08-29T00:00:00.000000000,66.68,57.68183
2022-08-29T01:00:00.000000000,63.89,56.69903
2022-08-29T02:00:00.000000000,62.43,56.09571
2022-08-29T03:00:00.000000000,67.4,56.23878
2022-08-29T04:00:00.000000000,69.18,57.0113
2022-08-29T05:00:00.000000000,68.25,58.40323
2022-08-29T06:00:00.000000000,76.17,60.24398
2022-08-29T07:00:00.000000000,80.3,62.19326
2022-08-29T08:00:00.000000000,88.0,63.72212
2022-08-29T09:00:00.000000000,90.73,64.86715
2022-08-29T10:00:00.000000000,92.85,65.56124
2022-08-29T11:00:00.000000000,94.5,65.69124
2022-08-29T12:00:00.000000000,98.07,65.04878
2022-08-29T13:00:00.000000000,90.36,63.93156
2022-08-29T14:00:00.000000000,90.13,62.7124
2022-08-29T15:00:00.000000000,90.27,61.84489
2022-08-29T16:00:00.000000000,90.68,61.63375
2022-08-29T17:00:00.000000000,92.8,61.47651
2022-08-29T18:00:00.000000000,90.02,61.42142
2022-08-29T19:00:00.000000000,85.2,61.25298
2022-08-29T20:00:00.000000000,79.3,60.9919
2022-08-29T21:00:00.000000000,74.63,60.74075
2022-08-29T22:00:00.000000000,71.92,60.21411
2022-08-29T23:00:00.000000000,71.39,59.76323
2022-08-30T00:00:00.000000000,69.17,60.01149
2022-08-30T01:00:00.000000000,68.39,58.87531
2022-08-30T02:00:00.000000000,68.52,58.10843
2022-08-30T03:00:00.000000000,70.5,58.12452
2022-08-30T04:00:00.000000000,72.59,58.82644
2022-08-30T05:00:00.000000000,78.38,60.17026
2022-08-30T06:00:00.000000000,88.8,62.00423
2022-08-30T07:00:00.000000000,94.02,64.01008
2022-08-30T08:00:00.000000000,102.58,65.67381
2022-08-30T09:00:00.000000000,108.15,66.98005
2022-08-30T10:00:00.000000000,114.39,67.81943
2022-08-30T11:00:00.000000000,120.27,68.01171
2022-08-30T12:00:00.000000000,121.48,67.35023
2022-08-30T13:00:00.000000000,115.49,66.18
2022-08-30T14:00:00.000000000,97.93,64.90336
2022-08-30T15:00:00.000000000,94.51,63.97481
2022-08-30T16:00:00.000000000,92.94,63.69284
2022-08-30T17:00:00.000000000,92.52,63.47302
2022-08-30T18:00:00.000000000,93.89,63.39075
2022-08-30T19:00:00.000000000,91.23,63.24216
2022-08-30T20:00:00.000000000,81.17,63.03591
2022-08-30T21:00:00.000000000,74.48,62.87877
2022-08-30T22:00:00.000000000,71.85,62.42601
2022-08-30T23:00:00.000000000,69.98,61.99411
2022-08-28T00:00:00.000000000,52.93,55.21048
2022-08-28T01:00:00.000000000,52.55,54.54629
2022-08-28T02:00:00.000000000,53.19,54.28405
2022-08-28T03:00:00.000000000,54.29,54.587
2022-08-28T04:00:00.000000000,55.04,55.30148
2022-08-28T05:00:00.000000000,55.79,56.4856
2022-08-28T06:00:00.000000000,59.99,58.04649
2022-08-28T07:00:00.000000000,62.81,59.72869
2022-08-28T08:00:00.000000000,74.39,61.10213
2022-08-28T09:00:00.000000000,77.43,62.2693
2022-08-28T10:00:00.000000000,78.19,63.17676
2022-08-28T11:00:00.000000000,79.02,63.61361
2022-08-28T12:00:00.000000000,80.46,63.31875
2022-08-28T13:00:00.000000000,80.45,62.55914
2022-08-28T14:00:00.000000000,77.2,61.63521
2022-08-28T15:00:00.000000000,78.38,60.88181
2022-08-28T16:00:00.000000000,79.03,60.53486
2022-08-28T17:00:00.000000000,77.36,59.99512
2022-08-28T18:00:00.000000000,78.06,59.40273
2022-08-28T19:00:00.000000000,75.95,58.76414
2022-08-28T20:00:00.000000000,73.98,58.20676
2022-08-28T21:00:00.000000000,72.25,57.80404
2022-08-28T22:00:00.000000000,70.82,57.27952
2022-08-28T23:00:00.000000000,67.15,56.95509
2022-08-29T00:00:00.000000000,66.68,58.66536
2022-08-29T01:00:00.000000000,63.89,57.68961
2022-08-29T02:00:00.000000000,62.43,57.03062
2022-08-29T03:00:00.000000000,67.4,57.08288
2022-08-29T04:00:00.000000000,69.18,57.77271
2022-08-29T05:00:00.000000000,68.25,59.1303
2022-08-29T06:00:00.000000000,76.17,60.99232
2022-08-29T07:00:00.000000000,80.3,63.04104
2022-08-29T08:00:00.000000000,88.0,64.72702
2022-08-29T09:00:00.000000000,90.73,66.09808
2022-08-29T10:00:00.000000000,92.85,67.03727
2022-08-29T11:00:00.000000000,94.5,67.37352
2022-08-29T12:00:00.000000000,98.07,66.85538
2022-08-29T13:00:00.000000000,90.36,65.76822
2022-08-29T14:00:00.000000000,90.13,64.47004
2022-08-29T15:00:00.000000000,90.27,63.42888
2022-08-29T16:00:00.000000000,90.68,62.98092
2022-08-29T17:00:00.000000000,92.8,62.58948
2022-08-29T18:00:00.000000000,90.02,62.36694
2022-08-29T19:00:00.000000000,85.2,62.09601
2022-08-29T20:00:00.000000000,79.3,61.78654
2022-08-29T21:00:00.000000000,74.63,61.54193
2022-08-29T22:00:00.000000000,71.92,61.0686
2022-08-29T23:00:00.000000000,71.39,60.69928
2022-08-30T00:00:00.000000000,69.17,61.03495
2022-08-30T01:00:00.000000000,68.39,59.90639
2022-08-30T02:00:00.000000000,68.52,59.01369
2022-08-30T03:00:00.000000000,70.5,58.83379
2022-08-30T04:00:00.000000000,72.59,59.34435
2022-08-30T05:00:00.000000000,78.38,60.59005
2022-08-30T06:00:00.000000000,88.8,62.43745
2022-08-30T07:00:00.000000000,94.02,64.55764
2022-08-30T08:00:00.000000000,102.58,66.39385
2022-08-30T09:00:00.000000000,108.15,67.91661
2022-08-30T10:00:00.000000000,114.39,68.98528
2022-08-30T11:00:00.000000000,120.27,69.43364
2022-08-30T12:00:00.000000000,121.48,69.05239
2022-08-30T13:00:00.000000000,115.49,68.07597
2022-08-30T14:00:00.000000000,97.93,66.82489
2022-08-30T15:00:00.000000000,94.51,65.75827
2022-08-30T16:00:00.000000000,92.94,65.22657
2022-08-30T17:00:00.000000000,92.52,64.77585
2022-08-30T18:00:00.000000000,93.89,64.57194
2022-08-30T19:00:00.000000000,91.23,64.35571
2022-08-30T20:00:00.000000000,81.17,64.08096
2022-08-30T21:00:00.000000000,74.48,63.82507
2022-08-30T22:00:00.000000000,71.85,63.29191
2022-08-30T23:00:00.000000000,69.98,62.86372
2022-08-31T00:00:00.000000000,67.02,62.33956
2022-08-31T01:00:00.000000000,66.12,61.07013
2022-08-31T02:00:00.000000000,64.59,60.12408
2022-08-31T03:00:00.000000000,65.99,59.98626
2022-08-31T04:00:00.000000000,70.09,60.65333
2022-08-31T05:00:00.000000000,73.57,62.08022
2022-08-31T06:00:00.000000000,81.44,64.0967
2022-08-31T07:00:00.000000000,95.83,66.387
2022-08-31T08:00:00.000000000,99.78,68.41194
2022-08-31T09:00:00.000000000,106.46,70.1114
2022-08-31T10:00:00.000000000,108.96,71.26855
2022-08-31T11:00:00.000000000,110.65,71.64075
2022-08-31T12:00:00.000000000,111.81,71.00228
2022-08-31T13:00:00.000000000,109.06,69.74688
2022-08-31T14:00:00.000000000,101.44,68.31643
2022-08-31T15:00:00.000000000,100.6,67.17405
2022-08-31T16:00:00.000000000,97.94,66.59274
2022-08-31T17:00:00.000000000,94.26,66.10044
2022-08-31T18:00:00.000000000,91.67,65.86263
2022-08-31T19:00:00.000000000,87.19,65.6641
2022-08-31T20:00:00.000000000,78.38,65.46635
2022-08-31T21:00:00.000000000,73.05,65.33805
2022-08-31T22:00:00.000000000,70.03,64.86212
2022-08-31T23:00:00.000000000,67.83,64.39674
2022-08-29T00:00:00.000000000,66.68,67.61764
2022-08-29T01:00:00.000000000,63.89,66.39846
2022-08-29T02:00:00.000000000,62.43,65.97661
2022-08-29T03:00:00.000000000,67.4,66.86322
2022-08-29T04:00:00.000000000,69.18,68.97864
2022-08-29T05:00:00.000000000,68.25,71.81061
2022-08-29T06:00:00.000000000,76.17,75.47201
2022-08-29T07:00:00.000000000,80.3,79.82241
2022-08-29T08:00:00.000000000,88.0,84.01227
2022-08-29T09:00:00.000000000,90.73,87.95529
2022-08-29T10:00:00.000000000,92.85,91.1342
2022-08-29T11:00:00.000000000,94.5,93.10568
2022-08-29T12:00:00.000000000,98.07,93.6617
2022-08-29T13:00:00.000000000,90.36,92.96578
2022-08-29T14:00:00.000000000,90.13,91.26271
2022-08-29T15:00:00.000000000,90.27,89.1268
2022-08-29T16:00:00.000000000,90.68,86.93882
2022-08-29T17:00:00.000000000,92.8,84.56487
2022-08-29T18:00:00.000000000,90.02,82.33446
2022-08-29T19:00:00.000000000,85.2,79.96272
2022-08-29T20:00:00.000000000,79.3,77.48136
2022-08-29T21:00:00.000000000,74.63,75.60149
2022-08-29T22:00:00.000000000,71.92,73.70722
2022-08-29T23:00:00.000000000,71.39,72.28842
2022-08-30T00:00:00.000000000,69.17,69.90931
2022-08-30T01:00:00.000000000,68.39,69.02912
2022-08-30T02:00:00.000000000,68.52,69.15098
2022-08-30T03:00:00.000000000,70.5,70.77974
2022-08-30T04:00:00.000000000,72.59,73.90407
2022-08-30T05:00:00.000000000,78.38,77.62482
2022-08-30T06:00:00.000000000,88.8,81.82975
2022-08-30T07:00:00.000000000,94.02,86.29807
2022-08-30T08:00:00.000000000,102.58,90.28305
2022-08-30T09:00:00.000000000,108.15,93.83522
2022-08-30T10:00:00.000000000,114.39,96.71191
2022-08-30T11:00:00.000000000,120.27,98.34241
2022-08-30T12:00:00.000000000,121.48,98.29201
2022-08-30T13:00:00.000000000,115.49,96.80242
2022-08-30T14:00:00.000000000,97.93,94.12604
2022-08-30T15:00:00.000000000,94.51,91.38258
2022-08-30T16:00:00.000000000,92.94,88.85876
2022-08-30T17:00:00.000000000,92.52,86.27372
2022-08-30T18:00:00.000000000,93.89,83.70633
2022-08-30T19:00:00.000000000,91.23,80.96675
2022-08-30T20:00:00.000000000,81.17,78.15389
2022-08-30T21:00:00.000000000,74.48,76.19986
2022-08-30T22:00:00.000000000,71.85,74.52647
2022-08-30T23:00:00.000000000,69.98,73.53748
2022-08-31T00:00:00.000000000,67.02,70.11284
2022-08-31T01:00:00.000000000,66.12,69.44658
2022-08-31T02:00:00.000000000,64.59,69.98049
2022-08-31T03:00:00.000000000,65.99,72.11495
2022-08-31T04:00:00.000000000,70.09,75.88224
2022-08-31T05:00:00.000000000,73.57,80.24617
2022-08-31T06:00:00.000000000,81.44,84.96597
2022-08-31T07:00:00.000000000,95.83,89.69804
2022-08-31T08:00:00.000000000,99.78,93.61699
2022-08-31T09:00:00.000000000,106.46,96.78822
2022-08-31T10:00:00.000000000,108.96,99.0668
2022-08-31T11:00:00.000000000,110.65,99.98134
2022-08-31T12:00:00.000000000,111.81,99.14232
2022-08-31T13:00:00.000000000,109.06,97.01903
2022-08-31T14:00:00.000000000,101.44,93.95854
2022-08-31T15:00:00.000000000,100.6,91.14569
2022-08-31T16:00:00.000000000,97.94,88.72983
2022-08-31T17:00:00.000000000,94.26,86.34015
2022-08-31T18:00:00.000000000,91.67,83.97943
2022-08-31T19:00:00.000000000,87.19,81.45026
2022-08-31T20:00:00.000000000,78.38,78.7784
2022-08-31T21:00:00.000000000,73.05,76.84489
2022-08-31T22:00:00.000000000,70.03,75.05657
2022-08-31T23:00:00.000000000,67.83,73.96545
2022-09-01T00:00:00.000000000,64.13,70.13365
2022-09-01T01:00:00.000000000,62.71,69.59761
2022-09-01T02:00:00.000000000,61.57,70.39628
2022-09-01T03:00:00.000000000,63.1,72.86421
2022-09-01T04:00:00.000000000,65.87,77.03608
2022-09-01T05:00:00.000000000,69.95,81.76112
2022-09-01T06:00:00.000000000,75.54,86.72613
2022-09-01T07:00:00.000000000,81.84,91.52701
2022-09-01T08:00:00.000000000,91.77,95.34457
2022-09-01T09:00:00.000000000,94.69,98.30097
2022-09-01T10:00:00.000000000,96.99,100.32697
2022-09-01T11:00:00.000000000,96.28,100.95989
2022-09-01T12:00:00.000000000,95.44,99.76646
2022-09-01T13:00:00.000000000,96.43,97.31209
2022-09-01T14:00:00.000000000,86.8,94.0169
2022-09-01T15:00:00.000000000,87.93,91.16776
2022-09-01T16:00:00.000000000,89.87,88.84728
2022-09-01T17:00:00.000000000,89.1,86.56053
2022-09-01T18:00:00.000000000,87.56,84.2155
2022-09-01T19:00:00.000000000,87.79,81.6511
2022-09-01T20:00:00.000000000,84.66,78.91411
2022-09-01T21:00:00.000000000,81.45,76.93398
2022-09-01T22:00:00.000000000,76.96,75.10677
2022-09-01T23:00:00.000000000,73.82,73.99419
2022-08-30T00:00:00.000000000,69.17,67.86649
2022-08-30T01:00:00.000000000,68.39,67.45643
2022-08-30T02:00:00.000000000,68.52,68.45907
2022-08-30T03:00:00.000000000,70.5,71.17332
2022-08-30T04:00:00.000000000,72.59,75.58949
2022-08-30T05:00:00.000000000,78.38,80.54773
2022-08-30T06:00:00.000000000,88.8,85.7119
2022-08-30T07:00:00.000000000,94.02,90.66351
2022-08-30T08:00:00.000000000,102.58,94.55331
2022-08-30T09:00:00.000000000,108.15,97.61218
2022-08-30T10:00:00.000000000,114.39,99.8526
2022-08-30T11:00:00.000000000,120.27,100.8584
2022-08-30T12:00:00.000000000,121.48,100.14352
2022-08-30T13:00:00.000000000,115.49,98.12428
2022-08-30T14:00:00.000000000,97.93,95.17274
2022-08-30T15:00:00.000000000,94.51,92.51882
2022-08-30T16:00:00.000000000,92.94,90.21314
2022-08-30T17:00:00.000000000,92.52,87.74882
2022-08-30T18:00:00.000000000,93.89,85.03673
2022-08-30T19:00:00.000000000,91.23,81.85879
2022-08-30T20:00:00.000000000,81.17,78.35188
2022-08-30T21:00:00.000000000,74.48,75.67018
2022-08-30T22:00:00.000000000,71.85,73.34387
2022-08-30T23:00:00.000000000,69.98,71.95771
2022-08-31T00:00:00.000000000,67.02,68.89523
2022-08-31T01:00:00.000000000,66.12,68.65255
2022-08-31T02:00:00.000000000,64.59,69.8394
2022-08-31T03:00:00.000000000,65.99,72.6865
2022-08-31T04:00:00.000000000,70.09,77.2563
2022-08-31T05:00:00.000000000,73.57,82.36651
2022-08-31T06:00:00.000000000,81.44,87.64603
2022-08-31T07:00:00.000000000,95.83,92.69043
2022-08-31T08:00:00.000000000,99.78,96.62755
2022-08-31T09:00:00.000000000,106.46,99.58393
2022-08-31T10:00:00.000000000,108.96,101.59022
2022-08-31T11:00:00.000000000,110.65,102.22202
2022-08-31T12:00:00.000000000,111.81,100.99203
2022-08-31T13:00:00.000000000,109.06,98.45476
2022-08-31T14:00:00.000000000,101.44,94.9879
2022-08-31T15:00:00.000000000,100.6,91.9371
2022-08-31T16:00:00.000000000,97.94,89.34937
2022-08-31T17:00:00.000000000,94.26,86.76506
2022-08-31T18:00:00.000000000,91.67,84.09224
2022-08-31T19:00:00.000000000,87.19,81.18447
2022-08-31T20:00:00.000000000,78.38,78.12319
2022-08-31T21:00:00.000000000,73.05,75.8722
2022-08-31T22:00:00.000000000,70.03,73.87894
2022-08-31T23:00:00.000000000,67.83,72.75229
2022-09-01T00:00:00.000000000,64.13,69.25685
2022-09-01T01:00:00.000000000,62.71,68.92888
2022-09-01T02:00:00.000000000,61.57,70.01519
2022-09-01T03:00:00.000000000,63.1,72.77089
2022-09-01T04:00:00.000000000,65.87,77.23553
2022-09-01T05:00:00.000000000,69.95,82.23945
2022-09-01T06:00:00.000000000,75.54,87.42831
2022-09-01T07:00:00.000000000,81.84,92.3718
2022-09-01T08:00:00.000000000,91.77,96.20024
2022-09-01T09:00:00.000000000,94.69,99.04049
2022-09-01T10:00:00.000000000,96.99,100.87338
2022-09-01T11:00:00.000000000,96.28,101.29972
2022-09-01T12:00:00.000000000,95.44,99.8986
2022-09-01T13:00:00.000000000,96.43,97.27567
2022-09-01T14:00:00.000000000,86.8,93.83997
2022-09-01T15:00:00.000000000,87.93,90.88785
2022-09-01T16:00:00.000000000,89.87,88.48734
2022-09-01T17:00:00.000000000,89.1,86.15358
2022-09-01T18:00:00.000000000,87.56,83.77959
2022-09-01T19:00:00.000000000,87.79,81.18019
2022-09-01T20:00:00.000000000,84.66,78.38294
2022-09-01T21:00:00.000000000,81.45,76.31781
2022-09-01T22:00:00.000000000,76.96,74.41168
2022-09-01T23:00:00.000000000,73.82,73.28498
2022-09-02T00:00:00.000000000,70.04,69.70177
2022-09-02T01:00:00.000000000,67.01,69.64255
2022-09-02T02:00:00.000000000,65.06,71.16579
2022-09-02T03:00:00.000000000,67.67,74.44862
2022-09-02T04:00:00.000000000,72.99,79.6232
2022-09-02T05:00:00.000000000,80.89,85.30648
2022-09-02T06:00:00.000000000,90.62,90.98698
2022-09-02T07:00:00.000000000,101.45,96.17586
2022-09-02T08:00:00.000000000,109.93,100.00856
2022-09-02T09:00:00.000000000,113.91,102.67051
2022-09-02T10:00:00.000000000,118.32,104.27766
2022-09-02T11:00:00.000000000,119.87,104.44347
2022-09-02T12:00:00.000000000,119.59,102.62195
2022-09-02T13:00:00.000000000,116.03,99.50301
2022-09-02T14:00:00.000000000,112.73,95.60834
2022-09-02T15:00:00.000000000,107.89,92.4201
2022-09-02T16:00:00.000000000,106.75,89.89228
2022-09-02T17:00:00.000000000,105.42,87.44916
2022-09-02T18:00:00.000000000,103.32,84.87834
2022-09-02T19:00:00.000000000,98.0,82.02603
2022-09-02T20:00:00.000000000,89.78,78.95343
2022-09-02T21:00:00.000000000,82.76,76.67432
2022-09-02T22:00:00.000000000,79.82,74.65267
2022-09-02T23:00:00.000000000,74.31,73.5375
2022-08-31T00:00:00.000000000,67.02,68.04759
2022-08-31T01:00:00.000000000,66.12,67.54549
2022-08-31T02:00:00.000000000,64.59,68.18575
2022-08-31T03:00:00.000000000,65.99,70.64054
2022-08-31T04:00:00.000000000,70.09,75.40739
2022-08-31T05:00:00.000000000,73.57,81.67394
2022-08-31T06:00:00.000000000,81.44,88.87916
2022-08-31T07:00:00.000000000,95.83,95.96469
2022-08-31T08:00:00.000000000,99.78,101.08684
2022-08-31T09:00:00.000000000,106.46,104.28516
2022-08-31T10:00:00.000000000,108.96,105.85745
2022-08-31T11:00:00.000000000,110.65,106.10966
2022-08-31T12:00:00.000000000,111.81,104.49306
2022-08-31T13:00:00.000000000,109.06,100.90522
2022-08-31T14:00:00.000000000,101.44,95.61386
2022-08-31T15:00:00.000000000,100.6,90.84226
2022-08-31T16:00:00.000000000,97.94,87.41907
2022-08-31T17:00:00.000000000,94.26,85.24321
2022-08-31T18:00:00.000000000,91.67,83.92026
2022-08-31T19:00:00.000000000,87.19,81.99802
2022-08-31T20:00:00.000000000,78.38,78.96816
2022-08-31T21:00:00.000000000,73.05,76.23807
2022-08-31T22:00:00.000000000,70.03,73.79774
2022-08-31T23:00:00.000000000,67.83,72.44438
2022-09-01T00:00:00.000000000,64.13,69.31165
2022-09-01T01:00:00.000000000,62.71,68.98912
2022-09-01T02:00:00.000000000,61.57,69.98143
2022-09-01T03:00:00.000000000,63.1,72.66134
2022-09-01T04:00:00.000000000,65.87,77.17765
2022-09-01T05:00:00.000000000,69.95,82.40565
2022-09-01T06:00:00.000000000,75.54,87.93224
2022-09-01T07:00:00.000000000,81.84,93.16954
2022-09-01T08:00:00.000000000,91.77,97.08837
2022-09-01T09:00:00.000000000,94.69,99.88969
2022-09-01T10:00:00.000000000,96.99,101.68937
2022-09-01T11:00:00.000000000,96.28,102.22472
2022-09-01T12:00:00.000000000,95.44,100.99216
2022-09-01T13:00:00.000000000,96.43,98.35713
2022-09-01T14:00:00.000000000,86.8,94.6851
2022-09-01T15:00:00.000000000,87.93,91.48665
2022-09-01T16:00:00.000000000,89.87,88.98726
2022-09-01T17:00:00.000000000,89.1,86.74054
2022-09-01T18:00:00.000000000,87.56,84.53368
2022-09-01T19:00:00.000000000,87.79,81.90272
2022-09-01T20:00:00.000000000,84.66,78.81301
2022-09-01T21:00:00.000000000,81.45,76.40469
2022-09-01T22:00:00.000000000,76.96,74.30176
2022-09-01T23:00:00.000000000,73.82,73.14308
2022-09-02T00:00:00.000000000,70.04,69.99019
2022-09-02T01:00:00.000000000,67.01,69.85609
2022-09-02T02:00:00.000000000,65.06,71.27366
2022-09-02T03:00:00.000000000,67.67,74.46813
2022-09-02T04:00:00.000000000,72.99,79.62717
2022-09-02T05:00:00.000000000,80.89,85.40284
2022-09-02T06:00:00.000000000,90.62,91.26981
2022-09-02T07:00:00.000000000,101.45,96.70062
2022-09-02T08:00:00.000000000,109.93,100.74597
2022-09-02T09:00:00.000000000,113.91,103.56122
2022-09-02T10:00:00.000000000,118.32,105.22906
2022-09-02T11:00:00.000000000,119.87,105.38329
2022-09-02T12:00:00.000000000,119.59,103.49166
2022-09-02T13:00:00.000000000,116.03,100.25723
2022-09-02T14:00:00.000000000,112.73,96.21828
2022-09-02T15:00:00.000000000,107.89,92.87401
2022-09-02T16:00:00.000000000,106.75,90.20901
2022-09-02T17:00:00.000000000,105.42,87.69868
2022-09-02T18:00:00.000000000,103.32,85.17237
2022-09-02T19:00:00.000000000,98.0,82.40606
2022-09-02T20:00:00.000000000,89.78,79.40386
2022-09-02T21:00:00.000000000,82.76,77.14902
2022-09-02T22:00:00.000000000,79.82,75.10647
2022-09-02T23:00:00.000000000,74.31,73.94725
2022-09-03T00:00:00.000000000,71.46,70.42062
2022-09-03T01:00:00.000000000,70.3,70.16238
2022-09-03T02:00:00.000000000,69.2,71.38151
2022-09-03T03:00:00.000000000,71.44,74.31699
2022-09-03T04:00:00.000000000,76.46,79.06623
2022-09-03T05:00:00.000000000,79.12,84.32633
2022-09-03T06:00:00.000000000,82.1,89.67384
2022-09-03T07:00:00.000000000,90.63,94.62823
2022-09-03T08:00:00.000000000,90.51,98.35832
2022-09-03T09:00:00.000000000,89.05,101.02684
2022-09-03T10:00:00.000000000,91.46,102.65314
2022-09-03T11:00:00.000000000,92.41,102.82915
2022-09-03T12:00:00.000000000,90.49,101.10529
2022-09-03T13:00:00.000000000,89.69,98.18341
2022-09-03T14:00:00.000000000,88.47,94.58346
2022-09-03T15:00:00.000000000,85.82,91.64301
2022-09-03T16:00:00.000000000,87.88,89.33611
2022-09-03T17:00:00.000000000,86.68,87.10026
2022-09-03T18:00:00.000000000,84.5,84.7786
2022-09-03T19:00:00.000000000,83.86,82.21778
2022-09-03T20:00:00.000000000,80.1,79.43624
2022-09-03T21:00:00.000000000,77.73,77.37475
2022-09-03T22:00:00.000000000,75.35,75.45468
2022-09-03T23:00:00.000000000,74.77,74.32973
2022-09-01T00:00:00.000000000,64.13,67.05024
2022-09-01T01:00:00.000000000,62.71,67.53936
2022-09-01T02:00:00.000000000,61.57,69.18187
2022-09-01T03:00:00.000000000,63.1,72.20291
2022-09-01T04:00:00.000000000,65.87,76.87634
2022-09-01T05:00:00.000000000,69.95,82.29057
2022-09-01T06:00:00.000000000,75.54,88.0341
2022-09-01T07:00:00.000000000,81.84,93.48239
2022-09-01T08:00:00.000000000,91.77,97.46377
2022-09-01T09:00:00.000000000,94.69,100.34169
2022-09-01T10:00:00.000000000,96.99,102.50757
2022-09-01T11:00:00.000000000,96.28,103.78992
2022-09-01T12:00:00.000000000,95.44,103.5724
2022-09-01T13:00:00.000000000,96.43,101.77494
2022-09-01T14:00:00.000000000,86.8,98.37584
2022-09-01T15:00:00.000000000,87.93,94.85141
2022-09-01T16:00:00.000000000,89.87,91.5768
2022-09-01T17:00:00.000000000,89.1,88.40468
2022-09-01T18:00:00.000000000,87.56,85.28464
2022-09-01T19:00:00.000000000,87.79,81.57683
2022-09-01T20:00:00.000000000,84.66,77.26308
2022-09-01T21:00:00.000000000,81.45,73.75962
2022-09-01T22:00:00.000000000,76.96,71.1301
2022-09-01T23:00:00.000000000,73.82,70.11676
2022-09-02T00:00:00.000000000,70.04,67.93548
2022-09-02T01:00:00.000000000,67.01,68.37331
2022-09-02T02:00:00.000000000,65.06,70.47463
2022-09-02T03:00:00.000000000,67.67,74.28592
2022-09-02T04:00:00.000000000,72.99,79.98681
2022-09-02T05:00:00.000000000,80.89,86.1869
2022-09-02T06:00:00.000000000,90.62,92.28573
2022-09-02T07:00:00.000000000,101.45,97.77338
2022-09-02T08:00:00.000000000,109.93,101.69755
2022-09-02T09:00:00.000000000,113.91,104.28396
2022-09-02T10:00:00.000000000,118.32,105.83585
2022-09-02T11:00:00.000000000,119.87,106.04088
2022-09-02T12:00:00.000000000,119.59,104.25918
2022-09-02T13:00:00.000000000,116.03,101.08509
2022-09-02T14:00:00.000000000,112.73,96.91366
2022-09-02T15:00:00.000000000,107.89,93.34873
2022-09-02T16:00:00.000000000,106.75,90.3595
2022-09-02T17:00:00.000000000,105.42,87.45429
2022-09-02T18:00:00.000000000,103.32,84.41249
2022-09-02T19:00:00.000000000,98.0,81.03885
2022-09-02T20:00:00.000000000,89.78,77.43716
2022-09-02T21:00:00.000000000,82.76,74.72332
2022-09-02T22:00:00.000000000,79.82,72.50818
2022-09-02T23:00:00.000000000,74.31,71.48587
2022-09-03T00:00:00.000000000,71.46,68.57343
2022-09-03T01:00:00.000000000,70.3,68.51682
2022-09-03T02:00:00.000000000,69.2,69.93866
2022-09-03T03:00:00.000000000,71.44,73.00376
2022-09-03T04:00:00.000000000,76.46,77.78249
2022-09-03T05:00:00.000000000,79.12,83.08372
2022-09-03T06:00:00.000000000,82.1,88.49199
2022-09-03T07:00:00.000000000,90.63,93.50348
2022-09-03T08:00:00.000000000,90.51,97.19004
2022-09-03T09:00:00.000000000,89.05,99.72957
2022-09-03T10:00:00.000000000,91.46,101.17347
2022-09-03T11:00:00.000000000,92.41,101.2177
2022-09-03T12:00:00.000000000,90.49,99.4688
2022-09-03T13:00:00.000000000,89.69,96.60297
2022-09-03T14:00:00.000000000,88.47,93.03097
2022-09-03T15:00:00.000000000,85.82,90.02705
2022-09-03T16:00:00.000000000,87.88,87.64342
2022-09-03T17:00:00.000000000,86.68,85.3861
2022-09-03T18:00:00.000000000,84.5,83.11461
2022-09-03T19:00:00.000000000,83.86,80.60154
2022-09-03T20:00:00.000000000,80.1,77.83649
2022-09-03T21:00:00.000000000,77.73,75.73163
2022-09-03T22:00:00.000000000,75.35,73.7792
2022-09-03T23:00:00.000000000,74.77,72.68536
2022-09-04T00:00:00.000000000,71.66,69.46535
2022-09-04T01:00:00.000000000,69.24,69.21062
2022-09-04T02:00:00.000000000,68.25,70.37674
2022-09-04T03:00:00.000000000,69.26,73.18448
2022-09-04T04:00:00.000000000,69.2,77.66179
2022-09-04T05:00:00.000000000,72.09,82.6073
2022-09-04T06:00:00.000000000,76.43,87.65107
2022-09-04T07:00:00.000000000,78.54,92.34174
2022-09-04T08:00:00.000000000,78.52,95.86918
2022-09-04T09:00:00.000000000,80.89,98.42369
2022-09-04T10:00:00.000000000,82.96,100.02094
2022-09-04T11:00:00.000000000,82.95,100.27998
2022-09-04T12:00:00.000000000,82.73,98.78403
2022-09-04T13:00:00.000000000,86.45,96.17009
2022-09-04T14:00:00.000000000,83.01,92.87133
2022-09-04T15:00:00.000000000,81.99,90.12558
2022-09-04T16:00:00.000000000,85.48,87.96886
2022-09-04T17:00:00.000000000,84.98,85.84872
2022-09-04T18:00:00.000000000,86.13,83.60793
2022-09-04T19:00:00.000000000,83.86,81.08605
2022-09-04T20:00:00.000000000,80.62,78.33673
2022-09-04T21:00:00.000000000,79.88,76.29733
2022-09-04T22:00:00.000000000,76.46,74.42407
2022-09-04T23:00:00.000000000,73.41,73.3464
2022-09-02T00:00:00.000000000,70.04,72.14141
2022-09-02T01:00:00.000000000,67.01,71.1358
2022-09-02T02:00:00.000000000,65.06,71.08025
2022-09-02T03:00:00.000000000,67.67,72.65574
2022-09-02T04:00:00.000000000,72.99,76.28134
2022-09-02T05:00:00.000000000,80.89,81.05694
2022-09-02T06:00:00.000000000,90.62,86.61771
2022-09-02T07:00:00.000000000,101.45,92.29721
2022-09-02T08:00:00.000000000,109.93,96.86929
2022-09-02T09:00:00.000000000,113.91,100.46117
2022-09-02T10:00:00.000000000,118.32,102.94001
2022-09-02T11:00:00.000000000,119.87,104.08987
2022-09-02T12:00:00.000000000,119.59,103.51082
2022-09-02T13:00:00.000000000,116.03,101.45559
2022-09-02T14:00:00.000000000,112.73,98.36
2022-09-02T15:00:00.000000000,107.89,95.47321
2022-09-02T16:00:00.000000000,106.75,93.03536
2022-09-02T17:00:00.000000000,105.42,90.8557
2022-09-02T18:00:00.000000000,103.32,88.9979
2022-09-02T19:00:00.000000000,98.0,86.73077
2022-09-02T20:00:00.000000000,89.78,83.77887
2022-09-02T21:00:00.000000000,82.76,81.15283
2022-09-02T22:00:00.000000000,79.82,78.56111
2022-09-02T23:00:00.000000000,74.31,76.84836
2022-09-03T00:00:00.000000000,71.46,72.37891
2022-09-03T01:00:00.000000000,70.3,71.66852
2022-09-03T02:00:00.000000000,69.2,72.14811
2022-09-03T03:00:00.000000000,71.44,74.2775
2022-09-03T04:00:00.000000000,76.46,78.19914
2022-09-03T05:00:00.000000000,79.12,82.82212
2022-09-03T06:00:00.000000000,82.1,87.86002
2022-09-03T07:00:00.000000000,90.63,92.80484
2022-09-03T08:00:00.000000000,90.51,96.73568
2022-09-03T09:00:00.000000000,89.05,99.69809
2022-09-03T10:00:00.000000000,91.46,101.57611
2022-09-03T11:00:00.000000000,92.41,101.99634
2022-09-03T12:00:00.000000000,90.49,100.64413
2022-09-03T13:00:00.000000000,89.69,98.0791
2022-09-03T14:00:00.000000000,88.47,94.74885
2022-09-03T15:00:00.000000000,85.82,91.87905
2022-09-03T16:00:00.000000000,87.88,89.56382
2022-09-03T17:00:00.000000000,86.68,87.40849
2022-09-03T18:00:00.000000000,84.5,85.40744
2022-09-03T19:00:00.000000000,83.86,83.25957
2022-09-03T20:00:00.000000000,80.1,80.84017
2022-09-03T21:00:00.000000000,77.73,78.99952
2022-09-03T22:00:00.000000000,75.35,77.1634
2022-09-03T23:00:00.000000000,74.77,75.99696
2022-09-04T00:00:00.000000000,71.66,71.69916
2022-09-04T01:00:00.000000000,69.24,71.08763
2022-09-04T02:00:00.000000000,68.25,71.85431
2022-09-04T03:00:00.000000000,69.26,74.33652
2022-09-04T04:00:00.000000000,69.2,78.60529
2022-09-04T05:00:00.000000000,72.09,83.45196
2022-09-04T06:00:00.000000000,76.43,88.54808
2022-09-04T07:00:00.000000000,78.54,93.41038
2022-09-04T08:00:00.000000000,78.52,97.20038
2022-09-04T09:00:00.000000000,80.89,99.98154
2022-09-04T10:00:00.000000000,82.96,101.64303
2022-09-04T11:00:00.000000000,82.95,101.77017
2022-09-04T12:00:00.000000000,82.73,100.02898
2022-09-04T13:00:00.000000000,86.45,97.1532
2022-09-04T14:00:00.000000000,83.01,93.67953
2022-09-04T15:00:00.000000000,81.99,90.86876
2022-09-04T16:00:00.000000000,85.48,88.71813
2022-09-04T17:00:00.000000000,84.98,86.68612
2022-09-04T18:00:00.000000000,86.13,84.685
2022-09-04T19:00:00.000000000,83.86,82.55379
2022-09-04T20:00:00.000000000,80.62,80.22058
2022-09-04T21:00:00.000000000,79.88,78.51023
2022-09-04T22:00:00.000000000,76.46,76.74705
2022-09-04T23:00:00.000000000,73.41,75.57647
2022-09-05T00:00:00.000000000,72.48,71.85226
2022-09-05T01:00:00.000000000,70.58,71.56003
2022-09-05T02:00:00.000000000,70.62,72.78307
2022-09-05T03:00:00.000000000,73.01,75.75698
2022-09-05T04:00:00.000000000,74.11,80.63157
2022-09-05T05:00:00.000000000,77.23,86.05199
2022-09-05T06:00:00.000000000,79.9,91.56638
2022-09-05T07:00:00.000000000,83.57,96.65727
2022-09-05T08:00:00.000000000,88.17,100.45737
2022-09-05T09:00:00.000000000,89.13,103.07525
2022-09-05T10:00:00.000000000,90.74,104.46789
2022-09-05T11:00:00.000000000,93.66,104.26625
2022-09-05T12:00:00.000000000,92.72,102.08445
2022-09-05T13:00:00.000000000,92.71,98.77244
2022-09-05T14:00:00.000000000,91.67,94.94041
2022-09-05T15:00:00.000000000,89.94,91.90987
2022-09-05T16:00:00.000000000,91.93,89.60715
2022-09-05T17:00:00.000000000,92.14,87.45792
2022-09-05T18:00:00.000000000,91.74,85.33997
2022-09-05T19:00:00.000000000,87.75,83.09356
2022-09-05T20:00:00.000000000,82.89,80.63799
2022-09-05T21:00:00.000000000,81.77,78.81172
2022-09-05T22:00:00.000000000,79.77,76.97819
2022-09-05T23:00:00.000000000,77.35,75.83829
2022-09-03T00:00:00.000000000,71.46,68.5274
2022-09-03T01:00:00.000000000,70.3,69.07387
2022-09-03T02:00:00.000000000,69.2,71.0267
2022-09-03T03:00:00.000000000,71.44,74.602
2022-09-03T04:00:00.000000000,76.46,80.17662
2022-09-03T05:00:00.000000000,79.12,86.5489
2022-09-03T06:00:00.000000000,82.1,93.05325
2022-09-03T07:00:00.000000000,90.63,98.83705
2022-09-03T08:00:00.000000000,90.51,102.68886
2022-09-03T09:00:00.000000000,89.05,105.02038
2022-09-03T10:00:00.000000000,91.46,106.48357
2022-09-03T11:00:00.000000000,92.41,107.04084
2022-09-03T12:00:00.000000000,90.49,105.95624
2022-09-03T13:00:00.000000000,89.69,103.28892
2022-09-03T14:00:00.000000000,88.47,99.20596
2022-09-03T15:00:00.000000000,85.82,95.56575
2022-09-03T16:00:00.000000000,87.88,92.50723
2022-09-03T17:00:00.000000000,86.68,89.64234
2022-09-03T18:00:00.000000000,84.5,86.66564
2022-09-03T19:00:00.000000000,83.86,82.95136
2022-09-03T20:00:00.000000000,80.1,78.48155
2022-09-03T21:00:00.000000000,77.73,74.78739
2022-09-03T22:00:00.000000000,75.35,71.94399
2022-09-03T23:00:00.000000000,74.77,70.77914
2022-09-04T00:00:00.000000000,71.66,68.14905
2022-09-04T01:00:00.000000000,69.24,68.50741
2022-09-04T02:00:00.000000000,68.25,70.48541
2022-09-04T03:00:00.000000000,69.26,74.13848
2022-09-04T04:00:00.000000000,69.2,79.55288
2022-09-04T05:00:00.000000000,72.09,85.35637
2022-09-04T06:00:00.000000000,76.43,91.01366
2022-09-04T07:00:00.000000000,78.54,96.03962
2022-09-04T08:00:00.000000000,78.52,99.57774
2022-09-04T09:00:00.000000000,80.89,101.89045
2022-09-04T10:00:00.000000000,82.96,103.22794
2022-09-04T11:00:00.000000000,82.95,103.28477
2022-09-04T12:00:00.000000000,82.73,101.5293
2022-09-04T13:00:00.000000000,86.45,98.58272
2022-09-04T14:00:00.000000000,83.01,94.82078
2022-09-04T15:00:00.000000000,81.99,91.67174
2022-09-04T16:00:00.000000000,85.48,89.09015
2022-09-04T17:00:00.000000000,84.98,86.54077
2022-09-04T18:00:00.000000000,86.13,83.79442
2022-09-04T19:00:00.000000000,83.86,80.69386
2022-09-04T20:00:00.000000000,80.62,77.34151
2022-09-04T21:00:00.000000000,79.88,74.81118
2022-09-04T22:00:00.000000000,76.46,72.69738
2022-09-04T23:00:00.000000000,73.41,71.70004
2022-09-05T00:00:00.000000000,72.48,69.41835
2022-09-05T01:00:00.000000000,70.58,69.54387
2022-09-05T02:00:00.000000000,70.62,71.2838
2022-09-05T03:00:00.000000000,73.01,74.74657
2022-09-05T04:00:00.000000000,74.11,80.05194
2022-09-05T05:00:00.000000000,77.23,85.8014
2022-09-05T06:00:00.000000000,79.9,91.47187
2022-09-05T07:00:00.000000000,83.57,96.58061
2022-09-05T08:00:00.000000000,88.17,100.26686
2022-09-05T09:00:00.000000000,89.13,102.72772
2022-09-05T10:00:00.000000000,90.74,104.03982
2022-09-05T11:00:00.000000000,93.66,103.8587
2022-09-05T12:00:00.000000000,92.72,101.72508
2022-09-05T13:00:00.000000000,92.71,98.44342
2022-09-05T14:00:00.000000000,91.67,94.54079
2022-09-05T15:00:00.000000000,89.94,91.36944
2022-09-05T16:00:00.000000000,91.93,88.87228
2022-09-05T17:00:00.000000000,92.14,86.50507
2022-09-05T18:00:00.000000000,91.74,84.08408
2022-09-05T19:00:00.000000000,87.75,81.44746
2022-09-05T20:00:00.000000000,82.89,78.60514
2022-09-05T21:00:00.000000000,81.77,76.48467
2022-09-05T22:00:00.000000000,79.77,74.55354
2022-09-05T23:00:00.000000000,77.35,73.52211
2022-09-06T00:00:00.000000000,75.62,70.83946
2022-09-06T01:00:00.000000000,73.5,71.05873
2022-09-06T02:00:00.000000000,70.16,72.90814
2022-09-06T03:00:00.000000000,72.66,76.52334
2022-09-06T04:00:00.000000000,76.48,82.14517
2022-09-06T05:00:00.000000000,83.51,88.26992
2022-09-06T06:00:00.000000000,92.97,94.25467
2022-09-06T07:00:00.000000000,97.49,99.57072
2022-09-06T08:00:00.000000000,106.84,103.32626
2022-09-06T09:00:00.000000000,110.75,105.77601
2022-09-06T10:00:00.000000000,111.17,106.99427
2022-09-06T11:00:00.000000000,113.86,106.65073
2022-09-06T12:00:00.000000000,111.45,104.23089
2022-09-06T13:00:00.000000000,107.08,100.60228
2022-09-06T14:00:00.000000000,90.46,96.37341
2022-09-06T15:00:00.000000000,87.23,92.95527
2022-09-06T16:00:00.000000000,84.83,90.28342
2022-09-06T17:00:00.000000000,83.88,87.82758
2022-09-06T18:00:00.000000000,82.82,85.40779
2022-09-06T19:00:00.000000000,80.22,82.78376
2022-09-06T20:00:00.000000000,76.8,79.9144
2022-09-06T21:00:00.000000000,74.59,77.75741
2022-09-06T22:00:00.000000000,72.4,75.83842
2022-09-06T23:00:00.000000000,69.04,74.88074
2022-09-04T00:00:00.000000000,71.66,72.04144
2022-09-04T01:00:00.000000000,69.24,71.3377
2022-09-04T02:00:00.000000000,68.25,71.85319
2022-09-04T03:00:00.000000000,69.26,73.9264
2022-09-04T04:00:00.000000000,69.2,77.66262
2022-09-04T05:00:00.000000000,72.09,81.97522
2022-09-04T06:00:00.000000000,76.43,86.61826
2022-09-04T07:00:00.000000000,78.54,91.20111
2022-09-04T08:00:00.000000000,78.52,94.95822
2022-09-04T09:00:00.000000000,80.89,97.96653
2022-09-04T10:00:00.000000000,82.96,100.08799
2022-09-04T11:00:00.000000000,82.95,100.76566
2022-09-04T12:00:00.000000000,82.73,99.62157
2022-09-04T13:00:00.000000000,86.45,97.34904
2022-09-04T14:00:00.000000000,83.01,94.41731
2022-09-04T15:00:00.000000000,81.99,91.90135
2022-09-04T16:00:00.000000000,85.48,89.76165
2022-09-04T17:00:00.000000000,84.98,87.48633
2022-09-04T18:00:00.000000000,86.13,85.13459
2022-09-04T19:00:00.000000000,83.86,82.71961
2022-09-04T20:00:00.000000000,80.62,80.28578
2022-09-04T21:00:00.000000000,79.88,78.53888
2022-09-04T22:00:00.000000000,76.46,76.78677
2022-09-04T23:00:00.000000000,73.41,75.62822
2022-09-05T00:00:00.000000000,72.48,72.57304
2022-09-05T01:00:00.000000000,70.58,72.10671
2022-09-05T02:00:00.000000000,70.62,73.0793
2022-09-05T03:00:00.000000000,73.01,75.74537
2022-09-05T04:00:00.000000000,74.11,80.23893
2022-09-05T05:00:00.000000000,77.23,85.32354
2022-09-05T06:00:00.000000000,79.9,90.6356
2022-09-05T07:00:00.000000000,83.57,95.69028
2022-09-05T08:00:00.000000000,88.17,99.60133
2022-09-05T09:00:00.000000000,89.13,102.39657
2022-09-05T10:00:00.000000000,90.74,103.96199
2022-09-05T11:00:00.000000000,93.66,103.92354
2022-09-05T12:00:00.000000000,92.72,101.95904
2022-09-05T13:00:00.000000000,92.71,98.90644
2022-09-05T14:00:00.000000000,91.67,95.3246
2022-09-05T15:00:00.000000000,89.94,92.4402
2022-09-05T16:00:00.000000000,91.93,90.15938
2022-09-05T17:00:00.000000000,92.14,87.93982
2022-09-05T18:00:00.000000000,91.74,85.77628
2022-09-05T19:00:00.000000000,87.75,83.57182
2022-09-05T20:00:00.000000000,82.89,81.23153
2022-09-05T21:00:00.000000000,81.77,79.49028
2022-09-05T22:00:00.000000000,79.77,77.64384
2022-09-05T23:00:00.000000000,77.35,76.40104
2022-09-06T00:00:00.000000000,75.62,73.38603
2022-09-06T01:00:00.000000000,73.5,73.09492
2022-09-06T02:00:00.000000000,70.16,74.31642
2022-09-06T03:00:00.000000000,72.66,77.30055
2022-09-06T04:00:00.000000000,76.48,82.30901
2022-09-06T05:00:00.000000000,83.51,87.99463
2022-09-06T06:00:00.000000000,92.97,93.81801
2022-09-06T07:00:00.000000000,97.49,99.17962
2022-09-06T08:00:00.000000000,106.84,103.09868
2022-09-06T09:00:00.000000000,110.75,105.70502
2022-09-06T10:00:00.000000000,111.17,106.99427
2022-09-06T11:00:00.000000000,113.86,106.72983
2022-09-06T12:00:00.000000000,111.45,104.49894
2022-09-06T13:00:00.000000000,107.08,101.12126
2022-09-06T14:00:00.000000000,90.46,97.2001
2022-09-06T15:00:00.000000000,87.23,94.12237
2022-09-06T16:00:00.000000000,84.83,91.79639
2022-09-06T17:00:00.000000000,83.88,89.64302
2022-09-06T18:00:00.000000000,82.82,87.56127
2022-09-06T19:00:00.000000000,80.22,85.28865
2022-09-06T20:00:00.000000000,76.8,82.67941
2022-09-06T21:00:00.000000000,74.59,80.6154
2022-09-06T22:00:00.000000000,72.4,78.54285
2022-09-06T23:00:00.000000000,69.04,77.22847
2022-09-07T00:00:00.000000000,65.66,72.25717
2022-09-07T01:00:00.000000000,64.96,72.24069
2022-09-07T02:00:00.000000000,64.35,73.80217
2022-09-07T03:00:00.000000000,66.25,77.09672
2022-09-07T04:00:00.000000000,69.8,82.31647
2022-09-07T05:00:00.000000000,74.35,88.06056
2022-09-07T06:00:00.000000000,89.18,93.80733
2022-09-07T07:00:00.000000000,99.91,99.00329
2022-09-07T08:00:00.000000000,92.36,102.73232
2022-09-07T09:00:00.000000000,94.37,105.12611
2022-09-07T10:00:00.000000000,95.39,106.19117
2022-09-07T11:00:00.000000000,94.97,105.66553
2022-09-07T12:00:00.000000000,92.83,103.18763
2022-09-07T13:00:00.000000000,90.75,99.67509
2022-09-07T14:00:00.000000000,79.7,95.73763
2022-09-07T15:00:00.000000000,79.26,92.64066
2022-09-07T16:00:00.000000000,79.17,90.25764
2022-09-07T17:00:00.000000000,77.69,88.02436
2022-09-07T18:00:00.000000000,74.68,85.84788
2022-09-07T19:00:00.000000000,72.09,83.5448
2022-09-07T20:00:00.000000000,70.04,81.01873
2022-09-07T21:00:00.000000000,68.84,79.09427
2022-09-07T22:00:00.000000000,67.98,77.18508
2022-09-07T23:00:00.000000000,67.03,76.06479
2022-09-05T00:00:00.000000000,72.48,75.0285
2022-09-05T01:00:00.000000000,70.58,73.7845
2022-09-05T02:00:00.000000000,70.62,73.72868
2022-09-05T03:00:00.000000000,73.01,75.11057
2022-09-05T04:00:00.000000000,74.11,78.12347
2022-09-05T05:00:00.000000000,77.23,81.9835
2022-09-05T06:00:00.000000000,79.9,86.54135
2022-09-05T07:00:00.000000000,83.57,91.22321
2022-09-05T08:00:00.000000000,88.17,95.11198
2022-09-05T09:00:00.000000000,89.13,98.09435
2022-09-05T10:00:00.000000000,90.74,99.94664
2022-09-05T11:00:00.000000000,93.66,100.45794
2022-09-05T12:00:00.000000000,92.72,99.43535
2022-09-05T13:00:00.000000000,92.71,97.58829
2022-09-05T14:00:00.000000000,91.67,95.41253
2022-09-05T15:00:00.000000000,89.94,93.87799
2022-09-05T16:00:00.000000000,91.93,92.63005
2022-09-05T17:00:00.000000000,92.14,90.97979
2022-09-05T18:00:00.000000000,91.74,89.15865
2022-09-05T19:00:00.000000000,87.75,87.26822
2022-09-05T20:00:00.000000000,82.89,85.15242
2022-09-05T21:00:00.000000000,81.77,83.2605
2022-09-05T22:00:00.000000000,79.77,80.75639
2022-09-05T23:00:00.000000000,77.35,78.57204
2022-09-06T00:00:00.000000000,75.62,77.05673
2022-09-06T01:00:00.000000000,73.5,76.53868
2022-09-06T02:00:00.000000000,70.16,77.28907
2022-09-06T03:00:00.000000000,72.66,79.48413
2022-09-06T04:00:00.000000000,76.48,83.45375
2022-09-06T05:00:00.000000000,83.51,88.22656
2022-09-06T06:00:00.000000000,92.97,93.4624
2022-09-06T07:00:00.000000000,97.49,98.48635
2022-09-06T08:00:00.000000000,106.84,102.25543
2022-09-06T09:00:00.000000000,110.75,104.77595
2022-09-06T10:00:00.000000000,111.17,106.1348
2022-09-06T11:00:00.000000000,113.86,106.37415
2022-09-06T12:00:00.000000000,111.45,105.20872
2022-09-06T13:00:00.000000000,107.08,103.15202
2022-09-06T14:00:00.000000000,90.46,100.54659
2022-09-06T15:00:00.000000000,87.23,98.61211
2022-09-06T16:00:00.000000000,84.83,97.06759
2022-09-06T17:00:00.000000000,83.88,95.31033
2022-09-06T18:00:00.000000000,82.82,93.42136
2022-09-06T19:00:00.000000000,80.22,91.18869
2022-09-06T20:00:00.000000000,76.8,88.3003
2022-09-06T21:00:00.000000000,74.59,85.59841
2022-09-06T22:00:00.000000000,72.4,82.64616
2022-09-06T23:00:00.000000000,69.04,80.54728
2022-09-07T00:00:00.000000000,65.66,75.72867
2022-09-07T01:00:00.000000000,64.96,75.49948
2022-09-07T02:00:00.000000000,64.35,76.80317
2022-09-07T03:00:00.000000000,66.25,79.71952
2022-09-07T04:00:00.000000000,69.8,84.45074
2022-09-07T05:00:00.000000000,74.35,89.76325
2022-09-07T06:00:00.000000000,89.18,95.22863
2022-09-07T07:00:00.000000000,99.91,100.22202
2022-09-07T08:00:00.000000000,92.36,103.76345
2022-09-07T09:00:00.000000000,94.37,105.86549
2022-09-07T10:00:00.000000000,95.39,106.65953
2022-09-07T11:00:00.000000000,94.97,106.20526
2022-09-07T12:00:00.000000000,92.83,104.21251
2022-09-07T13:00:00.000000000,90.75,101.40393
2022-09-07T14:00:00.000000000,79.7,98.23174
2022-09-07T15:00:00.000000000,79.26,95.95201
2022-09-07T16:00:00.000000000,79.17,94.23255
2022-09-07T17:00:00.000000000,77.69,92.36765
2022-09-07T18:00:00.000000000,74.68,90.31829
2022-09-07T19:00:00.000000000,72.09,87.9835
2022-09-07T20:00:00.000000000,70.04,85.21936
2022-09-07T21:00:00.000000000,68.84,82.85438
2022-09-07T22:00:00.000000000,67.98,80.33169
2022-09-07T23:00:00.000000000,67.03,78.60118
2022-09-08T00:00:00.000000000,65.8,72.59584
2022-09-08T01:00:00.000000000,64.13,72.44353
2022-09-08T02:00:00.000000000,64.34,73.81318
2022-09-08T03:00:00.000000000,65.15,76.88321
2022-09-08T04:00:00.000000000,67.27,81.76761
2022-09-08T05:00:00.000000000,70.88,87.11439
2022-09-08T06:00:00.000000000,77.22,92.46709
2022-09-08T07:00:00.000000000,81.07,97.32415
2022-09-08T08:00:00.000000000,87.1,100.85627
2022-09-08T09:00:00.000000000,88.17,103.18656
2022-09-08T10:00:00.000000000,92.52,104.21013
2022-09-08T11:00:00.000000000,93.15,103.60823
2022-09-08T12:00:00.000000000,93.58,101.09746
2022-09-08T13:00:00.000000000,89.44,97.65783
2022-09-08T14:00:00.000000000,79.52,93.90534
2022-09-08T15:00:00.000000000,79.47,90.99041
2022-09-08T16:00:00.000000000,80.45,88.81342
2022-09-08T17:00:00.000000000,81.13,86.79849
2022-09-08T18:00:00.000000000,80.87,84.87839
2022-09-08T19:00:00.000000000,80.77,82.91044
2022-09-08T20:00:00.000000000,74.8,80.77032
2022-09-08T21:00:00.000000000,72.4,79.19718
2022-09-08T22:00:00.000000000,71.02,77.53162
2022-09-08T23:00:00.000000000,69.05,76.51659
2022-09-06T00:00:00.000000000,75.62,77.90082
2022-09-06T01:00:00.000000000,73.5,76.69444
2022-09-06T02:00:00.000000000,70.16,76.82491
2022-09-06T03:00:00.000000000,72.66,78.62218
2022-09-06T04:00:00.000000000,76.48,82.31437
2022-09-06T05:00:00.000000000,83.51,86.8492
2022-09-06T06:00:00.000000000,92.97,91.8953
2022-09-06T07:00:00.000000000,97.49,96.82388
2022-09-06T08:00:00.000000000,106.84,100.63858
2022-09-06T09:00:00.000000000,110.75,103.32705
2022-09-06T10:00:00.000000000,111.17,104.8451
2022-09-06T11:00:00.000000000,113.86,105.20032
2022-09-06T12:00:00.000000000,111.45,104.09356
2022-09-06T13:00:00.000000000,107.08,102.10777
2022-09-06T14:00:00.000000000,90.46,99.67979
2022-09-06T15:00:00.000000000,87.23,98.02822
2022-09-06T16:00:00.000000000,84.83,96.80313
2022-09-06T17:00:00.000000000,83.88,95.22911
2022-09-06T18:00:00.000000000,82.82,93.35636
2022-09-06T19:00:00.000000000,80.22,91.10504
2022-09-06T20:00:00.000000000,76.8,88.37152
2022-09-06T21:00:00.000000000,74.59,85.91917
2022-09-06T22:00:00.000000000,72.4,83.11535
2022-09-06T23:00:00.000000000,69.04,80.84032
2022-09-07T00:00:00.000000000,65.66,77.02463
2022-09-07T01:00:00.000000000,64.96,76.42217
2022-09-07T02:00:00.000000000,64.35,77.11794
2022-09-07T03:00:00.000000000,66.25,79.30902
2022-09-07T04:00:00.000000000,69.8,83.17549
2022-09-07T05:00:00.000000000,74.35,87.67654
2022-09-07T06:00:00.000000000,89.18,92.55912
2022-09-07T07:00:00.000000000,99.91,97.24296
2022-09-07T08:00:00.000000000,92.36,100.7986
2022-09-07T09:00:00.000000000,94.37,103.14986
2022-09-07T10:00:00.000000000,95.39,104.26903
2022-09-07T11:00:00.000000000,94.97,104.10081
2022-09-07T12:00:00.000000000,92.83,102.46396
2022-09-07T13:00:00.000000000,90.75,100.05794
2022-09-07T14:00:00.000000000,79.7,97.31107
2022-09-07T15:00:00.000000000,79.26,95.29201
2022-09-07T16:00:00.000000000,79.17,93.70086
2022-09-07T17:00:00.000000000,77.69,91.89425
2022-09-07T18:00:00.000000000,74.68,89.99692
2022-09-07T19:00:00.000000000,72.09,87.97768
2022-09-07T20:00:00.000000000,70.04,85.6499
2022-09-07T21:00:00.000000000,68.84,83.6686
2022-09-07T22:00:00.000000000,67.98,81.36655
2022-09-07T23:00:00.000000000,67.03,79.66153
2022-09-08T00:00:00.000000000,65.8,73.97611
2022-09-08T01:00:00.000000000,64.13,73.39119
2022-09-08T02:00:00.000000000,64.34,74.28199
2022-09-08T03:00:00.000000000,65.15,76.9173
2022-09-08T04:00:00.000000000,67.27,81.38219
2022-09-08T05:00:00.000000000,70.88,86.36426
2022-09-08T06:00:00.000000000,77.22,91.48394
2022-09-08T07:00:00.000000000,81.07,96.25197
2022-09-08T08:00:00.000000000,87.1,99.86724
2022-09-08T09:00:00.000000000,88.17,102.38451
2022-09-08T10:00:00.000000000,92.52,103.66642
2022-09-08T11:00:00.000000000,93.15,103.34983
2022-09-08T12:00:00.000000000,93.58,101.15985
2022-09-08T13:00:00.000000000,89.44,98.01758
2022-09-08T14:00:00.000000000,79.52,94.53249
2022-09-08T15:00:00.000000000,79.47,91.89304
2022-09-08T16:00:00.000000000,80.45,89.9524
2022-09-08T17:00:00.000000000,81.13,88.05708
2022-09-08T18:00:00.000000000,80.87,86.15624
2022-09-08T19:00:00.000000000,80.77,84.19655
2022-09-08T20:00:00.000000000,74.8,82.07225
2022-09-08T21:00:00.000000000,72.4,80.5128
2022-09-08T22:00:00.000000000,71.02,78.77723
2022-09-08T23:00:00.000000000,69.05,77.54827
2022-09-09T00:00:00.000000000,66.13,73.35455
2022-09-09T01:00:00.000000000,67.69,72.99303
2022-09-09T02:00:00.000000000,68.49,74.18775
2022-09-09T03:00:00.000000000,69.84,77.20842
2022-09-09T04:00:00.000000000,70.53,82.23396
2022-09-09T05:00:00.000000000,75.1,87.80818
2022-09-09T06:00:00.000000000,81.13,93.39193
2022-09-09T07:00:00.000000000,87.17,98.44685
2022-09-09T08:00:00.000000000,91.83,102.12732
2022-09-09T09:00:00.000000000,100.44,104.59431
2022-09-09T10:00:00.000000000,102.44,105.78155
2022-09-09T11:00:00.000000000,99.14,105.36058
2022-09-09T12:00:00.000000000,100.64,102.94611
2022-09-09T13:00:00.000000000,98.37,99.44571
2022-09-09T14:00:00.000000000,92.58,95.53462
2022-09-09T15:00:00.000000000,87.48,92.54917
2022-09-09T16:00:00.000000000,87.16,90.39632
2022-09-09T17:00:00.000000000,87.36,88.44397
2022-09-09T18:00:00.000000000,86.24,86.53054
2022-09-09T19:00:00.000000000,83.64,84.4433
2022-09-09T20:00:00.000000000,75.85,82.05824
2022-09-09T21:00:00.000000000,74.15,80.2564
2022-09-09T22:00:00.000000000,72.49,78.4308
2022-09-09T23:00:00.000000000,70.66,77.27341
2022-09-07T00:00:00.000000000,65.66,66.71026
2022-09-07T01:00:00.000000000,64.96,66.53806
2022-09-07T02:00:00.000000000,64.35,67.18521
2022-09-07T03:00:00.000000000,66.25,69.11085
2022-09-07T04:00:00.000000000,69.8,72.87078
2022-09-07T05:00:00.000000000,74.35,78.02614
2022-09-07T06:00:00.000000000,89.18,84.03664
2022-09-07T07:00:00.000000000,99.91,89.96077
2022-09-07T08:00:00.000000000,92.36,94.25113
2022-09-07T09:00:00.000000000,94.37,97.14245
2022-09-07T10:00:00.000000000,95.39,98.6105
2022-09-07T11:00:00.000000000,94.97,98.70159
2022-09-07T12:00:00.000000000,92.83,97.03446
2022-09-07T13:00:00.000000000,90.75,93.9414
2022-09-07T14:00:00.000000000,79.7,89.67666
2022-09-07T15:00:00.000000000,79.26,85.7559
2022-09-07T16:00:00.000000000,79.17,82.67896
2022-09-07T17:00:00.000000000,77.69,80.47542
2022-09-07T18:00:00.000000000,74.68,79.2512
2022-09-07T19:00:00.000000000,72.09,77.98754
2022-09-07T20:00:00.000000000,70.04,76.03131
2022-09-07T21:00:00.000000000,68.84,74.14505
2022-09-07T22:00:00.000000000,67.98,72.19319
2022-09-07T23:00:00.000000000,67.03,71.23215
2022-09-08T00:00:00.000000000,65.8,67.90315
2022-09-08T01:00:00.000000000,64.13,67.12814
2022-09-08T02:00:00.000000000,64.34,67.40649
2022-09-08T03:00:00.000000000,65.15,69.16795
2022-09-08T04:00:00.000000000,67.27,72.40053
2022-09-08T05:00:00.000000000,70.88,76.32771
2022-09-08T06:00:00.000000000,77.22,80.73014
2022-09-08T07:00:00.000000000,81.07,85.2202
2022-09-08T08:00:00.000000000,87.1,88.90236
2022-09-08T09:00:00.000000000,88.17,91.93435
2022-09-08T10:00:00.000000000,92.52,94.14249
2022-09-08T11:00:00.000000000,93.15,95.10372
2022-09-08T12:00:00.000000000,93.58,94.42253
2022-09-08T13:00:00.000000000,89.44,92.51271
2022-09-08T14:00:00.000000000,79.52,89.67977
2022-09-08T15:00:00.000000000,79.47,87.00931
2022-09-08T16:00:00.000000000,80.45,84.85936
2022-09-08T17:00:00.000000000,81.13,82.80971
2022-09-08T18:00:00.000000000,80.87,80.85937
2022-09-08T19:00:00.000000000,80.77,78.67744
2022-09-08T20:00:00.000000000,74.8,76.27382
2022-09-08T21:00:00.000000000,72.4,74.52303
2022-09-08T22:00:00.000000000,71.02,72.93179
2022-09-08T23:00:00.000000000,69.05,71.95071
2022-09-09T00:00:00.000000000,66.13,69.59045
2022-09-09T01:00:00.000000000,67.69,68.94618
2022-09-09T02:00:00.000000000,68.49,69.66414
2022-09-09T03:00:00.000000000,69.84,72.05848
2022-09-09T04:00:00.000000000,70.53,76.09062
2022-09-09T05:00:00.000000000,75.1,80.62017
2022-09-09T06:00:00.000000000,81.13,85.38089
2022-09-09T07:00:00.000000000,87.17,90.0476
2022-09-09T08:00:00.000000000,91.83,93.85554
2022-09-09T09:00:00.000000000,100.44,96.90586
2022-09-09T10:00:00.000000000,102.44,99.0682
2022-09-09T11:00:00.000000000,99.14,99.83198
2022-09-09T12:00:00.000000000,100.64,98.77742
2022-09-09T13:00:00.000000000,98.37,96.49938
2022-09-09T14:00:00.000000000,92.58,93.44438
2022-09-09T15:00:00.000000000,87.48,90.78698
2022-09-09T16:00:00.000000000,87.16,88.60525
2022-09-09T17:00:00.000000000,87.36,86.35686
2022-09-09T18:00:00.000000000,86.24,83.96652
2022-09-09T19:00:00.000000000,83.64,81.34653
2022-09-09T20:00:00.000000000,75.85,78.61171
2022-09-09T21:00:00.000000000,74.15,76.66887
2022-09-09T22:00:00.000000000,72.49,74.85598
2022-09-09T23:00:00.000000000,70.66,73.67286
2022-09-10T00:00:00.000000000,66.86,71.18621
2022-09-10T01:00:00.000000000,67.21,70.59153
2022-09-10T02:00:00.000000000,68.82,71.52493
2022-09-10T03:00:00.000000000,69.46,74.33784
2022-09-10T04:00:00.000000000,74.68,79.17151
2022-09-10T05:00:00.000000000,78.65,84.63683
2022-09-10T06:00:00.000000000,90.56,90.22033
2022-09-10T07:00:00.000000000,93.52,95.42327
2022-09-10T08:00:00.000000000,97.8,99.3901
2022-09-10T09:00:00.000000000,100.17,102.32466
2022-09-10T10:00:00.000000000,103.35,104.18866
2022-09-10T11:00:00.000000000,108.1,104.50133
2022-09-10T12:00:00.000000000,109.43,102.72444
2022-09-10T13:00:00.000000000,108.28,99.61217
2022-09-10T14:00:00.000000000,103.97,95.79691
2022-09-10T15:00:00.000000000,98.66,92.75879
2022-09-10T16:00:00.000000000,96.54,90.47626
2022-09-10T17:00:00.000000000,94.88,88.30588
2022-09-10T18:00:00.000000000,92.66,86.0407
2022-09-10T19:00:00.000000000,91.24,83.49103
2022-09-10T20:00:00.000000000,83.86,80.68239
2022-09-10T21:00:00.000000000,79.83,78.60766
2022-09-10T22:00:00.000000000,74.29,76.65031
2022-09-10T23:00:00.000000000,72.78,75.38321
2022-09-08T00:00:00.000000000,65.8,64.23217
2022-09-08T01:00:00.000000000,64.13,64.01906
2022-09-08T02:00:00.000000000,64.34,64.42557
2022-09-08T03:00:00.000000000,65.15,65.67166
2022-09-08T04:00:00.000000000,67.27,68.18333
2022-09-08T05:00:00.000000000,70.88,71.74244
2022-09-08T06:00:00.000000000,77.22,75.67323
2022-09-08T07:00:00.000000000,81.07,79.39242
2022-09-08T08:00:00.000000000,87.1,82.06436
2022-09-08T09:00:00.000000000,88.17,84.33609
2022-09-08T10:00:00.000000000,92.52,86.16324
2022-09-08T11:00:00.000000000,93.15,86.93612
2022-09-08T12:00:00.000000000,93.58,85.82661
2022-09-08T13:00:00.000000000,89.44,83.58368
2022-09-08T14:00:00.000000000,79.52,80.64285
2022-09-08T15:00:00.000000000,79.47,78.08962
2022-09-08T16:00:00.000000000,80.45,76.13324
2022-09-08T17:00:00.000000000,81.13,74.23068
2022-09-08T18:00:00.000000000,80.87,72.55826
2022-09-08T19:00:00.000000000,80.77,71.00907
2022-09-08T20:00:00.000000000,74.8,69.5345
2022-09-08T21:00:00.000000000,72.4,68.4672
2022-09-08T22:00:00.000000000,71.02,67.5151
2022-09-08T23:00:00.000000000,69.05,67.25454
2022-09-09T00:00:00.000000000,66.13,66.95375
2022-09-09T01:00:00.000000000,67.69,65.81816
2022-09-09T02:00:00.000000000,68.49,65.81474
2022-09-09T03:00:00.000000000,69.84,67.29413
2022-09-09T04:00:00.000000000,70.53,70.11939
2022-09-09T05:00:00.000000000,75.1,73.6145
2022-09-09T06:00:00.000000000,81.13,77.69979
2022-09-09T07:00:00.000000000,87.17,82.12079
2022-09-09T08:00:00.000000000,91.83,86.00887
2022-09-09T09:00:00.000000000,100.44,89.32722
2022-09-09T10:00:00.000000000,102.44,91.69392
2022-09-09T11:00:00.000000000,99.14,92.63012
2022-09-09T12:00:00.000000000,100.64,91.85911
2022-09-09T13:00:00.000000000,98.37,90.01175
2022-09-09T14:00:00.000000000,92.58,87.52438
2022-09-09T15:00:00.000000000,87.48,85.19434
2022-09-09T16:00:00.000000000,87.16,83.32885
2022-09-09T17:00:00.000000000,87.36,81.40635
2022-09-09T18:00:00.000000000,86.24,79.54772
2022-09-09T19:00:00.000000000,83.64,77.61247
2022-09-09T20:00:00.000000000,75.85,75.66087
2022-09-09T21:00:00.000000000,74.15,74.31891
2022-09-09T22:00:00.000000000,72.49,72.85502
2022-09-09T23:00:00.000000000,70.66,71.62474
2022-09-10T00:00:00.000000000,66.86,69.78326
2022-09-10T01:00:00.000000000,67.21,68.70119
2022-09-10T02:00:00.000000000,68.82,68.90273
2022-09-10T03:00:00.000000000,69.46,70.86266
2022-09-10T04:00:00.000000000,74.68,74.50868
2022-09-10T05:00:00.000000000,78.65,78.762
2022-09-10T06:00:00.000000000,90.56,83.4319
2022-09-10T07:00:00.000000000,93.52,88.16902
2022-09-10T08:00:00.000000000,97.8,92.15952
2022-09-10T09:00:00.000000000,100.17,95.47825
2022-09-10T10:00:00.000000000,103.35,97.90087
2022-09-10T11:00:00.000000000,108.1,98.92181
2022-09-10T12:00:00.000000000,109.43,98.15075
2022-09-10T13:00:00.000000000,108.28,96.08987
2022-09-10T14:00:00.000000000,103.97,93.23709
2022-09-10T15:00:00.000000000,98.66,90.73737
2022-09-10T16:00:00.000000000,96.54,88.75295
2022-09-10T17:00:00.000000000,94.88,86.69877
2022-09-10T18:00:00.000000000,92.66,84.50855
2022-09-10T19:00:00.000000000,91.24,82.00239
2022-09-10T20:00:00.000000000,83.86,79.28192
2022-09-10T21:00:00.000000000,79.83,77.32088
2022-09-10T22:00:00.000000000,74.29,75.44007
2022-09-10T23:00:00.000000000,72.78,74.04982
2022-09-11T00:00:00.000000000,69.96,71.68169
2022-09-11T01:00:00.000000000,68.06,70.73188
2022-09-11T02:00:00.000000000,69.49,71.08111
2022-09-11T03:00:00.000000000,71.04,73.15386
2022-09-11T04:00:00.000000000,74.31,76.96755
2022-09-11T05:00:00.000000000,77.74,81.38047
2022-09-11T06:00:00.000000000,89.47,86.13617
2022-09-11T07:00:00.000000000,101.27,90.8272
2022-09-11T08:00:00.000000000,103.64,94.66657
2022-09-11T09:00:00.000000000,107.51,97.70163
2022-09-11T10:00:00.000000000,109.75,99.75933
2022-09-11T11:00:00.000000000,111.19,100.33175
2022-09-11T12:00:00.000000000,111.84,99.04793
2022-09-11T13:00:00.000000000,111.53,96.56471
2022-09-11T14:00:00.000000000,109.14,93.4088
2022-09-11T15:00:00.000000000,104.66,90.7995
2022-09-11T16:00:00.000000000,105.31,88.77636
2022-09-11T17:00:00.000000000,103.52,86.76439
2022-09-11T18:00:00.000000000,98.48,84.69237
2022-09-11T19:00:00.000000000,97.05,82.45922
2022-09-11T20:00:00.000000000,92.98,80.09449
2022-09-11T21:00:00.000000000,91.21,78.42251
2022-09-11T22:00:00.000000000,87.99,76.71083
2022-09-11T23:00:00.000000000,87.28,75.47957
2022-09-09T00:00:00.000000000,66.13,67.7833
2022-09-09T01:00:00.000000000,67.69,66.20541
2022-09-09T02:00:00.000000000,68.49,65.67274
2022-09-09T03:00:00.000000000,69.84,66.79017
2022-09-09T04:00:00.000000000,70.53,69.61799
2022-09-09T05:00:00.000000000,75.1,73.49559
2022-09-09T06:00:00.000000000,81.13,78.16106
2022-09-09T07:00:00.000000000,87.17,83.06607
2022-09-09T08:00:00.000000000,91.83,87.10465
2022-09-09T09:00:00.000000000,100.44,90.24897
2022-09-09T10:00:00.000000000,102.44,92.16637
2022-09-09T11:00:00.000000000,99.14,92.61949
2022-09-09T12:00:00.000000000,100.64,91.27998
2022-09-09T13:00:00.000000000,98.37,88.71102
2022-09-09T14:00:00.000000000,92.58,85.53522
2022-09-09T15:00:00.000000000,87.48,82.92869
2022-09-09T16:00:00.000000000,87.16,81.30937
2022-09-09T17:00:00.000000000,87.36,80.12588
2022-09-09T18:00:00.000000000,86.24,79.28285
2022-09-09T19:00:00.000000000,83.64,78.22189
2022-09-09T20:00:00.000000000,75.85,76.77704
2022-09-09T21:00:00.000000000,74.15,75.63248
2022-09-09T22:00:00.000000000,72.49,74.13233
2022-09-09T23:00:00.000000000,70.66,72.73622
2022-09-10T00:00:00.000000000,66.86,71.10239
2022-09-10T01:00:00.000000000,67.21,69.53759
2022-09-10T02:00:00.000000000,68.82,69.18763
2022-09-10T03:00:00.000000000,69.46,70.69092
2022-09-10T04:00:00.000000000,74.68,73.98274
2022-09-10T05:00:00.000000000,78.65,78.01011
2022-09-10T06:00:00.000000000,90.56,82.6055
2022-09-10T07:00:00.000000000,93.52,87.36177
2022-09-10T08:00:00.000000000,97.8,91.41975
2022-09-10T09:00:00.000000000,100.17,94.76345
2022-09-10T10:00:00.000000000,103.35,97.07597
2022-09-10T11:00:00.000000000,108.1,97.90438
2022-09-10T12:00:00.000000000,109.43,96.92281
2022-09-10T13:00:00.000000000,108.28,94.66723
2022-09-10T14:00:00.000000000,103.97,91.74662
2022-09-10T15:00:00.000000000,98.66,89.32614
2022-09-10T16:00:00.000000000,96.54,87.6437
2022-09-10T17:00:00.000000000,94.88,86.07021
2022-09-10T18:00:00.000000000,92.66,84.47805
2022-09-10T19:00:00.000000000,91.24,82.56182
2022-09-10T20:00:00.000000000,83.86,80.35561
2022-09-10T21:00:00.000000000,79.83,78.7694
2022-09-10T22:00:00.000000000,74.29,77.05465
2022-09-10T23:00:00.000000000,72.78,75.57288
2022-09-11T00:00:00.000000000,69.96,73.37309
2022-09-11T01:00:00.000000000,68.06,72.02297
2022-09-11T02:00:00.000000000,69.49,71.86372
2022-09-11T03:00:00.000000000,71.04,73.46496
2022-09-11T04:00:00.000000000,74.31,76.83573
2022-09-11T05:00:00.000000000,77.74,80.86985
2022-09-11T06:00:00.000000000,89.47,85.37018
2022-09-11T07:00:00.000000000,101.27,89.92604
2022-09-11T08:00:00.000000000,103.64,93.77593
2022-09-11T09:00:00.000000000,107.51,96.90143
2022-09-11T10:00:00.000000000,109.75,99.04435
2022-09-11T11:00:00.000000000,111.19,99.67611
2022-09-11T12:00:00.000000000,111.84,98.47818
2022-09-11T13:00:00.000000000,111.53,96.08088
2022-09-11T14:00:00.000000000,109.14,93.04795
2022-09-11T15:00:00.000000000,104.66,90.58317
2022-09-11T16:00:00.000000000,105.31,88.75102
2022-09-11T17:00:00.000000000,103.52,86.96652
2022-09-11T18:00:00.000000000,98.48,85.17232
2022-09-11T19:00:00.000000000,97.05,83.24559
2022-09-11T20:00:00.000000000,92.98,81.17727
2022-09-11T21:00:00.000000000,91.21,79.74927
2022-09-11T22:00:00.000000000,87.99,78.16904
2022-09-11T23:00:00.000000000,87.28,76.90263
2022-09-12T00:00:00.000000000,86.56,72.94981
2022-09-12T01:00:00.000000000,83.15,71.95981
2022-09-12T02:00:00.000000000,80.71,72.21052
2022-09-12T03:00:00.000000000,83.6,74.15958
2022-09-12T04:00:00.000000000,88.44,77.82421
2022-09-12T05:00:00.000000000,89.87,82.06988
2022-09-12T06:00:00.000000000,98.66,86.65634
2022-09-12T07:00:00.000000000,103.71,91.14093
2022-09-12T08:00:00.000000000,102.48,94.78278
2022-09-12T09:00:00.000000000,104.84,97.61956
2022-09-12T10:00:00.000000000,107.3,99.44513
2022-09-12T11:00:00.000000000,111.21,99.76761
2022-09-12T12:00:00.000000000,109.25,98.29129
2022-09-12T13:00:00.000000000,107.68,95.71057
2022-09-12T14:00:00.000000000,101.56,92.55568
2022-09-12T15:00:00.000000000,98.4,90.01921
2022-09-12T16:00:00.000000000,95.15,88.12544
2022-09-12T17:00:00.000000000,95.24,86.31187
2022-09-12T18:00:00.000000000,90.29,84.51645
2022-09-12T19:00:00.000000000,87.5,82.62226
2022-09-12T20:00:00.000000000,82.33,80.57137
2022-09-12T21:00:00.000000000,82.14,79.1417
2022-09-12T22:00:00.000000000,78.41,77.58998
2022-09-12T23:00:00.000000000,77.33,76.46977
2022-09-10T00:00:00.000000000,66.86,69.38037
2022-09-10T01:00:00.000000000,67.21,68.46331
2022-09-10T02:00:00.000000000,68.82,68.87803
2022-09-10T03:00:00.000000000,69.46,71.12757
2022-09-10T04:00:00.000000000,74.68,75.24186
2022-09-10T05:00:00.000000000,78.65,80.1099
2022-09-10T06:00:00.000000000,90.56,85.45653
2022-09-10T07:00:00.000000000,93.52,90.74831
2022-09-10T08:00:00.000000000,97.8,94.94197
2022-09-10T09:00:00.000000000,100.17,98.14984
2022-09-10T10:00:00.000000000,103.35,100.24856
2022-09-10T11:00:00.000000000,108.1,100.97331
2022-09-10T12:00:00.000000000,109.43,99.95483
2022-09-10T13:00:00.000000000,108.28,97.5765
2022-09-10T14:00:00.000000000,103.97,94.35733
2022-09-10T15:00:00.000000000,98.66,91.5789
2022-09-10T16:00:00.000000000,96.54,89.494
2022-09-10T17:00:00.000000000,94.88,87.58321
2022-09-10T18:00:00.000000000,92.66,85.67989
2022-09-10T19:00:00.000000000,91.24,83.27428
2022-09-10T20:00:00.000000000,83.86,80.30902
2022-09-10T21:00:00.000000000,79.83,77.94179
2022-09-10T22:00:00.000000000,74.29,75.67518
2022-09-10T23:00:00.000000000,72.78,74.08658
2022-09-11T00:00:00.000000000,69.96,72.31753
2022-09-11T01:00:00.000000000,68.06,71.47558
2022-09-11T02:00:00.000000000,69.49,71.9867
2022-09-11T03:00:00.000000000,71.04,74.29266
2022-09-11T04:00:00.000000000,74.31,78.4874
2022-09-11T05:00:00.000000000,77.74,83.31159
2022-09-11T06:00:00.000000000,89.47,88.41049
2022-09-11T07:00:00.000000000,101.27,93.31652
2022-09-11T08:00:00.000000000,103.64,97.21346
2022-09-11T09:00:00.000000000,107.51,100.19708
2022-09-11T10:00:00.000000000,109.75,102.17654
2022-09-11T11:00:00.000000000,111.19,102.66989
2022-09-11T12:00:00.000000000,111.84,101.23488
2022-09-11T13:00:00.000000000,111.53,98.50684
2022-09-11T14:00:00.000000000,109.14,95.04999
2022-09-11T15:00:00.000000000,104.66,92.23898
2022-09-11T16:00:00.000000000,105.31,90.08272
2022-09-11T17:00:00.000000000,103.52,87.9949
2022-09-11T18:00:00.000000000,98.48,85.84145
2022-09-11T19:00:00.000000000,97.05,83.46498
2022-09-11T20:00:00.000000000,92.98,80.87284
2022-09-11T21:00:00.000000000,91.21,78.99387
2022-09-11T22:00:00.000000000,87.99,77.16364
2022-09-11T23:00:00.000000000,87.28,75.92989
2022-09-12T00:00:00.000000000,86.56,72.7658
2022-09-12T01:00:00.000000000,83.15,72.05996
2022-09-12T02:00:00.000000000,80.71,72.77443
2022-09-12T03:00:00.000000000,83.6,75.26693
2022-09-12T04:00:00.000000000,88.44,79.62839
2022-09-12T05:00:00.000000000,89.87,84.57781
2022-09-12T06:00:00.000000000,98.66,89.75954
2022-09-12T07:00:00.000000000,103.71,94.65925
2022-09-12T08:00:00.000000000,102.48,98.44501
2022-09-12T09:00:00.000000000,104.84,101.16639
2022-09-12T10:00:00.000000000,107.3,102.71661
2022-09-12T11:00:00.000000000,111.21,102.68552
2022-09-12T12:00:00.000000000,109.25,100.74126
2022-09-12T13:00:00.000000000,107.68,97.67871
2022-09-12T14:00:00.000000000,101.56,94.10636
2022-09-12T15:00:00.000000000,98.4,91.32554
2022-09-12T16:00:00.000000000,95.15,89.27606
2022-09-12T17:00:00.000000000,95.24,87.34947
2022-09-12T18:00:00.000000000,90.29,85.43339
2022-09-12T19:00:00.000000000,87.5,83.39036
2022-09-12T20:00:00.000000000,82.33,81.13169
2022-09-12T21:00:00.000000000,82.14,79.47613
2022-09-12T22:00:00.000000000,78.41,77.71357
2022-09-12T23:00:00.000000000,77.33,76.48715
2022-09-13T00:00:00.000000000,75.87,72.15669
2022-09-13T01:00:00.000000000,73.37,71.49161
2022-09-13T02:00:00.000000000,72.92,72.13984
2022-09-13T03:00:00.000000000,76.01,74.44136
2022-09-13T04:00:00.000000000,74.57,78.44935
2022-09-13T05:00:00.000000000,83.41,82.99226
2022-09-13T06:00:00.000000000,100.33,87.76312
2022-09-13T07:00:00.000000000,102.8,92.28563
2022-09-13T08:00:00.000000000,100.44,95.80545
2022-09-13T09:00:00.000000000,101.36,98.42227
2022-09-13T10:00:00.000000000,101.21,99.95892
2022-09-13T11:00:00.000000000,102.41,99.95918
2022-09-13T12:00:00.000000000,98.98,98.14989
2022-09-13T13:00:00.000000000,97.25,95.34255
2022-09-13T14:00:00.000000000,93.97,92.09125
2022-09-13T15:00:00.000000000,93.68,89.51534
2022-09-13T16:00:00.000000000,97.09,87.5962
2022-09-13T17:00:00.000000000,95.02,85.77852
2022-09-13T18:00:00.000000000,93.15,84.00545
2022-09-13T19:00:00.000000000,92.66,82.15554
2022-09-13T20:00:00.000000000,91.34,80.12815
2022-09-13T21:00:00.000000000,90.26,78.66583
2022-09-13T22:00:00.000000000,86.49,77.07423
2022-09-13T23:00:00.000000000,84.95,76.00399
2022-09-11T00:00:00.000000000,69.96,71.44446
2022-09-11T01:00:00.000000000,68.06,71.17498
2022-09-11T02:00:00.000000000,69.49,72.24366
2022-09-11T03:00:00.000000000,71.04,75.04643
2022-09-11T04:00:00.000000000,74.31,80.02297
2022-09-11T05:00:00.000000000,77.74,85.98464
2022-09-11T06:00:00.000000000,89.47,92.3175
2022-09-11T07:00:00.000000000,101.27,98.3447
2022-09-11T08:00:00.000000000,103.64,102.86872
2022-09-11T09:00:00.000000000,107.51,106.04715
2022-09-11T10:00:00.000000000,109.75,108.01935
2022-09-11T11:00:00.000000000,111.19,108.52851
2022-09-11T12:00:00.000000000,111.84,106.89977
2022-09-11T13:00:00.000000000,111.53,103.58944
2022-09-11T14:00:00.000000000,109.14,99.05072
2022-09-11T15:00:00.000000000,104.66,95.10472
2022-09-11T16:00:00.000000000,105.31,91.94766
2022-09-11T17:00:00.000000000,103.52,89.22491
2022-09-11T18:00:00.000000000,98.48,86.77396
2022-09-11T19:00:00.000000000,97.05,84.05878
2022-09-11T20:00:00.000000000,92.98,80.92985
2022-09-11T21:00:00.000000000,91.21,78.46287
2022-09-11T22:00:00.000000000,87.99,76.31157
2022-09-11T23:00:00.000000000,87.28,75.16863
2022-09-12T00:00:00.000000000,86.56,72.18097
2022-09-12T01:00:00.000000000,83.15,71.74183
2022-09-12T02:00:00.000000000,80.71,72.72928
2022-09-12T03:00:00.000000000,83.6,75.47069
2022-09-12T04:00:00.000000000,88.44,80.15039
2022-09-12T05:00:00.000000000,89.87,85.49225
2022-09-12T06:00:00.000000000,98.66,91.07459
2022-09-12T07:00:00.000000000,103.71,96.29643
2022-09-12T08:00:00.000000000,102.48,100.19971
2022-09-12T09:00:00.000000000,104.84,102.85256
2022-09-12T10:00:00.000000000,107.3,104.21314
2022-09-12T11:00:00.000000000,111.21,103.9749
2022-09-12T12:00:00.000000000,109.25,101.80141
2022-09-12T13:00:00.000000000,107.68,98.47288
2022-09-12T14:00:00.000000000,101.56,94.58939
2022-09-12T15:00:00.000000000,98.4,91.50526
2022-09-12T16:00:00.000000000,95.15,89.21524
2022-09-12T17:00:00.000000000,95.24,87.19288
2022-09-12T18:00:00.000000000,90.29,85.31794
2022-09-12T19:00:00.000000000,87.5,83.30076
2022-09-12T20:00:00.000000000,82.33,80.97179
2022-09-12T21:00:00.000000000,82.14,79.18046
2022-09-12T22:00:00.000000000,78.41,77.32259
2022-09-12T23:00:00.000000000,77.33,76.13198
2022-09-13T00:00:00.000000000,75.87,71.96373
2022-09-13T01:00:00.000000000,73.37,71.35981
2022-09-13T02:00:00.000000000,72.92,72.129
2022-09-13T03:00:00.000000000,76.01,74.62012
2022-09-13T04:00:00.000000000,74.57,78.91728
2022-09-13T05:00:00.000000000,83.41,83.78791
2022-09-13T06:00:00.000000000,100.33,88.87817
2022-09-13T07:00:00.000000000,102.8,93.66681
2022-09-13T08:00:00.000000000,100.44,97.33158
2022-09-13T09:00:00.000000000,101.36,99.97289
2022-09-13T10:00:00.000000000,101.21,101.47664
2022-09-13T11:00:00.000000000,102.41,101.43889
2022-09-13T12:00:00.000000000,98.98,99.54686
2022-09-13T13:00:00.000000000,97.25,96.57173
2022-09-13T14:00:00.000000000,93.97,93.09025
2022-09-13T15:00:00.000000000,93.68,90.33969
2022-09-13T16:00:00.000000000,97.09,88.31295
2022-09-13T17:00:00.000000000,95.02,86.44611
2022-09-13T18:00:00.000000000,93.15,84.62596
2022-09-13T19:00:00.000000000,92.66,82.65535
2022-09-13T20:00:00.000000000,91.34,80.42727
2022-09-13T21:00:00.000000000,90.26,78.77435
2022-09-13T22:00:00.000000000,86.49,77.04142
2022-09-13T23:00:00.000000000,84.95,75.89452
2022-09-14T00:00:00.000000000,81.85,71.82551
2022-09-14T01:00:00.000000000,78.36,71.20498
2022-09-14T02:00:00.000000000,76.17,71.99695
2022-09-14T03:00:00.000000000,74.58,74.51901
2022-09-14T04:00:00.000000000,76.59,78.82718
2022-09-14T05:00:00.000000000,79.19,83.65087
2022-09-14T06:00:00.000000000,80.67,88.63794
2022-09-14T07:00:00.000000000,82.42,93.32956
2022-09-14T08:00:00.000000000,86.77,96.96255
2022-09-14T09:00:00.000000000,90.43,99.64388
2022-09-14T10:00:00.000000000,93.19,101.25427
2022-09-14T11:00:00.000000000,94.44,101.34025
2022-09-14T12:00:00.000000000,93.23,99.54466
2022-09-14T13:00:00.000000000,91.41,96.6545
2022-09-14T14:00:00.000000000,92.71,93.26591
2022-09-14T15:00:00.000000000,93.61,90.59996
2022-09-14T16:00:00.000000000,98.15,88.62195
2022-09-14T17:00:00.000000000,97.28,86.72263
2022-09-14T18:00:00.000000000,92.72,84.77309
2022-09-14T19:00:00.000000000,91.95,82.65619
2022-09-14T20:00:00.000000000,91.08,80.34504
2022-09-14T21:00:00.000000000,91.16,78.67225
2022-09-14T22:00:00.000000000,89.69,76.94891
2022-09-14T23:00:00.000000000,87.98,75.79245
2022-09-12T00:00:00.000000000,86.56,79.9298
2022-09-12T01:00:00.000000000,83.15,78.75001
2022-09-12T02:00:00.000000000,80.71,78.57362
2022-09-12T03:00:00.000000000,83.6,80.20006
2022-09-12T04:00:00.000000000,88.44,84.11448
2022-09-12T05:00:00.000000000,89.87,88.88062
2022-09-12T06:00:00.000000000,98.66,93.94731
2022-09-12T07:00:00.000000000,103.71,98.6302
2022-09-12T08:00:00.000000000,102.48,102.1891
2022-09-12T09:00:00.000000000,104.84,104.93143
2022-09-12T10:00:00.000000000,107.3,106.95575
2022-09-12T11:00:00.000000000,111.21,107.72668
2022-09-12T12:00:00.000000000,109.25,106.60207
2022-09-12T13:00:00.000000000,107.68,103.97344
2022-09-12T14:00:00.000000000,101.56,100.44531
2022-09-12T15:00:00.000000000,98.4,97.68536
2022-09-12T16:00:00.000000000,95.15,95.62702
2022-09-12T17:00:00.000000000,95.24,93.65025
2022-09-12T18:00:00.000000000,90.29,91.60655
2022-09-12T19:00:00.000000000,87.5,89.2041
2022-09-12T20:00:00.000000000,82.33,86.31069
2022-09-12T21:00:00.000000000,82.14,84.09323
2022-09-12T22:00:00.000000000,78.41,82.22043
2022-09-12T23:00:00.000000000,77.33,81.17781
2022-09-13T00:00:00.000000000,75.87,77.29914
2022-09-13T01:00:00.000000000,73.37,76.48906
2022-09-13T02:00:00.000000000,72.92,77.0778
2022-09-13T03:00:00.000000000,76.01,79.37747
2022-09-13T04:00:00.000000000,74.57,83.53665
2022-09-13T05:00:00.000000000,83.41,88.32504
2022-09-13T06:00:00.000000000,100.33,93.38845
2022-09-13T07:00:00.000000000,102.8,98.14165
2022-09-13T08:00:00.000000000,100.44,101.68939
2022-09-13T09:00:00.000000000,101.36,104.01261
2022-09-13T10:00:00.000000000,101.21,105.04349
2022-09-13T11:00:00.000000000,102.41,104.64611
2022-09-13T12:00:00.000000000,98.98,102.57906
2022-09-13T13:00:00.000000000,97.25,99.64225
2022-09-13T14:00:00.000000000,93.97,96.40909
2022-09-13T15:00:00.000000000,93.68,94.11098
2022-09-13T16:00:00.000000000,97.09,92.5438
2022-09-13T17:00:00.000000000,95.02,90.9549
2022-09-13T18:00:00.000000000,93.15,89.30779
2022-09-13T19:00:00.000000000,92.66,87.49682
2022-09-13T20:00:00.000000000,91.34,85.36291
2022-09-13T21:00:00.000000000,90.26,83.65232
2022-09-13T22:00:00.000000000,86.49,81.6543
2022-09-13T23:00:00.000000000,84.95,80.11351
2022-09-14T00:00:00.000000000,81.85,75.45462
2022-09-14T01:00:00.000000000,78.36,74.55593
2022-09-14T02:00:00.000000000,76.17,75.1484
2022-09-14T03:00:00.000000000,74.58,77.60159
2022-09-14T04:00:00.000000000,76.59,82.06373
2022-09-14T05:00:00.000000000,79.19,87.17538
2022-09-14T06:00:00.000000000,80.67,92.50986
2022-09-14T07:00:00.000000000,82.42,97.46215
2022-09-14T08:00:00.000000000,86.77,101.16041
2022-09-14T09:00:00.000000000,90.43,103.65819
2022-09-14T10:00:00.000000000,93.19,104.83677
2022-09-14T11:00:00.000000000,94.44,104.40944
2022-09-14T12:00:00.000000000,93.23,102.10193
2022-09-14T13:00:00.000000000,91.41,98.83287
2022-09-14T14:00:00.000000000,92.71,95.32365
2022-09-14T15:00:00.000000000,93.61,92.85137
2022-09-14T16:00:00.000000000,98.15,91.2509
2022-09-14T17:00:00.000000000,97.28,89.75464
2022-09-14T18:00:00.000000000,92.72,88.23041
2022-09-14T19:00:00.000000000,91.95,86.50961
2022-09-14T20:00:00.000000000,91.08,84.41243
2022-09-14T21:00:00.000000000,91.16,82.74365
2022-09-14T22:00:00.000000000,89.69,80.78446
2022-09-14T23:00:00.000000000,87.98,79.24956
2022-09-15T00:00:00.000000000,84.52,74.68383
2022-09-15T01:00:00.000000000,81.07,74.05276
2022-09-15T02:00:00.000000000,79.22,74.87705
2022-09-15T03:00:00.000000000,78.21,77.49811
2022-09-15T04:00:00.000000000,78.95,82.09759
2022-09-15T05:00:00.000000000,82.86,87.30713
2022-09-15T06:00:00.000000000,85.64,92.66733
2022-09-15T07:00:00.000000000,94.46,97.60672
2022-09-15T08:00:00.000000000,94.44,101.257
2022-09-15T09:00:00.000000000,97.14,103.71512
2022-09-15T10:00:00.000000000,100.03,104.83893
2022-09-15T11:00:00.000000000,99.96,104.31462
2022-09-15T12:00:00.000000000,99.23,101.84356
2022-09-15T13:00:00.000000000,96.5,98.36973
2022-09-15T14:00:00.000000000,96.58,94.60177
2022-09-15T15:00:00.000000000,95.15,91.7898
2022-09-15T16:00:00.000000000,95.23,89.86201
2022-09-15T17:00:00.000000000,95.82,88.15705
2022-09-15T18:00:00.000000000,93.9,86.55999
2022-09-15T19:00:00.000000000,94.35,84.85758
2022-09-15T20:00:00.000000000,93.6,82.87591
2022-09-15T21:00:00.000000000,93.1,81.38248
2022-09-15T22:00:00.000000000,92.64,79.69544
2022-09-15T23:00:00.000000000,91.07,78.4978
2022-09-13T00:00:00.000000000,75.87,76.08164
2022-09-13T01:00:00.000000000,73.37,75.78674
2022-09-13T02:00:00.000000000,72.92,76.79356
2022-09-13T03:00:00.000000000,76.01,79.17755
2022-09-13T04:00:00.000000000,74.57,83.14358
2022-09-13T05:00:00.000000000,83.41,87.74477
2022-09-13T06:00:00.000000000,100.33,92.75346
2022-09-13T07:00:00.000000000,102.8,97.57336
2022-09-13T08:00:00.000000000,100.44,101.2005
2022-09-13T09:00:00.000000000,101.36,103.51013
2022-09-13T10:00:00.000000000,101.21,104.51162
2022-09-13T11:00:00.000000000,102.41,104.23826
2022-09-13T12:00:00.000000000,98.98,102.52418
2022-09-13T13:00:00.000000000,97.25,100.07238
2022-09-13T14:00:00.000000000,93.97,97.27253
2022-09-13T15:00:00.000000000,93.68,95.16705
2022-09-13T16:00:00.000000000,97.09,93.38762
2022-09-13T17:00:00.000000000,95.02,91.35348
2022-09-13T18:00:00.000000000,93.15,89.27832
2022-09-13T19:00:00.000000000,92.66,87.16479
2022-09-13T20:00:00.000000000,91.34,84.80923
2022-09-13T21:00:00.000000000,90.26,82.7743
2022-09-13T22:00:00.000000000,86.49,80.3784
2022-09-13T23:00:00.000000000,84.95,78.65818
2022-09-14T00:00:00.000000000,81.85,75.07424
2022-09-14T01:00:00.000000000,78.36,74.53003
2022-09-14T02:00:00.000000000,76.17,75.47265
2022-09-14T03:00:00.000000000,74.58,78.13528
2022-09-14T04:00:00.000000000,76.59,82.68394
2022-09-14T05:00:00.000000000,79.19,87.82542
2022-09-14T06:00:00.000000000,80.67,93.13149
2022-09-14T07:00:00.000000000,82.42,98.0446
2022-09-14T08:00:00.000000000,86.77,101.68952
2022-09-14T09:00:00.000000000,90.43,104.13989
2022-09-14T10:00:00.000000000,93.19,105.33312
2022-09-14T11:00:00.000000000,94.44,105.04958
2022-09-14T12:00:00.000000000,93.23,102.98778
2022-09-14T13:00:00.000000000,91.41,99.98225
2022-09-14T14:00:00.000000000,92.71,96.61784
2022-09-14T15:00:00.000000000,93.61,94.14403
2022-09-14T16:00:00.000000000,98.15,92.3828
2022-09-14T17:00:00.000000000,97.28,90.6425
2022-09-14T18:00:00.000000000,92.72,88.84585
2022-09-14T19:00:00.000000000,91.95,86.84674
2022-09-14T20:00:00.000000000,91.08,84.46638
2022-09-14T21:00:00.000000000,91.16,82.52635
2022-09-14T22:00:00.000000000,89.69,80.39365
2022-09-14T23:00:00.000000000,87.98,78.87018
2022-09-15T00:00:00.000000000,84.52,75.07983
2022-09-15T01:00:00.000000000,81.07,74.51476
2022-09-15T02:00:00.000000000,79.22,75.47017
2022-09-15T03:00:00.000000000,78.21,78.19331
2022-09-15T04:00:00.000000000,78.95,82.84972
2022-09-15T05:00:00.000000000,82.86,88.1378
2022-09-15T06:00:00.000000000,85.64,93.61593
2022-09-15T07:00:00.000000000,94.46,98.68737
2022-09-15T08:00:00.000000000,94.44,102.40108
2022-09-15T09:00:00.000000000,97.14,104.78652
2022-09-15T10:00:00.000000000,100.03,105.74568
2022-09-15T11:00:00.000000000,99.96,105.13094
2022-09-15T12:00:00.000000000,99.23,102.68097
2022-09-15T13:00:00.000000000,96.5,99.31306
2022-09-15T14:00:00.000000000,96.58,95.67978
2022-09-15T15:00:00.000000000,95.15,93.03263
2022-09-15T16:00:00.000000000,95.23,91.21956
2022-09-15T17:00:00.000000000,95.82,89.53547
2022-09-15T18:00:00.000000000,93.9,87.89791
2022-09-15T19:00:00.000000000,94.35,86.11201
2022-09-15T20:00:00.000000000,93.6,83.99123
2022-09-15T21:00:00.000000000,93.1,82.28976
2022-09-15T22:00:00.000000000,92.64,80.30942
2022-09-15T23:00:00.000000000,91.07,78.83275
2022-09-16T00:00:00.000000000,86.0,73.52033
2022-09-16T01:00:00.000000000,82.13,73.11872
2022-09-16T02:00:00.000000000,80.73,74.18732
2022-09-16T03:00:00.000000000,79.7,76.99302
2022-09-16T04:00:00.000000000,81.69,81.67391
2022-09-16T05:00:00.000000000,83.92,86.8733
2022-09-16T06:00:00.000000000,82.81,92.13909
2022-09-16T07:00:00.000000000,90.08,96.95047
2022-09-16T08:00:00.000000000,90.73,100.49148
2022-09-16T09:00:00.000000000,91.04,102.89242
2022-09-16T10:00:00.000000000,91.22,104.00179
2022-09-16T11:00:00.000000000,89.08,103.45331
2022-09-16T12:00:00.000000000,89.73,100.97125
2022-09-16T13:00:00.000000000,89.2,97.55419
2022-09-16T14:00:00.000000000,83.11,93.87409
2022-09-16T15:00:00.000000000,78.55,91.06995
2022-09-16T16:00:00.000000000,76.06,89.04499
2022-09-16T17:00:00.000000000,75.67,87.18437
2022-09-16T18:00:00.000000000,73.35,85.42255
2022-09-16T19:00:00.000000000,74.47,83.61102
2022-09-16T20:00:00.000000000,75.08,81.60641
2022-09-16T21:00:00.000000000,75.11,80.13287
2022-09-16T22:00:00.000000000,74.91,78.50675
2022-09-16T23:00:00.000000000,74.92,77.43548
2022-09-14T00:00:00.000000000,81.85,77.5113
2022-09-14T01:00:00.000000000,78.36,76.32614
2022-09-14T02:00:00.000000000,76.17,76.43484
2022-09-14T03:00:00.000000000,74.58,78.49001
2022-09-14T04:00:00.000000000,76.59,82.6711
2022-09-14T05:00:00.000000000,79.19,87.33894
2022-09-14T06:00:00.000000000,80.67,91.97584
2022-09-14T07:00:00.000000000,82.42,96.04446
2022-09-14T08:00:00.000000000,86.77,99.11945
2022-09-14T09:00:00.000000000,90.43,101.51777
2022-09-14T10:00:00.000000000,93.19,103.16355
2022-09-14T11:00:00.000000000,94.44,103.40013
2022-09-14T12:00:00.000000000,93.23,101.69647
2022-09-14T13:00:00.000000000,91.41,98.75875
2022-09-14T14:00:00.000000000,92.71,95.40549
2022-09-14T15:00:00.000000000,93.61,93.10983
2022-09-14T16:00:00.000000000,98.15,91.68929
2022-09-14T17:00:00.000000000,97.28,90.33878
2022-09-14T18:00:00.000000000,92.72,88.72808
2022-09-14T19:00:00.000000000,91.95,86.73143
2022-09-14T20:00:00.000000000,91.08,84.33714
2022-09-14T21:00:00.000000000,91.16,82.66068
2022-09-14T22:00:00.000000000,89.69,81.09321
2022-09-14T23:00:00.000000000,87.98,80.09517
2022-09-15T00:00:00.000000000,84.52,75.99565
2022-09-15T01:00:00.000000000,81.07,75.17985
2022-09-15T02:00:00.000000000,79.22,75.84503
2022-09-15T03:00:00.000000000,78.21,78.26788
2022-09-15T04:00:00.000000000,78.95,82.49349
2022-09-15T05:00:00.000000000,82.86,87.27157
2022-09-15T06:00:00.000000000,85.64,92.24075
2022-09-15T07:00:00.000000000,94.46,96.87058
2022-09-15T08:00:00.000000000,94.44,100.32936
2022-09-15T09:00:00.000000000,97.14,102.60711
2022-09-15T10:00:00.000000000,100.03,103.54281
2022-09-15T11:00:00.000000000,99.96,102.94254
2022-09-15T12:00:00.000000000,99.23,100.59124
2022-09-15T13:00:00.000000000,96.5,97.4076
2022-09-15T14:00:00.000000000,96.58,94.00515
2022-09-15T15:00:00.000000000,95.15,91.60591
2022-09-15T16:00:00.000000000,95.23,90.06644
2022-09-15T17:00:00.000000000,95.82,88.61153
2022-09-15T18:00:00.000000000,93.9,87.1513
2022-09-15T19:00:00.000000000,94.35,85.59358
2022-09-15T20:00:00.000000000,93.6,83.77836
2022-09-15T21:00:00.000000000,93.1,82.40387
2022-09-15T22:00:00.000000000,92.64,80.67641
2022-09-15T23:00:00.000000000,91.07,79.28894
2022-09-16T00:00:00.000000000,86.0,73.87386
2022-09-16T01:00:00.000000000,82.13,72.95271
2022-09-16T02:00:00.000000000,80.73,73.42356
2022-09-16T03:00:00.000000000,79.7,75.66233
2022-09-16T04:00:00.000000000,81.69,79.73589
2022-09-16T05:00:00.000000000,83.92,84.38981
2022-09-16T06:00:00.000000000,82.81,89.26918
2022-09-16T07:00:00.000000000,90.08,93.85991
2022-09-16T08:00:00.000000000,90.73,97.39916
2022-09-16T09:00:00.000000000,91.04,99.9223
2022-09-16T10:00:00.000000000,91.22,101.17771
2022-09-16T11:00:00.000000000,89.08,100.74876
2022-09-16T12:00:00.000000000,89.73,98.42561
2022-09-16T13:00:00.000000000,89.2,95.18917
2022-09-16T14:00:00.000000000,83.11,91.73401
2022-09-16T15:00:00.000000000,78.55,89.2022
2022-09-16T16:00:00.000000000,76.06,87.50987
2022-09-16T17:00:00.000000000,75.67,86.00322
2022-09-16T18:00:00.000000000,73.35,84.60403
2022-09-16T19:00:00.000000000,74.47,83.1939
2022-09-16T20:00:00.000000000,75.08,81.58277
2022-09-16T21:00:00.000000000,75.11,80.4263
2022-09-16T22:00:00.000000000,74.91,78.93065
2022-09-16T23:00:00.000000000,74.92,77.75067
2022-09-17T00:00:00.000000000,72.64,73.33499
2022-09-17T01:00:00.000000000,72.58,72.58982
2022-09-17T02:00:00.000000000,73.27,73.22349
2022-09-17T03:00:00.000000000,74.47,75.59165
2022-09-17T04:00:00.000000000,78.05,79.77979
2022-09-17T05:00:00.000000000,81.33,84.49332
2022-09-17T06:00:00.000000000,88.25,89.37158
2022-09-17T07:00:00.000000000,92.53,93.93128
2022-09-17T08:00:00.000000000,96.99,97.44439
2022-09-17T09:00:00.000000000,98.87,99.98578
2022-09-17T10:00:00.000000000,101.27,101.35709
2022-09-17T11:00:00.000000000,103.31,101.13022
2022-09-17T12:00:00.000000000,104.27,99.02722
2022-09-17T13:00:00.000000000,101.95,95.92186
2022-09-17T14:00:00.000000000,93.21,92.47062
2022-09-17T15:00:00.000000000,91.24,89.85961
2022-09-17T16:00:00.000000000,90.07,88.03279
2022-09-17T17:00:00.000000000,89.14,86.38865
2022-09-17T18:00:00.000000000,88.36,84.80945
2022-09-17T19:00:00.000000000,87.67,83.14926
2022-09-17T20:00:00.000000000,87.38,81.26261
2022-09-17T21:00:00.000000000,87.83,79.90095
2022-09-17T22:00:00.000000000,87.7,78.3466
2022-09-17T23:00:00.000000000,85.98,77.25001
2022-09-15T00:00:00.000000000,84.52,85.23431
2022-09-15T01:00:00.000000000,81.07,82.99846
2022-09-15T02:00:00.000000000,79.22,81.87072
2022-09-15T03:00:00.000000000,78.21,82.47532
2022-09-15T04:00:00.000000000,78.95,84.86755
2022-09-15T05:00:00.000000000,82.86,88.02602
2022-09-15T06:00:00.000000000,85.64,91.75932
2022-09-15T07:00:00.000000000,94.46,95.5372
2022-09-15T08:00:00.000000000,94.44,98.63692
2022-09-15T09:00:00.000000000,97.14,100.94508
2022-09-15T10:00:00.000000000,100.03,102.07892
2022-09-15T11:00:00.000000000,99.96,102.01549
2022-09-15T12:00:00.000000000,99.23,100.74003
2022-09-15T13:00:00.000000000,96.5,98.93512
2022-09-15T14:00:00.000000000,96.58,97.08045
2022-09-15T15:00:00.000000000,95.15,96.11081
2022-09-15T16:00:00.000000000,95.23,95.71523
2022-09-15T17:00:00.000000000,95.82,94.98042
2022-09-15T18:00:00.000000000,93.9,94.0663
2022-09-15T19:00:00.000000000,94.35,92.97564
2022-09-15T20:00:00.000000000,93.6,91.54604
2022-09-15T21:00:00.000000000,93.1,90.27809
2022-09-15T22:00:00.000000000,92.64,88.30487
2022-09-15T23:00:00.000000000,91.07,86.25409
2022-09-16T00:00:00.000000000,86.0,82.20868
2022-09-16T01:00:00.000000000,82.13,80.58168
2022-09-16T02:00:00.000000000,80.73,80.14563
2022-09-16T03:00:00.000000000,79.7,81.34721
2022-09-16T04:00:00.000000000,81.69,84.29911
2022-09-16T05:00:00.000000000,83.92,87.97004
2022-09-16T06:00:00.000000000,82.81,92.12481
2022-09-16T07:00:00.000000000,90.08,96.13415
2022-09-16T08:00:00.000000000,90.73,99.21928
2022-09-16T09:00:00.000000000,91.04,101.30803
2022-09-16T10:00:00.000000000,91.22,102.20333
2022-09-16T11:00:00.000000000,89.08,101.84876
2022-09-16T12:00:00.000000000,89.73,100.16837
2022-09-16T13:00:00.000000000,89.2,97.92895
2022-09-16T14:00:00.000000000,83.11,95.66939
2022-09-16T15:00:00.000000000,78.55,94.44301
2022-09-16T16:00:00.000000000,76.06,93.90603
2022-09-16T17:00:00.000000000,75.67,93.11071
2022-09-16T18:00:00.000000000,73.35,92.12674
2022-09-16T19:00:00.000000000,74.47,90.97801
2022-09-16T20:00:00.000000000,75.08,89.4209
2022-09-16T21:00:00.000000000,75.11,88.01252
2022-09-16T22:00:00.000000000,74.91,85.93575
2022-09-16T23:00:00.000000000,74.92,83.97642
2022-09-17T00:00:00.000000000,72.64,80.29149
2022-09-17T01:00:00.000000000,72.58,79.08267
2022-09-17T02:00:00.000000000,73.27,79.26924
2022-09-17T03:00:00.000000000,74.47,81.1951
2022-09-17T04:00:00.000000000,78.05,84.95588
2022-09-17T05:00:00.000000000,81.33,89.34437
2022-09-17T06:00:00.000000000,88.25,94.02408
2022-09-17T07:00:00.000000000,92.53,98.34081
2022-09-17T08:00:00.000000000,96.99,101.46023
2022-09-17T09:00:00.000000000,98.87,103.37874
2022-09-17T10:00:00.000000000,101.27,104.06845
2022-09-17T11:00:00.000000000,103.31,103.55029
2022-09-17T12:00:00.000000000,104.27,101.66897
2022-09-17T13:00:00.000000000,101.95,99.14372
2022-09-17T14:00:00.000000000,93.21,96.49978
2022-09-17T15:00:00.000000000,91.24,94.98238
2022-09-17T16:00:00.000000000,90.07,94.30182
2022-09-17T17:00:00.000000000,89.14,93.50124
2022-09-17T18:00:00.000000000,88.36,92.45515
2022-09-17T19:00:00.000000000,87.67,91.04687
2022-09-17T20:00:00.000000000,87.38,89.0053
2022-09-17T21:00:00.000000000,87.83,87.15009
2022-09-17T22:00:00.000000000,87.7,84.82252
2022-09-17T23:00:00.000000000,85.98,82.85965
2022-09-18T00:00:00.000000000,81.21,78.87763
2022-09-18T01:00:00.000000000,79.23,77.67778
2022-09-18T02:00:00.000000000,78.79,77.76546
2022-09-18T03:00:00.000000000,79.13,79.58639
2022-09-18T04:00:00.000000000,82.4,83.26435
2022-09-18T05:00:00.000000000,84.94,87.57615
2022-09-18T06:00:00.000000000,93.57,92.14568
2022-09-18T07:00:00.000000000,98.32,96.36042
2022-09-18T08:00:00.000000000,97.18,99.47029
2022-09-18T09:00:00.000000000,96.21,101.50818
2022-09-18T10:00:00.000000000,96.09,102.30123
2022-09-18T11:00:00.000000000,99.11,101.6252
2022-09-18T12:00:00.000000000,97.99,99.29252
2022-09-18T13:00:00.000000000,98.59,96.21141
2022-09-18T14:00:00.000000000,95.24,93.06854
2022-09-18T15:00:00.000000000,94.46,91.04897
2022-09-18T16:00:00.000000000,93.92,89.99768
2022-09-18T17:00:00.000000000,93.69,89.06165
2022-09-18T18:00:00.000000000,93.55,88.14001
2022-09-18T19:00:00.000000000,92.46,87.09426
2022-09-18T20:00:00.000000000,92.12,85.67685
2022-09-18T21:00:00.000000000,95.36,84.55369
2022-09-18T22:00:00.000000000,92.37,82.96904
2022-09-18T23:00:00.000000000,93.76,81.60369
2022-09-16T00:00:00.000000000,86.0,87.9699
2022-09-16T01:00:00.000000000,82.13,85.62881
2022-09-16T02:00:00.000000000,80.73,83.8359
2022-09-16T03:00:00.000000000,79.7,83.55384
2022-09-16T04:00:00.000000000,81.69,85.19735
2022-09-16T05:00:00.000000000,83.92,87.93449
2022-09-16T06:00:00.000000000,82.81,91.57999
2022-09-16T07:00:00.000000000,90.08,95.48491
2022-09-16T08:00:00.000000000,90.73,98.79515
2022-09-16T09:00:00.000000000,91.04,101.44513
2022-09-16T10:00:00.000000000,91.22,103.05599
2022-09-16T11:00:00.000000000,89.08,103.50137
2022-09-16T12:00:00.000000000,89.73,102.71899
2022-09-16T13:00:00.000000000,89.2,101.14895
2022-09-16T14:00:00.000000000,83.11,99.24149
2022-09-16T15:00:00.000000000,78.55,97.92219
2022-09-16T16:00:00.000000000,76.06,97.05091
2022-09-16T17:00:00.000000000,75.67,96.05089
2022-09-16T18:00:00.000000000,73.35,95.26035
2022-09-16T19:00:00.000000000,74.47,94.41532
2022-09-16T20:00:00.000000000,75.08,93.12457
2022-09-16T21:00:00.000000000,75.11,91.88432
2022-09-16T22:00:00.000000000,74.91,90.07216
2022-09-16T23:00:00.000000000,74.92,88.36301
2022-09-17T00:00:00.000000000,72.64,86.00367
2022-09-17T01:00:00.000000000,72.58,84.08933
2022-09-17T02:00:00.000000000,73.27,83.13968
2022-09-17T03:00:00.000000000,74.47,83.82265
2022-09-17T04:00:00.000000000,78.05,86.44519
2022-09-17T05:00:00.000000000,81.33,90.00144
2022-09-17T06:00:00.000000000,88.25,94.23059
2022-09-17T07:00:00.000000000,92.53,98.47358
2022-09-17T08:00:00.000000000,96.99,101.81318
2022-09-17T09:00:00.000000000,98.87,104.17897
2022-09-17T10:00:00.000000000,101.27,105.34912
2022-09-17T11:00:00.000000000,103.31,105.39895
2022-09-17T12:00:00.000000000,104.27,104.19958
2022-09-17T13:00:00.000000000,101.95,102.25269
2022-09-17T14:00:00.000000000,93.21,100.02776
2022-09-17T15:00:00.000000000,91.24,98.66392
2022-09-17T16:00:00.000000000,90.07,97.92025
2022-09-17T17:00:00.000000000,89.14,97.00095
2022-09-17T18:00:00.000000000,88.36,96.04525
2022-09-17T19:00:00.000000000,87.67,94.8451
2022-09-17T20:00:00.000000000,87.38,93.06167
2022-09-17T21:00:00.000000000,87.83,91.3733
2022-09-17T22:00:00.000000000,87.7,89.14315
2022-09-17T23:00:00.000000000,85.98,87.12116
2022-09-18T00:00:00.000000000,81.21,84.55535
2022-09-18T01:00:00.000000000,79.23,82.71552
2022-09-18T02:00:00.000000000,78.79,81.92386
2022-09-18T03:00:00.000000000,79.13,82.79509
2022-09-18T04:00:00.000000000,82.4,85.56161
2022-09-18T05:00:00.000000000,84.94,89.20215
2022-09-18T06:00:00.000000000,93.57,93.45205
2022-09-18T07:00:00.000000000,98.32,97.60249
2022-09-18T08:00:00.000000000,97.18,100.77796
2022-09-18T09:00:00.000000000,96.21,102.89919
2022-09-18T10:00:00.000000000,96.09,103.77865
2022-09-18T11:00:00.000000000,99.11,103.45169
2022-09-18T12:00:00.000000000,97.99,101.82654
2022-09-18T13:00:00.000000000,98.59,99.54666
2022-09-18T14:00:00.000000000,95.24,97.1672
2022-09-18T15:00:00.000000000,94.46,95.83407
2022-09-18T16:00:00.000000000,93.92,95.28143
2022-09-18T17:00:00.000000000,93.69,94.60764
2022-09-18T18:00:00.000000000,93.55,93.87617
2022-09-18T19:00:00.000000000,92.46,92.92267
2022-09-18T20:00:00.000000000,92.12,91.41605
2022-09-18T21:00:00.000000000,95.36,89.98345
2022-09-18T22:00:00.000000000,92.37,87.89955
2022-09-18T23:00:00.000000000,93.76,85.93166
2022-09-19T00:00:00.000000000,89.57,82.47303
2022-09-19T01:00:00.000000000,88.8,80.92607
2022-09-19T02:00:00.000000000,88.02,80.65223
2022-09-19T03:00:00.000000000,88.88,82.17891
2022-09-19T04:00:00.000000000,91.05,85.76385
2022-09-19T05:00:00.000000000,94.25,90.23147
2022-09-19T06:00:00.000000000,96.18,95.18302
2022-09-19T07:00:00.000000000,100.99,99.81424
2022-09-19T08:00:00.000000000,104.05,103.12988
2022-09-19T09:00:00.000000000,106.97,105.15899
2022-09-19T10:00:00.000000000,109.04,105.89295
2022-09-19T11:00:00.000000000,110.09,105.45986
2022-09-19T12:00:00.000000000,106.46,103.67689
2022-09-19T13:00:00.000000000,101.2,101.15483
2022-09-19T14:00:00.000000000,103.96,98.4523
2022-09-19T15:00:00.000000000,96.1,96.93175
2022-09-19T16:00:00.000000000,104.99,96.34624
2022-09-19T17:00:00.000000000,106.82,95.73705
2022-09-19T18:00:00.000000000,105.56,94.97785
2022-09-19T19:00:00.000000000,104.24,93.74767
2022-09-19T20:00:00.000000000,103.52,91.66918
2022-09-19T21:00:00.000000000,101.53,89.62684
2022-09-19T22:00:00.000000000,96.02,87.0734
2022-09-19T23:00:00.000000000,94.3,84.8763
2022-09-17T00:00:00.000000000,72.64,77.17589
2022-09-17T01:00:00.000000000,72.58,76.19014
2022-09-17T02:00:00.000000000,73.27,75.68903
2022-09-17T03:00:00.000000000,74.47,76.00021
2022-09-17T04:00:00.000000000,78.05,77.56052
2022-09-17T05:00:00.000000000,81.33,80.18552
2022-09-17T06:00:00.000000000,88.25,83.87022
2022-09-17T07:00:00.000000000,92.53,87.93258
2022-09-17T08:00:00.000000000,96.99,91.40037
2022-09-17T09:00:00.000000000,98.87,94.13231
2022-09-17T10:00:00.000000000,101.27,95.73598
2022-09-17T11:00:00.000000000,103.31,95.91354
2022-09-17T12:00:00.000000000,104.27,94.68709
2022-09-17T13:00:00.000000000,101.95,92.83459
2022-09-17T14:00:00.000000000,93.21,90.74059
2022-09-17T15:00:00.000000000,91.24,89.03866
2022-09-17T16:00:00.000000000,90.07,87.55103
2022-09-17T17:00:00.000000000,89.14,85.96796
2022-09-17T18:00:00.000000000,88.36,84.94793
2022-09-17T19:00:00.000000000,87.67,84.47042
2022-09-17T20:00:00.000000000,87.38,83.91498
2022-09-17T21:00:00.000000000,87.83,83.18513
2022-09-17T22:00:00.000000000,87.7,81.51873
2022-09-17T23:00:00.000000000,85.98,80.09854
2022-09-18T00:00:00.000000000,81.21,79.91171
2022-09-18T01:00:00.000000000,79.23,78.49737
2022-09-18T02:00:00.000000000,78.79,77.84345
2022-09-18T03:00:00.000000000,79.13,78.40775
2022-09-18T04:00:00.000000000,82.4,80.45955
2022-09-18T05:00:00.000000000,84.94,83.42796
2022-09-18T06:00:00.000000000,93.57,87.23408
2022-09-18T07:00:00.000000000,98.32,91.2498
2022-09-18T08:00:00.000000000,97.18,94.61333
2022-09-18T09:00:00.000000000,96.21,97.17584
2022-09-18T10:00:00.000000000,96.09,98.58009
2022-09-18T11:00:00.000000000,99.11,98.59025
2022-09-18T12:00:00.000000000,97.99,97.21418
2022-09-18T13:00:00.000000000,98.59,95.20542
2022-09-18T14:00:00.000000000,95.24,93.02872
2022-09-18T15:00:00.000000000,94.46,91.48622
2022-09-18T16:00:00.000000000,93.92,90.38769
2022-09-18T17:00:00.000000000,93.69,89.17482
2022-09-18T18:00:00.000000000,93.55,88.24454
2022-09-18T19:00:00.000000000,92.46,87.55464
2022-09-18T20:00:00.000000000,92.12,86.64383
2022-09-18T21:00:00.000000000,95.36,85.71643
2022-09-18T22:00:00.000000000,92.37,83.96502
2022-09-18T23:00:00.000000000,93.76,82.3479
2022-09-19T00:00:00.000000000,89.57,80.4873
2022-09-19T01:00:00.000000000,88.8,79.07614
2022-09-19T02:00:00.000000000,88.02,78.70674
2022-09-19T03:00:00.000000000,88.88,79.81457
2022-09-19T04:00:00.000000000,91.05,82.63451
2022-09-19T05:00:00.000000000,94.25,86.31055
2022-09-19T06:00:00.000000000,96.18,90.67427
2022-09-19T07:00:00.000000000,100.99,95.05276
2022-09-19T08:00:00.000000000,104.05,98.52213
2022-09-19T09:00:00.000000000,106.97,100.9746
2022-09-19T10:00:00.000000000,109.04,102.18694
2022-09-19T11:00:00.000000000,110.09,102.0708
2022-09-19T12:00:00.000000000,106.46,100.58522
2022-09-19T13:00:00.000000000,101.2,98.44802
2022-09-19T14:00:00.000000000,103.96,96.17099
2022-09-19T15:00:00.000000000,96.1,94.72031
2022-09-19T16:00:00.000000000,104.99,93.82973
2022-09-19T17:00:00.000000000,106.82,92.77321
2022-09-19T18:00:00.000000000,105.56,91.7482
2022-09-19T19:00:00.000000000,104.24,90.64858
2022-09-19T20:00:00.000000000,103.52,89.07968
2022-09-19T21:00:00.000000000,101.53,87.53875
2022-09-19T22:00:00.000000000,96.02,85.28836
2022-09-19T23:00:00.000000000,94.3,83.2832
2022-09-20T00:00:00.000000000,89.54,80.79658
2022-09-20T01:00:00.000000000,82.48,79.65794
2022-09-20T02:00:00.000000000,80.06,79.50016
2022-09-20T03:00:00.000000000,80.27,80.7267
2022-09-20T04:00:00.000000000,85.34,83.61386
2022-09-20T05:00:00.000000000,90.98,87.27971
2022-09-20T06:00:00.000000000,98.71,91.53303
2022-09-20T07:00:00.000000000,99.82,95.76563
2022-09-20T08:00:00.000000000,101.98,99.12607
2022-09-20T09:00:00.000000000,98.4,101.54328
2022-09-20T10:00:00.000000000,94.82,102.81406
2022-09-20T11:00:00.000000000,93.9,102.82257
2022-09-20T12:00:00.000000000,95.8,101.48442
2022-09-20T13:00:00.000000000,94.7,99.45646
2022-09-20T14:00:00.000000000,93.22,97.15553
2022-09-20T15:00:00.000000000,92.03,95.55292
2022-09-20T16:00:00.000000000,95.04,94.37996
2022-09-20T17:00:00.000000000,96.14,93.03692
2022-09-20T18:00:00.000000000,93.22,91.77919
2022-09-20T19:00:00.000000000,90.36,90.50387
2022-09-20T20:00:00.000000000,89.38,88.81192
2022-09-20T21:00:00.000000000,89.35,87.22318
2022-09-20T22:00:00.000000000,87.85,85.07931
2022-09-20T23:00:00.000000000,85.15,83.33659
2022-09-18T00:00:00.000000000,81.21,85.61334
2022-09-18T01:00:00.000000000,79.23,83.51497
2022-09-18T02:00:00.000000000,78.79,82.1995
2022-09-18T03:00:00.000000000,79.13,82.47253
2022-09-18T04:00:00.000000000,82.4,84.62239
2022-09-18T05:00:00.000000000,84.94,87.82137
2022-09-18T06:00:00.000000000,93.57,91.86572
2022-09-18T07:00:00.000000000,98.32,96.01654
2022-09-18T08:00:00.000000000,97.18,99.32684
2022-09-18T09:00:00.000000000,96.21,101.65921
2022-09-18T10:00:00.000000000,96.09,102.75783
2022-09-18T11:00:00.000000000,99.11,102.61266
2022-09-18T12:00:00.000000000,97.99,101.08552
2022-09-18T13:00:00.000000000,98.59,98.67571
2022-09-18T14:00:00.000000000,95.24,95.90095
2022-09-18T15:00:00.000000000,94.46,94.08374
2022-09-18T16:00:00.000000000,93.92,93.22522
2022-09-18T17:00:00.000000000,93.69,92.53373
2022-09-18T18:00:00.000000000,93.55,92.09015
2022-09-18T19:00:00.000000000,92.46,91.56241
2022-09-18T20:00:00.000000000,92.12,90.55504
2022-09-18T21:00:00.000000000,95.36,89.637
2022-09-18T22:00:00.000000000,92.37,88.06866
2022-09-18T23:00:00.000000000,93.76,86.47357
2022-09-19T00:00:00.000000000,89.57,84.90291
2022-09-19T01:00:00.000000000,88.8,82.95735
2022-09-19T02:00:00.000000000,88.02,81.94528
2022-09-19T03:00:00.000000000,88.88,82.55637
2022-09-19T04:00:00.000000000,91.05,85.12296
2022-09-19T05:00:00.000000000,94.25,88.72244
2022-09-19T06:00:00.000000000,96.18,93.11609
2022-09-19T07:00:00.000000000,100.99,97.56682
2022-09-19T08:00:00.000000000,104.05,101.07587
2022-09-19T09:00:00.000000000,106.97,103.54411
2022-09-19T10:00:00.000000000,109.04,104.7196
2022-09-19T11:00:00.000000000,110.09,104.66583
2022-09-19T12:00:00.000000000,106.46,103.30116
2022-09-19T13:00:00.000000000,101.2,101.16907
2022-09-19T14:00:00.000000000,103.96,98.79554
2022-09-19T15:00:00.000000000,96.1,97.32197
2022-09-19T16:00:00.000000000,104.99,96.57509
2022-09-19T17:00:00.000000000,106.82,95.7943
2022-09-19T18:00:00.000000000,105.56,95.11676
2022-09-19T19:00:00.000000000,104.24,94.22446
2022-09-19T20:00:00.000000000,103.52,92.67492
2022-09-19T21:00:00.000000000,101.53,91.10172
2022-09-19T22:00:00.000000000,96.02,88.85598
2022-09-19T23:00:00.000000000,94.3,86.76709
2022-09-20T00:00:00.000000000,89.54,84.25953
2022-09-20T01:00:00.000000000,82.48,82.50958
2022-09-20T02:00:00.000000000,80.06,81.82717
2022-09-20T03:00:00.000000000,80.27,82.82413
2022-09-20T04:00:00.000000000,85.34,85.84704
2022-09-20T05:00:00.000000000,90.98,89.85521
2022-09-20T06:00:00.000000000,98.71,94.5308
2022-09-20T07:00:00.000000000,99.82,99.10807
2022-09-20T08:00:00.000000000,101.98,102.57723
2022-09-20T09:00:00.000000000,98.4,104.90437
2022-09-20T10:00:00.000000000,94.82,105.9519
2022-09-20T11:00:00.000000000,93.9,105.8274
2022-09-20T12:00:00.000000000,95.8,104.39408
2022-09-20T13:00:00.000000000,94.7,102.21626
2022-09-20T14:00:00.000000000,93.22,99.83322
2022-09-20T15:00:00.000000000,92.03,98.43654
2022-09-20T16:00:00.000000000,95.04,97.75218
2022-09-20T17:00:00.000000000,96.14,96.94687
2022-09-20T18:00:00.000000000,93.22,96.0926
2022-09-20T19:00:00.000000000,90.36,94.89947
2022-09-20T20:00:00.000000000,89.38,92.96711
2022-09-20T21:00:00.000000000,89.35,91.03097
2022-09-20T22:00:00.000000000,87.85,88.50773
2022-09-20T23:00:00.000000000,85.15,86.27767
2022-09-21T00:00:00.000000000,81.8,82.6248
2022-09-21T01:00:00.000000000,76.72,81.1371
2022-09-21T02:00:00.000000000,76.28,80.86282
2022-09-21T03:00:00.000000000,76.25,82.27443
2022-09-21T04:00:00.000000000,78.25,85.58859
2022-09-21T05:00:00.000000000,85.24,89.71811
2022-09-21T06:00:00.000000000,91.72,94.35324
2022-09-21T07:00:00.000000000,99.36,98.74398
2022-09-21T08:00:00.000000000,100.83,101.9436
2022-09-21T09:00:00.000000000,104.48,103.89727
2022-09-21T10:00:00.000000000,106.03,104.56403
2022-09-21T11:00:00.000000000,105.28,104.06187
2022-09-21T12:00:00.000000000,102.15,102.25495
2022-09-21T13:00:00.000000000,97.22,99.80245
2022-09-21T14:00:00.000000000,97.5,97.24753
2022-09-21T15:00:00.000000000,97.34,95.82347
2022-09-21T16:00:00.000000000,95.99,95.2121
2022-09-21T17:00:00.000000000,98.05,94.46
2022-09-21T18:00:00.000000000,96.32,93.54577
2022-09-21T19:00:00.000000000,95.98,92.316
2022-09-21T20:00:00.000000000,95.28,90.47329
2022-09-21T21:00:00.000000000,94.18,88.72938
2022-09-21T22:00:00.000000000,91.79,86.40593
2022-09-21T23:00:00.000000000,88.69,84.34493
2022-09-19T00:00:00.000000000,89.57,89.62938
2022-09-19T01:00:00.000000000,88.8,87.46513
2022-09-19T02:00:00.000000000,88.02,86.18172
2022-09-19T03:00:00.000000000,88.88,86.62132
2022-09-19T04:00:00.000000000,91.05,89.01491
2022-09-19T05:00:00.000000000,94.25,92.23096
2022-09-19T06:00:00.000000000,96.18,95.89574
2022-09-19T07:00:00.000000000,100.99,99.39252
2022-09-19T08:00:00.000000000,104.05,101.99628
2022-09-19T09:00:00.000000000,106.97,103.78851
2022-09-19T10:00:00.000000000,109.04,104.60748
2022-09-19T11:00:00.000000000,110.09,104.54931
2022-09-19T12:00:00.000000000,106.46,103.41734
2022-09-19T13:00:00.000000000,101.2,101.5472
2022-09-19T14:00:00.000000000,103.96,99.27332
2022-09-19T15:00:00.000000000,96.1,97.9459
2022-09-19T16:00:00.000000000,104.99,97.50175
2022-09-19T17:00:00.000000000,106.82,97.05379
2022-09-19T18:00:00.000000000,105.56,96.54627
2022-09-19T19:00:00.000000000,104.24,95.65897
2022-09-19T20:00:00.000000000,103.52,94.0873
2022-09-19T21:00:00.000000000,101.53,92.66693
2022-09-19T22:00:00.000000000,96.02,90.90213
2022-09-19T23:00:00.000000000,94.3,89.33068
2022-09-20T00:00:00.000000000,89.54,86.46388
2022-09-20T01:00:00.000000000,82.48,84.60212
2022-09-20T02:00:00.000000000,80.06,83.87052
2022-09-20T03:00:00.000000000,80.27,84.90545
2022-09-20T04:00:00.000000000,85.34,87.95456
2022-09-20T05:00:00.000000000,90.98,91.87602
2022-09-20T06:00:00.000000000,98.71,96.2946
2022-09-20T07:00:00.000000000,99.82,100.49861
2022-09-20T08:00:00.000000000,101.98,103.56138
2022-09-20T09:00:00.000000000,98.4,105.48396
2022-09-20T10:00:00.000000000,94.82,106.14728
2022-09-20T11:00:00.000000000,93.9,105.77915
2022-09-20T12:00:00.000000000,95.8,104.25002
2022-09-20T13:00:00.000000000,94.7,102.07333
2022-09-20T14:00:00.000000000,93.22,99.7111
2022-09-20T15:00:00.000000000,92.03,98.42927
2022-09-20T16:00:00.000000000,95.04,97.98299
2022-09-20T17:00:00.000000000,96.14,97.44208
2022-09-20T18:00:00.000000000,93.22,96.78294
2022-09-20T19:00:00.000000000,90.36,95.70288
2022-09-20T20:00:00.000000000,89.38,93.83913
2022-09-20T21:00:00.000000000,89.35,92.00651
2022-09-20T22:00:00.000000000,87.85,89.65401
2022-09-20T23:00:00.000000000,85.15,87.55018
2022-09-21T00:00:00.000000000,81.8,83.69403
2022-09-21T01:00:00.000000000,76.72,82.11207
2022-09-21T02:00:00.000000000,76.28,81.80202
2022-09-21T03:00:00.000000000,76.25,83.27288
2022-09-21T04:00:00.000000000,78.25,86.75763
2022-09-21T05:00:00.000000000,85.24,91.08081
2022-09-21T06:00:00.000000000,91.72,95.86151
2022-09-21T07:00:00.000000000,99.36,100.32106
2022-09-21T08:00:00.000000000,100.83,103.48783
2022-09-21T09:00:00.000000000,104.48,105.34791
2022-09-21T10:00:00.000000000,106.03,105.88326
2022-09-21T11:00:00.000000000,105.28,105.30664
2022-09-21T12:00:00.000000000,102.15,103.48176
2022-09-21T13:00:00.000000000,97.22,101.03042
2022-09-21T14:00:00.000000000,97.5,98.49497
2022-09-21T15:00:00.000000000,97.34,97.1568
2022-09-21T16:00:00.000000000,95.99,96.69306
2022-09-21T17:00:00.000000000,98.05,96.11376
2022-09-21T18:00:00.000000000,96.32,95.33864
2022-09-21T19:00:00.000000000,95.98,94.11827
2022-09-21T20:00:00.000000000,95.28,92.11585
2022-09-21T21:00:00.000000000,94.18,90.15191
2022-09-21T22:00:00.000000000,91.79,87.63574
2022-09-21T23:00:00.000000000,88.69,85.42384
2022-09-22T00:00:00.000000000,83.8,79.58326
2022-09-22T01:00:00.000000000,82.18,78.43199
2022-09-22T02:00:00.000000000,82.73,78.5301
2022-09-22T03:00:00.000000000,82.29,80.27434
2022-09-22T04:00:00.000000000,82.45,83.76573
2022-09-22T05:00:00.000000000,82.25,87.83157
2022-09-22T06:00:00.000000000,84.83,92.12795
2022-09-22T07:00:00.000000000,86.46,96.03769
2022-09-22T08:00:00.000000000,84.27,98.88136
2022-09-22T09:00:00.000000000,82.9,100.70678
2022-09-22T10:00:00.000000000,84.26,101.38968
2022-09-22T11:00:00.000000000,82.64,100.69795
2022-09-22T12:00:00.000000000,81.43,98.47831
2022-09-22T13:00:00.000000000,78.49,95.66451
2022-09-22T14:00:00.000000000,76.67,92.90849
2022-09-22T15:00:00.000000000,74.8,91.28794
2022-09-22T16:00:00.000000000,74.7,90.51425
2022-09-22T17:00:00.000000000,75.28,89.66746
2022-09-22T18:00:00.000000000,78.4,88.70676
2022-09-22T19:00:00.000000000,79.27,87.62585
2022-09-22T20:00:00.000000000,76.64,86.20113
2022-09-22T21:00:00.000000000,76.15,85.03341
2022-09-22T22:00:00.000000000,75.3,83.35238
2022-09-22T23:00:00.000000000,73.72,81.90859
2022-09-20T00:00:00.000000000,89.54,89.36256
2022-09-20T01:00:00.000000000,82.48,86.38211
2022-09-20T02:00:00.000000000,80.06,84.88057
2022-09-20T03:00:00.000000000,80.27,85.81914
2022-09-20T04:00:00.000000000,85.34,89.29839
2022-09-20T05:00:00.000000000,90.98,93.7506
2022-09-20T06:00:00.000000000,98.71,98.64788
2022-09-20T07:00:00.000000000,99.82,103.16533
2022-09-20T08:00:00.000000000,101.98,106.39485
2022-09-20T09:00:00.000000000,98.4,108.38313
2022-09-20T10:00:00.000000000,94.82,108.92182
2022-09-20T11:00:00.000000000,93.9,108.10099
2022-09-20T12:00:00.000000000,95.8,105.76359
2022-09-20T13:00:00.000000000,94.7,102.75371
2022-09-20T14:00:00.000000000,93.22,99.97436
2022-09-20T15:00:00.000000000,92.03,98.95848
2022-09-20T16:00:00.000000000,95.04,99.37972
2022-09-20T17:00:00.000000000,96.14,99.81782
2022-09-20T18:00:00.000000000,93.22,99.95457
2022-09-20T19:00:00.000000000,90.36,99.39266
2022-09-20T20:00:00.000000000,89.38,97.84065
2022-09-20T21:00:00.000000000,89.35,96.25857
2022-09-20T22:00:00.000000000,87.85,93.90369
2022-09-20T23:00:00.000000000,85.15,91.2884
2022-09-21T00:00:00.000000000,81.8,86.93961
2022-09-21T01:00:00.000000000,76.72,84.78573
2022-09-21T02:00:00.000000000,76.28,83.93826
2022-09-21T03:00:00.000000000,76.25,85.1694
2022-09-21T04:00:00.000000000,78.25,88.75
2022-09-21T05:00:00.000000000,85.24,93.279
2022-09-21T06:00:00.000000000,91.72,98.22387
2022-09-21T07:00:00.000000000,99.36,102.71483
2022-09-21T08:00:00.000000000,100.83,105.78196
2022-09-21T09:00:00.000000000,104.48,107.49128
2022-09-21T10:00:00.000000000,106.03,107.84809
2022-09-21T11:00:00.000000000,105.28,107.10052
2022-09-21T12:00:00.000000000,102.15,105.05209
2022-09-21T13:00:00.000000000,97.22,102.29752
2022-09-21T14:00:00.000000000,97.5,99.50182
2022-09-21T15:00:00.000000000,97.34,98.17642
2022-09-21T16:00:00.000000000,95.99,98.05735
2022-09-21T17:00:00.000000000,98.05,97.98586
2022-09-21T18:00:00.000000000,96.32,97.69742
2022-09-21T19:00:00.000000000,95.98,96.75758
2022-09-21T20:00:00.000000000,95.28,94.80574
2022-09-21T21:00:00.000000000,94.18,92.85786
2022-09-21T22:00:00.000000000,91.79,90.40333
2022-09-21T23:00:00.000000000,88.69,88.12534
2022-09-22T00:00:00.000000000,83.8,82.66365
2022-09-22T01:00:00.000000000,82.18,80.90852
2022-09-22T02:00:00.000000000,82.73,80.49138
2022-09-22T03:00:00.000000000,82.29,81.94939
2022-09-22T04:00:00.000000000,82.45,85.38551
2022-09-22T05:00:00.000000000,82.25,89.53006
2022-09-22T06:00:00.000000000,84.83,94.02639
2022-09-22T07:00:00.000000000,86.46,98.12262
2022-09-22T08:00:00.000000000,84.27,101.05788
2022-09-22T09:00:00.000000000,82.9,102.81473
2022-09-22T10:00:00.000000000,84.26,103.30417
2022-09-22T11:00:00.000000000,82.64,102.48096
2022-09-22T12:00:00.000000000,81.43,100.25617
2022-09-22T13:00:00.000000000,78.49,97.49575
2022-09-22T14:00:00.000000000,76.67,94.92587
2022-09-22T15:00:00.000000000,74.8,93.75017
2022-09-22T16:00:00.000000000,74.7,93.61123
2022-09-22T17:00:00.000000000,75.28,93.37999
2022-09-22T18:00:00.000000000,78.4,92.8973
2022-09-22T19:00:00.000000000,79.27,92.03963
2022-09-22T20:00:00.000000000,76.64,90.51736
2022-09-22T21:00:00.000000000,76.15,89.07035
2022-09-22T22:00:00.000000000,75.3,86.9346
2022-09-22T23:00:00.000000000,73.72,84.88156
2022-09-23T00:00:00.000000000,71.7,79.47012
2022-09-23T01:00:00.000000000,70.53,78.41377
2022-09-23T02:00:00.000000000,69.74,78.88198
2022-09-23T03:00:00.000000000,69.62,81.19523
2022-09-23T04:00:00.000000000,71.33,85.48156
2022-09-23T05:00:00.000000000,74.19,90.38415
2022-09-23T06:00:00.000000000,75.97,95.44617
2022-09-23T07:00:00.000000000,77.99,99.93207
2022-09-23T08:00:00.000000000,82.72,103.00278
2022-09-23T09:00:00.000000000,81.83,104.77287
2022-09-23T10:00:00.000000000,86.44,105.31351
2022-09-23T11:00:00.000000000,86.87,104.65963
2022-09-23T12:00:00.000000000,86.94,102.60339
2022-09-23T13:00:00.000000000,88.08,99.88559
2022-09-23T14:00:00.000000000,87.88,97.10269
2022-09-23T15:00:00.000000000,84.2,95.6088
2022-09-23T16:00:00.000000000,95.12,95.09535
2022-09-23T17:00:00.000000000,94.19,94.54858
2022-09-23T18:00:00.000000000,93.42,93.69672
2022-09-23T19:00:00.000000000,94.37,92.2803
2022-09-23T20:00:00.000000000,94.98,89.95077
2022-09-23T21:00:00.000000000,95.18,87.7228
2022-09-23T22:00:00.000000000,89.77,85.08465
2022-09-23T23:00:00.000000000,87.62,82.97173
2022-09-21T00:00:00.000000000,81.8,83.85112
2022-09-21T01:00:00.000000000,76.72,82.80756
2022-09-21T02:00:00.000000000,76.28,83.01623
2022-09-21T03:00:00.000000000,76.25,84.75008
2022-09-21T04:00:00.000000000,78.25,88.11974
2022-09-21T05:00:00.000000000,85.24,91.9634
2022-09-21T06:00:00.000000000,91.72,95.96192
2022-09-21T07:00:00.000000000,99.36,99.48294
2022-09-21T08:00:00.000000000,100.83,101.81545
2022-09-21T09:00:00.000000000,104.48,103.10695
2022-09-21T10:00:00.000000000,106.03,103.38913
2022-09-21T11:00:00.000000000,105.28,102.85855
2022-09-21T12:00:00.000000000,102.15,101.48604
2022-09-21T13:00:00.000000000,97.22,99.92438
2022-09-21T14:00:00.000000000,97.5,98.48702
2022-09-21T15:00:00.000000000,97.34,97.99398
2022-09-21T16:00:00.000000000,95.99,97.88686
2022-09-21T17:00:00.000000000,98.05,97.21153
2022-09-21T18:00:00.000000000,96.32,96.05374
2022-09-21T19:00:00.000000000,95.98,94.4394
2022-09-21T20:00:00.000000000,95.28,92.14768
2022-09-21T21:00:00.000000000,94.18,89.90911
2022-09-21T22:00:00.000000000,91.79,87.2288
2022-09-21T23:00:00.000000000,88.69,85.11573
2022-09-22T00:00:00.000000000,83.8,80.85912
2022-09-22T01:00:00.000000000,82.18,79.48376
2022-09-22T02:00:00.000000000,82.73,79.51417
2022-09-22T03:00:00.000000000,82.29,81.22424
2022-09-22T04:00:00.000000000,82.45,84.61061
2022-09-22T05:00:00.000000000,82.25,88.54972
2022-09-22T06:00:00.000000000,84.83,92.75521
2022-09-22T07:00:00.000000000,86.46,96.58274
2022-09-22T08:00:00.000000000,84.27,99.33307
2022-09-22T09:00:00.000000000,82.9,100.97904
2022-09-22T10:00:00.000000000,84.26,101.38317
2022-09-22T11:00:00.000000000,82.64,100.52854
2022-09-22T12:00:00.000000000,81.43,98.40787
2022-09-22T13:00:00.000000000,78.49,95.99065
2022-09-22T14:00:00.000000000,76.67,93.86385
2022-09-22T15:00:00.000000000,74.8,92.98008
2022-09-22T16:00:00.000000000,74.7,92.82482
2022-09-22T17:00:00.000000000,75.28,92.30146
2022-09-22T18:00:00.000000000,78.4,91.42635
2022-09-22T19:00:00.000000000,79.27,90.33348
2022-09-22T20:00:00.000000000,76.64,88.80416
2022-09-22T21:00:00.000000000,76.15,87.3537
2022-09-22T22:00:00.000000000,75.3,85.12733
2022-09-22T23:00:00.000000000,73.72,83.03018
2022-09-23T00:00:00.000000000,71.7,78.1838
2022-09-23T01:00:00.000000000,70.53,76.77336
2022-09-23T02:00:00.000000000,69.74,76.8916
2022-09-23T03:00:00.000000000,69.62,78.91292
2022-09-23T04:00:00.000000000,71.33,82.86618
2022-09-23T05:00:00.000000000,74.19,87.44433
2022-09-23T06:00:00.000000000,75.97,92.29409
2022-09-23T07:00:00.000000000,77.99,96.74779
2022-09-23T08:00:00.000000000,82.72,100.02076
2022-09-23T09:00:00.000000000,81.83,102.15248
2022-09-23T10:00:00.000000000,86.44,103.0592
2022-09-23T11:00:00.000000000,86.87,102.57931
2022-09-23T12:00:00.000000000,86.94,100.5591
2022-09-23T13:00:00.000000000,88.08,97.88283
2022-09-23T14:00:00.000000000,87.88,95.2295
2022-09-23T15:00:00.000000000,84.2,93.83253
2022-09-23T16:00:00.000000000,95.12,93.35783
2022-09-23T17:00:00.000000000,94.19,92.76759
2022-09-23T18:00:00.000000000,93.42,91.85627
2022-09-23T19:00:00.000000000,94.37,90.52052
2022-09-23T20:00:00.000000000,94.98,88.50249
2022-09-23T21:00:00.000000000,95.18,86.64326
2022-09-23T22:00:00.000000000,89.77,84.2119
2022-09-23T23:00:00.000000000,87.62,82.04988
2022-09-24T00:00:00.000000000,84.99,79.43389
2022-09-24T01:00:00.000000000,79.65,78.34959
2022-09-24T02:00:00.000000000,79.54,78.74596
2022-09-24T03:00:00.000000000,79.2,80.92809
2022-09-24T04:00:00.000000000,81.75,85.12514
2022-09-24T05:00:00.000000000,84.51,90.13607
2022-09-24T06:00:00.000000000,90.25,95.52872
2022-09-24T07:00:00.000000000,95.25,100.46167
2022-09-24T08:00:00.000000000,97.81,103.87804
2022-09-24T09:00:00.000000000,99.93,105.84867
2022-09-24T10:00:00.000000000,102.33,106.4639
2022-09-24T11:00:00.000000000,103.74,105.89279
2022-09-24T12:00:00.000000000,102.81,103.95249
2022-09-24T13:00:00.000000000,102.2,101.36149
2022-09-24T14:00:00.000000000,112.29,98.6872
2022-09-24T15:00:00.000000000,112.34,97.24666
2022-09-24T16:00:00.000000000,116.8,96.66742
2022-09-24T17:00:00.000000000,116.7,95.96143
2022-09-24T18:00:00.000000000,114.02,94.98364
2022-09-24T19:00:00.000000000,112.72,93.45062
2022-09-24T20:00:00.000000000,106.64,90.98511
2022-09-24T21:00:00.000000000,105.71,88.50244
2022-09-24T22:00:00.000000000,100.78,85.49095
2022-09-24T23:00:00.000000000,94.8,83.0197
2022-09-22T00:00:00.000000000,83.8,81.64381
2022-09-22T01:00:00.000000000,82.18,79.41932
2022-09-22T02:00:00.000000000,82.73,78.20258
2022-09-22T03:00:00.000000000,82.29,78.9459
2022-09-22T04:00:00.000000000,82.45,81.8106
2022-09-22T05:00:00.000000000,82.25,85.49551
2022-09-22T06:00:00.000000000,84.83,89.70323
2022-09-22T07:00:00.000000000,86.46,93.73324
2022-09-22T08:00:00.000000000,84.27,96.94893
2022-09-22T09:00:00.000000000,82.9,99.34617
2022-09-22T10:00:00.000000000,84.26,100.70023
2022-09-22T11:00:00.000000000,82.64,100.51411
2022-09-22T12:00:00.000000000,81.43,98.65495
2022-09-22T13:00:00.000000000,78.49,95.94023
2022-09-22T14:00:00.000000000,76.67,93.20195
2022-09-22T15:00:00.000000000,74.8,91.602
2022-09-22T16:00:00.000000000,74.7,90.98857
2022-09-22T17:00:00.000000000,75.28,90.50615
2022-09-22T18:00:00.000000000,78.4,90.00733
2022-09-22T19:00:00.000000000,79.27,89.25638
2022-09-22T20:00:00.000000000,76.64,88.01281
2022-09-22T21:00:00.000000000,76.15,87.01698
2022-09-22T22:00:00.000000000,75.3,85.49783
2022-09-22T23:00:00.000000000,73.72,83.9871
2022-09-23T00:00:00.000000000,71.7,78.64658
2022-09-23T01:00:00.000000000,70.53,76.92293
2022-09-23T02:00:00.000000000,69.74,76.5147
2022-09-23T03:00:00.000000000,69.62,77.99466
2022-09-23T04:00:00.000000000,71.33,81.45281
2022-09-23T05:00:00.000000000,74.19,85.66282
2022-09-23T06:00:00.000000000,75.97,90.34658
2022-09-23T07:00:00.000000000,77.99,94.87173
2022-09-23T08:00:00.000000000,82.72,98.44632
2022-09-23T09:00:00.000000000,81.83,101.03743
2022-09-23T10:00:00.000000000,86.44,102.45397
2022-09-23T11:00:00.000000000,86.87,102.37795
2022-09-23T12:00:00.000000000,86.94,100.61825
2022-09-23T13:00:00.000000000,88.08,97.9584
2022-09-23T14:00:00.000000000,87.88,95.09751
2022-09-23T15:00:00.000000000,84.2,93.32945
2022-09-23T16:00:00.000000000,95.12,92.46475
2022-09-23T17:00:00.000000000,94.19,91.61327
2022-09-23T18:00:00.000000000,93.42,90.63503
2022-09-23T19:00:00.000000000,94.37,89.38496
2022-09-23T20:00:00.000000000,94.98,87.60245
2022-09-23T21:00:00.000000000,95.18,86.07321
2022-09-23T22:00:00.000000000,89.77,84.00956
2022-09-23T23:00:00.000000000,87.62,82.10953
2022-09-24T00:00:00.000000000,84.99,80.32939
2022-09-24T01:00:00.000000000,79.65,78.89311
2022-09-24T02:00:00.000000000,79.54,78.74734
2022-09-24T03:00:00.000000000,79.2,80.33335
2022-09-24T04:00:00.000000000,81.75,83.91998
2022-09-24T05:00:00.000000000,84.51,88.44975
2022-09-24T06:00:00.000000000,90.25,93.58771
2022-09-24T07:00:00.000000000,95.25,98.53385
2022-09-24T08:00:00.000000000,97.81,102.21005
2022-09-24T09:00:00.000000000,99.93,104.59109
2022-09-24T10:00:00.000000000,102.33,105.60615
2022-09-24T11:00:00.000000000,103.74,105.34099
2022-09-24T12:00:00.000000000,102.81,103.64045
2022-09-24T13:00:00.000000000,102.2,101.18444
2022-09-24T14:00:00.000000000,112.29,98.54306
2022-09-24T15:00:00.000000000,112.34,96.97155
2022-09-24T16:00:00.000000000,116.8,96.17985
2022-09-24T17:00:00.000000000,116.7,95.28888
2022-09-24T18:00:00.000000000,114.02,94.28682
2022-09-24T19:00:00.000000000,112.72,92.90637
2022-09-24T20:00:00.000000000,106.64,90.77188
2022-09-24T21:00:00.000000000,105.71,88.64989
2022-09-24T22:00:00.000000000,100.78,85.91776
2022-09-24T23:00:00.000000000,94.8,83.54498
2022-09-25T00:00:00.000000000,86.86,81.29491
2022-09-25T01:00:00.000000000,80.59,80.06263
2022-09-25T02:00:00.000000000,80.25,80.2622
2022-09-25T03:00:00.000000000,80.79,82.32395
2022-09-25T04:00:00.000000000,84.52,86.57068
2022-09-25T05:00:00.000000000,89.27,91.72664
2022-09-25T06:00:00.000000000,100.25,97.25736
2022-09-25T07:00:00.000000000,103.89,102.27129
2022-09-25T08:00:00.000000000,107.29,105.68158
2022-09-25T09:00:00.000000000,110.18,107.62689
2022-09-25T10:00:00.000000000,110.91,108.2606
2022-09-25T11:00:00.000000000,120.62,107.78705
2022-09-25T12:00:00.000000000,114.46,105.92496
2022-09-25T13:00:00.000000000,112.68,103.29211
2022-09-25T14:00:00.000000000,109.7,100.45459
2022-09-25T15:00:00.000000000,107.38,98.89696
2022-09-25T16:00:00.000000000,107.88,98.28793
2022-09-25T17:00:00.000000000,107.56,97.61935
2022-09-25T18:00:00.000000000,103.93,96.68375
2022-09-25T19:00:00.000000000,101.7,95.08872
2022-09-25T20:00:00.000000000,96.39,92.45037
2022-09-25T21:00:00.000000000,93.61,89.81048
2022-09-25T22:00:00.000000000,87.28,86.77133
2022-09-25T23:00:00.000000000,84.87,84.33141
2022-09-23T00:00:00.000000000,71.7,73.09604
2022-09-23T01:00:00.000000000,70.53,71.23201
2022-09-23T02:00:00.000000000,69.74,70.64317
2022-09-23T03:00:00.000000000,69.62,71.58933
2022-09-23T04:00:00.000000000,71.33,74.06218
2022-09-23T05:00:00.000000000,74.19,77.38654
2022-09-23T06:00:00.000000000,75.97,81.24436
2022-09-23T07:00:00.000000000,77.99,85.04432
2022-09-23T08:00:00.000000000,82.72,88.01428
2022-09-23T09:00:00.000000000,81.83,89.95921
2022-09-23T10:00:00.000000000,86.44,90.5138
2022-09-23T11:00:00.000000000,86.87,89.63375
2022-09-23T12:00:00.000000000,86.94,87.38595
2022-09-23T13:00:00.000000000,88.08,84.85952
2022-09-23T14:00:00.000000000,87.88,82.69786
2022-09-23T15:00:00.000000000,84.2,81.67467
2022-09-23T16:00:00.000000000,95.12,81.61297
2022-09-23T17:00:00.000000000,94.19,81.65336
2022-09-23T18:00:00.000000000,93.42,81.78777
2022-09-23T19:00:00.000000000,94.37,81.89072
2022-09-23T20:00:00.000000000,94.98,81.62098
2022-09-23T21:00:00.000000000,95.18,81.05133
2022-09-23T22:00:00.000000000,89.77,79.30688
2022-09-23T23:00:00.000000000,87.62,77.27973
2022-09-24T00:00:00.000000000,84.99,76.26064
2022-09-24T01:00:00.000000000,79.65,74.63038
2022-09-24T02:00:00.000000000,79.54,74.23927
2022-09-24T03:00:00.000000000,79.2,75.50962
2022-09-24T04:00:00.000000000,81.75,78.57039
2022-09-24T05:00:00.000000000,84.51,82.52704
2022-09-24T06:00:00.000000000,90.25,87.17859
2022-09-24T07:00:00.000000000,95.25,91.82261
2022-09-24T08:00:00.000000000,97.81,95.51912
2022-09-24T09:00:00.000000000,99.93,98.16645
2022-09-24T10:00:00.000000000,102.33,99.501
2022-09-24T11:00:00.000000000,103.74,99.27491
2022-09-24T12:00:00.000000000,102.81,97.41728
2022-09-24T13:00:00.000000000,102.2,94.86223
2022-09-24T14:00:00.000000000,112.29,92.30077
2022-09-24T15:00:00.000000000,112.34,90.76961
2022-09-24T16:00:00.000000000,116.8,90.04319
2022-09-24T17:00:00.000000000,116.7,89.26691
2022-09-24T18:00:00.000000000,114.02,88.4851
2022-09-24T19:00:00.000000000,112.72,87.59409
2022-09-24T20:00:00.000000000,106.64,86.25368
2022-09-24T21:00:00.000000000,105.71,84.92587
2022-09-24T22:00:00.000000000,100.78,82.74133
2022-09-24T23:00:00.000000000,94.8,80.59166
2022-09-25T00:00:00.000000000,86.86,78.88252
2022-09-25T01:00:00.000000000,80.59,77.60856
2022-09-25T02:00:00.000000000,80.25,77.73291
2022-09-25T03:00:00.000000000,80.79,79.65967
2022-09-25T04:00:00.000000000,84.52,83.61216
2022-09-25T05:00:00.000000000,89.27,88.41987
2022-09-25T06:00:00.000000000,100.25,93.68831
2022-09-25T07:00:00.000000000,103.89,98.63734
2022-09-25T08:00:00.000000000,107.29,102.25706
2022-09-25T09:00:00.000000000,110.18,104.60189
2022-09-25T10:00:00.000000000,110.91,105.6793
2022-09-25T11:00:00.000000000,120.62,105.46957
2022-09-25T12:00:00.000000000,114.46,103.72565
2022-09-25T13:00:00.000000000,112.68,101.13926
2022-09-25T14:00:00.000000000,109.7,98.303
2022-09-25T15:00:00.000000000,107.38,96.59929
2022-09-25T16:00:00.000000000,107.88,95.78557
2022-09-25T17:00:00.000000000,107.56,94.93123
2022-09-25T18:00:00.000000000,103.93,93.88244
2022-09-25T19:00:00.000000000,101.7,92.35181
2022-09-25T20:00:00.000000000,96.39,89.995
2022-09-25T21:00:00.000000000,93.61,87.73074
2022-09-25T22:00:00.000000000,87.28,84.99034
2022-09-25T23:00:00.000000000,84.87,82.70768
2022-09-26T00:00:00.000000000,80.65,79.55994
2022-09-26T01:00:00.000000000,78.27,78.78682
2022-09-26T02:00:00.000000000,74.84,79.52882
2022-09-26T03:00:00.000000000,75.99,82.06507
2022-09-26T04:00:00.000000000,81.36,86.67621
2022-09-26T05:00:00.000000000,87.3,92.01432
2022-09-26T06:00:00.000000000,99.77,97.52182
2022-09-26T07:00:00.000000000,107.48,102.35991
2022-09-26T08:00:00.000000000,110.58,105.55831
2022-09-26T09:00:00.000000000,111.98,107.30482
2022-09-26T10:00:00.000000000,115.8,107.85274
2022-09-26T11:00:00.000000000,116.17,107.3434
2022-09-26T12:00:00.000000000,111.85,105.44522
2022-09-26T13:00:00.000000000,101.48,102.77491
2022-09-26T14:00:00.000000000,97.73,99.8664
2022-09-26T15:00:00.000000000,94.22,98.22707
2022-09-26T16:00:00.000000000,93.9,97.51798
2022-09-26T17:00:00.000000000,94.79,96.74879
2022-09-26T18:00:00.000000000,93.42,95.6354
2022-09-26T19:00:00.000000000,92.13,93.83161
2022-09-26T20:00:00.000000000,87.43,90.9681
2022-09-26T21:00:00.000000000,84.7,88.18661
2022-09-26T22:00:00.000000000,83.8,85.15637
2022-09-26T23:00:00.000000000,79.05,82.91677
2022-09-24T00:00:00.000000000,84.99,86.41861
2022-09-24T01:00:00.000000000,79.65,83.90495
2022-09-24T02:00:00.000000000,79.54,82.60691
2022-09-24T03:00:00.000000000,79.2,83.25509
2022-09-24T04:00:00.000000000,81.75,85.89725
2022-09-24T05:00:00.000000000,84.51,89.46586
2022-09-24T06:00:00.000000000,90.25,93.66347
2022-09-24T07:00:00.000000000,95.25,97.89711
2022-09-24T08:00:00.000000000,97.81,101.25208
2022-09-24T09:00:00.000000000,99.93,103.72609
2022-09-24T10:00:00.000000000,102.33,104.91497
2022-09-24T11:00:00.000000000,103.74,104.88644
2022-09-24T12:00:00.000000000,102.81,103.57208
2022-09-24T13:00:00.000000000,102.2,101.64502
2022-09-24T14:00:00.000000000,112.29,99.614
2022-09-24T15:00:00.000000000,112.34,98.60861
2022-09-24T16:00:00.000000000,116.8,98.38484
2022-09-24T17:00:00.000000000,116.7,97.95914
2022-09-24T18:00:00.000000000,114.02,97.40182
2022-09-24T19:00:00.000000000,112.72,96.46005
2022-09-24T20:00:00.000000000,106.64,94.89028
2022-09-24T21:00:00.000000000,105.71,93.32432
2022-09-24T22:00:00.000000000,100.78,90.99252
2022-09-24T23:00:00.000000000,94.8,88.56995
2022-09-25T00:00:00.000000000,86.86,86.97818
2022-09-25T01:00:00.000000000,80.59,84.91934
2022-09-25T02:00:00.000000000,80.25,84.21327
2022-09-25T03:00:00.000000000,80.79,85.5802
2022-09-25T04:00:00.000000000,84.52,89.30233
2022-09-25T05:00:00.000000000,89.27,94.00803
2022-09-25T06:00:00.000000000,100.25,99.12608
2022-09-25T07:00:00.000000000,103.89,103.82635
2022-09-25T08:00:00.000000000,107.29,107.06352
2022-09-25T09:00:00.000000000,110.18,108.96883
2022-09-25T10:00:00.000000000,110.91,109.53924
2022-09-25T11:00:00.000000000,120.62,109.05242
2022-09-25T12:00:00.000000000,114.46,107.27705
2022-09-25T13:00:00.000000000,112.68,104.79544
2022-09-25T14:00:00.000000000,109.7,102.17406
2022-09-25T15:00:00.000000000,107.38,100.90928
2022-09-25T16:00:00.000000000,107.88,100.69139
2022-09-25T17:00:00.000000000,107.56,100.41503
2022-09-25T18:00:00.000000000,103.93,99.89393
2022-09-25T19:00:00.000000000,101.7,98.67784
2022-09-25T20:00:00.000000000,96.39,96.40174
2022-09-25T21:00:00.000000000,93.61,94.07486
2022-09-25T22:00:00.000000000,87.28,91.26849
2022-09-25T23:00:00.000000000,84.87,88.76502
2022-09-26T00:00:00.000000000,80.65,86.17532
2022-09-26T01:00:00.000000000,78.27,84.36662
2022-09-26T02:00:00.000000000,74.84,83.95517
2022-09-26T03:00:00.000000000,75.99,85.62767
2022-09-26T04:00:00.000000000,81.36,89.73164
2022-09-26T05:00:00.000000000,87.3,94.82776
2022-09-26T06:00:00.000000000,99.77,100.25641
2022-09-26T07:00:00.000000000,107.48,105.07721
2022-09-26T08:00:00.000000000,110.58,108.19424
2022-09-26T09:00:00.000000000,111.98,109.80283
2022-09-26T10:00:00.000000000,115.8,110.05101
2022-09-26T11:00:00.000000000,116.17,109.30312
2022-09-26T12:00:00.000000000,111.85,107.29735
2022-09-26T13:00:00.000000000,101.48,104.58885
2022-09-26T14:00:00.000000000,97.73,101.76298
2022-09-26T15:00:00.000000000,94.22,100.40872
2022-09-26T16:00:00.000000000,93.9,100.21107
2022-09-26T17:00:00.000000000,94.79,100.03814
2022-09-26T18:00:00.000000000,93.42,99.60344
2022-09-26T19:00:00.000000000,92.13,98.36292
2022-09-26T20:00:00.000000000,87.43,95.89638
2022-09-26T21:00:00.000000000,84.7,93.34026
2022-09-26T22:00:00.000000000,83.8,90.39256
2022-09-26T23:00:00.000000000,79.05,87.90606
2022-09-27T00:00:00.000000000,73.0,83.86169
2022-09-27T01:00:00.000000000,70.26,82.42713
2022-09-27T02:00:00.000000000,69.27,82.44686
2022-09-27T03:00:00.000000000,70.75,84.44997
2022-09-27T04:00:00.000000000,74.87,88.76644
2022-09-27T05:00:00.000000000,81.95,93.95476
2022-09-27T06:00:00.000000000,90.23,99.39963
2022-09-27T07:00:00.000000000,102.68,104.14981
2022-09-27T08:00:00.000000000,104.48,107.17037
2022-09-27T09:00:00.000000000,108.56,108.64213
2022-09-27T10:00:00.000000000,110.57,108.79185
2022-09-27T11:00:00.000000000,111.98,107.92687
2022-09-27T12:00:00.000000000,109.51,105.79203
2022-09-27T13:00:00.000000000,99.3,103.00488
2022-09-27T14:00:00.000000000,92.2,100.19696
2022-09-27T15:00:00.000000000,90.52,98.88731
2022-09-27T16:00:00.000000000,91.03,98.69349
2022-09-27T17:00:00.000000000,90.62,98.46779
2022-09-27T18:00:00.000000000,88.98,97.89749
2022-09-27T19:00:00.000000000,89.03,96.54206
2022-09-27T20:00:00.000000000,88.27,94.00204
2022-09-27T21:00:00.000000000,85.84,91.40802
2022-09-27T22:00:00.000000000,83.35,88.42606
2022-09-27T23:00:00.000000000,80.77,85.99461
2022-09-25T00:00:00.000000000,86.86,92.67904
2022-09-25T01:00:00.000000000,80.59,90.66144
2022-09-25T02:00:00.000000000,80.25,90.03238
2022-09-25T03:00:00.000000000,80.79,91.43402
2022-09-25T04:00:00.000000000,84.52,94.9194
2022-09-25T05:00:00.000000000,89.27,99.03605
2022-09-25T06:00:00.000000000,100.25,103.24906
2022-09-25T07:00:00.000000000,103.89,107.03836
2022-09-25T08:00:00.000000000,107.29,109.52722
2022-09-25T09:00:00.000000000,110.18,110.87997
2022-09-25T10:00:00.000000000,110.91,111.21652
2022-09-25T11:00:00.000000000,120.62,110.97048
2022-09-25T12:00:00.000000000,114.46,109.86254
2022-09-25T13:00:00.000000000,112.68,108.3404
2022-09-25T14:00:00.000000000,109.7,106.58548
2022-09-25T15:00:00.000000000,107.38,105.97689
2022-09-25T16:00:00.000000000,107.88,106.07956
2022-09-25T17:00:00.000000000,107.56,105.72365
2022-09-25T18:00:00.000000000,103.93,104.77808
2022-09-25T19:00:00.000000000,101.7,103.02783
2022-09-25T20:00:00.000000000,96.39,100.44241
2022-09-25T21:00:00.000000000,93.61,97.94678
2022-09-25T22:00:00.000000000,87.28,95.1895
2022-09-25T23:00:00.000000000,84.87,92.81098
2022-09-26T00:00:00.000000000,80.65,89.16976
2022-09-26T01:00:00.000000000,78.27,87.49042
2022-09-26T02:00:00.000000000,74.84,87.33154
2022-09-26T03:00:00.000000000,75.99,89.31814
2022-09-26T04:00:00.000000000,81.36,93.68521
2022-09-26T05:00:00.000000000,87.3,98.78365
2022-09-26T06:00:00.000000000,99.77,103.86517
2022-09-26T07:00:00.000000000,107.48,108.10131
2022-09-26T08:00:00.000000000,110.58,110.55342
2022-09-26T09:00:00.000000000,111.98,111.50065
2022-09-26T10:00:00.000000000,115.8,111.20455
2022-09-26T11:00:00.000000000,116.17,110.17831
2022-09-26T12:00:00.000000000,111.85,108.18874
2022-09-26T13:00:00.000000000,101.48,105.76791
2022-09-26T14:00:00.000000000,97.73,103.36022
2022-09-26T15:00:00.000000000,94.22,102.48185
2022-09-26T16:00:00.000000000,93.9,102.67589
2022-09-26T17:00:00.000000000,94.79,102.71853
2022-09-26T18:00:00.000000000,93.42,102.2748
2022-09-26T19:00:00.000000000,92.13,100.87214
2022-09-26T20:00:00.000000000,87.43,98.16277
2022-09-26T21:00:00.000000000,84.7,95.36905
2022-09-26T22:00:00.000000000,83.8,92.32994
2022-09-26T23:00:00.000000000,79.05,89.88176
2022-09-27T00:00:00.000000000,73.0,85.84993
2022-09-27T01:00:00.000000000,70.26,84.32145
2022-09-27T02:00:00.000000000,69.27,84.29735
2022-09-27T03:00:00.000000000,70.75,86.3436
2022-09-27T04:00:00.000000000,74.87,90.75573
2022-09-27T05:00:00.000000000,81.95,95.98654
2022-09-27T06:00:00.000000000,90.23,101.35169
2022-09-27T07:00:00.000000000,102.68,105.90432
2022-09-27T08:00:00.000000000,104.48,108.63647
2022-09-27T09:00:00.000000000,108.56,109.78305
2022-09-27T10:00:00.000000000,110.57,109.60062
2022-09-27T11:00:00.000000000,111.98,108.50856
2022-09-27T12:00:00.000000000,109.51,106.28854
2022-09-27T13:00:00.000000000,99.3,103.55664
2022-09-27T14:00:00.000000000,92.2,100.90858
2022-09-27T15:00:00.000000000,90.52,99.84151
2022-09-27T16:00:00.000000000,91.03,99.91824
2022-09-27T17:00:00.000000000,90.62,99.91982
2022-09-27T18:00:00.000000000,88.98,99.50486
2022-09-27T19:00:00.000000000,89.03,98.2064
2022-09-27T20:00:00.000000000,88.27,95.62399
2022-09-27T21:00:00.000000000,85.84,92.93932
2022-09-27T22:00:00.000000000,83.35,89.89207
2022-09-27T23:00:00.000000000,80.77,87.40545
2022-09-28T00:00:00.000000000,77.47,82.45954
2022-09-28T01:00:00.000000000,72.93,81.30395
2022-09-28T02:00:00.000000000,71.56,81.61676
2022-09-28T03:00:00.000000000,73.76,83.78342
2022-09-28T04:00:00.000000000,76.37,87.99866
2022-09-28T05:00:00.000000000,80.61,92.85991
2022-09-28T06:00:00.000000000,86.78,97.87031
2022-09-28T07:00:00.000000000,93.05,102.21362
2022-09-28T08:00:00.000000000,100.17,105.00723
2022-09-28T09:00:00.000000000,103.13,106.3645
2022-09-28T10:00:00.000000000,107.62,106.47544
2022-09-28T11:00:00.000000000,108.85,105.56634
2022-09-28T12:00:00.000000000,104.66,103.45085
2022-09-28T13:00:00.000000000,96.38,100.79827
2022-09-28T14:00:00.000000000,84.05,98.18829
2022-09-28T15:00:00.000000000,82.67,96.963
2022-09-28T16:00:00.000000000,83.53,96.71237
2022-09-28T17:00:00.000000000,84.05,96.33011
2022-09-28T18:00:00.000000000,83.22,95.55381
2022-09-28T19:00:00.000000000,82.01,94.12783
2022-09-28T20:00:00.000000000,77.93,91.73263
2022-09-28T21:00:00.000000000,77.89,89.3979
2022-09-28T22:00:00.000000000,78.6,86.67665
2022-09-28T23:00:00.000000000,77.69,84.49385
2022-09-26T00:00:00.000000000,80.65,83.50975
2022-09-26T01:00:00.000000000,78.27,82.02031
2022-09-26T02:00:00.000000000,74.84,81.74317
2022-09-26T03:00:00.000000000,75.99,83.36855
2022-09-26T04:00:00.000000000,81.36,87.50373
2022-09-26T05:00:00.000000000,87.3,92.94447
2022-09-26T06:00:00.000000000,99.77,99.00637
2022-09-26T07:00:00.000000000,107.48,104.6999
2022-09-26T08:00:00.000000000,110.58,108.69503
2022-09-26T09:00:00.000000000,111.98,111.15781
2022-09-26T10:00:00.000000000,115.8,112.3152
2022-09-26T11:00:00.000000000,116.17,112.43436
2022-09-26T12:00:00.000000000,111.85,110.98807
2022-09-26T13:00:00.000000000,101.48,108.31052
2022-09-26T14:00:00.000000000,97.73,104.86313
2022-09-26T15:00:00.000000000,94.22,102.53138
2022-09-26T16:00:00.000000000,93.9,101.16116
2022-09-26T17:00:00.000000000,94.79,99.92984
2022-09-26T18:00:00.000000000,93.42,98.66614
2022-09-26T19:00:00.000000000,92.13,96.72433
2022-09-26T20:00:00.000000000,87.43,93.71429
2022-09-26T21:00:00.000000000,84.7,90.78794
2022-09-26T22:00:00.000000000,83.8,87.74279
2022-09-26T23:00:00.000000000,79.05,85.43148
2022-09-27T00:00:00.000000000,73.0,83.14158
2022-09-27T01:00:00.000000000,70.26,81.75476
2022-09-27T02:00:00.000000000,69.27,81.61146
2022-09-27T03:00:00.000000000,70.75,83.26009
2022-09-27T04:00:00.000000000,74.87,87.15191
2022-09-27T05:00:00.000000000,81.95,92.08105
2022-09-27T06:00:00.000000000,90.23,97.52013
2022-09-27T07:00:00.000000000,102.68,102.57284
2022-09-27T08:00:00.000000000,104.48,106.09613
2022-09-27T09:00:00.000000000,108.56,108.15817
2022-09-27T10:00:00.000000000,110.57,108.90222
2022-09-27T11:00:00.000000000,111.98,108.60185
2022-09-27T12:00:00.000000000,109.51,106.95041
2022-09-27T13:00:00.000000000,99.3,104.42172
2022-09-27T14:00:00.000000000,92.2,101.53838
2022-09-27T15:00:00.000000000,90.52,99.81095
2022-09-27T16:00:00.000000000,91.03,98.94225
2022-09-27T17:00:00.000000000,90.62,98.04539
2022-09-27T18:00:00.000000000,88.98,96.99956
2022-09-27T19:00:00.000000000,89.03,95.37561
2022-09-27T20:00:00.000000000,88.27,92.78711
2022-09-27T21:00:00.000000000,85.84,90.22911
2022-09-27T22:00:00.000000000,83.35,87.33136
2022-09-27T23:00:00.000000000,80.77,85.02489
2022-09-28T00:00:00.000000000,77.47,81.12711
2022-09-28T01:00:00.000000000,72.93,80.05578
2022-09-28T02:00:00.000000000,71.56,80.36725
2022-09-28T03:00:00.000000000,73.76,82.41213
2022-09-28T04:00:00.000000000,76.37,86.41724
2022-09-28T05:00:00.000000000,80.61,91.13842
2022-09-28T06:00:00.000000000,86.78,96.16473
2022-09-28T07:00:00.000000000,93.05,100.74684
2022-09-28T08:00:00.000000000,100.17,103.934
2022-09-28T09:00:00.000000000,103.13,105.74648
2022-09-28T10:00:00.000000000,107.62,106.30776
2022-09-28T11:00:00.000000000,108.85,105.78308
2022-09-28T12:00:00.000000000,104.66,103.94703
2022-09-28T13:00:00.000000000,96.38,101.41399
2022-09-28T14:00:00.000000000,84.05,98.69342
2022-09-28T15:00:00.000000000,82.67,97.126
2022-09-28T16:00:00.000000000,83.53,96.35909
2022-09-28T17:00:00.000000000,84.05,95.44064
2022-09-28T18:00:00.000000000,83.22,94.23478
2022-09-28T19:00:00.000000000,82.01,92.55316
2022-09-28T20:00:00.000000000,77.93,90.12787
2022-09-28T21:00:00.000000000,77.89,87.87206
2022-09-28T22:00:00.000000000,78.6,85.25507
2022-09-28T23:00:00.000000000,77.69,83.1733
2022-09-29T00:00:00.000000000,76.03,78.23738
2022-09-29T01:00:00.000000000,71.63,77.2991
2022-09-29T02:00:00.000000000,71.09,77.7761
2022-09-29T03:00:00.000000000,70.56,80.04016
2022-09-29T04:00:00.000000000,73.74,84.20328
2022-09-29T05:00:00.000000000,78.55,88.92521
2022-09-29T06:00:00.000000000,88.47,93.79691
2022-09-29T07:00:00.000000000,94.78,98.23168
2022-09-29T08:00:00.000000000,100.01,101.4449
2022-09-29T09:00:00.000000000,101.8,103.48872
2022-09-29T10:00:00.000000000,102.85,104.25761
2022-09-29T11:00:00.000000000,104.89,103.57394
2022-09-29T12:00:00.000000000,104.99,101.21123
2022-09-29T13:00:00.000000000,98.61,98.05836
2022-09-29T14:00:00.000000000,88.19,94.78227
2022-09-29T15:00:00.000000000,84.55,92.60736
2022-09-29T16:00:00.000000000,84.77,91.34387
2022-09-29T17:00:00.000000000,86.73,90.14328
2022-09-29T18:00:00.000000000,82.88,88.87785
2022-09-29T19:00:00.000000000,80.54,87.42116
2022-09-29T20:00:00.000000000,79.17,85.5932
2022-09-29T21:00:00.000000000,78.49,84.16085
2022-09-29T22:00:00.000000000,79.81,82.40473
2022-09-29T23:00:00.000000000,77.86,81.00792
2022-09-27T00:00:00.000000000,73.0,76.65696
2022-09-27T01:00:00.000000000,70.26,75.27333
2022-09-27T02:00:00.000000000,69.27,75.15193
2022-09-27T03:00:00.000000000,70.75,77.14186
2022-09-27T04:00:00.000000000,74.87,81.82188
2022-09-27T05:00:00.000000000,81.95,87.83533
2022-09-27T06:00:00.000000000,90.23,94.50034
2022-09-27T07:00:00.000000000,102.68,100.67864
2022-09-27T08:00:00.000000000,104.48,105.00949
2022-09-27T09:00:00.000000000,108.56,107.7204
2022-09-27T10:00:00.000000000,110.57,108.90037
2022-09-27T11:00:00.000000000,111.98,108.41621
2022-09-27T12:00:00.000000000,109.51,105.80424
2022-09-27T13:00:00.000000000,99.3,101.77389
2022-09-27T14:00:00.000000000,92.2,97.25654
2022-09-27T15:00:00.000000000,90.52,94.05566
2022-09-27T16:00:00.000000000,91.03,92.29509
2022-09-27T17:00:00.000000000,90.62,91.21435
2022-09-27T18:00:00.000000000,88.98,90.45684
2022-09-27T19:00:00.000000000,89.03,89.1627
2022-09-27T20:00:00.000000000,88.27,86.91266
2022-09-27T21:00:00.000000000,85.84,84.82215
2022-09-27T22:00:00.000000000,83.35,82.51362
2022-09-27T23:00:00.000000000,80.77,80.74251
2022-09-28T00:00:00.000000000,77.47,76.0676
2022-09-28T01:00:00.000000000,72.93,74.93015
2022-09-28T02:00:00.000000000,71.56,75.07567
2022-09-28T03:00:00.000000000,73.76,77.08504
2022-09-28T04:00:00.000000000,76.37,81.19885
2022-09-28T05:00:00.000000000,80.61,86.11844
2022-09-28T06:00:00.000000000,86.78,91.44513
2022-09-28T07:00:00.000000000,93.05,96.50722
2022-09-28T08:00:00.000000000,100.17,100.36456
2022-09-28T09:00:00.000000000,103.13,103.04325
2022-09-28T10:00:00.000000000,107.62,104.38595
2022-09-28T11:00:00.000000000,108.85,104.05038
2022-09-28T12:00:00.000000000,104.66,101.75452
2022-09-28T13:00:00.000000000,96.38,98.32106
2022-09-28T14:00:00.000000000,84.05,94.48889
2022-09-28T15:00:00.000000000,82.67,91.63397
2022-09-28T16:00:00.000000000,83.53,89.76933
2022-09-28T17:00:00.000000000,84.05,88.25315
2022-09-28T18:00:00.000000000,83.22,86.95406
2022-09-28T19:00:00.000000000,82.01,85.5397
2022-09-28T20:00:00.000000000,77.93,83.75683
2022-09-28T21:00:00.000000000,77.89,82.39785
2022-09-28T22:00:00.000000000,78.6,80.77522
2022-09-28T23:00:00.000000000,77.69,79.51258
2022-09-29T00:00:00.000000000,76.03,74.54976
2022-09-29T01:00:00.000000000,71.63,73.4797
2022-09-29T02:00:00.000000000,71.09,73.65913
2022-09-29T03:00:00.000000000,70.56,75.57894
2022-09-29T04:00:00.000000000,73.74,79.36235
2022-09-29T05:00:00.000000000,78.55,83.83487
2022-09-29T06:00:00.000000000,88.47,88.68676
2022-09-29T07:00:00.000000000,94.78,93.36293
2022-09-29T08:00:00.000000000,100.01,97.04526
2022-09-29T09:00:00.000000000,101.8,99.74709
2022-09-29T10:00:00.000000000,102.85,101.18715
2022-09-29T11:00:00.000000000,104.89,100.92632
2022-09-29T12:00:00.000000000,104.99,98.77002
2022-09-29T13:00:00.000000000,98.61,95.61992
2022-09-29T14:00:00.000000000,88.19,92.15302
2022-09-29T15:00:00.000000000,84.55,89.52456
2022-09-29T16:00:00.000000000,84.77,87.72931
2022-09-29T17:00:00.000000000,86.73,86.18732
2022-09-29T18:00:00.000000000,82.88,84.86838
2022-09-29T19:00:00.000000000,80.54,83.56882
2022-09-29T20:00:00.000000000,79.17,82.04422
2022-09-29T21:00:00.000000000,78.49,80.94321
2022-09-29T22:00:00.000000000,79.81,79.49341
2022-09-29T23:00:00.000000000,77.86,78.34085
2022-09-30T00:00:00.000000000,76.12,73.91084
2022-09-30T01:00:00.000000000,73.9,73.05791
2022-09-30T02:00:00.000000000,73.4,73.61373
2022-09-30T03:00:00.000000000,73.8,75.96033
2022-09-30T04:00:00.000000000,76.44,80.20694
2022-09-30T05:00:00.000000000,81.3,85.04283
2022-09-30T06:00:00.000000000,88.31,90.09002
2022-09-30T07:00:00.000000000,98.6,94.84264
2022-09-30T08:00:00.000000000,102.38,98.51245
2022-09-30T09:00:00.000000000,104.63,101.15984
2022-09-30T10:00:00.000000000,105.37,102.57032
2022-09-30T11:00:00.000000000,106.02,102.30882
2022-09-30T12:00:00.000000000,104.92,100.09232
2022-09-30T13:00:00.000000000,98.65,96.85374
2022-09-30T14:00:00.000000000,85.64,93.30434
2022-09-30T15:00:00.000000000,84.58,90.64603
2022-09-30T16:00:00.000000000,85.51,88.81886
2022-09-30T17:00:00.000000000,88.41,87.16926
2022-09-30T18:00:00.000000000,89.41,85.59387
2022-09-30T19:00:00.000000000,90.25,83.94715
2022-09-30T20:00:00.000000000,90.83,82.08488
2022-09-30T21:00:00.000000000,89.92,80.73496
2022-09-30T22:00:00.000000000,91.34,79.14038
2022-09-30T23:00:00.000000000,89.08,77.93351
2022-09-28T00:00:00.000000000,77.47,74.9477
2022-09-28T01:00:00.000000000,72.93,73.61518
2022-09-28T02:00:00.000000000,71.56,73.27105
2022-09-28T03:00:00.000000000,73.76,74.79281
2022-09-28T04:00:00.000000000,76.37,78.47048
2022-09-28T05:00:00.000000000,80.61,83.10225
2022-09-28T06:00:00.000000000,86.78,88.24216
2022-09-28T07:00:00.000000000,93.05,93.08871
2022-09-28T08:00:00.000000000,100.17,96.73706
2022-09-28T09:00:00.000000000,103.13,99.37245
2022-09-28T10:00:00.000000000,107.62,100.97989
2022-09-28T11:00:00.000000000,108.85,101.25014
2022-09-28T12:00:00.000000000,104.66,99.6954
2022-09-28T13:00:00.000000000,96.38,96.64428
2022-09-28T14:00:00.000000000,84.05,92.74425
2022-09-28T15:00:00.000000000,82.67,89.71001
2022-09-28T16:00:00.000000000,83.53,87.88023
2022-09-28T17:00:00.000000000,84.05,86.71562
2022-09-28T18:00:00.000000000,83.22,85.79646
2022-09-28T19:00:00.000000000,82.01,84.37547
2022-09-28T20:00:00.000000000,77.93,82.24688
2022-09-28T21:00:00.000000000,77.89,80.60813
2022-09-28T22:00:00.000000000,78.6,79.0504
2022-09-28T23:00:00.000000000,77.69,78.07105
2022-09-29T00:00:00.000000000,76.03,73.50063
2022-09-29T01:00:00.000000000,71.63,72.33141
2022-09-29T02:00:00.000000000,71.09,72.36982
2022-09-29T03:00:00.000000000,70.56,74.12838
2022-09-29T04:00:00.000000000,73.74,77.67552
2022-09-29T05:00:00.000000000,78.55,81.88896
2022-09-29T06:00:00.000000000,88.47,86.49333
2022-09-29T07:00:00.000000000,94.78,90.99152
2022-09-29T08:00:00.000000000,100.01,94.6236
2022-09-29T09:00:00.000000000,101.8,97.39621
2022-09-29T10:00:00.000000000,102.85,99.03245
2022-09-29T11:00:00.000000000,104.89,99.08696
2022-09-29T12:00:00.000000000,104.99,97.2916
2022-09-29T13:00:00.000000000,98.61,94.39983
2022-09-29T14:00:00.000000000,88.19,91.03994
2022-09-29T15:00:00.000000000,84.55,88.44439
2022-09-29T16:00:00.000000000,84.77,86.68623
2022-09-29T17:00:00.000000000,86.73,85.20213
2022-09-29T18:00:00.000000000,82.88,83.8817
2022-09-29T19:00:00.000000000,80.54,82.49746
2022-09-29T20:00:00.000000000,79.17,80.88264
2022-09-29T21:00:00.000000000,78.49,79.76153
2022-09-29T22:00:00.000000000,79.81,78.37319
2022-09-29T23:00:00.000000000,77.86,77.28217
2022-09-30T00:00:00.000000000,76.12,73.23487
2022-09-30T01:00:00.000000000,73.9,72.17124
2022-09-30T02:00:00.000000000,73.4,72.47903
2022-09-30T03:00:00.000000000,73.8,74.55989
2022-09-30T04:00:00.000000000,76.44,78.4354
2022-09-30T05:00:00.000000000,81.3,82.89245
2022-09-30T06:00:00.000000000,88.31,87.6412
2022-09-30T07:00:00.000000000,98.6,92.23529
2022-09-30T08:00:00.000000000,102.38,95.92666
2022-09-30T09:00:00.000000000,104.63,98.71366
2022-09-30T10:00:00.000000000,105.37,100.31825
2022-09-30T11:00:00.000000000,106.02,100.26245
2022-09-30T12:00:00.000000000,104.92,98.29438
2022-09-30T13:00:00.000000000,98.65,95.31556
2022-09-30T14:00:00.000000000,85.64,92.00346
2022-09-30T15:00:00.000000000,84.58,89.50732
2022-09-30T16:00:00.000000000,85.51,87.78638
2022-09-30T17:00:00.000000000,88.41,86.19064
2022-09-30T18:00:00.000000000,89.41,84.63884
2022-09-30T19:00:00.000000000,90.25,83.04146
2022-09-30T20:00:00.000000000,90.83,81.29383
2022-09-30T21:00:00.000000000,89.92,80.07501
2022-09-30T22:00:00.000000000,91.34,78.54889
2022-09-30T23:00:00.000000000,89.08,77.29955
2022-10-01T00:00:00.000000000,83.72,73.27784
2022-10-01T01:00:00.000000000,80.98,72.45419
2022-10-01T02:00:00.000000000,81.94,73.0689
2022-10-01T03:00:00.000000000,81.55,75.46465
2022-10-01T04:00:00.000000000,82.46,79.69781
2022-10-01T05:00:00.000000000,86.54,84.4605
2022-10-01T06:00:00.000000000,95.02,89.39578
2022-10-01T07:00:00.000000000,106.89,94.04494
2022-10-01T08:00:00.000000000,107.08,97.66341
2022-10-01T09:00:00.000000000,109.64,100.30589
2022-10-01T10:00:00.000000000,117.72,101.76236
2022-10-01T11:00:00.000000000,121.43,101.58324
2022-10-01T12:00:00.000000000,119.3,99.48123
2022-10-01T13:00:00.000000000,116.88,96.37499
2022-10-01T14:00:00.000000000,107.81,92.9477
2022-10-01T15:00:00.000000000,105.95,90.3761
2022-10-01T16:00:00.000000000,105.27,88.58094
2022-10-01T17:00:00.000000000,105.41,86.90408
2022-10-01T18:00:00.000000000,104.42,85.23451
2022-10-01T19:00:00.000000000,102.51,83.47762
2022-10-01T20:00:00.000000000,100.17,81.53582
2022-10-01T21:00:00.000000000,98.89,80.14436
2022-10-01T22:00:00.000000000,94.14,78.53109
2022-10-01T23:00:00.000000000,91.28,77.31784
2022-09-29T00:00:00.000000000,76.03,72.37911
2022-09-29T01:00:00.000000000,71.63,71.21343
2022-09-29T02:00:00.000000000,71.09,70.60662
2022-09-29T03:00:00.000000000,70.56,71.37626
2022-09-29T04:00:00.000000000,73.74,74.11816
2022-09-29T05:00:00.000000000,78.55,78.16938
2022-09-29T06:00:00.000000000,88.47,82.76991
2022-09-29T07:00:00.000000000,94.78,87.03584
2022-09-29T08:00:00.000000000,100.01,90.10349
2022-09-29T09:00:00.000000000,101.8,92.36984
2022-09-29T10:00:00.000000000,102.85,93.73276
2022-09-29T11:00:00.000000000,104.89,93.74659
2022-09-29T12:00:00.000000000,104.99,91.73149
2022-09-29T13:00:00.000000000,98.61,88.28673
2022-09-29T14:00:00.000000000,88.19,84.11787
2022-09-29T15:00:00.000000000,84.55,80.96043
2022-09-29T16:00:00.000000000,84.77,79.07075
2022-09-29T17:00:00.000000000,86.73,77.99471
2022-09-29T18:00:00.000000000,82.88,77.58533
2022-09-29T19:00:00.000000000,80.54,77.21801
2022-09-29T20:00:00.000000000,79.17,76.43489
2022-09-29T21:00:00.000000000,78.49,75.8485
2022-09-29T22:00:00.000000000,79.81,75.07767
2022-09-29T23:00:00.000000000,77.86,74.75111
2022-09-30T00:00:00.000000000,76.12,71.55308
2022-09-30T01:00:00.000000000,73.9,70.09583
2022-09-30T02:00:00.000000000,73.4,69.51864
2022-09-30T03:00:00.000000000,73.8,70.39408
2022-09-30T04:00:00.000000000,76.44,72.8386
2022-09-30T05:00:00.000000000,81.3,76.16365
2022-09-30T06:00:00.000000000,88.31,80.05542
2022-09-30T07:00:00.000000000,98.6,84.06191
2022-09-30T08:00:00.000000000,102.38,87.44856
2022-09-30T09:00:00.000000000,104.63,90.24842
2022-09-30T10:00:00.000000000,105.37,92.05716
2022-09-30T11:00:00.000000000,106.02,92.32199
2022-09-30T12:00:00.000000000,104.92,90.70759
2022-09-30T13:00:00.000000000,98.65,88.05475
2022-09-30T14:00:00.000000000,85.64,84.99552
2022-09-30T15:00:00.000000000,84.58,82.57955
2022-09-30T16:00:00.000000000,85.51,80.9986
2022-09-30T17:00:00.000000000,88.41,79.70636
2022-09-30T18:00:00.000000000,89.41,78.75477
2022-09-30T19:00:00.000000000,90.25,77.96001
2022-09-30T20:00:00.000000000,90.83,77.16163
2022-09-30T21:00:00.000000000,89.92,76.73897
2022-09-30T22:00:00.000000000,91.34,75.90737
2022-09-30T23:00:00.000000000,89.08,75.11093
2022-10-01T00:00:00.000000000,83.72,72.58116
2022-10-01T01:00:00.000000000,80.98,71.06136
2022-10-01T02:00:00.000000000,81.94,70.67268
2022-10-01T03:00:00.000000000,81.55,71.96112
2022-10-01T04:00:00.000000000,82.46,74.87543
2022-10-01T05:00:00.000000000,86.54,78.45622
2022-10-01T06:00:00.000000000,95.02,82.55119
2022-10-01T07:00:00.000000000,106.89,86.81455
2022-10-01T08:00:00.000000000,107.08,90.53483
2022-10-01T09:00:00.000000000,109.64,93.62482
2022-10-01T10:00:00.000000000,117.72,95.67106
2022-10-01T11:00:00.000000000,121.43,96.1317
2022-10-01T12:00:00.000000000,119.3,94.76922
2022-10-01T13:00:00.000000000,116.88,92.34758
2022-10-01T14:00:00.000000000,107.81,89.48143
2022-10-01T15:00:00.000000000,105.95,87.18583
2022-10-01T16:00:00.000000000,105.27,85.5976
2022-10-01T17:00:00.000000000,105.41,84.12988
2022-10-01T18:00:00.000000000,104.42,82.7682
2022-10-01T19:00:00.000000000,102.51,81.39059
2022-10-01T20:00:00.000000000,100.17,79.95535
2022-10-01T21:00:00.000000000,98.89,79.05292
2022-10-01T22:00:00.000000000,94.14,77.80346
2022-10-01T23:00:00.000000000,91.28,76.62608
2022-10-02T00:00:00.000000000,88.29,73.84272
2022-10-02T01:00:00.000000000,85.85,72.70487
2022-10-02T02:00:00.000000000,83.02,72.87006
2022-10-02T03:00:00.000000000,86.93,74.76596
2022-10-02T04:00:00.000000000,93.28,78.40378
2022-10-02T05:00:00.000000000,95.04,82.5948
2022-10-02T06:00:00.000000000,104.07,87.08656
2022-10-02T07:00:00.000000000,107.44,91.4745
2022-10-02T08:00:00.000000000,115.83,95.07632
2022-10-02T09:00:00.000000000,118.9,97.89317
2022-10-02T10:00:00.000000000,120.79,99.62995
2022-10-02T11:00:00.000000000,121.22,99.75348
2022-10-02T12:00:00.000000000,122.41,98.00128
2022-10-02T13:00:00.000000000,120.31,95.23631
2022-10-02T14:00:00.000000000,114.37,92.10154
2022-10-02T15:00:00.000000000,110.24,89.71628
2022-10-02T16:00:00.000000000,103.76,88.03628
2022-10-02T17:00:00.000000000,100.98,86.42045
2022-10-02T18:00:00.000000000,99.55,84.81405
2022-10-02T19:00:00.000000000,100.04,83.18216
2022-10-02T20:00:00.000000000,99.46,81.45217
2022-10-02T21:00:00.000000000,97.34,80.28555
2022-10-02T22:00:00.000000000,95.51,78.8357
2022-10-02T23:00:00.000000000,92.08,77.64948
2022-09-30T00:00:00.000000000,76.12,74.12222
2022-09-30T01:00:00.000000000,73.9,72.76355
2022-09-30T02:00:00.000000000,73.4,72.39344
2022-09-30T03:00:00.000000000,73.8,73.76138
2022-09-30T04:00:00.000000000,76.44,77.08756
2022-09-30T05:00:00.000000000,81.3,81.30698
2022-09-30T06:00:00.000000000,88.31,86.04056
2022-09-30T07:00:00.000000000,98.6,90.59171
2022-09-30T08:00:00.000000000,102.38,94.13001
2022-09-30T09:00:00.000000000,104.63,96.7582
2022-09-30T10:00:00.000000000,105.37,98.32383
2022-09-30T11:00:00.000000000,106.02,98.47137
2022-09-30T12:00:00.000000000,104.92,96.79927
2022-09-30T13:00:00.000000000,98.65,93.81254
2022-09-30T14:00:00.000000000,85.64,90.16153
2022-09-30T15:00:00.000000000,84.58,87.35067
2022-09-30T16:00:00.000000000,85.51,85.62954
2022-09-30T17:00:00.000000000,88.41,84.46615
2022-09-30T18:00:00.000000000,89.41,83.58253
2022-09-30T19:00:00.000000000,90.25,82.43165
2022-09-30T20:00:00.000000000,90.83,80.78978
2022-09-30T21:00:00.000000000,89.92,79.58615
2022-09-30T22:00:00.000000000,91.34,78.26052
2022-09-30T23:00:00.000000000,89.08,77.33332
2022-10-01T00:00:00.000000000,83.72,74.38036
2022-10-01T01:00:00.000000000,80.98,73.10281
2022-10-01T02:00:00.000000000,81.94,73.15021
2022-10-01T03:00:00.000000000,81.55,75.01314
2022-10-01T04:00:00.000000000,82.46,78.73269
2022-10-01T05:00:00.000000000,86.54,83.06924
2022-10-01T06:00:00.000000000,95.02,87.73074
2022-10-01T07:00:00.000000000,106.89,92.25233
2022-10-01T08:00:00.000000000,107.08,95.9161
2022-10-01T09:00:00.000000000,109.64,98.69581
2022-10-01T10:00:00.000000000,117.72,100.28739
2022-10-01T11:00:00.000000000,121.43,100.21943
2022-10-01T12:00:00.000000000,119.3,98.23466
2022-10-01T13:00:00.000000000,116.88,95.19516
2022-10-01T14:00:00.000000000,107.81,91.8236
2022-10-01T15:00:00.000000000,105.95,89.33991
2022-10-01T16:00:00.000000000,105.27,87.72877
2022-10-01T17:00:00.000000000,105.41,86.33079
2022-10-01T18:00:00.000000000,104.42,85.01414
2022-10-01T19:00:00.000000000,102.51,83.63052
2022-10-01T20:00:00.000000000,100.17,82.03832
2022-10-01T21:00:00.000000000,98.89,80.94558
2022-10-01T22:00:00.000000000,94.14,79.51023
2022-10-01T23:00:00.000000000,91.28,78.28113
2022-10-02T00:00:00.000000000,88.29,75.21015
2022-10-02T01:00:00.000000000,85.85,74.07964
2022-10-02T02:00:00.000000000,83.02,74.3136
2022-10-02T03:00:00.000000000,86.93,76.35997
2022-10-02T04:00:00.000000000,93.28,80.29946
2022-10-02T05:00:00.000000000,95.04,84.84334
2022-10-02T06:00:00.000000000,104.07,89.64624
2022-10-02T07:00:00.000000000,107.44,94.19849
2022-10-02T08:00:00.000000000,115.83,97.75892
2022-10-02T09:00:00.000000000,118.9,100.33169
2022-10-02T10:00:00.000000000,120.79,101.64166
2022-10-02T11:00:00.000000000,121.22,101.27589
2022-10-02T12:00:00.000000000,122.41,99.01176
2022-10-02T13:00:00.000000000,120.31,95.78555
2022-10-02T14:00:00.000000000,114.37,92.3224
2022-10-02T15:00:00.000000000,110.24,89.82554
2022-10-02T16:00:00.000000000,103.76,88.22884
2022-10-02T17:00:00.000000000,100.98,86.85339
2022-10-02T18:00:00.000000000,99.55,85.58643
2022-10-02T19:00:00.000000000,100.04,84.28084
2022-10-02T20:00:00.000000000,99.46,82.73461
2022-10-02T21:00:00.000000000,97.34,81.63307
2022-10-02T22:00:00.000000000,95.51,80.16865
2022-10-02T23:00:00.000000000,92.08,78.95212
2022-10-03T00:00:00.000000000,86.85,75.74708
2022-10-03T01:00:00.000000000,82.72,74.90644
2022-10-03T02:00:00.000000000,81.0,75.50755
2022-10-03T03:00:00.000000000,84.9,77.94233
2022-10-03T04:00:00.000000000,91.92,82.32769
2022-10-03T05:00:00.000000000,96.02,87.22335
2022-10-03T06:00:00.000000000,105.55,92.18512
2022-10-03T07:00:00.000000000,113.79,96.71009
2022-10-03T08:00:00.000000000,119.63,100.09769
2022-10-03T09:00:00.000000000,122.45,102.44585
2022-10-03T10:00:00.000000000,125.93,103.57122
2022-10-03T11:00:00.000000000,127.01,103.1074
2022-10-03T12:00:00.000000000,122.94,100.77494
2022-10-03T13:00:00.000000000,113.98,97.48574
2022-10-03T14:00:00.000000000,104.15,93.95946
2022-10-03T15:00:00.000000000,101.5,91.43141
2022-10-03T16:00:00.000000000,101.52,89.7912
2022-10-03T17:00:00.000000000,102.84,88.34862
2022-10-03T18:00:00.000000000,103.17,86.93683
2022-10-03T19:00:00.000000000,102.58,85.38101
2022-10-03T20:00:00.000000000,100.56,83.4963
2022-10-03T21:00:00.000000000,97.92,82.09748
2022-10-03T22:00:00.000000000,95.3,80.49643
2022-10-03T23:00:00.000000000,92.92,79.33413
2022-10-01T00:00:00.000000000,83.72,84.6007
2022-10-01T01:00:00.000000000,80.98,81.59331
2022-10-01T02:00:00.000000000,81.94,79.42259
2022-10-01T03:00:00.000000000,81.55,79.51713
2022-10-01T04:00:00.000000000,82.46,82.35572
2022-10-01T05:00:00.000000000,86.54,86.57636
2022-10-01T06:00:00.000000000,95.02,91.69502
2022-10-01T07:00:00.000000000,106.89,96.66269
2022-10-01T08:00:00.000000000,107.08,100.51914
2022-10-01T09:00:00.000000000,109.64,103.23656
2022-10-01T10:00:00.000000000,117.72,104.61954
2022-10-01T11:00:00.000000000,121.43,104.34286
2022-10-01T12:00:00.000000000,119.3,102.07327
2022-10-01T13:00:00.000000000,116.88,98.32147
2022-10-01T14:00:00.000000000,107.81,94.13329
2022-10-01T15:00:00.000000000,105.95,91.44095
2022-10-01T16:00:00.000000000,105.27,90.58786
2022-10-01T17:00:00.000000000,105.41,90.7452
2022-10-01T18:00:00.000000000,104.42,91.40279
2022-10-01T19:00:00.000000000,102.51,91.57742
2022-10-01T20:00:00.000000000,100.17,90.71709
2022-10-01T21:00:00.000000000,98.89,89.92106
2022-10-01T22:00:00.000000000,94.14,88.63124
2022-10-01T23:00:00.000000000,91.28,87.19924
2022-10-02T00:00:00.000000000,88.29,84.05493
2022-10-02T01:00:00.000000000,85.85,81.84666
2022-10-02T02:00:00.000000000,83.02,80.81265
2022-10-02T03:00:00.000000000,86.93,81.75793
2022-10-02T04:00:00.000000000,93.28,84.91912
2022-10-02T05:00:00.000000000,95.04,89.06978
2022-10-02T06:00:00.000000000,104.07,93.81859
2022-10-02T07:00:00.000000000,107.44,98.33659
2022-10-02T08:00:00.000000000,115.83,101.69899
2022-10-02T09:00:00.000000000,118.9,103.8651
2022-10-02T10:00:00.000000000,120.79,104.70536
2022-10-02T11:00:00.000000000,121.22,104.2045
2022-10-02T12:00:00.000000000,122.41,102.17759
2022-10-02T13:00:00.000000000,120.31,99.25476
2022-10-02T14:00:00.000000000,114.37,96.15671
2022-10-02T15:00:00.000000000,110.24,94.40228
2022-10-02T16:00:00.000000000,103.76,93.94292
2022-10-02T17:00:00.000000000,100.98,93.76112
2022-10-02T18:00:00.000000000,99.55,93.59814
2022-10-02T19:00:00.000000000,100.04,93.00292
2022-10-02T20:00:00.000000000,99.46,91.56701
2022-10-02T21:00:00.000000000,97.34,90.18656
2022-10-02T22:00:00.000000000,95.51,88.20397
2022-10-02T23:00:00.000000000,92.08,86.24393
2022-10-03T00:00:00.000000000,86.85,83.06404
2022-10-03T01:00:00.000000000,82.72,81.46669
2022-10-03T02:00:00.000000000,81.0,81.3051
2022-10-03T03:00:00.000000000,84.9,83.12376
2022-10-03T04:00:00.000000000,91.92,87.10648
2022-10-03T05:00:00.000000000,96.02,91.86068
2022-10-03T06:00:00.000000000,105.55,96.88025
2022-10-03T07:00:00.000000000,113.79,101.34958
2022-10-03T08:00:00.000000000,119.63,104.37116
2022-10-03T09:00:00.000000000,122.45,106.04886
2022-10-03T10:00:00.000000000,125.93,106.43846
2022-10-03T11:00:00.000000000,127.01,105.68667
2022-10-03T12:00:00.000000000,122.94,103.59872
2022-10-03T13:00:00.000000000,113.98,100.83245
2022-10-03T14:00:00.000000000,104.15,98.01146
2022-10-03T15:00:00.000000000,101.5,96.59933
2022-10-03T16:00:00.000000000,101.52,96.33867
2022-10-03T17:00:00.000000000,102.84,96.13155
2022-10-03T18:00:00.000000000,103.17,95.66805
2022-10-03T19:00:00.000000000,102.58,94.56317
2022-10-03T20:00:00.000000000,100.56,92.42868
2022-10-03T21:00:00.000000000,97.92,90.31961
2022-10-03T22:00:00.000000000,95.3,87.75352
2022-10-03T23:00:00.000000000,92.92,85.555
2022-10-04T00:00:00.000000000,86.14,81.80113
2022-10-04T01:00:00.000000000,79.98,80.85416
2022-10-04T02:00:00.000000000,79.38,81.47563
2022-10-04T03:00:00.000000000,82.38,83.99015
2022-10-04T04:00:00.000000000,86.23,88.61296
2022-10-04T05:00:00.000000000,90.18,93.87097
2022-10-04T06:00:00.000000000,105.91,99.16618
2022-10-04T07:00:00.000000000,115.88,103.64358
2022-10-04T08:00:00.000000000,119.28,106.39996
2022-10-04T09:00:00.000000000,122.8,107.65098
2022-10-04T10:00:00.000000000,123.59,107.65935
2022-10-04T11:00:00.000000000,123.16,106.69784
2022-10-04T12:00:00.000000000,129.45,104.54439
2022-10-04T13:00:00.000000000,113.08,101.85287
2022-10-04T14:00:00.000000000,96.69,99.17752
2022-10-04T15:00:00.000000000,95.93,97.94458
2022-10-04T16:00:00.000000000,103.99,97.74573
2022-10-04T17:00:00.000000000,107.01,97.47419
2022-10-04T18:00:00.000000000,108.45,96.78887
2022-10-04T19:00:00.000000000,108.45,95.31313
2022-10-04T20:00:00.000000000,106.94,92.63412
2022-10-04T21:00:00.000000000,105.03,89.92581
2022-10-04T22:00:00.000000000,103.3,86.89676
2022-10-04T23:00:00.000000000,100.58,84.58853
2022-10-02T00:00:00.000000000,88.29,87.67976
2022-10-02T01:00:00.000000000,85.85,85.02526
2022-10-02T02:00:00.000000000,83.02,83.15817
2022-10-02T03:00:00.000000000,86.93,83.29839
2022-10-02T04:00:00.000000000,93.28,86.0677
2022-10-02T05:00:00.000000000,95.04,90.30723
2022-10-02T06:00:00.000000000,104.07,95.51564
2022-10-02T07:00:00.000000000,107.44,100.69335
2022-10-02T08:00:00.000000000,115.83,104.64737
2022-10-02T09:00:00.000000000,118.9,107.40117
2022-10-02T10:00:00.000000000,120.79,108.88366
2022-10-02T11:00:00.000000000,121.22,109.09802
2022-10-02T12:00:00.000000000,122.41,107.61898
2022-10-02T13:00:00.000000000,120.31,104.6722
2022-10-02T14:00:00.000000000,114.37,100.96232
2022-10-02T15:00:00.000000000,110.24,98.43737
2022-10-02T16:00:00.000000000,103.76,97.36289
2022-10-02T17:00:00.000000000,100.98,96.92225
2022-10-02T18:00:00.000000000,99.55,96.84195
2022-10-02T19:00:00.000000000,100.04,96.2379
2022-10-02T20:00:00.000000000,99.46,94.53396
2022-10-02T21:00:00.000000000,97.34,92.86622
2022-10-02T22:00:00.000000000,95.51,90.88008
2022-10-02T23:00:00.000000000,92.08,89.05897
2022-10-03T00:00:00.000000000,86.85,86.9718
2022-10-03T01:00:00.000000000,82.72,84.63342
2022-10-03T02:00:00.000000000,81.0,83.39946
2022-10-03T03:00:00.000000000,84.9,84.16006
2022-10-03T04:00:00.000000000,91.92,87.28444
2022-10-03T05:00:00.000000000,96.02,91.53597
2022-10-03T06:00:00.000000000,105.55,96.4416
2022-10-03T07:00:00.000000000,113.79,101.13787
2022-10-03T08:00:00.000000000,119.63,104.57808
2022-10-03T09:00:00.000000000,122.45,106.77789
2022-10-03T10:00:00.000000000,125.93,107.64631
2022-10-03T11:00:00.000000000,127.01,107.34146
2022-10-03T12:00:00.000000000,122.94,105.62443
2022-10-03T13:00:00.000000000,113.98,102.97069
2022-10-03T14:00:00.000000000,104.15,100.01203
2022-10-03T15:00:00.000000000,101.5,98.32639
2022-10-03T16:00:00.000000000,101.52,97.82574
2022-10-03T17:00:00.000000000,102.84,97.5163
2022-10-03T18:00:00.000000000,103.17,97.20777
2022-10-03T19:00:00.000000000,102.58,96.36871
2022-10-03T20:00:00.000000000,100.56,94.57211
2022-10-03T21:00:00.000000000,97.92,92.78351
2022-10-03T22:00:00.000000000,95.3,90.49046
2022-10-03T23:00:00.000000000,92.92,88.33192
2022-10-04T00:00:00.000000000,86.14,85.53013
2022-10-04T01:00:00.000000000,79.98,83.59231
2022-10-04T02:00:00.000000000,79.38,82.96608
2022-10-04T03:00:00.000000000,82.38,84.36579
2022-10-04T04:00:00.000000000,86.23,88.10063
2022-10-04T05:00:00.000000000,90.18,92.81476
2022-10-04T06:00:00.000000000,105.91,97.95484
2022-10-04T07:00:00.000000000,115.88,102.64577
2022-10-04T08:00:00.000000000,119.28,105.86092
2022-10-04T09:00:00.000000000,122.8,107.71199
2022-10-04T10:00:00.000000000,123.59,108.23815
2022-10-04T11:00:00.000000000,123.16,107.67158
2022-10-04T12:00:00.000000000,129.45,105.77272
2022-10-04T13:00:00.000000000,113.08,103.09816
2022-10-04T14:00:00.000000000,96.69,100.25181
2022-10-04T15:00:00.000000000,95.93,98.7779
2022-10-04T16:00:00.000000000,103.99,98.44275
2022-10-04T17:00:00.000000000,107.01,98.16673
2022-10-04T18:00:00.000000000,108.45,97.70052
2022-10-04T19:00:00.000000000,108.45,96.57228
2022-10-04T20:00:00.000000000,106.94,94.38868
2022-10-04T21:00:00.000000000,105.03,92.19852
2022-10-04T22:00:00.000000000,103.3,89.56789
2022-10-04T23:00:00.000000000,100.58,87.26006
2022-10-05T00:00:00.000000000,98.36,83.43227
2022-10-05T01:00:00.000000000,89.34,81.95718
2022-10-05T02:00:00.000000000,87.56,81.98469
2022-10-05T03:00:00.000000000,90.3,84.04264
2022-10-05T04:00:00.000000000,96.67,88.40085
2022-10-05T05:00:00.000000000,101.54,93.5862
2022-10-05T06:00:00.000000000,116.6,98.9861
2022-10-05T07:00:00.000000000,118.49,103.68485
2022-10-05T08:00:00.000000000,117.27,106.6964
2022-10-05T09:00:00.000000000,121.32,108.21513
2022-10-05T10:00:00.000000000,124.95,108.43451
2022-10-05T11:00:00.000000000,123.97,107.59624
2022-10-05T12:00:00.000000000,119.82,105.43889
2022-10-05T13:00:00.000000000,109.22,102.61115
2022-10-05T14:00:00.000000000,93.74,99.75431
2022-10-05T15:00:00.000000000,95.99,98.4122
2022-10-05T16:00:00.000000000,101.32,98.23694
2022-10-05T17:00:00.000000000,102.55,98.05691
2022-10-05T18:00:00.000000000,100.73,97.51902
2022-10-05T19:00:00.000000000,98.88,96.19222
2022-10-05T20:00:00.000000000,99.2,93.68974
2022-10-05T21:00:00.000000000,97.28,91.16625
2022-10-05T22:00:00.000000000,95.18,88.25905
2022-10-05T23:00:00.000000000,94.75,85.86649
2022-10-03T00:00:00.000000000,86.85,89.37104
2022-10-03T01:00:00.000000000,82.72,87.20296
2022-10-03T02:00:00.000000000,81.0,86.16906
2022-10-03T03:00:00.000000000,84.9,87.12477
2022-10-03T04:00:00.000000000,91.92,90.58822
2022-10-03T05:00:00.000000000,96.02,95.13302
2022-10-03T06:00:00.000000000,105.55,100.17472
2022-10-03T07:00:00.000000000,113.79,104.87504
2022-10-03T08:00:00.000000000,119.63,108.2484
2022-10-03T09:00:00.000000000,122.45,110.22184
2022-10-03T10:00:00.000000000,125.93,110.82578
2022-10-03T11:00:00.000000000,127.01,110.3457
2022-10-03T12:00:00.000000000,122.94,108.42317
2022-10-03T13:00:00.000000000,113.98,105.42337
2022-10-03T14:00:00.000000000,104.15,102.02453
2022-10-03T15:00:00.000000000,101.5,100.03898
2022-10-03T16:00:00.000000000,101.52,99.33062
2022-10-03T17:00:00.000000000,102.84,98.94789
2022-10-03T18:00:00.000000000,103.17,98.6358
2022-10-03T19:00:00.000000000,102.58,97.78016
2022-10-03T20:00:00.000000000,100.56,95.86375
2022-10-03T21:00:00.000000000,97.92,93.99577
2022-10-03T22:00:00.000000000,95.3,91.79875
2022-10-03T23:00:00.000000000,92.92,89.85744
2022-10-04T00:00:00.000000000,86.14,87.18201
2022-10-04T01:00:00.000000000,79.98,85.11184
2022-10-04T02:00:00.000000000,79.38,84.30615
2022-10-04T03:00:00.000000000,82.38,85.58475
2022-10-04T04:00:00.000000000,86.23,89.35217
2022-10-04T05:00:00.000000000,90.18,94.2111
2022-10-04T06:00:00.000000000,105.91,99.52599
2022-10-04T07:00:00.000000000,115.88,104.35361
2022-10-04T08:00:00.000000000,119.28,107.59119
2022-10-04T09:00:00.000000000,122.8,109.38
2022-10-04T10:00:00.000000000,123.59,109.81031
2022-10-04T11:00:00.000000000,123.16,109.2068
2022-10-04T12:00:00.000000000,129.45,107.2825
2022-10-04T13:00:00.000000000,113.08,104.51719
2022-10-04T14:00:00.000000000,96.69,101.52456
2022-10-04T15:00:00.000000000,95.93,99.96785
2022-10-04T16:00:00.000000000,103.99,99.63477
2022-10-04T17:00:00.000000000,107.01,99.44063
2022-10-04T18:00:00.000000000,108.45,99.10375
2022-10-04T19:00:00.000000000,108.45,98.02833
2022-10-04T20:00:00.000000000,106.94,95.77635
2022-10-04T21:00:00.000000000,105.03,93.47321
2022-10-04T22:00:00.000000000,103.3,90.78338
2022-10-04T23:00:00.000000000,100.58,88.44688
2022-10-05T00:00:00.000000000,98.36,85.11328
2022-10-05T01:00:00.000000000,89.34,83.35661
2022-10-05T02:00:00.000000000,87.56,83.02297
2022-10-05T03:00:00.000000000,90.3,84.77347
2022-10-05T04:00:00.000000000,96.67,88.96826
2022-10-05T05:00:00.000000000,101.54,94.15538
2022-10-05T06:00:00.000000000,116.6,99.6852
2022-10-05T07:00:00.000000000,118.49,104.58397
2022-10-05T08:00:00.000000000,117.27,107.75972
2022-10-05T09:00:00.000000000,121.32,109.39391
2022-10-05T10:00:00.000000000,124.95,109.66509
2022-10-05T11:00:00.000000000,123.97,108.88679
2022-10-05T12:00:00.000000000,119.82,106.77465
2022-10-05T13:00:00.000000000,109.22,103.92115
2022-10-05T14:00:00.000000000,93.74,100.97908
2022-10-05T15:00:00.000000000,95.99,99.56403
2022-10-05T16:00:00.000000000,101.32,99.34924
2022-10-05T17:00:00.000000000,102.55,99.16973
2022-10-05T18:00:00.000000000,100.73,98.70151
2022-10-05T19:00:00.000000000,98.88,97.43364
2022-10-05T20:00:00.000000000,99.2,94.96459
2022-10-05T21:00:00.000000000,97.28,92.43708
2022-10-05T22:00:00.000000000,95.18,89.50881
2022-10-05T23:00:00.000000000,94.75,87.03088
2022-10-06T00:00:00.000000000,88.46,82.05331
2022-10-06T01:00:00.000000000,82.25,80.90349
2022-10-06T02:00:00.000000000,80.62,81.35719
2022-10-06T03:00:00.000000000,81.68,83.81644
2022-10-06T04:00:00.000000000,88.5,88.52033
2022-10-06T05:00:00.000000000,93.43,93.9202
2022-10-06T06:00:00.000000000,103.26,99.38107
2022-10-06T07:00:00.000000000,111.57,103.99306
2022-10-06T08:00:00.000000000,114.27,106.84093
2022-10-06T09:00:00.000000000,118.38,108.15392
2022-10-06T10:00:00.000000000,120.46,108.2089
2022-10-06T11:00:00.000000000,119.11,107.22547
2022-10-06T12:00:00.000000000,114.92,104.92648
2022-10-06T13:00:00.000000000,107.98,102.01072
2022-10-06T14:00:00.000000000,101.34,99.14358
2022-10-06T15:00:00.000000000,99.06,97.8546
2022-10-06T16:00:00.000000000,104.87,97.72963
2022-10-06T17:00:00.000000000,109.75,97.56531
2022-10-06T18:00:00.000000000,105.67,96.94795
2022-10-06T19:00:00.000000000,105.51,95.49595
2022-10-06T20:00:00.000000000,105.08,92.83291
2022-10-06T21:00:00.000000000,105.79,90.17309
2022-10-06T22:00:00.000000000,99.58,87.18424
2022-10-06T23:00:00.000000000,100.45,84.83145
2022-10-04T00:00:00.000000000,86.14,87.27879
2022-10-04T01:00:00.000000000,79.98,84.41792
2022-10-04T02:00:00.000000000,79.38,82.82886
2022-10-04T03:00:00.000000000,82.38,83.82614
2022-10-04T04:00:00.000000000,86.23,88.15061
2022-10-04T05:00:00.000000000,90.18,94.11726
2022-10-04T06:00:00.000000000,105.91,100.78215
2022-10-04T07:00:00.000000000,115.88,106.73634
2022-10-04T08:00:00.000000000,119.28,110.6712
2022-10-04T09:00:00.000000000,122.8,112.805
2022-10-04T10:00:00.000000000,123.59,113.37429
2022-10-04T11:00:00.000000000,123.16,112.52883
2022-10-04T12:00:00.000000000,129.45,109.64841
2022-10-04T13:00:00.000000000,113.08,105.17956
2022-10-04T14:00:00.000000000,96.69,100.30806
2022-10-04T15:00:00.000000000,95.93,97.59501
2022-10-04T16:00:00.000000000,103.99,97.1877
2022-10-04T17:00:00.000000000,107.01,97.781
2022-10-04T18:00:00.000000000,108.45,98.57024
2022-10-04T19:00:00.000000000,108.45,98.32266
2022-10-04T20:00:00.000000000,106.94,96.34277
2022-10-04T21:00:00.000000000,105.03,94.23916
2022-10-04T22:00:00.000000000,103.3,91.80542
2022-10-04T23:00:00.000000000,100.58,89.53249
2022-10-05T00:00:00.000000000,98.36,85.81247
2022-10-05T01:00:00.000000000,89.34,83.52869
2022-10-05T02:00:00.000000000,87.56,82.5619
2022-10-05T03:00:00.000000000,90.3,83.84283
2022-10-05T04:00:00.000000000,96.67,87.84638
2022-10-05T05:00:00.000000000,101.54,93.09983
2022-10-05T06:00:00.000000000,116.6,98.91155
2022-10-05T07:00:00.000000000,118.49,104.16329
2022-10-05T08:00:00.000000000,117.27,107.67592
2022-10-05T09:00:00.000000000,121.32,109.62278
2022-10-05T10:00:00.000000000,124.95,110.1493
2022-10-05T11:00:00.000000000,123.97,109.45317
2022-10-05T12:00:00.000000000,119.82,107.15544
2022-10-05T13:00:00.000000000,109.22,103.81549
2022-10-05T14:00:00.000000000,93.74,100.28234
2022-10-05T15:00:00.000000000,95.99,98.45188
2022-10-05T16:00:00.000000000,101.32,98.19375
2022-10-05T17:00:00.000000000,102.55,98.28882
2022-10-05T18:00:00.000000000,100.73,98.27701
2022-10-05T19:00:00.000000000,98.88,97.43053
2022-10-05T20:00:00.000000000,99.2,95.27191
2022-10-05T21:00:00.000000000,97.28,93.03923
2022-10-05T22:00:00.000000000,95.18,90.36709
2022-10-05T23:00:00.000000000,94.75,87.94922
2022-10-06T00:00:00.000000000,88.46,83.134
2022-10-06T01:00:00.000000000,82.25,81.53311
2022-10-06T02:00:00.000000000,80.62,81.45115
2022-10-06T03:00:00.000000000,81.68,83.48337
2022-10-06T04:00:00.000000000,88.5,87.92034
2022-10-06T05:00:00.000000000,93.43,93.23008
2022-10-06T06:00:00.000000000,103.26,98.76915
2022-10-06T07:00:00.000000000,111.57,103.58678
2022-10-06T08:00:00.000000000,114.27,106.70987
2022-10-06T09:00:00.000000000,118.38,108.34117
2022-10-06T10:00:00.000000000,120.46,108.67315
2022-10-06T11:00:00.000000000,119.11,107.85969
2022-10-06T12:00:00.000000000,114.92,105.57687
2022-10-06T13:00:00.000000000,107.98,102.49173
2022-10-06T14:00:00.000000000,101.34,99.34823
2022-10-06T15:00:00.000000000,99.06,97.82324
2022-10-06T16:00:00.000000000,104.87,97.62397
2022-10-06T17:00:00.000000000,109.75,97.53697
2022-10-06T18:00:00.000000000,105.67,97.11938
2022-10-06T19:00:00.000000000,105.51,95.88665
2022-10-06T20:00:00.000000000,105.08,93.44039
2022-10-06T21:00:00.000000000,105.79,91.00631
2022-10-06T22:00:00.000000000,99.58,88.20215
2022-10-06T23:00:00.000000000,100.45,85.86002
2022-10-07T00:00:00.000000000,93.09,80.87474
2022-10-07T01:00:00.000000000,88.27,80.17259
2022-10-07T02:00:00.000000000,86.74,81.14938
2022-10-07T03:00:00.000000000,87.51,84.06072
2022-10-07T04:00:00.000000000,94.54,89.14597
2022-10-07T05:00:00.000000000,97.44,94.81628
2022-10-07T06:00:00.000000000,106.89,100.38803
2022-10-07T07:00:00.000000000,112.0,104.96721
2022-10-07T08:00:00.000000000,111.92,107.67153
2022-10-07T09:00:00.000000000,113.42,108.75895
2022-10-07T10:00:00.000000000,119.91,108.59988
2022-10-07T11:00:00.000000000,121.3,107.47922
2022-10-07T12:00:00.000000000,119.97,105.10566
2022-10-07T13:00:00.000000000,112.26,102.15324
2022-10-07T14:00:00.000000000,107.13,99.23269
2022-10-07T15:00:00.000000000,107.72,97.88069
2022-10-07T16:00:00.000000000,117.61,97.64752
2022-10-07T17:00:00.000000000,122.14,97.38734
2022-10-07T18:00:00.000000000,119.54,96.65585
2022-10-07T19:00:00.000000000,118.71,95.04945
2022-10-07T20:00:00.000000000,115.36,92.15223
2022-10-07T21:00:00.000000000,114.34,89.25444
2022-10-07T22:00:00.000000000,104.45,86.12835
2022-10-07T23:00:00.000000000,103.37,83.84951
2022-10-05T00:00:00.000000000,98.36,92.56432
2022-10-05T01:00:00.000000000,89.34,87.73801
2022-10-05T02:00:00.000000000,87.56,84.03765
2022-10-05T03:00:00.000000000,90.3,83.74174
2022-10-05T04:00:00.000000000,96.67,87.78666
2022-10-05T05:00:00.000000000,101.54,94.22294
2022-10-05T06:00:00.000000000,116.6,101.82923
2022-10-05T07:00:00.000000000,118.49,108.71696
2022-10-05T08:00:00.000000000,117.27,113.30698
2022-10-05T09:00:00.000000000,121.32,115.99273
2022-10-05T10:00:00.000000000,124.95,116.9355
2022-10-05T11:00:00.000000000,123.97,116.04194
2022-10-05T12:00:00.000000000,119.82,112.42967
2022-10-05T13:00:00.000000000,109.22,106.53928
2022-10-05T14:00:00.000000000,93.74,100.1198
2022-10-05T15:00:00.000000000,95.99,96.57133
2022-10-05T16:00:00.000000000,101.32,96.54961
2022-10-05T17:00:00.000000000,102.55,98.37983
2022-10-05T18:00:00.000000000,100.73,100.77002
2022-10-05T19:00:00.000000000,98.88,101.74676
2022-10-05T20:00:00.000000000,99.2,100.52112
2022-10-05T21:00:00.000000000,97.28,99.08004
2022-10-05T22:00:00.000000000,95.18,97.23733
2022-10-05T23:00:00.000000000,94.75,94.92869
2022-10-06T00:00:00.000000000,88.46,89.8494
2022-10-06T01:00:00.000000000,82.25,86.25602
2022-10-06T02:00:00.000000000,80.62,83.71553
2022-10-06T03:00:00.000000000,81.68,83.8141
2022-10-06T04:00:00.000000000,88.5,87.20647
2022-10-06T05:00:00.000000000,93.43,92.35267
2022-10-06T06:00:00.000000000,103.26,98.45699
2022-10-06T07:00:00.000000000,111.57,104.17326
2022-10-06T08:00:00.000000000,114.27,108.16753
2022-10-06T09:00:00.000000000,118.38,110.64183
2022-10-06T10:00:00.000000000,120.46,111.62185
2022-10-06T11:00:00.000000000,119.11,111.13353
2022-10-06T12:00:00.000000000,114.92,108.68379
2022-10-06T13:00:00.000000000,107.98,104.74816
2022-10-06T14:00:00.000000000,101.34,100.45912
2022-10-06T15:00:00.000000000,99.06,98.12036
2022-10-06T16:00:00.000000000,104.87,97.94826
2022-10-06T17:00:00.000000000,109.75,98.63065
2022-10-06T18:00:00.000000000,105.67,99.52806
2022-10-06T19:00:00.000000000,105.51,99.48314
2022-10-06T20:00:00.000000000,105.08,97.9216
2022-10-06T21:00:00.000000000,105.79,96.22618
2022-10-06T22:00:00.000000000,99.58,94.03119
2022-10-06T23:00:00.000000000,100.45,91.67143
2022-10-07T00:00:00.000000000,93.09,87.20699
2022-10-07T01:00:00.000000000,88.27,84.55649
2022-10-07T02:00:00.000000000,86.74,83.15548
2022-10-07T03:00:00.000000000,87.51,84.08624
2022-10-07T04:00:00.000000000,94.54,87.83062
2022-10-07T05:00:00.000000000,97.44,92.89864
2022-10-07T06:00:00.000000000,106.89,98.59923
2022-10-07T07:00:00.000000000,112.0,103.82621
2022-10-07T08:00:00.000000000,111.92,107.41481
2022-10-07T09:00:00.000000000,113.42,109.53334
2022-10-07T10:00:00.000000000,119.91,110.25005
2022-10-07T11:00:00.000000000,121.3,109.69334
2022-10-07T12:00:00.000000000,119.97,107.47473
2022-10-07T13:00:00.000000000,112.26,104.1495
2022-10-07T14:00:00.000000000,107.13,100.60575
2022-10-07T15:00:00.000000000,107.72,98.76526
2022-10-07T16:00:00.000000000,117.61,98.53867
2022-10-07T17:00:00.000000000,122.14,98.68853
2022-10-07T18:00:00.000000000,119.54,98.76401
2022-10-07T19:00:00.000000000,118.71,98.02406
2022-10-07T20:00:00.000000000,115.36,96.01452
2022-10-07T21:00:00.000000000,114.34,93.95793
2022-10-07T22:00:00.000000000,104.45,91.44284
2022-10-07T23:00:00.000000000,103.37,89.046
2022-10-08T00:00:00.000000000,94.08,84.82178
2022-10-08T01:00:00.000000000,88.83,82.93528
2022-10-08T02:00:00.000000000,90.22,82.44704
2022-10-08T03:00:00.000000000,93.11,84.08359
2022-10-08T04:00:00.000000000,98.91,88.21305
2022-10-08T05:00:00.000000000,104.5,93.35122
2022-10-08T06:00:00.000000000,105.73,98.85768
2022-10-08T07:00:00.000000000,109.37,103.74372
2022-10-08T08:00:00.000000000,115.6,106.96894
2022-10-08T09:00:00.000000000,117.92,108.72233
2022-10-08T10:00:00.000000000,118.68,109.16162
2022-10-08T11:00:00.000000000,118.89,108.46574
2022-10-08T12:00:00.000000000,117.91,106.3105
2022-10-08T13:00:00.000000000,116.34,103.31435
2022-10-08T14:00:00.000000000,119.96,100.22528
2022-10-08T15:00:00.000000000,120.22,98.72092
2022-10-08T16:00:00.000000000,120.93,98.52283
2022-10-08T17:00:00.000000000,118.59,98.42913
2022-10-08T18:00:00.000000000,120.34,98.05926
2022-10-08T19:00:00.000000000,120.14,96.89636
2022-10-08T20:00:00.000000000,114.37,94.54046
2022-10-08T21:00:00.000000000,112.76,92.16777
2022-10-08T22:00:00.000000000,112.67,89.39321
2022-10-08T23:00:00.000000000,104.53,86.99931
2022-10-06T00:00:00.000000000,88.46,88.91207
2022-10-06T01:00:00.000000000,82.25,85.32664
2022-10-06T02:00:00.000000000,80.62,83.38391
2022-10-06T03:00:00.000000000,81.68,84.46005
2022-10-06T04:00:00.000000000,88.5,88.96072
2022-10-06T05:00:00.000000000,93.43,94.98248
2022-10-06T06:00:00.000000000,103.26,101.59019
2022-10-06T07:00:00.000000000,111.57,107.37408
2022-10-06T08:00:00.000000000,114.27,111.0819
2022-10-06T09:00:00.000000000,118.38,112.91366
2022-10-06T10:00:00.000000000,120.46,112.98528
2022-10-06T11:00:00.000000000,119.11,111.48133
2022-10-06T12:00:00.000000000,114.92,107.95956
2022-10-06T13:00:00.000000000,107.98,103.21564
2022-10-06T14:00:00.000000000,101.34,98.60119
2022-10-06T15:00:00.000000000,99.06,96.55478
2022-10-06T16:00:00.000000000,104.87,97.05314
2022-10-06T17:00:00.000000000,109.75,98.36655
2022-10-06T18:00:00.000000000,105.67,99.58153
2022-10-06T19:00:00.000000000,105.51,99.63525
2022-10-06T20:00:00.000000000,105.08,98.0252
2022-10-06T21:00:00.000000000,105.79,96.25788
2022-10-06T22:00:00.000000000,99.58,93.835
2022-10-06T23:00:00.000000000,100.45,91.09725
2022-10-07T00:00:00.000000000,93.09,86.84594
2022-10-07T01:00:00.000000000,88.27,84.26711
2022-10-07T02:00:00.000000000,86.74,83.09252
2022-10-07T03:00:00.000000000,87.51,84.35166
2022-10-07T04:00:00.000000000,94.54,88.50813
2022-10-07T05:00:00.000000000,97.44,93.94267
2022-10-07T06:00:00.000000000,106.89,99.88929
2022-10-07T07:00:00.000000000,112.0,105.15884
2022-10-07T08:00:00.000000000,111.92,108.59886
2022-10-07T09:00:00.000000000,113.42,110.45409
2022-10-07T10:00:00.000000000,119.91,110.88119
2022-10-07T11:00:00.000000000,121.3,110.02016
2022-10-07T12:00:00.000000000,119.97,107.47264
2022-10-07T13:00:00.000000000,112.26,103.90912
2022-10-07T14:00:00.000000000,107.13,100.32909
2022-10-07T15:00:00.000000000,107.72,98.68733
2022-10-07T16:00:00.000000000,117.61,98.79615
2022-10-07T17:00:00.000000000,122.14,99.25724
2022-10-07T18:00:00.000000000,119.54,99.51306
2022-10-07T19:00:00.000000000,118.71,98.81652
2022-10-07T20:00:00.000000000,115.36,96.7044
2022-10-07T21:00:00.000000000,114.34,94.47642
2022-10-07T22:00:00.000000000,104.45,91.74919
2022-10-07T23:00:00.000000000,103.37,89.16943
2022-10-08T00:00:00.000000000,94.08,85.35248
2022-10-08T01:00:00.000000000,88.83,83.36484
2022-10-08T02:00:00.000000000,90.22,82.83303
2022-10-08T03:00:00.000000000,93.11,84.51349
2022-10-08T04:00:00.000000000,98.91,88.78203
2022-10-08T05:00:00.000000000,104.5,94.09809
2022-10-08T06:00:00.000000000,105.73,99.76945
2022-10-08T07:00:00.000000000,109.37,104.75272
2022-10-08T08:00:00.000000000,115.6,107.96792
2022-10-08T09:00:00.000000000,117.92,109.63638
2022-10-08T10:00:00.000000000,118.68,109.94133
2022-10-08T11:00:00.000000000,118.89,109.10569
2022-10-08T12:00:00.000000000,117.91,106.80411
2022-10-08T13:00:00.000000000,116.34,103.69433
2022-10-08T14:00:00.000000000,119.96,100.56996
2022-10-08T15:00:00.000000000,120.22,99.14666
2022-10-08T16:00:00.000000000,120.93,99.11095
2022-10-08T17:00:00.000000000,118.59,99.18339
2022-10-08T18:00:00.000000000,120.34,98.94394
2022-10-08T19:00:00.000000000,120.14,97.83781
2022-10-08T20:00:00.000000000,114.37,95.4558
2022-10-08T21:00:00.000000000,112.76,93.00298
2022-10-08T22:00:00.000000000,112.67,90.11276
2022-10-08T23:00:00.000000000,104.53,87.57977
2022-10-09T00:00:00.000000000,95.94,83.97894
2022-10-09T01:00:00.000000000,91.7,82.59147
2022-10-09T02:00:00.000000000,92.65,82.78521
2022-10-09T03:00:00.000000000,94.96,85.0739
2022-10-09T04:00:00.000000000,99.42,89.76629
2022-10-09T05:00:00.000000000,102.76,95.28003
2022-10-09T06:00:00.000000000,109.53,100.90608
2022-10-09T07:00:00.000000000,114.06,105.6532
2022-10-09T08:00:00.000000000,121.54,108.51512
2022-10-09T09:00:00.000000000,125.99,109.75376
2022-10-09T10:00:00.000000000,130.27,109.67506
2022-10-09T11:00:00.000000000,129.09,108.60478
2022-10-09T12:00:00.000000000,130.47,106.25662
2022-10-09T13:00:00.000000000,129.76,103.29402
2022-10-09T14:00:00.000000000,131.19,100.39453
2022-10-09T15:00:00.000000000,122.08,99.16117
2022-10-09T16:00:00.000000000,119.99,99.1728
2022-10-09T17:00:00.000000000,118.38,99.17436
2022-10-09T18:00:00.000000000,117.34,98.73812
2022-10-09T19:00:00.000000000,119.06,97.38267
2022-10-09T20:00:00.000000000,117.32,94.69655
2022-10-09T21:00:00.000000000,117.48,91.92967
2022-10-09T22:00:00.000000000,115.91,88.81861
2022-10-09T23:00:00.000000000,110.16,86.31751
2022-10-07T00:00:00.000000000,93.09,91.54308
2022-10-07T01:00:00.000000000,88.27,87.64042
2022-10-07T02:00:00.000000000,86.74,85.22089
2022-10-07T03:00:00.000000000,87.51,85.89269
2022-10-07T04:00:00.000000000,94.54,90.17914
2022-10-07T05:00:00.000000000,97.44,96.07154
2022-10-07T06:00:00.000000000,106.89,102.53851
2022-10-07T07:00:00.000000000,112.0,108.18458
2022-10-07T08:00:00.000000000,111.92,111.84817
2022-10-07T09:00:00.000000000,113.42,113.88998
2022-10-07T10:00:00.000000000,119.91,114.42228
2022-10-07T11:00:00.000000000,121.3,113.3956
2022-10-07T12:00:00.000000000,119.97,110.20766
2022-10-07T13:00:00.000000000,112.26,105.6116
2022-10-07T14:00:00.000000000,107.13,101.03656
2022-10-07T15:00:00.000000000,107.72,99.03793
2022-10-07T16:00:00.000000000,117.61,99.6027
2022-10-07T17:00:00.000000000,122.14,100.96268
2022-10-07T18:00:00.000000000,119.54,102.18351
2022-10-07T19:00:00.000000000,118.71,102.1801
2022-10-07T20:00:00.000000000,115.36,100.46954
2022-10-07T21:00:00.000000000,114.34,98.64255
2022-10-07T22:00:00.000000000,104.45,96.28817
2022-10-07T23:00:00.000000000,103.37,93.64172
2022-10-08T00:00:00.000000000,94.08,89.7185
2022-10-08T01:00:00.000000000,88.83,86.60425
2022-10-08T02:00:00.000000000,90.22,84.80367
2022-10-08T03:00:00.000000000,93.11,85.57212
2022-10-08T04:00:00.000000000,98.91,89.3987
2022-10-08T05:00:00.000000000,104.5,94.64331
2022-10-08T06:00:00.000000000,105.73,100.50901
2022-10-08T07:00:00.000000000,109.37,105.79353
2022-10-08T08:00:00.000000000,115.6,109.30171
2022-10-08T09:00:00.000000000,117.92,111.27705
2022-10-08T10:00:00.000000000,118.68,111.80089
2022-10-08T11:00:00.000000000,118.89,111.02356
2022-10-08T12:00:00.000000000,117.91,108.53574
2022-10-08T13:00:00.000000000,116.34,104.96217
2022-10-08T14:00:00.000000000,119.96,101.32446
2022-10-08T15:00:00.000000000,120.22,99.66148
2022-10-08T16:00:00.000000000,120.93,99.8582
2022-10-08T17:00:00.000000000,118.59,100.4803
2022-10-08T18:00:00.000000000,120.34,100.97178
2022-10-08T19:00:00.000000000,120.14,100.49524
2022-10-08T20:00:00.000000000,114.37,98.59347
2022-10-08T21:00:00.000000000,112.76,96.55701
2022-10-08T22:00:00.000000000,112.67,93.99127
2022-10-08T23:00:00.000000000,104.53,91.39592
2022-10-09T00:00:00.000000000,95.94,88.25201
2022-10-09T01:00:00.000000000,91.7,85.71673
2022-10-09T02:00:00.000000000,92.65,84.56186
2022-10-09T03:00:00.000000000,94.96,85.77814
2022-10-09T04:00:00.000000000,99.42,89.77772
2022-10-09T05:00:00.000000000,102.76,94.96598
2022-10-09T06:00:00.000000000,109.53,100.60147
2022-10-09T07:00:00.000000000,114.06,105.60333
2022-10-09T08:00:00.000000000,121.54,108.85542
2022-10-09T09:00:00.000000000,125.99,110.58464
2022-10-09T10:00:00.000000000,130.27,110.91463
2022-10-09T11:00:00.000000000,129.09,110.08505
2022-10-09T12:00:00.000000000,130.47,107.75529
2022-10-09T13:00:00.000000000,129.76,104.54564
2022-10-09T14:00:00.000000000,131.19,101.30497
2022-10-09T15:00:00.000000000,122.08,99.8584
2022-10-09T16:00:00.000000000,119.99,99.96319
2022-10-09T17:00:00.000000000,118.38,100.27818
2022-10-09T18:00:00.000000000,117.34,100.34966
2022-10-09T19:00:00.000000000,119.06,99.51432
2022-10-09T20:00:00.000000000,117.32,97.35333
2022-10-09T21:00:00.000000000,117.48,95.09512
2022-10-09T22:00:00.000000000,115.91,92.3711
2022-10-09T23:00:00.000000000,110.16,89.82379
2022-10-10T00:00:00.000000000,98.57,85.45774
2022-10-10T01:00:00.000000000,86.47,83.80035
2022-10-10T02:00:00.000000000,85.34,83.52876
2022-10-10T03:00:00.000000000,88.74,85.25415
2022-10-10T04:00:00.000000000,95.45,89.23857
2022-10-10T05:00:00.000000000,105.49,94.00015
2022-10-10T06:00:00.000000000,109.83,98.97733
2022-10-10T07:00:00.000000000,114.79,103.29262
2022-10-10T08:00:00.000000000,115.1,106.05218
2022-10-10T09:00:00.000000000,119.7,107.39023
2022-10-10T10:00:00.000000000,122.9,107.4801
2022-10-10T11:00:00.000000000,119.82,106.56837
2022-10-10T12:00:00.000000000,115.6,104.43508
2022-10-10T13:00:00.000000000,107.6,101.69719
2022-10-10T14:00:00.000000000,99.59,99.00363
2022-10-10T15:00:00.000000000,101.36,97.81406
2022-10-10T16:00:00.000000000,110.8,97.7588
2022-10-10T17:00:00.000000000,104.62,97.6487
2022-10-10T18:00:00.000000000,104.53,97.16534
2022-10-10T19:00:00.000000000,101.22,95.95827
2022-10-10T20:00:00.000000000,91.21,93.70157
2022-10-10T21:00:00.000000000,89.5,91.48626
2022-10-10T22:00:00.000000000,87.22,88.88789
2022-10-10T23:00:00.000000000,83.2,86.68928
2022-10-08T00:00:00.000000000,94.08,94.58354
2022-10-08T01:00:00.000000000,88.83,90.6029
2022-10-08T02:00:00.000000000,90.22,88.35404
2022-10-08T03:00:00.000000000,93.11,89.41293
2022-10-08T04:00:00.000000000,98.91,94.10241
2022-10-08T05:00:00.000000000,104.5,100.35279
2022-10-08T06:00:00.000000000,105.73,107.04779
2022-10-08T07:00:00.000000000,109.37,112.87565
2022-10-08T08:00:00.000000000,115.6,116.4716
2022-10-08T09:00:00.000000000,117.92,118.21736
2022-10-08T10:00:00.000000000,118.68,118.23788
2022-10-08T11:00:00.000000000,118.89,116.80568
2022-10-08T12:00:00.000000000,117.91,113.38098
2022-10-08T13:00:00.000000000,116.34,108.76741
2022-10-08T14:00:00.000000000,119.96,104.17861
2022-10-08T15:00:00.000000000,120.22,102.2737
2022-10-08T16:00:00.000000000,120.93,103.01616
2022-10-08T17:00:00.000000000,118.59,104.53844
2022-10-08T18:00:00.000000000,120.34,105.9059
2022-10-08T19:00:00.000000000,120.14,105.9455
2022-10-08T20:00:00.000000000,114.37,104.19519
2022-10-08T21:00:00.000000000,112.76,102.19647
2022-10-08T22:00:00.000000000,112.67,99.59361
2022-10-08T23:00:00.000000000,104.53,96.6519
2022-10-09T00:00:00.000000000,95.94,91.84291
2022-10-09T01:00:00.000000000,91.7,88.76036
2022-10-09T02:00:00.000000000,92.65,87.06325
2022-10-09T03:00:00.000000000,94.96,88.04993
2022-10-09T04:00:00.000000000,99.42,92.26249
2022-10-09T05:00:00.000000000,102.76,97.84615
2022-10-09T06:00:00.000000000,109.53,103.83768
2022-10-09T07:00:00.000000000,114.06,108.97591
2022-10-09T08:00:00.000000000,121.54,112.11942
2022-10-09T09:00:00.000000000,125.99,113.60137
2022-10-09T10:00:00.000000000,130.27,113.64681
2022-10-09T11:00:00.000000000,129.09,112.51832
2022-10-09T12:00:00.000000000,130.47,109.75612
2022-10-09T13:00:00.000000000,129.76,105.93953
2022-10-09T14:00:00.000000000,131.19,102.12753
2022-10-09T15:00:00.000000000,122.08,100.5133
2022-10-09T16:00:00.000000000,119.99,100.95259
2022-10-09T17:00:00.000000000,118.38,101.91921
2022-10-09T18:00:00.000000000,117.34,102.70813
2022-10-09T19:00:00.000000000,119.06,102.34985
2022-10-09T20:00:00.000000000,117.32,100.31097
2022-10-09T21:00:00.000000000,117.48,98.08035
2022-10-09T22:00:00.000000000,115.91,95.45264
2022-10-09T23:00:00.000000000,110.16,92.91727
2022-10-10T00:00:00.000000000,98.57,88.0787
2022-10-10T01:00:00.000000000,86.47,85.99422
2022-10-10T02:00:00.000000000,85.34,85.17489
2022-10-10T03:00:00.000000000,88.74,86.444
2022-10-10T04:00:00.000000000,95.45,90.11766
2022-10-10T05:00:00.000000000,105.49,94.67644
2022-10-10T06:00:00.000000000,109.83,99.52815
2022-10-10T07:00:00.000000000,114.79,103.73803
2022-10-10T08:00:00.000000000,115.1,106.42006
2022-10-10T09:00:00.000000000,119.7,107.70255
2022-10-10T10:00:00.000000000,122.9,107.73885
2022-10-10T11:00:00.000000000,119.82,106.77764
2022-10-10T12:00:00.000000000,115.6,104.58009
2022-10-10T13:00:00.000000000,107.6,101.70951
2022-10-10T14:00:00.000000000,99.59,98.883
2022-10-10T15:00:00.000000000,101.36,97.6605
2022-10-10T16:00:00.000000000,110.8,97.7535
2022-10-10T17:00:00.000000000,104.62,97.92054
2022-10-10T18:00:00.000000000,104.53,97.78728
2022-10-10T19:00:00.000000000,101.22,96.89778
2022-10-10T20:00:00.000000000,91.21,94.91363
2022-10-10T21:00:00.000000000,89.5,92.96172
2022-10-10T22:00:00.000000000,87.22,90.62133
2022-10-10T23:00:00.000000000,83.2,88.53076
2022-10-11T00:00:00.000000000,83.52,82.30749
2022-10-11T01:00:00.000000000,80.49,80.63784
2022-10-11T02:00:00.000000000,79.97,80.231
2022-10-11T03:00:00.000000000,80.42,81.67315
2022-10-11T04:00:00.000000000,82.71,85.06521
2022-10-11T05:00:00.000000000,88.72,89.06903
2022-10-11T06:00:00.000000000,86.66,93.26787
2022-10-11T07:00:00.000000000,87.44,96.99119
2022-10-11T08:00:00.000000000,89.62,99.64804
2022-10-11T09:00:00.000000000,92.75,101.28434
2022-10-11T10:00:00.000000000,96.89,101.79069
2022-10-11T11:00:00.000000000,97.67,100.98997
2022-10-11T12:00:00.000000000,99.52,98.71494
2022-10-11T13:00:00.000000000,98.0,95.80916
2022-10-11T14:00:00.000000000,96.02,93.00751
2022-10-11T15:00:00.000000000,97.66,91.56342
2022-10-11T16:00:00.000000000,99.98,91.24795
2022-10-11T17:00:00.000000000,108.46,91.02258
2022-10-11T18:00:00.000000000,110.16,90.64216
2022-10-11T19:00:00.000000000,118.25,89.93297
2022-10-11T20:00:00.000000000,116.13,88.61994
2022-10-11T21:00:00.000000000,114.64,87.49449
2022-10-11T22:00:00.000000000,110.49,85.84832
2022-10-11T23:00:00.000000000,112.04,84.3212
2022-10-09T00:00:00.000000000,95.94,96.89361
2022-10-09T01:00:00.000000000,91.7,94.92547
2022-10-09T02:00:00.000000000,92.65,94.86802
2022-10-09T03:00:00.000000000,94.96,97.32681
2022-10-09T04:00:00.000000000,99.42,102.1696
2022-10-09T05:00:00.000000000,102.76,107.21457
2022-10-09T06:00:00.000000000,109.53,111.59956
2022-10-09T07:00:00.000000000,114.06,114.83321
2022-10-09T08:00:00.000000000,121.54,116.31252
2022-10-09T09:00:00.000000000,125.99,116.23593
2022-10-09T10:00:00.000000000,130.27,114.86164
2022-10-09T11:00:00.000000000,129.09,112.96739
2022-10-09T12:00:00.000000000,130.47,110.38625
2022-10-09T13:00:00.000000000,129.76,107.7702
2022-10-09T14:00:00.000000000,131.19,105.55639
2022-10-09T15:00:00.000000000,122.08,105.2965
2022-10-09T16:00:00.000000000,119.99,106.32444
2022-10-09T17:00:00.000000000,118.38,107.12551
2022-10-09T18:00:00.000000000,117.34,107.15338
2022-10-09T19:00:00.000000000,119.06,106.04431
2022-10-09T20:00:00.000000000,117.32,103.59069
2022-10-09T21:00:00.000000000,117.48,101.13732
2022-10-09T22:00:00.000000000,115.91,98.47231
2022-10-09T23:00:00.000000000,110.16,96.17524
2022-10-10T00:00:00.000000000,98.57,89.84234
2022-10-10T01:00:00.000000000,86.47,88.77039
2022-10-10T02:00:00.000000000,85.34,89.18216
2022-10-10T03:00:00.000000000,88.74,91.53415
2022-10-10T04:00:00.000000000,95.45,95.91212
2022-10-10T05:00:00.000000000,105.49,100.57097
2022-10-10T06:00:00.000000000,109.83,104.79612
2022-10-10T07:00:00.000000000,114.79,107.84815
2022-10-10T08:00:00.000000000,115.1,109.12399
2022-10-10T09:00:00.000000000,119.7,108.94452
2022-10-10T10:00:00.000000000,122.9,107.68853
2022-10-10T11:00:00.000000000,119.82,105.9811
2022-10-10T12:00:00.000000000,115.6,103.75293
2022-10-10T13:00:00.000000000,107.6,101.49659
2022-10-10T14:00:00.000000000,99.59,99.55319
2022-10-10T15:00:00.000000000,101.36,99.13593
2022-10-10T16:00:00.000000000,110.8,99.73013
2022-10-10T17:00:00.000000000,104.62,100.09922
2022-10-10T18:00:00.000000000,104.53,99.85816
2022-10-10T19:00:00.000000000,101.22,98.6324
2022-10-10T20:00:00.000000000,91.21,96.08219
2022-10-10T21:00:00.000000000,89.5,93.51537
2022-10-10T22:00:00.000000000,87.22,90.8671
2022-10-10T23:00:00.000000000,83.2,88.9935
2022-10-11T00:00:00.000000000,83.52,82.59481
2022-10-11T01:00:00.000000000,80.49,81.52403
2022-10-11T02:00:00.000000000,79.97,82.10981
2022-10-11T03:00:00.000000000,80.42,84.63945
2022-10-11T04:00:00.000000000,82.71,89.07023
2022-10-11T05:00:00.000000000,88.72,93.7982
2022-10-11T06:00:00.000000000,86.66,98.27367
2022-10-11T07:00:00.000000000,87.44,101.79568
2022-10-11T08:00:00.000000000,89.62,103.80086
2022-10-11T09:00:00.000000000,92.75,104.50327
2022-10-11T10:00:00.000000000,96.89,104.04497
2022-10-11T11:00:00.000000000,97.67,102.61985
2022-10-11T12:00:00.000000000,99.52,100.20174
2022-10-11T13:00:00.000000000,98.0,97.63437
2022-10-11T14:00:00.000000000,96.02,95.48653
2022-10-11T15:00:00.000000000,97.66,94.86644
2022-10-11T16:00:00.000000000,99.98,95.26465
2022-10-11T17:00:00.000000000,108.46,95.48409
2022-10-11T18:00:00.000000000,110.16,95.15992
2022-10-11T19:00:00.000000000,118.25,94.08692
2022-10-11T20:00:00.000000000,116.13,91.92207
2022-10-11T21:00:00.000000000,114.64,89.72818
2022-10-11T22:00:00.000000000,110.49,87.09003
2022-10-11T23:00:00.000000000,112.04,84.99066
2022-10-12T00:00:00.000000000,101.63,81.42794
2022-10-12T01:00:00.000000000,96.72,80.6996
2022-10-12T02:00:00.000000000,93.6,81.72314
2022-10-12T03:00:00.000000000,94.32,84.67882
2022-10-12T04:00:00.000000000,98.05,89.67505
2022-10-12T05:00:00.000000000,106.51,95.17929
2022-10-12T06:00:00.000000000,112.36,100.55812
2022-10-12T07:00:00.000000000,117.13,104.94271
2022-10-12T08:00:00.000000000,124.75,107.41923
2022-10-12T09:00:00.000000000,128.23,108.24725
2022-10-12T10:00:00.000000000,130.37,107.7436
2022-10-12T11:00:00.000000000,129.46,106.3456
2022-10-12T12:00:00.000000000,124.38,103.95086
2022-10-12T13:00:00.000000000,114.04,101.31416
2022-10-12T14:00:00.000000000,100.23,98.93595
2022-10-12T15:00:00.000000000,96.6,98.09586
2022-10-12T16:00:00.000000000,104.46,98.25216
2022-10-12T17:00:00.000000000,108.44,98.21916
2022-10-12T18:00:00.000000000,108.49,97.64859
2022-10-12T19:00:00.000000000,109.98,96.18092
2022-10-12T20:00:00.000000000,111.15,93.38363
2022-10-12T21:00:00.000000000,107.39,90.42529
2022-10-12T22:00:00.000000000,106.13,87.0643
2022-10-12T23:00:00.000000000,103.59,84.50161
2022-10-10T00:00:00.000000000,98.57,100.4483
2022-10-10T01:00:00.000000000,86.47,97.22418
2022-10-10T02:00:00.000000000,85.34,95.03473
2022-10-10T03:00:00.000000000,88.74,95.14082
2022-10-10T04:00:00.000000000,95.45,97.95313
2022-10-10T05:00:00.000000000,105.49,101.52158
2022-10-10T06:00:00.000000000,109.83,105.23359
2022-10-10T07:00:00.000000000,114.79,108.55446
2022-10-10T08:00:00.000000000,115.1,111.02038
2022-10-10T09:00:00.000000000,119.7,112.59123
2022-10-10T10:00:00.000000000,122.9,113.09821
2022-10-10T11:00:00.000000000,119.82,112.63529
2022-10-10T12:00:00.000000000,115.6,110.75323
2022-10-10T13:00:00.000000000,107.6,107.85471
2022-10-10T14:00:00.000000000,99.59,104.89857
2022-10-10T15:00:00.000000000,101.36,103.68363
2022-10-10T16:00:00.000000000,110.8,103.83233
2022-10-10T17:00:00.000000000,104.62,104.05415
2022-10-10T18:00:00.000000000,104.53,104.02653
2022-10-10T19:00:00.000000000,101.22,103.41213
2022-10-10T20:00:00.000000000,91.21,101.87698
2022-10-10T21:00:00.000000000,89.5,100.73579
2022-10-10T22:00:00.000000000,87.22,99.44977
2022-10-10T23:00:00.000000000,83.2,97.98701
2022-10-11T00:00:00.000000000,83.52,92.25477
2022-10-11T01:00:00.000000000,80.49,89.18193
2022-10-11T02:00:00.000000000,79.97,87.30489
2022-10-11T03:00:00.000000000,80.42,87.78233
2022-10-11T04:00:00.000000000,82.71,90.85365
2022-10-11T05:00:00.000000000,88.72,94.97798
2022-10-11T06:00:00.000000000,86.66,99.5562
2022-10-11T07:00:00.000000000,87.44,103.76348
2022-10-11T08:00:00.000000000,89.62,106.71811
2022-10-11T09:00:00.000000000,92.75,108.50093
2022-10-11T10:00:00.000000000,96.89,108.95828
2022-10-11T11:00:00.000000000,97.67,108.28533
2022-10-11T12:00:00.000000000,99.52,106.26501
2022-10-11T13:00:00.000000000,98.0,103.43933
2022-10-11T14:00:00.000000000,96.02,100.54284
2022-10-11T15:00:00.000000000,97.66,99.23738
2022-10-11T16:00:00.000000000,99.98,99.39485
2022-10-11T17:00:00.000000000,108.46,99.76647
2022-10-11T18:00:00.000000000,110.16,100.00888
2022-10-11T19:00:00.000000000,118.25,99.5455
2022-10-11T20:00:00.000000000,116.13,98.03553
2022-10-11T21:00:00.000000000,114.64,96.55255
2022-10-11T22:00:00.000000000,110.49,94.55252
2022-10-11T23:00:00.000000000,112.04,92.4097
2022-10-12T00:00:00.000000000,101.63,88.94323
2022-10-12T01:00:00.000000000,96.72,86.32638
2022-10-12T02:00:00.000000000,93.6,84.99529
2022-10-12T03:00:00.000000000,94.32,85.94519
2022-10-12T04:00:00.000000000,98.05,89.55075
2022-10-12T05:00:00.000000000,106.51,94.30289
2022-10-12T06:00:00.000000000,112.36,99.55677
2022-10-12T07:00:00.000000000,117.13,104.33308
2022-10-12T08:00:00.000000000,124.75,107.5861
2022-10-12T09:00:00.000000000,128.23,109.47386
2022-10-12T10:00:00.000000000,130.37,109.99882
2022-10-12T11:00:00.000000000,129.46,109.34768
2022-10-12T12:00:00.000000000,124.38,107.23645
2022-10-12T13:00:00.000000000,114.04,104.27282
2022-10-12T14:00:00.000000000,100.23,101.26674
2022-10-12T15:00:00.000000000,96.6,99.9118
2022-10-12T16:00:00.000000000,104.46,99.97635
2022-10-12T17:00:00.000000000,108.44,100.19774
2022-10-12T18:00:00.000000000,108.49,100.23236
2022-10-12T19:00:00.000000000,109.98,99.48121
2022-10-12T20:00:00.000000000,111.15,97.52684
2022-10-12T21:00:00.000000000,107.39,95.48835
2022-10-12T22:00:00.000000000,106.13,92.92236
2022-10-12T23:00:00.000000000,103.59,90.45165
2022-10-13T00:00:00.000000000,94.19,87.14372
2022-10-13T01:00:00.000000000,89.4,85.01477
2022-10-13T02:00:00.000000000,86.46,84.2969
2022-10-13T03:00:00.000000000,87.54,85.82977
2022-10-13T04:00:00.000000000,94.1,90.03241
2022-10-13T05:00:00.000000000,101.16,95.35618
2022-10-13T06:00:00.000000000,112.89,101.05641
2022-10-13T07:00:00.000000000,118.89,106.0778
2022-10-13T08:00:00.000000000,123.33,109.28571
2022-10-13T09:00:00.000000000,124.54,110.92527
2022-10-13T10:00:00.000000000,124.83,111.18063
2022-10-13T11:00:00.000000000,124.64,110.36119
2022-10-13T12:00:00.000000000,120.98,108.13157
2022-10-13T13:00:00.000000000,112.18,105.08493
2022-10-13T14:00:00.000000000,98.71,101.96717
2022-10-13T15:00:00.000000000,94.53,100.54359
2022-10-13T16:00:00.000000000,100.65,100.51701
2022-10-13T17:00:00.000000000,101.02,100.62502
2022-10-13T18:00:00.000000000,103.74,100.46726
2022-10-13T19:00:00.000000000,105.29,99.40454
2022-10-13T20:00:00.000000000,101.32,96.99503
2022-10-13T21:00:00.000000000,100.61,94.46509
2022-10-13T22:00:00.000000000,98.28,91.52398
2022-10-13T23:00:00.000000000,98.85,88.95062
2022-10-11T00:00:00.000000000,83.52,78.6913
2022-10-11T01:00:00.000000000,80.49,77.01155
2022-10-11T02:00:00.000000000,79.97,77.22082
2022-10-11T03:00:00.000000000,80.42,79.83964
2022-10-11T04:00:00.000000000,82.71,85.07162
2022-10-11T05:00:00.000000000,88.72,91.31482
2022-10-11T06:00:00.000000000,86.66,97.89537
2022-10-11T07:00:00.000000000,87.44,103.70557
2022-10-11T08:00:00.000000000,89.62,107.53275
2022-10-11T09:00:00.000000000,92.75,109.43304
2022-10-11T10:00:00.000000000,96.89,109.60214
2022-10-11T11:00:00.000000000,97.67,108.24347
2022-10-11T12:00:00.000000000,99.52,105.04642
2022-10-11T13:00:00.000000000,98.0,100.97196
2022-10-11T14:00:00.000000000,96.02,97.0279
2022-10-11T15:00:00.000000000,97.66,95.05979
2022-10-11T16:00:00.000000000,99.98,94.72946
2022-10-11T17:00:00.000000000,108.46,94.6675
2022-10-11T18:00:00.000000000,110.16,94.28045
2022-10-11T19:00:00.000000000,118.25,93.06615
2022-10-11T20:00:00.000000000,116.13,90.70143
2022-10-11T21:00:00.000000000,114.64,88.37243
2022-10-11T22:00:00.000000000,110.49,85.43326
2022-10-11T23:00:00.000000000,112.04,82.72345
2022-10-12T00:00:00.000000000,101.63,80.11527
2022-10-12T01:00:00.000000000,96.72,78.64011
2022-10-12T02:00:00.000000000,93.6,78.60782
2022-10-12T03:00:00.000000000,94.32,80.57099
2022-10-12T04:00:00.000000000,98.05,84.91555
2022-10-12T05:00:00.000000000,106.51,90.33176
2022-10-12T06:00:00.000000000,112.36,96.26667
2022-10-12T07:00:00.000000000,117.13,101.66565
2022-10-12T08:00:00.000000000,124.75,105.35222
2022-10-12T09:00:00.000000000,128.23,107.45273
2022-10-12T10:00:00.000000000,130.37,108.11353
2022-10-12T11:00:00.000000000,129.46,107.44495
2022-10-12T12:00:00.000000000,124.38,105.16145
2022-10-12T13:00:00.000000000,114.04,102.00178
2022-10-12T14:00:00.000000000,100.23,98.77381
2022-10-12T15:00:00.000000000,96.6,97.05586
2022-10-12T16:00:00.000000000,104.46,96.55894
2022-10-12T17:00:00.000000000,108.44,96.18906
2022-10-12T18:00:00.000000000,108.49,95.64159
2022-10-12T19:00:00.000000000,109.98,94.40386
2022-10-12T20:00:00.000000000,111.15,92.02538
2022-10-12T21:00:00.000000000,107.39,89.56607
2022-10-12T22:00:00.000000000,106.13,86.55809
2022-10-12T23:00:00.000000000,103.59,83.99963
2022-10-13T00:00:00.000000000,94.19,81.44301
2022-10-13T01:00:00.000000000,89.4,80.01637
2022-10-13T02:00:00.000000000,86.46,79.99311
2022-10-13T03:00:00.000000000,87.54,81.88889
2022-10-13T04:00:00.000000000,94.1,86.0658
2022-10-13T05:00:00.000000000,101.16,91.2358
2022-10-13T06:00:00.000000000,112.89,96.86555
2022-10-13T07:00:00.000000000,118.89,102.00383
2022-10-13T08:00:00.000000000,123.33,105.53165
2022-10-13T09:00:00.000000000,124.54,107.56122
2022-10-13T10:00:00.000000000,124.83,108.2254
2022-10-13T11:00:00.000000000,124.64,107.694
2022-10-13T12:00:00.000000000,120.98,105.68986
2022-10-13T13:00:00.000000000,112.18,102.87098
2022-10-13T14:00:00.000000000,98.71,99.90827
2022-10-13T15:00:00.000000000,94.53,98.31088
2022-10-13T16:00:00.000000000,100.65,97.75054
2022-10-13T17:00:00.000000000,101.02,97.18578
2022-10-13T18:00:00.000000000,103.74,96.39328
2022-10-13T19:00:00.000000000,105.29,94.95305
2022-10-13T20:00:00.000000000,101.32,92.46823
2022-10-13T21:00:00.000000000,100.61,89.96191
2022-10-13T22:00:00.000000000,98.28,86.98575
2022-10-13T23:00:00.000000000,98.85,84.50696
2022-10-14T00:00:00.000000000,92.59,81.34115
2022-10-14T01:00:00.000000000,90.08,80.01867
2022-10-14T02:00:00.000000000,87.27,80.10573
2022-10-14T03:00:00.000000000,90.89,82.06211
2022-10-14T04:00:00.000000000,95.45,86.15253
2022-10-14T05:00:00.000000000,101.22,91.0616
2022-10-14T06:00:00.000000000,117.93,96.30896
2022-10-14T07:00:00.000000000,125.99,101.04809
2022-10-14T08:00:00.000000000,120.72,104.3059
2022-10-14T09:00:00.000000000,123.31,106.18316
2022-10-14T10:00:00.000000000,125.13,106.79083
2022-10-14T11:00:00.000000000,125.59,106.23342
2022-10-14T12:00:00.000000000,119.0,104.26556
2022-10-14T13:00:00.000000000,107.68,101.55149
2022-10-14T14:00:00.000000000,100.56,98.71842
2022-10-14T15:00:00.000000000,96.16,97.20072
2022-10-14T16:00:00.000000000,101.0,96.68397
2022-10-14T17:00:00.000000000,103.28,96.13026
2022-10-14T18:00:00.000000000,104.91,95.30459
2022-10-14T19:00:00.000000000,104.99,93.88378
2022-10-14T20:00:00.000000000,98.66,91.50784
2022-10-14T21:00:00.000000000,103.82,89.18971
2022-10-14T22:00:00.000000000,104.28,86.4464
2022-10-14T23:00:00.000000000,101.64,84.1898
2022-10-12T00:00:00.000000000,101.63,101.94526
2022-10-12T01:00:00.000000000,96.72,97.80152
2022-10-12T02:00:00.000000000,93.6,94.73129
2022-10-12T03:00:00.000000000,94.32,94.4351
2022-10-12T04:00:00.000000000,98.05,96.63216
2022-10-12T05:00:00.000000000,106.51,99.85383
2022-10-12T06:00:00.000000000,112.36,103.73656
2022-10-12T07:00:00.000000000,117.13,107.87461
2022-10-12T08:00:00.000000000,124.75,111.12904
2022-10-12T09:00:00.000000000,128.23,113.49338
2022-10-12T10:00:00.000000000,130.37,114.41677
2022-10-12T11:00:00.000000000,129.46,114.00058
2022-10-12T12:00:00.000000000,124.38,111.7897
2022-10-12T13:00:00.000000000,114.04,108.3532
2022-10-12T14:00:00.000000000,100.23,104.58356
2022-10-12T15:00:00.000000000,96.6,102.6733
2022-10-12T16:00:00.000000000,104.46,102.92929
2022-10-12T17:00:00.000000000,108.44,103.91192
2022-10-12T18:00:00.000000000,108.49,105.11686
2022-10-12T19:00:00.000000000,109.98,105.6208
2022-10-12T20:00:00.000000000,111.15,105.25276
2022-10-12T21:00:00.000000000,107.39,105.29357
2022-10-12T22:00:00.000000000,106.13,104.75639
2022-10-12T23:00:00.000000000,103.59,103.26699
2022-10-13T00:00:00.000000000,94.19,96.70477
2022-10-13T01:00:00.000000000,89.4,93.19114
2022-10-13T02:00:00.000000000,86.46,90.80491
2022-10-13T03:00:00.000000000,87.54,90.9886
2022-10-13T04:00:00.000000000,94.1,94.10846
2022-10-13T05:00:00.000000000,101.16,98.40998
2022-10-13T06:00:00.000000000,112.89,103.15069
2022-10-13T07:00:00.000000000,118.89,107.43931
2022-10-13T08:00:00.000000000,123.33,110.37088
2022-10-13T09:00:00.000000000,124.54,112.11216
2022-10-13T10:00:00.000000000,124.83,112.57089
2022-10-13T11:00:00.000000000,124.64,111.90477
2022-10-13T12:00:00.000000000,120.98,109.73604
2022-10-13T13:00:00.000000000,112.18,106.54743
2022-10-13T14:00:00.000000000,98.71,103.26804
2022-10-13T15:00:00.000000000,94.53,101.85617
2022-10-13T16:00:00.000000000,100.65,102.23223
2022-10-13T17:00:00.000000000,101.02,103.02243
2022-10-13T18:00:00.000000000,103.74,103.739
2022-10-13T19:00:00.000000000,105.29,103.57382
2022-10-13T20:00:00.000000000,101.32,102.10737
2022-10-13T21:00:00.000000000,100.61,100.63181
2022-10-13T22:00:00.000000000,98.28,98.73699
2022-10-13T23:00:00.000000000,98.85,96.6465
2022-10-14T00:00:00.000000000,92.59,91.81921
2022-10-14T01:00:00.000000000,90.08,88.87453
2022-10-14T02:00:00.000000000,87.27,87.17172
2022-10-14T03:00:00.000000000,90.89,87.88383
2022-10-14T04:00:00.000000000,95.45,91.35412
2022-10-14T05:00:00.000000000,101.22,95.95159
2022-10-14T06:00:00.000000000,117.93,100.96107
2022-10-14T07:00:00.000000000,125.99,105.42216
2022-10-14T08:00:00.000000000,120.72,108.36625
2022-10-14T09:00:00.000000000,123.31,109.98381
2022-10-14T10:00:00.000000000,125.13,110.27879
2022-10-14T11:00:00.000000000,125.59,109.48706
2022-10-14T12:00:00.000000000,119.0,107.31729
2022-10-14T13:00:00.000000000,107.68,104.29482
2022-10-14T14:00:00.000000000,100.56,101.20656
2022-10-14T15:00:00.000000000,96.16,99.84704
2022-10-14T16:00:00.000000000,101.0,100.07283
2022-10-14T17:00:00.000000000,103.28,100.5736
2022-10-14T18:00:00.000000000,104.91,100.906
2022-10-14T19:00:00.000000000,104.99,100.37537
2022-10-14T20:00:00.000000000,98.66,98.58389
2022-10-14T21:00:00.000000000,103.82,96.74863
2022-10-14T22:00:00.000000000,104.28,94.48179
2022-10-14T23:00:00.000000000,101.64,92.2289
2022-10-15T00:00:00.000000000,98.26,88.0555
2022-10-15T01:00:00.000000000,92.12,85.71816
2022-10-15T02:00:00.000000000,89.47,84.72417
2022-10-15T03:00:00.000000000,94.21,85.94451
2022-10-15T04:00:00.000000000,100.39,89.65195
2022-10-15T05:00:00.000000000,108.03,94.32688
2022-10-15T06:00:00.000000000,117.87,99.35341
2022-10-15T07:00:00.000000000,119.59,103.78406
2022-10-15T08:00:00.000000000,120.79,106.66191
2022-10-15T09:00:00.000000000,126.24,108.13711
2022-10-15T10:00:00.000000000,128.17,108.26894
2022-10-15T11:00:00.000000000,130.26,107.31126
2022-10-15T12:00:00.000000000,128.63,105.05974
2022-10-15T13:00:00.000000000,123.15,102.14286
2022-10-15T14:00:00.000000000,128.06,99.29354
2022-10-15T15:00:00.000000000,125.1,98.08928
2022-10-15T16:00:00.000000000,124.3,98.27014
2022-10-15T17:00:00.000000000,117.27,98.56241
2022-10-15T18:00:00.000000000,112.31,98.59318
2022-10-15T19:00:00.000000000,113.37,97.84014
2022-10-15T20:00:00.000000000,112.51,95.92833
2022-10-15T21:00:00.000000000,110.77,93.96215
2022-10-15T22:00:00.000000000,109.57,91.49374
2022-10-15T23:00:00.000000000,106.73,89.17359
2022-10-13T00:00:00.000000000,94.19,96.87
2022-10-13T01:00:00.000000000,89.4,91.43999
2022-10-13T02:00:00.000000000,86.46,87.21376
2022-10-13T03:00:00.000000000,87.54,86.53774
2022-10-13T04:00:00.000000000,94.1,90.14441
2022-10-13T05:00:00.000000000,101.16,96.01959
2022-10-13T06:00:00.000000000,112.89,103.00815
2022-10-13T07:00:00.000000000,118.89,109.40975
2022-10-13T08:00:00.000000000,123.33,113.7718
2022-10-13T09:00:00.000000000,124.54,116.31424
2022-10-13T10:00:00.000000000,124.83,117.014
2022-10-13T11:00:00.000000000,124.64,115.86219
2022-10-13T12:00:00.000000000,120.98,112.2076
2022-10-13T13:00:00.000000000,112.18,106.60716
2022-10-13T14:00:00.000000000,98.71,100.80297
2022-10-13T15:00:00.000000000,94.53,97.91622
2022-10-13T16:00:00.000000000,100.65,98.46396
2022-10-13T17:00:00.000000000,101.02,100.67593
2022-10-13T18:00:00.000000000,103.74,103.39408
2022-10-13T19:00:00.000000000,105.29,104.75798
2022-10-13T20:00:00.000000000,101.32,104.01274
2022-10-13T21:00:00.000000000,100.61,102.9268
2022-10-13T22:00:00.000000000,98.28,101.15336
2022-10-13T23:00:00.000000000,98.85,98.56703
2022-10-14T00:00:00.000000000,92.59,94.54265
2022-10-14T01:00:00.000000000,90.08,90.2537
2022-10-14T02:00:00.000000000,87.27,86.82802
2022-10-14T03:00:00.000000000,90.89,86.16121
2022-10-14T04:00:00.000000000,95.45,88.91989
2022-10-14T05:00:00.000000000,101.22,93.53122
2022-10-14T06:00:00.000000000,117.93,99.19362
2022-10-14T07:00:00.000000000,125.99,104.60122
2022-10-14T08:00:00.000000000,120.72,108.48631
2022-10-14T09:00:00.000000000,123.31,111.0163
2022-10-14T10:00:00.000000000,125.13,112.09387
2022-10-14T11:00:00.000000000,125.59,111.71246
2022-10-14T12:00:00.000000000,119.0,109.4054
2022-10-14T13:00:00.000000000,107.68,105.58196
2022-10-14T14:00:00.000000000,100.56,101.40623
2022-10-14T15:00:00.000000000,96.16,99.19154
2022-10-14T16:00:00.000000000,101.0,99.23286
2022-10-14T17:00:00.000000000,103.28,100.21402
2022-10-14T18:00:00.000000000,104.91,101.52162
2022-10-14T19:00:00.000000000,104.99,101.89616
2022-10-14T20:00:00.000000000,98.66,100.77023
2022-10-14T21:00:00.000000000,103.82,99.4762
2022-10-14T22:00:00.000000000,104.28,97.62914
2022-10-14T23:00:00.000000000,101.64,95.3776
2022-10-15T00:00:00.000000000,98.26,91.32077
2022-10-15T01:00:00.000000000,92.12,87.90995
2022-10-15T02:00:00.000000000,89.47,85.51298
2022-10-15T03:00:00.000000000,94.21,85.526
2022-10-15T04:00:00.000000000,100.39,88.40513
2022-10-15T05:00:00.000000000,108.03,92.69182
2022-10-15T06:00:00.000000000,117.87,97.7688
2022-10-15T07:00:00.000000000,119.59,102.57627
2022-10-15T08:00:00.000000000,120.79,106.03697
2022-10-15T09:00:00.000000000,126.24,108.25256
2022-10-15T10:00:00.000000000,128.17,109.11607
2022-10-15T11:00:00.000000000,130.26,108.67877
2022-10-15T12:00:00.000000000,128.63,106.62431
2022-10-15T13:00:00.000000000,123.15,103.46392
2022-10-15T14:00:00.000000000,128.06,100.11218
2022-10-15T15:00:00.000000000,125.1,98.42371
2022-10-15T16:00:00.000000000,124.3,98.42234
2022-10-15T17:00:00.000000000,117.27,98.8693
2022-10-15T18:00:00.000000000,112.31,99.3616
2022-10-15T19:00:00.000000000,113.37,99.1178
2022-10-15T20:00:00.000000000,112.51,97.72272
2022-10-15T21:00:00.000000000,110.77,96.28395
2022-10-15T22:00:00.000000000,109.57,94.28642
2022-10-15T23:00:00.000000000,106.73,92.07533
2022-10-16T00:00:00.000000000,106.34,88.85448
2022-10-16T01:00:00.000000000,94.05,85.85692
2022-10-16T02:00:00.000000000,92.19,84.07008
2022-10-16T03:00:00.000000000,94.52,84.61523
2022-10-16T04:00:00.000000000,96.05,87.80558
2022-10-16T05:00:00.000000000,103.92,92.22383
2022-10-16T06:00:00.000000000,111.57,97.3009
2022-10-16T07:00:00.000000000,114.29,102.06673
2022-10-16T08:00:00.000000000,117.25,105.46541
2022-10-16T09:00:00.000000000,119.98,107.5742
2022-10-16T10:00:00.000000000,119.62,108.26999
2022-10-16T11:00:00.000000000,120.71,107.67604
2022-10-16T12:00:00.000000000,120.49,105.5594
2022-10-16T13:00:00.000000000,121.34,102.53439
2022-10-16T14:00:00.000000000,118.9,99.41998
2022-10-16T15:00:00.000000000,113.12,97.91019
2022-10-16T16:00:00.000000000,111.56,97.91021
2022-10-16T17:00:00.000000000,113.24,98.18096
2022-10-16T18:00:00.000000000,113.68,98.38281
2022-10-16T19:00:00.000000000,111.84,97.89852
2022-10-16T20:00:00.000000000,112.82,96.35063
2022-10-16T21:00:00.000000000,111.95,94.75787
2022-10-16T22:00:00.000000000,112.74,92.53721
2022-10-16T23:00:00.000000000,112.23,90.17644
2022-10-14T00:00:00.000000000,92.59,93.87638
2022-10-14T01:00:00.000000000,90.08,89.28528
2022-10-14T02:00:00.000000000,87.27,85.69486
2022-10-14T03:00:00.000000000,90.89,85.2025
2022-10-14T04:00:00.000000000,95.45,88.64869
2022-10-14T05:00:00.000000000,101.22,94.27846
2022-10-14T06:00:00.000000000,117.93,101.06594
2022-10-14T07:00:00.000000000,125.99,107.29913
2022-10-14T08:00:00.000000000,120.72,111.47681
2022-10-14T09:00:00.000000000,123.31,113.89564
2022-10-14T10:00:00.000000000,125.13,114.68032
2022-10-14T11:00:00.000000000,125.59,113.8547
2022-10-14T12:00:00.000000000,119.0,110.73612
2022-10-14T13:00:00.000000000,107.68,105.74511
2022-10-14T14:00:00.000000000,100.56,100.36339
2022-10-14T15:00:00.000000000,96.16,97.51146
2022-10-14T16:00:00.000000000,101.0,97.68783
2022-10-14T17:00:00.000000000,103.28,99.30568
2022-10-14T18:00:00.000000000,104.91,101.34088
2022-10-14T19:00:00.000000000,104.99,102.12279
2022-10-14T20:00:00.000000000,98.66,100.97188
2022-10-14T21:00:00.000000000,103.82,99.57394
2022-10-14T22:00:00.000000000,104.28,97.67588
2022-10-14T23:00:00.000000000,101.64,95.32518
2022-10-15T00:00:00.000000000,98.26,91.59348
2022-10-15T01:00:00.000000000,92.12,87.73765
2022-10-15T02:00:00.000000000,89.47,84.82224
2022-10-15T03:00:00.000000000,94.21,84.51054
2022-10-15T04:00:00.000000000,100.39,87.38547
2022-10-15T05:00:00.000000000,108.03,91.9831
2022-10-15T06:00:00.000000000,117.87,97.59897
2022-10-15T07:00:00.000000000,119.59,102.97255
2022-10-15T08:00:00.000000000,120.79,106.83713
2022-10-15T09:00:00.000000000,126.24,109.33516
2022-10-15T10:00:00.000000000,128.17,110.37285
2022-10-15T11:00:00.000000000,130.26,109.95469
2022-10-15T12:00:00.000000000,128.63,107.69075
2022-10-15T13:00:00.000000000,123.15,104.06992
2022-10-15T14:00:00.000000000,128.06,100.16776
2022-10-15T15:00:00.000000000,125.1,98.09663
2022-10-15T16:00:00.000000000,124.3,98.06188
2022-10-15T17:00:00.000000000,117.27,98.79137
2022-10-15T18:00:00.000000000,112.31,99.76056
2022-10-15T19:00:00.000000000,113.37,99.88266
2022-10-15T20:00:00.000000000,112.51,98.63892
2022-10-15T21:00:00.000000000,110.77,97.24669
2022-10-15T22:00:00.000000000,109.57,95.2503
2022-10-15T23:00:00.000000000,106.73,92.93511
2022-10-16T00:00:00.000000000,106.34,90.31124
2022-10-16T01:00:00.000000000,94.05,86.92979
2022-10-16T02:00:00.000000000,92.19,84.68674
2022-10-16T03:00:00.000000000,94.52,84.93819
2022-10-16T04:00:00.000000000,96.05,88.14187
2022-10-16T05:00:00.000000000,103.92,92.82415
2022-10-16T06:00:00.000000000,111.57,98.31196
2022-10-16T07:00:00.000000000,114.29,103.50133
2022-10-16T08:00:00.000000000,117.25,107.19948
2022-10-16T09:00:00.000000000,119.98,109.54225
2022-10-16T10:00:00.000000000,119.62,110.43692
2022-10-16T11:00:00.000000000,120.71,109.97676
2022-10-16T12:00:00.000000000,120.49,107.81296
2022-10-16T13:00:00.000000000,121.34,104.49626
2022-10-16T14:00:00.000000000,118.9,100.96809
2022-10-16T15:00:00.000000000,113.12,99.1768
2022-10-16T16:00:00.000000000,111.56,99.13711
2022-10-16T17:00:00.000000000,113.24,99.56735
2022-10-16T18:00:00.000000000,113.68,100.03853
2022-10-16T19:00:00.000000000,111.84,99.71137
2022-10-16T20:00:00.000000000,112.82,98.13734
2022-10-16T21:00:00.000000000,111.95,96.46661
2022-10-16T22:00:00.000000000,112.74,94.20406
2022-10-16T23:00:00.000000000,112.23,91.75801
2022-10-17T00:00:00.000000000,107.73,89.18624
2022-10-17T01:00:00.000000000,99.46,86.38202
2022-10-17T02:00:00.000000000,96.98,84.87972
2022-10-17T03:00:00.000000000,103.42,85.80873
2022-10-17T04:00:00.000000000,105.61,89.6373
2022-10-17T05:00:00.000000000,110.9,94.79203
2022-10-17T06:00:00.000000000,113.37,100.50781
2022-10-17T07:00:00.000000000,120.26,105.67954
2022-10-17T08:00:00.000000000,115.4,109.13307
2022-10-17T09:00:00.000000000,118.16,111.08568
2022-10-17T10:00:00.000000000,120.66,111.61301
2022-10-17T11:00:00.000000000,121.47,110.93075
2022-10-17T12:00:00.000000000,116.08,108.65939
2022-10-17T13:00:00.000000000,110.31,105.3668
2022-10-17T14:00:00.000000000,104.29,101.92615
2022-10-17T15:00:00.000000000,98.92,100.27456
2022-10-17T16:00:00.000000000,101.7,100.26481
2022-10-17T17:00:00.000000000,102.98,100.58748
2022-10-17T18:00:00.000000000,102.69,100.78378
2022-10-17T19:00:00.000000000,104.39,100.08299
2022-10-17T20:00:00.000000000,105.28,98.02814
2022-10-17T21:00:00.000000000,106.38,95.86445
2022-10-17T22:00:00.000000000,106.84,93.23255
2022-10-17T23:00:00.000000000,106.26,90.70408
2022-10-15T00:00:00.000000000,98.26,98.00201
2022-10-15T01:00:00.000000000,92.12,93.40988
2022-10-15T02:00:00.000000000,89.47,89.92099
2022-10-15T03:00:00.000000000,94.21,89.55877
2022-10-15T04:00:00.000000000,100.39,92.95683
2022-10-15T05:00:00.000000000,108.03,98.05258
2022-10-15T06:00:00.000000000,117.87,103.80755
2022-10-15T07:00:00.000000000,119.59,108.72921
2022-10-15T08:00:00.000000000,120.79,111.80576
2022-10-15T09:00:00.000000000,126.24,113.31137
2022-10-15T10:00:00.000000000,128.17,113.42136
2022-10-15T11:00:00.000000000,130.26,112.13196
2022-10-15T12:00:00.000000000,128.63,108.84643
2022-10-15T13:00:00.000000000,123.15,104.10384
2022-10-15T14:00:00.000000000,128.06,99.36538
2022-10-15T15:00:00.000000000,125.1,97.3095
2022-10-15T16:00:00.000000000,124.3,98.1933
2022-10-15T17:00:00.000000000,117.27,100.2583
2022-10-15T18:00:00.000000000,112.31,102.39304
2022-10-15T19:00:00.000000000,113.37,103.23482
2022-10-15T20:00:00.000000000,112.51,102.31491
2022-10-15T21:00:00.000000000,110.77,101.26449
2022-10-15T22:00:00.000000000,109.57,99.77783
2022-10-15T23:00:00.000000000,106.73,97.77121
2022-10-16T00:00:00.000000000,106.34,93.91149
2022-10-16T01:00:00.000000000,94.05,89.96715
2022-10-16T02:00:00.000000000,92.19,87.24238
2022-10-16T03:00:00.000000000,94.52,87.35065
2022-10-16T04:00:00.000000000,96.05,90.73315
2022-10-16T05:00:00.000000000,103.92,95.64917
2022-10-16T06:00:00.000000000,111.57,101.25719
2022-10-16T07:00:00.000000000,114.29,106.33679
2022-10-16T08:00:00.000000000,117.25,109.74411
2022-10-16T09:00:00.000000000,119.98,111.69602
2022-10-16T10:00:00.000000000,119.62,112.1649
2022-10-16T11:00:00.000000000,120.71,111.26127
2022-10-16T12:00:00.000000000,120.49,108.59332
2022-10-16T13:00:00.000000000,121.34,104.75239
2022-10-16T14:00:00.000000000,118.9,100.86973
2022-10-16T15:00:00.000000000,113.12,99.14463
2022-10-16T16:00:00.000000000,111.56,99.65923
2022-10-16T17:00:00.000000000,113.24,100.89135
2022-10-16T18:00:00.000000000,113.68,102.15279
2022-10-16T19:00:00.000000000,111.84,102.3716
2022-10-16T20:00:00.000000000,112.82,101.06867
2022-10-16T21:00:00.000000000,111.95,99.57877
2022-10-16T22:00:00.000000000,112.74,97.47997
2022-10-16T23:00:00.000000000,112.23,95.02639
2022-10-17T00:00:00.000000000,107.73,91.53706
2022-10-17T01:00:00.000000000,99.46,88.29308
2022-10-17T02:00:00.000000000,96.98,86.37966
2022-10-17T03:00:00.000000000,103.42,87.12087
2022-10-17T04:00:00.000000000,105.61,90.98849
2022-10-17T05:00:00.000000000,110.9,96.25507
2022-10-17T06:00:00.000000000,113.37,102.05768
2022-10-17T07:00:00.000000000,120.26,107.21512
2022-10-17T08:00:00.000000000,115.4,110.56251
2022-10-17T09:00:00.000000000,118.16,112.36649
2022-10-17T10:00:00.000000000,120.66,112.71335
2022-10-17T11:00:00.000000000,121.47,111.81417
2022-10-17T12:00:00.000000000,116.08,109.26237
2022-10-17T13:00:00.000000000,110.31,105.64607
2022-10-17T14:00:00.000000000,104.29,101.96748
2022-10-17T15:00:00.000000000,98.92,100.32746
2022-10-17T16:00:00.000000000,101.7,100.63683
2022-10-17T17:00:00.000000000,102.98,101.43989
2022-10-17T18:00:00.000000000,102.69,102.13392
2022-10-17T19:00:00.000000000,104.39,101.79753
2022-10-17T20:00:00.000000000,105.28,99.93887
2022-10-17T21:00:00.000000000,106.38,97.91361
2022-10-17T22:00:00.000000000,106.84,95.39706
2022-10-17T23:00:00.000000000,106.26,92.84437
2022-10-18T00:00:00.000000000,102.2,89.27552
2022-10-18T01:00:00.000000000,93.4,86.67839
2022-10-18T02:00:00.000000000,89.16,85.49289
2022-10-18T03:00:00.000000000,92.71,86.78631
2022-10-18T04:00:00.000000000,100.22,91.05825
2022-10-18T05:00:00.000000000,109.85,96.6006
2022-10-18T06:00:00.000000000,117.74,102.54624
2022-10-18T07:00:00.000000000,122.76,107.69621
2022-10-18T08:00:00.000000000,126.11,110.88607
2022-10-18T09:00:00.000000000,127.81,112.42407
2022-10-18T10:00:00.000000000,129.71,112.54235
2022-10-18T11:00:00.000000000,130.12,111.52723
2022-10-18T12:00:00.000000000,120.81,108.97249
2022-10-18T13:00:00.000000000,103.19,105.48248
2022-10-18T14:00:00.000000000,95.22,101.98934
2022-10-18T15:00:00.000000000,91.05,100.48909
2022-10-18T16:00:00.000000000,96.82,100.75097
2022-10-18T17:00:00.000000000,101.03,101.3485
2022-10-18T18:00:00.000000000,104.72,101.70842
2022-10-18T19:00:00.000000000,107.16,101.01365
2022-10-18T20:00:00.000000000,107.2,98.76572
2022-10-18T21:00:00.000000000,108.46,96.33496
2022-10-18T22:00:00.000000000,106.06,93.48372
2022-10-18T23:00:00.000000000,103.43,90.87057
2022-10-16T00:00:00.000000000,106.34,97.3059
2022-10-16T01:00:00.000000000,94.05,94.75248
2022-10-16T02:00:00.000000000,92.19,93.85384
2022-10-16T03:00:00.000000000,94.52,95.59155
2022-10-16T04:00:00.000000000,96.05,100.19751
2022-10-16T05:00:00.000000000,103.92,105.40495
2022-10-16T06:00:00.000000000,111.57,110.20878
2022-10-16T07:00:00.000000000,114.29,113.9211
2022-10-16T08:00:00.000000000,117.25,115.92592
2022-10-16T09:00:00.000000000,119.98,116.45229
2022-10-16T10:00:00.000000000,119.62,115.68243
2022-10-16T11:00:00.000000000,120.71,114.14689
2022-10-16T12:00:00.000000000,120.49,111.5167
2022-10-16T13:00:00.000000000,121.34,108.35944
2022-10-16T14:00:00.000000000,118.9,105.41308
2022-10-16T15:00:00.000000000,113.12,104.53003
2022-10-16T16:00:00.000000000,111.56,105.17271
2022-10-16T17:00:00.000000000,113.24,105.8963
2022-10-16T18:00:00.000000000,113.68,106.11083
2022-10-16T19:00:00.000000000,111.84,105.24978
2022-10-16T20:00:00.000000000,112.82,102.9223
2022-10-16T21:00:00.000000000,111.95,100.63329
2022-10-16T22:00:00.000000000,112.74,98.22661
2022-10-16T23:00:00.000000000,112.23,96.10719
2022-10-17T00:00:00.000000000,107.73,91.87722
2022-10-17T01:00:00.000000000,99.46,89.63563
2022-10-17T02:00:00.000000000,96.98,89.04365
2022-10-17T03:00:00.000000000,103.42,90.98644
2022-10-17T04:00:00.000000000,105.61,95.76401
2022-10-17T05:00:00.000000000,110.9,101.40695
2022-10-17T06:00:00.000000000,113.37,106.95092
2022-10-17T07:00:00.000000000,120.26,111.3381
2022-10-17T08:00:00.000000000,115.4,113.61908
2022-10-17T09:00:00.000000000,118.16,114.1835
2022-10-17T10:00:00.000000000,120.66,113.38319
2022-10-17T11:00:00.000000000,121.47,111.7345
2022-10-17T12:00:00.000000000,116.08,108.94801
2022-10-17T13:00:00.000000000,110.31,105.66065
2022-10-17T14:00:00.000000000,104.29,102.65842
2022-10-17T15:00:00.000000000,98.92,101.77823
2022-10-17T16:00:00.000000000,101.7,102.60834
2022-10-17T17:00:00.000000000,102.98,103.61385
2022-10-17T18:00:00.000000000,102.69,104.14691
2022-10-17T19:00:00.000000000,104.39,103.44413
2022-10-17T20:00:00.000000000,105.28,101.01135
2022-10-17T21:00:00.000000000,106.38,98.32772
2022-10-17T22:00:00.000000000,106.84,95.32496
2022-10-17T23:00:00.000000000,106.26,92.7431
2022-10-18T00:00:00.000000000,102.2,89.04263
2022-10-18T01:00:00.000000000,93.4,87.08289
2022-10-18T02:00:00.000000000,89.16,86.76539
2022-10-18T03:00:00.000000000,92.71,88.85775
2022-10-18T04:00:00.000000000,100.22,93.73204
2022-10-18T05:00:00.000000000,109.85,99.54243
2022-10-18T06:00:00.000000000,117.74,105.36882
2022-10-18T07:00:00.000000000,122.76,110.06838
2022-10-18T08:00:00.000000000,126.11,112.59689
2022-10-18T09:00:00.000000000,127.81,113.34219
2022-10-18T10:00:00.000000000,129.71,112.70677
2022-10-18T11:00:00.000000000,130.12,111.16872
2022-10-18T12:00:00.000000000,120.81,108.42024
2022-10-18T13:00:00.000000000,103.19,105.13286
2022-10-18T14:00:00.000000000,95.22,102.11725
2022-10-18T15:00:00.000000000,91.05,101.17049
2022-10-18T16:00:00.000000000,96.82,101.84301
2022-10-18T17:00:00.000000000,101.03,102.63248
2022-10-18T18:00:00.000000000,104.72,102.93583
2022-10-18T19:00:00.000000000,107.16,102.04062
2022-10-18T20:00:00.000000000,107.2,99.44421
2022-10-18T21:00:00.000000000,108.46,96.57444
2022-10-18T22:00:00.000000000,106.06,93.34026
2022-10-18T23:00:00.000000000,103.43,90.61975
2022-10-19T00:00:00.000000000,100.75,87.1858
2022-10-19T01:00:00.000000000,91.7,85.38259
2022-10-19T02:00:00.000000000,89.45,85.19588
2022-10-19T03:00:00.000000000,91.12,87.31925
2022-10-19T04:00:00.000000000,97.07,92.10841
2022-10-19T05:00:00.000000000,102.38,97.82584
2022-10-19T06:00:00.000000000,110.84,103.63062
2022-10-19T07:00:00.000000000,116.94,108.40604
2022-10-19T08:00:00.000000000,119.42,111.08656
2022-10-19T09:00:00.000000000,119.63,112.01271
2022-10-19T10:00:00.000000000,122.14,111.54319
2022-10-19T11:00:00.000000000,119.82,110.12294
2022-10-19T12:00:00.000000000,116.06,107.4715
2022-10-19T13:00:00.000000000,106.51,104.27219
2022-10-19T14:00:00.000000000,97.29,101.30128
2022-10-19T15:00:00.000000000,93.99,100.26896
2022-10-19T16:00:00.000000000,98.26,100.73317
2022-10-19T17:00:00.000000000,101.66,101.26906
2022-10-19T18:00:00.000000000,104.84,101.34404
2022-10-19T19:00:00.000000000,107.2,100.31997
2022-10-19T20:00:00.000000000,107.47,97.72344
2022-10-19T21:00:00.000000000,106.0,94.90415
2022-10-19T22:00:00.000000000,104.71,91.69557
2022-10-19T23:00:00.000000000,103.55,89.00741
2022-10-17T00:00:00.000000000,107.73,101.74499
2022-10-17T01:00:00.000000000,99.46,98.27572
2022-10-17T02:00:00.000000000,96.98,95.87437
2022-10-17T03:00:00.000000000,103.42,96.0633
2022-10-17T04:00:00.000000000,105.61,99.22394
2022-10-17T05:00:00.000000000,110.9,103.39943
2022-10-17T06:00:00.000000000,113.37,107.73315
2022-10-17T07:00:00.000000000,120.26,111.56193
2022-10-17T08:00:00.000000000,115.4,114.12522
2022-10-17T09:00:00.000000000,118.16,115.62873
2022-10-17T10:00:00.000000000,120.66,115.97203
2022-10-17T11:00:00.000000000,121.47,115.43316
2022-10-17T12:00:00.000000000,116.08,113.49917
2022-10-17T13:00:00.000000000,110.31,110.46647
2022-10-17T14:00:00.000000000,104.29,107.13853
2022-10-17T15:00:00.000000000,98.92,105.60546
2022-10-17T16:00:00.000000000,101.7,105.76575
2022-10-17T17:00:00.000000000,102.98,106.34024
2022-10-17T18:00:00.000000000,102.69,106.8393
2022-10-17T19:00:00.000000000,104.39,106.44798
2022-10-17T20:00:00.000000000,105.28,104.78628
2022-10-17T21:00:00.000000000,106.38,103.30461
2022-10-17T22:00:00.000000000,106.84,101.72548
2022-10-17T23:00:00.000000000,106.26,100.0863
2022-10-18T00:00:00.000000000,102.2,94.21122
2022-10-18T01:00:00.000000000,93.4,91.36024
2022-10-18T02:00:00.000000000,89.16,89.86112
2022-10-18T03:00:00.000000000,92.71,90.93402
2022-10-18T04:00:00.000000000,100.22,95.01148
2022-10-18T05:00:00.000000000,109.85,100.2125
2022-10-18T06:00:00.000000000,117.74,105.59871
2022-10-18T07:00:00.000000000,122.76,110.14211
2022-10-18T08:00:00.000000000,126.11,112.84542
2022-10-18T09:00:00.000000000,127.81,114.04055
2022-10-18T10:00:00.000000000,129.71,113.91397
2022-10-18T11:00:00.000000000,130.12,112.84004
2022-10-18T12:00:00.000000000,120.81,110.41472
2022-10-18T13:00:00.000000000,103.19,107.11059
2022-10-18T14:00:00.000000000,95.22,103.74182
2022-10-18T15:00:00.000000000,91.05,102.34207
2022-10-18T16:00:00.000000000,96.82,102.72216
2022-10-18T17:00:00.000000000,101.03,103.47906
2022-10-18T18:00:00.000000000,104.72,104.0178
2022-10-18T19:00:00.000000000,107.16,103.46525
2022-10-18T20:00:00.000000000,107.2,101.33045
2022-10-18T21:00:00.000000000,108.46,99.07878
2022-10-18T22:00:00.000000000,106.06,96.58045
2022-10-18T23:00:00.000000000,103.43,94.30037
2022-10-19T00:00:00.000000000,100.75,90.16899
2022-10-19T01:00:00.000000000,91.7,87.7314
2022-10-19T02:00:00.000000000,89.45,86.73324
2022-10-19T03:00:00.000000000,91.12,88.16682
2022-10-19T04:00:00.000000000,97.07,92.43912
2022-10-19T05:00:00.000000000,102.38,97.79647
2022-10-19T06:00:00.000000000,110.84,103.38595
2022-10-19T07:00:00.000000000,116.94,108.1144
2022-10-19T08:00:00.000000000,119.42,110.9313
2022-10-19T09:00:00.000000000,119.63,112.15393
2022-10-19T10:00:00.000000000,122.14,112.01919
2022-10-19T11:00:00.000000000,119.82,110.88147
2022-10-19T12:00:00.000000000,116.06,108.39925
2022-10-19T13:00:00.000000000,106.51,105.15596
2022-10-19T14:00:00.000000000,97.29,101.97042
2022-10-19T15:00:00.000000000,93.99,100.7085
2022-10-19T16:00:00.000000000,98.26,101.08798
2022-10-19T17:00:00.000000000,101.66,101.69927
2022-10-19T18:00:00.000000000,104.84,101.99587
2022-10-19T19:00:00.000000000,107.2,101.2353
2022-10-19T20:00:00.000000000,107.47,98.9518
2022-10-19T21:00:00.000000000,106.0,96.51177
2022-10-19T22:00:00.000000000,104.71,93.71315
2022-10-19T23:00:00.000000000,103.55,91.21634
2022-10-20T00:00:00.000000000,97.3,87.14
2022-10-20T01:00:00.000000000,88.51,85.27174
2022-10-20T02:00:00.000000000,86.36,84.72102
2022-10-20T03:00:00.000000000,89.39,86.19903
2022-10-20T04:00:00.000000000,95.77,89.97512
2022-10-20T05:00:00.000000000,101.1,94.5504
2022-10-20T06:00:00.000000000,108.87,99.3565
2022-10-20T07:00:00.000000000,114.44,103.49416
2022-10-20T08:00:00.000000000,116.78,106.10447
2022-10-20T09:00:00.000000000,117.77,107.32197
2022-10-20T10:00:00.000000000,117.16,107.29846
2022-10-20T11:00:00.000000000,115.47,106.28635
2022-10-20T12:00:00.000000000,111.51,104.08942
2022-10-20T13:00:00.000000000,101.61,101.32702
2022-10-20T14:00:00.000000000,90.48,98.68284
2022-10-20T15:00:00.000000000,91.96,97.6039
2022-10-20T16:00:00.000000000,96.47,97.72783
2022-10-20T17:00:00.000000000,95.91,97.82542
2022-10-20T18:00:00.000000000,96.42,97.57103
2022-10-20T19:00:00.000000000,95.38,96.58482
2022-10-20T20:00:00.000000000,98.11,94.53594
2022-10-20T21:00:00.000000000,101.75,92.50194
2022-10-20T22:00:00.000000000,98.86,90.04824
2022-10-20T23:00:00.000000000,97.34,87.90272
2022-10-18T00:00:00.000000000,102.2,99.69293
2022-10-18T01:00:00.000000000,93.4,95.85649
2022-10-18T02:00:00.000000000,89.16,93.33498
2022-10-18T03:00:00.000000000,92.71,93.799
2022-10-18T04:00:00.000000000,100.22,97.59272
2022-10-18T05:00:00.000000000,109.85,102.59025
2022-10-18T06:00:00.000000000,117.74,107.77017
2022-10-18T07:00:00.000000000,122.76,112.0969
2022-10-18T08:00:00.000000000,126.11,114.68538
2022-10-18T09:00:00.000000000,127.81,115.80623
2022-10-18T10:00:00.000000000,129.71,115.52558
2022-10-18T11:00:00.000000000,130.12,114.12558
2022-10-18T12:00:00.000000000,120.81,111.12555
2022-10-18T13:00:00.000000000,103.19,106.99758
2022-10-18T14:00:00.000000000,95.22,102.87463
2022-10-18T15:00:00.000000000,91.05,101.1799
2022-10-18T16:00:00.000000000,96.82,101.95577
2022-10-18T17:00:00.000000000,101.03,103.60714
2022-10-18T18:00:00.000000000,104.72,105.262
2022-10-18T19:00:00.000000000,107.16,105.70133
2022-10-18T20:00:00.000000000,107.2,104.38628
2022-10-18T21:00:00.000000000,108.46,102.99009
2022-10-18T22:00:00.000000000,106.06,101.29479
2022-10-18T23:00:00.000000000,103.43,99.35773
2022-10-19T00:00:00.000000000,100.75,94.27922
2022-10-19T01:00:00.000000000,91.7,90.93714
2022-10-19T02:00:00.000000000,89.45,88.90228
2022-10-19T03:00:00.000000000,91.12,89.57911
2022-10-19T04:00:00.000000000,97.07,93.42009
2022-10-19T05:00:00.000000000,102.38,98.56614
2022-10-19T06:00:00.000000000,110.84,104.09451
2022-10-19T07:00:00.000000000,116.94,108.855
2022-10-19T08:00:00.000000000,119.42,111.79685
2022-10-19T09:00:00.000000000,119.63,113.23704
2022-10-19T10:00:00.000000000,122.14,113.29966
2022-10-19T11:00:00.000000000,119.82,112.2316
2022-10-19T12:00:00.000000000,116.06,109.61978
2022-10-19T13:00:00.000000000,106.51,106.00624
2022-10-19T14:00:00.000000000,97.29,102.39276
2022-10-19T15:00:00.000000000,93.99,100.90852
2022-10-19T16:00:00.000000000,98.26,101.46749
2022-10-19T17:00:00.000000000,101.66,102.56169
2022-10-19T18:00:00.000000000,104.84,103.51871
2022-10-19T19:00:00.000000000,107.2,103.35803
2022-10-19T20:00:00.000000000,107.47,101.57934
2022-10-19T21:00:00.000000000,106.0,99.62802
2022-10-19T22:00:00.000000000,104.71,97.26981
2022-10-19T23:00:00.000000000,103.55,94.88662
2022-10-20T00:00:00.000000000,97.3,89.67187
2022-10-20T01:00:00.000000000,88.51,87.26148
2022-10-20T02:00:00.000000000,86.36,85.93455
2022-10-20T03:00:00.000000000,89.39,86.67648
2022-10-20T04:00:00.000000000,95.77,89.79199
2022-10-20T05:00:00.000000000,101.1,93.8268
2022-10-20T06:00:00.000000000,108.87,98.23863
2022-10-20T07:00:00.000000000,114.44,102.12312
2022-10-20T08:00:00.000000000,116.78,104.6983
2022-10-20T09:00:00.000000000,117.77,106.04944
2022-10-20T10:00:00.000000000,117.16,106.23039
2022-10-20T11:00:00.000000000,115.47,105.3662
2022-10-20T12:00:00.000000000,111.51,103.21956
2022-10-20T13:00:00.000000000,101.61,100.33954
2022-10-20T14:00:00.000000000,90.48,97.47144
2022-10-20T15:00:00.000000000,91.96,96.18297
2022-10-20T16:00:00.000000000,96.47,96.29063
2022-10-20T17:00:00.000000000,95.91,96.57156
2022-10-20T18:00:00.000000000,96.42,96.66608
2022-10-20T19:00:00.000000000,95.38,96.11427
2022-10-20T20:00:00.000000000,98.11,94.60592
2022-10-20T21:00:00.000000000,101.75,93.18336
2022-10-20T22:00:00.000000000,98.86,91.33227
2022-10-20T23:00:00.000000000,97.34,89.53861
2022-10-21T00:00:00.000000000,92.66,83.88573
2022-10-21T01:00:00.000000000,87.15,82.28629
2022-10-21T02:00:00.000000000,83.29,82.00092
2022-10-21T03:00:00.000000000,83.05,83.59589
2022-10-21T04:00:00.000000000,82.27,87.16828
2022-10-21T05:00:00.000000000,88.24,91.3367
2022-10-21T06:00:00.000000000,84.81,95.67693
2022-10-21T07:00:00.000000000,86.37,99.51392
2022-10-21T08:00:00.000000000,73.43,102.17131
2022-10-21T09:00:00.000000000,71.88,103.69249
2022-10-21T10:00:00.000000000,71.95,104.06797
2022-10-21T11:00:00.000000000,71.1,103.31562
2022-10-21T12:00:00.000000000,69.28,101.25237
2022-10-21T13:00:00.000000000,66.8,98.54326
2022-10-21T14:00:00.000000000,68.05,95.80006
2022-10-21T15:00:00.000000000,66.62,94.38612
2022-10-21T16:00:00.000000000,71.87,94.07064
2022-10-21T17:00:00.000000000,74.33,93.78333
2022-10-21T18:00:00.000000000,74.69,93.24744
2022-10-21T19:00:00.000000000,76.52,92.24138
2022-10-21T20:00:00.000000000,80.38,90.49235
2022-10-21T21:00:00.000000000,79.19,88.94817
2022-10-21T22:00:00.000000000,79.98,87.00057
2022-10-21T23:00:00.000000000,76.76,85.30323
2022-10-19T00:00:00.000000000,100.75,98.65904
2022-10-19T01:00:00.000000000,91.7,92.99157
2022-10-19T02:00:00.000000000,89.45,88.49681
2022-10-19T03:00:00.000000000,91.12,87.70879
2022-10-19T04:00:00.000000000,97.07,91.48947
2022-10-19T05:00:00.000000000,102.38,97.66408
2022-10-19T06:00:00.000000000,110.84,104.8947
2022-10-19T07:00:00.000000000,116.94,111.29503
2022-10-19T08:00:00.000000000,119.42,115.46443
2022-10-19T09:00:00.000000000,119.63,117.70973
2022-10-19T10:00:00.000000000,122.14,118.13323
2022-10-19T11:00:00.000000000,119.82,116.66609
2022-10-19T12:00:00.000000000,116.06,112.54741
2022-10-19T13:00:00.000000000,106.51,106.38906
2022-10-19T14:00:00.000000000,97.29,100.12827
2022-10-19T15:00:00.000000000,93.99,97.12209
2022-10-19T16:00:00.000000000,98.26,97.94383
2022-10-19T17:00:00.000000000,101.66,100.70503
2022-10-19T18:00:00.000000000,104.84,104.01624
2022-10-19T19:00:00.000000000,107.2,105.81027
2022-10-19T20:00:00.000000000,107.47,105.29672
2022-10-19T21:00:00.000000000,106.0,104.35553
2022-10-19T22:00:00.000000000,104.71,102.74329
2022-10-19T23:00:00.000000000,103.55,100.29095
2022-10-20T00:00:00.000000000,97.3,95.04612
2022-10-20T01:00:00.000000000,88.51,90.97314
2022-10-20T02:00:00.000000000,86.36,87.60237
2022-10-20T03:00:00.000000000,89.39,86.8102
2022-10-20T04:00:00.000000000,95.77,89.24107
2022-10-20T05:00:00.000000000,101.1,93.32863
2022-10-20T06:00:00.000000000,108.87,98.34241
2022-10-20T07:00:00.000000000,114.44,103.02251
2022-10-20T08:00:00.000000000,116.78,106.3412
2022-10-20T09:00:00.000000000,117.77,108.3931
2022-10-20T10:00:00.000000000,117.16,109.14032
2022-10-20T11:00:00.000000000,115.47,108.54734
2022-10-20T12:00:00.000000000,111.51,106.21111
2022-10-20T13:00:00.000000000,101.61,102.48435
2022-10-20T14:00:00.000000000,90.48,98.46853
2022-10-20T15:00:00.000000000,91.96,96.3504
2022-10-20T16:00:00.000000000,96.47,96.44575
2022-10-20T17:00:00.000000000,95.91,97.51673
2022-10-20T18:00:00.000000000,96.42,98.9187
2022-10-20T19:00:00.000000000,95.38,99.47135
2022-10-20T20:00:00.000000000,98.11,98.65035
2022-10-20T21:00:00.000000000,101.75,97.76192
2022-10-20T22:00:00.000000000,98.86,96.41701
2022-10-20T23:00:00.000000000,97.34,94.69364
2022-10-21T00:00:00.000000000,92.66,90.2448
2022-10-21T01:00:00.000000000,87.15,87.35411
2022-10-21T02:00:00.000000000,83.29,85.27912
2022-10-21T03:00:00.000000000,83.05,85.23165
2022-10-21T04:00:00.000000000,82.27,87.60104
2022-10-21T05:00:00.000000000,88.24,91.17411
2022-10-21T06:00:00.000000000,84.81,95.48056
2022-10-21T07:00:00.000000000,86.37,99.61363
2022-10-21T08:00:00.000000000,73.43,102.67421
2022-10-21T09:00:00.000000000,71.88,104.64543
2022-10-21T10:00:00.000000000,71.95,105.38777
2022-10-21T11:00:00.000000000,71.1,104.94318
2022-10-21T12:00:00.000000000,69.28,103.06501
2022-10-21T13:00:00.000000000,66.8,100.1952
2022-10-21T14:00:00.000000000,68.05,97.05531
2022-10-21T15:00:00.000000000,66.62,95.30457
2022-10-21T16:00:00.000000000,71.87,94.99936
2022-10-21T17:00:00.000000000,74.33,95.10124
2022-10-21T18:00:00.000000000,74.69,95.3568
2022-10-21T19:00:00.000000000,76.52,95.16491
2022-10-21T20:00:00.000000000,80.38,94.13934
2022-10-21T21:00:00.000000000,79.19,93.18177
2022-10-21T22:00:00.000000000,79.98,91.69477
2022-10-21T23:00:00.000000000,76.76,90.05028
2022-10-22T00:00:00.000000000,74.43,85.84665
2022-10-22T01:00:00.000000000,68.44,83.89203
2022-10-22T02:00:00.000000000,68.18,82.77397
2022-10-22T03:00:00.000000000,71.25,83.21789
2022-10-22T04:00:00.000000000,78.85,85.43244
2022-10-22T05:00:00.000000000,79.63,88.4424
2022-10-22T06:00:00.000000000,80.99,91.82573
2022-10-22T07:00:00.000000000,93.18,94.84085
2022-10-22T08:00:00.000000000,94.34,97.02529
2022-10-22T09:00:00.000000000,83.96,98.42345
2022-10-22T10:00:00.000000000,82.84,98.84899
2022-10-22T11:00:00.000000000,83.8,98.01793
2022-10-22T12:00:00.000000000,82.22,95.77649
2022-10-22T13:00:00.000000000,79.67,93.0735
2022-10-22T14:00:00.000000000,81.09,90.62873
2022-10-22T15:00:00.000000000,78.05,89.54084
2022-10-22T16:00:00.000000000,76.18,89.43166
2022-10-22T17:00:00.000000000,76.95,89.24972
2022-10-22T18:00:00.000000000,76.73,89.04011
2022-10-22T19:00:00.000000000,79.04,88.83622
2022-10-22T20:00:00.000000000,81.51,88.3885
2022-10-22T21:00:00.000000000,82.75,88.03944
2022-10-22T22:00:00.000000000,81.95,86.9282
2022-10-22T23:00:00.000000000,82.66,85.70977
2022-10-20T00:00:00.000000000,97.3,98.16575
2022-10-20T01:00:00.000000000,88.51,93.65635
2022-10-20T02:00:00.000000000,86.36,90.04902
2022-10-20T03:00:00.000000000,89.39,89.40229
2022-10-20T04:00:00.000000000,95.77,92.35982
2022-10-20T05:00:00.000000000,101.1,96.9943
2022-10-20T06:00:00.000000000,108.87,102.34105
2022-10-20T07:00:00.000000000,114.44,106.99991
2022-10-20T08:00:00.000000000,116.78,110.0425
2022-10-20T09:00:00.000000000,117.77,111.64643
2022-10-20T10:00:00.000000000,117.16,111.8832
2022-10-20T11:00:00.000000000,115.47,110.74516
2022-10-20T12:00:00.000000000,111.51,107.72395
2022-10-20T13:00:00.000000000,101.61,103.23639
2022-10-20T14:00:00.000000000,90.48,98.64875
2022-10-20T15:00:00.000000000,91.96,96.50395
2022-10-20T16:00:00.000000000,96.47,97.14925
2022-10-20T17:00:00.000000000,95.91,99.06748
2022-10-20T18:00:00.000000000,96.42,101.27
2022-10-20T19:00:00.000000000,95.38,102.30768
2022-10-20T20:00:00.000000000,98.11,101.6171
2022-10-20T21:00:00.000000000,101.75,100.78125
2022-10-20T22:00:00.000000000,98.86,99.51517
2022-10-20T23:00:00.000000000,97.34,97.76305
2022-10-21T00:00:00.000000000,92.66,92.43254
2022-10-21T01:00:00.000000000,87.15,89.40016
2022-10-21T02:00:00.000000000,83.29,87.11106
2022-10-21T03:00:00.000000000,83.05,86.91218
2022-10-21T04:00:00.000000000,82.27,89.22445
2022-10-21T05:00:00.000000000,88.24,92.71819
2022-10-21T06:00:00.000000000,84.81,96.8049
2022-10-21T07:00:00.000000000,86.37,100.50412
2022-10-21T08:00:00.000000000,73.43,103.07134
2022-10-21T09:00:00.000000000,71.88,104.55989
2022-10-21T10:00:00.000000000,71.95,104.92556
2022-10-21T11:00:00.000000000,71.1,104.17616
2022-10-21T12:00:00.000000000,69.28,102.00022
2022-10-21T13:00:00.000000000,66.8,98.83559
2022-10-21T14:00:00.000000000,68.05,95.49674
2022-10-21T15:00:00.000000000,66.62,93.78159
2022-10-21T16:00:00.000000000,71.87,93.78946
2022-10-21T17:00:00.000000000,74.33,94.36975
2022-10-21T18:00:00.000000000,74.69,95.11103
2022-10-21T19:00:00.000000000,76.52,95.30563
2022-10-21T20:00:00.000000000,80.38,94.56917
2022-10-21T21:00:00.000000000,79.19,93.89566
2022-10-21T22:00:00.000000000,79.98,92.76027
2022-10-21T23:00:00.000000000,76.76,91.42691
2022-10-22T00:00:00.000000000,74.43,86.76548
2022-10-22T01:00:00.000000000,68.44,84.44178
2022-10-22T02:00:00.000000000,68.18,82.95725
2022-10-22T03:00:00.000000000,71.25,83.13579
2022-10-22T04:00:00.000000000,78.85,85.18757
2022-10-22T05:00:00.000000000,79.63,88.13167
2022-10-22T06:00:00.000000000,80.99,91.50153
2022-10-22T07:00:00.000000000,93.18,94.52172
2022-10-22T08:00:00.000000000,94.34,96.73483
2022-10-22T09:00:00.000000000,83.96,98.14618
2022-10-22T10:00:00.000000000,82.84,98.48178
2022-10-22T11:00:00.000000000,83.8,97.51327
2022-10-22T12:00:00.000000000,82.22,95.15398
2022-10-22T13:00:00.000000000,79.67,92.35116
2022-10-22T14:00:00.000000000,81.09,89.85484
2022-10-22T15:00:00.000000000,78.05,88.78799
2022-10-22T16:00:00.000000000,76.18,88.85375
2022-10-22T17:00:00.000000000,76.95,89.00859
2022-10-22T18:00:00.000000000,76.73,89.25241
2022-10-22T19:00:00.000000000,79.04,89.46936
2022-10-22T20:00:00.000000000,81.51,89.33085
2022-10-22T21:00:00.000000000,82.75,89.15111
2022-10-22T22:00:00.000000000,81.95,88.07642
2022-10-22T23:00:00.000000000,82.66,86.7502
2022-10-23T00:00:00.000000000,78.95,82.09726
2022-10-23T01:00:00.000000000,70.68,80.55471
2022-10-23T02:00:00.000000000,70.25,80.32306
2022-10-23T03:00:00.000000000,71.35,81.85665
2022-10-23T04:00:00.000000000,78.94,85.14048
2022-10-23T05:00:00.000000000,81.44,88.8811
2022-10-23T06:00:00.000000000,79.23,92.60464
2022-10-23T07:00:00.000000000,78.83,95.7083
2022-10-23T08:00:00.000000000,80.82,97.79264
2022-10-23T09:00:00.000000000,80.9,98.93797
2022-10-23T10:00:00.000000000,81.03,99.02266
2022-10-23T11:00:00.000000000,80.72,97.90148
2022-10-23T12:00:00.000000000,81.57,95.49411
2022-10-23T13:00:00.000000000,76.78,92.76605
2022-10-23T14:00:00.000000000,77.98,90.3704
2022-10-23T15:00:00.000000000,77.05,89.37644
2022-10-23T16:00:00.000000000,79.44,89.42713
2022-10-23T17:00:00.000000000,79.86,89.44398
2022-10-23T18:00:00.000000000,79.08,89.22255
2022-10-23T19:00:00.000000000,85.18,88.7184
2022-10-23T20:00:00.000000000,99.27,87.67968
2022-10-23T21:00:00.000000000,105.48,86.73486
2022-10-23T22:00:00.000000000,108.98,85.16166
2022-10-23T23:00:00.000000000,106.34,83.69458
2022-10-21T00:00:00.000000000,92.66,93.59009
2022-10-21T01:00:00.000000000,87.15,90.64874
2022-10-21T02:00:00.000000000,83.29,88.2129
2022-10-21T03:00:00.000000000,83.05,87.76213
2022-10-21T04:00:00.000000000,82.27,89.85967
2022-10-21T05:00:00.000000000,88.24,93.14309
2022-10-21T06:00:00.000000000,84.81,96.8209
2022-10-21T07:00:00.000000000,86.37,99.80138
2022-10-21T08:00:00.000000000,73.43,101.66424
2022-10-21T09:00:00.000000000,71.88,102.61753
2022-10-21T10:00:00.000000000,71.95,102.74672
2022-10-21T11:00:00.000000000,71.1,101.72291
2022-10-21T12:00:00.000000000,69.28,99.03734
2022-10-21T13:00:00.000000000,66.8,95.3244
2022-10-21T14:00:00.000000000,68.05,91.64656
2022-10-21T15:00:00.000000000,66.62,89.92552
2022-10-21T16:00:00.000000000,71.87,90.14036
2022-10-21T17:00:00.000000000,74.33,91.03432
2022-10-21T18:00:00.000000000,74.69,92.13874
2022-10-21T19:00:00.000000000,76.52,92.80931
2022-10-21T20:00:00.000000000,80.38,92.68905
2022-10-21T21:00:00.000000000,79.19,92.66501
2022-10-21T22:00:00.000000000,79.98,92.22136
2022-10-21T23:00:00.000000000,76.76,91.56332
2022-10-22T00:00:00.000000000,74.43,87.733
2022-10-22T01:00:00.000000000,68.44,85.34413
2022-10-22T02:00:00.000000000,68.18,83.61831
2022-10-22T03:00:00.000000000,71.25,83.42243
2022-10-22T04:00:00.000000000,78.85,84.9836
2022-10-22T05:00:00.000000000,79.63,87.48394
2022-10-22T06:00:00.000000000,80.99,90.4481
2022-10-22T07:00:00.000000000,93.18,93.14911
2022-10-22T08:00:00.000000000,94.34,95.1948
2022-10-22T09:00:00.000000000,83.96,96.54645
2022-10-22T10:00:00.000000000,82.84,96.85962
2022-10-22T11:00:00.000000000,83.8,95.91002
2022-10-22T12:00:00.000000000,82.22,93.57643
2022-10-22T13:00:00.000000000,79.67,90.75453
2022-10-22T14:00:00.000000000,81.09,88.15524
2022-10-22T15:00:00.000000000,78.05,86.94253
2022-10-22T16:00:00.000000000,76.18,86.91001
2022-10-22T17:00:00.000000000,76.95,87.12485
2022-10-22T18:00:00.000000000,76.73,87.62981
2022-10-22T19:00:00.000000000,79.04,88.23614
2022-10-22T20:00:00.000000000,81.51,88.59263
2022-10-22T21:00:00.000000000,82.75,88.88615
2022-10-22T22:00:00.000000000,81.95,88.2411
2022-10-22T23:00:00.000000000,82.66,87.25057
2022-10-23T00:00:00.000000000,78.95,83.82786
2022-10-23T01:00:00.000000000,70.68,81.90991
2022-10-23T02:00:00.000000000,70.25,80.98581
2022-10-23T03:00:00.000000000,71.35,81.5886
2022-10-23T04:00:00.000000000,78.94,83.78821
2022-10-23T05:00:00.000000000,81.44,86.7242
2022-10-23T06:00:00.000000000,79.23,89.9773
2022-10-23T07:00:00.000000000,78.83,92.86635
2022-10-23T08:00:00.000000000,80.82,94.97641
2022-10-23T09:00:00.000000000,80.9,96.2635
2022-10-23T10:00:00.000000000,81.03,96.43455
2022-10-23T11:00:00.000000000,80.72,95.31961
2022-10-23T12:00:00.000000000,81.57,92.8846
2022-10-23T13:00:00.000000000,76.78,90.15679
2022-10-23T14:00:00.000000000,77.98,87.78174
2022-10-23T15:00:00.000000000,77.05,86.7616
2022-10-23T16:00:00.000000000,79.44,86.75493
2022-10-23T17:00:00.000000000,79.86,86.72816
2022-10-23T18:00:00.000000000,79.08,86.73832
2022-10-23T19:00:00.000000000,85.18,86.82618
2022-10-23T20:00:00.000000000,99.27,86.70942
2022-10-23T21:00:00.000000000,105.48,86.55309
2022-10-23T22:00:00.000000000,108.98,85.42885
2022-10-23T23:00:00.000000000,106.34,84.09425
2022-10-24T00:00:00.000000000,97.59,81.0644
2022-10-24T01:00:00.000000000,94.99,79.62778
2022-10-24T02:00:00.000000000,90.38,79.42531
2022-10-24T03:00:00.000000000,90.59,80.8833
2022-10-24T04:00:00.000000000,96.74,84.02988
2022-10-24T05:00:00.000000000,98.86,87.70137
2022-10-24T06:00:00.000000000,99.08,91.49598
2022-10-24T07:00:00.000000000,103.91,94.85037
2022-10-24T08:00:00.000000000,105.52,97.24579
2022-10-24T09:00:00.000000000,107.38,98.71569
2022-10-24T10:00:00.000000000,108.52,99.08577
2022-10-24T11:00:00.000000000,106.28,98.23791
2022-10-24T12:00:00.000000000,103.52,96.081
2022-10-24T13:00:00.000000000,98.74,93.47349
2022-10-24T14:00:00.000000000,87.64,90.98082
2022-10-24T15:00:00.000000000,81.53,89.68228
2022-10-24T16:00:00.000000000,81.07,89.34512
2022-10-24T17:00:00.000000000,81.8,89.04815
2022-10-24T18:00:00.000000000,83.39,88.65752
2022-10-24T19:00:00.000000000,87.8,88.0696
2022-10-24T20:00:00.000000000,94.34,86.98523
2022-10-24T21:00:00.000000000,95.12,86.00894
2022-10-24T22:00:00.000000000,93.96,84.44052
2022-10-24T23:00:00.000000000,91.72,83.02515
2022-10-22T00:00:00.000000000,74.43,78.29672
2022-10-22T01:00:00.000000000,68.44,77.21173
2022-10-22T02:00:00.000000000,68.18,76.37404
2022-10-22T03:00:00.000000000,71.25,76.03223
2022-10-22T04:00:00.000000000,78.85,75.87718
2022-10-22T05:00:00.000000000,79.63,75.70781
2022-10-22T06:00:00.000000000,80.99,75.55406
2022-10-22T07:00:00.000000000,93.18,75.60147
2022-10-22T08:00:00.000000000,94.34,75.94503
2022-10-22T09:00:00.000000000,83.96,76.32243
2022-10-22T10:00:00.000000000,82.84,76.43351
2022-10-22T11:00:00.000000000,83.8,76.18974
2022-10-22T12:00:00.000000000,82.22,75.41403
2022-10-22T13:00:00.000000000,79.67,74.58621
2022-10-22T14:00:00.000000000,81.09,74.09486
2022-10-22T15:00:00.000000000,78.05,74.1806
2022-10-22T16:00:00.000000000,76.18,74.56494
2022-10-22T17:00:00.000000000,76.95,74.7185
2022-10-22T18:00:00.000000000,76.73,74.90534
2022-10-22T19:00:00.000000000,79.04,75.27251
2022-10-22T20:00:00.000000000,81.51,75.98638
2022-10-22T21:00:00.000000000,82.75,77.00157
2022-10-22T22:00:00.000000000,81.95,77.47948
2022-10-22T23:00:00.000000000,82.66,77.74178
2022-10-23T00:00:00.000000000,78.95,72.41289
2022-10-23T01:00:00.000000000,70.68,69.7713
2022-10-23T02:00:00.000000000,70.25,68.55715
2022-10-23T03:00:00.000000000,71.35,69.13468
2022-10-23T04:00:00.000000000,78.94,71.41212
2022-10-23T05:00:00.000000000,81.44,74.65392
2022-10-23T06:00:00.000000000,79.23,78.11796
2022-10-23T07:00:00.000000000,78.83,81.1171
2022-10-23T08:00:00.000000000,80.82,83.20122
2022-10-23T09:00:00.000000000,80.9,84.18159
2022-10-23T10:00:00.000000000,81.03,83.69932
2022-10-23T11:00:00.000000000,80.72,82.0902
2022-10-23T12:00:00.000000000,81.57,79.68219
2022-10-23T13:00:00.000000000,76.78,77.42142
2022-10-23T14:00:00.000000000,77.98,75.72268
2022-10-23T15:00:00.000000000,77.05,75.21947
2022-10-23T16:00:00.000000000,79.44,75.8426
2022-10-23T17:00:00.000000000,79.86,76.79177
2022-10-23T18:00:00.000000000,79.08,77.88596
2022-10-23T19:00:00.000000000,85.18,78.69602
2022-10-23T20:00:00.000000000,99.27,78.8482
2022-10-23T21:00:00.000000000,105.48,78.24462
2022-10-23T22:00:00.000000000,108.98,76.32694
2022-10-23T23:00:00.000000000,106.34,74.10064
2022-10-24T00:00:00.000000000,97.59,71.32539
2022-10-24T01:00:00.000000000,94.99,69.36959
2022-10-24T02:00:00.000000000,90.38,68.26081
2022-10-24T03:00:00.000000000,90.59,68.58398
2022-10-24T04:00:00.000000000,96.74,70.46486
2022-10-24T05:00:00.000000000,98.86,73.35869
2022-10-24T06:00:00.000000000,99.08,76.82811
2022-10-24T07:00:00.000000000,103.91,80.38193
2022-10-24T08:00:00.000000000,105.52,83.37867
2022-10-24T09:00:00.000000000,107.38,85.69852
2022-10-24T10:00:00.000000000,108.52,86.88088
2022-10-24T11:00:00.000000000,106.28,86.46314
2022-10-24T12:00:00.000000000,103.52,84.16312
2022-10-24T13:00:00.000000000,98.74,81.10432
2022-10-24T14:00:00.000000000,87.64,78.16761
2022-10-24T15:00:00.000000000,81.53,76.28588
2022-10-24T16:00:00.000000000,81.07,75.4941
2022-10-24T17:00:00.000000000,81.8,75.06499
2022-10-24T18:00:00.000000000,83.39,75.01763
2022-10-24T19:00:00.000000000,87.8,75.24492
2022-10-24T20:00:00.000000000,94.34,75.53936
2022-10-24T21:00:00.000000000,95.12,75.90661
2022-10-24T22:00:00.000000000,93.96,75.41844
2022-10-24T23:00:00.000000000,91.72,74.52327
2022-10-25T00:00:00.000000000,79.37,71.81585
2022-10-25T01:00:00.000000000,75.19,69.67399
2022-10-25T02:00:00.000000000,73.37,68.05557
2022-10-25T03:00:00.000000000,74.28,67.7836
2022-10-25T04:00:00.000000000,74.11,69.04798
2022-10-25T05:00:00.000000000,69.47,71.47807
2022-10-25T06:00:00.000000000,71.58,74.68842
2022-10-25T07:00:00.000000000,73.31,78.20515
2022-10-25T08:00:00.000000000,74.33,81.34507
2022-10-25T09:00:00.000000000,80.73,83.93031
2022-10-25T10:00:00.000000000,84.19,85.49764
2022-10-25T11:00:00.000000000,83.93,85.60151
2022-10-25T12:00:00.000000000,85.65,83.90034
2022-10-25T13:00:00.000000000,80.24,81.1788
2022-10-25T14:00:00.000000000,77.55,78.17416
2022-10-25T15:00:00.000000000,74.87,75.94289
2022-10-25T16:00:00.000000000,78.33,74.77547
2022-10-25T17:00:00.000000000,83.39,74.15647
2022-10-25T18:00:00.000000000,85.77,74.13697
2022-10-25T19:00:00.000000000,88.43,74.39622
2022-10-25T20:00:00.000000000,91.02,74.7002
2022-10-25T21:00:00.000000000,96.61,75.13304
2022-10-25T22:00:00.000000000,98.46,74.89333
2022-10-25T23:00:00.000000000,100.46,74.29698
2022-10-23T00:00:00.000000000,78.95,77.28232
2022-10-23T01:00:00.000000000,70.68,75.8861
2022-10-23T02:00:00.000000000,70.25,75.18613
2022-10-23T03:00:00.000000000,71.35,75.52035
2022-10-23T04:00:00.000000000,78.94,77.06562
2022-10-23T05:00:00.000000000,81.44,79.2207
2022-10-23T06:00:00.000000000,79.23,81.56255
2022-10-23T07:00:00.000000000,78.83,83.75219
2022-10-23T08:00:00.000000000,80.82,85.51891
2022-10-23T09:00:00.000000000,80.9,86.8348
2022-10-23T10:00:00.000000000,81.03,87.44286
2022-10-23T11:00:00.000000000,80.72,86.96417
2022-10-23T12:00:00.000000000,81.57,85.24476
2022-10-23T13:00:00.000000000,76.78,83.25013
2022-10-23T14:00:00.000000000,77.98,81.45238
2022-10-23T15:00:00.000000000,77.05,80.38828
2022-10-23T16:00:00.000000000,79.44,79.91252
2022-10-23T17:00:00.000000000,79.86,79.48481
2022-10-23T18:00:00.000000000,79.08,79.26228
2022-10-23T19:00:00.000000000,85.18,79.30269
2022-10-23T20:00:00.000000000,99.27,79.37624
2022-10-23T21:00:00.000000000,105.48,79.46709
2022-10-23T22:00:00.000000000,108.98,78.93648
2022-10-23T23:00:00.000000000,106.34,78.43893
2022-10-24T00:00:00.000000000,97.59,75.08734
2022-10-24T01:00:00.000000000,94.99,73.04737
2022-10-24T02:00:00.000000000,90.38,72.00592
2022-10-24T03:00:00.000000000,90.59,72.41441
2022-10-24T04:00:00.000000000,96.74,74.30171
2022-10-24T05:00:00.000000000,98.86,77.02636
2022-10-24T06:00:00.000000000,99.08,80.25322
2022-10-24T07:00:00.000000000,103.91,83.5238
2022-10-24T08:00:00.000000000,105.52,86.33981
2022-10-24T09:00:00.000000000,107.38,88.54603
2022-10-24T10:00:00.000000000,108.52,89.67011
2022-10-24T11:00:00.000000000,106.28,89.29392
2022-10-24T12:00:00.000000000,103.52,87.34308
2022-10-24T13:00:00.000000000,98.74,84.87854
2022-10-24T14:00:00.000000000,87.64,82.51559
2022-10-24T15:00:00.000000000,81.53,81.09808
2022-10-24T16:00:00.000000000,81.07,80.50024
2022-10-24T17:00:00.000000000,81.8,79.99847
2022-10-24T18:00:00.000000000,83.39,79.69865
2022-10-24T19:00:00.000000000,87.8,79.67745
2022-10-24T20:00:00.000000000,94.34,79.67099
2022-10-24T21:00:00.000000000,95.12,79.67686
2022-10-24T22:00:00.000000000,93.96,78.73326
2022-10-24T23:00:00.000000000,91.72,77.48311
2022-10-25T00:00:00.000000000,79.37,74.12984
2022-10-25T01:00:00.000000000,75.19,72.00673
2022-10-25T02:00:00.000000000,73.37,70.53365
2022-10-25T03:00:00.000000000,74.28,70.45856
2022-10-25T04:00:00.000000000,74.11,71.89975
2022-10-25T05:00:00.000000000,69.47,74.34125
2022-10-25T06:00:00.000000000,71.58,77.54486
2022-10-25T07:00:00.000000000,73.31,81.10452
2022-10-25T08:00:00.000000000,74.33,84.40022
2022-10-25T09:00:00.000000000,80.73,87.20082
2022-10-25T10:00:00.000000000,84.19,88.9626
2022-10-25T11:00:00.000000000,83.93,89.15558
2022-10-25T12:00:00.000000000,85.65,87.57594
2022-10-25T13:00:00.000000000,80.24,85.05044
2022-10-25T14:00:00.000000000,77.55,82.23655
2022-10-25T15:00:00.000000000,74.87,80.10091
2022-10-25T16:00:00.000000000,78.33,78.84143
2022-10-25T17:00:00.000000000,83.39,77.97806
2022-10-25T18:00:00.000000000,85.77,77.63873
2022-10-25T19:00:00.000000000,88.43,77.65035
2022-10-25T20:00:00.000000000,91.02,77.75663
2022-10-25T21:00:00.000000000,96.61,78.04197
2022-10-25T22:00:00.000000000,98.46,77.59502
2022-10-25T23:00:00.000000000,100.46,76.82511
2022-10-26T00:00:00.000000000,94.51,73.66982
2022-10-26T01:00:00.000000000,82.28,71.89033
2022-10-26T02:00:00.000000000,80.6,70.88577
2022-10-26T03:00:00.000000000,80.8,71.14501
2022-10-26T04:00:00.000000000,83.31,72.83777
2022-10-26T05:00:00.000000000,84.67,75.52646
2022-10-26T06:00:00.000000000,84.77,78.86718
2022-10-26T07:00:00.000000000,88.67,82.29497
2022-10-26T08:00:00.000000000,83.71,85.19243
2022-10-26T09:00:00.000000000,84.87,87.48697
2022-10-26T10:00:00.000000000,83.69,88.75524
2022-10-26T11:00:00.000000000,83.28,88.48133
2022-10-26T12:00:00.000000000,82.34,86.52019
2022-10-26T13:00:00.000000000,77.67,83.95127
2022-10-26T14:00:00.000000000,70.06,81.42367
2022-10-26T15:00:00.000000000,66.74,79.75433
2022-10-26T16:00:00.000000000,69.34,78.81662
2022-10-26T17:00:00.000000000,71.73,77.9818
2022-10-26T18:00:00.000000000,77.48,77.50318
2022-10-26T19:00:00.000000000,77.79,77.45495
2022-10-26T20:00:00.000000000,80.1,77.50803
2022-10-26T21:00:00.000000000,83.12,77.59012
2022-10-26T22:00:00.000000000,84.78,76.7928
2022-10-26T23:00:00.000000000,86.21,75.79687
2022-10-24T00:00:00.000000000,97.59,100.87934
2022-10-24T01:00:00.000000000,94.99,98.99445
2022-10-24T02:00:00.000000000,90.38,97.01892
2022-10-24T03:00:00.000000000,90.59,95.68082
2022-10-24T04:00:00.000000000,96.74,94.9358
2022-10-24T05:00:00.000000000,98.86,94.40357
2022-10-24T06:00:00.000000000,99.08,94.05863
2022-10-24T07:00:00.000000000,103.91,94.31294
2022-10-24T08:00:00.000000000,105.52,95.29877
2022-10-24T09:00:00.000000000,107.38,96.62664
2022-10-24T10:00:00.000000000,108.52,97.69403
2022-10-24T11:00:00.000000000,106.28,98.1533
2022-10-24T12:00:00.000000000,103.52,97.31075
2022-10-24T13:00:00.000000000,98.74,95.48676
2022-10-24T14:00:00.000000000,87.64,93.05663
2022-10-24T15:00:00.000000000,81.53,91.41827
2022-10-24T16:00:00.000000000,81.07,90.5424
2022-10-24T17:00:00.000000000,81.8,90.08173
2022-10-24T18:00:00.000000000,83.39,90.2379
2022-10-24T19:00:00.000000000,87.8,91.04336
2022-10-24T20:00:00.000000000,94.34,92.51348
2022-10-24T21:00:00.000000000,95.12,94.83293
2022-10-24T22:00:00.000000000,93.96,96.7237
2022-10-24T23:00:00.000000000,91.72,98.07119
2022-10-25T00:00:00.000000000,79.37,96.56861
2022-10-25T01:00:00.000000000,75.19,95.33285
2022-10-25T02:00:00.000000000,73.37,93.99151
2022-10-25T03:00:00.000000000,74.28,93.20302
2022-10-25T04:00:00.000000000,74.11,92.98823
2022-10-25T05:00:00.000000000,69.47,92.99224
2022-10-25T06:00:00.000000000,71.58,93.40796
2022-10-25T07:00:00.000000000,73.31,94.37247
2022-10-25T08:00:00.000000000,74.33,95.7964
2022-10-25T09:00:00.000000000,80.73,97.47431
2022-10-25T10:00:00.000000000,84.19,98.87698
2022-10-25T11:00:00.000000000,83.93,99.50043
2022-10-25T12:00:00.000000000,85.65,98.68632
2022-10-25T13:00:00.000000000,80.24,96.87762
2022-10-25T14:00:00.000000000,77.55,94.59796
2022-10-25T15:00:00.000000000,74.87,93.02518
2022-10-25T16:00:00.000000000,78.33,91.96133
2022-10-25T17:00:00.000000000,83.39,90.6853
2022-10-25T18:00:00.000000000,85.77,89.66004
2022-10-25T19:00:00.000000000,88.43,89.33765
2022-10-25T20:00:00.000000000,91.02,89.8003
2022-10-25T21:00:00.000000000,96.61,91.36157
2022-10-25T22:00:00.000000000,98.46,92.68641
2022-10-25T23:00:00.000000000,100.46,93.6551
2022-10-26T00:00:00.000000000,94.51,90.6288
2022-10-26T01:00:00.000000000,82.28,89.62171
2022-10-26T02:00:00.000000000,80.6,89.15851
2022-10-26T03:00:00.000000000,80.8,89.64015
2022-10-26T04:00:00.000000000,83.31,90.97512
2022-10-26T05:00:00.000000000,84.67,92.46097
2022-10-26T06:00:00.000000000,84.77,94.02056
2022-10-26T07:00:00.000000000,88.67,95.47188
2022-10-26T08:00:00.000000000,83.71,96.72285
2022-10-26T09:00:00.000000000,84.87,97.75054
2022-10-26T10:00:00.000000000,83.69,98.26117
2022-10-26T11:00:00.000000000,83.28,97.95623
2022-10-26T12:00:00.000000000,82.34,96.49341
2022-10-26T13:00:00.000000000,77.67,94.56135
2022-10-26T14:00:00.000000000,70.06,92.61269
2022-10-26T15:00:00.000000000,66.74,91.60996
2022-10-26T16:00:00.000000000,69.34,91.15154
2022-10-26T17:00:00.000000000,71.73,90.24276
2022-10-26T18:00:00.000000000,77.48,89.18201
2022-10-26T19:00:00.000000000,77.79,88.43633
2022-10-26T20:00:00.000000000,80.1,88.0561
2022-10-26T21:00:00.000000000,83.12,88.39612
2022-10-26T22:00:00.000000000,84.78,88.36024
2022-10-26T23:00:00.000000000,86.21,88.28915
2022-10-27T00:00:00.000000000,82.89,85.44616
2022-10-27T01:00:00.000000000,73.89,84.23737
2022-10-27T02:00:00.000000000,70.29,84.19041
2022-10-27T03:00:00.000000000,70.51,85.66832
2022-10-27T04:00:00.000000000,72.04,88.62798
2022-10-27T05:00:00.000000000,78.67,92.03744
2022-10-27T06:00:00.000000000,83.83,95.44714
2022-10-27T07:00:00.000000000,88.95,98.27732
2022-10-27T08:00:00.000000000,91.06,99.97869
2022-10-27T09:00:00.000000000,91.34,100.67331
2022-10-27T10:00:00.000000000,90.81,100.28019
2022-10-27T11:00:00.000000000,90.84,99.097
2022-10-27T12:00:00.000000000,89.1,97.11033
2022-10-27T13:00:00.000000000,79.47,94.98211
2022-10-27T14:00:00.000000000,74.21,92.96238
2022-10-27T15:00:00.000000000,73.66,92.08013
2022-10-27T16:00:00.000000000,76.57,92.04808
2022-10-27T17:00:00.000000000,80.4,91.88415
2022-10-27T18:00:00.000000000,84.25,91.55226
2022-10-27T19:00:00.000000000,84.04,90.91223
2022-10-27T20:00:00.000000000,86.53,89.69199
2022-10-27T21:00:00.000000000,89.3,88.49219
2022-10-27T22:00:00.000000000,90.6,86.75362
2022-10-27T23:00:00.000000000,86.26,85.31533
2022-10-25T00:00:00.000000000,79.37,94.08201
2022-10-25T01:00:00.000000000,75.19,92.00423
2022-10-25T02:00:00.000000000,73.37,89.37008
2022-10-25T03:00:00.000000000,74.28,87.38633
2022-10-25T04:00:00.000000000,74.11,86.93315
2022-10-25T05:00:00.000000000,69.47,87.98848
2022-10-25T06:00:00.000000000,71.58,90.25838
2022-10-25T07:00:00.000000000,73.31,93.09038
2022-10-25T08:00:00.000000000,74.33,95.79043
2022-10-25T09:00:00.000000000,80.73,97.97966
2022-10-25T10:00:00.000000000,84.19,99.22384
2022-10-25T11:00:00.000000000,83.93,99.2337
2022-10-25T12:00:00.000000000,85.65,97.47663
2022-10-25T13:00:00.000000000,80.24,94.23874
2022-10-25T14:00:00.000000000,77.55,90.10137
2022-10-25T15:00:00.000000000,74.87,86.83672
2022-10-25T16:00:00.000000000,78.33,84.90292
2022-10-25T17:00:00.000000000,83.39,84.20208
2022-10-25T18:00:00.000000000,85.77,85.12335
2022-10-25T19:00:00.000000000,88.43,86.92741
2022-10-25T20:00:00.000000000,91.02,88.77467
2022-10-25T21:00:00.000000000,96.61,90.6074
2022-10-25T22:00:00.000000000,98.46,91.68804
2022-10-25T23:00:00.000000000,100.46,92.42361
2022-10-26T00:00:00.000000000,94.51,91.81112
2022-10-26T01:00:00.000000000,82.28,90.57746
2022-10-26T02:00:00.000000000,80.6,89.264
2022-10-26T03:00:00.000000000,80.8,88.52892
2022-10-26T04:00:00.000000000,83.31,88.66761
2022-10-26T05:00:00.000000000,84.67,89.43384
2022-10-26T06:00:00.000000000,84.77,90.79572
2022-10-26T07:00:00.000000000,88.67,92.42395
2022-10-26T08:00:00.000000000,83.71,94.07006
2022-10-26T09:00:00.000000000,84.87,95.50391
2022-10-26T10:00:00.000000000,83.69,96.36913
2022-10-26T11:00:00.000000000,83.28,96.24908
2022-10-26T12:00:00.000000000,82.34,94.80948
2022-10-26T13:00:00.000000000,77.67,92.6174
2022-10-26T14:00:00.000000000,70.06,90.10036
2022-10-26T15:00:00.000000000,66.74,88.29238
2022-10-26T16:00:00.000000000,69.34,87.07411
2022-10-26T17:00:00.000000000,71.73,85.92497
2022-10-26T18:00:00.000000000,77.48,85.39978
2022-10-26T19:00:00.000000000,77.79,85.67082
2022-10-26T20:00:00.000000000,80.1,86.42987
2022-10-26T21:00:00.000000000,83.12,87.65415
2022-10-26T22:00:00.000000000,84.78,88.33498
2022-10-26T23:00:00.000000000,86.21,88.87959
2022-10-27T00:00:00.000000000,82.89,86.95566
2022-10-27T01:00:00.000000000,73.89,85.33031
2022-10-27T02:00:00.000000000,70.29,84.39977
2022-10-27T03:00:00.000000000,70.51,84.71567
2022-10-27T04:00:00.000000000,72.04,86.35829
2022-10-27T05:00:00.000000000,78.67,88.63276
2022-10-27T06:00:00.000000000,83.83,91.21743
2022-10-27T07:00:00.000000000,88.95,93.61382
2022-10-27T08:00:00.000000000,91.06,95.44329
2022-10-27T09:00:00.000000000,91.34,96.67609
2022-10-27T10:00:00.000000000,90.81,97.01913
2022-10-27T11:00:00.000000000,90.84,96.36868
2022-10-27T12:00:00.000000000,89.1,94.52525
2022-10-27T13:00:00.000000000,79.47,92.19863
2022-10-27T14:00:00.000000000,74.21,89.82363
2022-10-27T15:00:00.000000000,73.66,88.52882
2022-10-27T16:00:00.000000000,76.57,88.12107
2022-10-27T17:00:00.000000000,80.4,87.70441
2022-10-27T18:00:00.000000000,84.25,87.41448
2022-10-27T19:00:00.000000000,84.04,87.29374
2022-10-27T20:00:00.000000000,86.53,87.14315
2022-10-27T21:00:00.000000000,89.3,87.20666
2022-10-27T22:00:00.000000000,90.6,86.59345
2022-10-27T23:00:00.000000000,86.26,85.87487
2022-10-28T00:00:00.000000000,85.7,83.8203
2022-10-28T01:00:00.000000000,82.73,81.94338
2022-10-28T02:00:00.000000000,80.2,81.28421
2022-10-28T03:00:00.000000000,80.05,82.41172
2022-10-28T04:00:00.000000000,81.31,85.39661
2022-10-28T05:00:00.000000000,84.74,89.1249
2022-10-28T06:00:00.000000000,86.64,93.17075
2022-10-28T07:00:00.000000000,94.76,96.84263
2022-10-28T08:00:00.000000000,100.69,99.43134
2022-10-28T09:00:00.000000000,101.26,100.9588
2022-10-28T10:00:00.000000000,102.81,101.24445
2022-10-28T11:00:00.000000000,103.24,100.40755
2022-10-28T12:00:00.000000000,99.39,98.42818
2022-10-28T13:00:00.000000000,89.39,95.99258
2022-10-28T14:00:00.000000000,80.12,93.55407
2022-10-28T15:00:00.000000000,77.78,92.32544
2022-10-28T16:00:00.000000000,79.61,92.15973
2022-10-28T17:00:00.000000000,81.4,92.10134
2022-10-28T18:00:00.000000000,85.31,92.00742
2022-10-28T19:00:00.000000000,83.02,91.57014
2022-10-28T20:00:00.000000000,81.25,90.39286
2022-10-28T21:00:00.000000000,81.0,89.13767
2022-10-28T22:00:00.000000000,82.68,87.19152
2022-10-28T23:00:00.000000000,82.02,85.34823
2022-10-26T00:00:00.000000000,94.51,99.61591
2022-10-26T01:00:00.000000000,82.28,98.74662
2022-10-26T02:00:00.000000000,80.6,97.22008
2022-10-26T03:00:00.000000000,80.8,95.71179
2022-10-26T04:00:00.000000000,83.31,93.88394
2022-10-26T05:00:00.000000000,84.67,91.79259
2022-10-26T06:00:00.000000000,84.77,90.10765
2022-10-26T07:00:00.000000000,88.67,89.55189
2022-10-26T08:00:00.000000000,83.71,90.39216
2022-10-26T09:00:00.000000000,84.87,92.19141
2022-10-26T10:00:00.000000000,83.69,94.23674
2022-10-26T11:00:00.000000000,83.28,95.48929
2022-10-26T12:00:00.000000000,82.34,94.83571
2022-10-26T13:00:00.000000000,77.67,92.83376
2022-10-26T14:00:00.000000000,70.06,90.47621
2022-10-26T15:00:00.000000000,66.74,88.90312
2022-10-26T16:00:00.000000000,69.34,87.80553
2022-10-26T17:00:00.000000000,71.73,86.43466
2022-10-26T18:00:00.000000000,77.48,85.33725
2022-10-26T19:00:00.000000000,77.79,85.34877
2022-10-26T20:00:00.000000000,80.1,86.9834
2022-10-26T21:00:00.000000000,83.12,90.54015
2022-10-26T22:00:00.000000000,84.78,94.02289
2022-10-26T23:00:00.000000000,86.21,96.64054
2022-10-27T00:00:00.000000000,82.89,96.26567
2022-10-27T01:00:00.000000000,73.89,95.50968
2022-10-27T02:00:00.000000000,70.29,94.94145
2022-10-27T03:00:00.000000000,70.51,95.02633
2022-10-27T04:00:00.000000000,72.04,95.52011
2022-10-27T05:00:00.000000000,78.67,95.83824
2022-10-27T06:00:00.000000000,83.83,96.14266
2022-10-27T07:00:00.000000000,88.95,96.69002
2022-10-27T08:00:00.000000000,91.06,97.51724
2022-10-27T09:00:00.000000000,91.34,98.59107
2022-10-27T10:00:00.000000000,90.81,99.49636
2022-10-27T11:00:00.000000000,90.84,99.83145
2022-10-27T12:00:00.000000000,89.1,98.89948
2022-10-27T13:00:00.000000000,79.47,97.19815
2022-10-27T14:00:00.000000000,74.21,95.21894
2022-10-27T15:00:00.000000000,73.66,94.09021
2022-10-27T16:00:00.000000000,76.57,93.4677
2022-10-27T17:00:00.000000000,80.4,92.38165
2022-10-27T18:00:00.000000000,84.25,91.12856
2022-10-27T19:00:00.000000000,84.04,90.29587
2022-10-27T20:00:00.000000000,86.53,90.16595
2022-10-27T21:00:00.000000000,89.3,91.33318
2022-10-27T22:00:00.000000000,90.6,92.48011
2022-10-27T23:00:00.000000000,86.26,93.43792
2022-10-28T00:00:00.000000000,85.7,91.60733
2022-10-28T01:00:00.000000000,82.73,90.30178
2022-10-28T02:00:00.000000000,80.2,90.04113
2022-10-28T03:00:00.000000000,80.05,91.33858
2022-10-28T04:00:00.000000000,81.31,94.072
2022-10-28T05:00:00.000000000,84.74,97.04832
2022-10-28T06:00:00.000000000,86.64,99.85885
2022-10-28T07:00:00.000000000,94.76,102.10712
2022-10-28T08:00:00.000000000,100.69,103.36143
2022-10-28T09:00:00.000000000,101.26,103.77591
2022-10-28T10:00:00.000000000,102.81,103.26063
2022-10-28T11:00:00.000000000,103.24,102.20248
2022-10-28T12:00:00.000000000,99.39,100.50201
2022-10-28T13:00:00.000000000,89.39,98.61725
2022-10-28T14:00:00.000000000,80.12,96.75069
2022-10-28T15:00:00.000000000,77.78,96.00222
2022-10-28T16:00:00.000000000,79.61,96.1199
2022-10-28T17:00:00.000000000,81.4,96.07628
2022-10-28T18:00:00.000000000,85.31,95.78112
2022-10-28T19:00:00.000000000,83.02,95.04745
2022-10-28T20:00:00.000000000,81.25,93.67914
2022-10-28T21:00:00.000000000,81.0,92.56658
2022-10-28T22:00:00.000000000,82.68,91.20318
2022-10-28T23:00:00.000000000,82.02,90.14857
2022-10-29T00:00:00.000000000,80.62,87.99204
2022-10-29T01:00:00.000000000,80.66,86.92376
2022-10-29T02:00:00.000000000,79.56,87.15475
2022-10-29T03:00:00.000000000,82.54,89.10732
2022-10-29T04:00:00.000000000,81.35,92.78175
2022-10-29T05:00:00.000000000,84.3,96.80849
2022-10-29T06:00:00.000000000,88.4,100.63648
2022-10-29T07:00:00.000000000,94.45,103.60113
2022-10-29T08:00:00.000000000,98.86,105.08061
2022-10-29T09:00:00.000000000,101.82,105.30008
2022-10-29T10:00:00.000000000,103.68,104.4051
2022-10-29T11:00:00.000000000,103.42,102.9182
2022-10-29T12:00:00.000000000,103.4,100.86489
2022-10-29T13:00:00.000000000,100.91,98.7802
2022-10-29T14:00:00.000000000,96.73,96.90612
2022-10-29T15:00:00.000000000,91.6,96.29756
2022-10-29T16:00:00.000000000,84.8,96.60397
2022-10-29T17:00:00.000000000,84.16,96.77723
2022-10-29T18:00:00.000000000,86.39,96.6202
2022-10-29T19:00:00.000000000,89.38,95.76488
2022-10-29T20:00:00.000000000,91.86,93.84267
2022-10-29T21:00:00.000000000,93.33,91.85512
2022-10-29T22:00:00.000000000,93.65,89.55736
2022-10-29T23:00:00.000000000,94.48,87.86009
2022-10-27T00:00:00.000000000,82.89,85.33305
2022-10-27T01:00:00.000000000,73.89,82.6501
2022-10-27T02:00:00.000000000,70.29,80.58074
2022-10-27T03:00:00.000000000,70.51,79.99609
2022-10-27T04:00:00.000000000,72.04,80.96784
2022-10-27T05:00:00.000000000,78.67,83.01654
2022-10-27T06:00:00.000000000,83.83,85.62497
2022-10-27T07:00:00.000000000,88.95,88.14466
2022-10-27T08:00:00.000000000,91.06,90.13248
2022-10-27T09:00:00.000000000,91.34,91.35021
2022-10-27T10:00:00.000000000,90.81,91.34443
2022-10-27T11:00:00.000000000,90.84,90.12993
2022-10-27T12:00:00.000000000,89.1,87.57523
2022-10-27T13:00:00.000000000,79.47,84.47314
2022-10-27T14:00:00.000000000,74.21,81.48469
2022-10-27T15:00:00.000000000,73.66,79.92105
2022-10-27T16:00:00.000000000,76.57,79.87463
2022-10-27T17:00:00.000000000,80.4,80.5701
2022-10-27T18:00:00.000000000,84.25,81.94141
2022-10-27T19:00:00.000000000,84.04,83.44994
2022-10-27T20:00:00.000000000,86.53,84.74044
2022-10-27T21:00:00.000000000,89.3,85.81162
2022-10-27T22:00:00.000000000,90.6,85.74599
2022-10-27T23:00:00.000000000,86.26,85.03536
2022-10-28T00:00:00.000000000,85.7,85.25504
2022-10-28T01:00:00.000000000,82.73,82.79105
2022-10-28T02:00:00.000000000,80.2,81.13427
2022-10-28T03:00:00.000000000,80.05,81.10611
2022-10-28T04:00:00.000000000,81.31,82.95315
2022-10-28T05:00:00.000000000,84.74,85.89989
2022-10-28T06:00:00.000000000,86.64,89.52506
2022-10-28T07:00:00.000000000,94.76,93.03886
2022-10-28T08:00:00.000000000,100.69,95.74617
2022-10-28T09:00:00.000000000,101.26,97.58556
2022-10-28T10:00:00.000000000,102.81,98.17049
2022-10-28T11:00:00.000000000,103.24,97.42236
2022-10-28T12:00:00.000000000,99.39,95.28002
2022-10-28T13:00:00.000000000,89.39,92.55913
2022-10-28T14:00:00.000000000,80.12,89.90887
2022-10-28T15:00:00.000000000,77.78,88.53819
2022-10-28T16:00:00.000000000,79.61,88.33891
2022-10-28T17:00:00.000000000,81.4,88.42486
2022-10-28T18:00:00.000000000,85.31,88.83297
2022-10-28T19:00:00.000000000,83.02,89.24121
2022-10-28T20:00:00.000000000,81.25,89.20735
2022-10-28T21:00:00.000000000,81.0,88.98337
2022-10-28T22:00:00.000000000,82.68,87.74257
2022-10-28T23:00:00.000000000,82.02,86.19283
2022-10-29T00:00:00.000000000,80.62,85.55803
2022-10-29T01:00:00.000000000,80.66,83.39734
2022-10-29T02:00:00.000000000,79.56,82.24585
2022-10-29T03:00:00.000000000,82.54,82.84239
2022-10-29T04:00:00.000000000,81.35,85.39501
2022-10-29T05:00:00.000000000,84.3,88.89312
2022-10-29T06:00:00.000000000,88.4,92.96069
2022-10-29T07:00:00.000000000,94.45,96.82968
2022-10-29T08:00:00.000000000,98.86,99.69752
2022-10-29T09:00:00.000000000,101.82,101.53955
2022-10-29T10:00:00.000000000,103.68,102.13065
2022-10-29T11:00:00.000000000,103.42,101.50138
2022-10-29T12:00:00.000000000,103.4,99.54949
2022-10-29T13:00:00.000000000,100.91,96.97261
2022-10-29T14:00:00.000000000,96.73,94.36331
2022-10-29T15:00:00.000000000,91.6,93.00069
2022-10-29T16:00:00.000000000,84.8,92.71577
2022-10-29T17:00:00.000000000,84.16,92.52126
2022-10-29T18:00:00.000000000,86.39,92.37182
2022-10-29T19:00:00.000000000,89.38,91.99832
2022-10-29T20:00:00.000000000,91.86,91.03987
2022-10-29T21:00:00.000000000,93.33,90.06933
2022-10-29T22:00:00.000000000,93.65,88.34653
2022-10-29T23:00:00.000000000,94.48,86.55654
2022-10-30T00:00:00.000000000,92.79,84.08176
2022-10-30T01:00:00.000000000,82.72,82.17715
2022-10-30T02:00:00.000000000,79.64,81.36116
2022-10-30T03:00:00.000000000,83.15,82.26697
2022-10-30T04:00:00.000000000,82.82,85.01921
2022-10-30T05:00:00.000000000,84.33,88.5143
2022-10-30T06:00:00.000000000,92.68,92.3776
2022-10-30T07:00:00.000000000,90.32,95.92099
2022-10-30T08:00:00.000000000,80.33,98.51858
2022-10-30T09:00:00.000000000,80.01,100.17472
2022-10-30T10:00:00.000000000,79.97,100.7239
2022-10-30T11:00:00.000000000,76.57,100.05363
2022-10-30T12:00:00.000000000,78.76,98.02948
2022-10-30T13:00:00.000000000,77.16,95.43044
2022-10-30T14:00:00.000000000,71.38,92.86924
2022-10-30T15:00:00.000000000,68.49,91.57803
2022-10-30T16:00:00.000000000,68.67,91.32535
2022-10-30T17:00:00.000000000,68.93,91.07619
2022-10-30T18:00:00.000000000,67.59,90.73016
2022-10-30T19:00:00.000000000,66.18,90.18044
2022-10-30T20:00:00.000000000,66.04,89.15252
2022-10-30T21:00:00.000000000,67.5,88.24024
2022-10-30T22:00:00.000000000,68.53,86.67156
2022-10-30T23:00:00.000000000,68.29,85.09765
2022-10-28T00:00:00.000000000,85.7,86.55533
2022-10-28T01:00:00.000000000,82.73,83.11741
2022-10-28T02:00:00.000000000,80.2,80.1533
2022-10-28T03:00:00.000000000,80.05,79.16066
2022-10-28T04:00:00.000000000,81.31,80.7433
2022-10-28T05:00:00.000000000,84.74,84.03679
2022-10-28T06:00:00.000000000,86.64,88.25625
2022-10-28T07:00:00.000000000,94.76,92.14795
2022-10-28T08:00:00.000000000,100.69,94.9287
2022-10-28T09:00:00.000000000,101.26,96.65535
2022-10-28T10:00:00.000000000,102.81,97.06833
2022-10-28T11:00:00.000000000,103.24,95.88929
2022-10-28T12:00:00.000000000,99.39,92.92542
2022-10-28T13:00:00.000000000,89.39,89.11071
2022-10-28T14:00:00.000000000,80.12,85.54277
2022-10-28T15:00:00.000000000,77.78,83.83861
2022-10-28T16:00:00.000000000,79.61,84.03248
2022-10-28T17:00:00.000000000,81.4,85.22329
2022-10-28T18:00:00.000000000,85.31,87.15233
2022-10-28T19:00:00.000000000,83.02,88.91172
2022-10-28T20:00:00.000000000,81.25,89.82889
2022-10-28T21:00:00.000000000,81.0,90.18162
2022-10-28T22:00:00.000000000,82.68,89.31978
2022-10-28T23:00:00.000000000,82.02,87.90604
2022-10-29T00:00:00.000000000,80.62,86.43534
2022-10-29T01:00:00.000000000,80.66,83.58628
2022-10-29T02:00:00.000000000,79.56,81.67181
2022-10-29T03:00:00.000000000,82.54,81.76371
2022-10-29T04:00:00.000000000,81.35,84.17769
2022-10-29T05:00:00.000000000,84.3,87.83607
2022-10-29T06:00:00.000000000,88.4,92.27379
2022-10-29T07:00:00.000000000,94.45,96.54746
2022-10-29T08:00:00.000000000,98.86,99.7549
2022-10-29T09:00:00.000000000,101.82,101.86913
2022-10-29T10:00:00.000000000,103.68,102.62455
2022-10-29T11:00:00.000000000,103.42,101.96778
2022-10-29T12:00:00.000000000,103.4,99.78292
2022-10-29T13:00:00.000000000,100.91,96.77129
2022-10-29T14:00:00.000000000,96.73,93.71467
2022-10-29T15:00:00.000000000,91.6,92.10124
2022-10-29T16:00:00.000000000,84.8,91.94695
2022-10-29T17:00:00.000000000,84.16,92.25029
2022-10-29T18:00:00.000000000,86.39,92.81239
2022-10-29T19:00:00.000000000,89.38,93.03545
2022-10-29T20:00:00.000000000,91.86,92.43023
2022-10-29T21:00:00.000000000,93.33,91.65386
2022-10-29T22:00:00.000000000,93.65,90.01354
2022-10-29T23:00:00.000000000,94.48,88.10915
2022-10-30T00:00:00.000000000,92.79,85.8888
2022-10-30T01:00:00.000000000,82.72,83.48404
2022-10-30T02:00:00.000000000,79.64,82.01612
2022-10-30T03:00:00.000000000,83.15,82.36943
2022-10-30T04:00:00.000000000,82.82,84.78917
2022-10-30T05:00:00.000000000,84.33,88.20206
2022-10-30T06:00:00.000000000,92.68,92.16308
2022-10-30T07:00:00.000000000,90.32,95.85562
2022-10-30T08:00:00.000000000,80.33,98.58582
2022-10-30T09:00:00.000000000,80.01,100.35603
2022-10-30T10:00:00.000000000,79.97,100.95676
2022-10-30T11:00:00.000000000,76.57,100.26678
2022-10-30T12:00:00.000000000,78.76,98.13521
2022-10-30T13:00:00.000000000,77.16,95.30903
2022-10-30T14:00:00.000000000,71.38,92.49309
2022-10-30T15:00:00.000000000,68.49,91.0571
2022-10-30T16:00:00.000000000,68.67,90.88286
2022-10-30T17:00:00.000000000,68.93,90.94268
2022-10-30T18:00:00.000000000,67.59,91.09418
2022-10-30T19:00:00.000000000,66.18,91.023
2022-10-30T20:00:00.000000000,66.04,90.36402
2022-10-30T21:00:00.000000000,67.5,89.699
2022-10-30T22:00:00.000000000,68.53,88.28405
2022-10-30T23:00:00.000000000,68.29,86.70679
2022-10-31T00:00:00.000000000,64.97,81.93943
2022-10-31T01:00:00.000000000,61.93,80.12752
2022-10-31T02:00:00.000000000,59.15,79.44643
2022-10-31T03:00:00.000000000,58.77,80.49997
2022-10-31T04:00:00.000000000,63.07,83.3233
2022-10-31T05:00:00.000000000,64.77,86.72013
2022-10-31T06:00:00.000000000,65.18,90.2558
2022-10-31T07:00:00.000000000,68.51,93.36676
2022-10-31T08:00:00.000000000,72.72,95.70107
2022-10-31T09:00:00.000000000,73.92,97.31427
2022-10-31T10:00:00.000000000,74.96,97.96625
2022-10-31T11:00:00.000000000,73.95,97.23714
2022-10-31T12:00:00.000000000,71.83,94.93992
2022-10-31T13:00:00.000000000,66.27,92.08763
2022-10-31T14:00:00.000000000,57.27,89.43674
2022-10-31T15:00:00.000000000,56.74,88.11221
2022-10-31T16:00:00.000000000,60.08,87.81951
2022-10-31T17:00:00.000000000,62.48,87.52464
2022-10-31T18:00:00.000000000,62.22,87.10477
2022-10-31T19:00:00.000000000,61.35,86.61964
2022-10-31T20:00:00.000000000,60.18,85.8863
2022-10-31T21:00:00.000000000,58.67,85.42023
2022-10-31T22:00:00.000000000,57.89,84.34061
2022-10-31T23:00:00.000000000,57.3,83.19421
2022-10-29T00:00:00.000000000,80.62,83.02526
2022-10-29T01:00:00.000000000,80.66,80.49587
2022-10-29T02:00:00.000000000,79.56,78.67959
2022-10-29T03:00:00.000000000,82.54,78.6915
2022-10-29T04:00:00.000000000,81.35,81.10338
2022-10-29T05:00:00.000000000,84.3,85.01788
2022-10-29T06:00:00.000000000,88.4,89.81067
2022-10-29T07:00:00.000000000,94.45,94.249
2022-10-29T08:00:00.000000000,98.86,97.35883
2022-10-29T09:00:00.000000000,101.82,99.28715
2022-10-29T10:00:00.000000000,103.68,99.93233
2022-10-29T11:00:00.000000000,103.42,98.98192
2022-10-29T12:00:00.000000000,103.4,96.13902
2022-10-29T13:00:00.000000000,100.91,92.36668
2022-10-29T14:00:00.000000000,96.73,88.70511
2022-10-29T15:00:00.000000000,91.6,86.76398
2022-10-29T16:00:00.000000000,84.8,86.49276
2022-10-29T17:00:00.000000000,84.16,86.8523
2022-10-29T18:00:00.000000000,86.39,87.66175
2022-10-29T19:00:00.000000000,89.38,88.31133
2022-10-29T20:00:00.000000000,91.86,88.21427
2022-10-29T21:00:00.000000000,93.33,87.84618
2022-10-29T22:00:00.000000000,93.65,86.54982
2022-10-29T23:00:00.000000000,94.48,85.03061
2022-10-30T00:00:00.000000000,92.79,83.24321
2022-10-30T01:00:00.000000000,82.72,80.88205
2022-10-30T02:00:00.000000000,79.64,79.38352
2022-10-30T03:00:00.000000000,83.15,79.60094
2022-10-30T04:00:00.000000000,82.82,81.83541
2022-10-30T05:00:00.000000000,84.33,85.14175
2022-10-30T06:00:00.000000000,92.68,89.04528
2022-10-30T07:00:00.000000000,90.32,92.69134
2022-10-30T08:00:00.000000000,80.33,95.42618
2022-10-30T09:00:00.000000000,80.01,97.26317
2022-10-30T10:00:00.000000000,79.97,97.9654
2022-10-30T11:00:00.000000000,76.57,97.23494
2022-10-30T12:00:00.000000000,78.76,94.89481
2022-10-30T13:00:00.000000000,77.16,91.86044
2022-10-30T14:00:00.000000000,71.38,88.94373
2022-10-30T15:00:00.000000000,68.49,87.45353
2022-10-30T16:00:00.000000000,68.67,87.25617
2022-10-30T17:00:00.000000000,68.93,87.36808
2022-10-30T18:00:00.000000000,67.59,87.68337
2022-10-30T19:00:00.000000000,66.18,87.92765
2022-10-30T20:00:00.000000000,66.04,87.68516
2022-10-30T21:00:00.000000000,67.5,87.36198
2022-10-30T22:00:00.000000000,68.53,86.16764
2022-10-30T23:00:00.000000000,68.29,84.73908
2022-10-31T00:00:00.000000000,64.97,81.41646
2022-10-31T01:00:00.000000000,61.93,79.18798
2022-10-31T02:00:00.000000000,59.15,77.93036
2022-10-31T03:00:00.000000000,58.77,78.37141
2022-10-31T04:00:00.000000000,63.07,80.67103
2022-10-31T05:00:00.000000000,64.77,83.8188
2022-10-31T06:00:00.000000000,65.18,87.39768
2022-10-31T07:00:00.000000000,68.51,90.77085
2022-10-31T08:00:00.000000000,72.72,93.45329
2022-10-31T09:00:00.000000000,73.92,95.38914
2022-10-31T10:00:00.000000000,74.96,96.24365
2022-10-31T11:00:00.000000000,73.95,95.63452
2022-10-31T12:00:00.000000000,71.83,93.4219
2022-10-31T13:00:00.000000000,66.27,90.5495
2022-10-31T14:00:00.000000000,57.27,87.76801
2022-10-31T15:00:00.000000000,56.74,86.25708
2022-10-31T16:00:00.000000000,60.08,85.87814
2022-10-31T17:00:00.000000000,62.48,85.75522
2022-10-31T18:00:00.000000000,62.22,85.79093
2022-10-31T19:00:00.000000000,61.35,85.85361
2022-10-31T20:00:00.000000000,60.18,85.59721
2022-10-31T21:00:00.000000000,58.67,85.38973
2022-10-31T22:00:00.000000000,57.89,84.37345
2022-10-31T23:00:00.000000000,57.3,83.13301
2022-11-01T00:00:00.000000000,57.22,79.26015
2022-11-01T01:00:00.000000000,55.0,77.60598
2022-11-01T02:00:00.000000000,54.92,77.00495
2022-11-01T03:00:00.000000000,54.82,78.05596
2022-11-01T04:00:00.000000000,58.54,80.83581
2022-11-01T05:00:00.000000000,60.23,84.23762
2022-11-01T06:00:00.000000000,68.0,87.88293
2022-11-01T07:00:00.000000000,71.92,91.27433
2022-11-01T08:00:00.000000000,75.68,93.98649
2022-11-01T09:00:00.000000000,82.54,96.07445
2022-11-01T10:00:00.000000000,78.68,97.18653
2022-11-01T11:00:00.000000000,76.95,96.75507
2022-11-01T12:00:00.000000000,73.84,94.57971
2022-11-01T13:00:00.000000000,69.81,91.6958
2022-11-01T14:00:00.000000000,64.47,88.832
2022-11-01T15:00:00.000000000,60.58,87.04997
2022-11-01T16:00:00.000000000,62.31,86.16167
2022-11-01T17:00:00.000000000,64.67,85.35304
2022-11-01T18:00:00.000000000,66.49,84.61298
2022-11-01T19:00:00.000000000,66.81,84.00282
2022-11-01T20:00:00.000000000,67.57,83.31766
2022-11-01T21:00:00.000000000,68.05,82.98198
2022-11-01T22:00:00.000000000,68.53,82.09705
2022-11-01T23:00:00.000000000,68.37,81.18666
2022-10-30T00:00:00.000000000,92.79,92.36842
2022-10-30T01:00:00.000000000,82.72,90.37818
2022-10-30T02:00:00.000000000,79.64,88.57546
2022-10-30T03:00:00.000000000,83.15,87.8267
2022-10-30T04:00:00.000000000,82.82,88.62177
2022-10-30T05:00:00.000000000,84.33,90.26416
2022-10-30T06:00:00.000000000,92.68,92.42961
2022-10-30T07:00:00.000000000,90.32,94.64872
2022-10-30T08:00:00.000000000,80.33,96.67431
2022-10-30T09:00:00.000000000,80.01,98.21741
2022-10-30T10:00:00.000000000,79.97,98.98949
2022-10-30T11:00:00.000000000,76.57,98.6725
2022-10-30T12:00:00.000000000,78.76,96.95273
2022-10-30T13:00:00.000000000,77.16,94.28437
2022-10-30T14:00:00.000000000,71.38,91.14812
2022-10-30T15:00:00.000000000,68.49,88.93339
2022-10-30T16:00:00.000000000,68.67,87.70482
2022-10-30T17:00:00.000000000,68.93,86.95434
2022-10-30T18:00:00.000000000,67.59,86.9368
2022-10-30T19:00:00.000000000,66.18,87.48565
2022-10-30T20:00:00.000000000,66.04,88.11166
2022-10-30T21:00:00.000000000,67.5,88.97688
2022-10-30T22:00:00.000000000,68.53,89.31813
2022-10-30T23:00:00.000000000,68.29,89.49254
2022-10-31T00:00:00.000000000,64.97,87.89162
2022-10-31T01:00:00.000000000,61.93,86.16005
2022-10-31T02:00:00.000000000,59.15,84.94602
2022-10-31T03:00:00.000000000,58.77,84.90478
2022-10-31T04:00:00.000000000,63.07,86.19388
2022-10-31T05:00:00.000000000,64.77,88.18283
2022-10-31T06:00:00.000000000,65.18,90.55082
2022-10-31T07:00:00.000000000,68.51,92.78449
2022-10-31T08:00:00.000000000,72.72,94.58779
2022-10-31T09:00:00.000000000,73.92,95.8975
2022-10-31T10:00:00.000000000,74.96,96.39542
2022-10-31T11:00:00.000000000,73.95,95.82582
2022-10-31T12:00:00.000000000,71.83,93.96186
2022-10-31T13:00:00.000000000,66.27,91.55021
2022-10-31T14:00:00.000000000,57.27,89.0888
2022-10-31T15:00:00.000000000,56.74,87.68455
2022-10-31T16:00:00.000000000,60.08,87.13042
2022-10-31T17:00:00.000000000,62.48,86.5928
2022-10-31T18:00:00.000000000,62.22,86.2958
2022-10-31T19:00:00.000000000,61.35,86.32645
2022-10-31T20:00:00.000000000,60.18,86.47275
2022-10-31T21:00:00.000000000,58.67,86.87409
2022-10-31T22:00:00.000000000,57.89,86.59044
2022-10-31T23:00:00.000000000,57.3,86.1439
2022-11-01T00:00:00.000000000,57.22,82.09241
2022-11-01T01:00:00.000000000,55.0,80.59354
2022-11-01T02:00:00.000000000,54.92,80.07402
2022-11-01T03:00:00.000000000,54.82,80.96133
2022-11-01T04:00:00.000000000,58.54,83.27443
2022-11-01T05:00:00.000000000,60.23,86.17647
2022-11-01T06:00:00.000000000,68.0,89.20892
2022-11-01T07:00:00.000000000,71.92,91.79265
2022-11-01T08:00:00.000000000,75.68,93.63934
2022-11-01T09:00:00.000000000,82.54,94.76043
2022-11-01T10:00:00.000000000,78.68,94.95805
2022-11-01T11:00:00.000000000,76.95,93.96944
2022-11-01T12:00:00.000000000,73.84,91.65631
2022-11-01T13:00:00.000000000,69.81,89.01594
2022-11-01T14:00:00.000000000,64.47,86.59789
2022-11-01T15:00:00.000000000,60.58,85.40721
2022-11-01T16:00:00.000000000,62.31,85.08833
2022-11-01T17:00:00.000000000,64.67,84.67234
2022-11-01T18:00:00.000000000,66.49,84.22848
2022-11-01T19:00:00.000000000,66.81,83.93588
2022-11-01T20:00:00.000000000,67.57,83.61945
2022-11-01T21:00:00.000000000,68.05,83.4643
2022-11-01T22:00:00.000000000,68.53,82.57245
2022-11-01T23:00:00.000000000,68.37,81.6562
2022-11-02T00:00:00.000000000,65.6,76.7287
2022-11-02T01:00:00.000000000,61.28,74.80226
2022-11-02T02:00:00.000000000,60.25,73.80416
2022-11-02T03:00:00.000000000,57.89,74.36227
2022-11-02T04:00:00.000000000,57.41,76.61835
2022-11-02T05:00:00.000000000,61.82,79.65243
2022-11-02T06:00:00.000000000,64.52,82.98802
2022-11-02T07:00:00.000000000,68.16,86.1271
2022-11-02T08:00:00.000000000,70.39,88.69858
2022-11-02T09:00:00.000000000,70.65,90.6975
2022-11-02T10:00:00.000000000,71.81,91.74569
2022-11-02T11:00:00.000000000,72.04,91.26011
2022-11-02T12:00:00.000000000,68.07,88.99621
2022-11-02T13:00:00.000000000,65.28,86.04488
2022-11-02T14:00:00.000000000,56.9,83.22538
2022-11-02T15:00:00.000000000,55.41,81.53878
2022-11-02T16:00:00.000000000,55.64,80.84805
2022-11-02T17:00:00.000000000,57.75,80.42032
2022-11-02T18:00:00.000000000,59.34,80.20015
2022-11-02T19:00:00.000000000,60.88,80.16387
2022-11-02T20:00:00.000000000,62.27,80.07735
2022-11-02T21:00:00.000000000,64.49,80.17932
2022-11-02T22:00:00.000000000,63.09,79.59725
2022-11-02T23:00:00.000000000,65.43,78.83148
2022-10-31T00:00:00.000000000,64.97,71.17519
2022-10-31T01:00:00.000000000,61.93,69.83679
2022-10-31T02:00:00.000000000,59.15,69.43497
2022-10-31T03:00:00.000000000,58.77,70.07577
2022-10-31T04:00:00.000000000,63.07,71.7297
2022-10-31T05:00:00.000000000,64.77,74.13313
2022-10-31T06:00:00.000000000,65.18,76.95686
2022-10-31T07:00:00.000000000,68.51,79.67341
2022-10-31T08:00:00.000000000,72.72,81.69108
2022-10-31T09:00:00.000000000,73.92,82.89264
2022-10-31T10:00:00.000000000,74.96,82.97793
2022-10-31T11:00:00.000000000,73.95,82.05907
2022-10-31T12:00:00.000000000,71.83,80.24622
2022-10-31T13:00:00.000000000,66.27,78.42961
2022-10-31T14:00:00.000000000,57.27,76.9686
2022-10-31T15:00:00.000000000,56.74,76.29833
2022-10-31T16:00:00.000000000,60.08,76.18095
2022-10-31T17:00:00.000000000,62.48,75.97107
2022-10-31T18:00:00.000000000,62.22,75.88572
2022-10-31T19:00:00.000000000,61.35,75.93757
2022-10-31T20:00:00.000000000,60.18,75.83167
2022-10-31T21:00:00.000000000,58.67,75.41034
2022-10-31T22:00:00.000000000,57.89,73.99889
2022-10-31T23:00:00.000000000,57.3,72.58151
2022-11-01T00:00:00.000000000,57.22,70.76408
2022-11-01T01:00:00.000000000,55.0,69.10377
2022-11-01T02:00:00.000000000,54.92,68.45069
2022-11-01T03:00:00.000000000,54.82,69.22222
2022-11-01T04:00:00.000000000,58.54,71.40196
2022-11-01T05:00:00.000000000,60.23,74.36553
2022-11-01T06:00:00.000000000,68.0,77.78024
2022-11-01T07:00:00.000000000,71.92,81.25397
2022-11-01T08:00:00.000000000,75.68,84.22792
2022-11-01T09:00:00.000000000,82.54,86.63104
2022-11-01T10:00:00.000000000,78.68,88.02423
2022-11-01T11:00:00.000000000,76.95,87.84785
2022-11-01T12:00:00.000000000,73.84,85.86928
2022-11-01T13:00:00.000000000,69.81,83.21684
2022-11-01T14:00:00.000000000,64.47,80.63072
2022-11-01T15:00:00.000000000,60.58,78.89746
2022-11-01T16:00:00.000000000,62.31,77.9496
2022-11-01T17:00:00.000000000,64.67,77.0531
2022-11-01T18:00:00.000000000,66.49,76.30487
2022-11-01T19:00:00.000000000,66.81,75.82379
2022-11-01T20:00:00.000000000,67.57,75.51126
2022-11-01T21:00:00.000000000,68.05,75.46978
2022-11-01T22:00:00.000000000,68.53,74.74276
2022-11-01T23:00:00.000000000,68.37,73.79171
2022-11-02T00:00:00.000000000,65.6,72.67486
2022-11-02T01:00:00.000000000,61.28,70.91244
2022-11-02T02:00:00.000000000,60.25,69.46816
2022-11-02T03:00:00.000000000,57.89,69.16706
2022-11-02T04:00:00.000000000,57.41,70.18306
2022-11-02T05:00:00.000000000,61.82,72.21688
2022-11-02T06:00:00.000000000,64.52,74.99343
2022-11-02T07:00:00.000000000,68.16,78.15718
2022-11-02T08:00:00.000000000,70.39,81.11673
2022-11-02T09:00:00.000000000,70.65,83.72317
2022-11-02T10:00:00.000000000,71.81,85.53451
2022-11-02T11:00:00.000000000,72.04,86.09994
2022-11-02T12:00:00.000000000,68.07,85.13677
2022-11-02T13:00:00.000000000,65.28,83.17007
2022-11-02T14:00:00.000000000,56.9,80.65926
2022-11-02T15:00:00.000000000,55.41,78.45517
2022-11-02T16:00:00.000000000,55.64,76.91851
2022-11-02T17:00:00.000000000,57.75,75.82682
2022-11-02T18:00:00.000000000,59.34,75.35986
2022-11-02T19:00:00.000000000,60.88,75.17544
2022-11-02T20:00:00.000000000,62.27,75.07237
2022-11-02T21:00:00.000000000,64.49,75.20028
2022-11-02T22:00:00.000000000,63.09,74.90546
2022-11-02T23:00:00.000000000,65.43,74.5895
2022-11-03T00:00:00.000000000,60.66,72.86498
2022-11-03T01:00:00.000000000,60.43,71.09688
2022-11-03T02:00:00.000000000,60.42,70.18351
2022-11-03T03:00:00.000000000,60.71,70.67033
2022-11-03T04:00:00.000000000,59.46,72.63902
2022-11-03T05:00:00.000000000,62.25,75.47807
2022-11-03T06:00:00.000000000,67.46,78.8842
2022-11-03T07:00:00.000000000,73.91,82.44032
2022-11-03T08:00:00.000000000,71.16,85.5609
2022-11-03T09:00:00.000000000,71.69,88.15755
2022-11-03T10:00:00.000000000,73.67,89.74655
2022-11-03T11:00:00.000000000,74.33,89.73923
2022-11-03T12:00:00.000000000,71.24,87.90724
2022-11-03T13:00:00.000000000,64.61,85.26348
2022-11-03T14:00:00.000000000,60.18,82.49036
2022-11-03T15:00:00.000000000,57.75,80.49013
2022-11-03T16:00:00.000000000,58.73,79.29181
2022-11-03T17:00:00.000000000,61.11,78.29526
2022-11-03T18:00:00.000000000,65.54,77.63282
2022-11-03T19:00:00.000000000,67.21,77.31276
2022-11-03T20:00:00.000000000,68.72,77.13201
2022-11-03T21:00:00.000000000,67.89,77.19725
2022-11-03T22:00:00.000000000,69.27,76.57717
2022-11-03T23:00:00.000000000,69.23,75.75111
2022-11-01T00:00:00.000000000,57.22,60.04278
2022-11-01T01:00:00.000000000,55.0,58.78074
2022-11-01T02:00:00.000000000,54.92,58.39813
2022-11-01T03:00:00.000000000,54.82,59.10886
2022-11-01T04:00:00.000000000,58.54,61.02123
2022-11-01T05:00:00.000000000,60.23,64.05792
2022-11-01T06:00:00.000000000,68.0,67.67524
2022-11-01T07:00:00.000000000,71.92,71.32077
2022-11-01T08:00:00.000000000,75.68,74.02014
2022-11-01T09:00:00.000000000,82.54,75.75574
2022-11-01T10:00:00.000000000,78.68,76.31279
2022-11-01T11:00:00.000000000,76.95,75.69491
2022-11-01T12:00:00.000000000,73.84,73.52562
2022-11-01T13:00:00.000000000,69.81,70.67838
2022-11-01T14:00:00.000000000,64.47,67.92392
2022-11-01T15:00:00.000000000,60.58,66.19147
2022-11-01T16:00:00.000000000,62.31,65.4684
2022-11-01T17:00:00.000000000,64.67,65.01675
2022-11-01T18:00:00.000000000,66.49,64.88474
2022-11-01T19:00:00.000000000,66.81,64.92547
2022-11-01T20:00:00.000000000,67.57,64.89468
2022-11-01T21:00:00.000000000,68.05,64.73747
2022-11-01T22:00:00.000000000,68.53,63.81922
2022-11-01T23:00:00.000000000,68.37,62.74798
2022-11-02T00:00:00.000000000,65.6,64.67623
2022-11-02T01:00:00.000000000,61.28,63.49344
2022-11-02T02:00:00.000000000,60.25,62.31793
2022-11-02T03:00:00.000000000,57.89,61.71592
2022-11-02T04:00:00.000000000,57.41,61.82134
2022-11-02T05:00:00.000000000,61.82,62.85727
2022-11-02T06:00:00.000000000,64.52,64.65075
2022-11-02T07:00:00.000000000,68.16,66.91516
2022-11-02T08:00:00.000000000,70.39,69.03644
2022-11-02T09:00:00.000000000,70.65,70.88963
2022-11-02T10:00:00.000000000,71.81,72.17351
2022-11-02T11:00:00.000000000,72.04,72.76517
2022-11-02T12:00:00.000000000,68.07,72.43567
2022-11-02T13:00:00.000000000,65.28,71.36347
2022-11-02T14:00:00.000000000,56.9,69.77591
2022-11-02T15:00:00.000000000,55.41,68.17236
2022-11-02T16:00:00.000000000,55.64,66.92905
2022-11-02T17:00:00.000000000,57.75,65.94487
2022-11-02T18:00:00.000000000,59.34,65.56345
2022-11-02T19:00:00.000000000,60.88,65.4863
2022-11-02T20:00:00.000000000,62.27,65.54679
2022-11-02T21:00:00.000000000,64.49,65.63102
2022-11-02T22:00:00.000000000,63.09,65.3856
2022-11-02T23:00:00.000000000,65.43,65.29057
2022-11-03T00:00:00.000000000,60.66,65.78558
2022-11-03T01:00:00.000000000,60.43,64.0669
2022-11-03T02:00:00.000000000,60.42,63.04735
2022-11-03T03:00:00.000000000,60.71,63.20132
2022-11-03T04:00:00.000000000,59.46,64.50588
2022-11-03T05:00:00.000000000,62.25,66.71238
2022-11-03T06:00:00.000000000,67.46,69.58224
2022-11-03T07:00:00.000000000,73.91,72.7578
2022-11-03T08:00:00.000000000,71.16,75.60158
2022-11-03T09:00:00.000000000,71.69,77.92648
2022-11-03T10:00:00.000000000,73.67,79.30798
2022-11-03T11:00:00.000000000,74.33,79.4009
2022-11-03T12:00:00.000000000,71.24,78.00798
2022-11-03T13:00:00.000000000,64.61,75.93364
2022-11-03T14:00:00.000000000,60.18,73.856
2022-11-03T15:00:00.000000000,57.75,72.37863
2022-11-03T16:00:00.000000000,58.73,71.60935
2022-11-03T17:00:00.000000000,61.11,70.95283
2022-11-03T18:00:00.000000000,65.54,70.56915
2022-11-03T19:00:00.000000000,67.21,70.37716
2022-11-03T20:00:00.000000000,68.72,70.27214
2022-11-03T21:00:00.000000000,67.89,70.2744
2022-11-03T22:00:00.000000000,69.27,69.60245
2022-11-03T23:00:00.000000000,69.23,68.67195
2022-11-04T00:00:00.000000000,66.08,66.76475
2022-11-04T01:00:00.000000000,62.21,65.14648
2022-11-04T02:00:00.000000000,60.91,64.22229
2022-11-04T03:00:00.000000000,59.46,64.42642
2022-11-04T04:00:00.000000000,60.57,65.72427
2022-11-04T05:00:00.000000000,63.48,67.86573
2022-11-04T06:00:00.000000000,68.42,70.58414
2022-11-04T07:00:00.000000000,70.3,73.53142
2022-11-04T08:00:00.000000000,69.01,76.12074
2022-11-04T09:00:00.000000000,70.02,78.15382
2022-11-04T10:00:00.000000000,70.07,79.2618
2022-11-04T11:00:00.000000000,71.23,79.16979
2022-11-04T12:00:00.000000000,68.14,77.69826
2022-11-04T13:00:00.000000000,65.74,75.64431
2022-11-04T14:00:00.000000000,62.78,73.64923
2022-11-04T15:00:00.000000000,60.81,72.28519
2022-11-04T16:00:00.000000000,60.24,71.59267
2022-11-04T17:00:00.000000000,58.79,70.99572
2022-11-04T18:00:00.000000000,59.37,70.64369
2022-11-04T19:00:00.000000000,58.26,70.48715
2022-11-04T20:00:00.000000000,57.45,70.41252
2022-11-04T21:00:00.000000000,57.28,70.42963
2022-11-04T22:00:00.000000000,58.04,69.78941
2022-11-04T23:00:00.000000000,56.61,68.95571
2022-11-02T00:00:00.000000000,65.6,68.95936
2022-11-02T01:00:00.000000000,61.28,67.26292
2022-11-02T02:00:00.000000000,60.25,65.431
2022-11-02T03:00:00.000000000,57.89,64.37302
2022-11-02T04:00:00.000000000,57.41,64.4249
2022-11-02T05:00:00.000000000,61.82,65.74627
2022-11-02T06:00:00.000000000,64.52,67.88606
2022-11-02T07:00:00.000000000,68.16,70.41695
2022-11-02T08:00:00.000000000,70.39,72.6486
2022-11-02T09:00:00.000000000,70.65,74.43488
2022-11-02T10:00:00.000000000,71.81,75.40871
2022-11-02T11:00:00.000000000,72.04,75.55437
2022-11-02T12:00:00.000000000,68.07,74.58368
2022-11-02T13:00:00.000000000,65.28,72.75983
2022-11-02T14:00:00.000000000,56.9,70.46485
2022-11-02T15:00:00.000000000,55.41,68.489
2022-11-02T16:00:00.000000000,55.64,67.23714
2022-11-02T17:00:00.000000000,57.75,66.72648
2022-11-02T18:00:00.000000000,59.34,67.16292
2022-11-02T19:00:00.000000000,60.88,67.92417
2022-11-02T20:00:00.000000000,62.27,68.69535
2022-11-02T21:00:00.000000000,64.49,69.27588
2022-11-02T22:00:00.000000000,63.09,69.30281
2022-11-02T23:00:00.000000000,65.43,69.32467
2022-11-03T00:00:00.000000000,60.66,68.22955
2022-11-03T01:00:00.000000000,60.43,66.1102
2022-11-03T02:00:00.000000000,60.42,64.72426
2022-11-03T03:00:00.000000000,60.71,64.68012
2022-11-03T04:00:00.000000000,59.46,65.98087
2022-11-03T05:00:00.000000000,62.25,68.30489
2022-11-03T06:00:00.000000000,67.46,71.37129
2022-11-03T07:00:00.000000000,73.91,74.77162
2022-11-03T08:00:00.000000000,71.16,77.82574
2022-11-03T09:00:00.000000000,71.69,80.22848
2022-11-03T10:00:00.000000000,73.67,81.50158
2022-11-03T11:00:00.000000000,74.33,81.34062
2022-11-03T12:00:00.000000000,71.24,79.56456
2022-11-03T13:00:00.000000000,64.61,77.04313
2022-11-03T14:00:00.000000000,60.18,74.5361
2022-11-03T15:00:00.000000000,57.75,72.83903
2022-11-03T16:00:00.000000000,58.73,72.10029
2022-11-03T17:00:00.000000000,61.11,71.69458
2022-11-03T18:00:00.000000000,65.54,71.70174
2022-11-03T19:00:00.000000000,67.21,71.9469
2022-11-03T20:00:00.000000000,68.72,72.24633
2022-11-03T21:00:00.000000000,67.89,72.58243
2022-11-03T22:00:00.000000000,69.27,72.07406
2022-11-03T23:00:00.000000000,69.23,71.09545
2022-11-04T00:00:00.000000000,66.08,68.39848
2022-11-04T01:00:00.000000000,62.21,66.66232
2022-11-04T02:00:00.000000000,60.91,65.52344
2022-11-04T03:00:00.000000000,59.46,65.51373
2022-11-04T04:00:00.000000000,60.57,66.63191
2022-11-04T05:00:00.000000000,63.48,68.59865
2022-11-04T06:00:00.000000000,68.42,71.12656
2022-11-04T07:00:00.000000000,70.3,73.87588
2022-11-04T08:00:00.000000000,69.01,76.33666
2022-11-04T09:00:00.000000000,70.02,78.26895
2022-11-04T10:00:00.000000000,70.07,79.29923
2022-11-04T11:00:00.000000000,71.23,79.16398
2022-11-04T12:00:00.000000000,68.14,77.6985
2022-11-04T13:00:00.000000000,65.74,75.64275
2022-11-04T14:00:00.000000000,62.78,73.62948
2022-11-04T15:00:00.000000000,60.81,72.26821
2022-11-04T16:00:00.000000000,60.24,71.58177
2022-11-04T17:00:00.000000000,58.79,71.05896
2022-11-04T18:00:00.000000000,59.37,70.83823
2022-11-04T19:00:00.000000000,58.26,70.84909
2022-11-04T20:00:00.000000000,57.45,70.94851
2022-11-04T21:00:00.000000000,57.28,71.11724
2022-11-04T22:00:00.000000000,58.04,70.61884
2022-11-04T23:00:00.000000000,56.61,69.9188
2022-11-05T00:00:00.000000000,55.72,63.60159
2022-11-05T01:00:00.000000000,54.4,62.39101
2022-11-05T02:00:00.000000000,57.14,61.24862
2022-11-05T03:00:00.000000000,57.02,60.80667
2022-11-05T04:00:00.000000000,55.66,61.12515
2022-11-05T05:00:00.000000000,57.46,62.14941
2022-11-05T06:00:00.000000000,60.05,63.63776
2022-11-05T07:00:00.000000000,62.28,65.16724
2022-11-05T08:00:00.000000000,65.58,66.36513
2022-11-05T09:00:00.000000000,65.51,67.06299
2022-11-05T10:00:00.000000000,64.66,67.2857
2022-11-05T11:00:00.000000000,64.3,66.99588
2022-11-05T12:00:00.000000000,63.12,65.95509
2022-11-05T13:00:00.000000000,61.04,64.27564
2022-11-05T14:00:00.000000000,60.68,62.20057
2022-11-05T15:00:00.000000000,59.43,60.66116
2022-11-05T16:00:00.000000000,57.8,60.09619
2022-11-05T17:00:00.000000000,57.47,60.12821
2022-11-05T18:00:00.000000000,57.34,60.64855
2022-11-05T19:00:00.000000000,57.64,61.27892
2022-11-05T20:00:00.000000000,57.86,61.87429
2022-11-05T21:00:00.000000000,57.72,62.49178
2022-11-05T22:00:00.000000000,58.2,62.87281
2022-11-05T23:00:00.000000000,56.49,63.24278
2022-11-03T00:00:00.000000000,60.66,65.58807
2022-11-03T01:00:00.000000000,60.43,63.99079
2022-11-03T02:00:00.000000000,60.42,62.42582
2022-11-03T03:00:00.000000000,60.71,61.77589
2022-11-03T04:00:00.000000000,59.46,62.24493
2022-11-03T05:00:00.000000000,62.25,63.70053
2022-11-03T06:00:00.000000000,67.46,65.74079
2022-11-03T07:00:00.000000000,73.91,67.89947
2022-11-03T08:00:00.000000000,71.16,69.6571
2022-11-03T09:00:00.000000000,71.69,70.81187
2022-11-03T10:00:00.000000000,73.67,71.27793
2022-11-03T11:00:00.000000000,74.33,71.06905
2022-11-03T12:00:00.000000000,71.24,69.85963
2022-11-03T13:00:00.000000000,64.61,67.75649
2022-11-03T14:00:00.000000000,60.18,65.17886
2022-11-03T15:00:00.000000000,57.75,63.2276
2022-11-03T16:00:00.000000000,58.73,62.38905
2022-11-03T17:00:00.000000000,61.11,62.41482
2022-11-03T18:00:00.000000000,65.54,63.15222
2022-11-03T19:00:00.000000000,67.21,63.93803
2022-11-03T20:00:00.000000000,68.72,64.52422
2022-11-03T21:00:00.000000000,67.89,65.09654
2022-11-03T22:00:00.000000000,69.27,65.40648
2022-11-03T23:00:00.000000000,69.23,65.67085
2022-11-04T00:00:00.000000000,66.08,63.13161
2022-11-04T01:00:00.000000000,62.21,62.00689
2022-11-04T02:00:00.000000000,60.91,60.91004
2022-11-04T03:00:00.000000000,59.46,60.51915
2022-11-04T04:00:00.000000000,60.57,60.9215
2022-11-04T05:00:00.000000000,63.48,62.01446
2022-11-04T06:00:00.000000000,68.42,63.52919
2022-11-04T07:00:00.000000000,70.3,65.07069
2022-11-04T08:00:00.000000000,69.01,66.30656
2022-11-04T09:00:00.000000000,70.02,67.04933
2022-11-04T10:00:00.000000000,70.07,67.32843
2022-11-04T11:00:00.000000000,71.23,67.13672
2022-11-04T12:00:00.000000000,68.14,66.18363
2022-11-04T13:00:00.000000000,65.74,64.51542
2022-11-04T14:00:00.000000000,62.78,62.39017
2022-11-04T15:00:00.000000000,60.81,60.76629
2022-11-04T16:00:00.000000000,60.24,60.07969
2022-11-04T17:00:00.000000000,58.79,60.01565
2022-11-04T18:00:00.000000000,59.37,60.44363
2022-11-04T19:00:00.000000000,58.26,60.94327
2022-11-04T20:00:00.000000000,57.45,61.4041
2022-11-04T21:00:00.000000000,57.28,61.947
2022-11-04T22:00:00.000000000,58.04,62.35409
2022-11-04T23:00:00.000000000,56.61,62.81366
2022-11-05T00:00:00.000000000,55.72,55.60242
2022-11-05T01:00:00.000000000,54.4,54.37121
2022-11-05T02:00:00.000000000,57.14,53.43474
2022-11-05T03:00:00.000000000,57.02,52.9922
2022-11-05T04:00:00.000000000,55.66,53.02996
2022-11-05T05:00:00.000000000,57.46,53.68492
2022-11-05T06:00:00.000000000,60.05,54.93736
2022-11-05T07:00:00.000000000,62.28,56.3806
2022-11-05T08:00:00.000000000,65.58,57.71553
2022-11-05T09:00:00.000000000,65.51,58.74917
2022-11-05T10:00:00.000000000,64.66,59.32891
2022-11-05T11:00:00.000000000,64.3,59.27356
2022-11-05T12:00:00.000000000,63.12,58.5196
2022-11-05T13:00:00.000000000,61.04,57.42193
2022-11-05T14:00:00.000000000,60.68,56.34421
2022-11-05T15:00:00.000000000,59.43,55.75853
2022-11-05T16:00:00.000000000,57.8,55.72088
2022-11-05T17:00:00.000000000,57.47,55.71464
2022-11-05T18:00:00.000000000,57.34,55.86676
2022-11-05T19:00:00.000000000,57.64,56.31037
2022-11-05T20:00:00.000000000,57.86,56.99948
2022-11-05T21:00:00.000000000,57.72,57.51393
2022-11-05T22:00:00.000000000,58.2,57.27629
2022-11-05T23:00:00.000000000,56.49,56.8227
2022-11-06T00:00:00.000000000,55.69,58.44632
2022-11-06T01:00:00.000000000,54.0,57.47661
2022-11-06T02:00:00.000000000,54.63,56.64836
2022-11-06T03:00:00.000000000,53.56,56.35301
2022-11-06T04:00:00.000000000,54.06,56.60962
2022-11-06T05:00:00.000000000,55.42,57.54025
2022-11-06T06:00:00.000000000,56.78,59.05414
2022-11-06T07:00:00.000000000,59.55,60.82615
2022-11-06T08:00:00.000000000,65.16,62.45756
2022-11-06T09:00:00.000000000,70.0,63.83055
2022-11-06T10:00:00.000000000,72.64,64.84031
2022-11-06T11:00:00.000000000,75.24,65.30733
2022-11-06T12:00:00.000000000,74.39,65.00066
2022-11-06T13:00:00.000000000,72.03,64.01403
2022-11-06T14:00:00.000000000,69.16,62.54849
2022-11-06T15:00:00.000000000,66.25,61.20684
2022-11-06T16:00:00.000000000,64.38,60.33184
2022-11-06T17:00:00.000000000,65.11,59.58637
2022-11-06T18:00:00.000000000,64.81,59.16235
2022-11-06T19:00:00.000000000,64.32,58.95557
2022-11-06T20:00:00.000000000,63.89,58.92864
2022-11-06T21:00:00.000000000,64.56,59.00082
2022-11-06T22:00:00.000000000,65.85,58.86505
2022-11-06T23:00:00.000000000,66.42,58.84396
2022-11-04T00:00:00.000000000,66.08,68.52108
2022-11-04T01:00:00.000000000,62.21,66.89068
2022-11-04T02:00:00.000000000,60.91,64.95753
2022-11-04T03:00:00.000000000,59.46,63.90224
2022-11-04T04:00:00.000000000,60.57,64.03453
2022-11-04T05:00:00.000000000,63.48,65.19262
2022-11-04T06:00:00.000000000,68.42,66.84811
2022-11-04T07:00:00.000000000,70.3,68.42077
2022-11-04T08:00:00.000000000,69.01,69.53104
2022-11-04T09:00:00.000000000,70.02,70.09747
2022-11-04T10:00:00.000000000,70.07,70.17649
2022-11-04T11:00:00.000000000,71.23,69.76849
2022-11-04T12:00:00.000000000,68.14,68.48415
2022-11-04T13:00:00.000000000,65.74,66.27272
2022-11-04T14:00:00.000000000,62.78,63.44919
2022-11-04T15:00:00.000000000,60.81,61.30784
2022-11-04T16:00:00.000000000,60.24,60.55804
2022-11-04T17:00:00.000000000,58.79,61.04593
2022-11-04T18:00:00.000000000,59.37,62.42054
2022-11-04T19:00:00.000000000,58.26,63.72866
2022-11-04T20:00:00.000000000,57.45,64.72308
2022-11-04T21:00:00.000000000,57.28,65.6935
2022-11-04T22:00:00.000000000,58.04,66.60301
2022-11-04T23:00:00.000000000,56.61,67.54421
2022-11-05T00:00:00.000000000,55.72,59.42049
2022-11-05T01:00:00.000000000,54.4,58.372
2022-11-05T02:00:00.000000000,57.14,57.42238
2022-11-05T03:00:00.000000000,57.02,56.93377
2022-11-05T04:00:00.000000000,55.66,56.95489
2022-11-05T05:00:00.000000000,57.46,57.63928
2022-11-05T06:00:00.000000000,60.05,58.90662
2022-11-05T07:00:00.000000000,62.28,60.29296
2022-11-05T08:00:00.000000000,65.58,61.43983
2022-11-05T09:00:00.000000000,65.51,62.19059
2022-11-05T10:00:00.000000000,64.66,62.49364
2022-11-05T11:00:00.000000000,64.3,62.26655
2022-11-05T12:00:00.000000000,63.12,61.43364
2022-11-05T13:00:00.000000000,61.04,60.18559
2022-11-05T14:00:00.000000000,60.68,58.74965
2022-11-05T15:00:00.000000000,59.43,57.74286
2022-11-05T16:00:00.000000000,57.8,57.4066
2022-11-05T17:00:00.000000000,57.47,57.3343
2022-11-05T18:00:00.000000000,57.34,57.65344
2022-11-05T19:00:00.000000000,57.64,58.26026
2022-11-05T20:00:00.000000000,57.86,58.98261
2022-11-05T21:00:00.000000000,57.72,59.53911
2022-11-05T22:00:00.000000000,58.2,59.5464
2022-11-05T23:00:00.000000000,56.49,59.50818
2022-11-06T00:00:00.000000000,55.69,61.66851
2022-11-06T01:00:00.000000000,54.0,60.74006
2022-11-06T02:00:00.000000000,54.63,60.00153
2022-11-06T03:00:00.000000000,53.56,59.80556
2022-11-06T04:00:00.000000000,54.06,60.134
2022-11-06T05:00:00.000000000,55.42,61.15867
2022-11-06T06:00:00.000000000,56.78,62.79226
2022-11-06T07:00:00.000000000,59.55,64.79584
2022-11-06T08:00:00.000000000,65.16,66.62024
2022-11-06T09:00:00.000000000,70.0,68.16996
2022-11-06T10:00:00.000000000,72.64,69.28073
2022-11-06T11:00:00.000000000,75.24,69.80856
2022-11-06T12:00:00.000000000,74.39,69.51745
2022-11-06T13:00:00.000000000,72.03,68.59737
2022-11-06T14:00:00.000000000,69.16,67.26015
2022-11-06T15:00:00.000000000,66.25,65.95934
2022-11-06T16:00:00.000000000,64.38,65.04663
2022-11-06T17:00:00.000000000,65.11,64.19801
2022-11-06T18:00:00.000000000,64.81,63.67766
2022-11-06T19:00:00.000000000,64.32,63.34139
2022-11-06T20:00:00.000000000,63.89,63.13003
2022-11-06T21:00:00.000000000,64.56,63.03129
2022-11-06T22:00:00.000000000,65.85,62.71413
2022-11-06T23:00:00.000000000,66.42,62.55981
2022-11-07T00:00:00.000000000,65.61,61.52168
2022-11-07T01:00:00.000000000,62.93,60.51158
2022-11-07T02:00:00.000000000,59.63,59.81158
2022-11-07T03:00:00.000000000,59.63,59.82193
2022-11-07T04:00:00.000000000,60.82,60.50715
2022-11-07T05:00:00.000000000,65.66,61.76742
2022-11-07T06:00:00.000000000,69.11,63.44616
2022-11-07T07:00:00.000000000,72.55,65.29032
2022-11-07T08:00:00.000000000,71.46,66.92724
2022-11-07T09:00:00.000000000,70.34,68.07606
2022-11-07T10:00:00.000000000,70.41,68.6907
2022-11-07T11:00:00.000000000,70.08,68.70921
2022-11-07T12:00:00.000000000,66.39,67.87191
2022-11-07T13:00:00.000000000,62.42,66.39467
2022-11-07T14:00:00.000000000,60.61,64.62972
2022-11-07T15:00:00.000000000,58.83,63.28649
2022-11-07T16:00:00.000000000,58.8,62.58311
2022-11-07T17:00:00.000000000,59.47,62.11762
2022-11-07T18:00:00.000000000,60.71,61.92051
2022-11-07T19:00:00.000000000,61.89,61.8461
2022-11-07T20:00:00.000000000,62.71,61.87055
2022-11-07T21:00:00.000000000,64.6,62.05333
2022-11-07T22:00:00.000000000,65.44,62.00848
2022-11-07T23:00:00.000000000,65.81,61.9977
2022-11-05T00:00:00.000000000,55.72,50.98342
2022-11-05T01:00:00.000000000,54.4,49.95493
2022-11-05T02:00:00.000000000,57.14,49.26885
2022-11-05T03:00:00.000000000,57.02,49.02769
2022-11-05T04:00:00.000000000,55.66,49.18724
2022-11-05T05:00:00.000000000,57.46,49.95203
2022-11-05T06:00:00.000000000,60.05,51.2886
2022-11-05T07:00:00.000000000,62.28,52.78249
2022-11-05T08:00:00.000000000,65.58,54.07482
2022-11-05T09:00:00.000000000,65.51,55.03991
2022-11-05T10:00:00.000000000,64.66,55.54718
2022-11-05T11:00:00.000000000,64.3,55.47917
2022-11-05T12:00:00.000000000,63.12,54.75789
2022-11-05T13:00:00.000000000,61.04,53.71445
2022-11-05T14:00:00.000000000,60.68,52.68946
2022-11-05T15:00:00.000000000,59.43,52.12138
2022-11-05T16:00:00.000000000,57.8,52.09434
2022-11-05T17:00:00.000000000,57.47,52.10838
2022-11-05T18:00:00.000000000,57.34,52.23622
2022-11-05T19:00:00.000000000,57.64,52.60532
2022-11-05T20:00:00.000000000,57.86,53.21304
2022-11-05T21:00:00.000000000,57.72,53.63096
2022-11-05T22:00:00.000000000,58.2,53.3172
2022-11-05T23:00:00.000000000,56.49,52.83232
2022-11-06T00:00:00.000000000,55.69,56.25128
2022-11-06T01:00:00.000000000,54.0,55.34848
2022-11-06T02:00:00.000000000,54.63,54.64731
2022-11-06T03:00:00.000000000,53.56,54.46562
2022-11-06T04:00:00.000000000,54.06,54.77455
2022-11-06T05:00:00.000000000,55.42,55.72483
2022-11-06T06:00:00.000000000,56.78,57.22409
2022-11-06T07:00:00.000000000,59.55,58.93805
2022-11-06T08:00:00.000000000,65.16,60.46902
2022-11-06T09:00:00.000000000,70.0,61.79376
2022-11-06T10:00:00.000000000,72.64,62.8062
2022-11-06T11:00:00.000000000,75.24,63.3162
2022-11-06T12:00:00.000000000,74.39,63.10872
2022-11-06T13:00:00.000000000,72.03,62.29051
2022-11-06T14:00:00.000000000,69.16,61.02895
2022-11-06T15:00:00.000000000,66.25,59.85217
2022-11-06T16:00:00.000000000,64.38,59.10064
2022-11-06T17:00:00.000000000,65.11,58.38807
2022-11-06T18:00:00.000000000,64.81,57.90771
2022-11-06T19:00:00.000000000,64.32,57.59558
2022-11-06T20:00:00.000000000,63.89,57.45513
2022-11-06T21:00:00.000000000,64.56,57.39023
2022-11-06T22:00:00.000000000,65.85,57.11284
2022-11-06T23:00:00.000000000,66.42,56.97849
2022-11-07T00:00:00.000000000,65.61,56.5127
2022-11-07T01:00:00.000000000,62.93,55.74477
2022-11-07T02:00:00.000000000,59.63,55.22388
2022-11-07T03:00:00.000000000,59.63,55.27965
2022-11-07T04:00:00.000000000,60.82,55.85238
2022-11-07T05:00:00.000000000,65.66,56.98741
2022-11-07T06:00:00.000000000,69.11,58.52947
2022-11-07T07:00:00.000000000,72.55,60.11739
2022-11-07T08:00:00.000000000,71.46,61.36564
2022-11-07T09:00:00.000000000,70.34,62.21254
2022-11-07T10:00:00.000000000,70.41,62.66722
2022-11-07T11:00:00.000000000,70.08,62.68727
2022-11-07T12:00:00.000000000,66.39,62.03931
2022-11-07T13:00:00.000000000,62.42,60.82484
2022-11-07T14:00:00.000000000,60.61,59.20243
2022-11-07T15:00:00.000000000,58.83,57.89905
2022-11-07T16:00:00.000000000,58.8,57.26786
2022-11-07T17:00:00.000000000,59.47,56.89941
2022-11-07T18:00:00.000000000,60.71,56.78591
2022-11-07T19:00:00.000000000,61.89,56.7653
2022-11-07T20:00:00.000000000,62.71,56.834
2022-11-07T21:00:00.000000000,64.6,57.00226
2022-11-07T22:00:00.000000000,65.44,56.98778
2022-11-07T23:00:00.000000000,65.81,57.08938
2022-11-08T00:00:00.000000000,63.69,58.45024
2022-11-08T01:00:00.000000000,60.56,57.36373
2022-11-08T02:00:00.000000000,59.82,56.5609
2022-11-08T03:00:00.000000000,59.93,56.36455
2022-11-08T04:00:00.000000000,60.63,56.69903
2022-11-08T05:00:00.000000000,62.6,57.65336
2022-11-08T06:00:00.000000000,64.14,59.15363
2022-11-08T07:00:00.000000000,66.59,60.92044
2022-11-08T08:00:00.000000000,70.14,62.52489
2022-11-08T09:00:00.000000000,74.83,63.81095
2022-11-08T10:00:00.000000000,75.24,64.67714
2022-11-08T11:00:00.000000000,74.98,64.95112
2022-11-08T12:00:00.000000000,73.46,64.39392
2022-11-08T13:00:00.000000000,70.5,63.22191
2022-11-08T14:00:00.000000000,63.82,61.72436
2022-11-08T15:00:00.000000000,57.5,60.53704
2022-11-08T16:00:00.000000000,56.19,59.94804
2022-11-08T17:00:00.000000000,56.35,59.48209
2022-11-08T18:00:00.000000000,57.36,59.23842
2022-11-08T19:00:00.000000000,58.38,59.17575
2022-11-08T20:00:00.000000000,58.33,59.30055
2022-11-08T21:00:00.000000000,58.64,59.53526
2022-11-08T22:00:00.000000000,58.92,59.44377
2022-11-08T23:00:00.000000000,59.18,59.30789
2022-11-06T00:00:00.000000000,55.69,60.34263
2022-11-06T01:00:00.000000000,54.0,59.4423
2022-11-06T02:00:00.000000000,54.63,58.99504
2022-11-06T03:00:00.000000000,53.56,59.27492
2022-11-06T04:00:00.000000000,54.06,60.29002
2022-11-06T05:00:00.000000000,55.42,62.09218
2022-11-06T06:00:00.000000000,56.78,64.41582
2022-11-06T07:00:00.000000000,59.55,66.91409
2022-11-06T08:00:00.000000000,65.16,68.94834
2022-11-06T09:00:00.000000000,70.0,70.57772
2022-11-06T10:00:00.000000000,72.64,71.57808
2022-11-06T11:00:00.000000000,75.24,71.77987
2022-11-06T12:00:00.000000000,74.39,70.89449
2022-11-06T13:00:00.000000000,72.03,69.445
2022-11-06T14:00:00.000000000,69.16,67.91137
2022-11-06T15:00:00.000000000,66.25,66.7174
2022-11-06T16:00:00.000000000,64.38,65.99727
2022-11-06T17:00:00.000000000,65.11,65.26257
2022-11-06T18:00:00.000000000,64.81,64.7324
2022-11-06T19:00:00.000000000,64.32,64.29706
2022-11-06T20:00:00.000000000,63.89,63.90741
2022-11-06T21:00:00.000000000,64.56,63.58739
2022-11-06T22:00:00.000000000,65.85,62.90656
2022-11-06T23:00:00.000000000,66.42,62.36828
2022-11-07T00:00:00.000000000,65.61,62.00266
2022-11-07T01:00:00.000000000,62.93,60.91406
2022-11-07T02:00:00.000000000,59.63,59.91865
2022-11-07T03:00:00.000000000,59.63,59.52743
2022-11-07T04:00:00.000000000,60.82,59.76373
2022-11-07T05:00:00.000000000,65.66,60.70194
2022-11-07T06:00:00.000000000,69.11,62.22223
2022-11-07T07:00:00.000000000,72.55,64.04927
2022-11-07T08:00:00.000000000,71.46,65.75518
2022-11-07T09:00:00.000000000,70.34,67.09926
2022-11-07T10:00:00.000000000,70.41,67.98382
2022-11-07T11:00:00.000000000,70.08,68.29678
2022-11-07T12:00:00.000000000,66.39,67.75147
2022-11-07T13:00:00.000000000,62.42,66.43363
2022-11-07T14:00:00.000000000,60.61,64.57826
2022-11-07T15:00:00.000000000,58.83,62.95644
2022-11-07T16:00:00.000000000,58.8,61.97626
2022-11-07T17:00:00.000000000,59.47,61.33692
2022-11-07T18:00:00.000000000,60.71,61.135
2022-11-07T19:00:00.000000000,61.89,61.16147
2022-11-07T20:00:00.000000000,62.71,61.35816
2022-11-07T21:00:00.000000000,64.6,61.71465
2022-11-07T22:00:00.000000000,65.44,61.88007
2022-11-07T23:00:00.000000000,65.81,62.07943
2022-11-08T00:00:00.000000000,63.69,61.48183
2022-11-08T01:00:00.000000000,60.56,60.39741
2022-11-08T02:00:00.000000000,59.82,59.46731
2022-11-08T03:00:00.000000000,59.93,59.08885
2022-11-08T04:00:00.000000000,60.63,59.23571
2022-11-08T05:00:00.000000000,62.6,60.07398
2022-11-08T06:00:00.000000000,64.14,61.54493
2022-11-08T07:00:00.000000000,66.59,63.38724
2022-11-08T08:00:00.000000000,70.14,65.11176
2022-11-08T09:00:00.000000000,74.83,66.5294
2022-11-08T10:00:00.000000000,75.24,67.49489
2022-11-08T11:00:00.000000000,74.98,67.87374
2022-11-08T12:00:00.000000000,73.46,67.46895
2022-11-08T13:00:00.000000000,70.5,66.42319
2022-11-08T14:00:00.000000000,63.82,64.9216
2022-11-08T15:00:00.000000000,57.5,63.54999
2022-11-08T16:00:00.000000000,56.19,62.69106
2022-11-08T17:00:00.000000000,56.35,62.00338
2022-11-08T18:00:00.000000000,57.36,61.70054
2022-11-08T19:00:00.000000000,58.38,61.66217
2022-11-08T20:00:00.000000000,58.33,61.7993
2022-11-08T21:00:00.000000000,58.64,62.00394
2022-11-08T22:00:00.000000000,58.92,61.90933
2022-11-08T23:00:00.000000000,59.18,61.85304
2022-11-09T00:00:00.000000000,58.04,62.43765
2022-11-09T01:00:00.000000000,59.11,61.23858
2022-11-09T02:00:00.000000000,56.61,60.37289
2022-11-09T03:00:00.000000000,57.22,60.25834
2022-11-09T04:00:00.000000000,57.88,60.82991
2022-11-09T05:00:00.000000000,58.81,62.01925
2022-11-09T06:00:00.000000000,61.66,63.71991
2022-11-09T07:00:00.000000000,70.12,65.67503
2022-11-09T08:00:00.000000000,72.91,67.46161
2022-11-09T09:00:00.000000000,75.93,68.94195
2022-11-09T10:00:00.000000000,76.67,69.95958
2022-11-09T11:00:00.000000000,78.0,70.27581
2022-11-09T12:00:00.000000000,75.37,69.69313
2022-11-09T13:00:00.000000000,71.65,68.55967
2022-11-09T14:00:00.000000000,63.25,67.25899
2022-11-09T15:00:00.000000000,59.18,66.23242
2022-11-09T16:00:00.000000000,56.49,65.71169
2022-11-09T17:00:00.000000000,57.53,65.19518
2022-11-09T18:00:00.000000000,58.21,64.84335
2022-11-09T19:00:00.000000000,60.15,64.58065
2022-11-09T20:00:00.000000000,62.77,64.41214
2022-11-09T21:00:00.000000000,63.99,64.36696
2022-11-09T22:00:00.000000000,64.2,64.02062
2022-11-09T23:00:00.000000000,63.15,63.68635
2022-11-07T00:00:00.000000000,65.61,65.97268
2022-11-07T01:00:00.000000000,62.93,64.91613
2022-11-07T02:00:00.000000000,59.63,63.45645
2022-11-07T03:00:00.000000000,59.63,62.41314
2022-11-07T04:00:00.000000000,60.82,62.05359
2022-11-07T05:00:00.000000000,65.66,62.66763
2022-11-07T06:00:00.000000000,69.11,64.09438
2022-11-07T07:00:00.000000000,72.55,65.9058
2022-11-07T08:00:00.000000000,71.46,67.59888
2022-11-07T09:00:00.000000000,70.34,68.83973
2022-11-07T10:00:00.000000000,70.41,69.49064
2022-11-07T11:00:00.000000000,70.08,69.62322
2022-11-07T12:00:00.000000000,66.39,69.0366
2022-11-07T13:00:00.000000000,62.42,67.54562
2022-11-07T14:00:00.000000000,60.61,65.15574
2022-11-07T15:00:00.000000000,58.83,62.78796
2022-11-07T16:00:00.000000000,58.8,61.17215
2022-11-07T17:00:00.000000000,59.47,60.42402
2022-11-07T18:00:00.000000000,60.71,60.73469
2022-11-07T19:00:00.000000000,61.89,61.48659
2022-11-07T20:00:00.000000000,62.71,62.34597
2022-11-07T21:00:00.000000000,64.6,63.16093
2022-11-07T22:00:00.000000000,65.44,63.81698
2022-11-07T23:00:00.000000000,65.81,64.62187
2022-11-08T00:00:00.000000000,63.69,63.73778
2022-11-08T01:00:00.000000000,60.56,62.63935
2022-11-08T02:00:00.000000000,59.82,61.56151
2022-11-08T03:00:00.000000000,59.93,61.01997
2022-11-08T04:00:00.000000000,60.63,61.08854
2022-11-08T05:00:00.000000000,62.6,61.92543
2022-11-08T06:00:00.000000000,64.14,63.44901
2022-11-08T07:00:00.000000000,66.59,65.41431
2022-11-08T08:00:00.000000000,70.14,67.33047
2022-11-08T09:00:00.000000000,74.83,68.85667
2022-11-08T10:00:00.000000000,75.24,69.82908
2022-11-08T11:00:00.000000000,74.98,70.18165
2022-11-08T12:00:00.000000000,73.46,69.66358
2022-11-08T13:00:00.000000000,70.5,68.34597
2022-11-08T14:00:00.000000000,63.82,66.42875
2022-11-08T15:00:00.000000000,57.5,64.64601
2022-11-08T16:00:00.000000000,56.19,63.42912
2022-11-08T17:00:00.000000000,56.35,62.59902
2022-11-08T18:00:00.000000000,57.36,62.35241
2022-11-08T19:00:00.000000000,58.38,62.46151
2022-11-08T20:00:00.000000000,58.33,62.79041
2022-11-08T21:00:00.000000000,58.64,63.23342
2022-11-08T22:00:00.000000000,58.92,63.41922
2022-11-08T23:00:00.000000000,59.18,63.63652
2022-11-09T00:00:00.000000000,58.04,64.35033
2022-11-09T01:00:00.000000000,59.11,62.98347
2022-11-09T02:00:00.000000000,56.61,61.82017
2022-11-09T03:00:00.000000000,57.22,61.41658
2022-11-09T04:00:00.000000000,57.88,61.8048
2022-11-09T05:00:00.000000000,58.81,62.96428
2022-11-09T06:00:00.000000000,61.66,64.74353
2022-11-09T07:00:00.000000000,70.12,66.84357
2022-11-09T08:00:00.000000000,72.91,68.80146
2022-11-09T09:00:00.000000000,75.93,70.44362
2022-11-09T10:00:00.000000000,76.67,71.54891
2022-11-09T11:00:00.000000000,78.0,71.91241
2022-11-09T12:00:00.000000000,75.37,71.35032
2022-11-09T13:00:00.000000000,71.65,70.14824
2022-11-09T14:00:00.000000000,63.25,68.65327
2022-11-09T15:00:00.000000000,59.18,67.38571
2022-11-09T16:00:00.000000000,56.49,66.61819
2022-11-09T17:00:00.000000000,57.53,65.99567
2022-11-09T18:00:00.000000000,58.21,65.7273
2022-11-09T19:00:00.000000000,60.15,65.64285
2022-11-09T20:00:00.000000000,62.77,65.65655
2022-11-09T21:00:00.000000000,63.99,65.72237
2022-11-09T22:00:00.000000000,64.2,65.42251
2022-11-09T23:00:00.000000000,63.15,65.13874
2022-11-10T00:00:00.000000000,61.94,66.21634
2022-11-10T01:00:00.000000000,59.47,64.48981
2022-11-10T02:00:00.000000000,58.57,63.28515
2022-11-10T03:00:00.000000000,56.37,63.17715
2022-11-10T04:00:00.000000000,57.24,64.18523
2022-11-10T05:00:00.000000000,57.72,66.083
2022-11-10T06:00:00.000000000,58.7,68.65486
2022-11-10T07:00:00.000000000,61.3,71.55414
2022-11-10T08:00:00.000000000,65.71,74.19906
2022-11-10T09:00:00.000000000,68.88,76.37778
2022-11-10T10:00:00.000000000,69.26,77.69568
2022-11-10T11:00:00.000000000,69.41,77.85018
2022-11-10T12:00:00.000000000,66.33,76.67592
2022-11-10T13:00:00.000000000,63.78,74.84427
2022-11-10T14:00:00.000000000,55.17,72.98717
2022-11-10T15:00:00.000000000,52.02,71.64246
2022-11-10T16:00:00.000000000,52.13,70.96832
2022-11-10T17:00:00.000000000,53.27,70.4561
2022-11-10T18:00:00.000000000,54.91,70.27173
2022-11-10T19:00:00.000000000,56.29,70.23777
2022-11-10T20:00:00.000000000,61.22,70.24137
2022-11-10T21:00:00.000000000,65.62,70.28622
2022-11-10T22:00:00.000000000,66.81,69.69397
2022-11-10T23:00:00.000000000,65.08,68.88093
2022-11-08T00:00:00.000000000,63.69,65.29178
2022-11-08T01:00:00.000000000,60.56,63.85376
2022-11-08T02:00:00.000000000,59.82,62.56885
2022-11-08T03:00:00.000000000,59.93,62.06343
2022-11-08T04:00:00.000000000,60.63,62.41309
2022-11-08T05:00:00.000000000,62.6,63.56161
2022-11-08T06:00:00.000000000,64.14,65.28884
2022-11-08T07:00:00.000000000,66.59,67.26122
2022-11-08T08:00:00.000000000,70.14,69.02469
2022-11-08T09:00:00.000000000,74.83,70.27894
2022-11-08T10:00:00.000000000,75.24,70.89353
2022-11-08T11:00:00.000000000,74.98,70.80117
2022-11-08T12:00:00.000000000,73.46,69.75118
2022-11-08T13:00:00.000000000,70.5,67.96751
2022-11-08T14:00:00.000000000,63.82,65.83113
2022-11-08T15:00:00.000000000,57.5,64.20451
2022-11-08T16:00:00.000000000,56.19,63.43446
2022-11-08T17:00:00.000000000,56.35,63.18703
2022-11-08T18:00:00.000000000,57.36,63.46487
2022-11-08T19:00:00.000000000,58.38,63.94809
2022-11-08T20:00:00.000000000,58.33,64.47595
2022-11-08T21:00:00.000000000,58.64,65.05136
2022-11-08T22:00:00.000000000,58.92,65.26225
2022-11-08T23:00:00.000000000,59.18,65.36572
2022-11-09T00:00:00.000000000,58.04,65.41467
2022-11-09T01:00:00.000000000,59.11,63.98993
2022-11-09T02:00:00.000000000,56.61,62.67749
2022-11-09T03:00:00.000000000,57.22,62.06494
2022-11-09T04:00:00.000000000,57.88,62.216
2022-11-09T05:00:00.000000000,58.81,63.17963
2022-11-09T06:00:00.000000000,61.66,64.81991
2022-11-09T07:00:00.000000000,70.12,66.84909
2022-11-09T08:00:00.000000000,72.91,68.7936
2022-11-09T09:00:00.000000000,75.93,70.41457
2022-11-09T10:00:00.000000000,76.67,71.48043
2022-11-09T11:00:00.000000000,78.0,71.82542
2022-11-09T12:00:00.000000000,75.37,71.2728
2022-11-09T13:00:00.000000000,71.65,70.04151
2022-11-09T14:00:00.000000000,63.25,68.4176
2022-11-09T15:00:00.000000000,59.18,66.99078
2022-11-09T16:00:00.000000000,56.49,66.08998
2022-11-09T17:00:00.000000000,57.53,65.43525
2022-11-09T18:00:00.000000000,58.21,65.25603
2022-11-09T19:00:00.000000000,60.15,65.35898
2022-11-09T20:00:00.000000000,62.77,65.60554
2022-11-09T21:00:00.000000000,63.99,65.87491
2022-11-09T22:00:00.000000000,64.2,65.75576
2022-11-09T23:00:00.000000000,63.15,65.62096
2022-11-10T00:00:00.000000000,61.94,66.71236
2022-11-10T01:00:00.000000000,59.47,65.00001
2022-11-10T02:00:00.000000000,58.57,63.61818
2022-11-10T03:00:00.000000000,56.37,63.23037
2022-11-10T04:00:00.000000000,57.24,63.88773
2022-11-10T05:00:00.000000000,57.72,65.41578
2022-11-10T06:00:00.000000000,58.7,67.63698
2022-11-10T07:00:00.000000000,61.3,70.20905
2022-11-10T08:00:00.000000000,65.71,72.61713
2022-11-10T09:00:00.000000000,68.88,74.63323
2022-11-10T10:00:00.000000000,69.26,75.93052
2022-11-10T11:00:00.000000000,69.41,76.24549
2022-11-10T12:00:00.000000000,66.33,75.43435
2022-11-10T13:00:00.000000000,63.78,73.96668
2022-11-10T14:00:00.000000000,55.17,72.35552
2022-11-10T15:00:00.000000000,52.02,71.10804
2022-11-10T16:00:00.000000000,52.13,70.4449
2022-11-10T17:00:00.000000000,53.27,69.95378
2022-11-10T18:00:00.000000000,54.91,69.82372
2022-11-10T19:00:00.000000000,56.29,69.81558
2022-11-10T20:00:00.000000000,61.22,69.81761
2022-11-10T21:00:00.000000000,65.62,69.83089
2022-11-10T22:00:00.000000000,66.81,69.30656
2022-11-10T23:00:00.000000000,65.08,68.65629
2022-11-11T00:00:00.000000000,59.15,68.34672
2022-11-11T01:00:00.000000000,55.84,66.36318
2022-11-11T02:00:00.000000000,54.36,64.87344
2022-11-11T03:00:00.000000000,54.45,64.54655
2022-11-11T04:00:00.000000000,54.94,65.43106
2022-11-11T05:00:00.000000000,58.59,67.28233
2022-11-11T06:00:00.000000000,63.11,69.88016
2022-11-11T07:00:00.000000000,68.87,72.86521
2022-11-11T08:00:00.000000000,73.56,75.64652
2022-11-11T09:00:00.000000000,76.65,77.92048
2022-11-11T10:00:00.000000000,77.39,79.25764
2022-11-11T11:00:00.000000000,79.03,79.36105
2022-11-11T12:00:00.000000000,76.31,78.07837
2022-11-11T13:00:00.000000000,69.75,76.07922
2022-11-11T14:00:00.000000000,61.32,74.00174
2022-11-11T15:00:00.000000000,57.0,72.48802
2022-11-11T16:00:00.000000000,56.27,71.74409
2022-11-11T17:00:00.000000000,56.52,71.2943
2022-11-11T18:00:00.000000000,57.44,71.28662
2022-11-11T19:00:00.000000000,58.36,71.48875
2022-11-11T20:00:00.000000000,59.72,71.7348
2022-11-11T21:00:00.000000000,61.18,71.99476
2022-11-11T22:00:00.000000000,62.86,71.54152
2022-11-11T23:00:00.000000000,61.97,70.76191
2022-11-09T00:00:00.000000000,58.04,62.24713
2022-11-09T01:00:00.000000000,59.11,61.30369
2022-11-09T02:00:00.000000000,56.61,60.12623
2022-11-09T03:00:00.000000000,57.22,59.58467
2022-11-09T04:00:00.000000000,57.88,59.84079
2022-11-09T05:00:00.000000000,58.81,60.929
2022-11-09T06:00:00.000000000,61.66,62.50541
2022-11-09T07:00:00.000000000,70.12,64.19566
2022-11-09T08:00:00.000000000,72.91,65.56881
2022-11-09T09:00:00.000000000,75.93,66.49111
2022-11-09T10:00:00.000000000,76.67,66.99422
2022-11-09T11:00:00.000000000,78.0,67.16406
2022-11-09T12:00:00.000000000,75.37,66.5681
2022-11-09T13:00:00.000000000,71.65,64.96332
2022-11-09T14:00:00.000000000,63.25,62.43018
2022-11-09T15:00:00.000000000,59.18,60.11431
2022-11-09T16:00:00.000000000,56.49,58.78348
2022-11-09T17:00:00.000000000,57.53,58.4006
2022-11-09T18:00:00.000000000,58.21,58.78752
2022-11-09T19:00:00.000000000,60.15,59.20818
2022-11-09T20:00:00.000000000,62.77,59.58391
2022-11-09T21:00:00.000000000,63.99,60.14623
2022-11-09T22:00:00.000000000,64.2,60.85719
2022-11-09T23:00:00.000000000,63.15,61.79764
2022-11-10T00:00:00.000000000,61.94,63.19519
2022-11-10T01:00:00.000000000,59.47,61.76641
2022-11-10T02:00:00.000000000,58.57,60.6159
2022-11-10T03:00:00.000000000,56.37,60.24524
2022-11-10T04:00:00.000000000,57.24,60.63883
2022-11-10T05:00:00.000000000,57.72,61.76296
2022-11-10T06:00:00.000000000,58.7,63.47925
2022-11-10T07:00:00.000000000,61.3,65.50622
2022-11-10T08:00:00.000000000,65.71,67.37637
2022-11-10T09:00:00.000000000,68.88,68.86685
2022-11-10T10:00:00.000000000,69.26,69.78655
2022-11-10T11:00:00.000000000,69.41,69.95565
2022-11-10T12:00:00.000000000,66.33,69.17647
2022-11-10T13:00:00.000000000,63.78,67.77272
2022-11-10T14:00:00.000000000,55.17,66.12779
2022-11-10T15:00:00.000000000,52.02,64.85973
2022-11-10T16:00:00.000000000,52.13,64.25312
2022-11-10T17:00:00.000000000,53.27,63.85739
2022-11-10T18:00:00.000000000,54.91,63.79976
2022-11-10T19:00:00.000000000,56.29,63.93392
2022-11-10T20:00:00.000000000,61.22,64.18197
2022-11-10T21:00:00.000000000,65.62,64.47742
2022-11-10T22:00:00.000000000,66.81,64.35348
2022-11-10T23:00:00.000000000,65.08,64.10636
2022-11-11T00:00:00.000000000,59.15,64.72596
2022-11-11T01:00:00.000000000,55.84,63.1003
2022-11-11T02:00:00.000000000,54.36,61.83746
2022-11-11T03:00:00.000000000,54.45,61.51602
2022-11-11T04:00:00.000000000,54.94,62.11624
2022-11-11T05:00:00.000000000,58.59,63.4383
2022-11-11T06:00:00.000000000,63.11,65.30721
2022-11-11T07:00:00.000000000,68.87,67.41222
2022-11-11T08:00:00.000000000,73.56,69.35271
2022-11-11T09:00:00.000000000,76.65,70.92916
2022-11-11T10:00:00.000000000,77.39,71.92881
2022-11-11T11:00:00.000000000,79.03,72.08235
2022-11-11T12:00:00.000000000,76.31,71.22135
2022-11-11T13:00:00.000000000,69.75,69.77943
2022-11-11T14:00:00.000000000,61.32,68.23821
2022-11-11T15:00:00.000000000,57.0,67.15479
2022-11-11T16:00:00.000000000,56.27,66.73486
2022-11-11T17:00:00.000000000,56.52,66.45736
2022-11-11T18:00:00.000000000,57.44,66.42345
2022-11-11T19:00:00.000000000,58.36,66.48631
2022-11-11T20:00:00.000000000,59.72,66.59923
2022-11-11T21:00:00.000000000,61.18,66.76688
2022-11-11T22:00:00.000000000,62.86,66.48126
2022-11-11T23:00:00.000000000,61.97,66.04268
2022-11-12T00:00:00.000000000,59.99,66.1585
2022-11-12T01:00:00.000000000,56.73,64.45409
2022-11-12T02:00:00.000000000,56.18,63.09171
2022-11-12T03:00:00.000000000,55.78,62.7227
2022-11-12T04:00:00.000000000,57.18,63.33205
2022-11-12T05:00:00.000000000,59.67,64.68035
2022-11-12T06:00:00.000000000,64.08,66.61666
2022-11-12T07:00:00.000000000,70.57,68.82019
2022-11-12T08:00:00.000000000,75.82,70.88973
2022-11-12T09:00:00.000000000,80.09,72.61373
2022-11-12T10:00:00.000000000,80.92,73.7632
2022-11-12T11:00:00.000000000,80.7,74.04463
2022-11-12T12:00:00.000000000,78.85,73.32446
2022-11-12T13:00:00.000000000,73.67,72.02251
2022-11-12T14:00:00.000000000,65.81,70.61845
2022-11-12T15:00:00.000000000,61.09,69.59902
2022-11-12T16:00:00.000000000,60.22,69.18674
2022-11-12T17:00:00.000000000,60.36,68.87898
2022-11-12T18:00:00.000000000,61.46,68.80312
2022-11-12T19:00:00.000000000,62.9,68.76464
2022-11-12T20:00:00.000000000,67.79,68.72254
2022-11-12T21:00:00.000000000,71.86,68.73105
2022-11-12T22:00:00.000000000,76.23,68.29449
2022-11-12T23:00:00.000000000,76.73,67.73424
2022-11-10T00:00:00.000000000,61.94,67.79326
2022-11-10T01:00:00.000000000,59.47,66.22371
2022-11-10T02:00:00.000000000,58.57,64.32811
2022-11-10T03:00:00.000000000,56.37,63.0945
2022-11-10T04:00:00.000000000,57.24,62.93281
2022-11-10T05:00:00.000000000,57.72,64.08539
2022-11-10T06:00:00.000000000,58.7,66.13015
2022-11-10T07:00:00.000000000,61.3,68.68812
2022-11-10T08:00:00.000000000,65.71,71.01308
2022-11-10T09:00:00.000000000,68.88,72.82885
2022-11-10T10:00:00.000000000,69.26,73.8619
2022-11-10T11:00:00.000000000,69.41,74.22961
2022-11-10T12:00:00.000000000,66.33,73.54114
2022-11-10T13:00:00.000000000,63.78,71.7104
2022-11-10T14:00:00.000000000,55.17,68.9342
2022-11-10T15:00:00.000000000,52.02,66.30497
2022-11-10T16:00:00.000000000,52.13,64.55079
2022-11-10T17:00:00.000000000,53.27,63.93611
2022-11-10T18:00:00.000000000,54.91,64.52576
2022-11-10T19:00:00.000000000,56.29,65.41361
2022-11-10T20:00:00.000000000,61.22,66.24289
2022-11-10T21:00:00.000000000,65.62,66.96698
2022-11-10T22:00:00.000000000,66.81,67.39443
2022-11-10T23:00:00.000000000,65.08,67.91099
2022-11-11T00:00:00.000000000,59.15,67.48947
2022-11-11T01:00:00.000000000,55.84,65.57473
2022-11-11T02:00:00.000000000,54.36,63.92347
2022-11-11T03:00:00.000000000,54.45,63.2544
2022-11-11T04:00:00.000000000,54.94,63.67094
2022-11-11T05:00:00.000000000,58.59,65.05089
2022-11-11T06:00:00.000000000,63.11,67.15011
2022-11-11T07:00:00.000000000,68.87,69.61545
2022-11-11T08:00:00.000000000,73.56,71.91838
2022-11-11T09:00:00.000000000,76.65,73.74523
2022-11-11T10:00:00.000000000,77.39,74.76601
2022-11-11T11:00:00.000000000,79.03,74.80651
2022-11-11T12:00:00.000000000,76.31,73.69589
2022-11-11T13:00:00.000000000,69.75,71.86698
2022-11-11T14:00:00.000000000,61.32,69.82827
2022-11-11T15:00:00.000000000,57.0,68.30293
2022-11-11T16:00:00.000000000,56.27,67.5542
2022-11-11T17:00:00.000000000,56.52,67.22342
2022-11-11T18:00:00.000000000,57.44,67.44423
2022-11-11T19:00:00.000000000,58.36,67.92446
2022-11-11T20:00:00.000000000,59.72,68.46338
2022-11-11T21:00:00.000000000,61.18,68.94935
2022-11-11T22:00:00.000000000,62.86,68.81765
2022-11-11T23:00:00.000000000,61.97,68.42749
2022-11-12T00:00:00.000000000,59.99,68.0991
2022-11-12T01:00:00.000000000,56.73,66.27454
2022-11-12T02:00:00.000000000,56.18,64.73693
2022-11-12T03:00:00.000000000,55.78,64.20294
2022-11-12T04:00:00.000000000,57.18,64.7506
2022-11-12T05:00:00.000000000,59.67,66.22865
2022-11-12T06:00:00.000000000,64.08,68.44829
2022-11-12T07:00:00.000000000,70.57,71.05644
2022-11-12T08:00:00.000000000,75.82,73.51672
2022-11-12T09:00:00.000000000,80.09,75.56092
2022-11-12T10:00:00.000000000,80.92,76.84768
2022-11-12T11:00:00.000000000,80.7,77.13465
2022-11-12T12:00:00.000000000,78.85,76.27874
2022-11-12T13:00:00.000000000,73.67,74.73232
2022-11-12T14:00:00.000000000,65.81,72.98813
2022-11-12T15:00:00.000000000,61.09,71.60999
2022-11-12T16:00:00.000000000,60.22,70.85604
2022-11-12T17:00:00.000000000,60.36,70.36213
2022-11-12T18:00:00.000000000,61.46,70.31935
2022-11-12T19:00:00.000000000,62.9,70.44441
2022-11-12T20:00:00.000000000,67.79,70.58811
2022-11-12T21:00:00.000000000,71.86,70.72798
2022-11-12T22:00:00.000000000,76.23,70.30439
2022-11-12T23:00:00.000000000,76.73,69.72339
2022-11-13T00:00:00.000000000,70.45,69.18267
2022-11-13T01:00:00.000000000,62.98,67.26387
2022-11-13T02:00:00.000000000,61.24,65.64298
2022-11-13T03:00:00.000000000,61.72,65.06176
2022-11-13T04:00:00.000000000,62.6,65.60177
2022-11-13T05:00:00.000000000,65.38,67.0752
2022-11-13T06:00:00.000000000,69.09,69.29928
2022-11-13T07:00:00.000000000,75.4,71.93142
2022-11-13T08:00:00.000000000,78.02,74.46659
2022-11-13T09:00:00.000000000,73.33,76.61406
2022-11-13T10:00:00.000000000,73.64,78.00564
2022-11-13T11:00:00.000000000,73.48,78.34574
2022-11-13T12:00:00.000000000,71.93,77.49121
2022-11-13T13:00:00.000000000,69.47,75.91912
2022-11-13T14:00:00.000000000,66.75,74.13593
2022-11-13T15:00:00.000000000,64.76,72.72231
2022-11-13T16:00:00.000000000,63.66,71.92295
2022-11-13T17:00:00.000000000,63.27,71.37723
2022-11-13T18:00:00.000000000,63.73,71.28364
2022-11-13T19:00:00.000000000,65.38,71.38617
2022-11-13T20:00:00.000000000,67.95,71.53673
2022-11-13T21:00:00.000000000,74.67,71.71471
2022-11-13T22:00:00.000000000,77.36,71.31666
2022-11-13T23:00:00.000000000,78.31,70.7331
2022-11-11T00:00:00.000000000,59.15,67.61374
2022-11-11T01:00:00.000000000,55.84,65.84199
2022-11-11T02:00:00.000000000,54.36,63.85216
2022-11-11T03:00:00.000000000,54.45,62.66881
2022-11-11T04:00:00.000000000,54.94,62.62066
2022-11-11T05:00:00.000000000,58.59,63.70317
2022-11-11T06:00:00.000000000,63.11,65.54831
2022-11-11T07:00:00.000000000,68.87,67.68178
2022-11-11T08:00:00.000000000,73.56,69.58176
2022-11-11T09:00:00.000000000,76.65,70.95139
2022-11-11T10:00:00.000000000,77.39,71.61821
2022-11-11T11:00:00.000000000,79.03,71.58268
2022-11-11T12:00:00.000000000,76.31,70.55482
2022-11-11T13:00:00.000000000,69.75,68.53371
2022-11-11T14:00:00.000000000,61.32,65.81697
2022-11-11T15:00:00.000000000,57.0,63.53763
2022-11-11T16:00:00.000000000,56.27,62.34015
2022-11-11T17:00:00.000000000,56.52,62.18271
2022-11-11T18:00:00.000000000,57.44,63.02203
2022-11-11T19:00:00.000000000,58.36,64.10828
2022-11-11T20:00:00.000000000,59.72,65.10557
2022-11-11T21:00:00.000000000,61.18,66.00671
2022-11-11T22:00:00.000000000,62.86,66.60112
2022-11-11T23:00:00.000000000,61.97,67.10674
2022-11-12T00:00:00.000000000,59.99,67.41761
2022-11-12T01:00:00.000000000,56.73,65.50858
2022-11-12T02:00:00.000000000,56.18,63.90781
2022-11-12T03:00:00.000000000,55.78,63.34532
2022-11-12T04:00:00.000000000,57.18,63.88468
2022-11-12T05:00:00.000000000,59.67,65.32695
2022-11-12T06:00:00.000000000,64.08,67.45314
2022-11-12T07:00:00.000000000,70.57,69.90875
2022-11-12T08:00:00.000000000,75.82,72.20636
2022-11-12T09:00:00.000000000,80.09,74.05823
2022-11-12T10:00:00.000000000,80.92,75.15287
2022-11-12T11:00:00.000000000,80.7,75.26804
2022-11-12T12:00:00.000000000,78.85,74.26176
2022-11-12T13:00:00.000000000,73.67,72.58621
2022-11-12T14:00:00.000000000,65.81,70.76215
2022-11-12T15:00:00.000000000,61.09,69.42062
2022-11-12T16:00:00.000000000,60.22,68.8093
2022-11-12T17:00:00.000000000,60.36,68.51178
2022-11-12T18:00:00.000000000,61.46,68.65717
2022-11-12T19:00:00.000000000,62.9,68.96613
2022-11-12T20:00:00.000000000,67.79,69.29306
2022-11-12T21:00:00.000000000,71.86,69.58811
2022-11-12T22:00:00.000000000,76.23,69.29776
2022-11-12T23:00:00.000000000,76.73,68.77639
2022-11-13T00:00:00.000000000,70.45,68.38124
2022-11-13T01:00:00.000000000,62.98,66.38015
2022-11-13T02:00:00.000000000,61.24,64.87526
2022-11-13T03:00:00.000000000,61.72,64.5565
2022-11-13T04:00:00.000000000,62.6,65.43427
2022-11-13T05:00:00.000000000,65.38,67.17436
2022-11-13T06:00:00.000000000,69.09,69.55744
2022-11-13T07:00:00.000000000,75.4,72.2278
2022-11-13T08:00:00.000000000,78.02,74.70791
2022-11-13T09:00:00.000000000,73.33,76.69624
2022-11-13T10:00:00.000000000,73.64,77.83219
2022-11-13T11:00:00.000000000,73.48,77.83672
2022-11-13T12:00:00.000000000,71.93,76.60414
2022-11-13T13:00:00.000000000,69.47,74.76266
2022-11-13T14:00:00.000000000,66.75,72.93544
2022-11-13T15:00:00.000000000,64.76,71.70083
2022-11-13T16:00:00.000000000,63.66,71.2156
2022-11-13T17:00:00.000000000,63.27,70.9669
2022-11-13T18:00:00.000000000,63.73,71.05951
2022-11-13T19:00:00.000000000,65.38,71.27045
2022-11-13T20:00:00.000000000,67.95,71.47237
2022-11-13T21:00:00.000000000,74.67,71.67264
2022-11-13T22:00:00.000000000,77.36,71.20374
2022-11-13T23:00:00.000000000,78.31,70.43767
2022-11-14T00:00:00.000000000,70.41,69.23075
2022-11-14T01:00:00.000000000,61.92,67.14514
2022-11-14T02:00:00.000000000,59.93,65.57432
2022-11-14T03:00:00.000000000,60.63,65.22129
2022-11-14T04:00:00.000000000,62.37,66.11489
2022-11-14T05:00:00.000000000,69.63,67.95293
2022-11-14T06:00:00.000000000,74.76,70.50955
2022-11-14T07:00:00.000000000,77.86,73.42119
2022-11-14T08:00:00.000000000,80.36,76.13766
2022-11-14T09:00:00.000000000,83.05,78.32568
2022-11-14T10:00:00.000000000,82.59,79.5654
2022-11-14T11:00:00.000000000,80.08,79.56997
2022-11-14T12:00:00.000000000,78.19,78.21255
2022-11-14T13:00:00.000000000,74.06,76.17492
2022-11-14T14:00:00.000000000,67.48,74.10938
2022-11-14T15:00:00.000000000,61.11,72.66293
2022-11-14T16:00:00.000000000,60.7,72.02085
2022-11-14T17:00:00.000000000,63.12,71.68444
2022-11-14T18:00:00.000000000,65.04,71.7691
2022-11-14T19:00:00.000000000,66.69,72.0412
2022-11-14T20:00:00.000000000,66.64,72.3409
2022-11-14T21:00:00.000000000,69.01,72.64857
2022-11-14T22:00:00.000000000,76.53,72.2235
2022-11-14T23:00:00.000000000,74.75,71.43705
2022-11-12T00:00:00.000000000,59.99,65.70174
2022-11-12T01:00:00.000000000,56.73,64.24159
2022-11-12T02:00:00.000000000,56.18,62.6675
2022-11-12T03:00:00.000000000,55.78,61.70464
2022-11-12T04:00:00.000000000,57.18,61.7638
2022-11-12T05:00:00.000000000,59.67,63.23325
2022-11-12T06:00:00.000000000,64.08,65.68435
2022-11-12T07:00:00.000000000,70.57,68.69754
2022-11-12T08:00:00.000000000,75.82,71.36678
2022-11-12T09:00:00.000000000,80.09,73.62149
2022-11-12T10:00:00.000000000,80.92,75.06711
2022-11-12T11:00:00.000000000,80.7,75.63415
2022-11-12T12:00:00.000000000,78.85,74.9093
2022-11-12T13:00:00.000000000,73.67,73.11876
2022-11-12T14:00:00.000000000,65.81,70.57437
2022-11-12T15:00:00.000000000,61.09,68.17889
2022-11-12T16:00:00.000000000,60.22,66.44408
2022-11-12T17:00:00.000000000,60.36,65.4198
2022-11-12T18:00:00.000000000,61.46,65.45263
2022-11-12T19:00:00.000000000,62.9,65.95628
2022-11-12T20:00:00.000000000,67.79,66.52488
2022-11-12T21:00:00.000000000,71.86,66.93857
2022-11-12T22:00:00.000000000,76.23,66.84316
2022-11-12T23:00:00.000000000,76.73,66.80558
2022-11-13T00:00:00.000000000,70.45,67.6533
2022-11-13T01:00:00.000000000,62.98,65.87773
2022-11-13T02:00:00.000000000,61.24,64.40075
2022-11-13T03:00:00.000000000,61.72,63.90158
2022-11-13T04:00:00.000000000,62.6,64.4763
2022-11-13T05:00:00.000000000,65.38,66.00882
2022-11-13T06:00:00.000000000,69.09,68.2944
2022-11-13T07:00:00.000000000,75.4,70.98195
2022-11-13T08:00:00.000000000,78.02,73.50438
2022-11-13T09:00:00.000000000,73.33,75.61952
2022-11-13T10:00:00.000000000,73.64,76.96906
2022-11-13T11:00:00.000000000,73.48,77.28969
2022-11-13T12:00:00.000000000,71.93,76.40281
2022-11-13T13:00:00.000000000,69.47,74.78752
2022-11-13T14:00:00.000000000,66.75,72.94409
2022-11-13T15:00:00.000000000,64.76,71.46471
2022-11-13T16:00:00.000000000,63.66,70.60995
2022-11-13T17:00:00.000000000,63.27,70.02707
2022-11-13T18:00:00.000000000,63.73,69.92136
2022-11-13T19:00:00.000000000,65.38,70.02155
2022-11-13T20:00:00.000000000,67.95,70.1672
2022-11-13T21:00:00.000000000,74.67,70.32996
2022-11-13T22:00:00.000000000,77.36,69.93252
2022-11-13T23:00:00.000000000,78.31,69.38278
2022-11-14T00:00:00.000000000,70.41,68.95945
2022-11-14T01:00:00.000000000,61.92,66.99062
2022-11-14T02:00:00.000000000,59.93,65.45537
2022-11-14T03:00:00.000000000,60.63,65.05322
2022-11-14T04:00:00.000000000,62.37,65.84
2022-11-14T05:00:00.000000000,69.63,67.56706
2022-11-14T06:00:00.000000000,74.76,70.02088
2022-11-14T07:00:00.000000000,77.86,72.85039
2022-11-14T08:00:00.000000000,80.36,75.51147
2022-11-14T09:00:00.000000000,83.05,77.69886
2022-11-14T10:00:00.000000000,82.59,79.00872
2022-11-14T11:00:00.000000000,80.08,79.14791
2022-11-14T12:00:00.000000000,78.19,77.97542
2022-11-14T13:00:00.000000000,74.06,76.10868
2022-11-14T14:00:00.000000000,67.48,74.14918
2022-11-14T15:00:00.000000000,61.11,72.70438
2022-11-14T16:00:00.000000000,60.7,71.9809
2022-11-14T17:00:00.000000000,63.12,71.53991
2022-11-14T18:00:00.000000000,65.04,71.53552
2022-11-14T19:00:00.000000000,66.69,71.7251
2022-11-14T20:00:00.000000000,66.64,71.95269
2022-11-14T21:00:00.000000000,69.01,72.19698
2022-11-14T22:00:00.000000000,76.53,71.77086
2022-11-14T23:00:00.000000000,74.75,71.06389
2022-11-15T00:00:00.000000000,70.02,70.1988
2022-11-15T01:00:00.000000000,70.15,68.14978
2022-11-15T02:00:00.000000000,69.34,66.48546
2022-11-15T03:00:00.000000000,71.38,65.95817
2022-11-15T04:00:00.000000000,73.71,66.66224
2022-11-15T05:00:00.000000000,76.54,68.38244
2022-11-15T06:00:00.000000000,80.45,70.90522
2022-11-15T07:00:00.000000000,85.52,73.87896
2022-11-15T08:00:00.000000000,89.47,76.71411
2022-11-15T09:00:00.000000000,93.42,79.06936
2022-11-15T10:00:00.000000000,92.8,80.49469
2022-11-15T11:00:00.000000000,92.25,80.68975
2022-11-15T12:00:00.000000000,90.8,79.50145
2022-11-15T13:00:00.000000000,87.6,77.54579
2022-11-15T14:00:00.000000000,75.97,75.42261
2022-11-15T15:00:00.000000000,69.31,73.79106
2022-11-15T16:00:00.000000000,69.62,72.91149
2022-11-15T17:00:00.000000000,72.83,72.3977
2022-11-15T18:00:00.000000000,75.65,72.42276
2022-11-15T19:00:00.000000000,79.22,72.70117
2022-11-15T20:00:00.000000000,82.4,73.04019
2022-11-15T21:00:00.000000000,85.29,73.38715
2022-11-15T22:00:00.000000000,89.39,73.02624
2022-11-15T23:00:00.000000000,89.53,72.34864
2022-11-13T00:00:00.000000000,70.45,77.09179
2022-11-13T01:00:00.000000000,62.98,75.04888
2022-11-13T02:00:00.000000000,61.24,72.17377
2022-11-13T03:00:00.000000000,61.72,69.85818
2022-11-13T04:00:00.000000000,62.6,68.73811
2022-11-13T05:00:00.000000000,65.38,69.15026
2022-11-13T06:00:00.000000000,69.09,70.68665
2022-11-13T07:00:00.000000000,75.4,72.87916
2022-11-13T08:00:00.000000000,78.02,75.09728
2022-11-13T09:00:00.000000000,73.33,76.91544
2022-11-13T10:00:00.000000000,73.64,77.98471
2022-11-13T11:00:00.000000000,73.48,78.28901
2022-11-13T12:00:00.000000000,71.93,77.47054
2022-11-13T13:00:00.000000000,69.47,75.37967
2022-11-13T14:00:00.000000000,66.75,72.14361
2022-11-13T15:00:00.000000000,64.76,69.02553
2022-11-13T16:00:00.000000000,63.66,66.94308
2022-11-13T17:00:00.000000000,63.27,66.40488
2022-11-13T18:00:00.000000000,63.73,67.55647
2022-11-13T19:00:00.000000000,65.38,69.31446
2022-11-13T20:00:00.000000000,67.95,71.16298
2022-11-13T21:00:00.000000000,74.67,72.82005
2022-11-13T22:00:00.000000000,77.36,74.09149
2022-11-13T23:00:00.000000000,78.31,75.29559
2022-11-14T00:00:00.000000000,70.41,71.62076
2022-11-14T01:00:00.000000000,61.92,69.10661
2022-11-14T02:00:00.000000000,59.93,67.08002
2022-11-14T03:00:00.000000000,60.63,66.39299
2022-11-14T04:00:00.000000000,62.37,67.16119
2022-11-14T05:00:00.000000000,69.63,69.0401
2022-11-14T06:00:00.000000000,74.76,71.68813
2022-11-14T07:00:00.000000000,77.86,74.6807
2022-11-14T08:00:00.000000000,80.36,77.46937
2022-11-14T09:00:00.000000000,83.05,79.63079
2022-11-14T10:00:00.000000000,82.59,80.69901
2022-11-14T11:00:00.000000000,80.08,80.43699
2022-11-14T12:00:00.000000000,78.19,78.70363
2022-11-14T13:00:00.000000000,74.06,76.17662
2022-11-14T14:00:00.000000000,67.48,73.56301
2022-11-14T15:00:00.000000000,61.11,71.79225
2022-11-14T16:00:00.000000000,60.7,71.06549
2022-11-14T17:00:00.000000000,63.12,70.92465
2022-11-14T18:00:00.000000000,65.04,71.41354
2022-11-14T19:00:00.000000000,66.69,72.20766
2022-11-14T20:00:00.000000000,66.64,73.0149
2022-11-14T21:00:00.000000000,69.01,73.72796
2022-11-14T22:00:00.000000000,76.53,73.56637
2022-11-14T23:00:00.000000000,74.75,72.88454
2022-11-15T00:00:00.000000000,70.02,71.09879
2022-11-15T01:00:00.000000000,70.15,68.90739
2022-11-15T02:00:00.000000000,69.34,67.118
2022-11-15T03:00:00.000000000,71.38,66.53354
2022-11-15T04:00:00.000000000,73.71,67.27682
2022-11-15T05:00:00.000000000,76.54,69.11375
2022-11-15T06:00:00.000000000,80.45,71.78669
2022-11-15T07:00:00.000000000,85.52,74.90553
2022-11-15T08:00:00.000000000,89.47,77.84397
2022-11-15T09:00:00.000000000,93.42,80.24082
2022-11-15T10:00:00.000000000,92.8,81.63119
2022-11-15T11:00:00.000000000,92.25,81.7216
2022-11-15T12:00:00.000000000,90.8,80.33478
2022-11-15T13:00:00.000000000,87.6,78.11908
2022-11-15T14:00:00.000000000,75.97,75.71159
2022-11-15T15:00:00.000000000,69.31,73.8986
2022-11-15T16:00:00.000000000,69.62,72.96703
2022-11-15T17:00:00.000000000,72.83,72.51841
2022-11-15T18:00:00.000000000,75.65,72.6851
2022-11-15T19:00:00.000000000,79.22,73.13532
2022-11-15T20:00:00.000000000,82.4,73.63487
2022-11-15T21:00:00.000000000,85.29,74.12522
2022-11-15T22:00:00.000000000,89.39,73.85298
2022-11-15T23:00:00.000000000,89.53,73.19279
2022-11-16T00:00:00.000000000,85.12,70.62618
2022-11-16T01:00:00.000000000,74.72,68.43861
2022-11-16T02:00:00.000000000,70.65,66.75012
2022-11-16T03:00:00.000000000,72.57,66.32415
2022-11-16T04:00:00.000000000,73.62,67.26479
2022-11-16T05:00:00.000000000,76.1,69.30888
2022-11-16T06:00:00.000000000,82.75,72.17088
2022-11-16T07:00:00.000000000,85.94,75.44497
2022-11-16T08:00:00.000000000,93.99,78.47422
2022-11-16T09:00:00.000000000,98.72,80.93586
2022-11-16T10:00:00.000000000,99.79,82.34988
2022-11-16T11:00:00.000000000,97.78,82.39132
2022-11-16T12:00:00.000000000,95.42,80.85681
2022-11-16T13:00:00.000000000,88.02,78.47705
2022-11-16T14:00:00.000000000,74.48,75.93755
2022-11-16T15:00:00.000000000,68.87,74.06737
2022-11-16T16:00:00.000000000,69.48,73.12866
2022-11-16T17:00:00.000000000,71.77,72.65567
2022-11-16T18:00:00.000000000,74.1,72.76156
2022-11-16T19:00:00.000000000,77.86,73.14812
2022-11-16T20:00:00.000000000,80.6,73.5857
2022-11-16T21:00:00.000000000,85.19,74.04464
2022-11-16T22:00:00.000000000,87.84,73.72499
2022-11-16T23:00:00.000000000,87.77,72.99209
2022-11-14T00:00:00.000000000,70.41,74.87236
2022-11-14T01:00:00.000000000,61.92,72.42567
2022-11-14T02:00:00.000000000,59.93,69.98255
2022-11-14T03:00:00.000000000,60.63,68.54695
2022-11-14T04:00:00.000000000,62.37,68.42001
2022-11-14T05:00:00.000000000,69.63,69.48035
2022-11-14T06:00:00.000000000,74.76,71.40642
2022-11-14T07:00:00.000000000,77.86,73.86331
2022-11-14T08:00:00.000000000,80.36,76.3499
2022-11-14T09:00:00.000000000,83.05,78.32711
2022-11-14T10:00:00.000000000,82.59,79.37832
2022-11-14T11:00:00.000000000,80.08,79.32695
2022-11-14T12:00:00.000000000,78.19,77.94623
2022-11-14T13:00:00.000000000,74.06,75.64057
2022-11-14T14:00:00.000000000,67.48,72.95894
2022-11-14T15:00:00.000000000,61.11,70.88468
2022-11-14T16:00:00.000000000,60.7,69.79982
2022-11-14T17:00:00.000000000,63.12,69.56636
2022-11-14T18:00:00.000000000,65.04,70.29555
2022-11-14T19:00:00.000000000,66.69,71.50661
2022-11-14T20:00:00.000000000,66.64,72.84859
2022-11-14T21:00:00.000000000,69.01,74.0871
2022-11-14T22:00:00.000000000,76.53,74.59316
2022-11-14T23:00:00.000000000,74.75,74.63876
2022-11-15T00:00:00.000000000,70.02,71.88053
2022-11-15T01:00:00.000000000,70.15,69.45115
2022-11-15T02:00:00.000000000,69.34,67.51502
2022-11-15T03:00:00.000000000,71.38,66.92242
2022-11-15T04:00:00.000000000,73.71,67.78879
2022-11-15T05:00:00.000000000,76.54,69.80521
2022-11-15T06:00:00.000000000,80.45,72.69526
2022-11-15T07:00:00.000000000,85.52,76.03842
2022-11-15T08:00:00.000000000,89.47,79.18152
2022-11-15T09:00:00.000000000,93.42,81.7163
2022-11-15T10:00:00.000000000,92.8,83.13144
2022-11-15T11:00:00.000000000,92.25,83.11543
2022-11-15T12:00:00.000000000,90.8,81.491
2022-11-15T13:00:00.000000000,87.6,78.97604
2022-11-15T14:00:00.000000000,75.97,76.2865
2022-11-15T15:00:00.000000000,69.31,74.33803
2022-11-15T16:00:00.000000000,69.62,73.42009
2022-11-15T17:00:00.000000000,72.83,73.06815
2022-11-15T18:00:00.000000000,75.65,73.36196
2022-11-15T19:00:00.000000000,79.22,73.9553
2022-11-15T20:00:00.000000000,82.4,74.58423
2022-11-15T21:00:00.000000000,85.29,75.19426
2022-11-15T22:00:00.000000000,89.39,74.94378
2022-11-15T23:00:00.000000000,89.53,74.17214
2022-11-16T00:00:00.000000000,85.12,71.34266
2022-11-16T01:00:00.000000000,74.72,69.09956
2022-11-16T02:00:00.000000000,70.65,67.30873
2022-11-16T03:00:00.000000000,72.57,66.79144
2022-11-16T04:00:00.000000000,73.62,67.69888
2022-11-16T05:00:00.000000000,76.1,69.7772
2022-11-16T06:00:00.000000000,82.75,72.71658
2022-11-16T07:00:00.000000000,85.94,76.09135
2022-11-16T08:00:00.000000000,93.99,79.2133
2022-11-16T09:00:00.000000000,98.72,81.76695
2022-11-16T10:00:00.000000000,99.79,83.26021
2022-11-16T11:00:00.000000000,97.78,83.3518
2022-11-16T12:00:00.000000000,95.42,81.80594
2022-11-16T13:00:00.000000000,88.02,79.33289
2022-11-16T14:00:00.000000000,74.48,76.61894
2022-11-16T15:00:00.000000000,68.87,74.57535
2022-11-16T16:00:00.000000000,69.48,73.5167
2022-11-16T17:00:00.000000000,71.77,73.00998
2022-11-16T18:00:00.000000000,74.1,73.16287
2022-11-16T19:00:00.000000000,77.86,73.61922
2022-11-16T20:00:00.000000000,80.6,74.11673
2022-11-16T21:00:00.000000000,85.19,74.63414
2022-11-16T22:00:00.000000000,87.84,74.37936
2022-11-16T23:00:00.000000000,87.77,73.70523
2022-11-17T00:00:00.000000000,83.06,71.4394
2022-11-17T01:00:00.000000000,75.24,69.27323
2022-11-17T02:00:00.000000000,72.14,67.49535
2022-11-17T03:00:00.000000000,70.94,66.91575
2022-11-17T04:00:00.000000000,71.87,67.66226
2022-11-17T05:00:00.000000000,73.54,69.48908
2022-11-17T06:00:00.000000000,78.54,72.12726
2022-11-17T07:00:00.000000000,88.66,75.18308
2022-11-17T08:00:00.000000000,93.77,78.06071
2022-11-17T09:00:00.000000000,95.6,80.43483
2022-11-17T10:00:00.000000000,93.34,81.85975
2022-11-17T11:00:00.000000000,94.81,82.00847
2022-11-17T12:00:00.000000000,91.55,80.68377
2022-11-17T13:00:00.000000000,87.86,78.51645
2022-11-17T14:00:00.000000000,76.87,76.12092
2022-11-17T15:00:00.000000000,70.21,74.29893
2022-11-17T16:00:00.000000000,68.58,73.33093
2022-11-17T17:00:00.000000000,71.07,72.8277
2022-11-17T18:00:00.000000000,74.75,72.91979
2022-11-17T19:00:00.000000000,78.2,73.28843
2022-11-17T20:00:00.000000000,80.7,73.71083
2022-11-17T21:00:00.000000000,84.65,74.16347
2022-11-17T22:00:00.000000000,88.07,73.90792
2022-11-17T23:00:00.000000000,87.72,73.31165
2022-11-15T00:00:00.000000000,70.02,72.52408
2022-11-15T01:00:00.000000000,70.15,70.09617
2022-11-15T02:00:00.000000000,69.34,67.9085
2022-11-15T03:00:00.000000000,71.38,66.96148
2022-11-15T04:00:00.000000000,73.71,67.59052
2022-11-15T05:00:00.000000000,76.54,69.60156
2022-11-15T06:00:00.000000000,80.45,72.51099
2022-11-15T07:00:00.000000000,85.52,75.78634
2022-11-15T08:00:00.000000000,89.47,78.71906
2022-11-15T09:00:00.000000000,93.42,81.00309
2022-11-15T10:00:00.000000000,92.8,82.2107
2022-11-15T11:00:00.000000000,92.25,82.07544
2022-11-15T12:00:00.000000000,90.8,80.25648
2022-11-15T13:00:00.000000000,87.6,77.37797
2022-11-15T14:00:00.000000000,75.97,74.17045
2022-11-15T15:00:00.000000000,69.31,71.81709
2022-11-15T16:00:00.000000000,69.62,70.71363
2022-11-15T17:00:00.000000000,72.83,70.50328
2022-11-15T18:00:00.000000000,75.65,71.21446
2022-11-15T19:00:00.000000000,79.22,72.28443
2022-11-15T20:00:00.000000000,82.4,73.32435
2022-11-15T21:00:00.000000000,85.29,74.24787
2022-11-15T22:00:00.000000000,89.39,74.37108
2022-11-15T23:00:00.000000000,89.53,74.0289
2022-11-16T00:00:00.000000000,85.12,71.51021
2022-11-16T01:00:00.000000000,74.72,69.19678
2022-11-16T02:00:00.000000000,70.65,67.31575
2022-11-16T03:00:00.000000000,72.57,66.71115
2022-11-16T04:00:00.000000000,73.62,67.54513
2022-11-16T05:00:00.000000000,76.1,69.57465
2022-11-16T06:00:00.000000000,82.75,72.49269
2022-11-16T07:00:00.000000000,85.94,75.86792
2022-11-16T08:00:00.000000000,93.99,79.00578
2022-11-16T09:00:00.000000000,98.72,81.55114
2022-11-16T10:00:00.000000000,99.79,83.00422
2022-11-16T11:00:00.000000000,97.78,83.0495
2022-11-16T12:00:00.000000000,95.42,81.46438
2022-11-16T13:00:00.000000000,88.02,78.95042
2022-11-16T14:00:00.000000000,74.48,76.20577
2022-11-16T15:00:00.000000000,68.87,74.15717
2022-11-16T16:00:00.000000000,69.48,73.12917
2022-11-16T17:00:00.000000000,71.77,72.69612
2022-11-16T18:00:00.000000000,74.1,72.96008
2022-11-16T19:00:00.000000000,77.86,73.54102
2022-11-16T20:00:00.000000000,80.6,74.15772
2022-11-16T21:00:00.000000000,85.19,74.75463
2022-11-16T22:00:00.000000000,87.84,74.53352
2022-11-16T23:00:00.000000000,87.77,73.84864
2022-11-17T00:00:00.000000000,83.06,72.11887
2022-11-17T01:00:00.000000000,75.24,69.92945
2022-11-17T02:00:00.000000000,72.14,68.03869
2022-11-17T03:00:00.000000000,70.94,67.30705
2022-11-17T04:00:00.000000000,71.87,67.89711
2022-11-17T05:00:00.000000000,73.54,69.60218
2022-11-17T06:00:00.000000000,78.54,72.16881
2022-11-17T07:00:00.000000000,88.66,75.2073
2022-11-17T08:00:00.000000000,93.77,78.11384
2022-11-17T09:00:00.000000000,95.6,80.53182
2022-11-17T10:00:00.000000000,93.34,82.00477
2022-11-17T11:00:00.000000000,94.81,82.22288
2022-11-17T12:00:00.000000000,91.55,80.99675
2022-11-17T13:00:00.000000000,87.86,78.89569
2022-11-17T14:00:00.000000000,76.87,76.49958
2022-11-17T15:00:00.000000000,70.21,74.61466
2022-11-17T16:00:00.000000000,68.58,73.56631
2022-11-17T17:00:00.000000000,71.07,73.03369
2022-11-17T18:00:00.000000000,74.75,73.17042
2022-11-17T19:00:00.000000000,78.2,73.61202
2022-11-17T20:00:00.000000000,80.7,74.11197
2022-11-17T21:00:00.000000000,84.65,74.61357
2022-11-17T22:00:00.000000000,88.07,74.40382
2022-11-17T23:00:00.000000000,87.72,73.86308
2022-11-18T00:00:00.000000000,84.03,71.20795
2022-11-18T01:00:00.000000000,75.08,68.93379
2022-11-18T02:00:00.000000000,71.91,67.19182
2022-11-18T03:00:00.000000000,72.47,66.77105
2022-11-18T04:00:00.000000000,72.18,67.76116
2022-11-18T05:00:00.000000000,75.23,69.85406
2022-11-18T06:00:00.000000000,78.78,72.78289
2022-11-18T07:00:00.000000000,85.25,76.1477
2022-11-18T08:00:00.000000000,87.54,79.2916
2022-11-18T09:00:00.000000000,88.56,81.87782
2022-11-18T10:00:00.000000000,87.74,83.40301
2022-11-18T11:00:00.000000000,89.54,83.50483
2022-11-18T12:00:00.000000000,87.17,81.9785
2022-11-18T13:00:00.000000000,79.86,79.55988
2022-11-18T14:00:00.000000000,72.43,76.9408
2022-11-18T15:00:00.000000000,68.88,74.99607
2022-11-18T16:00:00.000000000,69.28,74.00232
2022-11-18T17:00:00.000000000,71.12,73.48067
2022-11-18T18:00:00.000000000,71.92,73.53344
2022-11-18T19:00:00.000000000,75.93,73.86901
2022-11-18T20:00:00.000000000,80.91,74.26339
2022-11-18T21:00:00.000000000,85.62,74.72042
2022-11-18T22:00:00.000000000,85.5,74.4034
2022-11-18T23:00:00.000000000,88.02,73.64346
2022-11-16T00:00:00.000000000,85.12,82.73869
2022-11-16T01:00:00.000000000,74.72,79.45395
2022-11-16T02:00:00.000000000,70.65,76.10592
2022-11-16T03:00:00.000000000,72.57,74.35478
2022-11-16T04:00:00.000000000,73.62,74.79103
2022-11-16T05:00:00.000000000,76.1,76.80725
2022-11-16T06:00:00.000000000,82.75,79.78495
2022-11-16T07:00:00.000000000,85.94,82.96615
2022-11-16T08:00:00.000000000,93.99,85.86852
2022-11-16T09:00:00.000000000,98.72,88.21346
2022-11-16T10:00:00.000000000,99.79,89.63386
2022-11-16T11:00:00.000000000,97.78,89.63789
2022-11-16T12:00:00.000000000,95.42,87.72052
2022-11-16T13:00:00.000000000,88.02,84.25211
2022-11-16T14:00:00.000000000,74.48,80.07283
2022-11-16T15:00:00.000000000,68.87,77.06075
2022-11-16T16:00:00.000000000,69.48,75.78628
2022-11-16T17:00:00.000000000,71.77,75.94825
2022-11-16T18:00:00.000000000,74.1,77.26301
2022-11-16T19:00:00.000000000,77.86,78.81713
2022-11-16T20:00:00.000000000,80.6,80.13235
2022-11-16T21:00:00.000000000,85.19,81.46508
2022-11-16T22:00:00.000000000,87.84,82.18558
2022-11-16T23:00:00.000000000,87.77,82.38683
2022-11-17T00:00:00.000000000,83.06,77.08618
2022-11-17T01:00:00.000000000,75.24,74.16632
2022-11-17T02:00:00.000000000,72.14,71.69296
2022-11-17T03:00:00.000000000,70.94,70.80077
2022-11-17T04:00:00.000000000,71.87,71.70804
2022-11-17T05:00:00.000000000,73.54,73.86049
2022-11-17T06:00:00.000000000,78.54,76.84373
2022-11-17T07:00:00.000000000,88.66,80.10543
2022-11-17T08:00:00.000000000,93.77,83.12983
2022-11-17T09:00:00.000000000,95.6,85.54912
2022-11-17T10:00:00.000000000,93.34,86.89087
2022-11-17T11:00:00.000000000,94.81,86.73457
2022-11-17T12:00:00.000000000,91.55,84.8351
2022-11-17T13:00:00.000000000,87.86,81.89837
2022-11-17T14:00:00.000000000,76.87,78.72868
2022-11-17T15:00:00.000000000,70.21,76.58738
2022-11-17T16:00:00.000000000,68.58,75.75148
2022-11-17T17:00:00.000000000,71.07,75.70817
2022-11-17T18:00:00.000000000,74.75,76.3637
2022-11-17T19:00:00.000000000,78.2,77.26554
2022-11-17T20:00:00.000000000,80.7,78.10003
2022-11-17T21:00:00.000000000,84.65,78.94139
2022-11-17T22:00:00.000000000,88.07,78.93017
2022-11-17T23:00:00.000000000,87.72,78.32906
2022-11-18T00:00:00.000000000,84.03,73.97232
2022-11-18T01:00:00.000000000,75.08,71.35003
2022-11-18T02:00:00.000000000,71.91,69.30253
2022-11-18T03:00:00.000000000,72.47,68.78572
2022-11-18T04:00:00.000000000,72.18,69.92923
2022-11-18T05:00:00.000000000,75.23,72.22866
2022-11-18T06:00:00.000000000,78.78,75.3097
2022-11-18T07:00:00.000000000,85.25,78.67966
2022-11-18T08:00:00.000000000,87.54,81.75895
2022-11-18T09:00:00.000000000,88.56,84.21255
2022-11-18T10:00:00.000000000,87.74,85.55961
2022-11-18T11:00:00.000000000,89.54,85.39562
2022-11-18T12:00:00.000000000,87.17,83.46655
2022-11-18T13:00:00.000000000,79.86,80.57605
2022-11-18T14:00:00.000000000,72.43,77.55225
2022-11-18T15:00:00.000000000,68.88,75.51145
2022-11-18T16:00:00.000000000,69.28,74.69483
2022-11-18T17:00:00.000000000,71.12,74.51389
2022-11-18T18:00:00.000000000,71.92,74.91058
2022-11-18T19:00:00.000000000,75.93,75.53612
2022-11-18T20:00:00.000000000,80.91,76.15197
2022-11-18T21:00:00.000000000,85.62,76.83708
2022-11-18T22:00:00.000000000,85.5,76.69849
2022-11-18T23:00:00.000000000,88.02,75.99075
2022-11-19T00:00:00.000000000,84.41,73.51793
2022-11-19T01:00:00.000000000,78.92,71.13123
2022-11-19T02:00:00.000000000,73.54,69.21806
2022-11-19T03:00:00.000000000,73.32,68.71787
2022-11-19T04:00:00.000000000,74.07,69.79753
2022-11-19T05:00:00.000000000,77.79,72.0361
2022-11-19T06:00:00.000000000,78.17,75.09291
2022-11-19T07:00:00.000000000,79.71,78.5064
2022-11-19T08:00:00.000000000,84.02,81.6377
2022-11-19T09:00:00.000000000,82.88,84.20728
2022-11-19T10:00:00.000000000,83.2,85.73337
2022-11-19T11:00:00.000000000,82.81,85.80218
2022-11-19T12:00:00.000000000,82.45,84.13906
2022-11-19T13:00:00.000000000,79.22,81.4674
2022-11-19T14:00:00.000000000,77.16,78.519
2022-11-19T15:00:00.000000000,72.57,76.34828
2022-11-19T16:00:00.000000000,72.71,75.28588
2022-11-19T17:00:00.000000000,74.2,74.85059
2022-11-19T18:00:00.000000000,77.62,75.05626
2022-11-19T19:00:00.000000000,79.27,75.50958
2022-11-19T20:00:00.000000000,82.97,75.9696
2022-11-19T21:00:00.000000000,87.16,76.52756
2022-11-19T22:00:00.000000000,88.96,76.37049
2022-11-19T23:00:00.000000000,89.6,75.77608
2022-11-17T00:00:00.000000000,83.06,83.1456
2022-11-17T01:00:00.000000000,75.24,80.31736
2022-11-17T02:00:00.000000000,72.14,76.9644
2022-11-17T03:00:00.000000000,70.94,74.83862
2022-11-17T04:00:00.000000000,71.87,74.89298
2022-11-17T05:00:00.000000000,73.54,76.68871
2022-11-17T06:00:00.000000000,78.54,79.26905
2022-11-17T07:00:00.000000000,88.66,81.80475
2022-11-17T08:00:00.000000000,93.77,83.93569
2022-11-17T09:00:00.000000000,95.6,85.56269
2022-11-17T10:00:00.000000000,93.34,86.49538
2022-11-17T11:00:00.000000000,94.81,86.25157
2022-11-17T12:00:00.000000000,91.55,84.10031
2022-11-17T13:00:00.000000000,87.86,80.28419
2022-11-17T14:00:00.000000000,76.87,75.61102
2022-11-17T15:00:00.000000000,70.21,72.16394
2022-11-17T16:00:00.000000000,68.58,70.58581
2022-11-17T17:00:00.000000000,71.07,70.81177
2022-11-17T18:00:00.000000000,74.75,72.58665
2022-11-17T19:00:00.000000000,78.2,74.77447
2022-11-17T20:00:00.000000000,80.7,76.68161
2022-11-17T21:00:00.000000000,84.65,78.47193
2022-11-17T22:00:00.000000000,88.07,79.89607
2022-11-17T23:00:00.000000000,87.72,81.06491
2022-11-18T00:00:00.000000000,84.03,76.19489
2022-11-18T01:00:00.000000000,75.08,73.26897
2022-11-18T02:00:00.000000000,71.91,70.97688
2022-11-18T03:00:00.000000000,72.47,70.25414
2022-11-18T04:00:00.000000000,72.18,71.33109
2022-11-18T05:00:00.000000000,75.23,73.68054
2022-11-18T06:00:00.000000000,78.78,76.78359
2022-11-18T07:00:00.000000000,85.25,80.02677
2022-11-18T08:00:00.000000000,87.54,82.86348
2022-11-18T09:00:00.000000000,88.56,84.9495
2022-11-18T10:00:00.000000000,87.74,85.82211
2022-11-18T11:00:00.000000000,89.54,85.1981
2022-11-18T12:00:00.000000000,87.17,82.93815
2022-11-18T13:00:00.000000000,79.86,79.89091
2022-11-18T14:00:00.000000000,72.43,76.84394
2022-11-18T15:00:00.000000000,68.88,74.98234
2022-11-18T16:00:00.000000000,69.28,74.43808
2022-11-18T17:00:00.000000000,71.12,74.63976
2022-11-18T18:00:00.000000000,71.92,75.52638
2022-11-18T19:00:00.000000000,75.93,76.69485
2022-11-18T20:00:00.000000000,80.91,77.70814
2022-11-18T21:00:00.000000000,85.62,78.48984
2022-11-18T22:00:00.000000000,85.5,78.2059
2022-11-18T23:00:00.000000000,88.02,77.31101
2022-11-19T00:00:00.000000000,84.41,74.66895
2022-11-19T01:00:00.000000000,78.92,72.05434
2022-11-19T02:00:00.000000000,73.54,69.99322
2022-11-19T03:00:00.000000000,73.32,69.49128
2022-11-19T04:00:00.000000000,74.07,70.72338
2022-11-19T05:00:00.000000000,77.79,73.13571
2022-11-19T06:00:00.000000000,78.17,76.31608
2022-11-19T07:00:00.000000000,79.71,79.73976
2022-11-19T08:00:00.000000000,84.02,82.80926
2022-11-19T09:00:00.000000000,82.88,85.22755
2022-11-19T10:00:00.000000000,83.2,86.52297
2022-11-19T11:00:00.000000000,82.81,86.2854
2022-11-19T12:00:00.000000000,82.45,84.23596
2022-11-19T13:00:00.000000000,79.22,81.19906
2022-11-19T14:00:00.000000000,77.16,78.0408
2022-11-19T15:00:00.000000000,72.57,75.92262
2022-11-19T16:00:00.000000000,72.71,75.11879
2022-11-19T17:00:00.000000000,74.2,75.03329
2022-11-19T18:00:00.000000000,77.62,75.56587
2022-11-19T19:00:00.000000000,79.27,76.29411
2022-11-19T20:00:00.000000000,82.97,76.9664
2022-11-19T21:00:00.000000000,87.16,77.68978
2022-11-19T22:00:00.000000000,88.96,77.59677
2022-11-19T23:00:00.000000000,89.6,76.93725
2022-11-20T00:00:00.000000000,86.92,74.36313
2022-11-20T01:00:00.000000000,80.1,71.73051
2022-11-20T02:00:00.000000000,75.91,69.65505
2022-11-20T03:00:00.000000000,74.77,69.11992
2022-11-20T04:00:00.000000000,75.19,70.2666
2022-11-20T05:00:00.000000000,75.48,72.57569
2022-11-20T06:00:00.000000000,79.63,75.67328
2022-11-20T07:00:00.000000000,81.83,79.06305
2022-11-20T08:00:00.000000000,87.0,82.15458
2022-11-20T09:00:00.000000000,87.62,84.61417
2022-11-20T10:00:00.000000000,88.2,85.95802
2022-11-20T11:00:00.000000000,87.49,85.78324
2022-11-20T12:00:00.000000000,86.91,83.83754
2022-11-20T13:00:00.000000000,85.58,80.92312
2022-11-20T14:00:00.000000000,81.85,77.87392
2022-11-20T15:00:00.000000000,79.81,75.80825
2022-11-20T16:00:00.000000000,77.1,74.99373
2022-11-20T17:00:00.000000000,76.96,74.8493
2022-11-20T18:00:00.000000000,79.06,75.30568
2022-11-20T19:00:00.000000000,81.05,75.97671
2022-11-20T20:00:00.000000000,84.48,76.62067
2022-11-20T21:00:00.000000000,86.61,77.32483
2022-11-20T22:00:00.000000000,86.91,77.20638
2022-11-20T23:00:00.000000000,88.25,76.51348
2022-11-18T00:00:00.000000000,84.03,83.07713
2022-11-18T01:00:00.000000000,75.08,80.31551
2022-11-18T02:00:00.000000000,71.91,76.99222
2022-11-18T03:00:00.000000000,72.47,74.84037
2022-11-18T04:00:00.000000000,72.18,74.80402
2022-11-18T05:00:00.000000000,75.23,76.46472
2022-11-18T06:00:00.000000000,78.78,78.90497
2022-11-18T07:00:00.000000000,85.25,81.31941
2022-11-18T08:00:00.000000000,87.54,83.3755
2022-11-18T09:00:00.000000000,88.56,85.05448
2022-11-18T10:00:00.000000000,87.74,86.21207
2022-11-18T11:00:00.000000000,89.54,86.27646
2022-11-18T12:00:00.000000000,87.17,84.437
2022-11-18T13:00:00.000000000,79.86,80.90712
2022-11-18T14:00:00.000000000,72.43,76.44902
2022-11-18T15:00:00.000000000,68.88,73.12471
2022-11-18T16:00:00.000000000,69.28,71.55332
2022-11-18T17:00:00.000000000,71.12,71.62398
2022-11-18T18:00:00.000000000,71.92,73.08068
2022-11-18T19:00:00.000000000,75.93,74.91335
2022-11-18T20:00:00.000000000,80.91,76.55805
2022-11-18T21:00:00.000000000,85.62,78.21828
2022-11-18T22:00:00.000000000,85.5,79.62436
2022-11-18T23:00:00.000000000,88.02,80.83071
2022-11-19T00:00:00.000000000,84.41,76.70215
2022-11-19T01:00:00.000000000,78.92,73.91921
2022-11-19T02:00:00.000000000,73.54,71.76015
2022-11-19T03:00:00.000000000,73.32,71.17891
2022-11-19T04:00:00.000000000,74.07,72.37045
2022-11-19T05:00:00.000000000,77.79,74.7269
2022-11-19T06:00:00.000000000,78.17,77.823
2022-11-19T07:00:00.000000000,79.71,81.11357
2022-11-19T08:00:00.000000000,84.02,84.09542
2022-11-19T09:00:00.000000000,82.88,86.44009
2022-11-19T10:00:00.000000000,83.2,87.66532
2022-11-19T11:00:00.000000000,82.81,87.34813
2022-11-19T12:00:00.000000000,82.45,85.2747
2022-11-19T13:00:00.000000000,79.22,82.28863
2022-11-19T14:00:00.000000000,77.16,79.20932
2022-11-19T15:00:00.000000000,72.57,77.23811
2022-11-19T16:00:00.000000000,72.71,76.52728
2022-11-19T17:00:00.000000000,74.2,76.49028
2022-11-19T18:00:00.000000000,77.62,77.05009
2022-11-19T19:00:00.000000000,79.27,77.87346
2022-11-19T20:00:00.000000000,82.97,78.62618
2022-11-19T21:00:00.000000000,87.16,79.3513
2022-11-19T22:00:00.000000000,88.96,79.1407
2022-11-19T23:00:00.000000000,89.6,78.35576
2022-11-20T00:00:00.000000000,86.92,75.34914
2022-11-20T01:00:00.000000000,80.1,72.64364
2022-11-20T02:00:00.000000000,75.91,70.50315
2022-11-20T03:00:00.000000000,74.77,69.95547
2022-11-20T04:00:00.000000000,75.19,71.1382
2022-11-20T05:00:00.000000000,75.48,73.46064
2022-11-20T06:00:00.000000000,79.63,76.54621
2022-11-20T07:00:00.000000000,81.83,79.89225
2022-11-20T08:00:00.000000000,87.0,82.95211
2022-11-20T09:00:00.000000000,87.62,85.39256
2022-11-20T10:00:00.000000000,88.2,86.73445
2022-11-20T11:00:00.000000000,87.49,86.5508
2022-11-20T12:00:00.000000000,86.91,84.59039
2022-11-20T13:00:00.000000000,85.58,81.6489
2022-11-20T14:00:00.000000000,81.85,78.57113
2022-11-20T15:00:00.000000000,79.81,76.51273
2022-11-20T16:00:00.000000000,77.1,75.73133
2022-11-20T17:00:00.000000000,76.96,75.63303
2022-11-20T18:00:00.000000000,79.06,76.11393
2022-11-20T19:00:00.000000000,81.05,76.78391
2022-11-20T20:00:00.000000000,84.48,77.41092
2022-11-20T21:00:00.000000000,86.61,78.12315
2022-11-20T22:00:00.000000000,86.91,78.029
2022-11-20T23:00:00.000000000,88.25,77.35584
2022-11-21T00:00:00.000000000,86.04,74.22633
2022-11-21T01:00:00.000000000,79.1,71.77673
2022-11-21T02:00:00.000000000,76.4,69.93902
2022-11-21T03:00:00.000000000,76.02,69.62304
2022-11-21T04:00:00.000000000,77.87,70.96102
2022-11-21T05:00:00.000000000,81.9,73.38455
2022-11-21T06:00:00.000000000,84.97,76.51438
2022-11-21T07:00:00.000000000,88.49,79.86339
2022-11-21T08:00:00.000000000,92.48,82.88347
2022-11-21T09:00:00.000000000,95.35,85.32258
2022-11-21T10:00:00.000000000,95.5,86.72299
2022-11-21T11:00:00.000000000,96.45,86.61632
2022-11-21T12:00:00.000000000,95.11,84.71573
2022-11-21T13:00:00.000000000,89.55,81.85438
2022-11-21T14:00:00.000000000,82.0,78.84983
2022-11-21T15:00:00.000000000,75.81,76.80931
2022-11-21T16:00:00.000000000,76.11,75.93545
2022-11-21T17:00:00.000000000,73.72,75.61805
2022-11-21T18:00:00.000000000,76.38,75.80006
2022-11-21T19:00:00.000000000,80.14,76.19497
2022-11-21T20:00:00.000000000,82.8,76.59769
2022-11-21T21:00:00.000000000,85.62,77.1477
2022-11-21T22:00:00.000000000,85.76,76.96106
2022-11-21T23:00:00.000000000,85.18,76.30152
2022-11-19T00:00:00.000000000,84.41,82.80685
2022-11-19T01:00:00.000000000,78.92,79.65525
2022-11-19T02:00:00.000000000,73.54,76.40415
2022-11-19T03:00:00.000000000,73.32,74.66442
2022-11-19T04:00:00.000000000,74.07,75.0515
2022-11-19T05:00:00.000000000,77.79,76.93333
2022-11-19T06:00:00.000000000,78.17,79.62204
2022-11-19T07:00:00.000000000,79.71,82.40045
2022-11-19T08:00:00.000000000,84.02,84.9166
2022-11-19T09:00:00.000000000,82.88,86.93549
2022-11-19T10:00:00.000000000,83.2,88.15711
2022-11-19T11:00:00.000000000,82.81,88.05061
2022-11-19T12:00:00.000000000,82.45,86.06455
2022-11-19T13:00:00.000000000,79.22,82.62654
2022-11-19T14:00:00.000000000,77.16,78.59802
2022-11-19T15:00:00.000000000,72.57,75.78024
2022-11-19T16:00:00.000000000,72.71,74.67571
2022-11-19T17:00:00.000000000,74.2,74.9616
2022-11-19T18:00:00.000000000,77.62,76.33998
2022-11-19T19:00:00.000000000,79.27,77.9527
2022-11-19T20:00:00.000000000,82.97,79.37393
2022-11-19T21:00:00.000000000,87.16,80.82302
2022-11-19T22:00:00.000000000,88.96,81.7207
2022-11-19T23:00:00.000000000,89.6,82.13031
2022-11-20T00:00:00.000000000,86.92,78.52734
2022-11-20T01:00:00.000000000,80.1,75.50051
2022-11-20T02:00:00.000000000,75.91,73.01432
2022-11-20T03:00:00.000000000,74.77,72.13673
2022-11-20T04:00:00.000000000,75.19,73.14351
2022-11-20T05:00:00.000000000,75.48,75.44555
2022-11-20T06:00:00.000000000,79.63,78.56553
2022-11-20T07:00:00.000000000,81.83,81.86117
2022-11-20T08:00:00.000000000,87.0,84.80979
2022-11-20T09:00:00.000000000,87.62,87.0926
2022-11-20T10:00:00.000000000,88.2,88.2377
2022-11-20T11:00:00.000000000,87.49,87.83201
2022-11-20T12:00:00.000000000,86.91,85.69146
2022-11-20T13:00:00.000000000,85.58,82.64386
2022-11-20T14:00:00.000000000,81.85,79.50062
2022-11-20T15:00:00.000000000,79.81,77.53322
2022-11-20T16:00:00.000000000,77.1,76.91038
2022-11-20T17:00:00.000000000,76.96,77.057
2022-11-20T18:00:00.000000000,79.06,77.89639
2022-11-20T19:00:00.000000000,81.05,79.00869
2022-11-20T20:00:00.000000000,84.48,79.98193
2022-11-20T21:00:00.000000000,86.61,80.80479
2022-11-20T22:00:00.000000000,86.91,80.59913
2022-11-20T23:00:00.000000000,88.25,79.77241
2022-11-21T00:00:00.000000000,86.04,77.11463
2022-11-21T01:00:00.000000000,79.1,74.52241
2022-11-21T02:00:00.000000000,76.4,72.5847
2022-11-21T03:00:00.000000000,76.02,72.21722
2022-11-21T04:00:00.000000000,77.87,73.61579
2022-11-21T05:00:00.000000000,81.9,76.10003
2022-11-21T06:00:00.000000000,84.97,79.25973
2022-11-21T07:00:00.000000000,88.49,82.54975
2022-11-21T08:00:00.000000000,92.48,85.47783
2022-11-21T09:00:00.000000000,95.35,87.81475
2022-11-21T10:00:00.000000000,95.5,89.09526
2022-11-21T11:00:00.000000000,96.45,88.80549
2022-11-21T12:00:00.000000000,95.11,86.71556
2022-11-21T13:00:00.000000000,89.55,83.74187
2022-11-21T14:00:00.000000000,82.0,80.71744
2022-11-21T15:00:00.000000000,75.81,78.7929
2022-11-21T16:00:00.000000000,76.11,78.07714
2022-11-21T17:00:00.000000000,73.72,77.9424
2022-11-21T18:00:00.000000000,76.38,78.32311
2022-11-21T19:00:00.000000000,80.14,78.94624
2022-11-21T20:00:00.000000000,82.8,79.5116
2022-11-21T21:00:00.000000000,85.62,80.11969
2022-11-21T22:00:00.000000000,85.76,79.85884
2022-11-21T23:00:00.000000000,85.18,79.10262
2022-11-22T00:00:00.000000000,83.03,74.88361
2022-11-22T01:00:00.000000000,78.44,72.45966
2022-11-22T02:00:00.000000000,75.59,70.7255
2022-11-22T03:00:00.000000000,74.44,70.53135
2022-11-22T04:00:00.000000000,76.42,72.00307
2022-11-22T05:00:00.000000000,80.38,74.50696
2022-11-22T06:00:00.000000000,82.69,77.65356
2022-11-22T07:00:00.000000000,90.62,80.95067
2022-11-22T08:00:00.000000000,95.6,83.9005
2022-11-22T09:00:00.000000000,66.78,86.27875
2022-11-22T10:00:00.000000000,66.35,87.6325
2022-11-22T11:00:00.000000000,66.7,87.45509
2022-11-22T12:00:00.000000000,65.07,85.47886
2022-11-22T13:00:00.000000000,62.79,82.60419
2022-11-22T14:00:00.000000000,57.6,79.65306
2022-11-22T15:00:00.000000000,52.72,77.72143
2022-11-22T16:00:00.000000000,52.57,76.91712
2022-11-22T17:00:00.000000000,54.72,76.59302
2022-11-22T18:00:00.000000000,55.29,76.69856
2022-11-22T19:00:00.000000000,56.58,77.03373
2022-11-22T20:00:00.000000000,56.2,77.38458
2022-11-22T21:00:00.000000000,57.32,77.88207
2022-11-22T22:00:00.000000000,57.71,77.60921
2022-11-22T23:00:00.000000000,58.11,76.8841
2022-11-20T00:00:00.000000000,86.92,81.99902
2022-11-20T01:00:00.000000000,80.1,78.23465
2022-11-20T02:00:00.000000000,75.91,75.00095
2022-11-20T03:00:00.000000000,74.77,73.62407
2022-11-20T04:00:00.000000000,75.19,74.35481
2022-11-20T05:00:00.000000000,75.48,76.44931
2022-11-20T06:00:00.000000000,79.63,79.30328
2022-11-20T07:00:00.000000000,81.83,82.22731
2022-11-20T08:00:00.000000000,87.0,84.85664
2022-11-20T09:00:00.000000000,87.62,86.71921
2022-11-20T10:00:00.000000000,88.2,87.36168
2022-11-20T11:00:00.000000000,87.49,86.54994
2022-11-20T12:00:00.000000000,86.91,84.26078
2022-11-20T13:00:00.000000000,85.58,81.21586
2022-11-20T14:00:00.000000000,81.85,78.22218
2022-11-20T15:00:00.000000000,79.81,76.56364
2022-11-20T16:00:00.000000000,77.1,76.45604
2022-11-20T17:00:00.000000000,76.96,77.36348
2022-11-20T18:00:00.000000000,79.06,79.06079
2022-11-20T19:00:00.000000000,81.05,80.85014
2022-11-20T20:00:00.000000000,84.48,82.30582
2022-11-20T21:00:00.000000000,86.61,83.34791
2022-11-20T22:00:00.000000000,86.91,83.1823
2022-11-20T23:00:00.000000000,88.25,82.21567
2022-11-21T00:00:00.000000000,86.04,78.85937
2022-11-21T01:00:00.000000000,79.1,75.77456
2022-11-21T02:00:00.000000000,76.4,73.31419
2022-11-21T03:00:00.000000000,76.02,72.52109
2022-11-21T04:00:00.000000000,77.87,73.65626
2022-11-21T05:00:00.000000000,81.9,76.07311
2022-11-21T06:00:00.000000000,84.97,79.24689
2022-11-21T07:00:00.000000000,88.49,82.47971
2022-11-21T08:00:00.000000000,92.48,85.2622
2022-11-21T09:00:00.000000000,95.35,87.28952
2022-11-21T10:00:00.000000000,95.5,88.1157
2022-11-21T11:00:00.000000000,96.45,87.35403
2022-11-21T12:00:00.000000000,95.11,84.8818
2022-11-21T13:00:00.000000000,89.55,81.67587
2022-11-21T14:00:00.000000000,82.0,78.63705
2022-11-21T15:00:00.000000000,75.81,76.95218
2022-11-21T16:00:00.000000000,76.11,76.70051
2022-11-21T17:00:00.000000000,73.72,77.20353
2022-11-21T18:00:00.000000000,76.38,78.34801
2022-11-21T19:00:00.000000000,80.14,79.70198
2022-11-21T20:00:00.000000000,82.8,80.84064
2022-11-21T21:00:00.000000000,85.62,81.71121
2022-11-21T22:00:00.000000000,85.76,81.41978
2022-11-21T23:00:00.000000000,85.18,80.43398
2022-11-22T00:00:00.000000000,83.03,75.69815
2022-11-22T01:00:00.000000000,78.44,72.96973
2022-11-22T02:00:00.000000000,75.59,70.88397
2022-11-22T03:00:00.000000000,74.44,70.3935
2022-11-22T04:00:00.000000000,76.42,71.66661
2022-11-22T05:00:00.000000000,80.38,74.08421
2022-11-22T06:00:00.000000000,82.69,77.18381
2022-11-22T07:00:00.000000000,90.62,80.40392
2022-11-22T08:00:00.000000000,95.6,83.24814
2022-11-22T09:00:00.000000000,66.78,85.41556
2022-11-22T10:00:00.000000000,66.35,86.4647
2022-11-22T11:00:00.000000000,66.7,85.97902
2022-11-22T12:00:00.000000000,65.07,83.73002
2022-11-22T13:00:00.000000000,62.79,80.64105
2022-11-22T14:00:00.000000000,57.6,77.61292
2022-11-22T15:00:00.000000000,52.72,75.78284
2022-11-22T16:00:00.000000000,52.57,75.26659
2022-11-22T17:00:00.000000000,54.72,75.39685
2022-11-22T18:00:00.000000000,55.29,76.05817
2022-11-22T19:00:00.000000000,56.58,76.92252
2022-11-22T20:00:00.000000000,56.2,77.70985
2022-11-22T21:00:00.000000000,57.32,78.46943
2022-11-22T22:00:00.000000000,57.71,78.29493
2022-11-22T23:00:00.000000000,58.11,77.51809
2022-11-23T00:00:00.000000000,53.41,72.02277
2022-11-23T01:00:00.000000000,48.62,69.53033
2022-11-23T02:00:00.000000000,47.09,67.52105
2022-11-23T03:00:00.000000000,47.87,66.85631
2022-11-23T04:00:00.000000000,48.05,67.63488
2022-11-23T05:00:00.000000000,48.69,69.47955
2022-11-23T06:00:00.000000000,49.23,72.02828
2022-11-23T07:00:00.000000000,51.84,74.86072
2022-11-23T08:00:00.000000000,52.67,77.47445
2022-11-23T09:00:00.000000000,53.76,79.47306
2022-11-23T10:00:00.000000000,55.81,80.42518
2022-11-23T11:00:00.000000000,58.03,80.0923
2022-11-23T12:00:00.000000000,59.07,78.3219
2022-11-23T13:00:00.000000000,57.36,75.80491
2022-11-23T14:00:00.000000000,55.32,73.27228
2022-11-23T15:00:00.000000000,51.1,71.62858
2022-11-23T16:00:00.000000000,51.48,71.03205
2022-11-23T17:00:00.000000000,52.27,70.99091
2022-11-23T18:00:00.000000000,54.53,71.51665
2022-11-23T19:00:00.000000000,56.25,72.30166
2022-11-23T20:00:00.000000000,57.67,73.08637
2022-11-23T21:00:00.000000000,60.33,73.80162
2022-11-23T22:00:00.000000000,63.09,73.67665
2022-11-23T23:00:00.000000000,63.68,73.04735
2022-11-21T00:00:00.000000000,86.04,85.73334
2022-11-21T01:00:00.000000000,79.1,82.57754
2022-11-21T02:00:00.000000000,76.4,79.43489
2022-11-21T03:00:00.000000000,76.02,77.58488
2022-11-21T04:00:00.000000000,77.87,77.60936
2022-11-21T05:00:00.000000000,81.9,79.21564
2022-11-21T06:00:00.000000000,84.97,81.99557
2022-11-21T07:00:00.000000000,88.49,85.17678
2022-11-21T08:00:00.000000000,92.48,88.10359
2022-11-21T09:00:00.000000000,95.35,90.45769
2022-11-21T10:00:00.000000000,95.5,91.69508
2022-11-21T11:00:00.000000000,96.45,91.53382
2022-11-21T12:00:00.000000000,95.11,89.92297
2022-11-21T13:00:00.000000000,89.55,87.41267
2022-11-21T14:00:00.000000000,82.0,84.53847
2022-11-21T15:00:00.000000000,75.81,82.48842
2022-11-21T16:00:00.000000000,76.11,81.4884
2022-11-21T17:00:00.000000000,73.72,81.29801
2022-11-21T18:00:00.000000000,76.38,82.20936
2022-11-21T19:00:00.000000000,80.14,83.65099
2022-11-21T20:00:00.000000000,82.8,84.95801
2022-11-21T21:00:00.000000000,85.62,85.87564
2022-11-21T22:00:00.000000000,85.76,85.67269
2022-11-21T23:00:00.000000000,85.18,84.976
2022-11-22T00:00:00.000000000,83.03,81.51133
2022-11-22T01:00:00.000000000,78.44,78.53224
2022-11-22T02:00:00.000000000,75.59,75.86557
2022-11-22T03:00:00.000000000,74.44,74.58354
2022-11-22T04:00:00.000000000,76.42,75.14158
2022-11-22T05:00:00.000000000,80.38,77.18841
2022-11-22T06:00:00.000000000,82.69,80.24003
2022-11-22T07:00:00.000000000,90.62,83.51404
2022-11-22T08:00:00.000000000,95.6,86.37156
2022-11-22T09:00:00.000000000,66.78,88.55245
2022-11-22T10:00:00.000000000,66.35,89.56374
2022-11-22T11:00:00.000000000,66.7,89.12324
2022-11-22T12:00:00.000000000,65.07,87.18316
2022-11-22T13:00:00.000000000,62.79,84.48215
2022-11-22T14:00:00.000000000,57.6,81.61921
2022-11-22T15:00:00.000000000,52.72,79.73624
2022-11-22T16:00:00.000000000,52.57,78.98397
2022-11-22T17:00:00.000000000,54.72,78.94704
2022-11-22T18:00:00.000000000,55.29,79.81286
2022-11-22T19:00:00.000000000,56.58,81.11413
2022-11-22T20:00:00.000000000,56.2,82.24086
2022-11-22T21:00:00.000000000,57.32,82.97026
2022-11-22T22:00:00.000000000,57.71,82.5441
2022-11-22T23:00:00.000000000,58.11,81.6252
2022-11-23T00:00:00.000000000,53.41,75.39316
2022-11-23T01:00:00.000000000,48.62,72.68202
2022-11-23T02:00:00.000000000,47.09,70.3436
2022-11-23T03:00:00.000000000,47.87,69.4426
2022-11-23T04:00:00.000000000,48.05,70.17318
2022-11-23T05:00:00.000000000,48.69,72.08438
2022-11-23T06:00:00.000000000,49.23,74.77363
2022-11-23T07:00:00.000000000,51.84,77.77652
2022-11-23T08:00:00.000000000,52.67,80.60841
2022-11-23T09:00:00.000000000,53.76,82.8642
2022-11-23T10:00:00.000000000,55.81,84.08364
2022-11-23T11:00:00.000000000,58.03,83.92684
2022-11-23T12:00:00.000000000,59.07,82.17106
2022-11-23T13:00:00.000000000,57.36,79.44779
2022-11-23T14:00:00.000000000,55.32,76.48513
2022-11-23T15:00:00.000000000,51.1,74.41064
2022-11-23T16:00:00.000000000,51.48,73.50093
2022-11-23T17:00:00.000000000,52.27,73.33986
2022-11-23T18:00:00.000000000,54.53,73.9016
2022-11-23T19:00:00.000000000,56.25,74.7662
2022-11-23T20:00:00.000000000,57.67,75.63382
2022-11-23T21:00:00.000000000,60.33,76.49701
2022-11-23T22:00:00.000000000,63.09,76.57443
2022-11-23T23:00:00.000000000,63.68,76.13777
2022-11-24T00:00:00.000000000,57.73,73.05901
2022-11-24T01:00:00.000000000,53.11,70.71246
2022-11-24T02:00:00.000000000,53.28,68.78008
2022-11-24T03:00:00.000000000,58.33,68.17507
2022-11-24T04:00:00.000000000,59.5,69.06513
2022-11-24T05:00:00.000000000,60.78,71.12878
2022-11-24T06:00:00.000000000,63.86,74.07889
2022-11-24T07:00:00.000000000,69.15,77.49162
2022-11-24T08:00:00.000000000,71.57,80.70055
2022-11-24T09:00:00.000000000,74.46,83.38193
2022-11-24T10:00:00.000000000,76.05,85.03014
2022-11-24T11:00:00.000000000,82.68,85.2511
2022-11-24T12:00:00.000000000,81.65,83.79469
2022-11-24T13:00:00.000000000,78.94,81.31761
2022-11-24T14:00:00.000000000,74.03,78.48376
2022-11-24T15:00:00.000000000,71.59,76.29007
2022-11-24T16:00:00.000000000,72.02,75.10239
2022-11-24T17:00:00.000000000,73.01,74.52023
2022-11-24T18:00:00.000000000,73.68,74.62958
2022-11-24T19:00:00.000000000,75.0,75.04157
2022-11-24T20:00:00.000000000,76.52,75.49597
2022-11-24T21:00:00.000000000,78.26,76.03385
2022-11-24T22:00:00.000000000,79.9,75.85528
2022-11-24T23:00:00.000000000,82.29,75.26273
2022-11-22T00:00:00.000000000,83.03,82.73071
2022-11-22T01:00:00.000000000,78.44,79.73085
2022-11-22T02:00:00.000000000,75.59,76.55394
2022-11-22T03:00:00.000000000,74.44,74.61827
2022-11-22T04:00:00.000000000,76.42,74.77501
2022-11-22T05:00:00.000000000,80.38,76.75574
2022-11-22T06:00:00.000000000,82.69,79.86509
2022-11-22T07:00:00.000000000,90.62,83.18912
2022-11-22T08:00:00.000000000,95.6,86.06712
2022-11-22T09:00:00.000000000,66.78,88.24932
2022-11-22T10:00:00.000000000,66.35,89.35688
2022-11-22T11:00:00.000000000,66.7,88.954
2022-11-22T12:00:00.000000000,65.07,86.65405
2022-11-22T13:00:00.000000000,62.79,83.02332
2022-11-22T14:00:00.000000000,57.6,78.75655
2022-11-22T15:00:00.000000000,52.72,75.63162
2022-11-22T16:00:00.000000000,52.57,74.08212
2022-11-22T17:00:00.000000000,54.72,73.95118
2022-11-22T18:00:00.000000000,55.29,75.30989
2022-11-22T19:00:00.000000000,56.58,77.36537
2022-11-22T20:00:00.000000000,56.2,79.29962
2022-11-22T21:00:00.000000000,57.32,80.89611
2022-11-22T22:00:00.000000000,57.71,81.56726
2022-11-22T23:00:00.000000000,58.11,81.75197
2022-11-23T00:00:00.000000000,53.41,75.90908
2022-11-23T01:00:00.000000000,48.62,73.2785
2022-11-23T02:00:00.000000000,47.09,70.78612
2022-11-23T03:00:00.000000000,47.87,69.54225
2022-11-23T04:00:00.000000000,48.05,69.88937
2022-11-23T05:00:00.000000000,48.69,71.50278
2022-11-23T06:00:00.000000000,49.23,73.92141
2022-11-23T07:00:00.000000000,51.84,76.69079
2022-11-23T08:00:00.000000000,52.67,79.3334
2022-11-23T09:00:00.000000000,53.76,81.39456
2022-11-23T10:00:00.000000000,55.81,82.4551
2022-11-23T11:00:00.000000000,58.03,82.26305
2022-11-23T12:00:00.000000000,59.07,80.54456
2022-11-23T13:00:00.000000000,57.36,77.76149
2022-11-23T14:00:00.000000000,55.32,74.54641
2022-11-23T15:00:00.000000000,51.1,72.16499
2022-11-23T16:00:00.000000000,51.48,70.98491
2022-11-23T17:00:00.000000000,52.27,70.79211
2022-11-23T18:00:00.000000000,54.53,71.5821
2022-11-23T19:00:00.000000000,56.25,72.81018
2022-11-23T20:00:00.000000000,57.67,74.05402
2022-11-23T21:00:00.000000000,60.33,75.21212
2022-11-23T22:00:00.000000000,63.09,75.6476
2022-11-23T23:00:00.000000000,63.68,75.63404
2022-11-24T00:00:00.000000000,57.73,72.52991
2022-11-24T01:00:00.000000000,53.11,70.12409
2022-11-24T02:00:00.000000000,53.28,68.15008
2022-11-24T03:00:00.000000000,58.33,67.50337
2022-11-24T04:00:00.000000000,59.5,68.34408
2022-11-24T05:00:00.000000000,60.78,70.37218
2022-11-24T06:00:00.000000000,63.86,73.27618
2022-11-24T07:00:00.000000000,69.15,76.613
2022-11-24T08:00:00.000000000,71.57,79.73164
2022-11-24T09:00:00.000000000,74.46,82.27353
2022-11-24T10:00:00.000000000,76.05,83.74593
2022-11-24T11:00:00.000000000,82.68,83.8059
2022-11-24T12:00:00.000000000,81.65,82.22896
2022-11-24T13:00:00.000000000,78.94,79.69489
2022-11-24T14:00:00.000000000,74.03,76.89725
2022-11-24T15:00:00.000000000,71.59,74.8207
2022-11-24T16:00:00.000000000,72.02,73.78499
2022-11-24T17:00:00.000000000,73.01,73.3634
2022-11-24T18:00:00.000000000,73.68,73.63041
2022-11-24T19:00:00.000000000,75.0,74.20382
2022-11-24T20:00:00.000000000,76.52,74.80486
2022-11-24T21:00:00.000000000,78.26,75.41694
2022-11-24T22:00:00.000000000,79.9,75.23226
2022-11-24T23:00:00.000000000,82.29,74.58356
2022-11-25T00:00:00.000000000,80.01,71.69429
2022-11-25T01:00:00.000000000,77.41,69.47411
2022-11-25T02:00:00.000000000,77.26,67.67506
2022-11-25T03:00:00.000000000,77.18,67.11598
2022-11-25T04:00:00.000000000,76.88,67.90912
2022-11-25T05:00:00.000000000,78.02,69.77071
2022-11-25T06:00:00.000000000,78.63,72.42977
2022-11-25T07:00:00.000000000,81.13,75.48801
2022-11-25T08:00:00.000000000,82.74,78.36625
2022-11-25T09:00:00.000000000,84.23,80.73208
2022-11-25T10:00:00.000000000,85.66,82.13923
2022-11-25T11:00:00.000000000,86.56,82.25229
2022-11-25T12:00:00.000000000,84.5,80.87975
2022-11-25T13:00:00.000000000,81.41,78.66865
2022-11-25T14:00:00.000000000,77.97,76.24943
2022-11-25T15:00:00.000000000,81.54,74.44341
2022-11-25T16:00:00.000000000,79.96,73.51469
2022-11-25T17:00:00.000000000,79.17,73.04745
2022-11-25T18:00:00.000000000,79.22,73.15261
2022-11-25T19:00:00.000000000,78.79,73.52369
2022-11-25T20:00:00.000000000,79.2,73.94412
2022-11-25T21:00:00.000000000,78.89,74.40532
2022-11-25T22:00:00.000000000,78.97,74.14812
2022-11-25T23:00:00.000000000,78.49,73.52755
2022-11-23T00:00:00.000000000,53.41,59.92985
2022-11-23T01:00:00.000000000,48.62,59.33952
2022-11-23T02:00:00.000000000,47.09,59.46229
2022-11-23T03:00:00.000000000,47.87,60.70441
2022-11-23T04:00:00.000000000,48.05,62.74911
2022-11-23T05:00:00.000000000,48.69,65.0536
2022-11-23T06:00:00.000000000,49.23,66.96828
2022-11-23T07:00:00.000000000,51.84,68.0068
2022-11-23T08:00:00.000000000,52.67,67.88596
2022-11-23T09:00:00.000000000,53.76,66.78319
2022-11-23T10:00:00.000000000,55.81,64.8032
2022-11-23T11:00:00.000000000,58.03,62.39455
2022-11-23T12:00:00.000000000,59.07,59.46602
2022-11-23T13:00:00.000000000,57.36,56.78867
2022-11-23T14:00:00.000000000,55.32,55.07323
2022-11-23T15:00:00.000000000,51.1,54.89453
2022-11-23T16:00:00.000000000,51.48,56.03878
2022-11-23T17:00:00.000000000,52.27,57.66929
2022-11-23T18:00:00.000000000,54.53,59.13715
2022-11-23T19:00:00.000000000,56.25,60.15916
2022-11-23T20:00:00.000000000,57.67,60.87312
2022-11-23T21:00:00.000000000,60.33,61.33204
2022-11-23T22:00:00.000000000,63.09,61.1468
2022-11-23T23:00:00.000000000,63.68,60.99119
2022-11-24T00:00:00.000000000,57.73,61.73601
2022-11-24T01:00:00.000000000,53.11,59.9041
2022-11-24T02:00:00.000000000,53.28,58.92014
2022-11-24T03:00:00.000000000,58.33,59.22024
2022-11-24T04:00:00.000000000,59.5,60.61561
2022-11-24T05:00:00.000000000,60.78,62.66827
2022-11-24T06:00:00.000000000,63.86,65.05576
2022-11-24T07:00:00.000000000,69.15,67.34357
2022-11-24T08:00:00.000000000,71.57,69.03475
2022-11-24T09:00:00.000000000,74.46,69.80831
2022-11-24T10:00:00.000000000,76.05,69.47793
2022-11-24T11:00:00.000000000,82.68,68.16857
2022-11-24T12:00:00.000000000,81.65,65.95898
2022-11-24T13:00:00.000000000,78.94,63.65053
2022-11-24T14:00:00.000000000,74.03,62.00278
2022-11-24T15:00:00.000000000,71.59,61.5178
2022-11-24T16:00:00.000000000,72.02,62.16573
2022-11-24T17:00:00.000000000,73.01,63.13772
2022-11-24T18:00:00.000000000,73.68,64.25484
2022-11-24T19:00:00.000000000,75.0,65.2428
2022-11-24T20:00:00.000000000,76.52,65.94275
2022-11-24T21:00:00.000000000,78.26,66.29652
2022-11-24T22:00:00.000000000,79.9,65.67641
2022-11-24T23:00:00.000000000,82.29,64.57148
2022-11-25T00:00:00.000000000,80.01,63.82973
2022-11-25T01:00:00.000000000,77.41,62.14828
2022-11-25T02:00:00.000000000,77.26,60.85444
2022-11-25T03:00:00.000000000,77.18,60.49281
2022-11-25T04:00:00.000000000,76.88,61.02474
2022-11-25T05:00:00.000000000,78.02,62.31179
2022-11-25T06:00:00.000000000,78.63,64.14736
2022-11-25T07:00:00.000000000,81.13,66.1877
2022-11-25T08:00:00.000000000,82.74,67.96445
2022-11-25T09:00:00.000000000,84.23,69.20684
2022-11-25T10:00:00.000000000,85.66,69.74403
2022-11-25T11:00:00.000000000,86.56,69.47196
2022-11-25T12:00:00.000000000,84.5,68.23841
2022-11-25T13:00:00.000000000,81.41,66.47261
2022-11-25T14:00:00.000000000,77.97,64.67115
2022-11-25T15:00:00.000000000,81.54,63.53533
2022-11-25T16:00:00.000000000,79.96,63.28764
2022-11-25T17:00:00.000000000,79.17,63.36973
2022-11-25T18:00:00.000000000,79.22,63.77829
2022-11-25T19:00:00.000000000,78.79,64.31299
2022-11-25T20:00:00.000000000,79.2,64.85999
2022-11-25T21:00:00.000000000,78.89,65.34631
2022-11-25T22:00:00.000000000,78.97,65.24119
2022-11-25T23:00:00.000000000,78.49,64.85268
2022-11-26T00:00:00.000000000,75.91,63.12177
2022-11-26T01:00:00.000000000,73.23,61.6793
2022-11-26T02:00:00.000000000,70.65,60.40524
2022-11-26T03:00:00.000000000,70.2,59.8629
2022-11-26T04:00:00.000000000,70.35,60.10633
2022-11-26T05:00:00.000000000,72.09,61.12946
2022-11-26T06:00:00.000000000,75.34,62.76403
2022-11-26T07:00:00.000000000,74.4,64.63404
2022-11-26T08:00:00.000000000,76.75,66.29829
2022-11-26T09:00:00.000000000,83.35,67.50244
2022-11-26T10:00:00.000000000,83.54,68.13409
2022-11-26T11:00:00.000000000,83.48,68.08457
2022-11-26T12:00:00.000000000,83.08,67.15541
2022-11-26T13:00:00.000000000,81.92,65.55264
2022-11-26T14:00:00.000000000,77.07,63.59723
2022-11-26T15:00:00.000000000,76.88,62.11517
2022-11-26T16:00:00.000000000,75.07,61.4607
2022-11-26T17:00:00.000000000,72.47,61.23651
2022-11-26T18:00:00.000000000,74.38,61.48035
2022-11-26T19:00:00.000000000,75.38,61.95679
2022-11-26T20:00:00.000000000,77.49,62.50725
2022-11-26T21:00:00.000000000,76.56,63.05062
2022-11-26T22:00:00.000000000,74.92,63.18578
2022-11-26T23:00:00.000000000,76.48,63.18978
2022-11-24T00:00:00.000000000,57.73,63.18544
2022-11-24T01:00:00.000000000,53.11,61.13163
2022-11-24T02:00:00.000000000,53.28,59.26706
2022-11-24T03:00:00.000000000,58.33,58.17415
2022-11-24T04:00:00.000000000,59.5,58.02642
2022-11-24T05:00:00.000000000,60.78,58.89698
2022-11-24T06:00:00.000000000,63.86,60.68482
2022-11-24T07:00:00.000000000,69.15,62.9615
2022-11-24T08:00:00.000000000,71.57,65.2658
2022-11-24T09:00:00.000000000,74.46,67.2256
2022-11-24T10:00:00.000000000,76.05,68.45402
2022-11-24T11:00:00.000000000,82.68,68.72739
2022-11-24T12:00:00.000000000,81.65,67.97568
2022-11-24T13:00:00.000000000,78.94,66.51
2022-11-24T14:00:00.000000000,74.03,64.74856
2022-11-24T15:00:00.000000000,71.59,63.39614
2022-11-24T16:00:00.000000000,72.02,62.68748
2022-11-24T17:00:00.000000000,73.01,62.2629
2022-11-24T18:00:00.000000000,73.68,62.39937
2022-11-24T19:00:00.000000000,75.0,63.00909
2022-11-24T20:00:00.000000000,76.52,63.85277
2022-11-24T21:00:00.000000000,78.26,64.46588
2022-11-24T22:00:00.000000000,79.9,64.24428
2022-11-24T23:00:00.000000000,82.29,63.65411
2022-11-25T00:00:00.000000000,80.01,62.40264
2022-11-25T01:00:00.000000000,77.41,61.06641
2022-11-25T02:00:00.000000000,77.26,59.94617
2022-11-25T03:00:00.000000000,77.18,59.48992
2022-11-25T04:00:00.000000000,76.88,59.69137
2022-11-25T05:00:00.000000000,78.02,60.62971
2022-11-25T06:00:00.000000000,78.63,62.21411
2022-11-25T07:00:00.000000000,81.13,64.15962
2022-11-25T08:00:00.000000000,82.74,65.98236
2022-11-25T09:00:00.000000000,84.23,67.45057
2022-11-25T10:00:00.000000000,85.66,68.38303
2022-11-25T11:00:00.000000000,86.56,68.62318
2022-11-25T12:00:00.000000000,84.5,67.99561
2022-11-25T13:00:00.000000000,81.41,66.74345
2022-11-25T14:00:00.000000000,77.97,65.15823
2022-11-25T15:00:00.000000000,81.54,63.8529
2022-11-25T16:00:00.000000000,79.96,63.14648
2022-11-25T17:00:00.000000000,79.17,62.64342
2022-11-25T18:00:00.000000000,79.22,62.52308
2022-11-25T19:00:00.000000000,78.79,62.66662
2022-11-25T20:00:00.000000000,79.2,62.96497
2022-11-25T21:00:00.000000000,78.89,63.27818
2022-11-25T22:00:00.000000000,78.97,63.16735
2022-11-25T23:00:00.000000000,78.49,62.97187
2022-11-26T00:00:00.000000000,75.91,60.38813
2022-11-26T01:00:00.000000000,73.23,59.29546
2022-11-26T02:00:00.000000000,70.65,58.30718
2022-11-26T03:00:00.000000000,70.2,57.90302
2022-11-26T04:00:00.000000000,70.35,58.11487
2022-11-26T05:00:00.000000000,72.09,59.04762
2022-11-26T06:00:00.000000000,75.34,60.58252
2022-11-26T07:00:00.000000000,74.4,62.3712
2022-11-26T08:00:00.000000000,76.75,63.97943
2022-11-26T09:00:00.000000000,83.35,65.19683
2022-11-26T10:00:00.000000000,83.54,65.94389
2022-11-26T11:00:00.000000000,83.48,66.12975
2022-11-26T12:00:00.000000000,83.08,65.52097
2022-11-26T13:00:00.000000000,81.92,64.20005
2022-11-26T14:00:00.000000000,77.07,62.36975
2022-11-26T15:00:00.000000000,76.88,60.81008
2022-11-26T16:00:00.000000000,75.07,59.93428
2022-11-26T17:00:00.000000000,72.47,59.42496
2022-11-26T18:00:00.000000000,74.38,59.3682
2022-11-26T19:00:00.000000000,75.38,59.5463
2022-11-26T20:00:00.000000000,77.49,59.86177
2022-11-26T21:00:00.000000000,76.56,60.24844
2022-11-26T22:00:00.000000000,74.92,60.3745
2022-11-26T23:00:00.000000000,76.48,60.51449
2022-11-27T00:00:00.000000000,74.97,56.87407
2022-11-27T01:00:00.000000000,71.12,55.81818
2022-11-27T02:00:00.000000000,69.28,55.13924
2022-11-27T03:00:00.000000000,69.75,55.16816
2022-11-27T04:00:00.000000000,69.85,55.87314
2022-11-27T05:00:00.000000000,73.36,57.18217
2022-11-27T06:00:00.000000000,77.04,58.88452
2022-11-27T07:00:00.000000000,75.87,60.55821
2022-11-27T08:00:00.000000000,76.93,61.80953
2022-11-27T09:00:00.000000000,76.32,62.54721
2022-11-27T10:00:00.000000000,76.14,62.76625
2022-11-27T11:00:00.000000000,76.27,62.45342
2022-11-27T12:00:00.000000000,76.14,61.4342
2022-11-27T13:00:00.000000000,75.48,59.9659
2022-11-27T14:00:00.000000000,73.39,58.36888
2022-11-27T15:00:00.000000000,72.71,57.3605
2022-11-27T16:00:00.000000000,71.64,57.13871
2022-11-27T17:00:00.000000000,67.9,57.17711
2022-11-27T18:00:00.000000000,66.39,57.39626
2022-11-27T19:00:00.000000000,65.3,57.66616
2022-11-27T20:00:00.000000000,64.38,57.93679
2022-11-27T21:00:00.000000000,64.35,58.16614
2022-11-27T22:00:00.000000000,66.9,57.98616
2022-11-27T23:00:00.000000000,66.09,57.77425
2022-11-25T00:00:00.000000000,80.01,76.82963
2022-11-25T01:00:00.000000000,77.41,74.27866
2022-11-25T02:00:00.000000000,77.26,71.43759
2022-11-25T03:00:00.000000000,77.18,69.57437
2022-11-25T04:00:00.000000000,76.88,69.05827
2022-11-25T05:00:00.000000000,78.02,69.97092
2022-11-25T06:00:00.000000000,78.63,72.05283
2022-11-25T07:00:00.000000000,81.13,74.78266
2022-11-25T08:00:00.000000000,82.74,77.48862
2022-11-25T09:00:00.000000000,84.23,79.76362
2022-11-25T10:00:00.000000000,85.66,81.22225
2022-11-25T11:00:00.000000000,86.56,81.69094
2022-11-25T12:00:00.000000000,84.5,80.9715
2022-11-25T13:00:00.000000000,81.41,79.15709
2022-11-25T14:00:00.000000000,77.97,76.54955
2022-11-25T15:00:00.000000000,81.54,74.22766
2022-11-25T16:00:00.000000000,79.96,72.84077
2022-11-25T17:00:00.000000000,79.17,72.40856
2022-11-25T18:00:00.000000000,79.22,73.11368
2022-11-25T19:00:00.000000000,78.79,74.19578
2022-11-25T20:00:00.000000000,79.2,75.24849
2022-11-25T21:00:00.000000000,78.89,76.12265
2022-11-25T22:00:00.000000000,78.97,76.36667
2022-11-25T23:00:00.000000000,78.49,76.35296
2022-11-26T00:00:00.000000000,75.91,71.93941
2022-11-26T01:00:00.000000000,73.23,69.75063
2022-11-26T02:00:00.000000000,70.65,67.88649
2022-11-26T03:00:00.000000000,70.2,67.18577
2022-11-26T04:00:00.000000000,70.35,67.79147
2022-11-26T05:00:00.000000000,72.09,69.46242
2022-11-26T06:00:00.000000000,75.34,71.95807
2022-11-26T07:00:00.000000000,74.4,74.90483
2022-11-26T08:00:00.000000000,76.75,77.7536
2022-11-26T09:00:00.000000000,83.35,80.13381
2022-11-26T10:00:00.000000000,83.54,81.59453
2022-11-26T11:00:00.000000000,83.48,81.8138
2022-11-26T12:00:00.000000000,83.08,80.61895
2022-11-26T13:00:00.000000000,81.92,78.5705
2022-11-26T14:00:00.000000000,77.07,76.23404
2022-11-26T15:00:00.000000000,76.88,74.40753
2022-11-26T16:00:00.000000000,75.07,73.3758
2022-11-26T17:00:00.000000000,72.47,72.81381
2022-11-26T18:00:00.000000000,74.38,72.88067
2022-11-26T19:00:00.000000000,75.38,73.26541
2022-11-26T20:00:00.000000000,77.49,73.73459
2022-11-26T21:00:00.000000000,76.56,74.22294
2022-11-26T22:00:00.000000000,74.92,74.0082
2022-11-26T23:00:00.000000000,76.48,73.47083
2022-11-27T00:00:00.000000000,74.97,67.50737
2022-11-27T01:00:00.000000000,71.12,65.84344
2022-11-27T02:00:00.000000000,69.28,64.72871
2022-11-27T03:00:00.000000000,69.75,64.63122
2022-11-27T04:00:00.000000000,69.85,65.53891
2022-11-27T05:00:00.000000000,73.36,67.22217
2022-11-27T06:00:00.000000000,77.04,69.45656
2022-11-27T07:00:00.000000000,75.87,71.95638
2022-11-27T08:00:00.000000000,76.93,74.23347
2022-11-27T09:00:00.000000000,76.32,75.91
2022-11-27T10:00:00.000000000,76.14,76.64249
2022-11-27T11:00:00.000000000,76.27,76.31773
2022-11-27T12:00:00.000000000,76.14,74.83356
2022-11-27T13:00:00.000000000,75.48,72.84328
2022-11-27T14:00:00.000000000,73.39,70.95477
2022-11-27T15:00:00.000000000,72.71,69.7292
2022-11-27T16:00:00.000000000,71.64,69.16006
2022-11-27T17:00:00.000000000,67.9,68.77417
2022-11-27T18:00:00.000000000,66.39,68.71642
2022-11-27T19:00:00.000000000,65.3,68.93934
2022-11-27T20:00:00.000000000,64.38,69.27117
2022-11-27T21:00:00.000000000,64.35,69.58392
2022-11-27T22:00:00.000000000,66.9,69.17799
2022-11-27T23:00:00.000000000,66.09,68.53268
2022-11-28T00:00:00.000000000,66.96,67.01624
2022-11-28T01:00:00.000000000,68.57,65.51958
2022-11-28T02:00:00.000000000,68.77,64.04011
2022-11-28T03:00:00.000000000,67.39,63.26127
2022-11-28T04:00:00.000000000,68.28,63.29656
2022-11-28T05:00:00.000000000,69.78,64.21974
2022-11-28T06:00:00.000000000,71.96,65.87267
2022-11-28T07:00:00.000000000,76.39,67.943
2022-11-28T08:00:00.000000000,79.2,69.93029
2022-11-28T09:00:00.000000000,84.09,71.65132
2022-11-28T10:00:00.000000000,88.75,72.87024
2022-11-28T11:00:00.000000000,89.15,73.38796
2022-11-28T12:00:00.000000000,84.06,73.01047
2022-11-28T13:00:00.000000000,81.5,71.91249
2022-11-28T14:00:00.000000000,76.83,70.34971
2022-11-28T15:00:00.000000000,70.55,68.89375
2022-11-28T16:00:00.000000000,69.25,67.92336
2022-11-28T17:00:00.000000000,69.88,67.22877
2022-11-28T18:00:00.000000000,72.5,67.06774
2022-11-28T19:00:00.000000000,73.17,67.14352
2022-11-28T20:00:00.000000000,70.37,67.30115
2022-11-28T21:00:00.000000000,71.07,67.48311
2022-11-28T22:00:00.000000000,71.22,67.33011
2022-11-28T23:00:00.000000000,72.1,67.22554
2022-11-26T00:00:00.000000000,75.91,73.34674
2022-11-26T01:00:00.000000000,73.23,70.7497
2022-11-26T02:00:00.000000000,70.65,68.97968
2022-11-26T03:00:00.000000000,70.2,68.75266
2022-11-26T04:00:00.000000000,70.35,70.08795
2022-11-26T05:00:00.000000000,72.09,72.43138
2022-11-26T06:00:00.000000000,75.34,75.43777
2022-11-26T07:00:00.000000000,74.4,78.6512
2022-11-26T08:00:00.000000000,76.75,81.5948
2022-11-26T09:00:00.000000000,83.35,83.92471
2022-11-26T10:00:00.000000000,83.54,85.13074
2022-11-26T11:00:00.000000000,83.48,84.83417
2022-11-26T12:00:00.000000000,83.08,82.96301
2022-11-26T13:00:00.000000000,81.92,80.442
2022-11-26T14:00:00.000000000,77.07,78.00624
2022-11-26T15:00:00.000000000,76.88,76.52206
2022-11-26T16:00:00.000000000,75.07,76.01864
2022-11-26T17:00:00.000000000,72.47,75.84421
2022-11-26T18:00:00.000000000,74.38,76.02788
2022-11-26T19:00:00.000000000,75.38,76.44536
2022-11-26T20:00:00.000000000,77.49,76.8557
2022-11-26T21:00:00.000000000,76.56,77.2134
2022-11-26T22:00:00.000000000,74.92,76.57642
2022-11-26T23:00:00.000000000,76.48,75.40752
2022-11-27T00:00:00.000000000,74.97,70.14484
2022-11-27T01:00:00.000000000,71.12,68.11848
2022-11-27T02:00:00.000000000,69.28,66.45668
2022-11-27T03:00:00.000000000,69.75,65.87041
2022-11-27T04:00:00.000000000,69.85,66.44665
2022-11-27T05:00:00.000000000,73.36,67.91958
2022-11-27T06:00:00.000000000,77.04,70.00623
2022-11-27T07:00:00.000000000,75.87,72.37241
2022-11-27T08:00:00.000000000,76.93,74.60322
2022-11-27T09:00:00.000000000,76.32,76.33741
2022-11-27T10:00:00.000000000,76.14,77.20725
2022-11-27T11:00:00.000000000,76.27,77.02527
2022-11-27T12:00:00.000000000,76.14,75.66296
2022-11-27T13:00:00.000000000,75.48,73.67893
2022-11-27T14:00:00.000000000,73.39,71.66772
2022-11-27T15:00:00.000000000,72.71,70.31602
2022-11-27T16:00:00.000000000,71.64,69.70121
2022-11-27T17:00:00.000000000,67.9,69.42225
2022-11-27T18:00:00.000000000,66.39,69.60001
2022-11-27T19:00:00.000000000,65.3,70.07285
2022-11-27T20:00:00.000000000,64.38,70.63608
2022-11-27T21:00:00.000000000,64.35,71.15195
2022-11-27T22:00:00.000000000,66.9,70.96552
2022-11-27T23:00:00.000000000,66.09,70.49342
2022-11-28T00:00:00.000000000,66.96,69.94291
2022-11-28T01:00:00.000000000,68.57,68.28798
2022-11-28T02:00:00.000000000,68.77,66.55817
2022-11-28T03:00:00.000000000,67.39,65.55738
2022-11-28T04:00:00.000000000,68.28,65.49612
2022-11-28T05:00:00.000000000,69.78,66.46302
2022-11-28T06:00:00.000000000,71.96,68.25538
2022-11-28T07:00:00.000000000,76.39,70.52796
2022-11-28T08:00:00.000000000,79.2,72.75159
2022-11-28T09:00:00.000000000,84.09,74.71057
2022-11-28T10:00:00.000000000,88.75,76.06599
2022-11-28T11:00:00.000000000,89.15,76.62608
2022-11-28T12:00:00.000000000,84.06,76.22067
2022-11-28T13:00:00.000000000,81.5,75.05994
2022-11-28T14:00:00.000000000,76.83,73.43261
2022-11-28T15:00:00.000000000,70.55,71.87602
2022-11-28T16:00:00.000000000,69.25,70.72362
2022-11-28T17:00:00.000000000,69.88,69.90817
2022-11-28T18:00:00.000000000,72.5,69.76305
2022-11-28T19:00:00.000000000,73.17,69.92446
2022-11-28T20:00:00.000000000,70.37,70.17035
2022-11-28T21:00:00.000000000,71.07,70.38345
2022-11-28T22:00:00.000000000,71.22,70.16556
2022-11-28T23:00:00.000000000,72.1,70.01055
2022-11-29T00:00:00.000000000,70.02,69.79077
2022-11-29T01:00:00.000000000,66.96,67.56258
2022-11-29T02:00:00.000000000,65.67,65.93601
2022-11-29T03:00:00.000000000,66.02,65.62365
2022-11-29T04:00:00.000000000,67.73,66.62409
2022-11-29T05:00:00.000000000,69.62,68.55858
2022-11-29T06:00:00.000000000,77.03,71.20412
2022-11-29T07:00:00.000000000,79.81,74.19748
2022-11-29T08:00:00.000000000,81.9,77.0144
2022-11-29T09:00:00.000000000,92.41,79.29481
2022-11-29T10:00:00.000000000,93.98,80.58601
2022-11-29T11:00:00.000000000,93.81,80.56231
2022-11-29T12:00:00.000000000,95.47,79.11295
2022-11-29T13:00:00.000000000,92.6,76.97602
2022-11-29T14:00:00.000000000,82.63,74.84211
2022-11-29T15:00:00.000000000,73.59,73.39747
2022-11-29T16:00:00.000000000,72.08,72.7949
2022-11-29T17:00:00.000000000,72.17,72.48019
2022-11-29T18:00:00.000000000,72.18,72.54708
2022-11-29T19:00:00.000000000,75.02,72.80615
2022-11-29T20:00:00.000000000,75.67,73.105
2022-11-29T21:00:00.000000000,77.38,73.42928
2022-11-29T22:00:00.000000000,78.48,72.97032
2022-11-29T23:00:00.000000000,80.55,72.07972
2022-11-27T00:00:00.000000000,74.97,70.89235
2022-11-27T01:00:00.000000000,71.12,68.77147
2022-11-27T02:00:00.000000000,69.28,66.99384
2022-11-27T03:00:00.000000000,69.75,66.24037
2022-11-27T04:00:00.000000000,69.85,66.77936
2022-11-27T05:00:00.000000000,73.36,68.3919
2022-11-27T06:00:00.000000000,77.04,70.71981
2022-11-27T07:00:00.000000000,75.87,73.30731
2022-11-27T08:00:00.000000000,76.93,75.67884
2022-11-27T09:00:00.000000000,76.32,77.38282
2022-11-27T10:00:00.000000000,76.14,78.01914
2022-11-27T11:00:00.000000000,76.27,77.6027
2022-11-27T12:00:00.000000000,76.14,76.187
2022-11-27T13:00:00.000000000,75.48,74.21693
2022-11-27T14:00:00.000000000,73.39,72.08898
2022-11-27T15:00:00.000000000,72.71,70.52688
2022-11-27T16:00:00.000000000,71.64,69.64513
2022-11-27T17:00:00.000000000,67.9,69.28815
2022-11-27T18:00:00.000000000,66.39,69.69031
2022-11-27T19:00:00.000000000,65.3,70.53042
2022-11-27T20:00:00.000000000,64.38,71.33393
2022-11-27T21:00:00.000000000,64.35,71.74127
2022-11-27T22:00:00.000000000,66.9,71.2656
2022-11-27T23:00:00.000000000,66.09,70.60725
2022-11-28T00:00:00.000000000,66.96,70.74449
2022-11-28T01:00:00.000000000,68.57,68.9655
2022-11-28T02:00:00.000000000,68.77,67.22058
2022-11-28T03:00:00.000000000,67.39,66.32197
2022-11-28T04:00:00.000000000,68.28,66.45764
2022-11-28T05:00:00.000000000,69.78,67.60881
2022-11-28T06:00:00.000000000,71.96,69.57823
2022-11-28T07:00:00.000000000,76.39,72.03549
2022-11-28T08:00:00.000000000,79.2,74.47494
2022-11-28T09:00:00.000000000,84.09,76.62793
2022-11-28T10:00:00.000000000,88.75,78.11305
2022-11-28T11:00:00.000000000,89.15,78.66055
2022-11-28T12:00:00.000000000,84.06,78.09404
2022-11-28T13:00:00.000000000,81.5,76.7267
2022-11-28T14:00:00.000000000,76.83,74.91151
2022-11-28T15:00:00.000000000,70.55,73.24679
2022-11-28T16:00:00.000000000,69.25,72.04939
2022-11-28T17:00:00.000000000,69.88,71.19372
2022-11-28T18:00:00.000000000,72.5,70.98367
2022-11-28T19:00:00.000000000,73.17,71.10907
2022-11-28T20:00:00.000000000,70.37,71.36522
2022-11-28T21:00:00.000000000,71.07,71.64669
2022-11-28T22:00:00.000000000,71.22,71.44715
2022-11-28T23:00:00.000000000,72.1,71.21678
2022-11-29T00:00:00.000000000,70.02,71.02122
2022-11-29T01:00:00.000000000,66.96,68.76652
2022-11-29T02:00:00.000000000,65.67,67.18944
2022-11-29T03:00:00.000000000,66.02,66.96142
2022-11-29T04:00:00.000000000,67.73,68.10873
2022-11-29T05:00:00.000000000,69.62,70.24167
2022-11-29T06:00:00.000000000,77.03,73.13397
2022-11-29T07:00:00.000000000,79.81,76.40876
2022-11-29T08:00:00.000000000,81.9,79.50726
2022-11-29T09:00:00.000000000,92.41,82.09867
2022-11-29T10:00:00.000000000,93.98,83.6684
2022-11-29T11:00:00.000000000,93.81,83.79015
2022-11-29T12:00:00.000000000,95.47,82.33686
2022-11-29T13:00:00.000000000,92.6,80.11226
2022-11-29T14:00:00.000000000,82.63,77.77498
2022-11-29T15:00:00.000000000,73.59,76.10222
2022-11-29T16:00:00.000000000,72.08,75.22602
2022-11-29T17:00:00.000000000,72.17,74.61501
2022-11-29T18:00:00.000000000,72.18,74.41504
2022-11-29T19:00:00.000000000,75.02,74.51381
2022-11-29T20:00:00.000000000,75.67,74.70914
2022-11-29T21:00:00.000000000,77.38,74.9719
2022-11-29T22:00:00.000000000,78.48,74.4081
2022-11-29T23:00:00.000000000,80.55,73.43446
2022-11-30T00:00:00.000000000,77.69,70.88461
2022-11-30T01:00:00.000000000,71.66,68.79419
2022-11-30T02:00:00.000000000,70.05,67.52849
2022-11-30T03:00:00.000000000,71.88,67.70288
2022-11-30T04:00:00.000000000,73.44,69.27119
2022-11-30T05:00:00.000000000,75.73,71.71389
2022-11-30T06:00:00.000000000,78.43,74.71963
2022-11-30T07:00:00.000000000,83.67,77.891
2022-11-30T08:00:00.000000000,89.79,80.73381
2022-11-30T09:00:00.000000000,89.52,83.03655
2022-11-30T10:00:00.000000000,93.57,84.35513
2022-11-30T11:00:00.000000000,90.45,84.22737
2022-11-30T12:00:00.000000000,89.97,82.46812
2022-11-30T13:00:00.000000000,89.75,80.02744
2022-11-30T14:00:00.000000000,78.62,77.65856
2022-11-30T15:00:00.000000000,72.67,76.13482
2022-11-30T16:00:00.000000000,70.12,75.4635
2022-11-30T17:00:00.000000000,72.11,74.9552
2022-11-30T18:00:00.000000000,74.07,74.6619
2022-11-30T19:00:00.000000000,76.26,74.56217
2022-11-30T20:00:00.000000000,75.41,74.54898
2022-11-30T21:00:00.000000000,77.76,74.71603
2022-11-30T22:00:00.000000000,80.37,74.14119
2022-11-30T23:00:00.000000000,81.92,73.20533
2022-11-28T00:00:00.000000000,66.96,65.90323
2022-11-28T01:00:00.000000000,68.57,64.25493
2022-11-28T02:00:00.000000000,68.77,63.28827
2022-11-28T03:00:00.000000000,67.39,63.44006
2022-11-28T04:00:00.000000000,68.28,64.62123
2022-11-28T05:00:00.000000000,69.78,66.45754
2022-11-28T06:00:00.000000000,71.96,68.74377
2022-11-28T07:00:00.000000000,76.39,71.19325
2022-11-28T08:00:00.000000000,79.2,73.41221
2022-11-28T09:00:00.000000000,84.09,75.13591
2022-11-28T10:00:00.000000000,88.75,76.06084
2022-11-28T11:00:00.000000000,89.15,75.9178
2022-11-28T12:00:00.000000000,84.06,74.5948
2022-11-28T13:00:00.000000000,81.5,72.79194
2022-11-28T14:00:00.000000000,76.83,71.12821
2022-11-28T15:00:00.000000000,70.55,70.1081
2022-11-28T16:00:00.000000000,69.25,69.712
2022-11-28T17:00:00.000000000,69.88,69.32555
2022-11-28T18:00:00.000000000,72.5,69.05864
2022-11-28T19:00:00.000000000,73.17,68.93076
2022-11-28T20:00:00.000000000,70.37,68.87823
2022-11-28T21:00:00.000000000,71.07,68.91406
2022-11-28T22:00:00.000000000,71.22,68.35515
2022-11-28T23:00:00.000000000,72.1,67.58931
2022-11-29T00:00:00.000000000,70.02,68.44061
2022-11-29T01:00:00.000000000,66.96,66.38841
2022-11-29T02:00:00.000000000,65.67,65.05104
2022-11-29T03:00:00.000000000,66.02,65.02808
2022-11-29T04:00:00.000000000,67.73,66.29591
2022-11-29T05:00:00.000000000,69.62,68.5148
2022-11-29T06:00:00.000000000,77.03,71.44243
2022-11-29T07:00:00.000000000,79.81,74.70774
2022-11-29T08:00:00.000000000,81.9,77.691
2022-11-29T09:00:00.000000000,92.41,80.0938
2022-11-29T10:00:00.000000000,93.98,81.43951
2022-11-29T11:00:00.000000000,93.81,81.39005
2022-11-29T12:00:00.000000000,95.47,79.78879
2022-11-29T13:00:00.000000000,92.6,77.47896
2022-11-29T14:00:00.000000000,82.63,75.18598
2022-11-29T15:00:00.000000000,73.59,73.61253
2022-11-29T16:00:00.000000000,72.08,72.88468
2022-11-29T17:00:00.000000000,72.17,72.39682
2022-11-29T18:00:00.000000000,72.18,72.25795
2022-11-29T19:00:00.000000000,75.02,72.34082
2022-11-29T20:00:00.000000000,75.67,72.50145
2022-11-29T21:00:00.000000000,77.38,72.73673
2022-11-29T22:00:00.000000000,78.48,72.17903
2022-11-29T23:00:00.000000000,80.55,71.20966
2022-11-30T00:00:00.000000000,77.69,69.23523
2022-11-30T01:00:00.000000000,71.66,67.32299
2022-11-30T02:00:00.000000000,70.05,66.11453
2022-11-30T03:00:00.000000000,71.88,66.19805
2022-11-30T04:00:00.000000000,73.44,67.53094
2022-11-30T05:00:00.000000000,75.73,69.71431
2022-11-30T06:00:00.000000000,78.43,72.45135
2022-11-30T07:00:00.000000000,83.67,75.37275
2022-11-30T08:00:00.000000000,89.79,77.98631
2022-11-30T09:00:00.000000000,89.52,80.08306
2022-11-30T10:00:00.000000000,93.57,81.26541
2022-11-30T11:00:00.000000000,90.45,81.17133
2022-11-30T12:00:00.000000000,89.97,79.63085
2022-11-30T13:00:00.000000000,89.75,77.46468
2022-11-30T14:00:00.000000000,78.62,75.35471
2022-11-30T15:00:00.000000000,72.67,73.96441
2022-11-30T16:00:00.000000000,70.12,73.32102
2022-11-30T17:00:00.000000000,72.11,72.82401
2022-11-30T18:00:00.000000000,74.07,72.56233
2022-11-30T19:00:00.000000000,76.26,72.47187
2022-11-30T20:00:00.000000000,75.41,72.44918
2022-11-30T21:00:00.000000000,77.76,72.56204
2022-11-30T22:00:00.000000000,80.37,72.0012
2022-11-30T23:00:00.000000000,81.92,71.17877
2022-12-01T00:00:00.000000000,76.91,68.16315
2022-12-01T01:00:00.000000000,72.67,66.44649
2022-12-01T02:00:00.000000000,71.14,65.35305
2022-12-01T03:00:00.000000000,71.83,65.37969
2022-12-01T04:00:00.000000000,71.04,66.49787
2022-12-01T05:00:00.000000000,71.72,68.41742
2022-12-01T06:00:00.000000000,75.43,70.90081
2022-12-01T07:00:00.000000000,78.96,73.6326
2022-12-01T08:00:00.000000000,87.83,76.11673
2022-12-01T09:00:00.000000000,93.47,78.09347
2022-12-01T10:00:00.000000000,98.51,79.19986
2022-12-01T11:00:00.000000000,101.39,79.14759
2022-12-01T12:00:00.000000000,100.26,77.77535
2022-12-01T13:00:00.000000000,96.44,75.81041
2022-12-01T14:00:00.000000000,85.87,73.86614
2022-12-01T15:00:00.000000000,74.67,72.53422
2022-12-01T16:00:00.000000000,71.38,71.84489
2022-12-01T17:00:00.000000000,73.12,71.26533
2022-12-01T18:00:00.000000000,73.73,70.94297
2022-12-01T19:00:00.000000000,74.97,70.84631
2022-12-01T20:00:00.000000000,75.78,70.86102
2022-12-01T21:00:00.000000000,78.03,70.98745
2022-12-01T22:00:00.000000000,78.44,70.47838
2022-12-01T23:00:00.000000000,78.92,69.76345
2022-11-29T00:00:00.000000000,70.02,72.34631
2022-11-29T01:00:00.000000000,66.96,70.50834
2022-11-29T02:00:00.000000000,65.67,69.22791
2022-11-29T03:00:00.000000000,66.02,69.11834
2022-11-29T04:00:00.000000000,67.73,70.54081
2022-11-29T05:00:00.000000000,69.62,73.26875
2022-11-29T06:00:00.000000000,77.03,76.84546
2022-11-29T07:00:00.000000000,79.81,80.61765
2022-11-29T08:00:00.000000000,81.9,83.77425
2022-11-29T09:00:00.000000000,92.41,86.17635
2022-11-29T10:00:00.000000000,93.98,87.35866
2022-11-29T11:00:00.000000000,93.81,86.97907
2022-11-29T12:00:00.000000000,95.47,84.85446
2022-11-29T13:00:00.000000000,92.6,81.89524
2022-11-29T14:00:00.000000000,82.63,78.72787
2022-11-29T15:00:00.000000000,73.59,76.39666
2022-11-29T16:00:00.000000000,72.08,75.03327
2022-11-29T17:00:00.000000000,72.17,74.25888
2022-11-29T18:00:00.000000000,72.18,74.3283
2022-11-29T19:00:00.000000000,75.02,74.95809
2022-11-29T20:00:00.000000000,75.67,75.56884
2022-11-29T21:00:00.000000000,77.38,75.96817
2022-11-29T22:00:00.000000000,78.48,75.39008
2022-11-29T23:00:00.000000000,80.55,74.60669
2022-11-30T00:00:00.000000000,77.69,71.57926
2022-11-30T01:00:00.000000000,71.66,69.6525
2022-11-30T02:00:00.000000000,70.05,68.54801
2022-11-30T03:00:00.000000000,71.88,68.8392
2022-11-30T04:00:00.000000000,73.44,70.51954
2022-11-30T05:00:00.000000000,75.73,73.03511
2022-11-30T06:00:00.000000000,78.43,76.03345
2022-11-30T07:00:00.000000000,83.67,79.1181
2022-11-30T08:00:00.000000000,89.79,81.84203
2022-11-30T09:00:00.000000000,89.52,84.03252
2022-11-30T10:00:00.000000000,93.57,85.27291
2022-11-30T11:00:00.000000000,90.45,85.07472
2022-11-30T12:00:00.000000000,89.97,83.23121
2022-11-30T13:00:00.000000000,89.75,80.73335
2022-11-30T14:00:00.000000000,78.62,78.31732
2022-11-30T15:00:00.000000000,72.67,76.76183
2022-11-30T16:00:00.000000000,70.12,76.02288
2022-11-30T17:00:00.000000000,72.11,75.43165
2022-11-30T18:00:00.000000000,74.07,75.05529
2022-11-30T19:00:00.000000000,76.26,74.91938
2022-11-30T20:00:00.000000000,75.41,74.90772
2022-11-30T21:00:00.000000000,77.76,75.0871
2022-11-30T22:00:00.000000000,80.37,74.54961
2022-11-30T23:00:00.000000000,81.92,73.7246
2022-12-01T00:00:00.000000000,76.91,70.43092
2022-12-01T01:00:00.000000000,72.67,68.51321
2022-12-01T02:00:00.000000000,71.14,67.27732
2022-12-01T03:00:00.000000000,71.83,67.36076
2022-12-01T04:00:00.000000000,71.04,68.72621
2022-12-01T05:00:00.000000000,71.72,70.9286
2022-12-01T06:00:00.000000000,75.43,73.68053
2022-12-01T07:00:00.000000000,78.96,76.60498
2022-12-01T08:00:00.000000000,87.83,79.24439
2022-12-01T09:00:00.000000000,93.47,81.43138
2022-12-01T10:00:00.000000000,98.51,82.77796
2022-12-01T11:00:00.000000000,101.39,82.84955
2022-12-01T12:00:00.000000000,100.26,81.45725
2022-12-01T13:00:00.000000000,96.44,79.38421
2022-12-01T14:00:00.000000000,85.87,77.27061
2022-12-01T15:00:00.000000000,74.67,75.81694
2022-12-01T16:00:00.000000000,71.38,75.07158
2022-12-01T17:00:00.000000000,73.12,74.45691
2022-12-01T18:00:00.000000000,73.73,74.06119
2022-12-01T19:00:00.000000000,74.97,73.81483
2022-12-01T20:00:00.000000000,75.78,73.63048
2022-12-01T21:00:00.000000000,78.03,73.65314
2022-12-01T22:00:00.000000000,78.44,73.07727
2022-12-01T23:00:00.000000000,78.92,72.30343
2022-12-02T00:00:00.000000000,75.81,69.90998
2022-12-02T01:00:00.000000000,70.37,67.76406
2022-12-02T02:00:00.000000000,69.41,66.05954
2022-12-02T03:00:00.000000000,69.67,65.53924
2022-12-02T04:00:00.000000000,70.53,66.25534
2022-12-02T05:00:00.000000000,72.98,67.85933
2022-12-02T06:00:00.000000000,75.61,70.05961
2022-12-02T07:00:00.000000000,80.88,72.50003
2022-12-02T08:00:00.000000000,86.53,74.78557
2022-12-02T09:00:00.000000000,85.65,76.59578
2022-12-02T10:00:00.000000000,85.2,77.56858
2022-12-02T11:00:00.000000000,87.06,77.43835
2022-12-02T12:00:00.000000000,88.28,76.08405
2022-12-02T13:00:00.000000000,82.08,74.11809
2022-12-02T14:00:00.000000000,79.19,72.1676
2022-12-02T15:00:00.000000000,74.81,70.9025
2022-12-02T16:00:00.000000000,70.95,70.41885
2022-12-02T17:00:00.000000000,72.22,70.23865
2022-12-02T18:00:00.000000000,74.79,70.44763
2022-12-02T19:00:00.000000000,78.54,70.85802
2022-12-02T20:00:00.000000000,83.08,71.30683
2022-12-02T21:00:00.000000000,85.81,71.72846
2022-12-02T22:00:00.000000000,86.35,71.45233
2022-12-02T23:00:00.000000000,84.04,70.85146
2022-11-30T00:00:00.000000000,77.69,75.47929
2022-11-30T01:00:00.000000000,71.66,73.57356
2022-11-30T02:00:00.000000000,70.05,71.66192
2022-11-30T03:00:00.000000000,71.88,70.76444
2022-11-30T04:00:00.000000000,73.44,71.34961
2022-11-30T05:00:00.000000000,75.73,73.21634
2022-11-30T06:00:00.000000000,78.43,75.86279
2022-11-30T07:00:00.000000000,83.67,78.7523
2022-11-30T08:00:00.000000000,89.79,81.33365
2022-11-30T09:00:00.000000000,89.52,83.37556
2022-11-30T10:00:00.000000000,93.57,84.54236
2022-11-30T11:00:00.000000000,90.45,84.53901
2022-11-30T12:00:00.000000000,89.97,82.98897
2022-11-30T13:00:00.000000000,89.75,80.25561
2022-11-30T14:00:00.000000000,78.62,76.7925
2022-11-30T15:00:00.000000000,72.67,73.97777
2022-11-30T16:00:00.000000000,70.12,72.23
2022-11-30T17:00:00.000000000,72.11,71.52092
2022-11-30T18:00:00.000000000,74.07,71.93738
2022-11-30T19:00:00.000000000,76.26,72.8665
2022-11-30T20:00:00.000000000,75.41,73.78226
2022-11-30T21:00:00.000000000,77.76,74.6888
2022-11-30T22:00:00.000000000,80.37,75.07599
2022-11-30T23:00:00.000000000,81.92,75.40323
2022-12-01T00:00:00.000000000,76.91,70.9773
2022-12-01T01:00:00.000000000,72.67,68.89875
2022-12-01T02:00:00.000000000,71.14,67.31005
2022-12-01T03:00:00.000000000,71.83,66.93364
2022-12-01T04:00:00.000000000,71.04,67.86337
2022-12-01T05:00:00.000000000,71.72,69.78204
2022-12-01T06:00:00.000000000,75.43,72.37046
2022-12-01T07:00:00.000000000,78.96,75.26907
2022-12-01T08:00:00.000000000,87.83,77.97567
2022-12-01T09:00:00.000000000,93.47,80.18396
2022-12-01T10:00:00.000000000,98.51,81.477
2022-12-01T11:00:00.000000000,101.39,81.50371
2022-12-01T12:00:00.000000000,100.26,80.02012
2022-12-01T13:00:00.000000000,96.44,77.68884
2022-12-01T14:00:00.000000000,85.87,75.12548
2022-12-01T15:00:00.000000000,74.67,73.25262
2022-12-01T16:00:00.000000000,71.38,72.23123
2022-12-01T17:00:00.000000000,73.12,71.63175
2022-12-01T18:00:00.000000000,73.73,71.55202
2022-12-01T19:00:00.000000000,74.97,71.81172
2022-12-01T20:00:00.000000000,75.78,72.19937
2022-12-01T21:00:00.000000000,78.03,72.70765
2022-12-01T22:00:00.000000000,78.44,72.56339
2022-12-01T23:00:00.000000000,78.92,72.10441
2022-12-02T00:00:00.000000000,75.81,69.57551
2022-12-02T01:00:00.000000000,70.37,67.57516
2022-12-02T02:00:00.000000000,69.41,65.96539
2022-12-02T03:00:00.000000000,69.67,65.38717
2022-12-02T04:00:00.000000000,70.53,65.91945
2022-12-02T05:00:00.000000000,72.98,67.32682
2022-12-02T06:00:00.000000000,75.61,69.35239
2022-12-02T07:00:00.000000000,80.88,71.6955
2022-12-02T08:00:00.000000000,86.53,73.91399
2022-12-02T09:00:00.000000000,85.65,75.58335
2022-12-02T10:00:00.000000000,85.2,76.35612
2022-12-02T11:00:00.000000000,87.06,76.10062
2022-12-02T12:00:00.000000000,88.28,74.70183
2022-12-02T13:00:00.000000000,82.08,72.68222
2022-12-02T14:00:00.000000000,79.19,70.57179
2022-12-02T15:00:00.000000000,74.81,69.11792
2022-12-02T16:00:00.000000000,70.95,68.46101
2022-12-02T17:00:00.000000000,72.22,68.23071
2022-12-02T18:00:00.000000000,74.79,68.53399
2022-12-02T19:00:00.000000000,78.54,69.1695
2022-12-02T20:00:00.000000000,83.08,69.87948
2022-12-02T21:00:00.000000000,85.81,70.50871
2022-12-02T22:00:00.000000000,86.35,70.42734
2022-12-02T23:00:00.000000000,84.04,70.02129
2022-12-03T00:00:00.000000000,79.43,68.1569
2022-12-03T01:00:00.000000000,75.23,66.08551
2022-12-03T02:00:00.000000000,74.57,64.63242
2022-12-03T03:00:00.000000000,75.22,64.43097
2022-12-03T04:00:00.000000000,76.23,65.47246
2022-12-03T05:00:00.000000000,76.48,67.40459
2022-12-03T06:00:00.000000000,78.99,69.92757
2022-12-03T07:00:00.000000000,81.13,72.66304
2022-12-03T08:00:00.000000000,85.5,75.10541
2022-12-03T09:00:00.000000000,90.76,76.92688
2022-12-03T10:00:00.000000000,91.64,77.74223
2022-12-03T11:00:00.000000000,91.91,77.35607
2022-12-03T12:00:00.000000000,93.16,75.66225
2022-12-03T13:00:00.000000000,90.87,73.4067
2022-12-03T14:00:00.000000000,86.56,71.29971
2022-12-03T15:00:00.000000000,88.8,70.01882
2022-12-03T16:00:00.000000000,85.32,69.61853
2022-12-03T17:00:00.000000000,80.84,69.52363
2022-12-03T18:00:00.000000000,82.94,69.78047
2022-12-03T19:00:00.000000000,85.45,70.21872
2022-12-03T20:00:00.000000000,87.2,70.66322
2022-12-03T21:00:00.000000000,93.14,71.05572
2022-12-03T22:00:00.000000000,93.74,70.64751
2022-12-03T23:00:00.000000000,91.17,69.8451
2022-12-01T00:00:00.000000000,76.91,77.88557
2022-12-01T01:00:00.000000000,72.67,76.14604
2022-12-01T02:00:00.000000000,71.14,74.0228
2022-12-01T03:00:00.000000000,71.83,72.73561
2022-12-01T04:00:00.000000000,71.04,72.96151
2022-12-01T05:00:00.000000000,71.72,74.48374
2022-12-01T06:00:00.000000000,75.43,76.61438
2022-12-01T07:00:00.000000000,78.96,78.76296
2022-12-01T08:00:00.000000000,87.83,80.58057
2022-12-01T09:00:00.000000000,93.47,81.98398
2022-12-01T10:00:00.000000000,98.51,82.82254
2022-12-01T11:00:00.000000000,101.39,82.73955
2022-12-01T12:00:00.000000000,100.26,81.18441
2022-12-01T13:00:00.000000000,96.44,78.38531
2022-12-01T14:00:00.000000000,85.87,74.80821
2022-12-01T15:00:00.000000000,74.67,71.94578
2022-12-01T16:00:00.000000000,71.38,70.27618
2022-12-01T17:00:00.000000000,73.12,69.85003
2022-12-01T18:00:00.000000000,73.73,70.64697
2022-12-01T19:00:00.000000000,74.97,71.89768
2022-12-01T20:00:00.000000000,75.78,73.08061
2022-12-01T21:00:00.000000000,78.03,74.27451
2022-12-01T22:00:00.000000000,78.44,75.2338
2022-12-01T23:00:00.000000000,78.92,76.30442
2022-12-02T00:00:00.000000000,75.81,72.74466
2022-12-02T01:00:00.000000000,70.37,70.32372
2022-12-02T02:00:00.000000000,69.41,68.38196
2022-12-02T03:00:00.000000000,69.67,67.76545
2022-12-02T04:00:00.000000000,70.53,68.6269
2022-12-02T05:00:00.000000000,72.98,70.57027
2022-12-02T06:00:00.000000000,75.61,73.20329
2022-12-02T07:00:00.000000000,80.88,76.11096
2022-12-02T08:00:00.000000000,86.53,78.81244
2022-12-02T09:00:00.000000000,85.65,80.91375
2022-12-02T10:00:00.000000000,85.2,81.97143
2022-12-02T11:00:00.000000000,87.06,81.70878
2022-12-02T12:00:00.000000000,88.28,79.935
2022-12-02T13:00:00.000000000,82.08,77.31495
2022-12-02T14:00:00.000000000,79.19,74.51976
2022-12-02T15:00:00.000000000,74.81,72.58721
2022-12-02T16:00:00.000000000,70.95,71.68379
2022-12-02T17:00:00.000000000,72.22,71.39437
2022-12-02T18:00:00.000000000,74.79,71.75123
2022-12-02T19:00:00.000000000,78.54,72.47115
2022-12-02T20:00:00.000000000,83.08,73.24231
2022-12-02T21:00:00.000000000,85.81,73.98402
2022-12-02T22:00:00.000000000,86.35,73.92993
2022-12-02T23:00:00.000000000,84.04,73.43751
2022-12-03T00:00:00.000000000,79.43,70.92915
2022-12-03T01:00:00.000000000,75.23,68.64813
2022-12-03T02:00:00.000000000,74.57,66.95669
2022-12-03T03:00:00.000000000,75.22,66.6217
2022-12-03T04:00:00.000000000,76.23,67.7058
2022-12-03T05:00:00.000000000,76.48,69.83949
2022-12-03T06:00:00.000000000,78.99,72.70516
2022-12-03T07:00:00.000000000,81.13,75.87887
2022-12-03T08:00:00.000000000,85.5,78.78345
2022-12-03T09:00:00.000000000,90.76,81.11448
2022-12-03T10:00:00.000000000,91.64,82.42188
2022-12-03T11:00:00.000000000,91.91,82.35581
2022-12-03T12:00:00.000000000,93.16,80.70981
2022-12-03T13:00:00.000000000,90.87,78.23816
2022-12-03T14:00:00.000000000,86.56,75.65032
2022-12-03T15:00:00.000000000,88.8,73.85289
2022-12-03T16:00:00.000000000,85.32,73.0247
2022-12-03T17:00:00.000000000,80.84,72.629
2022-12-03T18:00:00.000000000,82.94,72.71914
2022-12-03T19:00:00.000000000,85.45,73.0599
2022-12-03T20:00:00.000000000,87.2,73.44259
2022-12-03T21:00:00.000000000,93.14,73.89334
2022-12-03T22:00:00.000000000,93.74,73.57938
2022-12-03T23:00:00.000000000,91.17,72.84061
2022-12-04T00:00:00.000000000,88.84,70.64358
2022-12-04T01:00:00.000000000,81.52,68.59512
2022-12-04T02:00:00.000000000,78.79,67.21263
2022-12-04T03:00:00.000000000,80.77,67.17881
2022-12-04T04:00:00.000000000,82.93,68.49344
2022-12-04T05:00:00.000000000,85.5,70.73784
2022-12-04T06:00:00.000000000,85.63,73.60937
2022-12-04T07:00:00.000000000,86.61,76.71102
2022-12-04T08:00:00.000000000,89.6,79.51662
2022-12-04T09:00:00.000000000,91.54,81.83041
2022-12-04T10:00:00.000000000,91.55,83.23349
2022-12-04T11:00:00.000000000,90.96,83.29154
2022-12-04T12:00:00.000000000,90.52,81.78459
2022-12-04T13:00:00.000000000,88.89,79.51514
2022-12-04T14:00:00.000000000,88.79,77.16435
2022-12-04T15:00:00.000000000,86.96,75.52307
2022-12-04T16:00:00.000000000,84.9,74.70994
2022-12-04T17:00:00.000000000,85.38,74.14012
2022-12-04T18:00:00.000000000,84.62,73.88433
2022-12-04T19:00:00.000000000,84.36,73.80843
2022-12-04T20:00:00.000000000,84.52,73.79169
2022-12-04T21:00:00.000000000,83.99,73.96115
2022-12-04T22:00:00.000000000,85.2,73.48982
2022-12-04T23:00:00.000000000,83.91,72.72716
2022-12-02T00:00:00.000000000,75.81,77.84767
2022-12-02T01:00:00.000000000,70.37,76.09214
2022-12-02T02:00:00.000000000,69.41,73.54934
2022-12-02T03:00:00.000000000,69.67,71.57577
2022-12-02T04:00:00.000000000,70.53,71.04884
2022-12-02T05:00:00.000000000,72.98,72.25287
2022-12-02T06:00:00.000000000,75.61,74.5189
2022-12-02T07:00:00.000000000,80.88,77.16688
2022-12-02T08:00:00.000000000,86.53,79.49237
2022-12-02T09:00:00.000000000,85.65,81.31929
2022-12-02T10:00:00.000000000,85.2,82.3782
2022-12-02T11:00:00.000000000,87.06,82.50294
2022-12-02T12:00:00.000000000,88.28,81.13404
2022-12-02T13:00:00.000000000,82.08,78.2621
2022-12-02T14:00:00.000000000,79.19,74.10861
2022-12-02T15:00:00.000000000,74.81,70.37416
2022-12-02T16:00:00.000000000,70.95,67.93026
2022-12-02T17:00:00.000000000,72.22,67.24268
2022-12-02T18:00:00.000000000,74.79,68.43442
2022-12-02T19:00:00.000000000,78.54,70.35149
2022-12-02T20:00:00.000000000,83.08,72.22455
2022-12-02T21:00:00.000000000,85.81,73.86891
2022-12-02T22:00:00.000000000,86.35,75.12202
2022-12-02T23:00:00.000000000,84.04,76.47115
2022-12-03T00:00:00.000000000,79.43,73.06606
2022-12-03T01:00:00.000000000,75.23,70.55948
2022-12-03T02:00:00.000000000,74.57,68.59475
2022-12-03T03:00:00.000000000,75.22,68.02134
2022-12-03T04:00:00.000000000,76.23,69.03581
2022-12-03T05:00:00.000000000,76.48,71.24241
2022-12-03T06:00:00.000000000,78.99,74.20897
2022-12-03T07:00:00.000000000,81.13,77.44683
2022-12-03T08:00:00.000000000,85.5,80.3729
2022-12-03T09:00:00.000000000,90.76,82.62949
2022-12-03T10:00:00.000000000,91.64,83.7466
2022-12-03T11:00:00.000000000,91.91,83.40638
2022-12-03T12:00:00.000000000,93.16,81.38553
2022-12-03T13:00:00.000000000,90.87,78.46258
2022-12-03T14:00:00.000000000,86.56,75.39375
2022-12-03T15:00:00.000000000,88.8,73.30206
2022-12-03T16:00:00.000000000,85.32,72.37435
2022-12-03T17:00:00.000000000,80.84,72.1326
2022-12-03T18:00:00.000000000,82.94,72.59633
2022-12-03T19:00:00.000000000,85.45,73.43907
2022-12-03T20:00:00.000000000,87.2,74.29275
2022-12-03T21:00:00.000000000,93.14,75.08468
2022-12-03T22:00:00.000000000,93.74,74.98997
2022-12-03T23:00:00.000000000,91.17,74.38326
2022-12-04T00:00:00.000000000,88.84,71.64599
2022-12-04T01:00:00.000000000,81.52,69.43809
2022-12-04T02:00:00.000000000,78.79,67.88572
2022-12-04T03:00:00.000000000,80.77,67.74767
2022-12-04T04:00:00.000000000,82.93,69.06234
2022-12-04T05:00:00.000000000,85.5,71.36509
2022-12-04T06:00:00.000000000,85.63,74.30502
2022-12-04T07:00:00.000000000,86.61,77.44955
2022-12-04T08:00:00.000000000,89.6,80.26919
2022-12-04T09:00:00.000000000,91.54,82.53518
2022-12-04T10:00:00.000000000,91.55,83.82225
2022-12-04T11:00:00.000000000,90.96,83.71676
2022-12-04T12:00:00.000000000,90.52,81.98032
2022-12-04T13:00:00.000000000,88.89,79.44287
2022-12-04T14:00:00.000000000,88.79,76.85265
2022-12-04T15:00:00.000000000,86.96,75.11167
2022-12-04T16:00:00.000000000,84.9,74.3458
2022-12-04T17:00:00.000000000,85.38,73.94453
2022-12-04T18:00:00.000000000,84.62,73.92017
2022-12-04T19:00:00.000000000,84.36,74.08987
2022-12-04T20:00:00.000000000,84.52,74.29988
2022-12-04T21:00:00.000000000,83.99,74.65766
2022-12-04T22:00:00.000000000,85.2,74.31338
2022-12-04T23:00:00.000000000,83.91,73.58852
2022-12-05T00:00:00.000000000,81.56,71.52175
2022-12-05T01:00:00.000000000,73.66,69.32166
2022-12-05T02:00:00.000000000,71.08,67.77343
2022-12-05T03:00:00.000000000,73.43,67.629
2022-12-05T04:00:00.000000000,76.1,68.92727
2022-12-05T05:00:00.000000000,79.24,71.22432
2022-12-05T06:00:00.000000000,81.67,74.20322
2022-12-05T07:00:00.000000000,88.71,77.44367
2022-12-05T08:00:00.000000000,94.43,80.38514
2022-12-05T09:00:00.000000000,95.1,82.79691
2022-12-05T10:00:00.000000000,97.67,84.23255
2022-12-05T11:00:00.000000000,97.26,84.25103
2022-12-05T12:00:00.000000000,94.96,82.607
2022-12-05T13:00:00.000000000,91.06,80.12067
2022-12-05T14:00:00.000000000,85.68,77.52148
2022-12-05T15:00:00.000000000,76.69,75.70948
2022-12-05T16:00:00.000000000,74.8,74.85028
2022-12-05T17:00:00.000000000,76.05,74.34606
2022-12-05T18:00:00.000000000,77.23,74.23277
2022-12-05T19:00:00.000000000,80.33,74.32626
2022-12-05T20:00:00.000000000,85.17,74.47956
2022-12-05T21:00:00.000000000,85.44,74.80711
2022-12-05T22:00:00.000000000,88.7,74.44829
2022-12-05T23:00:00.000000000,88.33,73.70638
2022-12-03T00:00:00.000000000,79.43,81.77805
2022-12-03T01:00:00.000000000,75.23,79.06159
2022-12-03T02:00:00.000000000,74.57,76.23217
2022-12-03T03:00:00.000000000,75.22,74.65379
2022-12-03T04:00:00.000000000,76.23,74.92311
2022-12-03T05:00:00.000000000,76.48,76.56756
2022-12-03T06:00:00.000000000,78.99,79.05857
2022-12-03T07:00:00.000000000,81.13,81.84131
2022-12-03T08:00:00.000000000,85.5,84.54457
2022-12-03T09:00:00.000000000,90.76,86.83546
2022-12-03T10:00:00.000000000,91.64,88.337
2022-12-03T11:00:00.000000000,91.91,88.51874
2022-12-03T12:00:00.000000000,93.16,86.87962
2022-12-03T13:00:00.000000000,90.87,83.82253
2022-12-03T14:00:00.000000000,86.56,80.01506
2022-12-03T15:00:00.000000000,88.8,77.08462
2022-12-03T16:00:00.000000000,85.32,75.50835
2022-12-03T17:00:00.000000000,80.84,75.14524
2022-12-03T18:00:00.000000000,82.94,75.9177
2022-12-03T19:00:00.000000000,85.45,77.17743
2022-12-03T20:00:00.000000000,87.2,78.48701
2022-12-03T21:00:00.000000000,93.14,79.89026
2022-12-03T22:00:00.000000000,93.74,80.74796
2022-12-03T23:00:00.000000000,91.17,81.22947
2022-12-04T00:00:00.000000000,88.84,76.95938
2022-12-04T01:00:00.000000000,81.52,74.42426
2022-12-04T02:00:00.000000000,78.79,72.45729
2022-12-04T03:00:00.000000000,80.77,71.96182
2022-12-04T04:00:00.000000000,82.93,73.15467
2022-12-04T05:00:00.000000000,85.5,75.42243
2022-12-04T06:00:00.000000000,85.63,78.31031
2022-12-04T07:00:00.000000000,86.61,81.29668
2022-12-04T08:00:00.000000000,89.6,83.99273
2022-12-04T09:00:00.000000000,91.54,86.13271
2022-12-04T10:00:00.000000000,91.55,87.28864
2022-12-04T11:00:00.000000000,90.96,86.99753
2022-12-04T12:00:00.000000000,90.52,85.04483
2022-12-04T13:00:00.000000000,88.89,82.24734
2022-12-04T14:00:00.000000000,88.79,79.32417
2022-12-04T15:00:00.000000000,86.96,77.41708
2022-12-04T16:00:00.000000000,84.9,76.59062
2022-12-04T17:00:00.000000000,85.38,76.32095
2022-12-04T18:00:00.000000000,84.62,76.60364
2022-12-04T19:00:00.000000000,84.36,77.22317
2022-12-04T20:00:00.000000000,84.52,77.85653
2022-12-04T21:00:00.000000000,83.99,78.5124
2022-12-04T22:00:00.000000000,85.2,78.3415
2022-12-04T23:00:00.000000000,83.91,77.7593
2022-12-05T00:00:00.000000000,81.56,75.06084
2022-12-05T01:00:00.000000000,73.66,72.69894
2022-12-05T02:00:00.000000000,71.08,70.96462
2022-12-05T03:00:00.000000000,73.43,70.76499
2022-12-05T04:00:00.000000000,76.1,72.18945
2022-12-05T05:00:00.000000000,79.24,74.60393
2022-12-05T06:00:00.000000000,81.67,77.68277
2022-12-05T07:00:00.000000000,88.71,80.9697
2022-12-05T08:00:00.000000000,94.43,83.97355
2022-12-05T09:00:00.000000000,95.1,86.484
2022-12-05T10:00:00.000000000,97.67,88.04197
2022-12-05T11:00:00.000000000,97.26,88.11362
2022-12-05T12:00:00.000000000,94.96,86.43549
2022-12-05T13:00:00.000000000,91.06,83.79159
2022-12-05T14:00:00.000000000,85.68,80.9199
2022-12-05T15:00:00.000000000,76.69,78.90461
2022-12-05T16:00:00.000000000,74.8,77.91562
2022-12-05T17:00:00.000000000,76.05,77.37323
2022-12-05T18:00:00.000000000,77.23,77.25206
2022-12-05T19:00:00.000000000,80.33,77.33758
2022-12-05T20:00:00.000000000,85.17,77.45352
2022-12-05T21:00:00.000000000,85.44,77.81595
2022-12-05T22:00:00.000000000,88.7,77.53734
2022-12-05T23:00:00.000000000,88.33,76.89685
2022-12-06T00:00:00.000000000,83.69,73.67366
2022-12-06T01:00:00.000000000,76.64,71.303
2022-12-06T02:00:00.000000000,75.4,69.55845
2022-12-06T03:00:00.000000000,76.65,69.32697
2022-12-06T04:00:00.000000000,79.27,70.68407
2022-12-06T05:00:00.000000000,82.52,73.06732
2022-12-06T06:00:00.000000000,87.21,76.15406
2022-12-06T07:00:00.000000000,92.87,79.49417
2022-12-06T08:00:00.000000000,99.97,82.54834
2022-12-06T09:00:00.000000000,98.3,85.09079
2022-12-06T10:00:00.000000000,98.64,86.66445
2022-12-06T11:00:00.000000000,97.99,86.76782
2022-12-06T12:00:00.000000000,97.22,85.11662
2022-12-06T13:00:00.000000000,87.38,82.48219
2022-12-06T14:00:00.000000000,80.74,79.60603
2022-12-06T15:00:00.000000000,72.78,77.5698
2022-12-06T16:00:00.000000000,71.3,76.58268
2022-12-06T17:00:00.000000000,71.8,76.05359
2022-12-06T18:00:00.000000000,72.64,75.9568
2022-12-06T19:00:00.000000000,73.66,76.05704
2022-12-06T20:00:00.000000000,73.83,76.19673
2022-12-06T21:00:00.000000000,72.64,76.57898
2022-12-06T22:00:00.000000000,74.98,76.32089
2022-12-06T23:00:00.000000000,74.14,75.66333
2022-12-04T00:00:00.000000000,88.84,85.00826
2022-12-04T01:00:00.000000000,81.52,82.13919
2022-12-04T02:00:00.000000000,78.79,79.55503
2022-12-04T03:00:00.000000000,80.77,78.40656
2022-12-04T04:00:00.000000000,82.93,79.08613
2022-12-04T05:00:00.000000000,85.5,80.79114
2022-12-04T06:00:00.000000000,85.63,83.10947
2022-12-04T07:00:00.000000000,86.61,85.59162
2022-12-04T08:00:00.000000000,89.6,88.10796
2022-12-04T09:00:00.000000000,91.54,90.25364
2022-12-04T10:00:00.000000000,91.55,91.57627
2022-12-04T11:00:00.000000000,90.96,91.58117
2022-12-04T12:00:00.000000000,90.52,90.13228
2022-12-04T13:00:00.000000000,88.89,87.72353
2022-12-04T14:00:00.000000000,88.79,84.8346
2022-12-04T15:00:00.000000000,86.96,82.75336
2022-12-04T16:00:00.000000000,84.9,81.60835
2022-12-04T17:00:00.000000000,85.38,81.17017
2022-12-04T18:00:00.000000000,84.62,81.49573
2022-12-04T19:00:00.000000000,84.36,82.30741
2022-12-04T20:00:00.000000000,84.52,83.15321
2022-12-04T21:00:00.000000000,83.99,83.99108
2022-12-04T22:00:00.000000000,85.2,84.07055
2022-12-04T23:00:00.000000000,83.91,83.83581
2022-12-05T00:00:00.000000000,81.56,79.78234
2022-12-05T01:00:00.000000000,73.66,77.13429
2022-12-05T02:00:00.000000000,71.08,75.10906
2022-12-05T03:00:00.000000000,73.43,74.62784
2022-12-05T04:00:00.000000000,76.1,75.91249
2022-12-05T05:00:00.000000000,79.24,78.27225
2022-12-05T06:00:00.000000000,81.67,81.30075
2022-12-05T07:00:00.000000000,88.71,84.39858
2022-12-05T08:00:00.000000000,94.43,87.13779
2022-12-05T09:00:00.000000000,95.1,89.31098
2022-12-05T10:00:00.000000000,97.67,90.47124
2022-12-05T11:00:00.000000000,97.26,90.15247
2022-12-05T12:00:00.000000000,94.96,88.24741
2022-12-05T13:00:00.000000000,91.06,85.59056
2022-12-05T14:00:00.000000000,85.68,82.84743
2022-12-05T15:00:00.000000000,76.69,81.13359
2022-12-05T16:00:00.000000000,74.8,80.46455
2022-12-05T17:00:00.000000000,76.05,80.25685
2022-12-05T18:00:00.000000000,77.23,80.53925
2022-12-05T19:00:00.000000000,80.33,81.11352
2022-12-05T20:00:00.000000000,85.17,81.58845
2022-12-05T21:00:00.000000000,85.44,82.00819
2022-12-05T22:00:00.000000000,88.7,81.5087
2022-12-05T23:00:00.000000000,88.33,80.62694
2022-12-06T00:00:00.000000000,83.69,76.26088
2022-12-06T01:00:00.000000000,76.64,73.76996
2022-12-06T02:00:00.000000000,75.4,72.00689
2022-12-06T03:00:00.000000000,76.65,71.81794
2022-12-06T04:00:00.000000000,79.27,73.32977
2022-12-06T05:00:00.000000000,82.52,75.84532
2022-12-06T06:00:00.000000000,87.21,78.9728
2022-12-06T07:00:00.000000000,92.87,82.19992
2022-12-06T08:00:00.000000000,99.97,85.07957
2022-12-06T09:00:00.000000000,98.3,87.4025
2022-12-06T10:00:00.000000000,98.64,88.71571
2022-12-06T11:00:00.000000000,97.99,88.49393
2022-12-06T12:00:00.000000000,97.22,86.51463
2022-12-06T13:00:00.000000000,87.38,83.69202
2022-12-06T14:00:00.000000000,80.74,80.81608
2022-12-06T15:00:00.000000000,72.78,78.99442
2022-12-06T16:00:00.000000000,71.3,78.26296
2022-12-06T17:00:00.000000000,71.8,77.96435
2022-12-06T18:00:00.000000000,72.64,78.05586
2022-12-06T19:00:00.000000000,73.66,78.38744
2022-12-06T20:00:00.000000000,73.83,78.71314
2022-12-06T21:00:00.000000000,72.64,79.15871
2022-12-06T22:00:00.000000000,74.98,78.78956
2022-12-06T23:00:00.000000000,74.14,77.98655
2022-12-07T00:00:00.000000000,72.05,73.1306
2022-12-07T01:00:00.000000000,66.99,70.78808
2022-12-07T02:00:00.000000000,66.32,69.12723
2022-12-07T03:00:00.000000000,67.99,68.99096
2022-12-07T04:00:00.000000000,68.86,70.44773
2022-12-07T05:00:00.000000000,70.85,72.91777
2022-12-07T06:00:00.000000000,74.92,76.02525
2022-12-07T07:00:00.000000000,83.27,79.29573
2022-12-07T08:00:00.000000000,91.48,82.21543
2022-12-07T09:00:00.000000000,95.95,84.57956
2022-12-07T10:00:00.000000000,100.41,85.96163
2022-12-07T11:00:00.000000000,102.91,85.87921
2022-12-07T12:00:00.000000000,96.79,84.04105
2022-12-07T13:00:00.000000000,96.59,81.29305
2022-12-07T14:00:00.000000000,85.99,78.43373
2022-12-07T15:00:00.000000000,77.48,76.527
2022-12-07T16:00:00.000000000,72.67,75.71139
2022-12-07T17:00:00.000000000,76.69,75.32769
2022-12-07T18:00:00.000000000,77.14,75.31922
2022-12-07T19:00:00.000000000,79.63,75.4837
2022-12-07T20:00:00.000000000,81.52,75.67248
2022-12-07T21:00:00.000000000,85.89,76.07115
2022-12-07T22:00:00.000000000,87.26,75.79027
2022-12-07T23:00:00.000000000,87.95,75.09273
2022-12-05T00:00:00.000000000,81.56,84.0305
2022-12-05T01:00:00.000000000,73.66,82.13906
2022-12-05T02:00:00.000000000,71.08,80.8582
2022-12-05T03:00:00.000000000,73.43,80.77194
2022-12-05T04:00:00.000000000,76.1,82.02994
2022-12-05T05:00:00.000000000,79.24,84.12622
2022-12-05T06:00:00.000000000,81.67,86.79542
2022-12-05T07:00:00.000000000,88.71,89.50958
2022-12-05T08:00:00.000000000,94.43,91.81951
2022-12-05T09:00:00.000000000,95.1,93.63359
2022-12-05T10:00:00.000000000,97.67,94.48207
2022-12-05T11:00:00.000000000,97.26,94.11606
2022-12-05T12:00:00.000000000,94.96,92.46068
2022-12-05T13:00:00.000000000,91.06,90.33046
2022-12-05T14:00:00.000000000,85.68,88.20519
2022-12-05T15:00:00.000000000,76.69,86.95353
2022-12-05T16:00:00.000000000,74.8,86.3538
2022-12-05T17:00:00.000000000,76.05,85.68396
2022-12-05T18:00:00.000000000,77.23,85.28729
2022-12-05T19:00:00.000000000,80.33,85.2569
2022-12-05T20:00:00.000000000,85.17,85.29506
2022-12-05T21:00:00.000000000,85.44,85.40178
2022-12-05T22:00:00.000000000,88.7,84.62073
2022-12-05T23:00:00.000000000,88.33,83.64748
2022-12-06T00:00:00.000000000,83.69,81.34305
2022-12-06T01:00:00.000000000,76.64,79.2244
2022-12-06T02:00:00.000000000,75.4,77.86756
2022-12-06T03:00:00.000000000,76.65,77.9204
2022-12-06T04:00:00.000000000,79.27,79.57907
2022-12-06T05:00:00.000000000,82.52,82.22023
2022-12-06T06:00:00.000000000,87.21,85.44592
2022-12-06T07:00:00.000000000,92.87,88.60124
2022-12-06T08:00:00.000000000,99.97,91.1532
2022-12-06T09:00:00.000000000,98.3,93.00978
2022-12-06T10:00:00.000000000,98.64,93.79574
2022-12-06T11:00:00.000000000,97.99,93.22783
2022-12-06T12:00:00.000000000,97.22,91.20002
2022-12-06T13:00:00.000000000,87.38,88.58842
2022-12-06T14:00:00.000000000,80.74,85.95912
2022-12-06T15:00:00.000000000,72.78,84.40264
2022-12-06T16:00:00.000000000,71.3,83.83865
2022-12-06T17:00:00.000000000,71.8,83.49852
2022-12-06T18:00:00.000000000,72.64,83.503
2022-12-06T19:00:00.000000000,73.66,83.75861
2022-12-06T20:00:00.000000000,73.83,83.87757
2022-12-06T21:00:00.000000000,72.64,83.93726
2022-12-06T22:00:00.000000000,74.98,83.07365
2022-12-06T23:00:00.000000000,74.14,81.97335
2022-12-07T00:00:00.000000000,72.05,78.09311
2022-12-07T01:00:00.000000000,66.99,75.84859
2022-12-07T02:00:00.000000000,66.32,74.36586
2022-12-07T03:00:00.000000000,67.99,74.41976
2022-12-07T04:00:00.000000000,68.86,76.23056
2022-12-07T05:00:00.000000000,70.85,79.03562
2022-12-07T06:00:00.000000000,74.92,82.42953
2022-12-07T07:00:00.000000000,83.27,85.82681
2022-12-07T08:00:00.000000000,91.48,88.71512
2022-12-07T09:00:00.000000000,95.95,91.01055
2022-12-07T10:00:00.000000000,100.41,92.27996
2022-12-07T11:00:00.000000000,102.91,91.96778
2022-12-07T12:00:00.000000000,96.79,89.86695
2022-12-07T13:00:00.000000000,96.59,86.95388
2022-12-07T14:00:00.000000000,85.99,83.97983
2022-12-07T15:00:00.000000000,77.48,82.0815
2022-12-07T16:00:00.000000000,72.67,81.23376
2022-12-07T17:00:00.000000000,76.69,80.77051
2022-12-07T18:00:00.000000000,77.14,80.71158
2022-12-07T19:00:00.000000000,79.63,80.94011
2022-12-07T20:00:00.000000000,81.52,81.1067
2022-12-07T21:00:00.000000000,85.89,81.36288
2022-12-07T22:00:00.000000000,87.26,80.80857
2022-12-07T23:00:00.000000000,87.95,79.95771
2022-12-08T00:00:00.000000000,80.08,74.99472
2022-12-08T01:00:00.000000000,74.57,72.73737
2022-12-08T02:00:00.000000000,73.88,71.15312
2022-12-08T03:00:00.000000000,74.14,71.12372
2022-12-08T04:00:00.000000000,73.7,72.65766
2022-12-08T05:00:00.000000000,74.59,75.05238
2022-12-08T06:00:00.000000000,81.35,78.00718
2022-12-08T07:00:00.000000000,91.78,81.11017
2022-12-08T08:00:00.000000000,96.54,83.95749
2022-12-08T09:00:00.000000000,98.22,86.38193
2022-12-08T10:00:00.000000000,99.64,87.95156
2022-12-08T11:00:00.000000000,96.88,88.09168
2022-12-08T12:00:00.000000000,93.46,86.55542
2022-12-08T13:00:00.000000000,89.7,84.12633
2022-12-08T14:00:00.000000000,85.98,81.51526
2022-12-08T15:00:00.000000000,75.51,79.70094
2022-12-08T16:00:00.000000000,71.88,78.79869
2022-12-08T17:00:00.000000000,74.66,78.19579
2022-12-08T18:00:00.000000000,75.69,77.85948
2022-12-08T19:00:00.000000000,77.92,77.65425
2022-12-08T20:00:00.000000000,79.94,77.49387
2022-12-08T21:00:00.000000000,81.81,77.67561
2022-12-08T22:00:00.000000000,84.33,77.31968
2022-12-08T23:00:00.000000000,84.35,76.68285
2022-12-06T00:00:00.000000000,83.69,84.11003
2022-12-06T01:00:00.000000000,76.64,81.63427
2022-12-06T02:00:00.000000000,75.4,78.88223
2022-12-06T03:00:00.000000000,76.65,77.25261
2022-12-06T04:00:00.000000000,79.27,77.55356
2022-12-06T05:00:00.000000000,82.52,79.30574
2022-12-06T06:00:00.000000000,87.21,81.8718
2022-12-06T07:00:00.000000000,92.87,84.5316
2022-12-06T08:00:00.000000000,99.97,86.91993
2022-12-06T09:00:00.000000000,98.3,88.87016
2022-12-06T10:00:00.000000000,98.64,90.11546
2022-12-06T11:00:00.000000000,97.99,90.08497
2022-12-06T12:00:00.000000000,97.22,88.25324
2022-12-06T13:00:00.000000000,87.38,85.00513
2022-12-06T14:00:00.000000000,80.74,80.97568
2022-12-06T15:00:00.000000000,72.78,77.90795
2022-12-06T16:00:00.000000000,71.3,76.18944
2022-12-06T17:00:00.000000000,71.8,75.73647
2022-12-06T18:00:00.000000000,72.64,76.55382
2022-12-06T19:00:00.000000000,73.66,77.97236
2022-12-06T20:00:00.000000000,73.83,79.34882
2022-12-06T21:00:00.000000000,72.64,80.74048
2022-12-06T22:00:00.000000000,74.98,81.65905
2022-12-06T23:00:00.000000000,74.14,82.41114
2022-12-07T00:00:00.000000000,72.05,77.99282
2022-12-07T01:00:00.000000000,66.99,75.22856
2022-12-07T02:00:00.000000000,66.32,73.05833
2022-12-07T03:00:00.000000000,67.99,72.38737
2022-12-07T04:00:00.000000000,68.86,73.52399
2022-12-07T05:00:00.000000000,70.85,75.97543
2022-12-07T06:00:00.000000000,74.92,79.24954
2022-12-07T07:00:00.000000000,83.27,82.62599
2022-12-07T08:00:00.000000000,91.48,85.50953
2022-12-07T09:00:00.000000000,95.95,87.67981
2022-12-07T10:00:00.000000000,100.41,88.6904
2022-12-07T11:00:00.000000000,102.91,88.19509
2022-12-07T12:00:00.000000000,96.79,86.06515
2022-12-07T13:00:00.000000000,96.59,83.15737
2022-12-07T14:00:00.000000000,85.99,80.15712
2022-12-07T15:00:00.000000000,77.48,78.2734
2022-12-07T16:00:00.000000000,72.67,77.59122
2022-12-07T17:00:00.000000000,76.69,77.52639
2022-12-07T18:00:00.000000000,77.14,78.12434
2022-12-07T19:00:00.000000000,79.63,79.06471
2022-12-07T20:00:00.000000000,81.52,79.86102
2022-12-07T21:00:00.000000000,85.89,80.43028
2022-12-07T22:00:00.000000000,87.26,79.93232
2022-12-07T23:00:00.000000000,87.95,78.94977
2022-12-08T00:00:00.000000000,80.08,74.30795
2022-12-08T01:00:00.000000000,74.57,71.91732
2022-12-08T02:00:00.000000000,73.88,70.12187
2022-12-08T03:00:00.000000000,74.14,69.83273
2022-12-08T04:00:00.000000000,73.7,71.10036
2022-12-08T05:00:00.000000000,74.59,73.34325
2022-12-08T06:00:00.000000000,81.35,76.22652
2022-12-08T07:00:00.000000000,91.78,79.31353
2022-12-08T08:00:00.000000000,96.54,82.1529
2022-12-08T09:00:00.000000000,98.22,84.50179
2022-12-08T10:00:00.000000000,99.64,85.92339
2022-12-08T11:00:00.000000000,96.88,85.93277
2022-12-08T12:00:00.000000000,93.46,84.29216
2022-12-08T13:00:00.000000000,89.7,81.77648
2022-12-08T14:00:00.000000000,85.98,79.131
2022-12-08T15:00:00.000000000,75.51,77.32617
2022-12-08T16:00:00.000000000,71.88,76.52554
2022-12-08T17:00:00.000000000,74.66,76.14303
2022-12-08T18:00:00.000000000,75.69,76.14422
2022-12-08T19:00:00.000000000,77.92,76.30226
2022-12-08T20:00:00.000000000,79.94,76.48187
2022-12-08T21:00:00.000000000,81.81,76.87294
2022-12-08T22:00:00.000000000,84.33,76.61657
2022-12-08T23:00:00.000000000,84.35,75.97537
2022-12-09T00:00:00.000000000,76.52,71.11977
2022-12-09T01:00:00.000000000,71.43,68.892
2022-12-09T02:00:00.000000000,68.2,67.40468
2022-12-09T03:00:00.000000000,70.13,67.36227
2022-12-09T04:00:00.000000000,71.53,68.72472
2022-12-09T05:00:00.000000000,74.32,70.98259
2022-12-09T06:00:00.000000000,79.78,73.81635
2022-12-09T07:00:00.000000000,86.86,76.83276
2022-12-09T08:00:00.000000000,89.67,79.56823
2022-12-09T09:00:00.000000000,86.68,81.78026
2022-12-09T10:00:00.000000000,87.3,83.04522
2022-12-09T11:00:00.000000000,87.39,82.93218
2022-12-09T12:00:00.000000000,87.34,81.23505
2022-12-09T13:00:00.000000000,83.08,78.80739
2022-12-09T14:00:00.000000000,77.25,76.39825
2022-12-09T15:00:00.000000000,70.61,74.85246
2022-12-09T16:00:00.000000000,69.26,74.21697
2022-12-09T17:00:00.000000000,71.28,73.82486
2022-12-09T18:00:00.000000000,72.86,73.68506
2022-12-09T19:00:00.000000000,75.0,73.71746
2022-12-09T20:00:00.000000000,79.26,73.81935
2022-12-09T21:00:00.000000000,83.07,74.11035
2022-12-09T22:00:00.000000000,86.35,73.70226
2022-12-09T23:00:00.000000000,88.11,72.89821
2022-12-07T00:00:00.000000000,72.05,71.61908
2022-12-07T01:00:00.000000000,66.99,70.31505
2022-12-07T02:00:00.000000000,66.32,69.35085
2022-12-07T03:00:00.000000000,67.99,69.42271
2022-12-07T04:00:00.000000000,68.86,71.36547
2022-12-07T05:00:00.000000000,70.85,74.80269
2022-12-07T06:00:00.000000000,74.92,78.63896
2022-12-07T07:00:00.000000000,83.27,81.9403
2022-12-07T08:00:00.000000000,91.48,84.1103
2022-12-07T09:00:00.000000000,95.95,85.70134
2022-12-07T10:00:00.000000000,100.41,86.62148
2022-12-07T11:00:00.000000000,102.91,86.17716
2022-12-07T12:00:00.000000000,96.79,83.46808
2022-12-07T13:00:00.000000000,96.59,79.58565
2022-12-07T14:00:00.000000000,85.99,75.52268
2022-12-07T15:00:00.000000000,77.48,72.91015
2022-12-07T16:00:00.000000000,72.67,71.66715
2022-12-07T17:00:00.000000000,76.69,71.08681
2022-12-07T18:00:00.000000000,77.14,71.16959
2022-12-07T19:00:00.000000000,79.63,71.69484
2022-12-07T20:00:00.000000000,81.52,72.19717
2022-12-07T21:00:00.000000000,85.89,72.67533
2022-12-07T22:00:00.000000000,87.26,72.64043
2022-12-07T23:00:00.000000000,87.95,72.70888
2022-12-08T00:00:00.000000000,80.08,70.21718
2022-12-08T01:00:00.000000000,74.57,68.13879
2022-12-08T02:00:00.000000000,73.88,66.71399
2022-12-08T03:00:00.000000000,74.14,66.63211
2022-12-08T04:00:00.000000000,73.7,67.95993
2022-12-08T05:00:00.000000000,74.59,70.30865
2022-12-08T06:00:00.000000000,81.35,73.26306
2022-12-08T07:00:00.000000000,91.78,76.37247
2022-12-08T08:00:00.000000000,96.54,79.0619
2022-12-08T09:00:00.000000000,98.22,81.12405
2022-12-08T10:00:00.000000000,99.64,82.164
2022-12-08T11:00:00.000000000,96.88,81.85575
2022-12-08T12:00:00.000000000,93.46,79.94789
2022-12-08T13:00:00.000000000,89.7,77.29079
2022-12-08T14:00:00.000000000,85.98,74.65205
2022-12-08T15:00:00.000000000,75.51,72.93309
2022-12-08T16:00:00.000000000,71.88,72.22032
2022-12-08T17:00:00.000000000,74.66,71.90428
2022-12-08T18:00:00.000000000,75.69,71.99979
2022-12-08T19:00:00.000000000,77.92,72.31528
2022-12-08T20:00:00.000000000,79.94,72.64969
2022-12-08T21:00:00.000000000,81.81,73.04734
2022-12-08T22:00:00.000000000,84.33,72.70402
2022-12-08T23:00:00.000000000,84.35,72.00196
2022-12-09T00:00:00.000000000,76.52,68.08386
2022-12-09T01:00:00.000000000,71.43,66.46995
2022-12-09T02:00:00.000000000,68.2,65.47839
2022-12-09T03:00:00.000000000,70.13,65.54335
2022-12-09T04:00:00.000000000,71.53,66.64852
2022-12-09T05:00:00.000000000,74.32,68.54793
2022-12-09T06:00:00.000000000,79.78,71.00005
2022-12-09T07:00:00.000000000,86.86,73.71059
2022-12-09T08:00:00.000000000,89.67,76.1465
2022-12-09T09:00:00.000000000,86.68,77.95471
2022-12-09T10:00:00.000000000,87.3,78.7829
2022-12-09T11:00:00.000000000,87.39,78.48138
2022-12-09T12:00:00.000000000,87.34,76.91972
2022-12-09T13:00:00.000000000,83.08,74.8043
2022-12-09T14:00:00.000000000,77.25,72.7448
2022-12-09T15:00:00.000000000,70.61,71.36148
2022-12-09T16:00:00.000000000,69.26,70.6364
2022-12-09T17:00:00.000000000,71.28,70.08155
2022-12-09T18:00:00.000000000,72.86,69.85121
2022-12-09T19:00:00.000000000,75.0,69.92856
2022-12-09T20:00:00.000000000,79.26,70.13013
2022-12-09T21:00:00.000000000,83.07,70.36659
2022-12-09T22:00:00.000000000,86.35,69.89534
2022-12-09T23:00:00.000000000,88.11,69.21467
2022-12-10T00:00:00.000000000,77.53,67.32225
2022-12-10T01:00:00.000000000,71.47,66.00197
2022-12-10T02:00:00.000000000,69.74,64.66687
2022-12-10T03:00:00.000000000,71.39,63.95683
2022-12-10T04:00:00.000000000,73.21,64.01484
2022-12-10T05:00:00.000000000,72.48,64.95997
2022-12-10T06:00:00.000000000,76.09,66.61012
2022-12-10T07:00:00.000000000,81.72,68.6615
2022-12-10T08:00:00.000000000,86.77,70.5947
2022-12-10T09:00:00.000000000,86.21,72.16575
2022-12-10T10:00:00.000000000,87.01,73.11804
2022-12-10T11:00:00.000000000,87.68,73.37291
2022-12-10T12:00:00.000000000,88.04,72.73934
2022-12-10T13:00:00.000000000,86.6,71.40131
2022-12-10T14:00:00.000000000,84.69,69.62286
2022-12-10T15:00:00.000000000,81.85,68.01233
2022-12-10T16:00:00.000000000,79.95,66.90559
2022-12-10T17:00:00.000000000,78.65,66.18096
2022-12-10T18:00:00.000000000,80.19,66.09309
2022-12-10T19:00:00.000000000,79.32,66.3365
2022-12-10T20:00:00.000000000,80.78,66.69586
2022-12-10T21:00:00.000000000,83.53,67.05628
2022-12-10T22:00:00.000000000,83.55,67.04475
2022-12-10T23:00:00.000000000,85.98,67.10267
2022-12-08T00:00:00.000000000,80.08,83.69434
2022-12-08T01:00:00.000000000,74.57,81.57459
2022-12-08T02:00:00.000000000,73.88,78.82742
2022-12-08T03:00:00.000000000,74.14,76.97533
2022-12-08T04:00:00.000000000,73.7,76.91462
2022-12-08T05:00:00.000000000,74.59,78.3348
2022-12-08T06:00:00.000000000,81.35,80.5686
2022-12-08T07:00:00.000000000,91.78,82.95232
2022-12-08T08:00:00.000000000,96.54,85.14774
2022-12-08T09:00:00.000000000,98.22,87.01095
2022-12-08T10:00:00.000000000,99.64,88.34043
2022-12-08T11:00:00.000000000,96.88,88.65263
2022-12-08T12:00:00.000000000,93.46,87.27381
2022-12-08T13:00:00.000000000,89.7,84.26188
2022-12-08T14:00:00.000000000,85.98,80.08739
2022-12-08T15:00:00.000000000,75.51,76.60126
2022-12-08T16:00:00.000000000,71.88,74.45029
2022-12-08T17:00:00.000000000,74.66,73.82183
2022-12-08T18:00:00.000000000,75.69,74.66638
2022-12-08T19:00:00.000000000,77.92,76.0691
2022-12-08T20:00:00.000000000,79.94,77.42761
2022-12-08T21:00:00.000000000,81.81,78.88963
2022-12-08T22:00:00.000000000,84.33,80.17961
2022-12-08T23:00:00.000000000,84.35,81.53879
2022-12-09T00:00:00.000000000,76.52,74.07649
2022-12-09T01:00:00.000000000,71.43,71.86413
2022-12-09T02:00:00.000000000,68.2,70.3418
2022-12-09T03:00:00.000000000,70.13,70.1486
2022-12-09T04:00:00.000000000,71.53,71.42215
2022-12-09T05:00:00.000000000,74.32,73.66151
2022-12-09T06:00:00.000000000,79.78,76.43249
2022-12-09T07:00:00.000000000,86.86,79.27611
2022-12-09T08:00:00.000000000,89.67,81.74908
2022-12-09T09:00:00.000000000,86.68,83.50226
2022-12-09T10:00:00.000000000,87.3,84.13787
2022-12-09T11:00:00.000000000,87.39,83.44853
2022-12-09T12:00:00.000000000,87.34,81.35492
2022-12-09T13:00:00.000000000,83.08,78.67132
2022-12-09T14:00:00.000000000,77.25,76.03915
2022-12-09T15:00:00.000000000,70.61,74.39698
2022-12-09T16:00:00.000000000,69.26,73.68752
2022-12-09T17:00:00.000000000,71.28,73.40387
2022-12-09T18:00:00.000000000,72.86,73.6234
2022-12-09T19:00:00.000000000,75.0,74.23665
2022-12-09T20:00:00.000000000,79.26,74.86728
2022-12-09T21:00:00.000000000,83.07,75.37714
2022-12-09T22:00:00.000000000,86.35,74.98811
2022-12-09T23:00:00.000000000,88.11,74.26164
2022-12-10T00:00:00.000000000,77.53,70.50265
2022-12-10T01:00:00.000000000,71.47,68.61075
2022-12-10T02:00:00.000000000,69.74,67.18402
2022-12-10T03:00:00.000000000,71.39,66.93675
2022-12-10T04:00:00.000000000,73.21,67.91336
2022-12-10T05:00:00.000000000,72.48,69.77497
2022-12-10T06:00:00.000000000,76.09,72.15421
2022-12-10T07:00:00.000000000,81.72,74.65122
2022-12-10T08:00:00.000000000,86.77,76.83856
2022-12-10T09:00:00.000000000,86.21,78.51167
2022-12-10T10:00:00.000000000,87.01,79.31612
2022-12-10T11:00:00.000000000,87.68,79.02341
2022-12-10T12:00:00.000000000,88.04,77.5037
2022-12-10T13:00:00.000000000,86.6,75.45584
2022-12-10T14:00:00.000000000,84.69,73.51609
2022-12-10T15:00:00.000000000,81.85,72.28576
2022-12-10T16:00:00.000000000,79.95,71.78115
2022-12-10T17:00:00.000000000,78.65,71.53798
2022-12-10T18:00:00.000000000,80.19,71.64348
2022-12-10T19:00:00.000000000,79.32,71.91665
2022-12-10T20:00:00.000000000,80.78,72.20275
2022-12-10T21:00:00.000000000,83.53,72.47195
2022-12-10T22:00:00.000000000,83.55,72.05473
2022-12-10T23:00:00.000000000,85.98,71.45523
2022-12-11T00:00:00.000000000,83.59,68.97043
2022-12-11T01:00:00.000000000,79.58,66.95914
2022-12-11T02:00:00.000000000,76.96,65.62774
2022-12-11T03:00:00.000000000,76.0,65.57259
2022-12-11T04:00:00.000000000,77.65,66.74506
2022-12-11T05:00:00.000000000,80.28,68.76396
2022-12-11T06:00:00.000000000,83.02,71.38343
2022-12-11T07:00:00.000000000,87.32,74.25901
2022-12-11T08:00:00.000000000,91.68,76.90211
2022-12-11T09:00:00.000000000,96.26,79.03835
2022-12-11T10:00:00.000000000,98.0,80.26182
2022-12-11T11:00:00.000000000,99.69,80.21456
2022-12-11T12:00:00.000000000,98.14,78.73864
2022-12-11T13:00:00.000000000,95.93,76.622
2022-12-11T14:00:00.000000000,93.01,74.54912
2022-12-11T15:00:00.000000000,87.41,73.17957
2022-12-11T16:00:00.000000000,84.51,72.57738
2022-12-11T17:00:00.000000000,83.11,72.13656
2022-12-11T18:00:00.000000000,83.0,71.9475
2022-12-11T19:00:00.000000000,84.61,71.94027
2022-12-11T20:00:00.000000000,84.8,72.01758
2022-12-11T21:00:00.000000000,85.64,72.22477
2022-12-11T22:00:00.000000000,88.08,71.74626
2022-12-11T23:00:00.000000000,88.26,70.9304
2022-12-09T00:00:00.000000000,76.52,78.66241
2022-12-09T01:00:00.000000000,71.43,77.27461
2022-12-09T02:00:00.000000000,68.2,75.53991
2022-12-09T03:00:00.000000000,70.13,74.51795
2022-12-09T04:00:00.000000000,71.53,74.91363
2022-12-09T05:00:00.000000000,74.32,76.44534
2022-12-09T06:00:00.000000000,79.78,78.43382
2022-12-09T07:00:00.000000000,86.86,80.30579
2022-12-09T08:00:00.000000000,89.67,81.80176
2022-12-09T09:00:00.000000000,86.68,82.81429
2022-12-09T10:00:00.000000000,87.3,83.27017
2022-12-09T11:00:00.000000000,87.39,82.85425
2022-12-09T12:00:00.000000000,87.34,81.06576
2022-12-09T13:00:00.000000000,83.08,78.18992
2022-12-09T14:00:00.000000000,77.25,74.71837
2022-12-09T15:00:00.000000000,70.61,72.0262
2022-12-09T16:00:00.000000000,69.26,70.44776
2022-12-09T17:00:00.000000000,71.28,70.01723
2022-12-09T18:00:00.000000000,72.86,70.75743
2022-12-09T19:00:00.000000000,75.0,72.00569
2022-12-09T20:00:00.000000000,79.26,73.18271
2022-12-09T21:00:00.000000000,83.07,74.34472
2022-12-09T22:00:00.000000000,86.35,75.30466
2022-12-09T23:00:00.000000000,88.11,76.48908
2022-12-10T00:00:00.000000000,77.53,72.07764
2022-12-10T01:00:00.000000000,71.47,70.09154
2022-12-10T02:00:00.000000000,69.74,68.57997
2022-12-10T03:00:00.000000000,71.39,68.28218
2022-12-10T04:00:00.000000000,73.21,69.28201
2022-12-10T05:00:00.000000000,72.48,71.15659
2022-12-10T06:00:00.000000000,76.09,73.53036
2022-12-10T07:00:00.000000000,81.72,76.06263
2022-12-10T08:00:00.000000000,86.77,78.38847
2022-12-10T09:00:00.000000000,86.21,80.19235
2022-12-10T10:00:00.000000000,87.01,81.09837
2022-12-10T11:00:00.000000000,87.68,80.83138
2022-12-10T12:00:00.000000000,88.04,79.21081
2022-12-10T13:00:00.000000000,86.6,76.91831
2022-12-10T14:00:00.000000000,84.69,74.57606
2022-12-10T15:00:00.000000000,81.85,72.98739
2022-12-10T16:00:00.000000000,79.95,72.20408
2022-12-10T17:00:00.000000000,78.65,71.81296
2022-12-10T18:00:00.000000000,80.19,71.87518
2022-12-10T19:00:00.000000000,79.32,72.22999
2022-12-10T20:00:00.000000000,80.78,72.68816
2022-12-10T21:00:00.000000000,83.53,73.20254
2022-12-10T22:00:00.000000000,83.55,73.05812
2022-12-10T23:00:00.000000000,85.98,72.66725
2022-12-11T00:00:00.000000000,83.59,70.01421
2022-12-11T01:00:00.000000000,79.58,68.02301
2022-12-11T02:00:00.000000000,76.96,66.73105
2022-12-11T03:00:00.000000000,76.0,66.76625
2022-12-11T04:00:00.000000000,77.65,68.09768
2022-12-11T05:00:00.000000000,80.28,70.30408
2022-12-11T06:00:00.000000000,83.02,73.08819
2022-12-11T07:00:00.000000000,87.32,76.07792
2022-12-11T08:00:00.000000000,91.68,78.78218
2022-12-11T09:00:00.000000000,96.26,80.98526
2022-12-11T10:00:00.000000000,98.0,82.2724
2022-12-11T11:00:00.000000000,99.69,82.24294
2022-12-11T12:00:00.000000000,98.14,80.70766
2022-12-11T13:00:00.000000000,95.93,78.47901
2022-12-11T14:00:00.000000000,93.01,76.24004
2022-12-11T15:00:00.000000000,87.41,74.72798
2022-12-11T16:00:00.000000000,84.51,73.99122
2022-12-11T17:00:00.000000000,83.11,73.43539
2022-12-11T18:00:00.000000000,83.0,73.1438
2022-12-11T19:00:00.000000000,84.61,73.04753
2022-12-11T20:00:00.000000000,84.8,73.03151
2022-12-11T21:00:00.000000000,85.64,73.18367
2022-12-11T22:00:00.000000000,88.08,72.67124
2022-12-11T23:00:00.000000000,88.26,71.87796
2022-12-12T00:00:00.000000000,84.4,69.81371
2022-12-12T01:00:00.000000000,79.42,67.72607
2022-12-12T02:00:00.000000000,76.82,66.3031
2022-12-12T03:00:00.000000000,76.96,66.19297
2022-12-12T04:00:00.000000000,78.26,67.36897
2022-12-12T05:00:00.000000000,80.12,69.44032
2022-12-12T06:00:00.000000000,82.6,72.1343
2022-12-12T07:00:00.000000000,87.08,75.0875
2022-12-12T08:00:00.000000000,89.58,77.79771
2022-12-12T09:00:00.000000000,91.43,79.99681
2022-12-12T10:00:00.000000000,93.47,81.26239
2022-12-12T11:00:00.000000000,93.28,81.21934
2022-12-12T12:00:00.000000000,93.35,79.69363
2022-12-12T13:00:00.000000000,90.07,77.48142
2022-12-12T14:00:00.000000000,84.06,75.27845
2022-12-12T15:00:00.000000000,79.32,73.80189
2022-12-12T16:00:00.000000000,76.72,73.13732
2022-12-12T17:00:00.000000000,76.46,72.69134
2022-12-12T18:00:00.000000000,79.02,72.5431
2022-12-12T19:00:00.000000000,83.39,72.58918
2022-12-12T20:00:00.000000000,86.57,72.71287
2022-12-12T21:00:00.000000000,89.85,72.96879
2022-12-12T22:00:00.000000000,91.21,72.52791
2022-12-12T23:00:00.000000000,90.79,71.7341
2022-12-10T00:00:00.000000000,77.53,82.83324
2022-12-10T01:00:00.000000000,71.47,80.56703
2022-12-10T02:00:00.000000000,69.74,77.74277
2022-12-10T03:00:00.000000000,71.39,75.74192
2022-12-10T04:00:00.000000000,73.21,75.251
2022-12-10T05:00:00.000000000,72.48,75.96692
2022-12-10T06:00:00.000000000,76.09,77.35738
2022-12-10T07:00:00.000000000,81.72,79.07312
2022-12-10T08:00:00.000000000,86.77,80.98803
2022-12-10T09:00:00.000000000,86.21,82.63092
2022-12-10T10:00:00.000000000,87.01,83.74016
2022-12-10T11:00:00.000000000,87.68,83.93714
2022-12-10T12:00:00.000000000,88.04,82.71994
2022-12-10T13:00:00.000000000,86.6,80.17606
2022-12-10T14:00:00.000000000,84.69,76.72713
2022-12-10T15:00:00.000000000,81.85,73.82557
2022-12-10T16:00:00.000000000,79.95,72.00927
2022-12-10T17:00:00.000000000,78.65,71.49979
2022-12-10T18:00:00.000000000,80.19,72.31205
2022-12-10T19:00:00.000000000,79.32,73.75948
2022-12-10T20:00:00.000000000,80.78,75.39586
2022-12-10T21:00:00.000000000,83.53,77.13284
2022-12-10T22:00:00.000000000,83.55,78.62201
2022-12-10T23:00:00.000000000,85.98,79.97941
2022-12-11T00:00:00.000000000,83.59,75.331
2022-12-11T01:00:00.000000000,79.58,72.76284
2022-12-11T02:00:00.000000000,76.96,70.8704
2022-12-11T03:00:00.000000000,76.0,70.40455
2022-12-11T04:00:00.000000000,77.65,71.56292
2022-12-11T05:00:00.000000000,80.28,73.84278
2022-12-11T06:00:00.000000000,83.02,76.75791
2022-12-11T07:00:00.000000000,87.32,79.7702
2022-12-11T08:00:00.000000000,91.68,82.43809
2022-12-11T09:00:00.000000000,96.26,84.42647
2022-12-11T10:00:00.000000000,98.0,85.28148
2022-12-11T11:00:00.000000000,99.69,84.75621
2022-12-11T12:00:00.000000000,98.14,82.80563
2022-12-11T13:00:00.000000000,95.93,80.21815
2022-12-11T14:00:00.000000000,93.01,77.57058
2022-12-11T15:00:00.000000000,87.41,75.8564
2022-12-11T16:00:00.000000000,84.51,75.12228
2022-12-11T17:00:00.000000000,83.11,74.90568
2022-12-11T18:00:00.000000000,83.0,75.28499
2022-12-11T19:00:00.000000000,84.61,76.03355
2022-12-11T20:00:00.000000000,84.8,76.73429
2022-12-11T21:00:00.000000000,85.64,77.21166
2022-12-11T22:00:00.000000000,88.08,76.6949
2022-12-11T23:00:00.000000000,88.26,75.78732
2022-12-12T00:00:00.000000000,84.4,72.09365
2022-12-12T01:00:00.000000000,79.42,69.72068
2022-12-12T02:00:00.000000000,76.82,68.03876
2022-12-12T03:00:00.000000000,76.96,67.83566
2022-12-12T04:00:00.000000000,78.26,69.1291
2022-12-12T05:00:00.000000000,80.12,71.39745
2022-12-12T06:00:00.000000000,82.6,74.27181
2022-12-12T07:00:00.000000000,87.08,77.33121
2022-12-12T08:00:00.000000000,89.58,80.09895
2022-12-12T09:00:00.000000000,91.43,82.28584
2022-12-12T10:00:00.000000000,93.47,83.45293
2022-12-12T11:00:00.000000000,93.28,83.20853
2022-12-12T12:00:00.000000000,93.35,81.33662
2022-12-12T13:00:00.000000000,90.07,78.68033
2022-12-12T14:00:00.000000000,84.06,76.02607
2022-12-12T15:00:00.000000000,79.32,74.3275
2022-12-12T16:00:00.000000000,76.72,73.66279
2022-12-12T17:00:00.000000000,76.46,73.39512
2022-12-12T18:00:00.000000000,79.02,73.49875
2022-12-12T19:00:00.000000000,83.39,73.81428
2022-12-12T20:00:00.000000000,86.57,74.17699
2022-12-12T21:00:00.000000000,89.85,74.66567
2022-12-12T22:00:00.000000000,91.21,74.39447
2022-12-12T23:00:00.000000000,90.79,73.65994
2022-12-13T00:00:00.000000000,86.77,71.09301
2022-12-13T01:00:00.000000000,77.19,68.83768
2022-12-13T02:00:00.000000000,72.85,67.29957
2022-12-13T03:00:00.000000000,73.1,67.20833
2022-12-13T04:00:00.000000000,73.57,68.58652
2022-12-13T05:00:00.000000000,77.54,70.96937
2022-12-13T06:00:00.000000000,79.11,74.02359
2022-12-13T07:00:00.000000000,84.35,77.31061
2022-12-13T08:00:00.000000000,89.08,80.2584
2022-12-13T09:00:00.000000000,92.75,82.61905
2022-12-13T10:00:00.000000000,93.97,83.94834
2022-12-13T11:00:00.000000000,92.21,83.83279
2022-12-13T12:00:00.000000000,90.63,82.03276
2022-12-13T13:00:00.000000000,86.14,79.41602
2022-12-13T14:00:00.000000000,78.92,76.75628
2022-12-13T15:00:00.000000000,73.61,74.98234
2022-12-13T16:00:00.000000000,71.04,74.22521
2022-12-13T17:00:00.000000000,72.19,73.83072
2022-12-13T18:00:00.000000000,74.97,73.80474
2022-12-13T19:00:00.000000000,77.08,73.97717
2022-12-13T20:00:00.000000000,81.73,74.19668
2022-12-13T21:00:00.000000000,82.68,74.56371
2022-12-13T22:00:00.000000000,84.58,74.18471
2022-12-13T23:00:00.000000000,85.62,73.36381
2022-12-11T00:00:00.000000000,83.59,80.78604
2022-12-11T01:00:00.000000000,79.58,78.41447
2022-12-11T02:00:00.000000000,76.96,76.23027
2022-12-11T03:00:00.000000000,76.0,75.37966
2022-12-11T04:00:00.000000000,77.65,76.12995
2022-12-11T05:00:00.000000000,80.28,77.80353
2022-12-11T06:00:00.000000000,83.02,80.09191
2022-12-11T07:00:00.000000000,87.32,82.59775
2022-12-11T08:00:00.000000000,91.68,85.1146
2022-12-11T09:00:00.000000000,96.26,87.40713
2022-12-11T10:00:00.000000000,98.0,89.10158
2022-12-11T11:00:00.000000000,99.69,89.54925
2022-12-11T12:00:00.000000000,98.14,88.41679
2022-12-11T13:00:00.000000000,95.93,86.17936
2022-12-11T14:00:00.000000000,93.01,83.3703
2022-12-11T15:00:00.000000000,87.41,81.1973
2022-12-11T16:00:00.000000000,84.51,79.88764
2022-12-11T17:00:00.000000000,83.11,79.14225
2022-12-11T18:00:00.000000000,83.0,78.97537
2022-12-11T19:00:00.000000000,84.61,79.14252
2022-12-11T20:00:00.000000000,84.8,79.45634
2022-12-11T21:00:00.000000000,85.64,80.12983
2022-12-11T22:00:00.000000000,88.08,80.41238
2022-12-11T23:00:00.000000000,88.26,80.51354
2022-12-12T00:00:00.000000000,84.4,75.89716
2022-12-12T01:00:00.000000000,79.42,73.35529
2022-12-12T02:00:00.000000000,76.82,71.61673
2022-12-12T03:00:00.000000000,76.96,71.45803
2022-12-12T04:00:00.000000000,78.26,72.95236
2022-12-12T05:00:00.000000000,80.12,75.40309
2022-12-12T06:00:00.000000000,82.6,78.39845
2022-12-12T07:00:00.000000000,87.08,81.4401
2022-12-12T08:00:00.000000000,89.58,84.15911
2022-12-12T09:00:00.000000000,91.43,86.318
2022-12-12T10:00:00.000000000,93.47,87.46889
2022-12-12T11:00:00.000000000,93.28,87.15622
2022-12-12T12:00:00.000000000,93.35,85.24415
2022-12-12T13:00:00.000000000,90.07,82.64281
2022-12-12T14:00:00.000000000,84.06,80.06238
2022-12-12T15:00:00.000000000,79.32,78.51573
2022-12-12T16:00:00.000000000,76.72,77.95892
2022-12-12T17:00:00.000000000,76.46,77.72658
2022-12-12T18:00:00.000000000,79.02,77.80107
2022-12-12T19:00:00.000000000,83.39,78.10564
2022-12-12T20:00:00.000000000,86.57,78.40214
2022-12-12T21:00:00.000000000,89.85,78.73859
2022-12-12T22:00:00.000000000,91.21,78.18908
2022-12-12T23:00:00.000000000,90.79,77.21788
2022-12-13T00:00:00.000000000,86.77,74.37261
2022-12-13T01:00:00.000000000,77.19,72.02646
2022-12-13T02:00:00.000000000,72.85,70.37693
2022-12-13T03:00:00.000000000,73.1,70.24795
2022-12-13T04:00:00.000000000,73.57,71.75122
2022-12-13T05:00:00.000000000,77.54,74.28312
2022-12-13T06:00:00.000000000,79.11,77.49518
2022-12-13T07:00:00.000000000,84.35,80.91412
2022-12-13T08:00:00.000000000,89.08,83.9966
2022-12-13T09:00:00.000000000,92.75,86.52095
2022-12-13T10:00:00.000000000,93.97,88.00732
2022-12-13T11:00:00.000000000,92.21,87.94202
2022-12-13T12:00:00.000000000,90.63,86.06924
2022-12-13T13:00:00.000000000,86.14,83.26874
2022-12-13T14:00:00.000000000,78.92,80.32005
2022-12-13T15:00:00.000000000,73.61,78.3035
2022-12-13T16:00:00.000000000,71.04,77.35165
2022-12-13T17:00:00.000000000,72.19,76.85096
2022-12-13T18:00:00.000000000,74.97,76.79668
2022-12-13T19:00:00.000000000,77.08,77.00223
2022-12-13T20:00:00.000000000,81.73,77.24791
2022-12-13T21:00:00.000000000,82.68,77.66509
2022-12-13T22:00:00.000000000,84.58,77.32915
2022-12-13T23:00:00.000000000,85.62,76.57433
2022-12-14T00:00:00.000000000,82.49,73.05705
2022-12-14T01:00:00.000000000,73.57,70.67369
2022-12-14T02:00:00.000000000,71.7,68.92366
2022-12-14T03:00:00.000000000,72.06,68.65918
2022-12-14T04:00:00.000000000,75.86,69.99073
2022-12-14T05:00:00.000000000,77.8,72.40703
2022-12-14T06:00:00.000000000,80.02,75.54043
2022-12-14T07:00:00.000000000,83.83,78.9156
2022-12-14T08:00:00.000000000,87.3,81.95765
2022-12-14T09:00:00.000000000,90.36,84.4168
2022-12-14T10:00:00.000000000,91.0,85.83349
2022-12-14T11:00:00.000000000,90.4,85.75557
2022-12-14T12:00:00.000000000,89.22,83.8984
2022-12-14T13:00:00.000000000,85.34,81.09732
2022-12-14T14:00:00.000000000,79.07,78.14961
2022-12-14T15:00:00.000000000,71.05,76.13064
2022-12-14T16:00:00.000000000,69.89,75.2335
2022-12-14T17:00:00.000000000,71.11,74.84662
2022-12-14T18:00:00.000000000,72.8,74.94412
2022-12-14T19:00:00.000000000,77.52,75.27186
2022-12-14T20:00:00.000000000,80.4,75.62972
2022-12-14T21:00:00.000000000,81.76,76.13438
2022-12-14T22:00:00.000000000,83.28,75.8982
2022-12-14T23:00:00.000000000,87.99,75.19902
2022-12-12T00:00:00.000000000,84.4,84.80451
2022-12-12T01:00:00.000000000,79.42,82.70865
2022-12-12T02:00:00.000000000,76.82,81.00859
2022-12-12T03:00:00.000000000,76.96,80.5149
2022-12-12T04:00:00.000000000,78.26,81.55073
2022-12-12T05:00:00.000000000,80.12,83.57552
2022-12-12T06:00:00.000000000,82.6,86.27413
2022-12-12T07:00:00.000000000,87.08,89.02539
2022-12-12T08:00:00.000000000,89.58,91.39065
2022-12-12T09:00:00.000000000,91.43,93.17316
2022-12-12T10:00:00.000000000,93.47,93.99391
2022-12-12T11:00:00.000000000,93.28,93.51764
2022-12-12T12:00:00.000000000,93.35,91.72872
2022-12-12T13:00:00.000000000,90.07,89.30462
2022-12-12T14:00:00.000000000,84.06,86.63421
2022-12-12T15:00:00.000000000,79.32,84.77394
2022-12-12T16:00:00.000000000,76.72,83.73438
2022-12-12T17:00:00.000000000,76.46,83.06141
2022-12-12T18:00:00.000000000,79.02,83.06675
2022-12-12T19:00:00.000000000,83.39,83.6027
2022-12-12T20:00:00.000000000,86.57,84.11762
2022-12-12T21:00:00.000000000,89.85,84.56109
2022-12-12T22:00:00.000000000,91.21,84.17788
2022-12-12T23:00:00.000000000,90.79,83.65669
2022-12-13T00:00:00.000000000,86.77,81.79237
2022-12-13T01:00:00.000000000,77.19,79.90718
2022-12-13T02:00:00.000000000,72.85,78.84715
2022-12-13T03:00:00.000000000,73.1,79.15905
2022-12-13T04:00:00.000000000,73.57,80.96152
2022-12-13T05:00:00.000000000,77.54,83.60892
2022-12-13T06:00:00.000000000,79.11,86.73331
2022-12-13T07:00:00.000000000,84.35,89.71989
2022-12-13T08:00:00.000000000,89.08,92.09158
2022-12-13T09:00:00.000000000,92.75,93.76859
2022-12-13T10:00:00.000000000,93.97,94.40209
2022-12-13T11:00:00.000000000,92.21,93.75225
2022-12-13T12:00:00.000000000,90.63,91.72891
2022-12-13T13:00:00.000000000,86.14,89.20784
2022-12-13T14:00:00.000000000,78.92,86.69737
2022-12-13T15:00:00.000000000,73.61,85.25015
2022-12-13T16:00:00.000000000,71.04,84.71817
2022-12-13T17:00:00.000000000,72.19,84.28146
2022-12-13T18:00:00.000000000,74.97,84.08467
2022-12-13T19:00:00.000000000,77.08,84.13017
2022-12-13T20:00:00.000000000,81.73,84.09952
2022-12-13T21:00:00.000000000,82.68,84.07143
2022-12-13T22:00:00.000000000,84.58,83.15243
2022-12-13T23:00:00.000000000,85.62,82.06307
2022-12-14T00:00:00.000000000,82.49,79.05058
2022-12-14T01:00:00.000000000,73.57,77.02123
2022-12-14T02:00:00.000000000,71.7,75.9382
2022-12-14T03:00:00.000000000,72.06,76.33786
2022-12-14T04:00:00.000000000,75.86,78.33202
2022-12-14T05:00:00.000000000,77.8,81.19569
2022-12-14T06:00:00.000000000,80.02,84.50418
2022-12-14T07:00:00.000000000,83.83,87.67978
2022-12-14T08:00:00.000000000,87.3,90.2245
2022-12-14T09:00:00.000000000,90.36,92.06455
2022-12-14T10:00:00.000000000,91.0,92.83013
2022-12-14T11:00:00.000000000,90.4,92.2289
2022-12-14T12:00:00.000000000,89.22,90.1437
2022-12-14T13:00:00.000000000,85.34,87.53549
2022-12-14T14:00:00.000000000,79.07,84.99592
2022-12-14T15:00:00.000000000,71.05,83.56126
2022-12-14T16:00:00.000000000,69.89,83.10936
2022-12-14T17:00:00.000000000,71.11,82.8308
2022-12-14T18:00:00.000000000,72.8,82.76046
2022-12-14T19:00:00.000000000,77.52,82.85549
2022-12-14T20:00:00.000000000,80.4,82.79534
2022-12-14T21:00:00.000000000,81.76,82.7102
2022-12-14T22:00:00.000000000,83.28,81.73084
2022-12-14T23:00:00.000000000,87.99,80.52673
2022-12-15T00:00:00.000000000,79.44,76.38945
2022-12-15T01:00:00.000000000,69.5,74.31399
2022-12-15T02:00:00.000000000,67.3,73.11122
2022-12-15T03:00:00.000000000,69.08,73.41012
2022-12-15T04:00:00.000000000,67.56,75.32744
2022-12-15T05:00:00.000000000,68.3,78.09268
2022-12-15T06:00:00.000000000,72.67,81.34413
2022-12-15T07:00:00.000000000,78.13,84.61913
2022-12-15T08:00:00.000000000,83.03,87.45345
2022-12-15T09:00:00.000000000,86.64,89.72657
2022-12-15T10:00:00.000000000,87.47,90.98289
2022-12-15T11:00:00.000000000,86.07,90.69828
2022-12-15T12:00:00.000000000,85.02,88.6939
2022-12-15T13:00:00.000000000,81.57,85.97051
2022-12-15T14:00:00.000000000,78.07,83.24091
2022-12-15T15:00:00.000000000,71.72,81.49093
2022-12-15T16:00:00.000000000,70.34,80.67914
2022-12-15T17:00:00.000000000,70.89,80.15949
2022-12-15T18:00:00.000000000,73.49,79.95232
2022-12-15T19:00:00.000000000,77.37,80.00455
2022-12-15T20:00:00.000000000,81.2,80.04401
2022-12-15T21:00:00.000000000,83.44,80.21389
2022-12-15T22:00:00.000000000,86.6,79.60132
2022-12-15T23:00:00.000000000,86.61,78.71714
2022-12-13T00:00:00.000000000,86.77,88.17308
2022-12-13T01:00:00.000000000,77.19,85.47083
2022-12-13T02:00:00.000000000,72.85,82.82511
2022-12-13T03:00:00.000000000,73.1,81.31122
2022-12-13T04:00:00.000000000,73.57,81.58303
2022-12-13T05:00:00.000000000,77.54,83.24417
2022-12-13T06:00:00.000000000,79.11,85.82576
2022-12-13T07:00:00.000000000,84.35,88.61963
2022-12-13T08:00:00.000000000,89.08,91.1573
2022-12-13T09:00:00.000000000,92.75,93.05622
2022-12-13T10:00:00.000000000,93.97,93.9025
2022-12-13T11:00:00.000000000,92.21,93.45156
2022-12-13T12:00:00.000000000,90.63,91.53567
2022-12-13T13:00:00.000000000,86.14,88.62479
2022-12-13T14:00:00.000000000,78.92,85.13422
2022-12-13T15:00:00.000000000,73.61,82.56581
2022-12-13T16:00:00.000000000,71.04,81.1929
2022-12-13T17:00:00.000000000,72.19,80.79557
2022-12-13T18:00:00.000000000,74.97,81.609
2022-12-13T19:00:00.000000000,77.08,83.14265
2022-12-13T20:00:00.000000000,81.73,84.63446
2022-12-13T21:00:00.000000000,82.68,85.86628
2022-12-13T22:00:00.000000000,84.58,86.15258
2022-12-13T23:00:00.000000000,85.62,86.06644
2022-12-14T00:00:00.000000000,82.49,84.5269
2022-12-14T01:00:00.000000000,73.57,82.3186
2022-12-14T02:00:00.000000000,71.7,80.43765
2022-12-14T03:00:00.000000000,72.06,79.67034
2022-12-14T04:00:00.000000000,75.86,80.34703
2022-12-14T05:00:00.000000000,77.8,82.19075
2022-12-14T06:00:00.000000000,80.02,84.83029
2022-12-14T07:00:00.000000000,83.83,87.5953
2022-12-14T08:00:00.000000000,87.3,89.94038
2022-12-14T09:00:00.000000000,90.36,91.68304
2022-12-14T10:00:00.000000000,91.0,92.38609
2022-12-14T11:00:00.000000000,90.4,91.85993
2022-12-14T12:00:00.000000000,89.22,89.95685
2022-12-14T13:00:00.000000000,85.34,87.38274
2022-12-14T14:00:00.000000000,79.07,84.61848
2022-12-14T15:00:00.000000000,71.05,82.80458
2022-12-14T16:00:00.000000000,69.89,81.96878
2022-12-14T17:00:00.000000000,71.11,81.54585
2022-12-14T18:00:00.000000000,72.8,81.83224
2022-12-14T19:00:00.000000000,77.52,82.62274
2022-12-14T20:00:00.000000000,80.4,83.45697
2022-12-14T21:00:00.000000000,81.76,84.1984
2022-12-14T22:00:00.000000000,83.28,83.9731
2022-12-14T23:00:00.000000000,87.99,83.41123
2022-12-15T00:00:00.000000000,79.44,79.13406
2022-12-15T01:00:00.000000000,69.5,76.55437
2022-12-15T02:00:00.000000000,67.3,74.75421
2022-12-15T03:00:00.000000000,69.08,74.48802
2022-12-15T04:00:00.000000000,67.56,75.9698
2022-12-15T05:00:00.000000000,68.3,78.5681
2022-12-15T06:00:00.000000000,72.67,81.79306
2022-12-15T07:00:00.000000000,78.13,84.98916
2022-12-15T08:00:00.000000000,83.03,87.64853
2022-12-15T09:00:00.000000000,86.64,89.60993
2022-12-15T10:00:00.000000000,87.47,90.44823
2022-12-15T11:00:00.000000000,86.07,89.85986
2022-12-15T12:00:00.000000000,85.02,87.74417
2022-12-15T13:00:00.000000000,81.57,85.00739
2022-12-15T14:00:00.000000000,78.07,82.28824
2022-12-15T15:00:00.000000000,71.72,80.71204
2022-12-15T16:00:00.000000000,70.34,80.26357
2022-12-15T17:00:00.000000000,70.89,80.23906
2022-12-15T18:00:00.000000000,73.49,80.6505
2022-12-15T19:00:00.000000000,77.37,81.2951
2022-12-15T20:00:00.000000000,81.2,81.76175
2022-12-15T21:00:00.000000000,83.44,82.05248
2022-12-15T22:00:00.000000000,86.6,81.31551
2022-12-15T23:00:00.000000000,86.61,80.17275
2022-12-16T00:00:00.000000000,77.79,76.58386
2022-12-16T01:00:00.000000000,69.99,74.09821
2022-12-16T02:00:00.000000000,68.43,72.32883
2022-12-16T03:00:00.000000000,67.86,72.09157
2022-12-16T04:00:00.000000000,67.64,73.53155
2022-12-16T05:00:00.000000000,70.81,75.98173
2022-12-16T06:00:00.000000000,74.08,79.07878
2022-12-16T07:00:00.000000000,82.85,82.33697
2022-12-16T08:00:00.000000000,84.35,85.27903
2022-12-16T09:00:00.000000000,82.94,87.65746
2022-12-16T10:00:00.000000000,83.38,88.98768
2022-12-16T11:00:00.000000000,83.19,88.76567
2022-12-16T12:00:00.000000000,82.18,86.79433
2022-12-16T13:00:00.000000000,79.67,83.99442
2022-12-16T14:00:00.000000000,74.18,81.14441
2022-12-16T15:00:00.000000000,67.61,79.31156
2022-12-16T16:00:00.000000000,65.93,78.56727
2022-12-16T17:00:00.000000000,68.24,78.29499
2022-12-16T18:00:00.000000000,74.06,78.47379
2022-12-16T19:00:00.000000000,77.42,78.91869
2022-12-16T20:00:00.000000000,78.85,79.35028
2022-12-16T21:00:00.000000000,82.04,79.84845
2022-12-16T22:00:00.000000000,86.84,79.47909
2022-12-16T23:00:00.000000000,86.58,78.64933
2022-12-14T00:00:00.000000000,82.49,82.62472
2022-12-14T01:00:00.000000000,73.57,79.85511
2022-12-14T02:00:00.000000000,71.7,76.76523
2022-12-14T03:00:00.000000000,72.06,74.8084
2022-12-14T04:00:00.000000000,75.86,74.81498
2022-12-14T05:00:00.000000000,77.8,76.56124
2022-12-14T06:00:00.000000000,80.02,79.35407
2022-12-14T07:00:00.000000000,83.83,82.32988
2022-12-14T08:00:00.000000000,87.3,84.90207
2022-12-14T09:00:00.000000000,90.36,86.87379
2022-12-14T10:00:00.000000000,91.0,87.91712
2022-12-14T11:00:00.000000000,90.4,87.58626
2022-12-14T12:00:00.000000000,89.22,85.48414
2022-12-14T13:00:00.000000000,85.34,82.10899
2022-12-14T14:00:00.000000000,79.07,78.11648
2022-12-14T15:00:00.000000000,71.05,75.14063
2022-12-14T16:00:00.000000000,69.89,73.6156
2022-12-14T17:00:00.000000000,71.11,73.44992
2022-12-14T18:00:00.000000000,72.8,74.74484
2022-12-14T19:00:00.000000000,77.52,76.69333
2022-12-14T20:00:00.000000000,80.4,78.53485
2022-12-14T21:00:00.000000000,81.76,80.0844
2022-12-14T22:00:00.000000000,83.28,80.84678
2022-12-14T23:00:00.000000000,87.99,81.25872
2022-12-15T00:00:00.000000000,79.44,77.39413
2022-12-15T01:00:00.000000000,69.5,74.61245
2022-12-15T02:00:00.000000000,67.3,72.28914
2022-12-15T03:00:00.000000000,69.08,71.42003
2022-12-15T04:00:00.000000000,67.56,72.32018
2022-12-15T05:00:00.000000000,68.3,74.5211
2022-12-15T06:00:00.000000000,72.67,77.55364
2022-12-15T07:00:00.000000000,78.13,80.79556
2022-12-15T08:00:00.000000000,83.03,83.70972
2022-12-15T09:00:00.000000000,86.64,85.98133
2022-12-15T10:00:00.000000000,87.47,87.15338
2022-12-15T11:00:00.000000000,86.07,86.82525
2022-12-15T12:00:00.000000000,85.02,84.80139
2022-12-15T13:00:00.000000000,81.57,81.8755
2022-12-15T14:00:00.000000000,78.07,78.78139
2022-12-15T15:00:00.000000000,71.72,76.73224
2022-12-15T16:00:00.000000000,70.34,75.89841
2022-12-15T17:00:00.000000000,70.89,75.79941
2022-12-15T18:00:00.000000000,73.49,76.45486
2022-12-15T19:00:00.000000000,77.37,77.48675
2022-12-15T20:00:00.000000000,81.2,78.46128
2022-12-15T21:00:00.000000000,83.44,79.28466
2022-12-15T22:00:00.000000000,86.6,79.12024
2022-12-15T23:00:00.000000000,86.61,78.4287
2022-12-16T00:00:00.000000000,77.79,75.97519
2022-12-16T01:00:00.000000000,69.99,73.39106
2022-12-16T02:00:00.000000000,68.43,71.35735
2022-12-16T03:00:00.000000000,67.86,70.82985
2022-12-16T04:00:00.000000000,67.64,71.99329
2022-12-16T05:00:00.000000000,70.81,74.29849
2022-12-16T06:00:00.000000000,74.08,77.41487
2022-12-16T07:00:00.000000000,82.85,80.85663
2022-12-16T08:00:00.000000000,84.35,84.04927
2022-12-16T09:00:00.000000000,82.94,86.68537
2022-12-16T10:00:00.000000000,83.38,88.24933
2022-12-16T11:00:00.000000000,83.19,88.25331
2022-12-16T12:00:00.000000000,82.18,86.45039
2022-12-16T13:00:00.000000000,79.67,83.62844
2022-12-16T14:00:00.000000000,74.18,80.5566
2022-12-16T15:00:00.000000000,67.61,78.38934
2022-12-16T16:00:00.000000000,65.93,77.37254
2022-12-16T17:00:00.000000000,68.24,76.98338
2022-12-16T18:00:00.000000000,74.06,77.21381
2022-12-16T19:00:00.000000000,77.42,77.74184
2022-12-16T20:00:00.000000000,78.85,78.28096
2022-12-16T21:00:00.000000000,82.04,78.91419
2022-12-16T22:00:00.000000000,86.84,78.73497
2022-12-16T23:00:00.000000000,86.58,78.05168
2022-12-17T00:00:00.000000000,78.63,74.97569
2022-12-17T01:00:00.000000000,68.97,72.57733
2022-12-17T02:00:00.000000000,66.8,70.86871
2022-12-17T03:00:00.000000000,67.68,70.66108
2022-12-17T04:00:00.000000000,67.94,72.09326
2022-12-17T05:00:00.000000000,69.89,74.57548
2022-12-17T06:00:00.000000000,71.18,77.76345
2022-12-17T07:00:00.000000000,77.38,81.17637
2022-12-17T08:00:00.000000000,79.66,84.26671
2022-12-17T09:00:00.000000000,81.39,86.79666
2022-12-17T10:00:00.000000000,82.64,88.27353
2022-12-17T11:00:00.000000000,83.72,88.18534
2022-12-17T12:00:00.000000000,83.45,86.29544
2022-12-17T13:00:00.000000000,81.64,83.49572
2022-12-17T14:00:00.000000000,80.22,80.55244
2022-12-17T15:00:00.000000000,76.53,78.55131
2022-12-17T16:00:00.000000000,74.95,77.617
2022-12-17T17:00:00.000000000,75.93,77.15161
2022-12-17T18:00:00.000000000,77.83,77.16715
2022-12-17T19:00:00.000000000,79.35,77.47876
2022-12-17T20:00:00.000000000,81.58,77.82854
2022-12-17T21:00:00.000000000,84.63,78.30005
2022-12-17T22:00:00.000000000,85.39,77.95963
2022-12-17T23:00:00.000000000,85.01,77.17521
2022-12-15T00:00:00.000000000,79.44,80.86885
2022-12-15T01:00:00.000000000,69.5,77.83327
2022-12-15T02:00:00.000000000,67.3,74.66665
2022-12-15T03:00:00.000000000,69.08,72.85592
2022-12-15T04:00:00.000000000,67.56,73.00374
2022-12-15T05:00:00.000000000,68.3,74.66585
2022-12-15T06:00:00.000000000,72.67,77.19508
2022-12-15T07:00:00.000000000,78.13,79.97315
2022-12-15T08:00:00.000000000,83.03,82.57292
2022-12-15T09:00:00.000000000,86.64,84.58076
2022-12-15T10:00:00.000000000,87.47,85.63128
2022-12-15T11:00:00.000000000,86.07,85.38302
2022-12-15T12:00:00.000000000,85.02,83.4077
2022-12-15T13:00:00.000000000,81.57,80.03751
2022-12-15T14:00:00.000000000,78.07,75.99736
2022-12-15T15:00:00.000000000,71.72,73.01146
2022-12-15T16:00:00.000000000,70.34,71.61786
2022-12-15T17:00:00.000000000,70.89,71.68816
2022-12-15T18:00:00.000000000,73.49,73.06798
2022-12-15T19:00:00.000000000,77.37,74.89578
2022-12-15T20:00:00.000000000,81.2,76.58574
2022-12-15T21:00:00.000000000,83.44,78.16241
2022-12-15T22:00:00.000000000,86.6,79.10788
2022-12-15T23:00:00.000000000,86.61,79.57264
2022-12-16T00:00:00.000000000,77.79,75.99587
2022-12-16T01:00:00.000000000,69.99,73.1078
2022-12-16T02:00:00.000000000,68.43,70.6763
2022-12-16T03:00:00.000000000,67.86,69.80753
2022-12-16T04:00:00.000000000,67.64,70.699
2022-12-16T05:00:00.000000000,70.81,72.8453
2022-12-16T06:00:00.000000000,74.08,75.86507
2022-12-16T07:00:00.000000000,82.85,79.23398
2022-12-16T08:00:00.000000000,84.35,82.38245
2022-12-16T09:00:00.000000000,82.94,84.90607
2022-12-16T10:00:00.000000000,83.38,86.30755
2022-12-16T11:00:00.000000000,83.19,86.19649
2022-12-16T12:00:00.000000000,82.18,84.32669
2022-12-16T13:00:00.000000000,79.67,81.39084
2022-12-16T14:00:00.000000000,74.18,78.19019
2022-12-16T15:00:00.000000000,67.61,75.97391
2022-12-16T16:00:00.000000000,65.93,75.06273
2022-12-16T17:00:00.000000000,68.24,74.95721
2022-12-16T18:00:00.000000000,74.06,75.57967
2022-12-16T19:00:00.000000000,77.42,76.46463
2022-12-16T20:00:00.000000000,78.85,77.3033
2022-12-16T21:00:00.000000000,82.04,78.15651
2022-12-16T22:00:00.000000000,86.84,78.15236
2022-12-16T23:00:00.000000000,86.58,77.53023
2022-12-17T00:00:00.000000000,78.63,74.22219
2022-12-17T01:00:00.000000000,68.97,71.63824
2022-12-17T02:00:00.000000000,66.8,69.58968
2022-12-17T03:00:00.000000000,67.68,69.0505
2022-12-17T04:00:00.000000000,67.94,70.1682
2022-12-17T05:00:00.000000000,69.89,72.44562
2022-12-17T06:00:00.000000000,71.18,75.51313
2022-12-17T07:00:00.000000000,77.38,78.87759
2022-12-17T08:00:00.000000000,79.66,81.96328
2022-12-17T09:00:00.000000000,81.39,84.46287
2022-12-17T10:00:00.000000000,82.64,85.90239
2022-12-17T11:00:00.000000000,83.72,85.85014
2022-12-17T12:00:00.000000000,83.45,84.0295
2022-12-17T13:00:00.000000000,81.64,81.19944
2022-12-17T14:00:00.000000000,80.22,78.15275
2022-12-17T15:00:00.000000000,76.53,76.03621
2022-12-17T16:00:00.000000000,74.95,75.11156
2022-12-17T17:00:00.000000000,75.93,74.82361
2022-12-17T18:00:00.000000000,77.83,75.12665
2022-12-17T19:00:00.000000000,79.35,75.66811
2022-12-17T20:00:00.000000000,81.58,76.20899
2022-12-17T21:00:00.000000000,84.63,76.85575
2022-12-17T22:00:00.000000000,85.39,76.73567
2022-12-17T23:00:00.000000000,85.01,76.09768
2022-12-18T00:00:00.000000000,76.8,73.6317
2022-12-18T01:00:00.000000000,70.29,71.09383
2022-12-18T02:00:00.000000000,69.39,69.07547
2022-12-18T03:00:00.000000000,69.3,68.50997
2022-12-18T04:00:00.000000000,69.95,69.50296
2022-12-18T05:00:00.000000000,72.52,71.61177
2022-12-18T06:00:00.000000000,76.05,74.51352
2022-12-18T07:00:00.000000000,81.49,77.75683
2022-12-18T08:00:00.000000000,85.0,80.78254
2022-12-18T09:00:00.000000000,84.71,83.24894
2022-12-18T10:00:00.000000000,86.93,84.68041
2022-12-18T11:00:00.000000000,86.54,84.6763
2022-12-18T12:00:00.000000000,85.4,83.01364
2022-12-18T13:00:00.000000000,83.51,80.41708
2022-12-18T14:00:00.000000000,81.54,77.62411
2022-12-18T15:00:00.000000000,82.04,75.65883
2022-12-18T16:00:00.000000000,77.46,74.77591
2022-12-18T17:00:00.000000000,77.12,74.45734
2022-12-18T18:00:00.000000000,79.05,74.70513
2022-12-18T19:00:00.000000000,79.79,75.19225
2022-12-18T20:00:00.000000000,79.39,75.69514
2022-12-18T21:00:00.000000000,77.43,76.285
2022-12-18T22:00:00.000000000,76.21,76.10612
2022-12-18T23:00:00.000000000,75.5,75.43279
2022-12-16T00:00:00.000000000,77.79,82.67767
2022-12-16T01:00:00.000000000,69.99,79.64663
2022-12-16T02:00:00.000000000,68.43,76.20317
2022-12-16T03:00:00.000000000,67.86,73.96048
2022-12-16T04:00:00.000000000,67.64,73.45738
2022-12-16T05:00:00.000000000,70.81,74.49106
2022-12-16T06:00:00.000000000,74.08,76.64805
2022-12-16T07:00:00.000000000,82.85,79.37719
2022-12-16T08:00:00.000000000,84.35,82.15283
2022-12-16T09:00:00.000000000,82.94,84.44582
2022-12-16T10:00:00.000000000,83.38,85.84639
2022-12-16T11:00:00.000000000,83.19,86.07976
2022-12-16T12:00:00.000000000,82.18,84.82095
2022-12-16T13:00:00.000000000,79.67,82.19071
2022-12-16T14:00:00.000000000,74.18,78.68
2022-12-16T15:00:00.000000000,67.61,75.76263
2022-12-16T16:00:00.000000000,65.93,74.17278
2022-12-16T17:00:00.000000000,68.24,73.9748
2022-12-16T18:00:00.000000000,74.06,75.15616
2022-12-16T19:00:00.000000000,77.42,76.79518
2022-12-16T20:00:00.000000000,78.85,78.42539
2022-12-16T21:00:00.000000000,82.04,79.9611
2022-12-16T22:00:00.000000000,86.84,80.88375
2022-12-16T23:00:00.000000000,86.58,81.35933
2022-12-17T00:00:00.000000000,78.63,77.204
2022-12-17T01:00:00.000000000,68.97,74.17104
2022-12-17T02:00:00.000000000,66.8,71.68967
2022-12-17T03:00:00.000000000,67.68,70.76072
2022-12-17T04:00:00.000000000,67.94,71.64764
2022-12-17T05:00:00.000000000,69.89,73.8835
2022-12-17T06:00:00.000000000,71.18,76.99502
2022-12-17T07:00:00.000000000,77.38,80.32405
2022-12-17T08:00:00.000000000,79.66,83.29687
2022-12-17T09:00:00.000000000,81.39,85.56682
2022-12-17T10:00:00.000000000,82.64,86.64522
2022-12-17T11:00:00.000000000,83.72,86.22052
2022-12-17T12:00:00.000000000,83.45,84.19679
2022-12-17T13:00:00.000000000,81.64,81.36523
2022-12-17T14:00:00.000000000,80.22,78.4387
2022-12-17T15:00:00.000000000,76.53,76.57878
2022-12-17T16:00:00.000000000,74.95,75.95457
2022-12-17T17:00:00.000000000,75.93,76.04249
2022-12-17T18:00:00.000000000,77.83,76.85296
2022-12-17T19:00:00.000000000,79.35,77.97058
2022-12-17T20:00:00.000000000,81.58,78.94598
2022-12-17T21:00:00.000000000,84.63,79.65344
2022-12-17T22:00:00.000000000,85.39,79.25151
2022-12-17T23:00:00.000000000,85.01,78.24912
2022-12-18T00:00:00.000000000,76.8,75.34454
2022-12-18T01:00:00.000000000,70.29,72.63282
2022-12-18T02:00:00.000000000,69.39,70.45152
2022-12-18T03:00:00.000000000,69.3,69.82883
2022-12-18T04:00:00.000000000,69.95,70.89141
2022-12-18T05:00:00.000000000,72.52,73.08737
2022-12-18T06:00:00.000000000,76.05,76.07036
2022-12-18T07:00:00.000000000,81.49,79.36182
2022-12-18T08:00:00.000000000,85.0,82.4351
2022-12-18T09:00:00.000000000,84.71,84.93733
2022-12-18T10:00:00.000000000,86.93,86.382
2022-12-18T11:00:00.000000000,86.54,86.33105
2022-12-18T12:00:00.000000000,85.4,84.54008
2022-12-18T13:00:00.000000000,83.51,81.7492
2022-12-18T14:00:00.000000000,81.54,78.75273
2022-12-18T15:00:00.000000000,82.04,76.69278
2022-12-18T16:00:00.000000000,77.46,75.82923
2022-12-18T17:00:00.000000000,77.12,75.60938
2022-12-18T18:00:00.000000000,79.05,75.96661
2022-12-18T19:00:00.000000000,79.79,76.54424
2022-12-18T20:00:00.000000000,79.39,77.11577
2022-12-18T21:00:00.000000000,77.43,77.79922
2022-12-18T22:00:00.000000000,76.21,77.70315
2022-12-18T23:00:00.000000000,75.5,77.05371
2022-12-19T00:00:00.000000000,72.13,74.92433
2022-12-19T01:00:00.000000000,70.32,72.26353
2022-12-19T02:00:00.000000000,70.03,70.15599
2022-12-19T03:00:00.000000000,71.39,69.60265
2022-12-19T04:00:00.000000000,71.78,70.72282
2022-12-19T05:00:00.000000000,73.07,72.96615
2022-12-19T06:00:00.000000000,73.12,75.98665
2022-12-19T07:00:00.000000000,75.6,79.30598
2022-12-19T08:00:00.000000000,79.08,82.38819
2022-12-19T09:00:00.000000000,82.38,84.90533
2022-12-19T10:00:00.000000000,84.68,86.37481
2022-12-19T11:00:00.000000000,85.65,86.34681
2022-12-19T12:00:00.000000000,84.87,84.56489
2022-12-19T13:00:00.000000000,82.41,81.77934
2022-12-19T14:00:00.000000000,76.26,78.77953
2022-12-19T15:00:00.000000000,73.47,76.71077
2022-12-19T16:00:00.000000000,71.11,75.82316
2022-12-19T17:00:00.000000000,70.62,75.55103
2022-12-19T18:00:00.000000000,70.34,75.83312
2022-12-19T19:00:00.000000000,70.51,76.33532
2022-12-19T20:00:00.000000000,73.48,76.84008
2022-12-19T21:00:00.000000000,74.22,77.47857
2022-12-19T22:00:00.000000000,75.12,77.35587
2022-12-19T23:00:00.000000000,75.29,76.69877
2022-12-17T00:00:00.000000000,78.63,81.93501
2022-12-17T01:00:00.000000000,68.97,78.78652
2022-12-17T02:00:00.000000000,66.8,75.38892
2022-12-17T03:00:00.000000000,67.68,73.27977
2022-12-17T04:00:00.000000000,67.94,73.03151
2022-12-17T05:00:00.000000000,69.89,74.28509
2022-12-17T06:00:00.000000000,71.18,76.48124
2022-12-17T07:00:00.000000000,77.38,79.05748
2022-12-17T08:00:00.000000000,79.66,81.60022
2022-12-17T09:00:00.000000000,81.39,83.6672
2022-12-17T10:00:00.000000000,82.64,84.89963
2022-12-17T11:00:00.000000000,83.72,84.91063
2022-12-17T12:00:00.000000000,83.45,83.26115
2022-12-17T13:00:00.000000000,81.64,80.23884
2022-12-17T14:00:00.000000000,80.22,76.53722
2022-12-17T15:00:00.000000000,76.53,73.75786
2022-12-17T16:00:00.000000000,74.95,72.47365
2022-12-17T17:00:00.000000000,75.93,72.56054
2022-12-17T18:00:00.000000000,77.83,73.8979
2022-12-17T19:00:00.000000000,79.35,75.65877
2022-12-17T20:00:00.000000000,81.58,77.37286
2022-12-17T21:00:00.000000000,84.63,79.02324
2022-12-17T22:00:00.000000000,85.39,80.05305
2022-12-17T23:00:00.000000000,85.01,80.54523
2022-12-18T00:00:00.000000000,76.8,76.5191
2022-12-18T01:00:00.000000000,70.29,73.48651
2022-12-18T02:00:00.000000000,69.39,70.98102
2022-12-18T03:00:00.000000000,69.3,70.08864
2022-12-18T04:00:00.000000000,69.95,70.97112
2022-12-18T05:00:00.000000000,72.52,73.06611
2022-12-18T06:00:00.000000000,76.05,75.96121
2022-12-18T07:00:00.000000000,81.49,79.13794
2022-12-18T08:00:00.000000000,85.0,82.11939
2022-12-18T09:00:00.000000000,84.71,84.47549
2022-12-18T10:00:00.000000000,86.93,85.70804
2022-12-18T11:00:00.000000000,86.54,85.46432
2022-12-18T12:00:00.000000000,85.4,83.58143
2022-12-18T13:00:00.000000000,83.51,80.75675
2022-12-18T14:00:00.000000000,81.54,77.75378
2022-12-18T15:00:00.000000000,82.04,75.76891
2022-12-18T16:00:00.000000000,77.46,75.03772
2022-12-18T17:00:00.000000000,77.12,75.05077
2022-12-18T18:00:00.000000000,79.05,75.73247
2022-12-18T19:00:00.000000000,79.79,76.67022
2022-12-18T20:00:00.000000000,79.39,77.54244
2022-12-18T21:00:00.000000000,77.43,78.34998
2022-12-18T22:00:00.000000000,76.21,78.23033
2022-12-18T23:00:00.000000000,75.5,77.48429
2022-12-19T00:00:00.000000000,72.13,75.41388
2022-12-19T01:00:00.000000000,70.32,72.65667
2022-12-19T02:00:00.000000000,70.03,70.40179
2022-12-19T03:00:00.000000000,71.39,69.69831
2022-12-19T04:00:00.000000000,71.78,70.68223
2022-12-19T05:00:00.000000000,73.07,72.82244
2022-12-19T06:00:00.000000000,73.12,75.76281
2022-12-19T07:00:00.000000000,75.6,79.01618
2022-12-19T08:00:00.000000000,79.08,82.05866
2022-12-19T09:00:00.000000000,82.38,84.51887
2022-12-19T10:00:00.000000000,84.68,85.9164
2022-12-19T11:00:00.000000000,85.65,85.83853
2022-12-19T12:00:00.000000000,84.87,84.05201
2022-12-19T13:00:00.000000000,82.41,81.27249
2022-12-19T14:00:00.000000000,76.26,78.28502
2022-12-19T15:00:00.000000000,73.47,76.23546
2022-12-19T16:00:00.000000000,71.11,75.39288
2022-12-19T17:00:00.000000000,70.62,75.22477
2022-12-19T18:00:00.000000000,70.34,75.6643
2022-12-19T19:00:00.000000000,70.51,76.32694
2022-12-19T20:00:00.000000000,73.48,76.96934
2022-12-19T21:00:00.000000000,74.22,77.68907
2022-12-19T22:00:00.000000000,75.12,77.61112
2022-12-19T23:00:00.000000000,75.29,76.97111
2022-12-20T00:00:00.000000000,74.24,74.57975
2022-12-20T01:00:00.000000000,70.49,71.94399
2022-12-20T02:00:00.000000000,69.19,69.85452
2022-12-20T03:00:00.000000000,70.39,69.30398
2022-12-20T04:00:00.000000000,69.96,70.43142
2022-12-20T05:00:00.000000000,72.88,72.70791
2022-12-20T06:00:00.000000000,74.41,75.75735
2022-12-20T07:00:00.000000000,75.18,79.08217
2022-12-20T08:00:00.000000000,81.29,82.13394
2022-12-20T09:00:00.000000000,86.89,84.59897
2022-12-20T10:00:00.000000000,88.68,86.00701
2022-12-20T11:00:00.000000000,88.42,85.92198
2022-12-20T12:00:00.000000000,87.46,84.07241
2022-12-20T13:00:00.000000000,84.07,81.22238
2022-12-20T14:00:00.000000000,78.62,78.1779
2022-12-20T15:00:00.000000000,69.72,76.09691
2022-12-20T16:00:00.000000000,69.26,75.22488
2022-12-20T17:00:00.000000000,69.92,74.99064
2022-12-20T18:00:00.000000000,70.08,75.32842
2022-12-20T19:00:00.000000000,69.86,75.89011
2022-12-20T20:00:00.000000000,69.88,76.44356
2022-12-20T21:00:00.000000000,70.78,77.10604
2022-12-20T22:00:00.000000000,70.69,76.99554
2022-12-20T23:00:00.000000000,71.21,76.3522
2022-12-18T00:00:00.000000000,76.8,81.01769
2022-12-18T01:00:00.000000000,70.29,77.88772
2022-12-18T02:00:00.000000000,69.39,74.83967
2022-12-18T03:00:00.000000000,69.3,73.25028
2022-12-18T04:00:00.000000000,69.95,73.40283
2022-12-18T05:00:00.000000000,72.52,74.79438
2022-12-18T06:00:00.000000000,76.05,77.10252
2022-12-18T07:00:00.000000000,81.49,79.8711
2022-12-18T08:00:00.000000000,85.0,82.73024
2022-12-18T09:00:00.000000000,84.71,85.16313
2022-12-18T10:00:00.000000000,86.93,86.70562
2022-12-18T11:00:00.000000000,86.54,86.95289
2022-12-18T12:00:00.000000000,85.4,85.70053
2022-12-18T13:00:00.000000000,83.51,83.31678
2022-12-18T14:00:00.000000000,81.54,80.40136
2022-12-18T15:00:00.000000000,82.04,78.19372
2022-12-18T16:00:00.000000000,77.46,77.11853
2022-12-18T17:00:00.000000000,77.12,76.93736
2022-12-18T18:00:00.000000000,79.05,77.62581
2022-12-18T19:00:00.000000000,79.79,78.62405
2022-12-18T20:00:00.000000000,79.39,79.63429
2022-12-18T21:00:00.000000000,77.43,80.66358
2022-12-18T22:00:00.000000000,76.21,80.96947
2022-12-18T23:00:00.000000000,75.5,80.74752
2022-12-19T00:00:00.000000000,72.13,77.5083
2022-12-19T01:00:00.000000000,70.32,74.54591
2022-12-19T02:00:00.000000000,70.03,72.22423
2022-12-19T03:00:00.000000000,71.39,71.53509
2022-12-19T04:00:00.000000000,71.78,72.6408
2022-12-19T05:00:00.000000000,73.07,74.90623
2022-12-19T06:00:00.000000000,73.12,77.90342
2022-12-19T07:00:00.000000000,75.6,81.07835
2022-12-19T08:00:00.000000000,79.08,83.98435
2022-12-19T09:00:00.000000000,82.38,86.26446
2022-12-19T10:00:00.000000000,84.68,87.43117
2022-12-19T11:00:00.000000000,85.65,87.09859
2022-12-19T12:00:00.000000000,84.87,85.13787
2022-12-19T13:00:00.000000000,82.41,82.34835
2022-12-19T14:00:00.000000000,76.26,79.48378
2022-12-19T15:00:00.000000000,73.47,77.69616
2022-12-19T16:00:00.000000000,71.11,77.1129
2022-12-19T17:00:00.000000000,70.62,77.15566
2022-12-19T18:00:00.000000000,70.34,77.75636
2022-12-19T19:00:00.000000000,70.51,78.59076
2022-12-19T20:00:00.000000000,73.48,79.32547
2022-12-19T21:00:00.000000000,74.22,79.96712
2022-12-19T22:00:00.000000000,75.12,79.62155
2022-12-19T23:00:00.000000000,75.29,78.69692
2022-12-20T00:00:00.000000000,74.24,75.73511
2022-12-20T01:00:00.000000000,70.49,73.06599
2022-12-20T02:00:00.000000000,69.19,71.03377
2022-12-20T03:00:00.000000000,70.39,70.58986
2022-12-20T04:00:00.000000000,69.96,71.87755
2022-12-20T05:00:00.000000000,72.88,74.26687
2022-12-20T06:00:00.000000000,74.41,77.35052
2022-12-20T07:00:00.000000000,75.18,80.61367
2022-12-20T08:00:00.000000000,81.29,83.57239
2022-12-20T09:00:00.000000000,86.89,85.9314
2022-12-20T10:00:00.000000000,88.68,87.2252
2022-12-20T11:00:00.000000000,88.42,86.98625
2022-12-20T12:00:00.000000000,87.46,84.96459
2022-12-20T13:00:00.000000000,84.07,82.01785
2022-12-20T14:00:00.000000000,78.62,78.99221
2022-12-20T15:00:00.000000000,69.72,77.04644
2022-12-20T16:00:00.000000000,69.26,76.32358
2022-12-20T17:00:00.000000000,69.92,76.19281
2022-12-20T18:00:00.000000000,70.08,76.56544
2022-12-20T19:00:00.000000000,69.86,77.16098
2022-12-20T20:00:00.000000000,69.88,77.73252
2022-12-20T21:00:00.000000000,70.78,78.38686
2022-12-20T22:00:00.000000000,70.69,78.20394
2022-12-20T23:00:00.000000000,71.21,77.47647
2022-12-21T00:00:00.000000000,69.33,72.38723
2022-12-21T01:00:00.000000000,66.96,70.07764
2022-12-21T02:00:00.000000000,66.05,68.63264
2022-12-21T03:00:00.000000000,66.85,68.75994
2022-12-21T04:00:00.000000000,67.7,70.41327
2022-12-21T05:00:00.000000000,70.5,72.91447
2022-12-21T06:00:00.000000000,72.44,75.84965
2022-12-21T07:00:00.000000000,79.59,78.78977
2022-12-21T08:00:00.000000000,84.33,81.35676
2022-12-21T09:00:00.000000000,89.51,83.33938
2022-12-21T10:00:00.000000000,92.43,84.3402
2022-12-21T11:00:00.000000000,91.38,83.91604
2022-12-21T12:00:00.000000000,90.12,81.8566
2022-12-21T13:00:00.000000000,85.73,79.13506
2022-12-21T14:00:00.000000000,78.31,76.59337
2022-12-21T15:00:00.000000000,74.28,75.15454
2022-12-21T16:00:00.000000000,72.8,74.73362
2022-12-21T17:00:00.000000000,71.27,74.55487
2022-12-21T18:00:00.000000000,72.67,74.53696
2022-12-21T19:00:00.000000000,73.68,74.66035
2022-12-21T20:00:00.000000000,75.19,74.81847
2022-12-21T21:00:00.000000000,75.13,75.15302
2022-12-21T22:00:00.000000000,75.49,74.7348
2022-12-21T23:00:00.000000000,75.02,73.88684
2022-12-19T00:00:00.000000000,72.13,75.03238
2022-12-19T01:00:00.000000000,70.32,72.66184
2022-12-19T02:00:00.000000000,70.03,70.63848
2022-12-19T03:00:00.000000000,71.39,69.96382
2022-12-19T04:00:00.000000000,71.78,70.81063
2022-12-19T05:00:00.000000000,73.07,72.76132
2022-12-19T06:00:00.000000000,73.12,75.55837
2022-12-19T07:00:00.000000000,75.6,78.79073
2022-12-19T08:00:00.000000000,79.08,81.88011
2022-12-19T09:00:00.000000000,82.38,84.54227
2022-12-19T10:00:00.000000000,84.68,86.30912
2022-12-19T11:00:00.000000000,85.65,86.70537
2022-12-19T12:00:00.000000000,84.87,85.45104
2022-12-19T13:00:00.000000000,82.41,83.12349
2022-12-19T14:00:00.000000000,76.26,80.33453
2022-12-19T15:00:00.000000000,73.47,78.11775
2022-12-19T16:00:00.000000000,71.11,76.87037
2022-12-19T17:00:00.000000000,70.62,76.2137
2022-12-19T18:00:00.000000000,70.34,76.19803
2022-12-19T19:00:00.000000000,70.51,76.4355
2022-12-19T20:00:00.000000000,73.48,76.72636
2022-12-19T21:00:00.000000000,74.22,77.224
2022-12-19T22:00:00.000000000,75.12,77.16108
2022-12-19T23:00:00.000000000,75.29,76.75678
2022-12-20T00:00:00.000000000,74.24,74.72063
2022-12-20T01:00:00.000000000,70.49,72.19593
2022-12-20T02:00:00.000000000,69.19,70.18794
2022-12-20T03:00:00.000000000,70.39,69.66589
2022-12-20T04:00:00.000000000,69.96,70.7101
2022-12-20T05:00:00.000000000,72.88,72.80298
2022-12-20T06:00:00.000000000,74.41,75.66178
2022-12-20T07:00:00.000000000,75.18,78.85801
2022-12-20T08:00:00.000000000,81.29,81.88734
2022-12-20T09:00:00.000000000,86.89,84.44135
2022-12-20T10:00:00.000000000,88.68,86.04126
2022-12-20T11:00:00.000000000,88.42,86.21696
2022-12-20T12:00:00.000000000,87.46,84.74276
2022-12-20T13:00:00.000000000,84.07,82.29259
2022-12-20T14:00:00.000000000,78.62,79.55181
2022-12-20T15:00:00.000000000,69.72,77.56522
2022-12-20T16:00:00.000000000,69.26,76.58244
2022-12-20T17:00:00.000000000,69.92,76.10274
2022-12-20T18:00:00.000000000,70.08,76.1297
2022-12-20T19:00:00.000000000,69.86,76.37887
2022-12-20T20:00:00.000000000,69.88,76.66385
2022-12-20T21:00:00.000000000,70.78,77.13707
2022-12-20T22:00:00.000000000,70.69,76.93568
2022-12-20T23:00:00.000000000,71.21,76.3099
2022-12-21T00:00:00.000000000,69.33,70.15668
2022-12-21T01:00:00.000000000,66.96,68.41352
2022-12-21T02:00:00.000000000,66.05,67.11446
2022-12-21T03:00:00.000000000,66.85,66.88013
2022-12-21T04:00:00.000000000,67.7,67.78393
2022-12-21T05:00:00.000000000,70.5,69.50841
2022-12-21T06:00:00.000000000,72.44,71.75615
2022-12-21T07:00:00.000000000,79.59,74.20301
2022-12-21T08:00:00.000000000,84.33,76.42238
2022-12-21T09:00:00.000000000,89.51,78.04595
2022-12-21T10:00:00.000000000,92.43,78.74956
2022-12-21T11:00:00.000000000,91.38,78.38574
2022-12-21T12:00:00.000000000,90.12,76.80933
2022-12-21T13:00:00.000000000,85.73,74.60668
2022-12-21T14:00:00.000000000,78.31,72.37746
2022-12-21T15:00:00.000000000,74.28,70.87021
2022-12-21T16:00:00.000000000,72.8,70.11441
2022-12-21T17:00:00.000000000,71.27,69.70805
2022-12-21T18:00:00.000000000,72.67,69.74755
2022-12-21T19:00:00.000000000,73.68,70.10529
2022-12-21T20:00:00.000000000,75.19,70.54426
2022-12-21T21:00:00.000000000,75.13,70.9898
2022-12-21T22:00:00.000000000,75.49,70.79164
2022-12-21T23:00:00.000000000,75.02,70.40473
2022-12-22T00:00:00.000000000,72.11,71.06445
2022-12-22T01:00:00.000000000,68.41,68.85264
2022-12-22T02:00:00.000000000,68.79,66.97617
2022-12-22T03:00:00.000000000,68.29,66.26972
2022-12-22T04:00:00.000000000,68.46,66.81797
2022-12-22T05:00:00.000000000,69.36,68.33147
2022-12-22T06:00:00.000000000,71.99,70.59689
2022-12-22T07:00:00.000000000,76.58,73.25233
2022-12-22T08:00:00.000000000,81.84,75.83706
2022-12-22T09:00:00.000000000,83.14,77.99501
2022-12-22T10:00:00.000000000,81.42,79.33806
2022-12-22T11:00:00.000000000,81.37,79.55208
2022-12-22T12:00:00.000000000,81.21,78.50874
2022-12-22T13:00:00.000000000,76.45,76.72401
2022-12-22T14:00:00.000000000,71.6,74.75405
2022-12-22T15:00:00.000000000,67.25,73.28435
2022-12-22T16:00:00.000000000,65.58,72.55305
2022-12-22T17:00:00.000000000,65.38,72.16505
2022-12-22T18:00:00.000000000,65.45,72.26169
2022-12-22T19:00:00.000000000,65.64,72.56604
2022-12-22T20:00:00.000000000,67.1,72.9119
2022-12-22T21:00:00.000000000,68.37,73.26958
2022-12-22T22:00:00.000000000,68.83,72.97513
2022-12-22T23:00:00.000000000,69.09,72.37323
2022-12-20T00:00:00.000000000,74.24,74.64267
2022-12-20T01:00:00.000000000,70.49,72.49444
2022-12-20T02:00:00.000000000,69.19,70.95675
2022-12-20T03:00:00.000000000,70.39,70.63833
2022-12-20T04:00:00.000000000,69.96,71.78309
2022-12-20T05:00:00.000000000,72.88,74.07426
2022-12-20T06:00:00.000000000,74.41,77.1129
2022-12-20T07:00:00.000000000,75.18,80.31142
2022-12-20T08:00:00.000000000,81.29,83.10614
2022-12-20T09:00:00.000000000,86.89,85.22062
2022-12-20T10:00:00.000000000,88.68,86.21238
2022-12-20T11:00:00.000000000,88.42,85.81524
2022-12-20T12:00:00.000000000,87.46,84.0047
2022-12-20T13:00:00.000000000,84.07,81.58906
2022-12-20T14:00:00.000000000,78.62,79.05056
2022-12-20T15:00:00.000000000,69.72,77.27923
2022-12-20T16:00:00.000000000,69.26,76.30265
2022-12-20T17:00:00.000000000,69.92,75.72309
2022-12-20T18:00:00.000000000,70.08,75.78886
2022-12-20T19:00:00.000000000,69.86,76.3351
2022-12-20T20:00:00.000000000,69.88,76.88721
2022-12-20T21:00:00.000000000,70.78,77.20479
2022-12-20T22:00:00.000000000,70.69,76.50537
2022-12-20T23:00:00.000000000,71.21,75.55753
2022-12-21T00:00:00.000000000,69.33,71.96515
2022-12-21T01:00:00.000000000,66.96,69.67642
2022-12-21T02:00:00.000000000,66.05,67.80445
2022-12-21T03:00:00.000000000,66.85,67.16328
2022-12-21T04:00:00.000000000,67.7,67.88262
2022-12-21T05:00:00.000000000,70.5,69.61096
2022-12-21T06:00:00.000000000,72.44,71.9766
2022-12-21T07:00:00.000000000,79.59,74.59085
2022-12-21T08:00:00.000000000,84.33,77.00722
2022-12-21T09:00:00.000000000,89.51,78.83158
2022-12-21T10:00:00.000000000,92.43,79.65935
2022-12-21T11:00:00.000000000,91.38,79.30193
2022-12-21T12:00:00.000000000,90.12,77.61488
2022-12-21T13:00:00.000000000,85.73,75.22682
2022-12-21T14:00:00.000000000,78.31,72.80143
2022-12-21T15:00:00.000000000,74.28,71.1992
2022-12-21T16:00:00.000000000,72.8,70.52968
2022-12-21T17:00:00.000000000,71.27,70.38724
2022-12-21T18:00:00.000000000,72.67,70.81794
2022-12-21T19:00:00.000000000,73.68,71.55583
2022-12-21T20:00:00.000000000,75.19,72.32762
2022-12-21T21:00:00.000000000,75.13,73.01302
2022-12-21T22:00:00.000000000,75.49,72.90835
2022-12-21T23:00:00.000000000,75.02,72.4165
2022-12-22T00:00:00.000000000,72.11,72.69045
2022-12-22T01:00:00.000000000,68.41,70.31216
2022-12-22T02:00:00.000000000,68.79,68.40757
2022-12-22T03:00:00.000000000,68.29,67.85805
2022-12-22T04:00:00.000000000,68.46,68.78659
2022-12-22T05:00:00.000000000,69.36,70.85088
2022-12-22T06:00:00.000000000,71.99,73.78223
2022-12-22T07:00:00.000000000,76.58,77.16533
2022-12-22T08:00:00.000000000,81.84,80.35931
2022-12-22T09:00:00.000000000,83.14,83.0202
2022-12-22T10:00:00.000000000,81.42,84.63928
2022-12-22T11:00:00.000000000,81.37,84.82718
2022-12-22T12:00:00.000000000,81.21,83.364
2022-12-22T13:00:00.000000000,76.45,80.92209
2022-12-22T14:00:00.000000000,71.6,78.16821
2022-12-22T15:00:00.000000000,67.25,76.07591
2022-12-22T16:00:00.000000000,65.58,74.96428
2022-12-22T17:00:00.000000000,65.38,74.40169
2022-12-22T18:00:00.000000000,65.45,74.47375
2022-12-22T19:00:00.000000000,65.64,74.84125
2022-12-22T20:00:00.000000000,67.1,75.25703
2022-12-22T21:00:00.000000000,68.37,75.75975
2022-12-22T22:00:00.000000000,68.83,75.51851
2022-12-22T23:00:00.000000000,69.09,74.84439
2022-12-23T00:00:00.000000000,67.14,70.43533
2022-12-23T01:00:00.000000000,65.82,68.12335
2022-12-23T02:00:00.000000000,64.85,66.63274
2022-12-23T03:00:00.000000000,65.61,66.60866
2022-12-23T04:00:00.000000000,67.28,68.00225
2022-12-23T05:00:00.000000000,68.31,70.31216
2022-12-23T06:00:00.000000000,71.14,73.18646
2022-12-23T07:00:00.000000000,74.41,76.2196
2022-12-23T08:00:00.000000000,76.57,78.91538
2022-12-23T09:00:00.000000000,75.5,80.95018
2022-12-23T10:00:00.000000000,77.11,81.87775
2022-12-23T11:00:00.000000000,78.39,81.38986
2022-12-23T12:00:00.000000000,76.83,79.35904
2022-12-23T13:00:00.000000000,73.87,76.73062
2022-12-23T14:00:00.000000000,68.8,74.32037
2022-12-23T15:00:00.000000000,65.67,72.9212
2022-12-23T16:00:00.000000000,68.35,72.51478
2022-12-23T17:00:00.000000000,69.59,72.39928
2022-12-23T18:00:00.000000000,72.46,72.5673
2022-12-23T19:00:00.000000000,72.05,72.93327
2022-12-23T20:00:00.000000000,74.22,73.33194
2022-12-23T21:00:00.000000000,76.26,73.75752
2022-12-23T22:00:00.000000000,75.03,73.29689
2022-12-23T23:00:00.000000000,75.63,72.329
2022-12-21T00:00:00.000000000,69.33,70.56007
2022-12-21T01:00:00.000000000,66.96,69.29515
2022-12-21T02:00:00.000000000,66.05,67.43995
2022-12-21T03:00:00.000000000,66.85,66.16506
2022-12-21T04:00:00.000000000,67.7,65.94004
2022-12-21T05:00:00.000000000,70.5,66.8149
2022-12-21T06:00:00.000000000,72.44,68.3712
2022-12-21T07:00:00.000000000,79.59,70.0354
2022-12-21T08:00:00.000000000,84.33,71.41697
2022-12-21T09:00:00.000000000,89.51,72.25161
2022-12-21T10:00:00.000000000,92.43,72.44452
2022-12-21T11:00:00.000000000,91.38,72.10021
2022-12-21T12:00:00.000000000,90.12,70.96866
2022-12-21T13:00:00.000000000,85.73,68.90535
2022-12-21T14:00:00.000000000,78.31,66.08601
2022-12-21T15:00:00.000000000,74.28,63.59192
2022-12-21T16:00:00.000000000,72.8,62.13986
2022-12-21T17:00:00.000000000,71.27,61.96665
2022-12-21T18:00:00.000000000,72.67,63.05246
2022-12-21T19:00:00.000000000,73.68,64.41231
2022-12-21T20:00:00.000000000,75.19,65.61896
2022-12-21T21:00:00.000000000,75.13,66.69765
2022-12-21T22:00:00.000000000,75.49,67.67298
2022-12-21T23:00:00.000000000,75.02,68.84945
2022-12-22T00:00:00.000000000,72.11,69.63072
2022-12-22T01:00:00.000000000,68.41,67.44533
2022-12-22T02:00:00.000000000,68.79,65.63443
2022-12-22T03:00:00.000000000,68.29,64.96307
2022-12-22T04:00:00.000000000,68.46,65.54929
2022-12-22T05:00:00.000000000,69.36,67.11447
2022-12-22T06:00:00.000000000,71.99,69.34201
2022-12-22T07:00:00.000000000,76.58,71.8457
2022-12-22T08:00:00.000000000,81.84,74.16186
2022-12-22T09:00:00.000000000,83.14,75.91539
2022-12-22T10:00:00.000000000,81.42,76.74444
2022-12-22T11:00:00.000000000,81.37,76.49434
2022-12-22T12:00:00.000000000,81.21,75.05882
2022-12-22T13:00:00.000000000,76.45,72.96925
2022-12-22T14:00:00.000000000,71.6,70.80833
2022-12-22T15:00:00.000000000,67.25,69.34827
2022-12-22T16:00:00.000000000,65.58,68.75428
2022-12-22T17:00:00.000000000,65.38,68.6382
2022-12-22T18:00:00.000000000,65.45,69.08403
2022-12-22T19:00:00.000000000,65.64,69.79479
2022-12-22T20:00:00.000000000,67.1,70.49999
2022-12-22T21:00:00.000000000,68.37,71.06349
2022-12-22T22:00:00.000000000,68.83,70.87349
2022-12-22T23:00:00.000000000,69.09,70.34014
2022-12-23T00:00:00.000000000,67.14,68.30666
2022-12-23T01:00:00.000000000,65.82,66.59199
2022-12-23T02:00:00.000000000,64.85,65.37456
2022-12-23T03:00:00.000000000,65.61,65.17962
2022-12-23T04:00:00.000000000,67.28,66.02389
2022-12-23T05:00:00.000000000,68.31,67.65207
2022-12-23T06:00:00.000000000,71.14,69.824
2022-12-23T07:00:00.000000000,74.41,72.24909
2022-12-23T08:00:00.000000000,76.57,74.48282
2022-12-23T09:00:00.000000000,75.5,76.15122
2022-12-23T10:00:00.000000000,77.11,76.90116
2022-12-23T11:00:00.000000000,78.39,76.6046
2022-12-23T12:00:00.000000000,76.83,75.16471
2022-12-23T13:00:00.000000000,73.87,73.20873
2022-12-23T14:00:00.000000000,68.8,71.3365
2022-12-23T15:00:00.000000000,65.67,70.11367
2022-12-23T16:00:00.000000000,68.35,69.52737
2022-12-23T17:00:00.000000000,69.59,69.13824
2022-12-23T18:00:00.000000000,72.46,69.09875
2022-12-23T19:00:00.000000000,72.05,69.35285
2022-12-23T20:00:00.000000000,74.22,69.71806
2022-12-23T21:00:00.000000000,76.26,70.05352
2022-12-23T22:00:00.000000000,75.03,69.6774
2022-12-23T23:00:00.000000000,75.63,69.07916
2022-12-24T00:00:00.000000000,74.45,68.26832
2022-12-24T01:00:00.000000000,69.48,66.35167
2022-12-24T02:00:00.000000000,69.71,64.93026
2022-12-24T03:00:00.000000000,70.93,64.65629
2022-12-24T04:00:00.000000000,72.6,65.53444
2022-12-24T05:00:00.000000000,73.61,67.24543
2022-12-24T06:00:00.000000000,75.51,69.55107
2022-12-24T07:00:00.000000000,76.2,72.10853
2022-12-24T08:00:00.000000000,81.7,74.47314
2022-12-24T09:00:00.000000000,83.85,76.38329
2022-12-24T10:00:00.000000000,85.95,77.49104
2022-12-24T11:00:00.000000000,87.07,77.497
2022-12-24T12:00:00.000000000,87.17,76.26977
2022-12-24T13:00:00.000000000,86.9,74.45095
2022-12-24T14:00:00.000000000,83.74,72.66036
2022-12-24T15:00:00.000000000,79.37,71.45968
2022-12-24T16:00:00.000000000,77.73,70.95893
2022-12-24T17:00:00.000000000,76.64,70.64492
2022-12-24T18:00:00.000000000,77.47,70.63024
2022-12-24T19:00:00.000000000,78.85,70.75156
2022-12-24T20:00:00.000000000,79.33,70.90266
2022-12-24T21:00:00.000000000,80.57,71.09543
2022-12-24T22:00:00.000000000,80.61,70.66146
2022-12-24T23:00:00.000000000,81.04,69.97612
2022-12-22T00:00:00.000000000,72.11,76.30724
2022-12-22T01:00:00.000000000,68.41,74.2126
2022-12-22T02:00:00.000000000,68.79,71.82012
2022-12-22T03:00:00.000000000,68.29,70.40316
2022-12-22T04:00:00.000000000,68.46,70.55117
2022-12-22T05:00:00.000000000,69.36,72.22383
2022-12-22T06:00:00.000000000,71.99,74.83972
2022-12-22T07:00:00.000000000,76.58,77.76146
2022-12-22T08:00:00.000000000,81.84,80.3217
2022-12-22T09:00:00.000000000,83.14,82.48984
2022-12-22T10:00:00.000000000,81.42,83.95433
2022-12-22T11:00:00.000000000,81.37,84.34523
2022-12-22T12:00:00.000000000,81.21,83.14046
2022-12-22T13:00:00.000000000,76.45,80.61305
2022-12-22T14:00:00.000000000,71.6,77.2009
2022-12-22T15:00:00.000000000,67.25,74.32018
2022-12-22T16:00:00.000000000,65.58,72.58182
2022-12-22T17:00:00.000000000,65.38,71.97204
2022-12-22T18:00:00.000000000,65.45,72.54921
2022-12-22T19:00:00.000000000,65.64,73.5249
2022-12-22T20:00:00.000000000,67.1,74.46235
2022-12-22T21:00:00.000000000,68.37,75.38087
2022-12-22T22:00:00.000000000,68.83,75.87142
2022-12-22T23:00:00.000000000,69.09,76.32062
2022-12-23T00:00:00.000000000,67.14,72.64219
2022-12-23T01:00:00.000000000,65.82,70.29279
2022-12-23T02:00:00.000000000,64.85,68.5567
2022-12-23T03:00:00.000000000,65.61,68.24247
2022-12-23T04:00:00.000000000,67.28,69.39874
2022-12-23T05:00:00.000000000,68.31,71.51514
2022-12-23T06:00:00.000000000,71.14,74.21005
2022-12-23T07:00:00.000000000,74.41,77.07388
2022-12-23T08:00:00.000000000,76.57,79.69081
2022-12-23T09:00:00.000000000,75.5,81.78029
2022-12-23T10:00:00.000000000,77.11,82.92399
2022-12-23T11:00:00.000000000,78.39,82.72873
2022-12-23T12:00:00.000000000,76.83,80.98058
2022-12-23T13:00:00.000000000,73.87,78.44912
2022-12-23T14:00:00.000000000,68.8,75.86518
2022-12-23T15:00:00.000000000,65.67,74.18867
2022-12-23T16:00:00.000000000,68.35,73.48068
2022-12-23T17:00:00.000000000,69.59,73.1688
2022-12-23T18:00:00.000000000,72.46,73.25003
2022-12-23T19:00:00.000000000,72.05,73.57452
2022-12-23T20:00:00.000000000,74.22,73.95558
2022-12-23T21:00:00.000000000,76.26,74.45232
2022-12-23T22:00:00.000000000,75.03,74.23154
2022-12-23T23:00:00.000000000,75.63,73.61319
2022-12-24T00:00:00.000000000,74.45,71.15722
2022-12-24T01:00:00.000000000,69.48,68.89554
2022-12-24T02:00:00.000000000,69.71,67.02498
2022-12-24T03:00:00.000000000,70.93,66.36463
2022-12-24T04:00:00.000000000,72.6,67.04076
2022-12-24T05:00:00.000000000,73.61,68.74618
2022-12-24T06:00:00.000000000,75.51,71.14281
2022-12-24T07:00:00.000000000,76.2,73.83057
2022-12-24T08:00:00.000000000,81.7,76.32975
2022-12-24T09:00:00.000000000,83.85,78.27903
2022-12-24T10:00:00.000000000,85.95,79.27109
2022-12-24T11:00:00.000000000,87.07,79.08177
2022-12-24T12:00:00.000000000,87.17,77.5705
2022-12-24T13:00:00.000000000,86.9,75.3421
2022-12-24T14:00:00.000000000,83.74,73.03458
2022-12-24T15:00:00.000000000,79.37,71.45158
2022-12-24T16:00:00.000000000,77.73,70.7498
2022-12-24T17:00:00.000000000,76.64,70.53057
2022-12-24T18:00:00.000000000,77.47,70.87903
2022-12-24T19:00:00.000000000,78.85,71.50847
2022-12-24T20:00:00.000000000,79.33,72.1642
2022-12-24T21:00:00.000000000,80.57,72.74116
2022-12-24T22:00:00.000000000,80.61,72.55094
2022-12-24T23:00:00.000000000,81.04,71.99883
2022-12-25T00:00:00.000000000,76.46,66.52368
2022-12-25T01:00:00.000000000,70.47,64.87913
2022-12-25T02:00:00.000000000,68.17,63.33469
2022-12-25T03:00:00.000000000,70.53,62.55757
2022-12-25T04:00:00.000000000,70.95,62.6496
2022-12-25T05:00:00.000000000,72.96,63.58304
2022-12-25T06:00:00.000000000,76.86,65.1995
2022-12-25T07:00:00.000000000,83.1,67.17563
2022-12-25T08:00:00.000000000,85.73,69.07457
2022-12-25T09:00:00.000000000,81.83,70.51038
2022-12-25T10:00:00.000000000,83.11,71.29025
2022-12-25T11:00:00.000000000,83.08,71.28221
2022-12-25T12:00:00.000000000,83.45,70.27664
2022-12-25T13:00:00.000000000,83.37,68.50186
2022-12-25T14:00:00.000000000,82.14,66.3278
2022-12-25T15:00:00.000000000,80.28,64.62709
2022-12-25T16:00:00.000000000,77.61,63.76869
2022-12-25T17:00:00.000000000,74.27,63.42658
2022-12-25T18:00:00.000000000,73.92,63.67888
2022-12-25T19:00:00.000000000,75.25,64.28145
2022-12-25T20:00:00.000000000,75.68,65.03217
2022-12-25T21:00:00.000000000,76.78,65.79901
2022-12-25T22:00:00.000000000,78.11,66.11364
2022-12-25T23:00:00.000000000,79.04,66.21384
2022-12-23T00:00:00.000000000,67.14,68.52391
2022-12-23T01:00:00.000000000,65.82,67.06277
2022-12-23T02:00:00.000000000,64.85,65.91535
2022-12-23T03:00:00.000000000,65.61,65.67214
2022-12-23T04:00:00.000000000,67.28,66.49233
2022-12-23T05:00:00.000000000,68.31,68.26231
2022-12-23T06:00:00.000000000,71.14,70.65432
2022-12-23T07:00:00.000000000,74.41,73.31532
2022-12-23T08:00:00.000000000,76.57,75.62878
2022-12-23T09:00:00.000000000,75.5,77.22469
2022-12-23T10:00:00.000000000,77.11,77.85325
2022-12-23T11:00:00.000000000,78.39,77.51427
2022-12-23T12:00:00.000000000,76.83,75.99197
2022-12-23T13:00:00.000000000,73.87,73.72197
2022-12-23T14:00:00.000000000,68.8,71.19825
2022-12-23T15:00:00.000000000,65.67,69.27896
2022-12-23T16:00:00.000000000,68.35,68.18191
2022-12-23T17:00:00.000000000,69.59,67.66191
2022-12-23T18:00:00.000000000,72.46,67.81165
2022-12-23T19:00:00.000000000,72.05,68.28649
2022-12-23T20:00:00.000000000,74.22,68.77101
2022-12-23T21:00:00.000000000,76.26,69.21841
2022-12-23T22:00:00.000000000,75.03,69.11559
2022-12-23T23:00:00.000000000,75.63,68.93964
2022-12-24T00:00:00.000000000,74.45,67.48522
2022-12-24T01:00:00.000000000,69.48,65.87068
2022-12-24T02:00:00.000000000,69.71,64.49783
2022-12-24T03:00:00.000000000,70.93,63.95537
2022-12-24T04:00:00.000000000,72.6,64.30266
2022-12-24T05:00:00.000000000,73.61,65.46322
2022-12-24T06:00:00.000000000,75.51,67.26072
2022-12-24T07:00:00.000000000,76.2,69.41253
2022-12-24T08:00:00.000000000,81.7,71.47321
2022-12-24T09:00:00.000000000,83.85,73.13595
2022-12-24T10:00:00.000000000,85.95,74.10695
2022-12-24T11:00:00.000000000,87.07,74.21348
2022-12-24T12:00:00.000000000,87.17,73.30388
2022-12-24T13:00:00.000000000,86.9,71.77113
2022-12-24T14:00:00.000000000,83.74,70.0457
2022-12-24T15:00:00.000000000,79.37,68.71305
2022-12-24T16:00:00.000000000,77.73,67.94665
2022-12-24T17:00:00.000000000,76.64,67.40955
2022-12-24T18:00:00.000000000,77.47,67.30572
2022-12-24T19:00:00.000000000,78.85,67.50768
2022-12-24T20:00:00.000000000,79.33,67.85734
2022-12-24T21:00:00.000000000,80.57,68.21875
2022-12-24T22:00:00.000000000,80.61,68.04847
2022-12-24T23:00:00.000000000,81.04,67.75432
2022-12-25T00:00:00.000000000,76.46,64.05521
2022-12-25T01:00:00.000000000,70.47,62.60332
2022-12-25T02:00:00.000000000,68.17,61.17971
2022-12-25T03:00:00.000000000,70.53,60.42477
2022-12-25T04:00:00.000000000,70.95,60.50361
2022-12-25T05:00:00.000000000,72.96,61.46141
2022-12-25T06:00:00.000000000,76.86,63.11334
2022-12-25T07:00:00.000000000,83.1,65.00251
2022-12-25T08:00:00.000000000,85.73,66.69688
2022-12-25T09:00:00.000000000,81.83,67.88508
2022-12-25T10:00:00.000000000,83.11,68.43787
2022-12-25T11:00:00.000000000,83.08,68.30696
2022-12-25T12:00:00.000000000,83.45,67.36782
2022-12-25T13:00:00.000000000,83.37,65.74192
2022-12-25T14:00:00.000000000,82.14,63.6658
2022-12-25T15:00:00.000000000,80.28,61.9831
2022-12-25T16:00:00.000000000,77.61,61.11179
2022-12-25T17:00:00.000000000,74.27,60.8064
2022-12-25T18:00:00.000000000,73.92,61.17298
2022-12-25T19:00:00.000000000,75.25,61.8726
2022-12-25T20:00:00.000000000,75.68,62.62852
2022-12-25T21:00:00.000000000,76.78,63.25183
2022-12-25T22:00:00.000000000,78.11,63.43344
2022-12-25T23:00:00.000000000,79.04,63.5376
2022-12-26T00:00:00.000000000,76.42,59.70363
2022-12-26T01:00:00.000000000,70.86,58.64378
2022-12-26T02:00:00.000000000,70.77,57.73261
2022-12-26T03:00:00.000000000,71.96,57.43525
2022-12-26T04:00:00.000000000,72.9,57.79988
2022-12-26T05:00:00.000000000,74.25,58.87046
2022-12-26T06:00:00.000000000,77.74,60.46662
2022-12-26T07:00:00.000000000,81.42,62.14641
2022-12-26T08:00:00.000000000,86.22,63.51106
2022-12-26T09:00:00.000000000,87.65,64.42027
2022-12-26T10:00:00.000000000,90.49,64.84417
2022-12-26T11:00:00.000000000,89.59,64.73608
2022-12-26T12:00:00.000000000,88.64,63.93573
2022-12-26T13:00:00.000000000,85.61,62.55714
2022-12-26T14:00:00.000000000,83.67,60.77469
2022-12-26T15:00:00.000000000,80.68,59.35455
2022-12-26T16:00:00.000000000,78.95,58.68115
2022-12-26T17:00:00.000000000,77.94,58.40372
2022-12-26T18:00:00.000000000,77.71,58.56002
2022-12-26T19:00:00.000000000,76.75,58.89992
2022-12-26T20:00:00.000000000,77.35,59.2767
2022-12-26T21:00:00.000000000,79.04,59.61507
2022-12-26T22:00:00.000000000,79.65,59.65091
2022-12-26T23:00:00.000000000,79.02,59.73729
2022-12-24T00:00:00.000000000,74.45,72.25998
2022-12-24T01:00:00.000000000,69.48,69.85755
2022-12-24T02:00:00.000000000,69.71,67.29527
2022-12-24T03:00:00.000000000,70.93,65.69529
2022-12-24T04:00:00.000000000,72.6,65.37528
2022-12-24T05:00:00.000000000,73.61,66.31473
2022-12-24T06:00:00.000000000,75.51,68.17097
2022-12-24T07:00:00.000000000,76.2,70.45458
2022-12-24T08:00:00.000000000,81.7,72.60429
2022-12-24T09:00:00.000000000,83.85,74.22883
2022-12-24T10:00:00.000000000,85.95,75.03423
2022-12-24T11:00:00.000000000,87.07,74.96368
2022-12-24T12:00:00.000000000,87.17,73.83826
2022-12-24T13:00:00.000000000,86.9,71.77657
2022-12-24T14:00:00.000000000,83.74,69.14848
2022-12-24T15:00:00.000000000,79.37,67.04425
2022-12-24T16:00:00.000000000,77.73,66.02779
2022-12-24T17:00:00.000000000,76.64,65.98419
2022-12-24T18:00:00.000000000,77.47,66.9729
2022-12-24T19:00:00.000000000,78.85,68.30805
2022-12-24T20:00:00.000000000,79.33,69.58598
2022-12-24T21:00:00.000000000,80.57,70.62506
2022-12-24T22:00:00.000000000,80.61,71.07181
2022-12-24T23:00:00.000000000,81.04,71.20732
2022-12-25T00:00:00.000000000,76.46,65.69857
2022-12-25T01:00:00.000000000,70.47,63.93513
2022-12-25T02:00:00.000000000,68.17,62.22502
2022-12-25T03:00:00.000000000,70.53,61.33466
2022-12-25T04:00:00.000000000,70.95,61.49578
2022-12-25T05:00:00.000000000,72.96,62.64207
2022-12-25T06:00:00.000000000,76.86,64.47441
2022-12-25T07:00:00.000000000,83.1,66.42901
2022-12-25T08:00:00.000000000,85.73,68.08782
2022-12-25T09:00:00.000000000,81.83,69.15684
2022-12-25T10:00:00.000000000,83.11,69.49985
2022-12-25T11:00:00.000000000,83.08,69.10375
2022-12-25T12:00:00.000000000,83.45,67.90926
2022-12-25T13:00:00.000000000,83.37,66.07221
2022-12-25T14:00:00.000000000,82.14,63.87434
2022-12-25T15:00:00.000000000,80.28,62.21153
2022-12-25T16:00:00.000000000,77.61,61.50299
2022-12-25T17:00:00.000000000,74.27,61.47708
2022-12-25T18:00:00.000000000,73.92,62.19329
2022-12-25T19:00:00.000000000,75.25,63.19086
2022-12-25T20:00:00.000000000,75.68,64.10855
2022-12-25T21:00:00.000000000,76.78,64.7413
2022-12-25T22:00:00.000000000,78.11,64.84038
2022-12-25T23:00:00.000000000,79.04,64.81685
2022-12-26T00:00:00.000000000,76.42,61.01776
2022-12-26T01:00:00.000000000,70.86,59.8796
2022-12-26T02:00:00.000000000,70.77,58.84873
2022-12-26T03:00:00.000000000,71.96,58.48364
2022-12-26T04:00:00.000000000,72.9,58.85984
2022-12-26T05:00:00.000000000,74.25,59.97121
2022-12-26T06:00:00.000000000,77.74,61.58528
2022-12-26T07:00:00.000000000,81.42,63.24037
2022-12-26T08:00:00.000000000,86.22,64.54035
2022-12-26T09:00:00.000000000,87.65,65.36057
2022-12-26T10:00:00.000000000,90.49,65.6935
2022-12-26T11:00:00.000000000,89.59,65.50478
2022-12-26T12:00:00.000000000,88.64,64.61091
2022-12-26T13:00:00.000000000,85.61,63.10739
2022-12-26T14:00:00.000000000,83.67,61.18136
2022-12-26T15:00:00.000000000,80.68,59.67456
2022-12-26T16:00:00.000000000,78.95,59.01556
2022-12-26T17:00:00.000000000,77.94,58.85667
2022-12-26T18:00:00.000000000,77.71,59.17836
2022-12-26T19:00:00.000000000,76.75,59.64342
2022-12-26T20:00:00.000000000,77.35,60.0842
2022-12-26T21:00:00.000000000,79.04,60.48809
2022-12-26T22:00:00.000000000,79.65,60.63344
2022-12-26T23:00:00.000000000,79.02,60.82802
2022-12-27T00:00:00.000000000,76.23,49.72657
2022-12-27T01:00:00.000000000,71.19,49.70045
2022-12-27T02:00:00.000000000,70.15,49.92075
2022-12-27T03:00:00.000000000,70.27,50.60861
2022-12-27T04:00:00.000000000,70.98,51.65615
2022-12-27T05:00:00.000000000,71.2,53.17849
2022-12-27T06:00:00.000000000,72.18,54.86017
2022-12-27T07:00:00.000000000,74.44,56.21267
2022-12-27T08:00:00.000000000,77.89,56.7986
2022-12-27T09:00:00.000000000,79.73,56.8724
2022-12-27T10:00:00.000000000,79.95,56.63525
2022-12-27T11:00:00.000000000,79.54,56.19995
2022-12-27T12:00:00.000000000,77.17,55.30698
2022-12-27T13:00:00.000000000,75.68,53.9079
2022-12-27T14:00:00.000000000,73.01,51.86991
2022-12-27T15:00:00.000000000,69.83,50.08264
2022-12-27T16:00:00.000000000,65.61,49.27561
2022-12-27T17:00:00.000000000,63.98,49.04707
2022-12-27T18:00:00.000000000,64.03,49.16807
2022-12-27T19:00:00.000000000,64.01,49.26508
2022-12-27T20:00:00.000000000,65.91,49.31388
2022-12-27T21:00:00.000000000,67.12,49.45335
2022-12-27T22:00:00.000000000,67.2,49.7057
2022-12-27T23:00:00.000000000,66.74,50.34688
2022-12-25T00:00:00.000000000,76.46,73.38367
2022-12-25T01:00:00.000000000,70.47,71.14204
2022-12-25T02:00:00.000000000,68.17,68.72214
2022-12-25T03:00:00.000000000,70.53,67.12492
2022-12-25T04:00:00.000000000,70.95,66.69674
2022-12-25T05:00:00.000000000,72.96,67.44455
2022-12-25T06:00:00.000000000,76.86,69.11127
2022-12-25T07:00:00.000000000,83.1,71.31095
2022-12-25T08:00:00.000000000,85.73,73.56251
2022-12-25T09:00:00.000000000,81.83,75.32896
2022-12-25T10:00:00.000000000,83.11,76.21607
2022-12-25T11:00:00.000000000,83.08,76.22429
2022-12-25T12:00:00.000000000,83.45,75.27245
2022-12-25T13:00:00.000000000,83.37,73.46953
2022-12-25T14:00:00.000000000,82.14,71.09717
2022-12-25T15:00:00.000000000,80.28,69.06431
2022-12-25T16:00:00.000000000,77.61,67.80982
2022-12-25T17:00:00.000000000,74.27,67.35972
2022-12-25T18:00:00.000000000,73.92,67.9572
2022-12-25T19:00:00.000000000,75.25,69.11457
2022-12-25T20:00:00.000000000,75.68,70.40235
2022-12-25T21:00:00.000000000,76.78,71.40065
2022-12-25T22:00:00.000000000,78.11,71.71537
2022-12-25T23:00:00.000000000,79.04,71.78573
2022-12-26T00:00:00.000000000,76.42,67.36057
2022-12-26T01:00:00.000000000,70.86,65.92013
2022-12-26T02:00:00.000000000,70.77,64.38854
2022-12-26T03:00:00.000000000,71.96,63.50847
2022-12-26T04:00:00.000000000,72.9,63.45893
2022-12-26T05:00:00.000000000,74.25,64.28221
2022-12-26T06:00:00.000000000,77.74,65.80948
2022-12-26T07:00:00.000000000,81.42,67.72579
2022-12-26T08:00:00.000000000,86.22,69.60668
2022-12-26T09:00:00.000000000,87.65,71.06605
2022-12-26T10:00:00.000000000,90.49,71.91738
2022-12-26T11:00:00.000000000,89.59,72.06777
2022-12-26T12:00:00.000000000,88.64,71.27238
2022-12-26T13:00:00.000000000,85.61,69.61551
2022-12-26T14:00:00.000000000,83.67,67.36924
2022-12-26T15:00:00.000000000,80.68,65.41902
2022-12-26T16:00:00.000000000,78.95,64.21985
2022-12-26T17:00:00.000000000,77.94,63.62749
2022-12-26T18:00:00.000000000,77.71,63.76873
2022-12-26T19:00:00.000000000,76.75,64.30199
2022-12-26T20:00:00.000000000,77.35,65.00332
2022-12-26T21:00:00.000000000,79.04,65.7562
2022-12-26T22:00:00.000000000,79.65,66.19803
2022-12-26T23:00:00.000000000,79.02,66.581
2022-12-27T00:00:00.000000000,76.23,58.24368
2022-12-27T01:00:00.000000000,71.19,57.43205
2022-12-27T02:00:00.000000000,70.15,56.62725
2022-12-27T03:00:00.000000000,70.27,56.53086
2022-12-27T04:00:00.000000000,70.98,57.22962
2022-12-27T05:00:00.000000000,71.2,58.69551
2022-12-27T06:00:00.000000000,72.18,60.48419
2022-12-27T07:00:00.000000000,74.44,61.94179
2022-12-27T08:00:00.000000000,77.89,62.66504
2022-12-27T09:00:00.000000000,79.73,62.7652
2022-12-27T10:00:00.000000000,79.95,62.43942
2022-12-27T11:00:00.000000000,79.54,61.80105
2022-12-27T12:00:00.000000000,77.17,60.64497
2022-12-27T13:00:00.000000000,75.68,58.88755
2022-12-27T14:00:00.000000000,73.01,56.51664
2022-12-27T15:00:00.000000000,69.83,54.58703
2022-12-27T16:00:00.000000000,65.61,53.8828
2022-12-27T17:00:00.000000000,63.98,54.07428
2022-12-27T18:00:00.000000000,64.03,54.8871
2022-12-27T19:00:00.000000000,64.01,55.62906
2022-12-27T20:00:00.000000000,65.91,56.11041
2022-12-27T21:00:00.000000000,67.12,56.50251
2022-12-27T22:00:00.000000000,67.2,56.91509
2022-12-27T23:00:00.000000000,66.74,57.58791
2022-12-28T00:00:00.000000000,65.71,56.78582
2022-12-28T01:00:00.000000000,63.43,55.76581
2022-12-28T02:00:00.000000000,61.1,55.04623
2022-12-28T03:00:00.000000000,61.27,54.94709
2022-12-28T04:00:00.000000000,62.24,55.45254
2022-12-28T05:00:00.000000000,63.45,56.58732
2022-12-28T06:00:00.000000000,64.98,58.20742
2022-12-28T07:00:00.000000000,67.13,59.90311
2022-12-28T08:00:00.000000000,67.84,61.29623
2022-12-28T09:00:00.000000000,53.77,62.2755
2022-12-28T10:00:00.000000000,53.65,62.79302
2022-12-28T11:00:00.000000000,54.13,62.75188
2022-12-28T12:00:00.000000000,54.0,61.98668
2022-12-28T13:00:00.000000000,54.88,60.70478
2022-12-28T14:00:00.000000000,50.11,59.15304
2022-12-28T15:00:00.000000000,47.72,58.00576
2022-12-28T16:00:00.000000000,46.81,57.51734
2022-12-28T17:00:00.000000000,46.62,57.23147
2022-12-28T18:00:00.000000000,49.11,57.18892
2022-12-28T19:00:00.000000000,50.22,57.30674
2022-12-28T20:00:00.000000000,50.42,57.53073
2022-12-28T21:00:00.000000000,50.43,57.74878
2022-12-28T22:00:00.000000000,52.85,57.59673
2022-12-28T23:00:00.000000000,54.6,57.44656
2022-12-26T00:00:00.000000000,76.42,71.7649
2022-12-26T01:00:00.000000000,70.86,69.93096
2022-12-26T02:00:00.000000000,70.77,68.62722
2022-12-26T03:00:00.000000000,71.96,68.47273
2022-12-26T04:00:00.000000000,72.9,69.48817
2022-12-26T05:00:00.000000000,74.25,71.25887
2022-12-26T06:00:00.000000000,77.74,73.5152
2022-12-26T07:00:00.000000000,81.42,75.95921
2022-12-26T08:00:00.000000000,86.22,78.22802
2022-12-26T09:00:00.000000000,87.65,80.04064
2022-12-26T10:00:00.000000000,90.49,81.07844
2022-12-26T11:00:00.000000000,89.59,80.99409
2022-12-26T12:00:00.000000000,88.64,79.56293
2022-12-26T13:00:00.000000000,85.61,77.47334
2022-12-26T14:00:00.000000000,83.67,75.33031
2022-12-26T15:00:00.000000000,80.68,73.88539
2022-12-26T16:00:00.000000000,78.95,73.16768
2022-12-26T17:00:00.000000000,77.94,72.65468
2022-12-26T18:00:00.000000000,77.71,72.42084
2022-12-26T19:00:00.000000000,76.75,72.44388
2022-12-26T20:00:00.000000000,77.35,72.623
2022-12-26T21:00:00.000000000,79.04,73.00104
2022-12-26T22:00:00.000000000,79.65,72.82996
2022-12-26T23:00:00.000000000,79.02,72.43662
2022-12-27T00:00:00.000000000,76.23,67.82919
2022-12-27T01:00:00.000000000,71.19,66.68105
2022-12-27T02:00:00.000000000,70.15,65.34955
2022-12-27T03:00:00.000000000,70.27,64.70995
2022-12-27T04:00:00.000000000,70.98,64.9887
2022-12-27T05:00:00.000000000,71.2,66.15562
2022-12-27T06:00:00.000000000,72.18,67.79131
2022-12-27T07:00:00.000000000,74.44,69.44954
2022-12-27T08:00:00.000000000,77.89,70.76192
2022-12-27T09:00:00.000000000,79.73,71.60188
2022-12-27T10:00:00.000000000,79.95,71.82572
2022-12-27T11:00:00.000000000,79.54,71.50811
2022-12-27T12:00:00.000000000,77.17,70.42793
2022-12-27T13:00:00.000000000,75.68,68.73112
2022-12-27T14:00:00.000000000,73.01,66.74164
2022-12-27T15:00:00.000000000,69.83,65.14903
2022-12-27T16:00:00.000000000,65.61,64.29698
2022-12-27T17:00:00.000000000,63.98,64.17197
2022-12-27T18:00:00.000000000,64.03,64.77351
2022-12-27T19:00:00.000000000,64.01,65.46887
2022-12-27T20:00:00.000000000,65.91,66.08158
2022-12-27T21:00:00.000000000,67.12,66.61454
2022-12-27T22:00:00.000000000,67.2,66.87285
2022-12-27T23:00:00.000000000,66.74,67.34173
2022-12-28T00:00:00.000000000,65.71,65.37001
2022-12-28T01:00:00.000000000,63.43,64.02506
2022-12-28T02:00:00.000000000,61.1,62.64384
2022-12-28T03:00:00.000000000,61.27,61.82147
2022-12-28T04:00:00.000000000,62.24,61.68106
2022-12-28T05:00:00.000000000,63.45,62.4118
2022-12-28T06:00:00.000000000,64.98,63.91461
2022-12-28T07:00:00.000000000,67.13,65.85407
2022-12-28T08:00:00.000000000,67.84,67.7306
2022-12-28T09:00:00.000000000,53.77,69.2755
2022-12-28T10:00:00.000000000,53.65,70.26762
2022-12-28T11:00:00.000000000,54.13,70.62982
2022-12-28T12:00:00.000000000,54.0,70.26515
2022-12-28T13:00:00.000000000,54.88,69.22974
2022-12-28T14:00:00.000000000,50.11,67.6374
2022-12-28T15:00:00.000000000,47.72,66.08169
2022-12-28T16:00:00.000000000,46.81,64.98713
2022-12-28T17:00:00.000000000,46.62,64.20936
2022-12-28T18:00:00.000000000,49.11,64.07225
2022-12-28T19:00:00.000000000,50.22,64.32531
2022-12-28T20:00:00.000000000,50.42,64.71575
2022-12-28T21:00:00.000000000,50.43,64.99825
2022-12-28T22:00:00.000000000,52.85,64.88042
2022-12-28T23:00:00.000000000,54.6,64.83394
2022-12-29T00:00:00.000000000,52.12,63.1564
2022-12-29T01:00:00.000000000,50.46,61.88439
2022-12-29T02:00:00.000000000,47.73,60.87191
2022-12-29T03:00:00.000000000,46.76,60.5635
2022-12-29T04:00:00.000000000,48.38,60.94489
2022-12-29T05:00:00.000000000,49.32,61.97684
2022-12-29T06:00:00.000000000,52.46,63.55655
2022-12-29T07:00:00.000000000,56.48,65.43378
2022-12-29T08:00:00.000000000,61.32,67.21595
2022-12-29T09:00:00.000000000,75.47,68.61406
2022-12-29T10:00:00.000000000,78.47,69.47955
2022-12-29T11:00:00.000000000,78.24,69.63495
2022-12-29T12:00:00.000000000,77.08,68.86396
2022-12-29T13:00:00.000000000,75.56,67.4473
2022-12-29T14:00:00.000000000,76.57,65.74997
2022-12-29T15:00:00.000000000,75.33,64.42464
2022-12-29T16:00:00.000000000,76.69,63.7152
2022-12-29T17:00:00.000000000,79.42,63.19639
2022-12-29T18:00:00.000000000,78.26,62.99509
2022-12-29T19:00:00.000000000,78.97,63.04439
2022-12-29T20:00:00.000000000,80.89,63.27892
2022-12-29T21:00:00.000000000,80.45,63.6294
2022-12-29T22:00:00.000000000,80.42,63.625
2022-12-29T23:00:00.000000000,81.07,63.53709
2022-12-27T00:00:00.000000000,76.23,71.04359
2022-12-27T01:00:00.000000000,71.19,69.77561
2022-12-27T02:00:00.000000000,70.15,68.4636
2022-12-27T03:00:00.000000000,70.27,67.93192
2022-12-27T04:00:00.000000000,70.98,68.40421
2022-12-27T05:00:00.000000000,71.2,69.73598
2022-12-27T06:00:00.000000000,72.18,71.51833
2022-12-27T07:00:00.000000000,74.44,73.35267
2022-12-27T08:00:00.000000000,77.89,74.87128
2022-12-27T09:00:00.000000000,79.73,75.83743
2022-12-27T10:00:00.000000000,79.95,76.06129
2022-12-27T11:00:00.000000000,79.54,75.56887
2022-12-27T12:00:00.000000000,77.17,74.17461
2022-12-27T13:00:00.000000000,75.68,72.19231
2022-12-27T14:00:00.000000000,73.01,70.01736
2022-12-27T15:00:00.000000000,69.83,68.36322
2022-12-27T16:00:00.000000000,65.61,67.47134
2022-12-27T17:00:00.000000000,63.98,67.26452
2022-12-27T18:00:00.000000000,64.03,67.78539
2022-12-27T19:00:00.000000000,64.01,68.52322
2022-12-27T20:00:00.000000000,65.91,69.23069
2022-12-27T21:00:00.000000000,67.12,69.85891
2022-12-27T22:00:00.000000000,67.2,70.0996
2022-12-27T23:00:00.000000000,66.74,70.4609
2022-12-28T00:00:00.000000000,65.71,67.62852
2022-12-28T01:00:00.000000000,63.43,66.16524
2022-12-28T02:00:00.000000000,61.1,64.55499
2022-12-28T03:00:00.000000000,61.27,63.51197
2022-12-28T04:00:00.000000000,62.24,63.25012
2022-12-28T05:00:00.000000000,63.45,63.95048
2022-12-28T06:00:00.000000000,64.98,65.4751
2022-12-28T07:00:00.000000000,67.13,67.47502
2022-12-28T08:00:00.000000000,67.84,69.45808
2022-12-28T09:00:00.000000000,53.77,71.1568
2022-12-28T10:00:00.000000000,53.65,72.30032
2022-12-28T11:00:00.000000000,54.13,72.79923
2022-12-28T12:00:00.000000000,54.0,72.55672
2022-12-28T13:00:00.000000000,54.88,71.59947
2022-12-28T14:00:00.000000000,50.11,70.0384
2022-12-28T15:00:00.000000000,47.72,68.44131
2022-12-28T16:00:00.000000000,46.81,67.21551
2022-12-28T17:00:00.000000000,46.62,66.34137
2022-12-28T18:00:00.000000000,49.11,66.1998
2022-12-28T19:00:00.000000000,50.22,66.46489
2022-12-28T20:00:00.000000000,50.42,66.85024
2022-12-28T21:00:00.000000000,50.43,67.09825
2022-12-28T22:00:00.000000000,52.85,66.93976
2022-12-28T23:00:00.000000000,54.6,66.90519
2022-12-29T00:00:00.000000000,52.12,64.28437
2022-12-29T01:00:00.000000000,50.46,63.01695
2022-12-29T02:00:00.000000000,47.73,62.08059
2022-12-29T03:00:00.000000000,46.76,61.91596
2022-12-29T04:00:00.000000000,48.38,62.525
2022-12-29T05:00:00.000000000,49.32,63.77589
2022-12-29T06:00:00.000000000,52.46,65.52757
2022-12-29T07:00:00.000000000,56.48,67.53097
2022-12-29T08:00:00.000000000,61.32,69.41622
2022-12-29T09:00:00.000000000,75.47,70.89992
2022-12-29T10:00:00.000000000,78.47,71.79931
2022-12-29T11:00:00.000000000,78.24,71.92374
2022-12-29T12:00:00.000000000,77.08,71.08228
2022-12-29T13:00:00.000000000,75.56,69.63322
2022-12-29T14:00:00.000000000,76.57,67.99435
2022-12-29T15:00:00.000000000,75.33,66.74199
2022-12-29T16:00:00.000000000,76.69,66.01698
2022-12-29T17:00:00.000000000,79.42,65.40559
2022-12-29T18:00:00.000000000,78.26,65.0711
2022-12-29T19:00:00.000000000,78.97,64.97561
2022-12-29T20:00:00.000000000,80.89,65.04021
2022-12-29T21:00:00.000000000,80.45,65.21602
2022-12-29T22:00:00.000000000,80.42,65.01436
2022-12-29T23:00:00.000000000,81.07,64.78518
2022-12-30T00:00:00.000000000,74.55,63.52777
2022-12-30T01:00:00.000000000,69.01,62.479
2022-12-30T02:00:00.000000000,69.33,61.32538
2022-12-30T03:00:00.000000000,70.59,60.65926
2022-12-30T04:00:00.000000000,71.39,60.58319
2022-12-30T05:00:00.000000000,73.45,61.31772
2022-12-30T06:00:00.000000000,76.88,62.75098
2022-12-30T07:00:00.000000000,82.72,64.58675
2022-12-30T08:00:00.000000000,85.23,66.33241
2022-12-30T09:00:00.000000000,85.16,67.76631
2022-12-30T10:00:00.000000000,86.8,68.74845
2022-12-30T11:00:00.000000000,87.93,69.20312
2022-12-30T12:00:00.000000000,88.68,68.87201
2022-12-30T13:00:00.000000000,85.73,67.7169
2022-12-30T14:00:00.000000000,81.94,65.82714
2022-12-30T15:00:00.000000000,73.65,63.96041
2022-12-30T16:00:00.000000000,70.32,62.66631
2022-12-30T17:00:00.000000000,68.9,61.82622
2022-12-30T18:00:00.000000000,70.03,61.64168
2022-12-30T19:00:00.000000000,72.12,61.78129
2022-12-30T20:00:00.000000000,71.84,62.08873
2022-12-30T21:00:00.000000000,75.24,62.4937
2022-12-30T22:00:00.000000000,77.5,62.74358
2022-12-30T23:00:00.000000000,77.23,63.12276
2022-12-28T00:00:00.000000000,65.71,67.95772
2022-12-28T01:00:00.000000000,63.43,67.1098
2022-12-28T02:00:00.000000000,61.1,65.90187
2022-12-28T03:00:00.000000000,61.27,64.84702
2022-12-28T04:00:00.000000000,62.24,64.26474
2022-12-28T05:00:00.000000000,63.45,64.7023
2022-12-28T06:00:00.000000000,64.98,66.14258
2022-12-28T07:00:00.000000000,67.13,68.38563
2022-12-28T08:00:00.000000000,67.84,70.78075
2022-12-28T09:00:00.000000000,53.77,72.97079
2022-12-28T10:00:00.000000000,53.65,74.51596
2022-12-28T11:00:00.000000000,54.13,75.40596
2022-12-28T12:00:00.000000000,54.0,75.48969
2022-12-28T13:00:00.000000000,54.88,74.75028
2022-12-28T14:00:00.000000000,50.11,73.14941
2022-12-28T15:00:00.000000000,47.72,71.09116
2022-12-28T16:00:00.000000000,46.81,68.99377
2022-12-28T17:00:00.000000000,46.62,67.25438
2022-12-28T18:00:00.000000000,49.11,66.54118
2022-12-28T19:00:00.000000000,50.22,66.56566
2022-12-28T20:00:00.000000000,50.42,66.98202
2022-12-28T21:00:00.000000000,50.43,67.34976
2022-12-28T22:00:00.000000000,52.85,67.30896
2022-12-28T23:00:00.000000000,54.6,67.57871
2022-12-29T00:00:00.000000000,52.12,66.13893
2022-12-29T01:00:00.000000000,50.46,64.67935
2022-12-29T02:00:00.000000000,47.73,63.79799
2022-12-29T03:00:00.000000000,46.76,63.8288
2022-12-29T04:00:00.000000000,48.38,64.8071
2022-12-29T05:00:00.000000000,49.32,66.56559
2022-12-29T06:00:00.000000000,52.46,68.9404
2022-12-29T07:00:00.000000000,56.48,71.63114
2022-12-29T08:00:00.000000000,61.32,74.12249
2022-12-29T09:00:00.000000000,75.47,76.08841
2022-12-29T10:00:00.000000000,78.47,77.20332
2022-12-29T11:00:00.000000000,78.24,77.22478
2022-12-29T12:00:00.000000000,77.08,76.0417
2022-12-29T13:00:00.000000000,75.56,74.30155
2022-12-29T14:00:00.000000000,76.57,72.53756
2022-12-29T15:00:00.000000000,75.33,71.25207
2022-12-29T16:00:00.000000000,76.69,70.41937
2022-12-29T17:00:00.000000000,79.42,69.60488
2022-12-29T18:00:00.000000000,78.26,69.07919
2022-12-29T19:00:00.000000000,78.97,68.90476
2022-12-29T20:00:00.000000000,80.89,68.90188
2022-12-29T21:00:00.000000000,80.45,68.92071
2022-12-29T22:00:00.000000000,80.42,68.26955
2022-12-29T23:00:00.000000000,81.07,67.51297
2022-12-30T00:00:00.000000000,74.55,65.99911
2022-12-30T01:00:00.000000000,69.01,64.61498
2022-12-30T02:00:00.000000000,69.33,63.65862
2022-12-30T03:00:00.000000000,70.59,63.57398
2022-12-30T04:00:00.000000000,71.39,64.37304
2022-12-30T05:00:00.000000000,73.45,65.95264
2022-12-30T06:00:00.000000000,76.88,68.11154
2022-12-30T07:00:00.000000000,82.72,70.55438
2022-12-30T08:00:00.000000000,85.23,72.76291
2022-12-30T09:00:00.000000000,85.16,74.49573
2022-12-30T10:00:00.000000000,86.8,75.43576
2022-12-30T11:00:00.000000000,87.93,75.44117
2022-12-30T12:00:00.000000000,88.68,74.38001
2022-12-30T13:00:00.000000000,85.73,72.79308
2022-12-30T14:00:00.000000000,81.94,71.17693
2022-12-30T15:00:00.000000000,73.65,69.9805
2022-12-30T16:00:00.000000000,70.32,69.25361
2022-12-30T17:00:00.000000000,68.9,68.60388
2022-12-30T18:00:00.000000000,70.03,68.26547
2022-12-30T19:00:00.000000000,72.12,68.1735
2022-12-30T20:00:00.000000000,71.84,68.19243
2022-12-30T21:00:00.000000000,75.24,68.22617
2022-12-30T22:00:00.000000000,77.5,67.68546
2022-12-30T23:00:00.000000000,77.23,67.10331
2022-12-31T00:00:00.000000000,74.64,66.03548
2022-12-31T01:00:00.000000000,71.88,64.50388
2022-12-31T02:00:00.000000000,69.61,63.41725
2022-12-31T03:00:00.000000000,70.33,63.27118
2022-12-31T04:00:00.000000000,72.01,64.0605
2022-12-31T05:00:00.000000000,76.65,65.60103
2022-12-31T06:00:00.000000000,77.0,67.71748
2022-12-31T07:00:00.000000000,79.85,70.11689
2022-12-31T08:00:00.000000000,82.18,72.34235
2022-12-31T09:00:00.000000000,87.2,74.18385
2022-12-31T10:00:00.000000000,87.27,75.34807
2022-12-31T11:00:00.000000000,86.08,75.55077
2022-12-31T12:00:00.000000000,84.8,74.62406
2022-12-31T13:00:00.000000000,83.17,73.1142
2022-12-31T14:00:00.000000000,80.82,71.54372
2022-12-31T15:00:00.000000000,76.58,70.38353
2022-12-31T16:00:00.000000000,72.01,69.74547
2022-12-31T17:00:00.000000000,69.92,69.15861
2022-12-31T18:00:00.000000000,69.2,68.81352
2022-12-31T19:00:00.000000000,71.96,68.63347
2022-12-31T20:00:00.000000000,73.4,68.54626
2022-12-31T21:00:00.000000000,72.01,68.56056
2022-12-31T22:00:00.000000000,75.12,68.08647
2022-12-31T23:00:00.000000000,72.64,67.52061
