datetime,carbon_intensity_actual,avg_carbon_intensity_forecast
2022-07-01T00:00:00.000000000,555.1,551.66085
2022-07-01T01:00:00.000000000,539.22,556.51131
2022-07-01T02:00:00.000000000,553.2,571.9524
2022-07-01T03:00:00.000000000,600.85,580.37265
2022-07-01T04:00:00.000000000,633.76,592.88859
2022-07-01T05:00:00.000000000,617.57,602.88791
2022-07-01T06:00:00.000000000,643.74,610.56647
2022-07-01T07:00:00.000000000,658.94,626.1993
2022-07-01T08:00:00.000000000,685.01,619.07161
2022-07-01T09:00:00.000000000,683.4,615.13026
2022-07-01T10:00:00.000000000,671.16,612.18531
2022-07-01T11:00:00.000000000,632.3,612.11829
2022-07-01T12:00:00.000000000,631.5,597.54289
2022-07-01T13:00:00.000000000,625.24,594.30933
2022-07-01T14:00:00.000000000,586.81,579.58127
2022-07-01T15:00:00.000000000,556.1,553.31881
2022-07-01T16:00:00.000000000,566.1,542.16584
2022-07-01T17:00:00.000000000,548.7,530.3102
2022-07-01T18:00:00.000000000,511.56,512.89554
2022-07-01T19:00:00.000000000,522.15,507.30447
2022-07-01T20:00:00.000000000,515.63,500.18362
2022-07-01T21:00:00.000000000,501.3,496.42717
2022-07-01T22:00:00.000000000,510.02,504.18562
2022-07-01T23:00:00.000000000,496.68,507.43202
2022-07-02T00:00:00.000000000,506.65,532.50546
2022-07-02T01:00:00.000000000,520.54,540.8464
2022-07-02T02:00:00.000000000,497.29,559.02334
2022-07-02T03:00:00.000000000,553.27,568.07774
2022-07-02T04:00:00.000000000,614.3,579.0498
2022-07-02T05:00:00.000000000,640.88,588.15068
2022-07-02T06:00:00.000000000,626.56,595.2208
2022-07-02T07:00:00.000000000,595.17,609.85056
2022-07-02T08:00:00.000000000,576.31,603.6224
2022-07-02T09:00:00.000000000,532.04,601.99322
2022-07-02T10:00:00.000000000,517.4,602.45812
2022-07-02T11:00:00.000000000,523.95,605.48258
2022-07-02T12:00:00.000000000,517.64,594.58804
2022-07-02T13:00:00.000000000,543.12,593.09111
2022-07-02T14:00:00.000000000,538.15,580.0353
2022-07-02T15:00:00.000000000,502.2,555.03783
2022-07-02T16:00:00.000000000,485.74,543.26242
2022-07-02T17:00:00.000000000,494.15,531.33523
2022-07-02T18:00:00.000000000,529.18,514.43782
2022-07-02T19:00:00.000000000,536.39,509.15275
2022-07-02T20:00:00.000000000,511.69,503.01214
2022-07-02T21:00:00.000000000,531.05,500.15813
2022-07-02T22:00:00.000000000,563.85,510.03457
2022-07-02T23:00:00.000000000,605.13,515.59718
2022-07-03T00:00:00.000000000,590.35,509.89852
2022-07-03T01:00:00.000000000,585.72,517.60245
2022-07-03T02:00:00.000000000,579.19,536.25999
2022-07-03T03:00:00.000000000,552.42,546.55881
2022-07-03T04:00:00.000000000,547.13,558.7111
2022-07-03T05:00:00.000000000,502.18,569.86136
2022-07-03T06:00:00.000000000,520.01,579.35575
2022-07-03T07:00:00.000000000,605.06,595.81612
2022-07-03T08:00:00.000000000,630.13,592.44402
2022-07-03T09:00:00.000000000,627.97,592.07925
2022-07-03T10:00:00.000000000,520.78,593.65294
2022-07-03T11:00:00.000000000,467.7,597.66769
2022-07-03T12:00:00.000000000,435.62,588.58964
2022-07-03T13:00:00.000000000,416.86,589.91215
2022-07-03T14:00:00.000000000,341.53,578.48943
2022-07-03T15:00:00.000000000,283.2,555.12664
2022-07-03T16:00:00.000000000,302.95,545.23579
2022-07-03T17:00:00.000000000,390.96,533.79819
2022-07-03T18:00:00.000000000,423.33,515.59043
2022-07-03T19:00:00.000000000,432.64,506.92592
2022-07-03T20:00:00.000000000,456.12,496.08598
2022-07-03T21:00:00.000000000,500.92,487.48732
2022-07-03T22:00:00.000000000,517.28,491.06249
2022-07-03T23:00:00.000000000,511.78,492.21606
2022-07-04T00:00:00.000000000,531.34,489.88193
2022-07-04T01:00:00.000000000,579.65,499.51557
2022-07-04T02:00:00.000000000,572.24,520.00773
2022-07-04T03:00:00.000000000,507.21,531.127
2022-07-04T04:00:00.000000000,515.45,543.07594
2022-07-04T05:00:00.000000000,536.72,554.36787
2022-07-04T06:00:00.000000000,549.9,564.86737
2022-07-04T07:00:00.000000000,522.41,582.02316
2022-07-04T08:00:00.000000000,472.66,580.59538
2022-07-04T09:00:00.000000000,517.77,581.41759
2022-07-04T10:00:00.000000000,454.24,584.03592
2022-07-04T11:00:00.000000000,454.24,588.73634
2022-07-04T12:00:00.000000000,460.55,580.609
2022-07-04T13:00:00.000000000,430.35,582.54862
2022-07-04T14:00:00.000000000,367.45,571.14923
2022-07-04T15:00:00.000000000,330.94,548.4499
2022-07-04T16:00:00.000000000,357.44,538.83122
2022-07-04T17:00:00.000000000,415.71,528.39511
2022-07-04T18:00:00.000000000,449.38,511.30677
2022-07-04T19:00:00.000000000,469.9,503.03613
2022-07-04T20:00:00.000000000,475.1,492.80647
2022-07-04T21:00:00.000000000,474.42,483.56421
2022-07-04T22:00:00.000000000,512.79,486.43372
2022-07-04T23:00:00.000000000,535.98,487.5553
2022-07-02T00:00:00.000000000,506.65,550.39786
2022-07-02T01:00:00.000000000,520.54,557.95929
2022-07-02T02:00:00.000000000,497.29,578.33956
2022-07-02T03:00:00.000000000,553.27,593.25398
2022-07-02T04:00:00.000000000,614.3,607.63035
2022-07-02T05:00:00.000000000,640.88,616.12459
2022-07-02T06:00:00.000000000,626.56,618.3817
2022-07-02T07:00:00.000000000,595.17,629.05919
2022-07-02T08:00:00.000000000,576.31,622.45843
2022-07-02T09:00:00.000000000,532.04,623.54693
2022-07-02T10:00:00.000000000,517.4,628.9713
2022-07-02T11:00:00.000000000,523.95,633.83825
2022-07-02T12:00:00.000000000,517.64,622.73593
2022-07-02T13:00:00.000000000,543.12,624.37235
2022-07-02T14:00:00.000000000,538.15,614.6816
2022-07-02T15:00:00.000000000,502.2,588.53948
2022-07-02T16:00:00.000000000,485.74,574.33918
2022-07-02T17:00:00.000000000,494.15,553.60035
2022-07-02T18:00:00.000000000,529.18,525.32254
2022-07-02T19:00:00.000000000,536.39,509.68521
2022-07-02T20:00:00.000000000,511.69,487.91069
2022-07-02T21:00:00.000000000,531.05,473.37145
2022-07-02T22:00:00.000000000,563.85,477.72114
2022-07-02T23:00:00.000000000,605.13,477.91496
2022-07-03T00:00:00.000000000,590.35,544.62726
2022-07-03T01:00:00.000000000,585.72,549.40945
2022-07-03T02:00:00.000000000,579.19,565.83054
2022-07-03T03:00:00.000000000,552.42,576.01484
2022-07-03T04:00:00.000000000,547.13,587.34909
2022-07-03T05:00:00.000000000,502.18,594.57691
2022-07-03T06:00:00.000000000,520.01,598.45945
2022-07-03T07:00:00.000000000,605.06,611.29866
2022-07-03T08:00:00.000000000,630.13,608.60152
2022-07-03T09:00:00.000000000,627.97,612.89156
2022-07-03T10:00:00.000000000,520.78,619.96234
2022-07-03T11:00:00.000000000,467.7,625.8619
2022-07-03T12:00:00.000000000,435.62,615.35748
2022-07-03T13:00:00.000000000,416.86,615.55342
2022-07-03T14:00:00.000000000,341.53,604.64288
2022-07-03T15:00:00.000000000,283.2,579.57015
2022-07-03T16:00:00.000000000,302.95,567.56464
2022-07-03T17:00:00.000000000,390.96,550.61537
2022-07-03T18:00:00.000000000,423.33,527.6887
2022-07-03T19:00:00.000000000,432.64,515.51408
2022-07-03T20:00:00.000000000,456.12,498.27832
2022-07-03T21:00:00.000000000,500.92,486.16293
2022-07-03T22:00:00.000000000,517.28,490.53482
2022-07-03T23:00:00.000000000,511.78,489.1459
2022-07-04T00:00:00.000000000,531.34,541.22666
2022-07-04T01:00:00.000000000,579.65,550.10403
2022-07-04T02:00:00.000000000,572.24,571.98689
2022-07-04T03:00:00.000000000,507.21,587.66908
2022-07-04T04:00:00.000000000,515.45,601.96515
2022-07-04T05:00:00.000000000,536.72,611.10901
2022-07-04T06:00:00.000000000,549.9,615.94014
2022-07-04T07:00:00.000000000,522.41,629.17274
2022-07-04T08:00:00.000000000,472.66,625.75193
2022-07-04T09:00:00.000000000,517.77,628.12847
2022-07-04T10:00:00.000000000,454.24,633.73557
2022-07-04T11:00:00.000000000,454.24,638.60223
2022-07-04T12:00:00.000000000,460.55,626.50479
2022-07-04T13:00:00.000000000,430.35,626.22679
2022-07-04T14:00:00.000000000,367.45,613.52295
2022-07-04T15:00:00.000000000,330.94,585.44587
2022-07-04T16:00:00.000000000,357.44,570.30002
2022-07-04T17:00:00.000000000,415.71,549.87143
2022-07-04T18:00:00.000000000,449.38,523.31331
2022-07-04T19:00:00.000000000,469.9,509.13325
2022-07-04T20:00:00.000000000,475.1,489.77063
2022-07-04T21:00:00.000000000,474.42,477.01173
2022-07-04T22:00:00.000000000,512.79,481.57427
2022-07-04T23:00:00.000000000,535.98,481.69807
2022-07-05T00:00:00.000000000,519.1,563.82223
2022-07-05T01:00:00.000000000,497.93,567.43489
2022-07-05T02:00:00.000000000,549.56,581.5785
2022-07-05T03:00:00.000000000,593.47,588.82302
2022-07-05T04:00:00.000000000,627.4,598.19732
2022-07-05T05:00:00.000000000,691.55,603.11942
2022-07-05T06:00:00.000000000,683.49,605.11624
2022-07-05T07:00:00.000000000,682.54,615.92365
2022-07-05T08:00:00.000000000,648.55,611.17233
2022-07-05T09:00:00.000000000,639.1,613.70823
2022-07-05T10:00:00.000000000,636.04,619.19932
2022-07-05T11:00:00.000000000,691.01,624.81388
2022-07-05T12:00:00.000000000,651.06,613.72643
2022-07-05T13:00:00.000000000,640.06,612.91147
2022-07-05T14:00:00.000000000,673.0,601.13152
2022-07-05T15:00:00.000000000,609.3,575.86668
2022-07-05T16:00:00.000000000,642.44,564.05412
2022-07-05T17:00:00.000000000,625.3,547.77802
2022-07-05T18:00:00.000000000,626.63,526.28067
2022-07-05T19:00:00.000000000,598.11,515.13003
2022-07-05T20:00:00.000000000,603.55,498.95191
2022-07-05T21:00:00.000000000,597.86,489.24471
2022-07-05T22:00:00.000000000,594.6,495.52319
2022-07-05T23:00:00.000000000,598.98,495.1603
2022-07-03T00:00:00.000000000,590.35,549.6193
2022-07-03T01:00:00.000000000,585.72,556.88919
2022-07-03T02:00:00.000000000,579.19,575.13982
2022-07-03T03:00:00.000000000,552.42,585.88645
2022-07-03T04:00:00.000000000,547.13,598.57754
2022-07-03T05:00:00.000000000,502.18,607.70279
2022-07-03T06:00:00.000000000,520.01,613.97236
2022-07-03T07:00:00.000000000,605.06,628.27034
2022-07-03T08:00:00.000000000,630.13,625.25133
2022-07-03T09:00:00.000000000,627.97,630.45335
2022-07-03T10:00:00.000000000,520.78,637.50006
2022-07-03T11:00:00.000000000,467.7,642.8197
2022-07-03T12:00:00.000000000,435.62,631.34208
2022-07-03T13:00:00.000000000,416.86,629.3553
2022-07-03T14:00:00.000000000,341.53,616.86003
2022-07-03T15:00:00.000000000,283.2,590.27346
2022-07-03T16:00:00.000000000,302.95,576.53531
2022-07-03T17:00:00.000000000,390.96,558.94257
2022-07-03T18:00:00.000000000,423.33,535.15424
2022-07-03T19:00:00.000000000,432.64,523.65567
2022-07-03T20:00:00.000000000,456.12,507.08833
2022-07-03T21:00:00.000000000,500.92,497.59615
2022-07-03T22:00:00.000000000,517.28,505.5123
2022-07-03T23:00:00.000000000,511.78,507.11232
2022-07-04T00:00:00.000000000,531.34,555.43838
2022-07-04T01:00:00.000000000,579.65,565.17386
2022-07-04T02:00:00.000000000,572.24,585.37444
2022-07-04T03:00:00.000000000,507.21,596.97694
2022-07-04T04:00:00.000000000,515.45,607.75369
2022-07-04T05:00:00.000000000,536.72,612.80317
2022-07-04T06:00:00.000000000,549.9,615.23785
2022-07-04T07:00:00.000000000,522.41,627.09678
2022-07-04T08:00:00.000000000,472.66,624.32736
2022-07-04T09:00:00.000000000,517.77,628.59758
2022-07-04T10:00:00.000000000,454.24,635.20363
2022-07-04T11:00:00.000000000,454.24,639.30835
2022-07-04T12:00:00.000000000,460.55,625.81646
2022-07-04T13:00:00.000000000,430.35,622.43593
2022-07-04T14:00:00.000000000,367.45,607.77044
2022-07-04T15:00:00.000000000,330.94,578.85282
2022-07-04T16:00:00.000000000,357.44,562.89309
2022-07-04T17:00:00.000000000,415.71,542.61779
2022-07-04T18:00:00.000000000,449.38,518.22085
2022-07-04T19:00:00.000000000,469.9,507.04139
2022-07-04T20:00:00.000000000,475.1,491.79107
2022-07-04T21:00:00.000000000,474.42,484.50909
2022-07-04T22:00:00.000000000,512.79,495.12598
2022-07-04T23:00:00.000000000,535.98,498.90867
2022-07-05T00:00:00.000000000,519.1,553.59389
2022-07-05T01:00:00.000000000,497.93,557.53883
2022-07-05T02:00:00.000000000,549.56,571.52728
2022-07-05T03:00:00.000000000,593.47,576.13114
2022-07-05T04:00:00.000000000,627.4,583.08238
2022-07-05T05:00:00.000000000,691.55,585.6127
2022-07-05T06:00:00.000000000,683.49,587.26978
2022-07-05T07:00:00.000000000,682.54,597.56818
2022-07-05T08:00:00.000000000,648.55,593.46167
2022-07-05T09:00:00.000000000,639.1,594.62207
2022-07-05T10:00:00.000000000,636.04,598.89086
2022-07-05T11:00:00.000000000,691.01,604.10313
2022-07-05T12:00:00.000000000,651.06,592.82211
2022-07-05T13:00:00.000000000,640.06,590.44237
2022-07-05T14:00:00.000000000,673.0,575.85722
2022-07-05T15:00:00.000000000,609.3,550.36216
2022-07-05T16:00:00.000000000,642.44,538.27097
2022-07-05T17:00:00.000000000,625.3,524.14515
2022-07-05T18:00:00.000000000,626.63,507.48054
2022-07-05T19:00:00.000000000,598.11,500.23398
2022-07-05T20:00:00.000000000,603.55,489.84257
2022-07-05T21:00:00.000000000,597.86,485.11899
2022-07-05T22:00:00.000000000,594.6,494.24129
2022-07-05T23:00:00.000000000,598.98,496.28321
2022-07-06T00:00:00.000000000,592.85,553.59377
2022-07-06T01:00:00.000000000,531.24,555.1373
2022-07-06T02:00:00.000000000,518.46,565.90322
2022-07-06T03:00:00.000000000,529.25,566.66175
2022-07-06T04:00:00.000000000,633.72,571.85218
2022-07-06T05:00:00.000000000,604.51,573.82717
2022-07-06T06:00:00.000000000,525.53,576.19645
2022-07-06T07:00:00.000000000,448.11,586.7656
2022-07-06T08:00:00.000000000,122.97,583.31239
2022-07-06T09:00:00.000000000,121.31,585.07853
2022-07-06T10:00:00.000000000,106.07,589.30238
2022-07-06T11:00:00.000000000,103.01,594.44745
2022-07-06T12:00:00.000000000,105.23,583.92108
2022-07-06T13:00:00.000000000,92.67,581.42113
2022-07-06T14:00:00.000000000,110.86,567.28447
2022-07-06T15:00:00.000000000,90.16,543.66539
2022-07-06T16:00:00.000000000,92.94,533.64312
2022-07-06T17:00:00.000000000,85.32,522.42466
2022-07-06T18:00:00.000000000,80.69,508.69551
2022-07-06T19:00:00.000000000,73.5,503.23462
2022-07-06T20:00:00.000000000,75.3,494.99252
2022-07-06T21:00:00.000000000,81.33,491.78236
2022-07-06T22:00:00.000000000,80.81,501.05136
2022-07-06T23:00:00.000000000,86.75,502.47751
2022-07-04T00:00:00.000000000,531.34,547.70563
2022-07-04T01:00:00.000000000,579.65,555.55951
2022-07-04T02:00:00.000000000,572.24,572.12293
2022-07-04T03:00:00.000000000,507.21,576.63499
2022-07-04T04:00:00.000000000,515.45,585.51148
2022-07-04T05:00:00.000000000,536.72,592.15015
2022-07-04T06:00:00.000000000,549.9,600.70923
2022-07-04T07:00:00.000000000,522.41,616.3671
2022-07-04T08:00:00.000000000,472.66,614.44813
2022-07-04T09:00:00.000000000,517.77,617.50067
2022-07-04T10:00:00.000000000,454.24,620.5348
2022-07-04T11:00:00.000000000,454.24,623.64586
2022-07-04T12:00:00.000000000,460.55,609.22729
2022-07-04T13:00:00.000000000,430.35,600.88106
2022-07-04T14:00:00.000000000,367.45,581.23789
2022-07-04T15:00:00.000000000,330.94,552.27929
2022-07-04T16:00:00.000000000,357.44,537.9983
2022-07-04T17:00:00.000000000,415.71,525.58596
2022-07-04T18:00:00.000000000,449.38,512.74916
2022-07-04T19:00:00.000000000,469.9,511.75434
2022-07-04T20:00:00.000000000,475.1,509.65389
2022-07-04T21:00:00.000000000,474.42,513.5041
2022-07-04T22:00:00.000000000,512.79,529.2374
2022-07-04T23:00:00.000000000,535.98,535.8577
2022-07-05T00:00:00.000000000,519.1,567.01689
2022-07-05T01:00:00.000000000,497.93,571.35058
2022-07-05T02:00:00.000000000,549.56,583.86756
2022-07-05T03:00:00.000000000,593.47,586.15387
2022-07-05T04:00:00.000000000,627.4,592.2612
2022-07-05T05:00:00.000000000,691.55,595.17398
2022-07-05T06:00:00.000000000,683.49,597.89941
2022-07-05T07:00:00.000000000,682.54,609.44635
2022-07-05T08:00:00.000000000,648.55,605.20134
2022-07-05T09:00:00.000000000,639.1,608.62468
2022-07-05T10:00:00.000000000,636.04,613.83028
2022-07-05T11:00:00.000000000,691.01,619.27847
2022-07-05T12:00:00.000000000,651.06,607.84954
2022-07-05T13:00:00.000000000,640.06,603.85895
2022-07-05T14:00:00.000000000,673.0,589.24452
2022-07-05T15:00:00.000000000,609.3,563.78957
2022-07-05T16:00:00.000000000,642.44,551.75545
2022-07-05T17:00:00.000000000,625.3,538.64253
2022-07-05T18:00:00.000000000,626.63,522.49306
2022-07-05T19:00:00.000000000,598.11,516.53577
2022-07-05T20:00:00.000000000,603.55,507.49558
2022-07-05T21:00:00.000000000,597.86,504.8505
2022-07-05T22:00:00.000000000,594.6,516.98485
2022-07-05T23:00:00.000000000,598.98,520.80703
2022-07-06T00:00:00.000000000,592.85,568.08586
2022-07-06T01:00:00.000000000,531.24,570.81887
2022-07-06T02:00:00.000000000,518.46,582.01716
2022-07-06T03:00:00.000000000,529.25,583.7985
2022-07-06T04:00:00.000000000,633.72,589.61895
2022-07-06T05:00:00.000000000,604.51,591.87131
2022-07-06T06:00:00.000000000,525.53,593.0874
2022-07-06T07:00:00.000000000,448.11,603.30945
2022-07-06T08:00:00.000000000,122.97,597.69093
2022-07-06T09:00:00.000000000,121.31,599.81767
2022-07-06T10:00:00.000000000,106.07,604.59231
2022-07-06T11:00:00.000000000,103.01,610.46088
2022-07-06T12:00:00.000000000,105.23,599.79459
2022-07-06T13:00:00.000000000,92.67,597.15139
2022-07-06T14:00:00.000000000,110.86,583.86398
2022-07-06T15:00:00.000000000,90.16,559.59763
2022-07-06T16:00:00.000000000,92.94,548.63718
2022-07-06T17:00:00.000000000,85.32,536.08617
2022-07-06T18:00:00.000000000,80.69,519.86789
2022-07-06T19:00:00.000000000,73.5,513.14142
2022-07-06T20:00:00.000000000,75.3,502.9158
2022-07-06T21:00:00.000000000,81.33,498.74976
2022-07-06T22:00:00.000000000,80.81,509.47111
2022-07-06T23:00:00.000000000,86.75,512.52507
2022-07-07T00:00:00.000000000,88.07,569.46265
2022-07-07T01:00:00.000000000,103.72,569.17695
2022-07-07T02:00:00.000000000,99.37,576.92353
2022-07-07T03:00:00.000000000,101.29,575.53982
2022-07-07T04:00:00.000000000,127.12,579.80962
2022-07-07T05:00:00.000000000,132.81,581.63232
2022-07-07T06:00:00.000000000,121.0,582.91893
2022-07-07T07:00:00.000000000,116.24,592.72443
2022-07-07T08:00:00.000000000,114.43,587.4756
2022-07-07T09:00:00.000000000,82.76,589.90703
2022-07-07T10:00:00.000000000,87.98,594.80355
2022-07-07T11:00:00.000000000,85.41,601.2811
2022-07-07T12:00:00.000000000,118.59,592.37016
2022-07-07T13:00:00.000000000,105.32,591.44932
2022-07-07T14:00:00.000000000,145.68,580.15693
2022-07-07T15:00:00.000000000,108.31,558.49138
2022-07-07T16:00:00.000000000,98.89,550.27535
2022-07-07T17:00:00.000000000,89.98,539.90864
2022-07-07T18:00:00.000000000,79.84,525.15738
2022-07-07T19:00:00.000000000,85.53,518.05473
2022-07-07T20:00:00.000000000,90.83,507.13098
2022-07-07T21:00:00.000000000,100.57,501.51505
2022-07-07T22:00:00.000000000,91.13,509.56517
2022-07-07T23:00:00.000000000,89.37,509.86999
2022-07-05T00:00:00.000000000,519.1,573.291
2022-07-05T01:00:00.000000000,497.93,571.00302
2022-07-05T02:00:00.000000000,549.56,576.84726
2022-07-05T03:00:00.000000000,593.47,573.26942
2022-07-05T04:00:00.000000000,627.4,578.46265
2022-07-05T05:00:00.000000000,691.55,580.78815
2022-07-05T06:00:00.000000000,683.49,583.27149
2022-07-05T07:00:00.000000000,682.54,594.30158
2022-07-05T08:00:00.000000000,648.55,586.13538
2022-07-05T09:00:00.000000000,639.1,583.47234
2022-07-05T10:00:00.000000000,636.04,582.42554
2022-07-05T11:00:00.000000000,691.01,585.21132
2022-07-05T12:00:00.000000000,651.06,572.02879
2022-07-05T13:00:00.000000000,640.06,566.74064
2022-07-05T14:00:00.000000000,673.0,551.39939
2022-07-05T15:00:00.000000000,609.3,528.32797
2022-07-05T16:00:00.000000000,642.44,520.36724
2022-07-05T17:00:00.000000000,625.3,513.80955
2022-07-05T18:00:00.000000000,626.63,504.8822
2022-07-05T19:00:00.000000000,598.11,504.60095
2022-07-05T20:00:00.000000000,603.55,502.55399
2022-07-05T21:00:00.000000000,597.86,503.91358
2022-07-05T22:00:00.000000000,594.6,516.03505
2022-07-05T23:00:00.000000000,598.98,519.96353
2022-07-06T00:00:00.000000000,592.85,567.58522
2022-07-06T01:00:00.000000000,531.24,567.93549
2022-07-06T02:00:00.000000000,518.46,576.34174
2022-07-06T03:00:00.000000000,529.25,574.56745
2022-07-06T04:00:00.000000000,633.72,578.81058
2022-07-06T05:00:00.000000000,604.51,580.46034
2022-07-06T06:00:00.000000000,525.53,582.24134
2022-07-06T07:00:00.000000000,448.11,592.41103
2022-07-06T08:00:00.000000000,122.97,586.68088
2022-07-06T09:00:00.000000000,121.31,587.48672
2022-07-06T10:00:00.000000000,106.07,590.46965
2022-07-06T11:00:00.000000000,103.01,595.88119
2022-07-06T12:00:00.000000000,105.23,585.85238
2022-07-06T13:00:00.000000000,92.67,583.67862
2022-07-06T14:00:00.000000000,110.86,570.80121
2022-07-06T15:00:00.000000000,90.16,548.33277
2022-07-06T16:00:00.000000000,92.94,539.55133
2022-07-06T17:00:00.000000000,85.32,529.73134
2022-07-06T18:00:00.000000000,80.69,516.85851
2022-07-06T19:00:00.000000000,73.5,511.91866
2022-07-06T20:00:00.000000000,75.3,504.02088
2022-07-06T21:00:00.000000000,81.33,501.13679
2022-07-06T22:00:00.000000000,80.81,510.68962
2022-07-06T23:00:00.000000000,86.75,512.36028
2022-07-07T00:00:00.000000000,88.07,563.37065
2022-07-07T01:00:00.000000000,103.72,563.91607
2022-07-07T02:00:00.000000000,99.37,573.31945
2022-07-07T03:00:00.000000000,101.29,574.74393
2022-07-07T04:00:00.000000000,127.12,580.97835
2022-07-07T05:00:00.000000000,132.81,584.31388
2022-07-07T06:00:00.000000000,121.0,586.01441
2022-07-07T07:00:00.000000000,116.24,596.5509
2022-07-07T08:00:00.000000000,114.43,590.60045
2022-07-07T09:00:00.000000000,82.76,592.31385
2022-07-07T10:00:00.000000000,87.98,596.81066
2022-07-07T11:00:00.000000000,85.41,603.05019
2022-07-07T12:00:00.000000000,118.59,593.6065
2022-07-07T13:00:00.000000000,105.32,592.8154
2022-07-07T14:00:00.000000000,145.68,581.77786
2022-07-07T15:00:00.000000000,108.31,559.45683
2022-07-07T16:00:00.000000000,98.89,550.71651
2022-07-07T17:00:00.000000000,89.98,539.45736
2022-07-07T18:00:00.000000000,79.84,523.04656
2022-07-07T19:00:00.000000000,85.53,515.25095
2022-07-07T20:00:00.000000000,90.83,503.30143
2022-07-07T21:00:00.000000000,100.57,496.5438
2022-07-07T22:00:00.000000000,91.13,504.23352
2022-07-07T23:00:00.000000000,89.37,505.10589
2022-07-08T00:00:00.000000000,96.56,565.53796
2022-07-08T01:00:00.000000000,90.59,566.7004
2022-07-08T02:00:00.000000000,100.09,577.01458
2022-07-08T03:00:00.000000000,114.03,580.15376
2022-07-08T04:00:00.000000000,115.92,587.12224
2022-07-08T05:00:00.000000000,124.71,590.81463
2022-07-08T06:00:00.000000000,122.24,591.76843
2022-07-08T07:00:00.000000000,101.22,602.016
2022-07-08T08:00:00.000000000,89.93,596.84906
2022-07-08T09:00:00.000000000,81.1,600.56428
2022-07-08T10:00:00.000000000,80.55,607.19619
2022-07-08T11:00:00.000000000,90.84,613.75926
2022-07-08T12:00:00.000000000,88.04,604.49409
2022-07-08T13:00:00.000000000,71.33,604.35722
2022-07-08T14:00:00.000000000,88.71,594.21261
2022-07-08T15:00:00.000000000,79.19,571.69502
2022-07-08T16:00:00.000000000,78.53,562.18847
2022-07-08T17:00:00.000000000,80.92,549.0019
2022-07-08T18:00:00.000000000,85.42,529.74296
2022-07-08T19:00:00.000000000,81.63,519.8903
2022-07-08T20:00:00.000000000,80.82,505.39013
2022-07-08T21:00:00.000000000,84.31,496.30887
2022-07-08T22:00:00.000000000,83.34,503.45813
2022-07-08T23:00:00.000000000,89.35,503.68323
2022-07-06T00:00:00.000000000,592.85,568.15109
2022-07-06T01:00:00.000000000,531.24,568.91436
2022-07-06T02:00:00.000000000,518.46,577.78981
2022-07-06T03:00:00.000000000,529.25,577.03912
2022-07-06T04:00:00.000000000,633.72,582.11904
2022-07-06T05:00:00.000000000,604.51,584.37399
2022-07-06T06:00:00.000000000,525.53,586.10747
2022-07-06T07:00:00.000000000,448.11,596.46376
2022-07-06T08:00:00.000000000,122.97,589.62499
2022-07-06T09:00:00.000000000,121.31,589.46237
2022-07-06T10:00:00.000000000,106.07,591.6096
2022-07-06T11:00:00.000000000,103.01,596.73622
2022-07-06T12:00:00.000000000,105.23,586.27617
2022-07-06T13:00:00.000000000,92.67,584.04559
2022-07-06T14:00:00.000000000,110.86,571.37037
2022-07-06T15:00:00.000000000,90.16,548.59578
2022-07-06T16:00:00.000000000,92.94,539.70858
2022-07-06T17:00:00.000000000,85.32,529.67769
2022-07-06T18:00:00.000000000,80.69,515.97248
2022-07-06T19:00:00.000000000,73.5,510.7344
2022-07-06T20:00:00.000000000,75.3,502.30956
2022-07-06T21:00:00.000000000,81.33,499.08982
2022-07-06T22:00:00.000000000,80.81,508.76495
2022-07-06T23:00:00.000000000,86.75,511.21833
2022-07-07T00:00:00.000000000,88.07,560.98221
2022-07-07T01:00:00.000000000,103.72,561.19081
2022-07-07T02:00:00.000000000,99.37,569.90502
2022-07-07T03:00:00.000000000,101.29,570.48109
2022-07-07T04:00:00.000000000,127.12,576.55056
2022-07-07T05:00:00.000000000,132.81,580.15218
2022-07-07T06:00:00.000000000,121.0,582.69433
2022-07-07T07:00:00.000000000,116.24,594.09548
2022-07-07T08:00:00.000000000,114.43,588.69948
2022-07-07T09:00:00.000000000,82.76,591.28357
2022-07-07T10:00:00.000000000,87.98,596.23333
2022-07-07T11:00:00.000000000,85.41,602.64115
2022-07-07T12:00:00.000000000,118.59,593.2182
2022-07-07T13:00:00.000000000,105.32,591.79155
2022-07-07T14:00:00.000000000,145.68,580.51757
2022-07-07T15:00:00.000000000,108.31,558.4261
2022-07-07T16:00:00.000000000,98.89,550.09857
2022-07-07T17:00:00.000000000,89.98,539.82429
2022-07-07T18:00:00.000000000,79.84,524.54319
2022-07-07T19:00:00.000000000,85.53,517.81664
2022-07-07T20:00:00.000000000,90.83,507.10237
2022-07-07T21:00:00.000000000,100.57,501.19502
2022-07-07T22:00:00.000000000,91.13,509.6109
2022-07-07T23:00:00.000000000,89.37,510.78367
2022-07-08T00:00:00.000000000,96.56,560.82434
2022-07-08T01:00:00.000000000,90.59,565.38088
2022-07-08T02:00:00.000000000,100.09,579.38149
2022-07-08T03:00:00.000000000,114.03,585.591
2022-07-08T04:00:00.000000000,115.92,593.87388
2022-07-08T05:00:00.000000000,124.71,598.07648
2022-07-08T06:00:00.000000000,122.24,599.19169
2022-07-08T07:00:00.000000000,101.22,609.64554
2022-07-08T08:00:00.000000000,89.93,603.74365
2022-07-08T09:00:00.000000000,81.1,606.23028
2022-07-08T10:00:00.000000000,80.55,611.96517
2022-07-08T11:00:00.000000000,90.84,617.73993
2022-07-08T12:00:00.000000000,88.04,607.2715
2022-07-08T13:00:00.000000000,71.33,606.11948
2022-07-08T14:00:00.000000000,88.71,594.35981
2022-07-08T15:00:00.000000000,79.19,569.74882
2022-07-08T16:00:00.000000000,78.53,557.89047
2022-07-08T17:00:00.000000000,80.92,542.86817
2022-07-08T18:00:00.000000000,85.42,522.30166
2022-07-08T19:00:00.000000000,81.63,512.61333
2022-07-08T20:00:00.000000000,80.82,498.76213
2022-07-08T21:00:00.000000000,84.31,491.08236
2022-07-08T22:00:00.000000000,83.34,500.37552
2022-07-08T23:00:00.000000000,89.35,503.31851
2022-07-09T00:00:00.000000000,81.66,571.08908
2022-07-09T01:00:00.000000000,85.55,573.62698
2022-07-09T02:00:00.000000000,81.25,585.16621
2022-07-09T03:00:00.000000000,95.23,588.13123
2022-07-09T04:00:00.000000000,89.65,594.7257
2022-07-09T05:00:00.000000000,80.93,597.32842
2022-07-09T06:00:00.000000000,85.2,598.32628
2022-07-09T07:00:00.000000000,70.73,608.2767
2022-07-09T08:00:00.000000000,73.01,603.4684
2022-07-09T09:00:00.000000000,76.2,606.68785
2022-07-09T10:00:00.000000000,78.02,612.57024
2022-07-09T11:00:00.000000000,74.87,618.55202
2022-07-09T12:00:00.000000000,79.1,607.93164
2022-07-09T13:00:00.000000000,72.09,606.11927
2022-07-09T14:00:00.000000000,81.2,593.76158
2022-07-09T15:00:00.000000000,85.64,569.37355
2022-07-09T16:00:00.000000000,80.61,558.21958
2022-07-09T17:00:00.000000000,78.29,543.92702
2022-07-09T18:00:00.000000000,75.44,525.44575
2022-07-09T19:00:00.000000000,73.27,516.56181
2022-07-09T20:00:00.000000000,70.96,503.43314
2022-07-09T21:00:00.000000000,70.17,496.86562
2022-07-09T22:00:00.000000000,63.85,505.78972
2022-07-09T23:00:00.000000000,63.42,506.85269
2022-07-07T00:00:00.000000000,88.07,250.73796
2022-07-07T01:00:00.000000000,103.72,265.07699
2022-07-07T02:00:00.000000000,99.37,289.28449
2022-07-07T03:00:00.000000000,101.29,296.17758
2022-07-07T04:00:00.000000000,127.12,314.90058
2022-07-07T05:00:00.000000000,132.81,330.82788
2022-07-07T06:00:00.000000000,121.0,353.6954
2022-07-07T07:00:00.000000000,116.24,373.36527
2022-07-07T08:00:00.000000000,114.43,384.89516
2022-07-07T09:00:00.000000000,82.76,393.55651
2022-07-07T10:00:00.000000000,87.98,405.18978
2022-07-07T11:00:00.000000000,85.41,411.35104
2022-07-07T12:00:00.000000000,118.59,407.82917
2022-07-07T13:00:00.000000000,105.32,408.40422
2022-07-07T14:00:00.000000000,145.68,398.12334
2022-07-07T15:00:00.000000000,108.31,383.9764
2022-07-07T16:00:00.000000000,98.89,385.2808
2022-07-07T17:00:00.000000000,89.98,387.30977
2022-07-07T18:00:00.000000000,79.84,388.73742
2022-07-07T19:00:00.000000000,85.53,393.60621
2022-07-07T20:00:00.000000000,90.83,395.1053
2022-07-07T21:00:00.000000000,100.57,395.40933
2022-07-07T22:00:00.000000000,91.13,403.28271
2022-07-07T23:00:00.000000000,89.37,403.07258
2022-07-08T00:00:00.000000000,96.56,456.15872
2022-07-08T01:00:00.000000000,90.59,468.95941
2022-07-08T02:00:00.000000000,100.09,492.53359
2022-07-08T03:00:00.000000000,114.03,505.51064
2022-07-08T04:00:00.000000000,115.92,518.80296
2022-07-08T05:00:00.000000000,124.71,532.2587
2022-07-08T06:00:00.000000000,122.24,548.4821
2022-07-08T07:00:00.000000000,101.22,571.97939
2022-07-08T08:00:00.000000000,89.93,580.04255
2022-07-08T09:00:00.000000000,81.1,591.10425
2022-07-08T10:00:00.000000000,80.55,601.08104
2022-07-08T11:00:00.000000000,90.84,606.74083
2022-07-08T12:00:00.000000000,88.04,598.08152
2022-07-08T13:00:00.000000000,71.33,597.31088
2022-07-08T14:00:00.000000000,88.71,584.43122
2022-07-08T15:00:00.000000000,79.19,560.88844
2022-07-08T16:00:00.000000000,78.53,550.21579
2022-07-08T17:00:00.000000000,80.92,539.43879
2022-07-08T18:00:00.000000000,85.42,522.72524
2022-07-08T19:00:00.000000000,81.63,515.40978
2022-07-08T20:00:00.000000000,80.82,505.60249
2022-07-08T21:00:00.000000000,84.31,495.46229
2022-07-08T22:00:00.000000000,83.34,499.15447
2022-07-08T23:00:00.000000000,89.35,499.15793
2022-07-09T00:00:00.000000000,81.66,561.44857
2022-07-09T01:00:00.000000000,85.55,570.01419
2022-07-09T02:00:00.000000000,81.25,588.44335
2022-07-09T03:00:00.000000000,95.23,598.38635
2022-07-09T04:00:00.000000000,89.65,608.2128
2022-07-09T05:00:00.000000000,80.93,612.52267
2022-07-09T06:00:00.000000000,85.2,613.11774
2022-07-09T07:00:00.000000000,70.73,623.23586
2022-07-09T08:00:00.000000000,73.01,618.17897
2022-07-09T09:00:00.000000000,76.2,621.60135
2022-07-09T10:00:00.000000000,78.02,628.25809
2022-07-09T11:00:00.000000000,74.87,632.856
2022-07-09T12:00:00.000000000,79.1,620.38189
2022-07-09T13:00:00.000000000,72.09,617.48638
2022-07-09T14:00:00.000000000,81.2,603.97208
2022-07-09T15:00:00.000000000,85.64,576.33408
2022-07-09T16:00:00.000000000,80.61,561.18865
2022-07-09T17:00:00.000000000,78.29,542.13947
2022-07-09T18:00:00.000000000,75.44,518.07264
2022-07-09T19:00:00.000000000,73.27,507.44985
2022-07-09T20:00:00.000000000,70.96,492.76511
2022-07-09T21:00:00.000000000,70.17,486.40277
2022-07-09T22:00:00.000000000,63.85,498.71585
2022-07-09T23:00:00.000000000,63.42,504.30917
2022-07-10T00:00:00.000000000,60.1,555.11614
2022-07-10T01:00:00.000000000,62.38,557.86748
2022-07-10T02:00:00.000000000,64.58,568.7365
2022-07-10T03:00:00.000000000,71.48,569.15358
2022-07-10T04:00:00.000000000,67.25,575.16789
2022-07-10T05:00:00.000000000,60.0,582.21039
2022-07-10T06:00:00.000000000,53.12,590.51193
2022-07-10T07:00:00.000000000,63.86,606.16167
2022-07-10T08:00:00.000000000,67.95,605.3792
2022-07-10T09:00:00.000000000,75.53,612.32206
2022-07-10T10:00:00.000000000,70.82,619.17225
2022-07-10T11:00:00.000000000,67.87,625.53729
2022-07-10T12:00:00.000000000,70.36,617.59947
2022-07-10T13:00:00.000000000,71.57,616.32094
2022-07-10T14:00:00.000000000,70.0,604.63959
2022-07-10T15:00:00.000000000,68.55,582.42662
2022-07-10T16:00:00.000000000,62.49,572.89945
2022-07-10T17:00:00.000000000,60.84,562.55598
2022-07-10T18:00:00.000000000,63.43,547.32333
2022-07-10T19:00:00.000000000,65.34,540.80471
2022-07-10T20:00:00.000000000,72.9,531.92247
2022-07-10T21:00:00.000000000,76.29,527.26791
2022-07-10T22:00:00.000000000,77.88,535.24592
2022-07-10T23:00:00.000000000,81.48,535.21114
2022-07-08T00:00:00.000000000,96.56,232.6157
2022-07-08T01:00:00.000000000,90.59,225.53162
2022-07-08T02:00:00.000000000,100.09,229.22404
2022-07-08T03:00:00.000000000,114.03,213.12295
2022-07-08T04:00:00.000000000,115.92,218.72735
2022-07-08T05:00:00.000000000,124.71,219.11486
2022-07-08T06:00:00.000000000,122.24,227.2214
2022-07-08T07:00:00.000000000,101.22,231.68887
2022-07-08T08:00:00.000000000,89.93,232.84919
2022-07-08T09:00:00.000000000,81.1,226.11397
2022-07-08T10:00:00.000000000,80.55,232.22825
2022-07-08T11:00:00.000000000,90.84,242.47329
2022-07-08T12:00:00.000000000,88.04,246.24359
2022-07-08T13:00:00.000000000,71.33,249.27634
2022-07-08T14:00:00.000000000,88.71,243.76392
2022-07-08T15:00:00.000000000,79.19,236.1639
2022-07-08T16:00:00.000000000,78.53,244.13799
2022-07-08T17:00:00.000000000,80.92,245.08937
2022-07-08T18:00:00.000000000,85.42,257.37628
2022-07-08T19:00:00.000000000,81.63,264.57668
2022-07-08T20:00:00.000000000,80.82,260.13953
2022-07-08T21:00:00.000000000,84.31,267.70913
2022-07-08T22:00:00.000000000,83.34,273.89476
2022-07-08T23:00:00.000000000,89.35,274.24658
2022-07-09T00:00:00.000000000,81.66,375.79149
2022-07-09T01:00:00.000000000,85.55,378.08116
2022-07-09T02:00:00.000000000,81.25,392.32101
2022-07-09T03:00:00.000000000,95.23,390.39049
2022-07-09T04:00:00.000000000,89.65,395.6569
2022-07-09T05:00:00.000000000,80.93,395.5702
2022-07-09T06:00:00.000000000,85.2,397.0339
2022-07-09T07:00:00.000000000,70.73,403.61804
2022-07-09T08:00:00.000000000,73.01,399.94706
2022-07-09T09:00:00.000000000,76.2,391.54778
2022-07-09T10:00:00.000000000,78.02,391.22113
2022-07-09T11:00:00.000000000,74.87,395.46421
2022-07-09T12:00:00.000000000,79.1,386.48185
2022-07-09T13:00:00.000000000,72.09,384.85849
2022-07-09T14:00:00.000000000,81.2,370.77001
2022-07-09T15:00:00.000000000,85.64,354.24936
2022-07-09T16:00:00.000000000,80.61,350.31548
2022-07-09T17:00:00.000000000,78.29,347.20773
2022-07-09T18:00:00.000000000,75.44,341.95313
2022-07-09T19:00:00.000000000,73.27,338.49521
2022-07-09T20:00:00.000000000,70.96,328.48736
2022-07-09T21:00:00.000000000,70.17,324.36522
2022-07-09T22:00:00.000000000,63.85,331.40514
2022-07-09T23:00:00.000000000,63.42,338.5245
2022-07-10T00:00:00.000000000,60.1,403.59699
2022-07-10T01:00:00.000000000,62.38,404.70253
2022-07-10T02:00:00.000000000,64.58,420.72057
2022-07-10T03:00:00.000000000,71.48,424.14385
2022-07-10T04:00:00.000000000,67.25,433.57699
2022-07-10T05:00:00.000000000,60.0,438.16011
2022-07-10T06:00:00.000000000,53.12,445.55325
2022-07-10T07:00:00.000000000,63.86,458.66722
2022-07-10T08:00:00.000000000,67.95,459.27653
2022-07-10T09:00:00.000000000,75.53,454.91456
2022-07-10T10:00:00.000000000,70.82,455.22159
2022-07-10T11:00:00.000000000,67.87,456.74563
2022-07-10T12:00:00.000000000,70.36,443.95996
2022-07-10T13:00:00.000000000,71.57,441.44156
2022-07-10T14:00:00.000000000,70.0,425.6611
2022-07-10T15:00:00.000000000,68.55,407.29287
2022-07-10T16:00:00.000000000,62.49,400.79843
2022-07-10T17:00:00.000000000,60.84,397.81485
2022-07-10T18:00:00.000000000,63.43,390.48144
2022-07-10T19:00:00.000000000,65.34,385.81914
2022-07-10T20:00:00.000000000,72.9,375.03849
2022-07-10T21:00:00.000000000,76.29,365.32252
2022-07-10T22:00:00.000000000,77.88,367.16568
2022-07-10T23:00:00.000000000,81.48,369.24399
2022-07-11T00:00:00.000000000,81.37,447.29923
2022-07-11T01:00:00.000000000,78.87,448.55283
2022-07-11T02:00:00.000000000,85.92,462.55101
2022-07-11T03:00:00.000000000,97.53,467.48652
2022-07-11T04:00:00.000000000,106.39,474.11768
2022-07-11T05:00:00.000000000,132.99,478.19092
2022-07-11T06:00:00.000000000,113.28,483.68009
2022-07-11T07:00:00.000000000,107.29,497.83774
2022-07-11T08:00:00.000000000,148.05,500.82284
2022-07-11T09:00:00.000000000,111.94,503.75471
2022-07-11T10:00:00.000000000,121.48,511.46439
2022-07-11T11:00:00.000000000,142.55,517.76149
2022-07-11T12:00:00.000000000,162.34,511.34542
2022-07-11T13:00:00.000000000,170.41,513.90586
2022-07-11T14:00:00.000000000,125.73,501.38955
2022-07-11T15:00:00.000000000,98.22,482.28218
2022-07-11T16:00:00.000000000,92.13,474.41872
2022-07-11T17:00:00.000000000,88.46,468.19968
2022-07-11T18:00:00.000000000,84.9,456.68727
2022-07-11T19:00:00.000000000,85.31,449.99846
2022-07-11T20:00:00.000000000,79.32,441.08816
2022-07-11T21:00:00.000000000,77.13,431.82412
2022-07-11T22:00:00.000000000,79.95,434.55492
2022-07-11T23:00:00.000000000,76.1,434.72321
2022-07-09T00:00:00.000000000,81.66,260.37211
2022-07-09T01:00:00.000000000,85.55,254.93661
2022-07-09T02:00:00.000000000,81.25,259.1817
2022-07-09T03:00:00.000000000,95.23,243.32977
2022-07-09T04:00:00.000000000,89.65,247.47089
2022-07-09T05:00:00.000000000,80.93,246.06065
2022-07-09T06:00:00.000000000,85.2,251.81791
2022-07-09T07:00:00.000000000,70.73,255.52195
2022-07-09T08:00:00.000000000,73.01,254.08472
2022-07-09T09:00:00.000000000,76.2,244.61909
2022-07-09T10:00:00.000000000,78.02,246.83859
2022-07-09T11:00:00.000000000,74.87,254.90979
2022-07-09T12:00:00.000000000,79.1,254.90772
2022-07-09T13:00:00.000000000,72.09,255.51877
2022-07-09T14:00:00.000000000,81.2,247.58418
2022-07-09T15:00:00.000000000,85.64,238.45552
2022-07-09T16:00:00.000000000,80.61,245.01756
2022-07-09T17:00:00.000000000,78.29,246.47954
2022-07-09T18:00:00.000000000,75.44,257.14715
2022-07-09T19:00:00.000000000,73.27,263.56823
2022-07-09T20:00:00.000000000,70.96,258.83631
2022-07-09T21:00:00.000000000,70.17,265.62179
2022-07-09T22:00:00.000000000,63.85,273.12686
2022-07-09T23:00:00.000000000,63.42,276.61522
2022-07-10T00:00:00.000000000,60.1,355.86514
2022-07-10T01:00:00.000000000,62.38,359.26331
2022-07-10T02:00:00.000000000,64.58,376.83993
2022-07-10T03:00:00.000000000,71.48,380.94723
2022-07-10T04:00:00.000000000,67.25,393.09488
2022-07-10T05:00:00.000000000,60.0,400.66191
2022-07-10T06:00:00.000000000,53.12,410.84243
2022-07-10T07:00:00.000000000,63.86,424.62081
2022-07-10T08:00:00.000000000,67.95,427.59077
2022-07-10T09:00:00.000000000,75.53,425.19656
2022-07-10T10:00:00.000000000,70.82,428.43052
2022-07-10T11:00:00.000000000,67.87,432.37316
2022-07-10T12:00:00.000000000,70.36,423.38171
2022-07-10T13:00:00.000000000,71.57,423.32306
2022-07-10T14:00:00.000000000,70.0,409.84906
2022-07-10T15:00:00.000000000,68.55,393.52015
2022-07-10T16:00:00.000000000,62.49,390.75194
2022-07-10T17:00:00.000000000,60.84,388.44843
2022-07-10T18:00:00.000000000,63.43,381.19736
2022-07-10T19:00:00.000000000,65.34,374.68855
2022-07-10T20:00:00.000000000,72.9,360.80641
2022-07-10T21:00:00.000000000,76.29,349.14657
2022-07-10T22:00:00.000000000,77.88,348.4564
2022-07-10T23:00:00.000000000,81.48,348.39642
2022-07-11T00:00:00.000000000,81.37,419.7028
2022-07-11T01:00:00.000000000,78.87,427.07062
2022-07-11T02:00:00.000000000,85.92,448.18963
2022-07-11T03:00:00.000000000,97.53,459.18677
2022-07-11T04:00:00.000000000,106.39,470.0984
2022-07-11T05:00:00.000000000,132.99,478.29259
2022-07-11T06:00:00.000000000,113.28,486.87188
2022-07-11T07:00:00.000000000,107.29,502.2285
2022-07-11T08:00:00.000000000,148.05,505.10851
2022-07-11T09:00:00.000000000,111.94,507.23183
2022-07-11T10:00:00.000000000,121.48,514.52813
2022-07-11T11:00:00.000000000,142.55,520.8289
2022-07-11T12:00:00.000000000,162.34,515.47693
2022-07-11T13:00:00.000000000,170.41,519.82824
2022-07-11T14:00:00.000000000,125.73,508.09786
2022-07-11T15:00:00.000000000,98.22,487.98313
2022-07-11T16:00:00.000000000,92.13,478.30576
2022-07-11T17:00:00.000000000,88.46,468.78475
2022-07-11T18:00:00.000000000,84.9,452.72534
2022-07-11T19:00:00.000000000,85.31,442.78167
2022-07-11T20:00:00.000000000,79.32,430.01925
2022-07-11T21:00:00.000000000,77.13,418.65151
2022-07-11T22:00:00.000000000,79.95,420.37561
2022-07-11T23:00:00.000000000,76.1,421.77276
2022-07-12T00:00:00.000000000,76.1,499.81006
2022-07-12T01:00:00.000000000,75.51,501.9942
2022-07-12T02:00:00.000000000,75.66,515.69324
2022-07-12T03:00:00.000000000,78.24,521.56592
2022-07-12T04:00:00.000000000,110.29,528.77558
2022-07-12T05:00:00.000000000,117.87,532.8344
2022-07-12T06:00:00.000000000,105.13,536.85802
2022-07-12T07:00:00.000000000,100.42,550.28889
2022-07-12T08:00:00.000000000,147.07,550.66482
2022-07-12T09:00:00.000000000,155.27,554.12557
2022-07-12T10:00:00.000000000,164.9,561.30507
2022-07-12T11:00:00.000000000,164.66,567.86168
2022-07-12T12:00:00.000000000,176.59,559.62558
2022-07-12T13:00:00.000000000,168.86,560.58587
2022-07-12T14:00:00.000000000,126.97,547.99175
2022-07-12T15:00:00.000000000,100.62,525.93502
2022-07-12T16:00:00.000000000,91.89,516.3899
2022-07-12T17:00:00.000000000,87.52,505.91831
2022-07-12T18:00:00.000000000,84.6,490.98373
2022-07-12T19:00:00.000000000,81.92,482.95206
2022-07-12T20:00:00.000000000,80.64,471.9792
2022-07-12T21:00:00.000000000,87.97,462.49144
2022-07-12T22:00:00.000000000,79.07,466.35544
2022-07-12T23:00:00.000000000,88.03,465.82877
2022-07-10T00:00:00.000000000,60.1,247.83717
2022-07-10T01:00:00.000000000,62.38,249.55308
2022-07-10T02:00:00.000000000,64.58,259.6264
2022-07-10T03:00:00.000000000,71.48,249.66625
2022-07-10T04:00:00.000000000,67.25,257.417
2022-07-10T05:00:00.000000000,60.0,258.93796
2022-07-10T06:00:00.000000000,53.12,265.49169
2022-07-10T07:00:00.000000000,63.86,269.21261
2022-07-10T08:00:00.000000000,67.95,266.30974
2022-07-10T09:00:00.000000000,75.53,255.57466
2022-07-10T10:00:00.000000000,70.82,256.86141
2022-07-10T11:00:00.000000000,67.87,264.3141
2022-07-10T12:00:00.000000000,70.36,263.23218
2022-07-10T13:00:00.000000000,71.57,263.60569
2022-07-10T14:00:00.000000000,70.0,253.85658
2022-07-10T15:00:00.000000000,68.55,242.21751
2022-07-10T16:00:00.000000000,62.49,247.27301
2022-07-10T17:00:00.000000000,60.84,246.73969
2022-07-10T18:00:00.000000000,63.43,252.58563
2022-07-10T19:00:00.000000000,65.34,255.2077
2022-07-10T20:00:00.000000000,72.9,247.26759
2022-07-10T21:00:00.000000000,76.29,252.1023
2022-07-10T22:00:00.000000000,77.88,260.46527
2022-07-10T23:00:00.000000000,81.48,266.47026
2022-07-11T00:00:00.000000000,81.37,361.34139
2022-07-11T01:00:00.000000000,78.87,365.27697
2022-07-11T02:00:00.000000000,85.92,383.00875
2022-07-11T03:00:00.000000000,97.53,386.51345
2022-07-11T04:00:00.000000000,106.39,393.95012
2022-07-11T05:00:00.000000000,132.99,399.00429
2022-07-11T06:00:00.000000000,113.28,405.8834
2022-07-11T07:00:00.000000000,107.29,417.26674
2022-07-11T08:00:00.000000000,148.05,421.50719
2022-07-11T09:00:00.000000000,111.94,422.60694
2022-07-11T10:00:00.000000000,121.48,431.78628
2022-07-11T11:00:00.000000000,142.55,440.62357
2022-07-11T12:00:00.000000000,162.34,439.33917
2022-07-11T13:00:00.000000000,170.41,444.06227
2022-07-11T14:00:00.000000000,125.73,433.74625
2022-07-11T15:00:00.000000000,98.22,417.46079
2022-07-11T16:00:00.000000000,92.13,411.78168
2022-07-11T17:00:00.000000000,88.46,405.3662
2022-07-11T18:00:00.000000000,84.9,395.79496
2022-07-11T19:00:00.000000000,85.31,390.2462
2022-07-11T20:00:00.000000000,79.32,381.52795
2022-07-11T21:00:00.000000000,77.13,376.59748
2022-07-11T22:00:00.000000000,79.95,381.55721
2022-07-11T23:00:00.000000000,76.1,385.19751
2022-07-12T00:00:00.000000000,76.1,456.73505
2022-07-12T01:00:00.000000000,75.51,460.93187
2022-07-12T02:00:00.000000000,75.66,478.65386
2022-07-12T03:00:00.000000000,78.24,486.87109
2022-07-12T04:00:00.000000000,110.29,494.52791
2022-07-12T05:00:00.000000000,117.87,498.23762
2022-07-12T06:00:00.000000000,105.13,502.48563
2022-07-12T07:00:00.000000000,100.42,515.6098
2022-07-12T08:00:00.000000000,147.07,517.13838
2022-07-12T09:00:00.000000000,155.27,517.53993
2022-07-12T10:00:00.000000000,164.9,522.93055
2022-07-12T11:00:00.000000000,164.66,527.85628
2022-07-12T12:00:00.000000000,176.59,518.91947
2022-07-12T13:00:00.000000000,168.86,519.68312
2022-07-12T14:00:00.000000000,126.97,505.02362
2022-07-12T15:00:00.000000000,100.62,483.00917
2022-07-12T16:00:00.000000000,91.89,472.52229
2022-07-12T17:00:00.000000000,87.52,463.29786
2022-07-12T18:00:00.000000000,84.6,449.44929
2022-07-12T19:00:00.000000000,81.92,442.33062
2022-07-12T20:00:00.000000000,80.64,432.7932
2022-07-12T21:00:00.000000000,87.97,424.51478
2022-07-12T22:00:00.000000000,79.07,428.90792
2022-07-12T23:00:00.000000000,88.03,431.77372
2022-07-13T00:00:00.000000000,93.88,495.00801
2022-07-13T01:00:00.000000000,100.0,489.44823
2022-07-13T02:00:00.000000000,103.23,499.90166
2022-07-13T03:00:00.000000000,118.35,503.7408
2022-07-13T04:00:00.000000000,133.9,511.2048
2022-07-13T05:00:00.000000000,115.23,512.05637
2022-07-13T06:00:00.000000000,105.16,513.69838
2022-07-13T07:00:00.000000000,80.65,526.11851
2022-07-13T08:00:00.000000000,64.48,525.95073
2022-07-13T09:00:00.000000000,59.56,524.16181
2022-07-13T10:00:00.000000000,56.98,526.68592
2022-07-13T11:00:00.000000000,56.38,530.57825
2022-07-13T12:00:00.000000000,64.78,516.11811
2022-07-13T13:00:00.000000000,62.75,513.00854
2022-07-13T14:00:00.000000000,61.89,496.67751
2022-07-13T15:00:00.000000000,60.52,474.2419
2022-07-13T16:00:00.000000000,63.54,465.47921
2022-07-13T17:00:00.000000000,67.41,459.25175
2022-07-13T18:00:00.000000000,66.28,450.49106
2022-07-13T19:00:00.000000000,70.18,446.75683
2022-07-13T20:00:00.000000000,66.91,438.68687
2022-07-13T21:00:00.000000000,70.49,429.56797
2022-07-13T22:00:00.000000000,68.8,431.41191
2022-07-13T23:00:00.000000000,63.73,429.35376
2022-07-11T00:00:00.000000000,81.37,224.01714
2022-07-11T01:00:00.000000000,78.87,229.6202
2022-07-11T02:00:00.000000000,85.92,249.06032
2022-07-11T03:00:00.000000000,97.53,252.98116
2022-07-11T04:00:00.000000000,106.39,270.52866
2022-07-11T05:00:00.000000000,132.99,285.80095
2022-07-11T06:00:00.000000000,113.28,304.00967
2022-07-11T07:00:00.000000000,107.29,318.54796
2022-07-11T08:00:00.000000000,148.05,327.39631
2022-07-11T09:00:00.000000000,111.94,330.43579
2022-07-11T10:00:00.000000000,121.48,343.27492
2022-07-11T11:00:00.000000000,142.55,356.26873
2022-07-11T12:00:00.000000000,162.34,363.0232
2022-07-11T13:00:00.000000000,170.41,373.7045
2022-07-11T14:00:00.000000000,125.73,370.03739
2022-07-11T15:00:00.000000000,98.22,360.60603
2022-07-11T16:00:00.000000000,92.13,367.08928
2022-07-11T17:00:00.000000000,88.46,364.90221
2022-07-11T18:00:00.000000000,84.9,359.20164
2022-07-11T19:00:00.000000000,85.31,349.73705
2022-07-11T20:00:00.000000000,79.32,330.83205
2022-07-11T21:00:00.000000000,77.13,320.18163
2022-07-11T22:00:00.000000000,79.95,314.88015
2022-07-11T23:00:00.000000000,76.1,309.06877
2022-07-12T00:00:00.000000000,76.1,410.71263
2022-07-12T01:00:00.000000000,75.51,412.88477
2022-07-12T02:00:00.000000000,75.66,429.82287
2022-07-12T03:00:00.000000000,78.24,435.56901
2022-07-12T04:00:00.000000000,110.29,444.46631
2022-07-12T05:00:00.000000000,117.87,449.62094
2022-07-12T06:00:00.000000000,105.13,456.81744
2022-07-12T07:00:00.000000000,100.42,470.65802
2022-07-12T08:00:00.000000000,147.07,473.27102
2022-07-12T09:00:00.000000000,155.27,472.53824
2022-07-12T10:00:00.000000000,164.9,477.60384
2022-07-12T11:00:00.000000000,164.66,482.05667
2022-07-12T12:00:00.000000000,176.59,474.2012
2022-07-12T13:00:00.000000000,168.86,476.02324
2022-07-12T14:00:00.000000000,126.97,461.99671
2022-07-12T15:00:00.000000000,100.62,443.21294
2022-07-12T16:00:00.000000000,91.89,434.67047
2022-07-12T17:00:00.000000000,87.52,428.61503
2022-07-12T18:00:00.000000000,84.6,417.3724
2022-07-12T19:00:00.000000000,81.92,409.47703
2022-07-12T20:00:00.000000000,80.64,397.37509
2022-07-12T21:00:00.000000000,87.97,386.66467
2022-07-12T22:00:00.000000000,79.07,387.77682
2022-07-12T23:00:00.000000000,88.03,389.01009
2022-07-13T00:00:00.000000000,93.88,459.27191
2022-07-13T01:00:00.000000000,100.0,456.55011
2022-07-13T02:00:00.000000000,103.23,469.81436
2022-07-13T03:00:00.000000000,118.35,473.79295
2022-07-13T04:00:00.000000000,133.9,481.214
2022-07-13T05:00:00.000000000,115.23,483.20974
2022-07-13T06:00:00.000000000,105.16,487.04466
2022-07-13T07:00:00.000000000,80.65,499.62166
2022-07-13T08:00:00.000000000,64.48,499.31942
2022-07-13T09:00:00.000000000,59.56,494.93024
2022-07-13T10:00:00.000000000,56.98,494.69994
2022-07-13T11:00:00.000000000,56.38,495.79165
2022-07-13T12:00:00.000000000,64.78,480.62518
2022-07-13T13:00:00.000000000,62.75,477.05888
2022-07-13T14:00:00.000000000,61.89,460.11137
2022-07-13T15:00:00.000000000,60.52,439.4251
2022-07-13T16:00:00.000000000,63.54,431.07202
2022-07-13T17:00:00.000000000,67.41,427.19275
2022-07-13T18:00:00.000000000,66.28,419.03708
2022-07-13T19:00:00.000000000,70.18,415.51677
2022-07-13T20:00:00.000000000,66.91,407.14092
2022-07-13T21:00:00.000000000,70.49,398.10924
2022-07-13T22:00:00.000000000,68.8,400.50002
2022-07-13T23:00:00.000000000,63.73,401.79028
2022-07-14T00:00:00.000000000,67.85,477.74151
2022-07-14T01:00:00.000000000,69.09,478.00443
2022-07-14T02:00:00.000000000,70.83,492.06148
2022-07-14T03:00:00.000000000,76.22,498.23008
2022-07-14T04:00:00.000000000,87.65,506.09159
2022-07-14T05:00:00.000000000,80.11,510.6802
2022-07-14T06:00:00.000000000,66.42,517.22115
2022-07-14T07:00:00.000000000,64.93,533.37832
2022-07-14T08:00:00.000000000,62.2,537.43056
2022-07-14T09:00:00.000000000,62.21,541.51808
2022-07-14T10:00:00.000000000,69.85,548.44649
2022-07-14T11:00:00.000000000,74.11,554.57747
2022-07-14T12:00:00.000000000,67.28,545.36042
2022-07-14T13:00:00.000000000,67.2,545.89688
2022-07-14T14:00:00.000000000,71.44,532.68724
2022-07-14T15:00:00.000000000,73.12,511.08708
2022-07-14T16:00:00.000000000,69.32,502.25383
2022-07-14T17:00:00.000000000,73.71,493.93958
2022-07-14T18:00:00.000000000,75.19,482.49324
2022-07-14T19:00:00.000000000,78.82,476.77605
2022-07-14T20:00:00.000000000,80.83,467.93884
2022-07-14T21:00:00.000000000,81.03,458.1572
2022-07-14T22:00:00.000000000,78.98,459.08172
2022-07-14T23:00:00.000000000,77.88,455.80216
2022-07-12T00:00:00.000000000,76.1,237.51618
2022-07-12T01:00:00.000000000,75.51,247.43844
2022-07-12T02:00:00.000000000,75.66,269.93711
2022-07-12T03:00:00.000000000,78.24,276.56645
2022-07-12T04:00:00.000000000,110.29,296.32628
2022-07-12T05:00:00.000000000,117.87,311.50829
2022-07-12T06:00:00.000000000,105.13,329.56555
2022-07-12T07:00:00.000000000,100.42,345.19676
2022-07-12T08:00:00.000000000,147.07,352.63435
2022-07-12T09:00:00.000000000,155.27,354.29339
2022-07-12T10:00:00.000000000,164.9,364.51591
2022-07-12T11:00:00.000000000,164.66,373.66742
2022-07-12T12:00:00.000000000,176.59,373.7458
2022-07-12T13:00:00.000000000,168.86,379.34071
2022-07-12T14:00:00.000000000,126.97,370.35342
2022-07-12T15:00:00.000000000,100.62,356.99108
2022-07-12T16:00:00.000000000,91.89,359.68762
2022-07-12T17:00:00.000000000,87.52,355.69301
2022-07-12T18:00:00.000000000,84.6,347.69734
2022-07-12T19:00:00.000000000,81.92,336.71354
2022-07-12T20:00:00.000000000,80.64,315.1898
2022-07-12T21:00:00.000000000,87.97,301.47769
2022-07-12T22:00:00.000000000,79.07,297.25444
2022-07-12T23:00:00.000000000,88.03,293.21526
2022-07-13T00:00:00.000000000,93.88,401.08614
2022-07-13T01:00:00.000000000,100.0,403.08753
2022-07-13T02:00:00.000000000,103.23,418.95781
2022-07-13T03:00:00.000000000,118.35,421.82172
2022-07-13T04:00:00.000000000,133.9,432.1807
2022-07-13T05:00:00.000000000,115.23,437.1526
2022-07-13T06:00:00.000000000,105.16,445.78972
2022-07-13T07:00:00.000000000,80.65,460.16102
2022-07-13T08:00:00.000000000,64.48,460.53316
2022-07-13T09:00:00.000000000,59.56,455.69661
2022-07-13T10:00:00.000000000,56.98,454.19623
2022-07-13T11:00:00.000000000,56.38,454.56791
2022-07-13T12:00:00.000000000,64.78,439.59066
2022-07-13T13:00:00.000000000,62.75,435.47161
2022-07-13T14:00:00.000000000,61.89,418.4593
2022-07-13T15:00:00.000000000,60.52,399.85061
2022-07-13T16:00:00.000000000,63.54,393.96289
2022-07-13T17:00:00.000000000,67.41,392.51385
2022-07-13T18:00:00.000000000,66.28,385.92544
2022-07-13T19:00:00.000000000,70.18,381.16062
2022-07-13T20:00:00.000000000,66.91,369.64789
2022-07-13T21:00:00.000000000,70.49,358.756
2022-07-13T22:00:00.000000000,68.8,360.04855
2022-07-13T23:00:00.000000000,63.73,362.04797
2022-07-14T00:00:00.000000000,67.85,425.95475
2022-07-14T01:00:00.000000000,69.09,433.74202
2022-07-14T02:00:00.000000000,70.83,455.07363
2022-07-14T03:00:00.000000000,76.22,467.02387
2022-07-14T04:00:00.000000000,87.65,479.75894
2022-07-14T05:00:00.000000000,80.11,490.32692
2022-07-14T06:00:00.000000000,66.42,502.5145
2022-07-14T07:00:00.000000000,64.93,521.7991
2022-07-14T08:00:00.000000000,62.2,526.86145
2022-07-14T09:00:00.000000000,62.21,531.3134
2022-07-14T10:00:00.000000000,69.85,537.9619
2022-07-14T11:00:00.000000000,74.11,543.8707
2022-07-14T12:00:00.000000000,67.28,537.14364
2022-07-14T13:00:00.000000000,67.2,541.25199
2022-07-14T14:00:00.000000000,71.44,530.42121
2022-07-14T15:00:00.000000000,73.12,510.55349
2022-07-14T16:00:00.000000000,69.32,502.40008
2022-07-14T17:00:00.000000000,73.71,493.99807
2022-07-14T18:00:00.000000000,75.19,478.10415
2022-07-14T19:00:00.000000000,78.82,467.5455
2022-07-14T20:00:00.000000000,80.83,453.08998
2022-07-14T21:00:00.000000000,81.03,438.33907
2022-07-14T22:00:00.000000000,78.98,436.11166
2022-07-14T23:00:00.000000000,77.88,433.65436
2022-07-15T00:00:00.000000000,74.48,511.16968
2022-07-15T01:00:00.000000000,83.76,516.58817
2022-07-15T02:00:00.000000000,81.86,533.04542
2022-07-15T03:00:00.000000000,111.2,541.69136
2022-07-15T04:00:00.000000000,105.6,553.61593
2022-07-15T05:00:00.000000000,138.49,564.59154
2022-07-15T06:00:00.000000000,110.62,575.80132
2022-07-15T07:00:00.000000000,98.52,595.06235
2022-07-15T08:00:00.000000000,77.85,598.18641
2022-07-15T09:00:00.000000000,69.54,607.64485
2022-07-15T10:00:00.000000000,64.0,617.0563
2022-07-15T11:00:00.000000000,65.19,623.71263
2022-07-15T12:00:00.000000000,66.62,614.72946
2022-07-15T13:00:00.000000000,61.53,614.47525
2022-07-15T14:00:00.000000000,53.78,603.69925
2022-07-15T15:00:00.000000000,53.61,580.74433
2022-07-15T16:00:00.000000000,54.7,571.14848
2022-07-15T17:00:00.000000000,57.99,558.64708
2022-07-15T18:00:00.000000000,60.61,539.59311
2022-07-15T19:00:00.000000000,56.18,529.68252
2022-07-15T20:00:00.000000000,58.64,515.03135
2022-07-15T21:00:00.000000000,65.53,502.78504
2022-07-15T22:00:00.000000000,75.88,505.41271
2022-07-15T23:00:00.000000000,75.33,502.36346
2022-07-13T00:00:00.000000000,93.88,248.34317
2022-07-13T01:00:00.000000000,100.0,244.38254
2022-07-13T02:00:00.000000000,103.23,250.01914
2022-07-13T03:00:00.000000000,118.35,235.75015
2022-07-13T04:00:00.000000000,133.9,241.43177
2022-07-13T05:00:00.000000000,115.23,241.47778
2022-07-13T06:00:00.000000000,105.16,248.29369
2022-07-13T07:00:00.000000000,80.65,252.39174
2022-07-13T08:00:00.000000000,64.48,251.51487
2022-07-13T09:00:00.000000000,59.56,242.77979
2022-07-13T10:00:00.000000000,56.98,246.13095
2022-07-13T11:00:00.000000000,56.38,254.64353
2022-07-13T12:00:00.000000000,64.78,255.32841
2022-07-13T13:00:00.000000000,62.75,256.44199
2022-07-13T14:00:00.000000000,61.89,248.53433
2022-07-13T15:00:00.000000000,60.52,239.06456
2022-07-13T16:00:00.000000000,63.54,245.58381
2022-07-13T17:00:00.000000000,67.41,246.34685
2022-07-13T18:00:00.000000000,66.28,256.13699
2022-07-13T19:00:00.000000000,70.18,261.65056
2022-07-13T20:00:00.000000000,66.91,256.03395
2022-07-13T21:00:00.000000000,70.49,262.38079
2022-07-13T22:00:00.000000000,68.8,269.72236
2022-07-13T23:00:00.000000000,63.73,272.79385
2022-07-14T00:00:00.000000000,67.85,366.87551
2022-07-14T01:00:00.000000000,69.09,368.64473
2022-07-14T02:00:00.000000000,70.83,384.82187
2022-07-14T03:00:00.000000000,76.22,388.70229
2022-07-14T04:00:00.000000000,87.65,400.14242
2022-07-14T05:00:00.000000000,80.11,407.61261
2022-07-14T06:00:00.000000000,66.42,417.90815
2022-07-14T07:00:00.000000000,64.93,432.4254
2022-07-14T08:00:00.000000000,62.2,436.54024
2022-07-14T09:00:00.000000000,62.21,436.01109
2022-07-14T10:00:00.000000000,69.85,440.98601
2022-07-14T11:00:00.000000000,74.11,445.57098
2022-07-14T12:00:00.000000000,67.28,437.6805
2022-07-14T13:00:00.000000000,67.2,438.72637
2022-07-14T14:00:00.000000000,71.44,425.77876
2022-07-14T15:00:00.000000000,73.12,409.72943
2022-07-14T16:00:00.000000000,69.32,406.62918
2022-07-14T17:00:00.000000000,73.71,404.54945
2022-07-14T18:00:00.000000000,75.19,397.36016
2022-07-14T19:00:00.000000000,78.82,390.83529
2022-07-14T20:00:00.000000000,80.83,377.85806
2022-07-14T21:00:00.000000000,81.03,365.88648
2022-07-14T22:00:00.000000000,78.98,364.51156
2022-07-14T23:00:00.000000000,77.88,363.04209
2022-07-15T00:00:00.000000000,74.48,456.85714
2022-07-15T01:00:00.000000000,83.76,462.16104
2022-07-15T02:00:00.000000000,81.86,481.22513
2022-07-15T03:00:00.000000000,111.2,490.08804
2022-07-15T04:00:00.000000000,105.6,498.084
2022-07-15T05:00:00.000000000,138.49,501.55462
2022-07-15T06:00:00.000000000,110.62,505.00475
2022-07-15T07:00:00.000000000,98.52,517.43871
2022-07-15T08:00:00.000000000,77.85,517.84305
2022-07-15T09:00:00.000000000,69.54,516.57451
2022-07-15T10:00:00.000000000,64.0,520.42952
2022-07-15T11:00:00.000000000,65.19,525.18804
2022-07-15T12:00:00.000000000,66.62,515.61222
2022-07-15T13:00:00.000000000,61.53,516.09824
2022-07-15T14:00:00.000000000,53.78,500.93914
2022-07-15T15:00:00.000000000,53.61,478.63124
2022-07-15T16:00:00.000000000,54.7,467.88602
2022-07-15T17:00:00.000000000,57.99,458.73832
2022-07-15T18:00:00.000000000,60.61,444.84774
2022-07-15T19:00:00.000000000,56.18,437.82692
2022-07-15T20:00:00.000000000,58.64,428.76321
2022-07-15T21:00:00.000000000,65.53,420.53069
2022-07-15T22:00:00.000000000,75.88,425.13385
2022-07-15T23:00:00.000000000,75.33,429.30342
2022-07-16T00:00:00.000000000,74.71,512.44176
2022-07-16T01:00:00.000000000,71.94,517.62249
2022-07-16T02:00:00.000000000,69.57,534.48782
2022-07-16T03:00:00.000000000,80.13,544.24013
2022-07-16T04:00:00.000000000,75.53,554.55027
2022-07-16T05:00:00.000000000,70.06,561.21905
2022-07-16T06:00:00.000000000,65.53,565.82175
2022-07-16T07:00:00.000000000,60.45,579.33297
2022-07-16T08:00:00.000000000,56.44,578.263
2022-07-16T09:00:00.000000000,59.84,582.06239
2022-07-16T10:00:00.000000000,60.98,589.36882
2022-07-16T11:00:00.000000000,66.02,596.01394
2022-07-16T12:00:00.000000000,66.93,587.27391
2022-07-16T13:00:00.000000000,68.64,588.5556
2022-07-16T14:00:00.000000000,65.71,577.06661
2022-07-16T15:00:00.000000000,65.33,553.27386
2022-07-16T16:00:00.000000000,71.23,542.15576
2022-07-16T17:00:00.000000000,75.8,527.66967
2022-07-16T18:00:00.000000000,74.14,507.75671
2022-07-16T19:00:00.000000000,79.71,496.75715
2022-07-16T20:00:00.000000000,84.39,481.86085
2022-07-16T21:00:00.000000000,90.86,470.2748
2022-07-16T22:00:00.000000000,85.36,473.86797
2022-07-16T23:00:00.000000000,88.01,473.08895
2022-07-14T00:00:00.000000000,67.85,225.94312
2022-07-14T01:00:00.000000000,69.09,222.83566
2022-07-14T02:00:00.000000000,70.83,231.09413
2022-07-14T03:00:00.000000000,76.22,222.55406
2022-07-14T04:00:00.000000000,87.65,232.7773
2022-07-14T05:00:00.000000000,80.11,240.47036
2022-07-14T06:00:00.000000000,66.42,254.19455
2022-07-14T07:00:00.000000000,64.93,264.41003
2022-07-14T08:00:00.000000000,62.2,271.87058
2022-07-14T09:00:00.000000000,62.21,273.74348
2022-07-14T10:00:00.000000000,69.85,286.64095
2022-07-14T11:00:00.000000000,74.11,299.72172
2022-07-14T12:00:00.000000000,67.28,305.92818
2022-07-14T13:00:00.000000000,67.2,312.64865
2022-07-14T14:00:00.000000000,71.44,308.21324
2022-07-14T15:00:00.000000000,73.12,300.69242
2022-07-14T16:00:00.000000000,69.32,309.94901
2022-07-14T17:00:00.000000000,73.71,311.96203
2022-07-14T18:00:00.000000000,75.19,317.71671
2022-07-14T19:00:00.000000000,78.82,318.21285
2022-07-14T20:00:00.000000000,80.83,309.27417
2022-07-14T21:00:00.000000000,81.03,308.89272
2022-07-14T22:00:00.000000000,78.98,310.127
2022-07-14T23:00:00.000000000,77.88,305.12259
2022-07-15T00:00:00.000000000,74.48,408.28363
2022-07-15T01:00:00.000000000,83.76,411.88497
2022-07-15T02:00:00.000000000,81.86,430.98562
2022-07-15T03:00:00.000000000,111.2,437.66142
2022-07-15T04:00:00.000000000,105.6,445.67266
2022-07-15T05:00:00.000000000,138.49,449.4215
2022-07-15T06:00:00.000000000,110.62,453.62449
2022-07-15T07:00:00.000000000,98.52,464.18447
2022-07-15T08:00:00.000000000,77.85,464.59581
2022-07-15T09:00:00.000000000,69.54,461.45654
2022-07-15T10:00:00.000000000,64.0,465.94169
2022-07-15T11:00:00.000000000,65.19,470.72475
2022-07-15T12:00:00.000000000,66.62,463.27783
2022-07-15T13:00:00.000000000,61.53,464.81212
2022-07-15T14:00:00.000000000,53.78,450.64201
2022-07-15T15:00:00.000000000,53.61,430.99922
2022-07-15T16:00:00.000000000,54.7,421.01528
2022-07-15T17:00:00.000000000,57.99,412.77886
2022-07-15T18:00:00.000000000,60.61,400.6365
2022-07-15T19:00:00.000000000,56.18,393.80465
2022-07-15T20:00:00.000000000,58.64,383.37235
2022-07-15T21:00:00.000000000,65.53,376.20039
2022-07-15T22:00:00.000000000,75.88,381.08506
2022-07-15T23:00:00.000000000,75.33,386.03461
2022-07-16T00:00:00.000000000,74.71,459.79388
2022-07-16T01:00:00.000000000,71.94,462.33694
2022-07-16T02:00:00.000000000,69.57,479.82746
2022-07-16T03:00:00.000000000,80.13,488.31595
2022-07-16T04:00:00.000000000,75.53,496.3112
2022-07-16T05:00:00.000000000,70.06,499.40135
2022-07-16T06:00:00.000000000,65.53,502.79237
2022-07-16T07:00:00.000000000,60.45,515.03223
2022-07-16T08:00:00.000000000,56.44,515.79366
2022-07-16T09:00:00.000000000,59.84,514.04636
2022-07-16T10:00:00.000000000,60.98,517.62028
2022-07-16T11:00:00.000000000,66.02,521.13864
2022-07-16T12:00:00.000000000,66.93,509.8777
2022-07-16T13:00:00.000000000,68.64,509.07294
2022-07-16T14:00:00.000000000,65.71,492.96571
2022-07-16T15:00:00.000000000,65.33,470.25785
2022-07-16T16:00:00.000000000,71.23,459.51638
2022-07-16T17:00:00.000000000,75.8,450.83012
2022-07-16T18:00:00.000000000,74.14,437.87351
2022-07-16T19:00:00.000000000,79.71,431.75183
2022-07-16T20:00:00.000000000,84.39,422.6669
2022-07-16T21:00:00.000000000,90.86,414.91341
2022-07-16T22:00:00.000000000,85.36,419.37011
2022-07-16T23:00:00.000000000,88.01,422.41708
2022-07-17T00:00:00.000000000,84.73,473.42585
2022-07-17T01:00:00.000000000,83.29,479.83375
2022-07-17T02:00:00.000000000,88.52,499.15201
2022-07-17T03:00:00.000000000,95.28,510.44407
2022-07-17T04:00:00.000000000,92.4,521.29555
2022-07-17T05:00:00.000000000,78.31,529.19312
2022-07-17T06:00:00.000000000,70.31,536.54245
2022-07-17T07:00:00.000000000,63.6,552.39413
2022-07-17T08:00:00.000000000,61.11,554.70627
2022-07-17T09:00:00.000000000,67.79,559.17883
2022-07-17T10:00:00.000000000,67.42,567.16634
2022-07-17T11:00:00.000000000,66.85,574.21872
2022-07-17T12:00:00.000000000,68.05,566.8676
2022-07-17T13:00:00.000000000,71.6,569.33898
2022-07-17T14:00:00.000000000,69.53,557.41428
2022-07-17T15:00:00.000000000,50.74,534.6017
2022-07-17T16:00:00.000000000,59.21,523.80996
2022-07-17T17:00:00.000000000,63.62,511.22117
2022-07-17T18:00:00.000000000,68.59,493.34643
2022-07-17T19:00:00.000000000,74.45,483.05587
2022-07-17T20:00:00.000000000,78.83,469.77229
2022-07-17T21:00:00.000000000,85.05,457.70026
2022-07-17T22:00:00.000000000,82.65,459.30469
2022-07-17T23:00:00.000000000,88.72,458.14429
2022-07-15T00:00:00.000000000,74.48,256.97772
2022-07-15T01:00:00.000000000,83.76,263.48792
2022-07-15T02:00:00.000000000,81.86,280.59631
2022-07-15T03:00:00.000000000,111.2,278.71421
2022-07-15T04:00:00.000000000,105.6,290.00685
2022-07-15T05:00:00.000000000,138.49,296.01379
2022-07-15T06:00:00.000000000,110.62,304.67641
2022-07-15T07:00:00.000000000,98.52,311.74267
2022-07-15T08:00:00.000000000,77.85,311.6324
2022-07-15T09:00:00.000000000,69.54,305.04034
2022-07-15T10:00:00.000000000,64.0,309.84146
2022-07-15T11:00:00.000000000,65.19,318.33712
2022-07-15T12:00:00.000000000,66.62,317.73554
2022-07-15T13:00:00.000000000,61.53,320.35741
2022-07-15T14:00:00.000000000,53.78,310.06226
2022-07-15T15:00:00.000000000,53.61,296.33819
2022-07-15T16:00:00.000000000,54.7,297.88475
2022-07-15T17:00:00.000000000,57.99,293.20601
2022-07-15T18:00:00.000000000,60.61,289.57684
2022-07-15T19:00:00.000000000,56.18,284.12556
2022-07-15T20:00:00.000000000,58.64,268.81645
2022-07-15T21:00:00.000000000,65.53,266.37036
2022-07-15T22:00:00.000000000,75.88,271.6235
2022-07-15T23:00:00.000000000,75.33,276.39296
2022-07-16T00:00:00.000000000,74.71,377.23045
2022-07-16T01:00:00.000000000,71.94,379.66141
2022-07-16T02:00:00.000000000,69.57,396.81213
2022-07-16T03:00:00.000000000,80.13,401.18284
2022-07-16T04:00:00.000000000,75.53,412.69081
2022-07-16T05:00:00.000000000,70.06,419.64309
2022-07-16T06:00:00.000000000,65.53,429.53785
2022-07-16T07:00:00.000000000,60.45,443.93576
2022-07-16T08:00:00.000000000,56.44,446.65278
2022-07-16T09:00:00.000000000,59.84,444.20668
2022-07-16T10:00:00.000000000,60.98,446.518
2022-07-16T11:00:00.000000000,66.02,449.25697
2022-07-16T12:00:00.000000000,66.93,438.44127
2022-07-16T13:00:00.000000000,68.64,437.35725
2022-07-16T14:00:00.000000000,65.71,422.84575
2022-07-16T15:00:00.000000000,65.33,405.59045
2022-07-16T16:00:00.000000000,71.23,401.1103
2022-07-16T17:00:00.000000000,75.8,398.70798
2022-07-16T18:00:00.000000000,74.14,391.35555
2022-07-16T19:00:00.000000000,79.71,385.60676
2022-07-16T20:00:00.000000000,84.39,373.15593
2022-07-16T21:00:00.000000000,90.86,361.75622
2022-07-16T22:00:00.000000000,85.36,361.55805
2022-07-16T23:00:00.000000000,88.01,361.73538
2022-07-17T00:00:00.000000000,84.73,426.63716
2022-07-17T01:00:00.000000000,83.29,433.34773
2022-07-17T02:00:00.000000000,88.52,453.65231
2022-07-17T03:00:00.000000000,95.28,463.46023
2022-07-17T04:00:00.000000000,92.4,473.26786
2022-07-17T05:00:00.000000000,78.31,480.08768
2022-07-17T06:00:00.000000000,70.31,488.20748
2022-07-17T07:00:00.000000000,63.6,504.10723
2022-07-17T08:00:00.000000000,61.11,508.09298
2022-07-17T09:00:00.000000000,67.79,510.54387
2022-07-17T10:00:00.000000000,67.42,517.23998
2022-07-17T11:00:00.000000000,66.85,523.00582
2022-07-17T12:00:00.000000000,68.05,516.17142
2022-07-17T13:00:00.000000000,71.6,519.08092
2022-07-17T14:00:00.000000000,69.53,506.01469
2022-07-17T15:00:00.000000000,50.74,485.46497
2022-07-17T16:00:00.000000000,59.21,475.80484
2022-07-17T17:00:00.000000000,63.62,467.10663
2022-07-17T18:00:00.000000000,68.59,452.24261
2022-07-17T19:00:00.000000000,74.45,442.98899
2022-07-17T20:00:00.000000000,78.83,431.01693
2022-07-17T21:00:00.000000000,85.05,419.90984
2022-07-17T22:00:00.000000000,82.65,421.47549
2022-07-17T23:00:00.000000000,88.72,422.83475
2022-07-18T00:00:00.000000000,93.2,469.44489
2022-07-18T01:00:00.000000000,85.13,469.2257
2022-07-18T02:00:00.000000000,80.27,482.22687
2022-07-18T03:00:00.000000000,81.53,489.07934
2022-07-18T04:00:00.000000000,69.06,499.37915
2022-07-18T05:00:00.000000000,62.11,507.6315
2022-07-18T06:00:00.000000000,61.96,516.27069
2022-07-18T07:00:00.000000000,65.08,533.76516
2022-07-18T08:00:00.000000000,66.9,536.87452
2022-07-18T09:00:00.000000000,68.53,542.61125
2022-07-18T10:00:00.000000000,64.77,550.99593
2022-07-18T11:00:00.000000000,64.87,557.81533
2022-07-18T12:00:00.000000000,69.7,550.87755
2022-07-18T13:00:00.000000000,67.11,554.67969
2022-07-18T14:00:00.000000000,56.66,544.798
2022-07-18T15:00:00.000000000,56.5,525.84313
2022-07-18T16:00:00.000000000,52.76,518.88386
2022-07-18T17:00:00.000000000,56.71,511.47367
2022-07-18T18:00:00.000000000,57.42,496.65098
2022-07-18T19:00:00.000000000,68.45,486.43356
2022-07-18T20:00:00.000000000,71.5,471.92393
2022-07-18T21:00:00.000000000,70.2,456.27094
2022-07-18T22:00:00.000000000,71.71,453.62757
2022-07-18T23:00:00.000000000,79.63,448.08947
2022-07-16T00:00:00.000000000,74.71,257.09163
2022-07-16T01:00:00.000000000,71.94,261.03037
2022-07-16T02:00:00.000000000,69.57,275.49812
2022-07-16T03:00:00.000000000,80.13,271.52683
2022-07-16T04:00:00.000000000,75.53,282.12135
2022-07-16T05:00:00.000000000,70.06,287.57325
2022-07-16T06:00:00.000000000,65.53,296.14384
2022-07-16T07:00:00.000000000,60.45,302.95172
2022-07-16T08:00:00.000000000,56.44,302.99123
2022-07-16T09:00:00.000000000,59.84,296.60272
2022-07-16T10:00:00.000000000,60.98,301.69504
2022-07-16T11:00:00.000000000,66.02,310.22655
2022-07-16T12:00:00.000000000,66.93,309.48767
2022-07-16T13:00:00.000000000,68.64,311.77829
2022-07-16T14:00:00.000000000,65.71,301.86228
2022-07-16T15:00:00.000000000,65.33,289.16019
2022-07-16T16:00:00.000000000,71.23,292.14167
2022-07-16T17:00:00.000000000,75.8,289.14928
2022-07-16T18:00:00.000000000,74.14,288.05571
2022-07-16T19:00:00.000000000,79.71,284.16059
2022-07-16T20:00:00.000000000,84.39,270.04172
2022-07-16T21:00:00.000000000,90.86,267.69406
2022-07-16T22:00:00.000000000,85.36,272.2632
2022-07-16T23:00:00.000000000,88.01,275.2603
2022-07-17T00:00:00.000000000,84.73,363.76962
2022-07-17T01:00:00.000000000,83.29,369.68979
2022-07-17T02:00:00.000000000,88.52,390.73286
2022-07-17T03:00:00.000000000,95.28,399.23705
2022-07-17T04:00:00.000000000,92.4,412.21809
2022-07-17T05:00:00.000000000,78.31,421.44061
2022-07-17T06:00:00.000000000,70.31,432.39943
2022-07-17T07:00:00.000000000,63.6,447.62238
2022-07-17T08:00:00.000000000,61.11,452.3757
2022-07-17T09:00:00.000000000,67.79,453.14047
2022-07-17T10:00:00.000000000,67.42,460.09612
2022-07-17T11:00:00.000000000,66.85,465.82498
2022-07-17T12:00:00.000000000,68.05,460.13798
2022-07-17T13:00:00.000000000,71.6,463.48976
2022-07-17T14:00:00.000000000,69.53,451.04581
2022-07-17T15:00:00.000000000,50.74,433.39198
2022-07-17T16:00:00.000000000,59.21,426.92733
2022-07-17T17:00:00.000000000,63.62,420.59778
2022-07-17T18:00:00.000000000,68.59,408.36961
2022-07-17T19:00:00.000000000,74.45,398.80143
2022-07-17T20:00:00.000000000,78.83,383.77117
2022-07-17T21:00:00.000000000,85.05,371.04882
2022-07-17T22:00:00.000000000,82.65,370.22557
2022-07-17T23:00:00.000000000,88.72,370.23989
2022-07-18T00:00:00.000000000,93.2,429.90972
2022-07-18T01:00:00.000000000,85.13,434.09169
2022-07-18T02:00:00.000000000,80.27,452.07704
2022-07-18T03:00:00.000000000,81.53,460.24283
2022-07-18T04:00:00.000000000,69.06,469.89017
2022-07-18T05:00:00.000000000,62.11,477.03718
2022-07-18T06:00:00.000000000,61.96,486.97673
2022-07-18T07:00:00.000000000,65.08,504.42342
2022-07-18T08:00:00.000000000,66.9,509.65918
2022-07-18T09:00:00.000000000,68.53,512.83614
2022-07-18T10:00:00.000000000,64.77,518.81671
2022-07-18T11:00:00.000000000,64.87,523.28949
2022-07-18T12:00:00.000000000,69.7,514.82516
2022-07-18T13:00:00.000000000,67.11,516.5374
2022-07-18T14:00:00.000000000,56.66,503.55627
2022-07-18T15:00:00.000000000,56.5,483.83884
2022-07-18T16:00:00.000000000,52.76,475.75469
2022-07-18T17:00:00.000000000,56.71,469.3864
2022-07-18T18:00:00.000000000,57.42,457.30396
2022-07-18T19:00:00.000000000,68.45,450.16653
2022-07-18T20:00:00.000000000,71.5,439.41419
2022-07-18T21:00:00.000000000,70.2,428.08029
2022-07-18T22:00:00.000000000,71.71,428.17356
2022-07-18T23:00:00.000000000,79.63,426.99841
2022-07-19T00:00:00.000000000,85.4,508.96714
2022-07-19T01:00:00.000000000,92.34,513.30475
2022-07-19T02:00:00.000000000,94.59,530.35044
2022-07-19T03:00:00.000000000,112.65,540.97261
2022-07-19T04:00:00.000000000,152.83,552.44607
2022-07-19T05:00:00.000000000,151.97,559.87642
2022-07-19T06:00:00.000000000,135.07,565.68021
2022-07-19T07:00:00.000000000,117.21,580.91153
2022-07-19T08:00:00.000000000,167.41,581.53672
2022-07-19T09:00:00.000000000,180.99,586.38447
2022-07-19T10:00:00.000000000,170.96,593.88504
2022-07-19T11:00:00.000000000,161.42,600.31185
2022-07-19T12:00:00.000000000,190.39,590.58845
2022-07-19T13:00:00.000000000,150.89,591.66371
2022-07-19T14:00:00.000000000,150.55,580.41539
2022-07-19T15:00:00.000000000,102.38,556.36772
2022-07-19T16:00:00.000000000,97.7,545.41644
2022-07-19T17:00:00.000000000,90.55,530.7886
2022-07-19T18:00:00.000000000,85.56,511.04376
2022-07-19T19:00:00.000000000,90.63,500.12634
2022-07-19T20:00:00.000000000,88.16,484.78201
2022-07-19T21:00:00.000000000,85.87,471.82904
2022-07-19T22:00:00.000000000,84.69,473.42681
2022-07-19T23:00:00.000000000,73.42,470.4153
2022-07-17T00:00:00.000000000,84.73,222.07798
2022-07-17T01:00:00.000000000,83.29,230.67955
2022-07-17T02:00:00.000000000,88.52,252.47341
2022-07-17T03:00:00.000000000,95.28,257.75521
2022-07-17T04:00:00.000000000,92.4,276.99398
2022-07-17T05:00:00.000000000,78.31,292.0659
2022-07-17T06:00:00.000000000,70.31,310.17944
2022-07-17T07:00:00.000000000,63.6,325.10079
2022-07-17T08:00:00.000000000,61.11,332.95626
2022-07-17T09:00:00.000000000,67.79,334.9568
2022-07-17T10:00:00.000000000,67.42,346.50988
2022-07-17T11:00:00.000000000,66.85,357.55182
2022-07-17T12:00:00.000000000,68.05,360.73601
2022-07-17T13:00:00.000000000,71.6,368.48307
2022-07-17T14:00:00.000000000,69.53,361.76576
2022-07-17T15:00:00.000000000,50.74,349.9966
2022-07-17T16:00:00.000000000,59.21,354.08391
2022-07-17T17:00:00.000000000,63.62,349.98381
2022-07-17T18:00:00.000000000,68.59,342.77201
2022-07-17T19:00:00.000000000,74.45,332.0276
2022-07-17T20:00:00.000000000,78.83,310.34568
2022-07-17T21:00:00.000000000,85.05,298.07103
2022-07-17T22:00:00.000000000,82.65,293.716
2022-07-17T23:00:00.000000000,88.72,289.07368
2022-07-18T00:00:00.000000000,93.2,376.51996
2022-07-18T01:00:00.000000000,85.13,380.16376
2022-07-18T02:00:00.000000000,80.27,398.95863
2022-07-18T03:00:00.000000000,81.53,406.11456
2022-07-18T04:00:00.000000000,69.06,420.12763
2022-07-18T05:00:00.000000000,62.11,430.13959
2022-07-18T06:00:00.000000000,61.96,444.02367
2022-07-18T07:00:00.000000000,65.08,462.20057
2022-07-18T08:00:00.000000000,66.9,467.64959
2022-07-18T09:00:00.000000000,68.53,468.10412
2022-07-18T10:00:00.000000000,64.77,471.76185
2022-07-18T11:00:00.000000000,64.87,474.30184
2022-07-18T12:00:00.000000000,69.7,463.69462
2022-07-18T13:00:00.000000000,67.11,463.71507
2022-07-18T14:00:00.000000000,56.66,449.35088
2022-07-18T15:00:00.000000000,56.5,431.65357
2022-07-18T16:00:00.000000000,52.76,426.40855
2022-07-18T17:00:00.000000000,56.71,423.61985
2022-07-18T18:00:00.000000000,57.42,414.49451
2022-07-18T19:00:00.000000000,68.45,406.83097
2022-07-18T20:00:00.000000000,71.5,392.53622
2022-07-18T21:00:00.000000000,70.2,378.02407
2022-07-18T22:00:00.000000000,71.71,374.8518
2022-07-18T23:00:00.000000000,79.63,372.4217
2022-07-19T00:00:00.000000000,85.4,451.99889
2022-07-19T01:00:00.000000000,92.34,459.00874
2022-07-19T02:00:00.000000000,94.59,479.92239
2022-07-19T03:00:00.000000000,112.65,492.71079
2022-07-19T04:00:00.000000000,152.83,504.97584
2022-07-19T05:00:00.000000000,151.97,514.38775
2022-07-19T06:00:00.000000000,135.07,524.31251
2022-07-19T07:00:00.000000000,117.21,542.7767
2022-07-19T08:00:00.000000000,167.41,547.46557
2022-07-19T09:00:00.000000000,180.99,552.79039
2022-07-19T10:00:00.000000000,170.96,560.65614
2022-07-19T11:00:00.000000000,161.42,567.33763
2022-07-19T12:00:00.000000000,190.39,559.88604
2022-07-19T13:00:00.000000000,150.89,563.14106
2022-07-19T14:00:00.000000000,150.55,551.76082
2022-07-19T15:00:00.000000000,102.38,529.74729
2022-07-19T16:00:00.000000000,97.7,519.5841
2022-07-19T17:00:00.000000000,90.55,508.15243
2022-07-19T18:00:00.000000000,85.56,490.91612
2022-07-19T19:00:00.000000000,90.63,480.48726
2022-07-19T20:00:00.000000000,88.16,466.68772
2022-07-19T21:00:00.000000000,85.87,452.55906
2022-07-19T22:00:00.000000000,84.69,451.36034
2022-07-19T23:00:00.000000000,73.42,448.47
2022-07-20T00:00:00.000000000,80.64,547.82863
2022-07-20T01:00:00.000000000,81.21,551.18491
2022-07-20T02:00:00.000000000,94.44,566.06505
2022-07-20T03:00:00.000000000,117.24,575.28939
2022-07-20T04:00:00.000000000,108.19,586.71453
2022-07-20T05:00:00.000000000,154.24,593.63028
2022-07-20T06:00:00.000000000,157.73,596.86131
2022-07-20T07:00:00.000000000,130.79,609.37045
2022-07-20T08:00:00.000000000,97.08,606.1331
2022-07-20T09:00:00.000000000,71.74,610.47296
2022-07-20T10:00:00.000000000,73.88,617.5382
2022-07-20T11:00:00.000000000,75.17,623.29367
2022-07-20T12:00:00.000000000,83.92,612.52859
2022-07-20T13:00:00.000000000,80.58,612.71595
2022-07-20T14:00:00.000000000,69.7,602.42376
2022-07-20T15:00:00.000000000,69.12,577.89657
2022-07-20T16:00:00.000000000,66.01,566.55586
2022-07-20T17:00:00.000000000,73.55,550.01647
2022-07-20T18:00:00.000000000,76.36,527.12962
2022-07-20T19:00:00.000000000,84.36,514.88619
2022-07-20T20:00:00.000000000,79.7,497.1372
2022-07-20T21:00:00.000000000,85.73,484.65997
2022-07-20T22:00:00.000000000,82.55,488.92722
2022-07-20T23:00:00.000000000,75.8,487.1675
2022-07-18T00:00:00.000000000,93.2,223.80706
2022-07-18T01:00:00.000000000,85.13,229.17093
2022-07-18T02:00:00.000000000,80.27,247.28829
2022-07-18T03:00:00.000000000,81.53,248.68437
2022-07-18T04:00:00.000000000,69.06,265.78127
2022-07-18T05:00:00.000000000,62.11,278.76978
2022-07-18T06:00:00.000000000,61.96,295.53664
2022-07-18T07:00:00.000000000,65.08,308.94173
2022-07-18T08:00:00.000000000,66.9,315.90884
2022-07-18T09:00:00.000000000,68.53,316.91432
2022-07-18T10:00:00.000000000,64.77,327.74714
2022-07-18T11:00:00.000000000,64.87,338.43817
2022-07-18T12:00:00.000000000,69.7,341.17976
2022-07-18T13:00:00.000000000,67.11,347.73901
2022-07-18T14:00:00.000000000,56.66,340.98986
2022-07-18T15:00:00.000000000,56.5,330.30849
2022-07-18T16:00:00.000000000,52.76,335.8904
2022-07-18T17:00:00.000000000,56.71,333.82252
2022-07-18T18:00:00.000000000,57.42,330.50331
2022-07-18T19:00:00.000000000,68.45,322.76569
2022-07-18T20:00:00.000000000,71.5,303.92087
2022-07-18T21:00:00.000000000,70.2,294.47725
2022-07-18T22:00:00.000000000,71.71,291.54568
2022-07-18T23:00:00.000000000,79.63,286.82106
2022-07-19T00:00:00.000000000,85.4,393.35732
2022-07-19T01:00:00.000000000,92.34,401.43357
2022-07-19T02:00:00.000000000,94.59,422.91064
2022-07-19T03:00:00.000000000,112.65,433.95161
2022-07-19T04:00:00.000000000,152.83,447.56092
2022-07-19T05:00:00.000000000,151.97,459.64651
2022-07-19T06:00:00.000000000,135.07,475.38235
2022-07-19T07:00:00.000000000,117.21,496.49223
2022-07-19T08:00:00.000000000,167.41,504.46516
2022-07-19T09:00:00.000000000,180.99,511.07059
2022-07-19T10:00:00.000000000,170.96,519.88826
2022-07-19T11:00:00.000000000,161.42,525.65011
2022-07-19T12:00:00.000000000,190.39,520.53094
2022-07-19T13:00:00.000000000,150.89,525.44888
2022-07-19T14:00:00.000000000,150.55,514.77185
2022-07-19T15:00:00.000000000,102.38,496.38543
2022-07-19T16:00:00.000000000,97.7,488.62377
2022-07-19T17:00:00.000000000,90.55,481.56165
2022-07-19T18:00:00.000000000,85.56,467.99486
2022-07-19T19:00:00.000000000,90.63,458.15825
2022-07-19T20:00:00.000000000,88.16,444.22826
2022-07-19T21:00:00.000000000,85.87,429.4257
2022-07-19T22:00:00.000000000,84.69,426.20817
2022-07-19T23:00:00.000000000,73.42,422.1072
2022-07-20T00:00:00.000000000,80.64,506.8871
2022-07-20T01:00:00.000000000,81.21,513.1176
2022-07-20T02:00:00.000000000,94.44,532.18805
2022-07-20T03:00:00.000000000,117.24,545.08221
2022-07-20T04:00:00.000000000,108.19,558.7982
2022-07-20T05:00:00.000000000,154.24,568.93377
2022-07-20T06:00:00.000000000,157.73,575.89221
2022-07-20T07:00:00.000000000,130.79,591.67087
2022-07-20T08:00:00.000000000,97.08,591.31132
2022-07-20T09:00:00.000000000,71.74,596.80291
2022-07-20T10:00:00.000000000,73.88,604.87539
2022-07-20T11:00:00.000000000,75.17,611.50868
2022-07-20T12:00:00.000000000,83.92,602.37677
2022-07-20T13:00:00.000000000,80.58,604.17331
2022-07-20T14:00:00.000000000,69.7,594.53984
2022-07-20T15:00:00.000000000,69.12,570.72835
2022-07-20T16:00:00.000000000,66.01,559.66169
2022-07-20T17:00:00.000000000,73.55,543.87145
2022-07-20T18:00:00.000000000,76.36,521.2733
2022-07-20T19:00:00.000000000,84.36,508.88691
2022-07-20T20:00:00.000000000,79.7,491.41605
2022-07-20T21:00:00.000000000,85.73,476.93125
2022-07-20T22:00:00.000000000,82.55,478.64636
2022-07-20T23:00:00.000000000,75.8,476.36526
2022-07-21T00:00:00.000000000,81.49,550.74571
2022-07-21T01:00:00.000000000,83.73,554.33892
2022-07-21T02:00:00.000000000,86.48,569.1425
2022-07-21T03:00:00.000000000,91.74,577.69725
2022-07-21T04:00:00.000000000,116.88,589.46237
2022-07-21T05:00:00.000000000,120.66,598.68547
2022-07-21T06:00:00.000000000,121.88,604.73469
2022-07-21T07:00:00.000000000,111.07,619.07161
2022-07-21T08:00:00.000000000,72.48,616.74985
2022-07-21T09:00:00.000000000,65.53,623.39668
2022-07-21T10:00:00.000000000,64.15,631.56481
2022-07-21T11:00:00.000000000,71.23,637.8567
2022-07-21T12:00:00.000000000,71.15,628.17116
2022-07-21T13:00:00.000000000,63.39,628.52435
2022-07-21T14:00:00.000000000,65.8,619.13389
2022-07-21T15:00:00.000000000,65.03,595.61643
2022-07-21T16:00:00.000000000,64.79,584.6891
2022-07-21T17:00:00.000000000,68.44,568.9114
2022-07-21T18:00:00.000000000,66.69,545.86643
2022-07-21T19:00:00.000000000,69.68,533.64399
2022-07-21T20:00:00.000000000,73.19,515.55199
2022-07-21T21:00:00.000000000,79.34,502.44973
2022-07-21T22:00:00.000000000,73.45,506.381
2022-07-21T23:00:00.000000000,77.78,504.01555
2022-07-19T00:00:00.000000000,85.4,224.82625
2022-07-19T01:00:00.000000000,92.34,231.93669
2022-07-19T02:00:00.000000000,94.59,253.79506
2022-07-19T03:00:00.000000000,112.65,260.99151
2022-07-19T04:00:00.000000000,152.83,281.90384
2022-07-19T05:00:00.000000000,151.97,299.92874
2022-07-19T06:00:00.000000000,135.07,320.93165
2022-07-19T07:00:00.000000000,117.21,338.80381
2022-07-19T08:00:00.000000000,167.41,350.05783
2022-07-19T09:00:00.000000000,180.99,355.36048
2022-07-19T10:00:00.000000000,170.96,368.70856
2022-07-19T11:00:00.000000000,161.42,380.41043
2022-07-19T12:00:00.000000000,190.39,384.65659
2022-07-19T13:00:00.000000000,150.89,394.46836
2022-07-19T14:00:00.000000000,150.55,389.66587
2022-07-19T15:00:00.000000000,102.38,379.77681
2022-07-19T16:00:00.000000000,97.7,386.57685
2022-07-19T17:00:00.000000000,90.55,385.04629
2022-07-19T18:00:00.000000000,85.56,377.35885
2022-07-19T19:00:00.000000000,90.63,365.18332
2022-07-19T20:00:00.000000000,88.16,342.23138
2022-07-19T21:00:00.000000000,85.87,325.76493
2022-07-19T22:00:00.000000000,84.69,316.51915
2022-07-19T23:00:00.000000000,73.42,307.59634
2022-07-20T00:00:00.000000000,80.64,408.39206
2022-07-20T01:00:00.000000000,81.21,415.94233
2022-07-20T02:00:00.000000000,94.44,437.00791
2022-07-20T03:00:00.000000000,117.24,448.84103
2022-07-20T04:00:00.000000000,108.19,462.75911
2022-07-20T05:00:00.000000000,154.24,475.18295
2022-07-20T06:00:00.000000000,157.73,489.67137
2022-07-20T07:00:00.000000000,130.79,510.14928
2022-07-20T08:00:00.000000000,97.08,516.27943
2022-07-20T09:00:00.000000000,71.74,522.33115
2022-07-20T10:00:00.000000000,73.88,530.88361
2022-07-20T11:00:00.000000000,75.17,537.34625
2022-07-20T12:00:00.000000000,83.92,532.57952
2022-07-20T13:00:00.000000000,80.58,538.48432
2022-07-20T14:00:00.000000000,69.7,528.85997
2022-07-20T15:00:00.000000000,69.12,510.44644
2022-07-20T16:00:00.000000000,66.01,502.72548
2022-07-20T17:00:00.000000000,73.55,494.94328
2022-07-20T18:00:00.000000000,76.36,479.38976
2022-07-20T19:00:00.000000000,84.36,467.93347
2022-07-20T20:00:00.000000000,79.7,452.3944
2022-07-20T21:00:00.000000000,85.73,435.91045
2022-07-20T22:00:00.000000000,82.55,431.9434
2022-07-20T23:00:00.000000000,75.8,427.5008
2022-07-21T00:00:00.000000000,81.49,522.17049
2022-07-21T01:00:00.000000000,83.73,526.36277
2022-07-21T02:00:00.000000000,86.48,543.39197
2022-07-21T03:00:00.000000000,91.74,555.13018
2022-07-21T04:00:00.000000000,116.88,568.72666
2022-07-21T05:00:00.000000000,120.66,578.56961
2022-07-21T06:00:00.000000000,121.88,583.98411
2022-07-21T07:00:00.000000000,111.07,598.00292
2022-07-21T08:00:00.000000000,72.48,595.52184
2022-07-21T09:00:00.000000000,65.53,600.14653
2022-07-21T10:00:00.000000000,64.15,607.87566
2022-07-21T11:00:00.000000000,71.23,614.45209
2022-07-21T12:00:00.000000000,71.15,605.64512
2022-07-21T13:00:00.000000000,63.39,608.28391
2022-07-21T14:00:00.000000000,65.8,600.15956
2022-07-21T15:00:00.000000000,65.03,577.35594
2022-07-21T16:00:00.000000000,64.79,567.07054
2022-07-21T17:00:00.000000000,68.44,551.20145
2022-07-21T18:00:00.000000000,66.69,527.49276
2022-07-21T19:00:00.000000000,69.68,513.99662
2022-07-21T20:00:00.000000000,73.19,494.59755
2022-07-21T21:00:00.000000000,79.34,478.94011
2022-07-21T22:00:00.000000000,73.45,480.12929
2022-07-21T23:00:00.000000000,77.78,477.19113
2022-07-22T00:00:00.000000000,76.94,554.54282
2022-07-22T01:00:00.000000000,79.93,558.0306
2022-07-22T02:00:00.000000000,86.89,571.41498
2022-07-22T03:00:00.000000000,87.51,577.21273
2022-07-22T04:00:00.000000000,105.96,587.28374
2022-07-22T05:00:00.000000000,98.4,596.30548
2022-07-22T06:00:00.000000000,78.5,604.82549
2022-07-22T07:00:00.000000000,69.09,621.70332
2022-07-22T08:00:00.000000000,57.14,621.09125
2022-07-22T09:00:00.000000000,59.19,628.63515
2022-07-22T10:00:00.000000000,62.01,636.07499
2022-07-22T11:00:00.000000000,62.21,642.47981
2022-07-22T12:00:00.000000000,64.35,631.72155
2022-07-22T13:00:00.000000000,60.91,628.96105
2022-07-22T14:00:00.000000000,58.83,616.17015
2022-07-22T15:00:00.000000000,54.14,591.44303
2022-07-22T16:00:00.000000000,57.69,580.68402
2022-07-22T17:00:00.000000000,57.23,567.73634
2022-07-22T18:00:00.000000000,52.74,548.3808
2022-07-22T19:00:00.000000000,57.65,539.11363
2022-07-22T20:00:00.000000000,55.24,525.19991
2022-07-22T21:00:00.000000000,59.77,516.15372
2022-07-22T22:00:00.000000000,65.95,522.49581
2022-07-22T23:00:00.000000000,70.84,521.75891
2022-07-20T00:00:00.000000000,80.64,240.8338
2022-07-20T01:00:00.000000000,81.21,248.407
2022-07-20T02:00:00.000000000,94.44,269.77862
2022-07-20T03:00:00.000000000,117.24,276.2335
2022-07-20T04:00:00.000000000,108.19,296.18237
2022-07-20T05:00:00.000000000,154.24,312.40831
2022-07-20T06:00:00.000000000,157.73,331.75148
2022-07-20T07:00:00.000000000,130.79,348.83937
2022-07-20T08:00:00.000000000,97.08,358.25157
2022-07-20T09:00:00.000000000,71.74,361.5984
2022-07-20T10:00:00.000000000,73.88,372.58031
2022-07-20T11:00:00.000000000,75.17,382.21597
2022-07-20T12:00:00.000000000,83.92,382.9606
2022-07-20T13:00:00.000000000,80.58,389.74095
2022-07-20T14:00:00.000000000,69.7,382.26837
2022-07-20T15:00:00.000000000,69.12,370.64619
2022-07-20T16:00:00.000000000,66.01,375.66434
2022-07-20T17:00:00.000000000,73.55,373.86911
2022-07-20T18:00:00.000000000,76.36,366.49934
2022-07-20T19:00:00.000000000,84.36,355.24281
2022-07-20T20:00:00.000000000,79.7,333.199
2022-07-20T21:00:00.000000000,85.73,317.33895
2022-07-20T22:00:00.000000000,82.55,310.00753
2022-07-20T23:00:00.000000000,75.8,303.10978
2022-07-21T00:00:00.000000000,81.49,412.66213
2022-07-21T01:00:00.000000000,83.73,418.09264
2022-07-21T02:00:00.000000000,86.48,437.17945
2022-07-21T03:00:00.000000000,91.74,446.61862
2022-07-21T04:00:00.000000000,116.88,457.86034
2022-07-21T05:00:00.000000000,120.66,467.11026
2022-07-21T06:00:00.000000000,121.88,478.51773
2022-07-21T07:00:00.000000000,111.07,496.11343
2022-07-21T08:00:00.000000000,72.48,500.9481
2022-07-21T09:00:00.000000000,65.53,504.44983
2022-07-21T10:00:00.000000000,64.15,511.85997
2022-07-21T11:00:00.000000000,71.23,517.30675
2022-07-21T12:00:00.000000000,71.15,511.68694
2022-07-21T13:00:00.000000000,63.39,516.2776
2022-07-21T14:00:00.000000000,65.8,505.11609
2022-07-21T15:00:00.000000000,65.03,486.62171
2022-07-21T16:00:00.000000000,64.79,478.66365
2022-07-21T17:00:00.000000000,68.44,471.76427
2022-07-21T18:00:00.000000000,66.69,458.00908
2022-07-21T19:00:00.000000000,69.68,448.46313
2022-07-21T20:00:00.000000000,73.19,435.05881
2022-07-21T21:00:00.000000000,79.34,421.58817
2022-07-21T22:00:00.000000000,73.45,420.14198
2022-07-21T23:00:00.000000000,77.78,418.09216
2022-07-22T00:00:00.000000000,76.94,513.70317
2022-07-22T01:00:00.000000000,79.93,513.28429
2022-07-22T02:00:00.000000000,86.89,524.83019
2022-07-22T03:00:00.000000000,87.51,529.80098
2022-07-22T04:00:00.000000000,105.96,537.48129
2022-07-22T05:00:00.000000000,98.4,541.36779
2022-07-22T06:00:00.000000000,78.5,544.20302
2022-07-22T07:00:00.000000000,69.09,556.23635
2022-07-22T08:00:00.000000000,57.14,553.12383
2022-07-22T09:00:00.000000000,59.19,552.98504
2022-07-22T10:00:00.000000000,62.01,556.52538
2022-07-22T11:00:00.000000000,62.21,560.97096
2022-07-22T12:00:00.000000000,64.35,550.27531
2022-07-22T13:00:00.000000000,60.91,549.82707
2022-07-22T14:00:00.000000000,58.83,537.80807
2022-07-22T15:00:00.000000000,54.14,515.95703
2022-07-22T16:00:00.000000000,57.69,507.75588
2022-07-22T17:00:00.000000000,57.23,498.14636
2022-07-22T18:00:00.000000000,52.74,483.21661
2022-07-22T19:00:00.000000000,57.65,476.34085
2022-07-22T20:00:00.000000000,55.24,464.71773
2022-07-22T21:00:00.000000000,59.77,456.15652
2022-07-22T22:00:00.000000000,65.95,460.81453
2022-07-22T23:00:00.000000000,70.84,461.2836
2022-07-23T00:00:00.000000000,74.57,549.20218
2022-07-23T01:00:00.000000000,79.87,551.87654
2022-07-23T02:00:00.000000000,87.2,564.99171
2022-07-23T03:00:00.000000000,84.29,571.86551
2022-07-23T04:00:00.000000000,106.11,582.35635
2022-07-23T05:00:00.000000000,86.78,590.41117
2022-07-23T06:00:00.000000000,74.51,595.48456
2022-07-23T07:00:00.000000000,78.78,608.77622
2022-07-23T08:00:00.000000000,75.69,605.11749
2022-07-23T09:00:00.000000000,81.47,610.22086
2022-07-23T10:00:00.000000000,77.35,617.7226
2022-07-23T11:00:00.000000000,71.75,624.49077
2022-07-23T12:00:00.000000000,73.2,615.43921
2022-07-23T13:00:00.000000000,83.72,615.58358
2022-07-23T14:00:00.000000000,67.88,605.44764
2022-07-23T15:00:00.000000000,70.88,582.32265
2022-07-23T16:00:00.000000000,71.74,572.19908
2022-07-23T17:00:00.000000000,74.65,558.17847
2022-07-23T18:00:00.000000000,77.62,536.99969
2022-07-23T19:00:00.000000000,84.82,525.80802
2022-07-23T20:00:00.000000000,88.88,509.31628
2022-07-23T21:00:00.000000000,88.81,497.96562
2022-07-23T22:00:00.000000000,84.95,503.22637
2022-07-23T23:00:00.000000000,74.59,502.34384
2022-07-21T00:00:00.000000000,81.49,243.56496
2022-07-21T01:00:00.000000000,83.73,252.33587
2022-07-21T02:00:00.000000000,86.48,276.86927
2022-07-21T03:00:00.000000000,91.74,286.45978
2022-07-21T04:00:00.000000000,116.88,306.79769
2022-07-21T05:00:00.000000000,120.66,324.4891
2022-07-21T06:00:00.000000000,121.88,344.44194
2022-07-21T07:00:00.000000000,111.07,362.21054
2022-07-21T08:00:00.000000000,72.48,372.74718
2022-07-21T09:00:00.000000000,65.53,377.72949
2022-07-21T10:00:00.000000000,64.15,390.4945
2022-07-21T11:00:00.000000000,71.23,401.6518
2022-07-21T12:00:00.000000000,71.15,405.31926
2022-07-21T13:00:00.000000000,63.39,415.26316
2022-07-21T14:00:00.000000000,65.8,410.25996
2022-07-21T15:00:00.000000000,65.03,399.09543
2022-07-21T16:00:00.000000000,64.79,402.76174
2022-07-21T17:00:00.000000000,68.44,399.00883
2022-07-21T18:00:00.000000000,66.69,388.67669
2022-07-21T19:00:00.000000000,69.68,376.29651
2022-07-21T20:00:00.000000000,73.19,354.33379
2022-07-21T21:00:00.000000000,79.34,338.37667
2022-07-21T22:00:00.000000000,73.45,330.69109
2022-07-21T23:00:00.000000000,77.78,323.98369
2022-07-22T00:00:00.000000000,76.94,434.16979
2022-07-22T01:00:00.000000000,79.93,435.05396
2022-07-22T02:00:00.000000000,86.89,451.31102
2022-07-22T03:00:00.000000000,87.51,456.95507
2022-07-22T04:00:00.000000000,105.96,464.45635
2022-07-22T05:00:00.000000000,98.4,467.62048
2022-07-22T06:00:00.000000000,78.5,472.19735
2022-07-22T07:00:00.000000000,69.09,484.15641
2022-07-22T08:00:00.000000000,57.14,484.47964
2022-07-22T09:00:00.000000000,59.19,481.12766
2022-07-22T10:00:00.000000000,62.01,483.77636
2022-07-22T11:00:00.000000000,62.21,486.78333
2022-07-22T12:00:00.000000000,64.35,476.47951
2022-07-22T13:00:00.000000000,60.91,476.44461
2022-07-22T14:00:00.000000000,58.83,461.1166
2022-07-22T15:00:00.000000000,54.14,440.97166
2022-07-22T16:00:00.000000000,57.69,431.20133
2022-07-22T17:00:00.000000000,57.23,424.66905
2022-07-22T18:00:00.000000000,52.74,413.72406
2022-07-22T19:00:00.000000000,57.65,407.60057
2022-07-22T20:00:00.000000000,55.24,397.53856
2022-07-22T21:00:00.000000000,59.77,389.11631
2022-07-22T22:00:00.000000000,65.95,392.42187
2022-07-22T23:00:00.000000000,70.84,395.48127
2022-07-23T00:00:00.000000000,74.57,492.19786
2022-07-23T01:00:00.000000000,79.87,493.87798
2022-07-23T02:00:00.000000000,87.2,507.71393
2022-07-23T03:00:00.000000000,84.29,514.20943
2022-07-23T04:00:00.000000000,106.11,522.41942
2022-07-23T05:00:00.000000000,86.78,527.47044
2022-07-23T06:00:00.000000000,74.51,532.02515
2022-07-23T07:00:00.000000000,78.78,545.4064
2022-07-23T08:00:00.000000000,75.69,544.18002
2022-07-23T09:00:00.000000000,81.47,545.19755
2022-07-23T10:00:00.000000000,77.35,549.95974
2022-07-23T11:00:00.000000000,71.75,554.98293
2022-07-23T12:00:00.000000000,73.2,545.69178
2022-07-23T13:00:00.000000000,83.72,546.39436
2022-07-23T14:00:00.000000000,67.88,534.61166
2022-07-23T15:00:00.000000000,70.88,513.18941
2022-07-23T16:00:00.000000000,71.74,504.7452
2022-07-23T17:00:00.000000000,74.65,495.22599
2022-07-23T18:00:00.000000000,77.62,480.11521
2022-07-23T19:00:00.000000000,84.82,472.65308
2022-07-23T20:00:00.000000000,88.88,460.99077
2022-07-23T21:00:00.000000000,88.81,451.57636
2022-07-23T22:00:00.000000000,84.95,455.35942
2022-07-23T23:00:00.000000000,74.59,455.84432
2022-07-24T00:00:00.000000000,88.98,528.27598
2022-07-24T01:00:00.000000000,96.07,527.46173
2022-07-24T02:00:00.000000000,104.03,537.15739
2022-07-24T03:00:00.000000000,120.29,539.00375
2022-07-24T04:00:00.000000000,137.83,548.40392
2022-07-24T05:00:00.000000000,139.31,560.42908
2022-07-24T06:00:00.000000000,135.02,573.97412
2022-07-24T07:00:00.000000000,101.37,593.62229
2022-07-24T08:00:00.000000000,103.19,595.65746
2022-07-24T09:00:00.000000000,106.78,605.60263
2022-07-24T10:00:00.000000000,114.77,615.11735
2022-07-24T11:00:00.000000000,111.9,624.27479
2022-07-24T12:00:00.000000000,113.43,619.94002
2022-07-24T13:00:00.000000000,117.25,623.0283
2022-07-24T14:00:00.000000000,110.55,616.08939
2022-07-24T15:00:00.000000000,89.63,597.91457
2022-07-24T16:00:00.000000000,83.95,592.03472
2022-07-24T17:00:00.000000000,84.92,583.8574
2022-07-24T18:00:00.000000000,87.13,568.37844
2022-07-24T19:00:00.000000000,84.36,558.8149
2022-07-24T20:00:00.000000000,91.83,544.1332
2022-07-24T21:00:00.000000000,91.48,530.63536
2022-07-24T22:00:00.000000000,83.53,529.36815
2022-07-24T23:00:00.000000000,81.8,521.64815
2022-07-22T00:00:00.000000000,76.94,272.03986
2022-07-22T01:00:00.000000000,79.93,279.32557
2022-07-22T02:00:00.000000000,86.89,298.86335
2022-07-22T03:00:00.000000000,87.51,299.76504
2022-07-22T04:00:00.000000000,105.96,311.65143
2022-07-22T05:00:00.000000000,98.4,318.90506
2022-07-22T06:00:00.000000000,78.5,328.63517
2022-07-22T07:00:00.000000000,69.09,337.69952
2022-07-22T08:00:00.000000000,57.14,338.93319
2022-07-22T09:00:00.000000000,59.19,334.4547
2022-07-22T10:00:00.000000000,62.01,340.34397
2022-07-22T11:00:00.000000000,62.21,348.87121
2022-07-22T12:00:00.000000000,64.35,348.15135
2022-07-22T13:00:00.000000000,60.91,351.78762
2022-07-22T14:00:00.000000000,58.83,342.17887
2022-07-22T15:00:00.000000000,54.14,328.08167
2022-07-22T16:00:00.000000000,57.69,327.42961
2022-07-22T17:00:00.000000000,57.23,321.47632
2022-07-22T18:00:00.000000000,52.74,315.21934
2022-07-22T19:00:00.000000000,57.65,308.78782
2022-07-22T20:00:00.000000000,55.24,293.20247
2022-07-22T21:00:00.000000000,59.77,288.58478
2022-07-22T22:00:00.000000000,65.95,292.81172
2022-07-22T23:00:00.000000000,70.84,296.72343
2022-07-23T00:00:00.000000000,74.57,411.44214
2022-07-23T01:00:00.000000000,79.87,410.84595
2022-07-23T02:00:00.000000000,87.2,424.45305
2022-07-23T03:00:00.000000000,84.29,426.9079
2022-07-23T04:00:00.000000000,106.11,433.69568
2022-07-23T05:00:00.000000000,86.78,437.74665
2022-07-23T06:00:00.000000000,74.51,444.7159
2022-07-23T07:00:00.000000000,78.78,457.76703
2022-07-23T08:00:00.000000000,75.69,460.37304
2022-07-23T09:00:00.000000000,81.47,459.82349
2022-07-23T10:00:00.000000000,77.35,464.87501
2022-07-23T11:00:00.000000000,71.75,469.48641
2022-07-23T12:00:00.000000000,73.2,462.64273
2022-07-23T13:00:00.000000000,83.72,464.82607
2022-07-23T14:00:00.000000000,67.88,452.72476
2022-07-23T15:00:00.000000000,70.88,436.20865
2022-07-23T16:00:00.000000000,71.74,430.34226
2022-07-23T17:00:00.000000000,74.65,427.17694
2022-07-23T18:00:00.000000000,77.62,419.81616
2022-07-23T19:00:00.000000000,84.82,415.43602
2022-07-23T20:00:00.000000000,88.88,407.06906
2022-07-23T21:00:00.000000000,88.81,398.87993
2022-07-23T22:00:00.000000000,84.95,400.63834
2022-07-23T23:00:00.000000000,74.59,400.88291
2022-07-24T00:00:00.000000000,88.98,495.23228
2022-07-24T01:00:00.000000000,96.07,500.43863
2022-07-24T02:00:00.000000000,104.03,516.68506
2022-07-24T03:00:00.000000000,120.29,524.7343
2022-07-24T04:00:00.000000000,137.83,535.36385
2022-07-24T05:00:00.000000000,139.31,546.19179
2022-07-24T06:00:00.000000000,135.02,557.57069
2022-07-24T07:00:00.000000000,101.37,576.14405
2022-07-24T08:00:00.000000000,103.19,578.36663
2022-07-24T09:00:00.000000000,106.78,585.43717
2022-07-24T10:00:00.000000000,114.77,593.99142
2022-07-24T11:00:00.000000000,111.9,601.4286
2022-07-24T12:00:00.000000000,113.43,595.32277
2022-07-24T13:00:00.000000000,117.25,597.69427
2022-07-24T14:00:00.000000000,110.55,587.9355
2022-07-24T15:00:00.000000000,89.63,567.02014
2022-07-24T16:00:00.000000000,83.95,558.70065
2022-07-24T17:00:00.000000000,84.92,548.51526
2022-07-24T18:00:00.000000000,87.13,531.35372
2022-07-24T19:00:00.000000000,84.36,521.59366
2022-07-24T20:00:00.000000000,91.83,508.12256
2022-07-24T21:00:00.000000000,91.48,495.69389
2022-07-24T22:00:00.000000000,83.53,496.79789
2022-07-24T23:00:00.000000000,81.8,494.06092
2022-07-25T00:00:00.000000000,91.1,563.92211
2022-07-25T01:00:00.000000000,92.42,562.34226
2022-07-25T02:00:00.000000000,94.86,570.6797
2022-07-25T03:00:00.000000000,126.7,572.15005
2022-07-25T04:00:00.000000000,148.61,580.87609
2022-07-25T05:00:00.000000000,199.26,591.09863
2022-07-25T06:00:00.000000000,166.46,601.48354
2022-07-25T07:00:00.000000000,150.91,620.05548
2022-07-25T08:00:00.000000000,178.12,620.40409
2022-07-25T09:00:00.000000000,148.8,630.21825
2022-07-25T10:00:00.000000000,130.41,639.35371
2022-07-25T11:00:00.000000000,194.78,648.30434
2022-07-25T12:00:00.000000000,201.54,641.02183
2022-07-25T13:00:00.000000000,203.67,641.38997
2022-07-25T14:00:00.000000000,161.67,632.94601
2022-07-25T15:00:00.000000000,106.36,612.84666
2022-07-25T16:00:00.000000000,94.06,606.46566
2022-07-25T17:00:00.000000000,90.34,598.01571
2022-07-25T18:00:00.000000000,88.65,580.55414
2022-07-25T19:00:00.000000000,90.65,570.17827
2022-07-25T20:00:00.000000000,91.35,553.78988
2022-07-25T21:00:00.000000000,90.93,539.85687
2022-07-25T22:00:00.000000000,86.04,540.48834
2022-07-25T23:00:00.000000000,83.24,534.65173
2022-07-23T00:00:00.000000000,74.57,245.2538
2022-07-23T01:00:00.000000000,79.87,246.85384
2022-07-23T02:00:00.000000000,87.2,262.77579
2022-07-23T03:00:00.000000000,84.29,263.81789
2022-07-23T04:00:00.000000000,106.11,278.81912
2022-07-23T05:00:00.000000000,86.78,292.4911
2022-07-23T06:00:00.000000000,74.51,309.82729
2022-07-23T07:00:00.000000000,78.78,324.84508
2022-07-23T08:00:00.000000000,75.69,334.57623
2022-07-23T09:00:00.000000000,81.47,339.02016
2022-07-23T10:00:00.000000000,77.35,352.0887
2022-07-23T11:00:00.000000000,71.75,365.07722
2022-07-23T12:00:00.000000000,73.2,371.47554
2022-07-23T13:00:00.000000000,83.72,382.16036
2022-07-23T14:00:00.000000000,67.88,379.35048
2022-07-23T15:00:00.000000000,70.88,371.69004
2022-07-23T16:00:00.000000000,71.74,379.77058
2022-07-23T17:00:00.000000000,74.65,380.61587
2022-07-23T18:00:00.000000000,77.62,377.14246
2022-07-23T19:00:00.000000000,84.82,369.27744
2022-07-23T20:00:00.000000000,88.88,352.40027
2022-07-23T21:00:00.000000000,88.81,341.52434
2022-07-23T22:00:00.000000000,84.95,335.33402
2022-07-23T23:00:00.000000000,74.59,327.69678
2022-07-24T00:00:00.000000000,88.98,431.7889
2022-07-24T01:00:00.000000000,96.07,439.88896
2022-07-24T02:00:00.000000000,104.03,460.1232
2022-07-24T03:00:00.000000000,120.29,470.82547
2022-07-24T04:00:00.000000000,137.83,483.14488
2022-07-24T05:00:00.000000000,139.31,495.84901
2022-07-24T06:00:00.000000000,135.02,510.34847
2022-07-24T07:00:00.000000000,101.37,531.61531
2022-07-24T08:00:00.000000000,103.19,537.79786
2022-07-24T09:00:00.000000000,106.78,546.21266
2022-07-24T10:00:00.000000000,114.77,556.21973
2022-07-24T11:00:00.000000000,111.9,564.40014
2022-07-24T12:00:00.000000000,113.43,561.08676
2022-07-24T13:00:00.000000000,117.25,567.18251
2022-07-24T14:00:00.000000000,110.55,559.71646
2022-07-24T15:00:00.000000000,89.63,541.83152
2022-07-24T16:00:00.000000000,83.95,535.38901
2022-07-24T17:00:00.000000000,84.92,527.52542
2022-07-24T18:00:00.000000000,87.13,511.07442
2022-07-24T19:00:00.000000000,84.36,499.95531
2022-07-24T20:00:00.000000000,91.83,484.72778
2022-07-24T21:00:00.000000000,91.48,468.39341
2022-07-24T22:00:00.000000000,83.53,465.16018
2022-07-24T23:00:00.000000000,81.8,460.84639
2022-07-25T00:00:00.000000000,91.1,525.82839
2022-07-25T01:00:00.000000000,92.42,526.4951
2022-07-25T02:00:00.000000000,94.86,538.18916
2022-07-25T03:00:00.000000000,126.7,542.67106
2022-07-25T04:00:00.000000000,148.61,553.84773
2022-07-25T05:00:00.000000000,199.26,566.43356
2022-07-25T06:00:00.000000000,166.46,579.22154
2022-07-25T07:00:00.000000000,150.91,598.25089
2022-07-25T08:00:00.000000000,178.12,598.95484
2022-07-25T09:00:00.000000000,148.8,608.31469
2022-07-25T10:00:00.000000000,130.41,618.05213
2022-07-25T11:00:00.000000000,194.78,626.76821
2022-07-25T12:00:00.000000000,201.54,622.10578
2022-07-25T13:00:00.000000000,203.67,625.80471
2022-07-25T14:00:00.000000000,161.67,619.74866
2022-07-25T15:00:00.000000000,106.36,601.44018
2022-07-25T16:00:00.000000000,94.06,594.79747
2022-07-25T17:00:00.000000000,90.34,585.09327
2022-07-25T18:00:00.000000000,88.65,567.31159
2022-07-25T19:00:00.000000000,90.65,556.33673
2022-07-25T20:00:00.000000000,91.35,539.42671
2022-07-25T21:00:00.000000000,90.93,524.04309
2022-07-25T22:00:00.000000000,86.04,522.79164
2022-07-25T23:00:00.000000000,83.24,515.75272
2022-07-26T00:00:00.000000000,90.91,558.45963
2022-07-26T01:00:00.000000000,85.39,559.73346
2022-07-26T02:00:00.000000000,87.09,570.92659
2022-07-26T03:00:00.000000000,117.07,574.79013
2022-07-26T04:00:00.000000000,126.31,585.5538
2022-07-26T05:00:00.000000000,151.28,597.96418
2022-07-26T06:00:00.000000000,130.86,611.18949
2022-07-26T07:00:00.000000000,180.55,632.27388
2022-07-26T08:00:00.000000000,192.04,634.55853
2022-07-26T09:00:00.000000000,184.95,645.91169
2022-07-26T10:00:00.000000000,192.09,654.97017
2022-07-26T11:00:00.000000000,158.06,663.13446
2022-07-26T12:00:00.000000000,174.89,653.76391
2022-07-26T13:00:00.000000000,155.97,651.69211
2022-07-26T14:00:00.000000000,156.16,640.94306
2022-07-26T15:00:00.000000000,109.14,618.5237
2022-07-26T16:00:00.000000000,95.88,610.8905
2022-07-26T17:00:00.000000000,91.41,601.35916
2022-07-26T18:00:00.000000000,89.54,582.94834
2022-07-26T19:00:00.000000000,85.06,572.82972
2022-07-26T20:00:00.000000000,83.03,556.44974
2022-07-26T21:00:00.000000000,83.89,543.22893
2022-07-26T22:00:00.000000000,86.66,544.84174
2022-07-26T23:00:00.000000000,82.78,539.8123
2022-07-24T00:00:00.000000000,88.98,259.60251
2022-07-24T01:00:00.000000000,96.07,266.85249
2022-07-24T02:00:00.000000000,104.03,288.55979
2022-07-24T03:00:00.000000000,120.29,294.77725
2022-07-24T04:00:00.000000000,137.83,310.35809
2022-07-24T05:00:00.000000000,139.31,324.68344
2022-07-24T06:00:00.000000000,135.02,342.02534
2022-07-24T07:00:00.000000000,101.37,358.1424
2022-07-24T08:00:00.000000000,103.19,367.99293
2022-07-24T09:00:00.000000000,106.78,373.46767
2022-07-24T10:00:00.000000000,114.77,387.66979
2022-07-24T11:00:00.000000000,111.9,400.83888
2022-07-24T12:00:00.000000000,113.43,407.07235
2022-07-24T13:00:00.000000000,117.25,418.00666
2022-07-24T14:00:00.000000000,110.55,413.68553
2022-07-24T15:00:00.000000000,89.63,401.90514
2022-07-24T16:00:00.000000000,83.95,402.92623
2022-07-24T17:00:00.000000000,84.92,397.43368
2022-07-24T18:00:00.000000000,87.13,387.46541
2022-07-24T19:00:00.000000000,84.36,377.55748
2022-07-24T20:00:00.000000000,91.83,360.66439
2022-07-24T21:00:00.000000000,91.48,349.84165
2022-07-24T22:00:00.000000000,83.53,346.64865
2022-07-24T23:00:00.000000000,81.8,342.99438
2022-07-25T00:00:00.000000000,91.1,438.44398
2022-07-25T01:00:00.000000000,92.42,444.04933
2022-07-25T02:00:00.000000000,94.86,462.64827
2022-07-25T03:00:00.000000000,126.7,472.27266
2022-07-25T04:00:00.000000000,148.61,485.0214
2022-07-25T05:00:00.000000000,199.26,499.36541
2022-07-25T06:00:00.000000000,166.46,516.24936
2022-07-25T07:00:00.000000000,150.91,539.46053
2022-07-25T08:00:00.000000000,178.12,548.05615
2022-07-25T09:00:00.000000000,148.8,560.25176
2022-07-25T10:00:00.000000000,130.41,573.08181
2022-07-25T11:00:00.000000000,194.78,582.29582
2022-07-25T12:00:00.000000000,201.54,580.1531
2022-07-25T13:00:00.000000000,203.67,587.01086
2022-07-25T14:00:00.000000000,161.67,581.47645
2022-07-25T15:00:00.000000000,106.36,564.96676
2022-07-25T16:00:00.000000000,94.06,559.17996
2022-07-25T17:00:00.000000000,90.34,551.63365
2022-07-25T18:00:00.000000000,88.65,536.38221
2022-07-25T19:00:00.000000000,90.65,526.11422
2022-07-25T20:00:00.000000000,91.35,511.44897
2022-07-25T21:00:00.000000000,90.93,493.56028
2022-07-25T22:00:00.000000000,86.04,488.05957
2022-07-25T23:00:00.000000000,83.24,479.4737
2022-07-26T00:00:00.000000000,90.91,552.78564
2022-07-26T01:00:00.000000000,85.39,555.50836
2022-07-26T02:00:00.000000000,87.09,569.10909
2022-07-26T03:00:00.000000000,117.07,576.11298
2022-07-26T04:00:00.000000000,126.31,587.935
2022-07-26T05:00:00.000000000,151.28,599.62181
2022-07-26T06:00:00.000000000,130.86,609.86822
2022-07-26T07:00:00.000000000,180.55,628.13084
2022-07-26T08:00:00.000000000,192.04,627.93011
2022-07-26T09:00:00.000000000,184.95,637.05852
2022-07-26T10:00:00.000000000,192.09,646.08276
2022-07-26T11:00:00.000000000,158.06,653.41684
2022-07-26T12:00:00.000000000,174.89,644.67073
2022-07-26T13:00:00.000000000,155.97,645.07769
2022-07-26T14:00:00.000000000,156.16,636.48253
2022-07-26T15:00:00.000000000,109.14,614.51532
2022-07-26T16:00:00.000000000,95.88,605.59351
2022-07-26T17:00:00.000000000,91.41,593.2536
2022-07-26T18:00:00.000000000,89.54,571.58901
2022-07-26T19:00:00.000000000,85.06,559.3093
2022-07-26T20:00:00.000000000,83.03,540.43707
2022-07-26T21:00:00.000000000,83.89,525.13972
2022-07-26T22:00:00.000000000,86.66,526.48969
2022-07-26T23:00:00.000000000,82.78,522.25738
2022-07-27T00:00:00.000000000,83.34,561.12287
2022-07-27T01:00:00.000000000,87.03,564.13776
2022-07-27T02:00:00.000000000,99.37,576.79136
2022-07-27T03:00:00.000000000,117.73,581.58416
2022-07-27T04:00:00.000000000,128.83,591.57848
2022-07-27T05:00:00.000000000,153.94,601.77558
2022-07-27T06:00:00.000000000,110.67,612.01841
2022-07-27T07:00:00.000000000,118.4,630.49788
2022-07-27T08:00:00.000000000,134.47,631.26086
2022-07-27T09:00:00.000000000,128.22,640.81664
2022-07-27T10:00:00.000000000,111.27,649.10939
2022-07-27T11:00:00.000000000,128.99,656.03031
2022-07-27T12:00:00.000000000,116.22,645.63577
2022-07-27T13:00:00.000000000,96.29,642.93071
2022-07-27T14:00:00.000000000,93.79,630.99843
2022-07-27T15:00:00.000000000,84.88,607.06848
2022-07-27T16:00:00.000000000,81.21,597.38711
2022-07-27T17:00:00.000000000,83.95,585.54993
2022-07-27T18:00:00.000000000,83.26,566.0536
2022-07-27T19:00:00.000000000,83.48,556.22835
2022-07-27T20:00:00.000000000,83.03,541.10841
2022-07-27T21:00:00.000000000,81.34,530.53484
2022-07-27T22:00:00.000000000,77.1,535.39092
2022-07-27T23:00:00.000000000,82.17,533.2177
2022-07-25T00:00:00.000000000,91.1,240.7487
2022-07-25T01:00:00.000000000,92.42,253.08791
2022-07-25T02:00:00.000000000,94.86,279.16037
2022-07-25T03:00:00.000000000,126.7,290.63
2022-07-25T04:00:00.000000000,148.61,311.07508
2022-07-25T05:00:00.000000000,199.26,329.1159
2022-07-25T06:00:00.000000000,166.46,349.31868
2022-07-25T07:00:00.000000000,150.91,368.29459
2022-07-25T08:00:00.000000000,178.12,379.96844
2022-07-25T09:00:00.000000000,148.8,389.00426
2022-07-25T10:00:00.000000000,130.41,406.83878
2022-07-25T11:00:00.000000000,194.78,421.20597
2022-07-25T12:00:00.000000000,201.54,429.54218
2022-07-25T13:00:00.000000000,203.67,443.56952
2022-07-25T14:00:00.000000000,161.67,440.09794
2022-07-25T15:00:00.000000000,106.36,428.24176
2022-07-25T16:00:00.000000000,94.06,428.97325
2022-07-25T17:00:00.000000000,90.34,422.38763
2022-07-25T18:00:00.000000000,88.65,408.534
2022-07-25T19:00:00.000000000,90.65,393.51779
2022-07-25T20:00:00.000000000,91.35,370.83782
2022-07-25T21:00:00.000000000,90.93,353.84384
2022-07-25T22:00:00.000000000,86.04,347.08365
2022-07-25T23:00:00.000000000,83.24,340.07953
2022-07-26T00:00:00.000000000,90.91,449.14802
2022-07-26T01:00:00.000000000,85.39,458.42725
2022-07-26T02:00:00.000000000,87.09,480.4544
2022-07-26T03:00:00.000000000,117.07,493.6967
2022-07-26T04:00:00.000000000,126.31,507.29531
2022-07-26T05:00:00.000000000,151.28,520.14939
2022-07-26T06:00:00.000000000,130.86,533.62366
2022-07-26T07:00:00.000000000,180.55,554.87655
2022-07-26T08:00:00.000000000,192.04,561.19431
2022-07-26T09:00:00.000000000,184.95,571.03951
2022-07-26T10:00:00.000000000,192.09,582.16124
2022-07-26T11:00:00.000000000,158.06,590.00367
2022-07-26T12:00:00.000000000,174.89,584.6704
2022-07-26T13:00:00.000000000,155.97,588.95611
2022-07-26T14:00:00.000000000,156.16,580.22491
2022-07-26T15:00:00.000000000,109.14,559.40306
2022-07-26T16:00:00.000000000,95.88,549.71477
2022-07-26T17:00:00.000000000,91.41,537.7011
2022-07-26T18:00:00.000000000,89.54,518.83883
2022-07-26T19:00:00.000000000,85.06,507.66445
2022-07-26T20:00:00.000000000,83.03,492.76344
2022-07-26T21:00:00.000000000,83.89,477.01477
2022-07-26T22:00:00.000000000,86.66,475.59974
2022-07-26T23:00:00.000000000,82.78,471.57962
2022-07-27T00:00:00.000000000,83.34,539.24509
2022-07-27T01:00:00.000000000,87.03,545.64129
2022-07-27T02:00:00.000000000,99.37,562.45626
2022-07-27T03:00:00.000000000,117.73,571.17489
2022-07-27T04:00:00.000000000,128.83,583.49446
2022-07-27T05:00:00.000000000,153.94,594.80297
2022-07-27T06:00:00.000000000,110.67,605.62825
2022-07-27T07:00:00.000000000,118.4,623.89016
2022-07-27T08:00:00.000000000,134.47,624.2558
2022-07-27T09:00:00.000000000,128.22,632.5533
2022-07-27T10:00:00.000000000,111.27,640.48316
2022-07-27T11:00:00.000000000,128.99,646.35855
2022-07-27T12:00:00.000000000,116.22,635.84556
2022-07-27T13:00:00.000000000,96.29,633.7257
2022-07-27T14:00:00.000000000,93.79,621.52308
2022-07-27T15:00:00.000000000,84.88,596.53337
2022-07-27T16:00:00.000000000,81.21,584.89013
2022-07-27T17:00:00.000000000,83.95,570.38079
2022-07-27T18:00:00.000000000,83.26,549.4314
2022-07-27T19:00:00.000000000,83.48,539.34611
2022-07-27T20:00:00.000000000,83.03,524.31218
2022-07-27T21:00:00.000000000,81.34,514.22676
2022-07-27T22:00:00.000000000,77.1,519.96141
2022-07-27T23:00:00.000000000,82.17,519.05189
2022-07-28T00:00:00.000000000,84.19,563.76066
2022-07-28T01:00:00.000000000,86.94,568.37656
2022-07-28T02:00:00.000000000,100.23,581.92498
2022-07-28T03:00:00.000000000,126.33,586.88981
2022-07-28T04:00:00.000000000,139.69,596.66279
2022-07-28T05:00:00.000000000,146.65,606.34487
2022-07-28T06:00:00.000000000,66.17,616.12904
2022-07-28T07:00:00.000000000,62.51,634.1544
2022-07-28T08:00:00.000000000,67.77,634.84394
2022-07-28T09:00:00.000000000,93.47,644.48487
2022-07-28T10:00:00.000000000,108.53,652.7298
2022-07-28T11:00:00.000000000,114.67,659.02015
2022-07-28T12:00:00.000000000,119.49,647.97203
2022-07-28T13:00:00.000000000,87.1,644.43518
2022-07-28T14:00:00.000000000,94.18,631.85743
2022-07-28T15:00:00.000000000,83.37,607.1832
2022-07-28T16:00:00.000000000,79.82,596.94528
2022-07-28T17:00:00.000000000,79.3,584.44913
2022-07-28T18:00:00.000000000,76.98,564.49423
2022-07-28T19:00:00.000000000,73.18,554.91658
2022-07-28T20:00:00.000000000,78.91,540.23904
2022-07-28T21:00:00.000000000,64.13,530.94947
2022-07-28T22:00:00.000000000,64.22,537.54536
2022-07-28T23:00:00.000000000,64.5,536.79267
2022-07-26T00:00:00.000000000,90.91,265.0343
2022-07-26T01:00:00.000000000,85.39,279.26167
2022-07-26T02:00:00.000000000,87.09,307.47113
2022-07-26T03:00:00.000000000,117.07,321.1075
2022-07-26T04:00:00.000000000,126.31,341.6558
2022-07-26T05:00:00.000000000,151.28,359.54089
2022-07-26T06:00:00.000000000,130.86,379.61319
2022-07-26T07:00:00.000000000,180.55,398.68742
2022-07-26T08:00:00.000000000,192.04,409.87084
2022-07-26T09:00:00.000000000,184.95,417.84696
2022-07-26T10:00:00.000000000,192.09,433.08574
2022-07-26T11:00:00.000000000,158.06,443.11893
2022-07-26T12:00:00.000000000,174.89,445.52314
2022-07-26T13:00:00.000000000,155.97,453.80943
2022-07-26T14:00:00.000000000,156.16,445.32093
2022-07-26T15:00:00.000000000,109.14,429.66207
2022-07-26T16:00:00.000000000,95.88,426.30391
2022-07-26T17:00:00.000000000,91.41,418.23461
2022-07-26T18:00:00.000000000,89.54,404.71202
2022-07-26T19:00:00.000000000,85.06,392.91931
2022-07-26T20:00:00.000000000,83.03,375.42846
2022-07-26T21:00:00.000000000,83.89,362.46301
2022-07-26T22:00:00.000000000,86.66,360.48584
2022-07-26T23:00:00.000000000,82.78,357.7154
2022-07-27T00:00:00.000000000,83.34,451.84886
2022-07-27T01:00:00.000000000,87.03,460.69448
2022-07-27T02:00:00.000000000,99.37,481.7156
2022-07-27T03:00:00.000000000,117.73,493.73885
2022-07-27T04:00:00.000000000,128.83,506.72573
2022-07-27T05:00:00.000000000,153.94,519.27261
2022-07-27T06:00:00.000000000,110.67,532.97661
2022-07-27T07:00:00.000000000,118.4,554.36545
2022-07-27T08:00:00.000000000,134.47,560.52368
2022-07-27T09:00:00.000000000,128.22,570.1165
2022-07-27T10:00:00.000000000,111.27,580.69485
2022-07-27T11:00:00.000000000,128.99,588.37062
2022-07-27T12:00:00.000000000,116.22,582.76531
2022-07-27T13:00:00.000000000,96.29,586.39159
2022-07-27T14:00:00.000000000,93.79,577.15033
2022-07-27T15:00:00.000000000,84.88,556.44337
2022-07-27T16:00:00.000000000,81.21,547.43313
2022-07-27T17:00:00.000000000,83.95,536.55278
2022-07-27T18:00:00.000000000,83.26,518.47119
2022-07-27T19:00:00.000000000,83.48,507.73538
2022-07-27T20:00:00.000000000,83.03,493.16686
2022-07-27T21:00:00.000000000,81.34,478.22082
2022-07-27T22:00:00.000000000,77.1,477.37904
2022-07-27T23:00:00.000000000,82.17,473.93341
2022-07-28T00:00:00.000000000,84.19,546.38394
2022-07-28T01:00:00.000000000,86.94,552.26979
2022-07-28T02:00:00.000000000,100.23,568.72929
2022-07-28T03:00:00.000000000,126.33,577.80418
2022-07-28T04:00:00.000000000,139.69,589.48711
2022-07-28T05:00:00.000000000,146.65,598.85471
2022-07-28T06:00:00.000000000,66.17,606.15609
2022-07-28T07:00:00.000000000,62.51,621.50496
2022-07-28T08:00:00.000000000,67.77,619.70863
2022-07-28T09:00:00.000000000,93.47,626.22162
2022-07-28T10:00:00.000000000,108.53,633.89019
2022-07-28T11:00:00.000000000,114.67,639.7862
2022-07-28T12:00:00.000000000,119.49,629.39858
2022-07-28T13:00:00.000000000,87.1,628.1288
2022-07-28T14:00:00.000000000,94.18,616.58778
2022-07-28T15:00:00.000000000,83.37,591.53958
2022-07-28T16:00:00.000000000,79.82,579.44073
2022-07-28T17:00:00.000000000,79.3,563.59288
2022-07-28T18:00:00.000000000,76.98,541.37962
2022-07-28T19:00:00.000000000,73.18,530.45591
2022-07-28T20:00:00.000000000,78.91,514.57645
2022-07-28T21:00:00.000000000,64.13,504.25448
2022-07-28T22:00:00.000000000,64.22,510.59994
2022-07-28T23:00:00.000000000,64.5,510.44752
2022-07-29T00:00:00.000000000,68.04,563.27227
2022-07-29T01:00:00.000000000,81.01,566.21072
2022-07-29T02:00:00.000000000,89.7,578.42562
2022-07-29T03:00:00.000000000,97.73,582.71899
2022-07-29T04:00:00.000000000,114.36,591.92988
2022-07-29T05:00:00.000000000,95.05,600.98107
2022-07-29T06:00:00.000000000,91.27,609.487
2022-07-29T07:00:00.000000000,132.06,626.47405
2022-07-29T08:00:00.000000000,129.26,626.21238
2022-07-29T09:00:00.000000000,114.69,635.34454
2022-07-29T10:00:00.000000000,115.43,643.92779
2022-07-29T11:00:00.000000000,132.92,650.91114
2022-07-29T12:00:00.000000000,143.66,641.16512
2022-07-29T13:00:00.000000000,94.52,639.28627
2022-07-29T14:00:00.000000000,111.29,628.40592
2022-07-29T15:00:00.000000000,84.41,605.21296
2022-07-29T16:00:00.000000000,79.81,595.7012
2022-07-29T17:00:00.000000000,79.54,583.67741
2022-07-29T18:00:00.000000000,75.28,563.89716
2022-07-29T19:00:00.000000000,76.41,553.91276
2022-07-29T20:00:00.000000000,73.94,538.6851
2022-07-29T21:00:00.000000000,68.17,528.09
2022-07-29T22:00:00.000000000,66.67,533.5169
2022-07-29T23:00:00.000000000,67.7,531.87698
2022-07-27T00:00:00.000000000,83.34,250.99432
2022-07-27T01:00:00.000000000,87.03,259.75422
2022-07-27T02:00:00.000000000,99.37,284.01441
2022-07-27T03:00:00.000000000,117.73,292.88194
2022-07-27T04:00:00.000000000,128.83,312.08064
2022-07-27T05:00:00.000000000,153.94,328.38651
2022-07-27T06:00:00.000000000,110.67,346.78647
2022-07-27T07:00:00.000000000,118.4,363.32138
2022-07-27T08:00:00.000000000,134.47,372.4213
2022-07-27T09:00:00.000000000,128.22,376.03369
2022-07-27T10:00:00.000000000,111.27,387.62026
2022-07-27T11:00:00.000000000,128.99,398.16893
2022-07-27T12:00:00.000000000,116.22,400.74828
2022-07-27T13:00:00.000000000,96.29,409.57025
2022-07-27T14:00:00.000000000,93.79,403.92162
2022-07-27T15:00:00.000000000,84.88,392.25105
2022-07-27T16:00:00.000000000,81.21,395.11981
2022-07-27T17:00:00.000000000,83.95,391.1534
2022-07-27T18:00:00.000000000,83.26,381.38027
2022-07-27T19:00:00.000000000,83.48,370.27668
2022-07-27T20:00:00.000000000,83.03,349.84665
2022-07-27T21:00:00.000000000,81.34,335.49164
2022-07-27T22:00:00.000000000,77.1,329.67639
2022-07-27T23:00:00.000000000,82.17,324.53823
2022-07-28T00:00:00.000000000,84.19,422.19021
2022-07-28T01:00:00.000000000,86.94,424.28664
2022-07-28T02:00:00.000000000,100.23,440.29678
2022-07-28T03:00:00.000000000,126.33,445.58978
2022-07-28T04:00:00.000000000,139.69,452.47796
2022-07-28T05:00:00.000000000,146.65,456.41835
2022-07-28T06:00:00.000000000,66.17,462.12313
2022-07-28T07:00:00.000000000,62.51,474.69459
2022-07-28T08:00:00.000000000,67.77,476.86244
2022-07-28T09:00:00.000000000,93.47,476.73864
2022-07-28T10:00:00.000000000,108.53,482.99255
2022-07-28T11:00:00.000000000,114.67,488.31874
2022-07-28T12:00:00.000000000,119.49,482.32359
2022-07-28T13:00:00.000000000,87.1,485.27865
2022-07-28T14:00:00.000000000,94.18,472.55716
2022-07-28T15:00:00.000000000,83.37,453.87837
2022-07-28T16:00:00.000000000,79.82,445.23231
2022-07-28T17:00:00.000000000,79.3,438.60924
2022-07-28T18:00:00.000000000,76.98,427.39727
2022-07-28T19:00:00.000000000,73.18,420.99766
2022-07-28T20:00:00.000000000,78.91,411.61321
2022-07-28T21:00:00.000000000,64.13,403.74048
2022-07-28T22:00:00.000000000,64.22,407.18749
2022-07-28T23:00:00.000000000,64.5,409.36337
2022-07-29T00:00:00.000000000,68.04,486.1616
2022-07-29T01:00:00.000000000,81.01,491.88962
2022-07-29T02:00:00.000000000,89.7,508.87954
2022-07-29T03:00:00.000000000,97.73,518.02703
2022-07-29T04:00:00.000000000,114.36,528.99835
2022-07-29T05:00:00.000000000,95.05,537.96161
2022-07-29T06:00:00.000000000,91.27,546.03209
2022-07-29T07:00:00.000000000,132.06,562.51441
2022-07-29T08:00:00.000000000,129.26,563.01268
2022-07-29T09:00:00.000000000,114.69,568.51635
2022-07-29T10:00:00.000000000,115.43,576.65323
2022-07-29T11:00:00.000000000,132.92,583.82561
2022-07-29T12:00:00.000000000,143.66,576.68089
2022-07-29T13:00:00.000000000,94.52,578.72011
2022-07-29T14:00:00.000000000,111.29,568.90082
2022-07-29T15:00:00.000000000,84.41,547.34778
2022-07-29T16:00:00.000000000,79.81,538.33104
2022-07-29T17:00:00.000000000,79.54,526.87866
2022-07-29T18:00:00.000000000,75.28,508.63191
2022-07-29T19:00:00.000000000,76.41,498.73251
2022-07-29T20:00:00.000000000,73.94,484.6441
2022-07-29T21:00:00.000000000,68.17,472.77671
2022-07-29T22:00:00.000000000,66.67,475.84962
2022-07-29T23:00:00.000000000,67.7,475.33657
2022-07-30T00:00:00.000000000,66.69,524.85322
2022-07-30T01:00:00.000000000,78.83,526.54534
2022-07-30T02:00:00.000000000,74.3,538.51231
2022-07-30T03:00:00.000000000,88.6,542.5261
2022-07-30T04:00:00.000000000,90.18,554.23799
2022-07-30T05:00:00.000000000,89.17,567.95036
2022-07-30T06:00:00.000000000,85.4,583.24491
2022-07-30T07:00:00.000000000,88.35,605.1401
2022-07-30T08:00:00.000000000,65.68,608.40066
2022-07-30T09:00:00.000000000,64.26,620.77793
2022-07-30T10:00:00.000000000,77.02,631.30309
2022-07-30T11:00:00.000000000,78.05,640.01484
2022-07-30T12:00:00.000000000,87.41,633.60781
2022-07-30T13:00:00.000000000,79.37,634.58523
2022-07-30T14:00:00.000000000,84.23,626.79537
2022-07-30T15:00:00.000000000,77.03,607.31357
2022-07-30T16:00:00.000000000,75.12,600.59977
2022-07-30T17:00:00.000000000,72.07,591.64642
2022-07-30T18:00:00.000000000,67.34,574.88314
2022-07-30T19:00:00.000000000,69.41,565.32865
2022-07-30T20:00:00.000000000,74.76,549.46335
2022-07-30T21:00:00.000000000,69.52,534.91469
2022-07-30T22:00:00.000000000,76.01,534.6269
2022-07-30T23:00:00.000000000,80.28,527.65238
2022-07-28T00:00:00.000000000,84.19,238.36726
2022-07-28T01:00:00.000000000,86.94,246.449
2022-07-28T02:00:00.000000000,100.23,268.22067
2022-07-28T03:00:00.000000000,126.33,273.83753
2022-07-28T04:00:00.000000000,139.69,292.52597
2022-07-28T05:00:00.000000000,146.65,307.19286
2022-07-28T06:00:00.000000000,66.17,324.70837
2022-07-28T07:00:00.000000000,62.51,339.98876
2022-07-28T08:00:00.000000000,67.77,347.71573
2022-07-28T09:00:00.000000000,93.47,349.44056
2022-07-28T10:00:00.000000000,108.53,359.86713
2022-07-28T11:00:00.000000000,114.67,370.0969
2022-07-28T12:00:00.000000000,119.49,371.8133
2022-07-28T13:00:00.000000000,87.1,378.99219
2022-07-28T14:00:00.000000000,94.18,371.92622
2022-07-28T15:00:00.000000000,83.37,360.08635
2022-07-28T16:00:00.000000000,79.82,364.02546
2022-07-28T17:00:00.000000000,79.3,360.5901
2022-07-28T18:00:00.000000000,76.98,352.77749
2022-07-28T19:00:00.000000000,73.18,341.77183
2022-07-28T20:00:00.000000000,78.91,319.91842
2022-07-28T21:00:00.000000000,64.13,306.26687
2022-07-28T22:00:00.000000000,64.22,301.09284
2022-07-28T23:00:00.000000000,64.5,296.41588
2022-07-29T00:00:00.000000000,68.04,386.78035
2022-07-29T01:00:00.000000000,81.01,392.78337
2022-07-29T02:00:00.000000000,89.7,412.65138
2022-07-29T03:00:00.000000000,97.73,421.4843
2022-07-29T04:00:00.000000000,114.36,432.89345
2022-07-29T05:00:00.000000000,95.05,441.91885
2022-07-29T06:00:00.000000000,91.27,453.10993
2022-07-29T07:00:00.000000000,132.06,469.3802
2022-07-29T08:00:00.000000000,129.26,474.46233
2022-07-29T09:00:00.000000000,114.69,477.41286
2022-07-29T10:00:00.000000000,115.43,485.83394
2022-07-29T11:00:00.000000000,132.92,492.15954
2022-07-29T12:00:00.000000000,143.66,488.39613
2022-07-29T13:00:00.000000000,94.52,493.94129
2022-07-29T14:00:00.000000000,111.29,483.0662
2022-07-29T15:00:00.000000000,84.41,465.61521
2022-07-29T16:00:00.000000000,79.81,458.29246
2022-07-29T17:00:00.000000000,79.54,451.93462
2022-07-29T18:00:00.000000000,75.28,439.0247
2022-07-29T19:00:00.000000000,76.41,429.60827
2022-07-29T20:00:00.000000000,73.94,416.42139
2022-07-29T21:00:00.000000000,68.17,404.11745
2022-07-29T22:00:00.000000000,66.67,403.5369
2022-07-29T23:00:00.000000000,67.7,402.577
2022-07-30T00:00:00.000000000,66.69,481.24499
2022-07-30T01:00:00.000000000,78.83,489.52
2022-07-30T02:00:00.000000000,74.3,508.78536
2022-07-30T03:00:00.000000000,88.6,519.15123
2022-07-30T04:00:00.000000000,90.18,531.25517
2022-07-30T05:00:00.000000000,89.17,542.9858
2022-07-30T06:00:00.000000000,85.4,555.19787
2022-07-30T07:00:00.000000000,88.35,575.03964
2022-07-30T08:00:00.000000000,65.68,579.07071
2022-07-30T09:00:00.000000000,64.26,588.71955
2022-07-30T10:00:00.000000000,77.02,599.36264
2022-07-30T11:00:00.000000000,78.05,606.91686
2022-07-30T12:00:00.000000000,87.41,600.4129
2022-07-30T13:00:00.000000000,79.37,602.08582
2022-07-30T14:00:00.000000000,84.23,592.08841
2022-07-30T15:00:00.000000000,77.03,570.1706
2022-07-30T16:00:00.000000000,75.12,560.4083
2022-07-30T17:00:00.000000000,72.07,548.394
2022-07-30T18:00:00.000000000,67.34,529.65086
2022-07-30T19:00:00.000000000,69.41,519.67324
2022-07-30T20:00:00.000000000,74.76,506.00286
2022-07-30T21:00:00.000000000,69.52,493.66171
2022-07-30T22:00:00.000000000,76.01,496.36848
2022-07-30T23:00:00.000000000,80.28,494.79366
2022-07-31T00:00:00.000000000,76.74,536.43507
2022-07-31T01:00:00.000000000,86.68,536.08246
2022-07-31T02:00:00.000000000,118.31,545.6954
2022-07-31T03:00:00.000000000,120.99,548.00874
2022-07-31T04:00:00.000000000,120.19,557.46739
2022-07-31T05:00:00.000000000,148.84,567.51066
2022-07-31T06:00:00.000000000,131.71,576.78178
2022-07-31T07:00:00.000000000,133.74,593.38919
2022-07-31T08:00:00.000000000,92.49,592.86639
2022-07-31T09:00:00.000000000,109.01,602.50011
2022-07-31T10:00:00.000000000,112.73,612.76401
2022-07-31T11:00:00.000000000,100.83,621.15932
2022-07-31T12:00:00.000000000,99.06,616.06452
2022-07-31T13:00:00.000000000,89.68,619.51106
2022-07-31T14:00:00.000000000,91.37,614.49433
2022-07-31T15:00:00.000000000,95.62,597.00751
2022-07-31T16:00:00.000000000,92.92,590.98233
2022-07-31T17:00:00.000000000,88.46,581.40047
2022-07-31T18:00:00.000000000,83.67,563.46879
2022-07-31T19:00:00.000000000,74.15,552.87857
2022-07-31T20:00:00.000000000,77.89,536.13841
2022-07-31T21:00:00.000000000,69.16,521.32625
2022-07-31T22:00:00.000000000,70.79,521.90674
2022-07-31T23:00:00.000000000,75.19,515.9891
2022-07-29T00:00:00.000000000,68.04,221.97851
2022-07-29T01:00:00.000000000,81.01,225.24064
2022-07-29T02:00:00.000000000,89.7,242.91898
2022-07-29T03:00:00.000000000,97.73,245.72311
2022-07-29T04:00:00.000000000,114.36,263.74167
2022-07-29T05:00:00.000000000,95.05,279.80278
2022-07-29T06:00:00.000000000,91.27,299.65465
2022-07-29T07:00:00.000000000,132.06,315.81478
2022-07-29T08:00:00.000000000,129.26,326.71343
2022-07-29T09:00:00.000000000,114.69,331.89645
2022-07-29T10:00:00.000000000,115.43,345.77941
2022-07-29T11:00:00.000000000,132.92,358.7524
2022-07-29T12:00:00.000000000,143.66,365.31236
2022-07-29T13:00:00.000000000,94.52,376.02721
2022-07-29T14:00:00.000000000,111.29,373.22858
2022-07-29T15:00:00.000000000,84.41,365.53038
2022-07-29T16:00:00.000000000,79.81,374.53616
2022-07-29T17:00:00.000000000,79.54,375.23177
2022-07-29T18:00:00.000000000,75.28,371.92108
2022-07-29T19:00:00.000000000,76.41,363.5344
2022-07-29T20:00:00.000000000,73.94,345.13169
2022-07-29T21:00:00.000000000,68.17,333.10072
2022-07-29T22:00:00.000000000,66.67,325.5835
2022-07-29T23:00:00.000000000,67.7,316.46431
2022-07-30T00:00:00.000000000,66.69,403.0666
2022-07-30T01:00:00.000000000,78.83,412.9862
2022-07-30T02:00:00.000000000,74.3,436.03729
2022-07-30T03:00:00.000000000,88.6,448.79648
2022-07-30T04:00:00.000000000,90.18,462.85837
2022-07-30T05:00:00.000000000,89.17,476.99636
2022-07-30T06:00:00.000000000,85.4,493.56707
2022-07-30T07:00:00.000000000,88.35,516.01651
2022-07-30T08:00:00.000000000,65.68,524.59634
2022-07-30T09:00:00.000000000,64.26,534.4475
2022-07-30T10:00:00.000000000,77.02,546.14068
2022-07-30T11:00:00.000000000,78.05,553.74347
2022-07-30T12:00:00.000000000,87.41,550.97452
2022-07-30T13:00:00.000000000,79.37,557.62684
2022-07-30T14:00:00.000000000,84.23,549.49892
2022-07-30T15:00:00.000000000,77.03,531.61339
2022-07-30T16:00:00.000000000,75.12,523.9809
2022-07-30T17:00:00.000000000,72.07,515.65804
2022-07-30T18:00:00.000000000,67.34,498.79087
2022-07-30T19:00:00.000000000,69.41,487.27993
2022-07-30T20:00:00.000000000,74.76,471.93022
2022-07-30T21:00:00.000000000,69.52,455.83949
2022-07-30T22:00:00.000000000,76.01,452.93778
2022-07-30T23:00:00.000000000,80.28,448.91572
2022-07-31T00:00:00.000000000,76.74,505.57595
2022-07-31T01:00:00.000000000,86.68,512.85634
2022-07-31T02:00:00.000000000,118.31,532.04855
2022-07-31T03:00:00.000000000,120.99,544.27799
2022-07-31T04:00:00.000000000,120.19,556.91335
2022-07-31T05:00:00.000000000,148.84,566.54661
2022-07-31T06:00:00.000000000,131.71,572.10211
2022-07-31T07:00:00.000000000,133.74,585.59875
2022-07-31T08:00:00.000000000,92.49,583.15994
2022-07-31T09:00:00.000000000,109.01,587.78846
2022-07-31T10:00:00.000000000,112.73,596.60359
2022-07-31T11:00:00.000000000,100.83,604.03585
2022-07-31T12:00:00.000000000,99.06,597.57314
2022-07-31T13:00:00.000000000,89.68,601.35545
2022-07-31T14:00:00.000000000,91.37,593.31696
2022-07-31T15:00:00.000000000,95.62,570.93387
2022-07-31T16:00:00.000000000,92.92,559.82931
2022-07-31T17:00:00.000000000,88.46,543.78373
2022-07-31T18:00:00.000000000,83.67,520.53382
2022-07-31T19:00:00.000000000,74.15,507.45809
2022-07-31T20:00:00.000000000,77.89,489.91538
2022-07-31T21:00:00.000000000,69.16,475.88998
2022-07-31T22:00:00.000000000,70.79,478.95344
2022-07-31T23:00:00.000000000,75.19,478.36182
2022-08-01T00:00:00.000000000,80.62,502.12029
2022-08-01T01:00:00.000000000,82.6,501.64951
2022-08-01T02:00:00.000000000,114.79,517.30312
2022-08-01T03:00:00.000000000,117.26,525.58892
2022-08-01T04:00:00.000000000,99.89,536.2435
2022-08-01T05:00:00.000000000,91.33,538.9913
2022-08-01T06:00:00.000000000,84.61,541.48967
2022-08-01T07:00:00.000000000,90.66,554.1616
2022-08-01T08:00:00.000000000,54.67,553.5609
2022-08-01T09:00:00.000000000,57.86,551.85921
2022-08-01T10:00:00.000000000,50.82,554.40236
2022-08-01T11:00:00.000000000,58.08,558.92316
2022-08-01T12:00:00.000000000,56.2,543.76965
2022-08-01T13:00:00.000000000,49.08,539.64214
2022-08-01T14:00:00.000000000,46.27,521.55393
2022-08-01T15:00:00.000000000,47.29,495.20208
2022-08-01T16:00:00.000000000,48.44,483.45812
2022-08-01T17:00:00.000000000,47.49,472.5612
2022-08-01T18:00:00.000000000,53.87,460.87959
2022-08-01T19:00:00.000000000,53.2,456.43881
2022-08-01T20:00:00.000000000,49.34,448.3044
2022-08-01T21:00:00.000000000,47.62,441.24924
2022-08-01T22:00:00.000000000,57.71,445.31141
2022-08-01T23:00:00.000000000,55.01,444.5532
2022-07-30T00:00:00.000000000,66.69,228.34213
2022-07-30T01:00:00.000000000,78.83,232.97761
2022-07-30T02:00:00.000000000,74.3,252.00769
2022-07-30T03:00:00.000000000,88.6,257.19665
2022-07-30T04:00:00.000000000,90.18,276.28736
2022-07-30T05:00:00.000000000,89.17,293.55089
2022-07-30T06:00:00.000000000,85.4,314.38879
2022-07-30T07:00:00.000000000,88.35,332.04841
2022-07-30T08:00:00.000000000,65.68,344.46229
2022-07-30T09:00:00.000000000,64.26,351.54255
2022-07-30T10:00:00.000000000,77.02,367.06864
2022-07-30T11:00:00.000000000,78.05,380.15761
2022-07-30T12:00:00.000000000,87.41,386.85914
2022-07-30T13:00:00.000000000,79.37,397.98824
2022-07-30T14:00:00.000000000,84.23,394.54709
2022-07-30T15:00:00.000000000,77.03,385.58167
2022-07-30T16:00:00.000000000,75.12,392.86595
2022-07-30T17:00:00.000000000,72.07,392.00565
2022-07-30T18:00:00.000000000,67.34,386.48527
2022-07-30T19:00:00.000000000,69.41,376.61216
2022-07-30T20:00:00.000000000,74.76,357.53725
2022-07-30T21:00:00.000000000,69.52,343.59303
2022-07-30T22:00:00.000000000,76.01,335.1029
2022-07-30T23:00:00.000000000,80.28,325.43661
2022-07-31T00:00:00.000000000,76.74,400.42036
2022-07-31T01:00:00.000000000,86.68,413.55236
2022-07-31T02:00:00.000000000,118.31,439.60792
2022-07-31T03:00:00.000000000,120.99,455.06197
2022-07-31T04:00:00.000000000,120.19,470.88466
2022-07-31T05:00:00.000000000,148.84,486.48408
2022-07-31T06:00:00.000000000,131.71,503.35441
2022-07-31T07:00:00.000000000,133.74,525.88216
2022-07-31T08:00:00.000000000,92.49,533.16634
2022-07-31T09:00:00.000000000,109.01,542.56955
2022-07-31T10:00:00.000000000,112.73,554.03268
2022-07-31T11:00:00.000000000,100.83,562.41382
2022-07-31T12:00:00.000000000,99.06,560.04312
2022-07-31T13:00:00.000000000,89.68,567.41885
2022-07-31T14:00:00.000000000,91.37,560.13221
2022-07-31T15:00:00.000000000,95.62,541.43573
2022-07-31T16:00:00.000000000,92.92,532.70956
2022-07-31T17:00:00.000000000,88.46,522.09335
2022-07-31T18:00:00.000000000,83.67,502.98644
2022-07-31T19:00:00.000000000,74.15,490.05992
2022-07-31T20:00:00.000000000,77.89,473.10178
2022-07-31T21:00:00.000000000,69.16,455.43844
2022-07-31T22:00:00.000000000,70.79,452.13244
2022-07-31T23:00:00.000000000,75.19,448.28581
2022-08-01T00:00:00.000000000,80.62,467.5295
2022-08-01T01:00:00.000000000,82.6,471.65255
2022-08-01T02:00:00.000000000,114.79,488.77889
2022-08-01T03:00:00.000000000,117.26,497.81692
2022-08-01T04:00:00.000000000,99.89,507.49033
2022-08-01T05:00:00.000000000,91.33,514.12363
2022-08-01T06:00:00.000000000,84.61,521.34649
2022-08-01T07:00:00.000000000,90.66,537.49991
2022-08-01T08:00:00.000000000,54.67,540.41903
2022-08-01T09:00:00.000000000,57.86,544.43903
2022-08-01T10:00:00.000000000,50.82,551.61341
2022-08-01T11:00:00.000000000,58.08,557.8956
2022-08-01T12:00:00.000000000,56.2,549.91379
2022-08-01T13:00:00.000000000,49.08,551.92002
2022-08-01T14:00:00.000000000,46.27,539.78002
2022-08-01T15:00:00.000000000,47.29,518.10597
2022-08-01T16:00:00.000000000,48.44,508.62378
2022-08-01T17:00:00.000000000,47.49,498.46472
2022-08-01T18:00:00.000000000,53.87,483.14459
2022-08-01T19:00:00.000000000,53.2,474.40893
2022-08-01T20:00:00.000000000,49.34,462.53347
2022-08-01T21:00:00.000000000,47.62,451.10025
2022-08-01T22:00:00.000000000,57.71,452.36041
2022-08-01T23:00:00.000000000,55.01,450.89669
2022-08-02T00:00:00.000000000,62.46,481.90375
2022-08-02T01:00:00.000000000,63.14,478.49487
2022-08-02T02:00:00.000000000,61.06,490.41269
2022-08-02T03:00:00.000000000,57.99,492.7716
2022-08-02T04:00:00.000000000,48.58,498.98915
2022-08-02T05:00:00.000000000,46.61,497.91751
2022-08-02T06:00:00.000000000,45.7,497.16611
2022-08-02T07:00:00.000000000,49.45,506.46627
2022-08-02T08:00:00.000000000,51.33,502.03052
2022-08-02T09:00:00.000000000,51.78,493.97607
2022-08-02T10:00:00.000000000,50.37,490.59917
2022-08-02T11:00:00.000000000,53.78,491.29934
2022-08-02T12:00:00.000000000,52.73,473.29327
2022-08-02T13:00:00.000000000,50.81,467.04711
2022-08-02T14:00:00.000000000,48.73,448.2927
2022-08-02T15:00:00.000000000,39.52,426.27881
2022-08-02T16:00:00.000000000,41.37,417.74203
2022-08-02T17:00:00.000000000,39.28,414.14978
2022-08-02T18:00:00.000000000,43.12,406.92692
2022-08-02T19:00:00.000000000,41.82,404.96468
2022-08-02T20:00:00.000000000,43.85,398.47884
2022-08-02T21:00:00.000000000,45.56,391.70357
2022-08-02T22:00:00.000000000,43.87,397.20191
2022-08-02T23:00:00.000000000,50.72,401.39846
2022-07-31T00:00:00.000000000,76.74,238.49433
2022-07-31T01:00:00.000000000,86.68,250.86878
2022-07-31T02:00:00.000000000,118.31,276.88489
2022-07-31T03:00:00.000000000,120.99,286.90754
2022-07-31T04:00:00.000000000,120.19,306.1578
2022-07-31T05:00:00.000000000,148.84,323.15592
2022-07-31T06:00:00.000000000,131.71,343.79439
2022-07-31T07:00:00.000000000,133.74,363.00703
2022-07-31T08:00:00.000000000,92.49,375.67392
2022-07-31T09:00:00.000000000,109.01,385.21825
2022-07-31T10:00:00.000000000,112.73,403.0872
2022-07-31T11:00:00.000000000,100.83,416.91585
2022-07-31T12:00:00.000000000,99.06,424.00648
2022-07-31T13:00:00.000000000,89.68,435.61542
2022-07-31T14:00:00.000000000,91.37,430.58273
2022-07-31T15:00:00.000000000,95.62,417.23719
2022-07-31T16:00:00.000000000,92.92,416.13485
2022-07-31T17:00:00.000000000,88.46,408.25471
2022-07-31T18:00:00.000000000,83.67,395.59977
2022-07-31T19:00:00.000000000,74.15,383.57827
2022-07-31T20:00:00.000000000,77.89,364.45895
2022-07-31T21:00:00.000000000,69.16,351.74859
2022-07-31T22:00:00.000000000,70.79,348.69233
2022-07-31T23:00:00.000000000,75.19,344.11933
2022-08-01T00:00:00.000000000,80.62,405.53463
2022-08-01T01:00:00.000000000,82.6,411.24824
2022-08-01T02:00:00.000000000,114.79,430.13017
2022-08-01T03:00:00.000000000,117.26,439.32336
2022-08-01T04:00:00.000000000,99.89,450.7736
2022-08-01T05:00:00.000000000,91.33,460.67849
2022-08-01T06:00:00.000000000,84.61,473.16822
2022-08-01T07:00:00.000000000,90.66,492.07952
2022-08-01T08:00:00.000000000,54.67,499.04575
2022-08-01T09:00:00.000000000,57.86,505.59482
2022-08-01T10:00:00.000000000,50.82,515.66633
2022-08-01T11:00:00.000000000,58.08,522.67613
2022-08-01T12:00:00.000000000,56.2,518.75794
2022-08-01T13:00:00.000000000,49.08,524.32526
2022-08-01T14:00:00.000000000,46.27,514.13341
2022-08-01T15:00:00.000000000,47.29,496.34861
2022-08-01T16:00:00.000000000,48.44,489.0943
2022-08-01T17:00:00.000000000,47.49,482.52057
2022-08-01T18:00:00.000000000,53.87,469.52207
2022-08-01T19:00:00.000000000,53.2,460.1222
2022-08-01T20:00:00.000000000,49.34,447.5267
2022-08-01T21:00:00.000000000,47.62,433.55304
2022-08-01T22:00:00.000000000,57.71,431.36359
2022-08-01T23:00:00.000000000,55.01,427.5385
2022-08-02T00:00:00.000000000,62.46,469.09716
2022-08-02T01:00:00.000000000,63.14,464.96124
2022-08-02T02:00:00.000000000,61.06,476.73148
2022-08-02T03:00:00.000000000,57.99,479.46949
2022-08-02T04:00:00.000000000,48.58,485.61659
2022-08-02T05:00:00.000000000,46.61,486.1391
2022-08-02T06:00:00.000000000,45.7,488.10976
2022-08-02T07:00:00.000000000,49.45,499.18675
2022-08-02T08:00:00.000000000,51.33,497.51192
2022-08-02T09:00:00.000000000,51.78,491.98609
2022-08-02T10:00:00.000000000,50.37,491.21832
2022-08-02T11:00:00.000000000,53.78,492.11084
2022-08-02T12:00:00.000000000,52.73,476.5879
2022-08-02T13:00:00.000000000,50.81,472.5337
2022-08-02T14:00:00.000000000,48.73,455.23825
2022-08-02T15:00:00.000000000,39.52,434.41136
2022-08-02T16:00:00.000000000,41.37,425.78305
2022-08-02T17:00:00.000000000,39.28,421.90753
2022-08-02T18:00:00.000000000,43.12,414.31021
2022-08-02T19:00:00.000000000,41.82,411.55817
2022-08-02T20:00:00.000000000,43.85,404.15438
2022-08-02T21:00:00.000000000,45.56,396.42819
2022-08-02T22:00:00.000000000,43.87,400.08881
2022-08-02T23:00:00.000000000,50.72,402.21332
2022-08-03T00:00:00.000000000,51.61,448.33229
2022-08-03T01:00:00.000000000,54.73,453.02621
2022-08-03T02:00:00.000000000,55.51,471.23326
2022-08-03T03:00:00.000000000,57.85,479.71483
2022-08-03T04:00:00.000000000,35.73,488.61861
2022-08-03T05:00:00.000000000,31.92,494.67603
2022-08-03T06:00:00.000000000,32.15,502.8267
2022-08-03T07:00:00.000000000,38.15,519.56732
2022-08-03T08:00:00.000000000,39.13,524.18388
2022-08-03T09:00:00.000000000,45.08,527.53042
2022-08-03T10:00:00.000000000,44.33,533.59888
2022-08-03T11:00:00.000000000,45.26,539.06202
2022-08-03T12:00:00.000000000,48.93,530.65635
2022-08-03T13:00:00.000000000,55.75,532.09675
2022-08-03T14:00:00.000000000,62.05,519.20101
2022-08-03T15:00:00.000000000,57.17,498.27599
2022-08-03T16:00:00.000000000,60.58,489.5617
2022-08-03T17:00:00.000000000,60.01,481.56544
2022-08-03T18:00:00.000000000,59.19,468.9028
2022-08-03T19:00:00.000000000,65.42,462.37127
2022-08-03T20:00:00.000000000,60.19,453.02092
2022-08-03T21:00:00.000000000,61.63,443.16033
2022-08-03T22:00:00.000000000,53.8,444.54858
2022-08-03T23:00:00.000000000,59.85,444.02209
2022-08-01T00:00:00.000000000,80.62,213.64745
2022-08-01T01:00:00.000000000,82.6,224.25912
2022-08-01T02:00:00.000000000,114.79,250.48548
2022-08-01T03:00:00.000000000,117.26,260.61589
2022-08-01T04:00:00.000000000,99.89,282.13458
2022-08-01T05:00:00.000000000,91.33,300.86562
2022-08-01T06:00:00.000000000,84.61,321.91544
2022-08-01T07:00:00.000000000,90.66,338.59535
2022-08-01T08:00:00.000000000,54.67,349.1539
2022-08-01T09:00:00.000000000,57.86,354.26077
2022-08-01T10:00:00.000000000,50.82,368.50511
2022-08-01T11:00:00.000000000,58.08,380.57426
2022-08-01T12:00:00.000000000,56.2,386.44291
2022-08-01T13:00:00.000000000,49.08,396.86081
2022-08-01T14:00:00.000000000,46.27,392.6195
2022-08-01T15:00:00.000000000,47.29,381.40011
2022-08-01T16:00:00.000000000,48.44,384.89669
2022-08-01T17:00:00.000000000,47.49,379.71094
2022-08-01T18:00:00.000000000,53.87,370.89945
2022-08-01T19:00:00.000000000,53.2,360.80234
2022-08-01T20:00:00.000000000,49.34,341.60228
2022-08-01T21:00:00.000000000,47.62,330.39884
2022-08-01T22:00:00.000000000,57.71,325.99979
2022-08-01T23:00:00.000000000,55.01,320.70895
2022-08-02T00:00:00.000000000,62.46,391.87644
2022-08-02T01:00:00.000000000,63.14,393.89322
2022-08-02T02:00:00.000000000,61.06,408.83876
2022-08-02T03:00:00.000000000,57.99,409.87232
2022-08-02T04:00:00.000000000,48.58,418.52792
2022-08-02T05:00:00.000000000,46.61,421.83961
2022-08-02T06:00:00.000000000,45.7,428.18449
2022-08-02T07:00:00.000000000,49.45,440.16702
2022-08-02T08:00:00.000000000,51.33,439.48446
2022-08-02T09:00:00.000000000,51.78,433.93948
2022-08-02T10:00:00.000000000,50.37,433.43199
2022-08-02T11:00:00.000000000,53.78,435.40923
2022-08-02T12:00:00.000000000,52.73,422.93759
2022-08-02T13:00:00.000000000,50.81,419.9934
2022-08-02T14:00:00.000000000,48.73,403.97448
2022-08-02T15:00:00.000000000,39.52,386.09674
2022-08-02T16:00:00.000000000,41.37,380.82681
2022-08-02T17:00:00.000000000,39.28,378.65405
2022-08-02T18:00:00.000000000,43.12,372.26106
2022-08-02T19:00:00.000000000,41.82,367.33935
2022-08-02T20:00:00.000000000,43.85,355.77484
2022-08-02T21:00:00.000000000,45.56,346.64486
2022-08-02T22:00:00.000000000,43.87,349.47784
2022-08-02T23:00:00.000000000,50.72,352.89698
2022-08-03T00:00:00.000000000,51.61,419.18102
2022-08-03T01:00:00.000000000,54.73,426.50293
2022-08-03T02:00:00.000000000,55.51,447.91708
2022-08-03T03:00:00.000000000,57.85,458.75911
2022-08-03T04:00:00.000000000,35.73,470.39439
2022-08-03T05:00:00.000000000,31.92,479.30987
2022-08-03T06:00:00.000000000,32.15,490.31676
2022-08-03T07:00:00.000000000,38.15,508.4887
2022-08-03T08:00:00.000000000,39.13,513.62615
2022-08-03T09:00:00.000000000,45.08,516.70618
2022-08-03T10:00:00.000000000,44.33,522.24443
2022-08-03T11:00:00.000000000,45.26,527.71049
2022-08-03T12:00:00.000000000,48.93,520.20325
2022-08-03T13:00:00.000000000,55.75,523.33093
2022-08-03T14:00:00.000000000,62.05,511.76704
2022-08-03T15:00:00.000000000,57.17,492.24743
2022-08-03T16:00:00.000000000,60.58,484.57028
2022-08-03T17:00:00.000000000,60.01,477.53441
2022-08-03T18:00:00.000000000,59.19,463.69816
2022-08-03T19:00:00.000000000,65.42,455.1559
2022-08-03T20:00:00.000000000,60.19,442.91505
2022-08-03T21:00:00.000000000,61.63,430.13696
2022-08-03T22:00:00.000000000,53.8,429.10261
2022-08-03T23:00:00.000000000,59.85,428.04724
2022-08-04T00:00:00.000000000,78.22,476.50763
2022-08-04T01:00:00.000000000,83.79,481.67166
2022-08-04T02:00:00.000000000,77.37,500.50785
2022-08-04T03:00:00.000000000,88.67,510.6156
2022-08-04T04:00:00.000000000,84.08,520.32113
2022-08-04T05:00:00.000000000,66.25,526.29125
2022-08-04T06:00:00.000000000,55.96,532.76592
2022-08-04T07:00:00.000000000,57.93,547.9638
2022-08-04T08:00:00.000000000,53.14,550.6457
2022-08-04T09:00:00.000000000,57.71,553.88072
2022-08-04T10:00:00.000000000,67.92,560.68484
2022-08-04T11:00:00.000000000,66.71,567.16472
2022-08-04T12:00:00.000000000,68.79,558.25986
2022-08-04T13:00:00.000000000,65.0,558.80149
2022-08-04T14:00:00.000000000,61.74,544.78776
2022-08-04T15:00:00.000000000,57.07,520.88517
2022-08-04T16:00:00.000000000,55.89,509.44883
2022-08-04T17:00:00.000000000,51.87,497.39508
2022-08-04T18:00:00.000000000,53.15,482.35145
2022-08-04T19:00:00.000000000,51.15,474.94998
2022-08-04T20:00:00.000000000,51.03,465.00789
2022-08-04T21:00:00.000000000,54.94,456.24849
2022-08-04T22:00:00.000000000,56.64,459.46277
2022-08-04T23:00:00.000000000,56.59,459.09326
2022-08-02T00:00:00.000000000,62.46,191.50321
2022-08-02T01:00:00.000000000,63.14,186.45369
2022-08-02T02:00:00.000000000,61.06,192.47979
2022-08-02T03:00:00.000000000,57.99,178.51927
2022-08-02T04:00:00.000000000,48.58,188.07573
2022-08-02T05:00:00.000000000,46.61,191.936
2022-08-02T06:00:00.000000000,45.7,203.88042
2022-08-02T07:00:00.000000000,49.45,209.35466
2022-08-02T08:00:00.000000000,51.33,212.18223
2022-08-02T09:00:00.000000000,51.78,206.80337
2022-08-02T10:00:00.000000000,50.37,214.85871
2022-08-02T11:00:00.000000000,53.78,225.6732
2022-08-02T12:00:00.000000000,52.73,231.05777
2022-08-02T13:00:00.000000000,50.81,234.83496
2022-08-02T14:00:00.000000000,48.73,230.60917
2022-08-02T15:00:00.000000000,39.52,223.61849
2022-08-02T16:00:00.000000000,41.37,233.18275
2022-08-02T17:00:00.000000000,39.28,234.25458
2022-08-02T18:00:00.000000000,43.12,248.58242
2022-08-02T19:00:00.000000000,41.82,257.65131
2022-08-02T20:00:00.000000000,43.85,254.45097
2022-08-02T21:00:00.000000000,45.56,263.42223
2022-08-02T22:00:00.000000000,43.87,269.49286
2022-08-02T23:00:00.000000000,50.72,267.96078
2022-08-03T00:00:00.000000000,51.61,335.01722
2022-08-03T01:00:00.000000000,54.73,339.36456
2022-08-03T02:00:00.000000000,55.51,358.59003
2022-08-03T03:00:00.000000000,57.85,365.62043
2022-08-03T04:00:00.000000000,35.73,380.73531
2022-08-03T05:00:00.000000000,31.92,392.71106
2022-08-03T06:00:00.000000000,32.15,407.57997
2022-08-03T07:00:00.000000000,38.15,424.67255
2022-08-03T08:00:00.000000000,39.13,431.84495
2022-08-03T09:00:00.000000000,45.08,433.9867
2022-08-03T10:00:00.000000000,44.33,441.24389
2022-08-03T11:00:00.000000000,45.26,446.9373
2022-08-03T12:00:00.000000000,48.93,441.53526
2022-08-03T13:00:00.000000000,55.75,444.88433
2022-08-03T14:00:00.000000000,62.05,433.84376
2022-08-03T15:00:00.000000000,57.17,418.94009
2022-08-03T16:00:00.000000000,60.58,417.7961
2022-08-03T17:00:00.000000000,60.01,415.906
2022-08-03T18:00:00.000000000,59.19,407.54455
2022-08-03T19:00:00.000000000,65.42,399.22118
2022-08-03T20:00:00.000000000,60.19,383.99548
2022-08-03T21:00:00.000000000,61.63,369.55671
2022-08-03T22:00:00.000000000,53.8,365.11561
2022-08-03T23:00:00.000000000,59.85,361.15609
2022-08-04T00:00:00.000000000,78.22,423.18654
2022-08-04T01:00:00.000000000,83.79,432.32528
2022-08-04T02:00:00.000000000,77.37,454.75386
2022-08-04T03:00:00.000000000,88.67,467.08268
2022-08-04T04:00:00.000000000,84.08,479.08402
2022-08-04T05:00:00.000000000,66.25,488.88682
2022-08-04T06:00:00.000000000,55.96,499.70051
2022-08-04T07:00:00.000000000,57.93,517.5563
2022-08-04T08:00:00.000000000,53.14,521.86529
2022-08-04T09:00:00.000000000,57.71,525.63761
2022-08-04T10:00:00.000000000,67.92,532.56269
2022-08-04T11:00:00.000000000,66.71,539.04711
2022-08-04T12:00:00.000000000,68.79,533.37153
2022-08-04T13:00:00.000000000,65.0,537.9886
2022-08-04T14:00:00.000000000,61.74,527.22897
2022-08-04T15:00:00.000000000,57.07,507.16651
2022-08-04T16:00:00.000000000,55.89,498.33501
2022-08-04T17:00:00.000000000,51.87,489.08717
2022-08-04T18:00:00.000000000,53.15,472.70703
2022-08-04T19:00:00.000000000,51.15,462.30912
2022-08-04T20:00:00.000000000,51.03,448.83093
2022-08-04T21:00:00.000000000,54.94,435.59561
2022-08-04T22:00:00.000000000,56.64,435.09934
2022-08-04T23:00:00.000000000,56.59,434.54012
2022-08-05T00:00:00.000000000,61.26,485.60168
2022-08-05T01:00:00.000000000,67.13,492.55313
2022-08-05T02:00:00.000000000,70.61,510.99415
2022-08-05T03:00:00.000000000,96.87,521.13714
2022-08-05T04:00:00.000000000,102.05,533.11661
2022-08-05T05:00:00.000000000,111.58,544.22963
2022-08-05T06:00:00.000000000,117.5,555.72458
2022-08-05T07:00:00.000000000,96.52,575.22796
2022-08-05T08:00:00.000000000,145.42,579.45905
2022-08-05T09:00:00.000000000,145.1,588.79245
2022-08-05T10:00:00.000000000,159.09,599.02053
2022-08-05T11:00:00.000000000,138.76,606.34749
2022-08-05T12:00:00.000000000,153.8,599.14545
2022-08-05T13:00:00.000000000,108.45,600.75751
2022-08-05T14:00:00.000000000,145.85,590.55533
2022-08-05T15:00:00.000000000,113.49,568.42601
2022-08-05T16:00:00.000000000,99.4,558.74459
2022-08-05T17:00:00.000000000,97.27,546.4805
2022-08-05T18:00:00.000000000,89.13,527.74531
2022-08-05T19:00:00.000000000,86.39,517.42017
2022-08-05T20:00:00.000000000,91.42,503.076
2022-08-05T21:00:00.000000000,90.69,489.92588
2022-08-05T22:00:00.000000000,92.92,491.41018
2022-08-05T23:00:00.000000000,89.41,488.50381
2022-08-03T00:00:00.000000000,51.61,215.18395
2022-08-03T01:00:00.000000000,54.73,219.56915
2022-08-03T02:00:00.000000000,55.51,235.07321
2022-08-03T03:00:00.000000000,57.85,232.63303
2022-08-03T04:00:00.000000000,35.73,246.08805
2022-08-03T05:00:00.000000000,31.92,255.92491
2022-08-03T06:00:00.000000000,32.15,269.72872
2022-08-03T07:00:00.000000000,38.15,279.09437
2022-08-03T08:00:00.000000000,39.13,283.33226
2022-08-03T09:00:00.000000000,45.08,281.34794
2022-08-03T10:00:00.000000000,44.33,291.40601
2022-08-03T11:00:00.000000000,45.26,303.61483
2022-08-03T12:00:00.000000000,48.93,309.10347
2022-08-03T13:00:00.000000000,55.75,316.16247
2022-08-03T14:00:00.000000000,62.05,310.32669
2022-08-03T15:00:00.000000000,57.17,299.69947
2022-08-03T16:00:00.000000000,60.58,305.08231
2022-08-03T17:00:00.000000000,60.01,302.1651
2022-08-03T18:00:00.000000000,59.19,301.50355
2022-08-03T19:00:00.000000000,65.42,297.54308
2022-08-03T20:00:00.000000000,60.19,283.94714
2022-08-03T21:00:00.000000000,61.63,282.10011
2022-08-03T22:00:00.000000000,53.8,284.43132
2022-08-03T23:00:00.000000000,59.85,283.94397
2022-08-04T00:00:00.000000000,78.22,373.141
2022-08-04T01:00:00.000000000,83.79,377.42665
2022-08-04T02:00:00.000000000,77.37,396.99706
2022-08-04T03:00:00.000000000,88.67,403.27927
2022-08-04T04:00:00.000000000,84.08,414.66927
2022-08-04T05:00:00.000000000,66.25,421.62803
2022-08-04T06:00:00.000000000,55.96,430.32664
2022-08-04T07:00:00.000000000,57.93,443.55448
2022-08-04T08:00:00.000000000,53.14,446.14747
2022-08-04T09:00:00.000000000,57.71,444.0446
2022-08-04T10:00:00.000000000,67.92,447.99
2022-08-04T11:00:00.000000000,66.71,452.12952
2022-08-04T12:00:00.000000000,68.79,443.48486
2022-08-04T13:00:00.000000000,65.0,443.99691
2022-08-04T14:00:00.000000000,61.74,430.40278
2022-08-04T15:00:00.000000000,57.07,412.66388
2022-08-04T16:00:00.000000000,55.89,406.74204
2022-08-04T17:00:00.000000000,51.87,401.80519
2022-08-04T18:00:00.000000000,53.15,392.21725
2022-08-04T19:00:00.000000000,51.15,385.69715
2022-08-04T20:00:00.000000000,51.03,373.27363
2022-08-04T21:00:00.000000000,54.94,363.03827
2022-08-04T22:00:00.000000000,56.64,364.37133
2022-08-04T23:00:00.000000000,56.59,366.08646
2022-08-05T00:00:00.000000000,61.26,446.34897
2022-08-05T01:00:00.000000000,67.13,445.05388
2022-08-05T02:00:00.000000000,70.61,458.92989
2022-08-05T03:00:00.000000000,96.87,462.91806
2022-08-05T04:00:00.000000000,102.05,469.4221
2022-08-05T05:00:00.000000000,111.58,471.60732
2022-08-05T06:00:00.000000000,117.5,475.55234
2022-08-05T07:00:00.000000000,96.52,487.58317
2022-08-05T08:00:00.000000000,145.42,487.64282
2022-08-05T09:00:00.000000000,145.1,484.30132
2022-08-05T10:00:00.000000000,159.09,486.5499
2022-08-05T11:00:00.000000000,138.76,489.32039
2022-08-05T12:00:00.000000000,153.8,478.3105
2022-08-05T13:00:00.000000000,108.45,477.85856
2022-08-05T14:00:00.000000000,145.85,462.42417
2022-08-05T15:00:00.000000000,113.49,442.59136
2022-08-05T16:00:00.000000000,99.4,433.32998
2022-08-05T17:00:00.000000000,97.27,427.89579
2022-08-05T18:00:00.000000000,89.13,418.04305
2022-08-05T19:00:00.000000000,86.39,412.43963
2022-08-05T20:00:00.000000000,91.42,402.76082
2022-08-05T21:00:00.000000000,90.69,393.9406
2022-08-05T22:00:00.000000000,92.92,396.64327
2022-08-05T23:00:00.000000000,89.41,398.69796
2022-08-06T00:00:00.000000000,84.81,491.87337
2022-08-06T01:00:00.000000000,90.51,496.59262
2022-08-06T02:00:00.000000000,101.79,511.17768
2022-08-06T03:00:00.000000000,113.11,516.63374
2022-08-06T04:00:00.000000000,159.66,524.98498
2022-08-06T05:00:00.000000000,151.87,532.11641
2022-08-06T06:00:00.000000000,134.3,540.84844
2022-08-06T07:00:00.000000000,147.57,558.43806
2022-08-06T08:00:00.000000000,119.64,561.19793
2022-08-06T09:00:00.000000000,123.64,568.6264
2022-08-06T10:00:00.000000000,115.11,577.1989
2022-08-06T11:00:00.000000000,156.99,583.73331
2022-08-06T12:00:00.000000000,178.0,575.64537
2022-08-06T13:00:00.000000000,174.33,575.26365
2022-08-06T14:00:00.000000000,166.71,563.14805
2022-08-06T15:00:00.000000000,120.8,541.31035
2022-08-06T16:00:00.000000000,104.11,532.46668
2022-08-06T17:00:00.000000000,97.11,522.87665
2022-08-06T18:00:00.000000000,96.91,508.10123
2022-08-06T19:00:00.000000000,93.31,501.17678
2022-08-06T20:00:00.000000000,93.2,491.24311
2022-08-06T21:00:00.000000000,96.2,483.05453
2022-08-06T22:00:00.000000000,94.7,488.56795
2022-08-06T23:00:00.000000000,90.55,488.80163
2022-08-04T00:00:00.000000000,78.22,222.87915
2022-08-04T01:00:00.000000000,83.79,230.27356
2022-08-04T02:00:00.000000000,77.37,250.49769
2022-08-04T03:00:00.000000000,88.67,252.74078
2022-08-04T04:00:00.000000000,84.08,268.95977
2022-08-04T05:00:00.000000000,66.25,281.14084
2022-08-04T06:00:00.000000000,55.96,296.78421
2022-08-04T07:00:00.000000000,57.93,308.87237
2022-08-04T08:00:00.000000000,53.14,314.69524
2022-08-04T09:00:00.000000000,57.71,314.65367
2022-08-04T10:00:00.000000000,67.92,325.25506
2022-08-04T11:00:00.000000000,66.71,336.38445
2022-08-04T12:00:00.000000000,68.79,340.21901
2022-08-04T13:00:00.000000000,65.0,347.17099
2022-08-04T14:00:00.000000000,61.74,340.52421
2022-08-04T15:00:00.000000000,57.07,328.68407
2022-08-04T16:00:00.000000000,55.89,331.73877
2022-08-04T17:00:00.000000000,51.87,326.89607
2022-08-04T18:00:00.000000000,53.15,322.14137
2022-08-04T19:00:00.000000000,51.15,315.09237
2022-08-04T20:00:00.000000000,51.03,298.00257
2022-08-04T21:00:00.000000000,54.94,292.07919
2022-08-04T22:00:00.000000000,56.64,292.59411
2022-08-04T23:00:00.000000000,56.59,291.39118
2022-08-05T00:00:00.000000000,61.26,382.40829
2022-08-05T01:00:00.000000000,67.13,383.54497
2022-08-05T02:00:00.000000000,70.61,399.18396
2022-08-05T03:00:00.000000000,96.87,402.36667
2022-08-05T04:00:00.000000000,102.05,412.47543
2022-08-05T05:00:00.000000000,111.58,418.36999
2022-08-05T06:00:00.000000000,117.5,427.08386
2022-08-05T07:00:00.000000000,96.52,440.71021
2022-08-05T08:00:00.000000000,145.42,443.352
2022-08-05T09:00:00.000000000,145.1,441.33644
2022-08-05T10:00:00.000000000,159.09,444.62597
2022-08-05T11:00:00.000000000,138.76,448.25817
2022-08-05T12:00:00.000000000,153.8,438.83899
2022-08-05T13:00:00.000000000,108.45,438.69486
2022-08-05T14:00:00.000000000,145.85,424.92283
2022-08-05T15:00:00.000000000,113.49,408.22359
2022-08-05T16:00:00.000000000,99.4,403.98678
2022-08-05T17:00:00.000000000,97.27,401.76883
2022-08-05T18:00:00.000000000,89.13,394.91494
2022-08-05T19:00:00.000000000,86.39,389.52702
2022-08-05T20:00:00.000000000,91.42,378.02951
2022-08-05T21:00:00.000000000,90.69,367.49558
2022-08-05T22:00:00.000000000,92.92,367.71005
2022-08-05T23:00:00.000000000,89.41,367.77114
2022-08-06T00:00:00.000000000,84.81,464.70994
2022-08-06T01:00:00.000000000,90.51,461.47879
2022-08-06T02:00:00.000000000,101.79,471.60136
2022-08-06T03:00:00.000000000,113.11,471.38134
2022-08-06T04:00:00.000000000,159.66,473.04513
2022-08-06T05:00:00.000000000,151.87,471.33694
2022-08-06T06:00:00.000000000,134.3,471.30041
2022-08-06T07:00:00.000000000,147.57,479.88582
2022-08-06T08:00:00.000000000,119.64,479.13934
2022-08-06T09:00:00.000000000,123.64,476.16115
2022-08-06T10:00:00.000000000,115.11,479.81722
2022-08-06T11:00:00.000000000,156.99,483.56929
2022-08-06T12:00:00.000000000,178.0,474.34091
2022-08-06T13:00:00.000000000,174.33,472.93625
2022-08-06T14:00:00.000000000,166.71,457.57434
2022-08-06T15:00:00.000000000,120.8,437.55242
2022-08-06T16:00:00.000000000,104.11,428.64562
2022-08-06T17:00:00.000000000,97.11,422.94103
2022-08-06T18:00:00.000000000,96.91,415.43215
2022-08-06T19:00:00.000000000,93.31,414.54227
2022-08-06T20:00:00.000000000,93.2,412.1256
2022-08-06T21:00:00.000000000,96.2,411.76921
2022-08-06T22:00:00.000000000,94.7,421.48851
2022-08-06T23:00:00.000000000,90.55,427.67733
2022-08-07T00:00:00.000000000,98.5,516.00068
2022-08-07T01:00:00.000000000,100.26,520.79645
2022-08-07T02:00:00.000000000,103.65,535.78489
2022-08-07T03:00:00.000000000,136.53,541.85143
2022-08-07T04:00:00.000000000,158.13,551.38402
2022-08-07T05:00:00.000000000,172.84,561.42666
2022-08-07T06:00:00.000000000,217.66,572.06253
2022-08-07T07:00:00.000000000,229.41,589.99804
2022-08-07T08:00:00.000000000,191.36,592.0952
2022-08-07T09:00:00.000000000,172.66,600.88884
2022-08-07T10:00:00.000000000,225.68,610.43717
2022-08-07T11:00:00.000000000,218.21,618.14918
2022-08-07T12:00:00.000000000,228.29,611.75182
2022-08-07T13:00:00.000000000,186.85,612.96137
2022-08-07T14:00:00.000000000,187.92,603.01712
2022-08-07T15:00:00.000000000,127.13,581.5453
2022-08-07T16:00:00.000000000,104.36,572.41185
2022-08-07T17:00:00.000000000,97.29,561.19639
2022-08-07T18:00:00.000000000,96.91,543.79539
2022-08-07T19:00:00.000000000,96.37,534.63927
2022-08-07T20:00:00.000000000,97.29,521.97197
2022-08-07T21:00:00.000000000,94.98,511.43989
2022-08-07T22:00:00.000000000,96.77,514.82121
2022-08-07T23:00:00.000000000,96.19,512.40918
2022-08-05T00:00:00.000000000,61.26,235.78309
2022-08-05T01:00:00.000000000,67.13,233.20116
2022-08-05T02:00:00.000000000,70.61,240.05221
2022-08-05T03:00:00.000000000,96.87,226.88064
2022-08-05T04:00:00.000000000,102.05,234.05119
2022-08-05T05:00:00.000000000,111.58,235.34483
2022-08-05T06:00:00.000000000,117.5,243.44495
2022-08-05T07:00:00.000000000,96.52,247.87577
2022-08-05T08:00:00.000000000,145.42,247.17078
2022-08-05T09:00:00.000000000,145.1,238.45548
2022-08-05T10:00:00.000000000,159.09,241.86312
2022-08-05T11:00:00.000000000,138.76,250.20289
2022-08-05T12:00:00.000000000,153.8,250.95504
2022-08-05T13:00:00.000000000,108.45,252.02865
2022-08-05T14:00:00.000000000,145.85,244.18437
2022-08-05T15:00:00.000000000,113.49,234.61147
2022-08-05T16:00:00.000000000,99.4,241.42916
2022-08-05T17:00:00.000000000,97.27,242.23421
2022-08-05T18:00:00.000000000,89.13,252.40173
2022-08-05T19:00:00.000000000,86.39,258.38415
2022-08-05T20:00:00.000000000,91.42,253.13992
2022-08-05T21:00:00.000000000,90.69,259.92884
2022-08-05T22:00:00.000000000,92.92,267.47984
2022-08-05T23:00:00.000000000,89.41,270.46584
2022-08-06T00:00:00.000000000,84.81,374.02696
2022-08-06T01:00:00.000000000,90.51,372.26699
2022-08-06T02:00:00.000000000,101.79,384.39981
2022-08-06T03:00:00.000000000,113.11,383.68849
2022-08-06T04:00:00.000000000,159.66,389.79215
2022-08-06T05:00:00.000000000,151.87,393.47181
2022-08-06T06:00:00.000000000,134.3,399.56214
2022-08-06T07:00:00.000000000,147.57,410.05275
2022-08-06T08:00:00.000000000,119.64,413.08138
2022-08-06T09:00:00.000000000,123.64,412.47225
2022-08-06T10:00:00.000000000,115.11,418.97783
2022-08-06T11:00:00.000000000,156.99,426.11307
2022-08-06T12:00:00.000000000,178.0,422.64443
2022-08-06T13:00:00.000000000,174.33,425.82822
2022-08-06T14:00:00.000000000,166.71,416.28899
2022-08-06T15:00:00.000000000,120.8,402.89934
2022-08-06T16:00:00.000000000,104.11,401.88107
2022-08-06T17:00:00.000000000,97.11,401.39386
2022-08-06T18:00:00.000000000,96.91,398.29715
2022-08-06T19:00:00.000000000,93.31,396.79795
2022-08-06T20:00:00.000000000,93.2,391.30232
2022-08-06T21:00:00.000000000,96.2,386.63572
2022-08-06T22:00:00.000000000,94.7,389.58244
2022-08-06T23:00:00.000000000,90.55,390.08079
2022-08-07T00:00:00.000000000,98.5,480.74602
2022-08-07T01:00:00.000000000,100.26,486.9831
2022-08-07T02:00:00.000000000,103.65,504.69268
2022-08-07T03:00:00.000000000,136.53,514.01362
2022-08-07T04:00:00.000000000,158.13,525.13022
2022-08-07T05:00:00.000000000,172.84,536.57948
2022-08-07T06:00:00.000000000,217.66,548.69833
2022-08-07T07:00:00.000000000,229.41,567.91074
2022-08-07T08:00:00.000000000,191.36,571.28948
2022-08-07T09:00:00.000000000,172.66,578.8684
2022-08-07T10:00:00.000000000,225.68,588.07329
2022-08-07T11:00:00.000000000,218.21,595.81496
2022-08-07T12:00:00.000000000,228.29,590.48256
2022-08-07T13:00:00.000000000,186.85,593.85705
2022-08-07T14:00:00.000000000,187.92,584.52953
2022-08-07T15:00:00.000000000,127.13,564.04978
2022-08-07T16:00:00.000000000,104.36,555.73287
2022-08-07T17:00:00.000000000,97.29,545.57623
2022-08-07T18:00:00.000000000,96.91,528.10258
2022-08-07T19:00:00.000000000,96.37,517.68347
2022-08-07T20:00:00.000000000,97.29,503.6073
2022-08-07T21:00:00.000000000,94.98,489.90963
2022-08-07T22:00:00.000000000,96.77,489.77959
2022-08-07T23:00:00.000000000,96.19,486.62987
2022-08-08T00:00:00.000000000,92.08,552.28433
2022-08-08T01:00:00.000000000,89.77,555.56626
2022-08-08T02:00:00.000000000,103.53,568.00047
2022-08-08T03:00:00.000000000,135.94,572.09582
2022-08-08T04:00:00.000000000,161.92,581.19341
2022-08-08T05:00:00.000000000,158.8,590.00438
2022-08-08T06:00:00.000000000,202.49,597.96114
2022-08-08T07:00:00.000000000,191.59,613.91925
2022-08-08T08:00:00.000000000,128.73,613.16398
2022-08-08T09:00:00.000000000,192.12,622.37562
2022-08-08T10:00:00.000000000,159.19,631.72305
2022-08-08T11:00:00.000000000,178.85,638.76393
2022-08-08T12:00:00.000000000,168.21,630.83382
2022-08-08T13:00:00.000000000,176.59,631.23749
2022-08-08T14:00:00.000000000,176.46,622.95161
2022-08-08T15:00:00.000000000,121.87,601.73834
2022-08-08T16:00:00.000000000,104.55,592.73397
2022-08-08T17:00:00.000000000,95.51,580.33925
2022-08-08T18:00:00.000000000,94.62,560.36123
2022-08-08T19:00:00.000000000,93.43,549.96461
2022-08-08T20:00:00.000000000,92.97,534.18004
2022-08-08T21:00:00.000000000,87.36,522.54671
2022-08-08T22:00:00.000000000,76.75,527.27624
2022-08-08T23:00:00.000000000,84.35,524.96648
2022-08-06T00:00:00.000000000,84.81,260.90145
2022-08-06T01:00:00.000000000,90.51,267.37246
2022-08-06T02:00:00.000000000,101.79,286.18042
2022-08-06T03:00:00.000000000,113.11,288.141
2022-08-06T04:00:00.000000000,159.66,303.10776
2022-08-06T05:00:00.000000000,151.87,313.48634
2022-08-06T06:00:00.000000000,134.3,326.79383
2022-08-06T07:00:00.000000000,147.57,339.31688
2022-08-06T08:00:00.000000000,119.64,343.92912
2022-08-06T09:00:00.000000000,123.64,342.64146
2022-08-06T10:00:00.000000000,115.11,350.22699
2022-08-06T11:00:00.000000000,156.99,359.35016
2022-08-06T12:00:00.000000000,178.0,358.87326
2022-08-06T13:00:00.000000000,174.33,363.77443
2022-08-06T14:00:00.000000000,166.71,355.31454
2022-08-06T15:00:00.000000000,120.8,343.07779
2022-08-06T16:00:00.000000000,104.11,346.56893
2022-08-06T17:00:00.000000000,97.11,344.13349
2022-08-06T18:00:00.000000000,96.91,338.30542
2022-08-06T19:00:00.000000000,93.31,329.60908
2022-08-06T20:00:00.000000000,93.2,310.36613
2022-08-06T21:00:00.000000000,96.2,299.4937
2022-08-06T22:00:00.000000000,94.7,297.44503
2022-08-06T23:00:00.000000000,90.55,295.62208
2022-08-07T00:00:00.000000000,98.5,407.99045
2022-08-07T01:00:00.000000000,100.26,419.13499
2022-08-07T02:00:00.000000000,103.65,442.87408
2022-08-07T03:00:00.000000000,136.53,455.83815
2022-08-07T04:00:00.000000000,158.13,469.22987
2022-08-07T05:00:00.000000000,172.84,482.39823
2022-08-07T06:00:00.000000000,217.66,497.15761
2022-08-07T07:00:00.000000000,229.41,518.10822
2022-08-07T08:00:00.000000000,191.36,525.35995
2022-08-07T09:00:00.000000000,172.66,534.35598
2022-08-07T10:00:00.000000000,225.68,545.87526
2022-08-07T11:00:00.000000000,218.21,554.20142
2022-08-07T12:00:00.000000000,228.29,551.8937
2022-08-07T13:00:00.000000000,186.85,558.642
2022-08-07T14:00:00.000000000,187.92,550.33442
2022-08-07T15:00:00.000000000,127.13,531.82616
2022-08-07T16:00:00.000000000,104.36,523.43261
2022-08-07T17:00:00.000000000,97.29,513.72895
2022-08-07T18:00:00.000000000,96.91,496.06061
2022-08-07T19:00:00.000000000,96.37,484.26346
2022-08-07T20:00:00.000000000,97.29,469.32442
2022-08-07T21:00:00.000000000,94.98,453.8989
2022-08-07T22:00:00.000000000,96.77,452.23599
2022-08-07T23:00:00.000000000,96.19,449.60961
2022-08-08T00:00:00.000000000,92.08,527.65834
2022-08-08T01:00:00.000000000,89.77,534.55917
2022-08-08T02:00:00.000000000,103.53,551.65256
2022-08-08T03:00:00.000000000,135.94,560.26871
2022-08-08T04:00:00.000000000,161.92,572.18675
2022-08-08T05:00:00.000000000,158.8,583.24441
2022-08-08T06:00:00.000000000,202.49,593.14018
2022-08-08T07:00:00.000000000,191.59,610.49112
2022-08-08T08:00:00.000000000,128.73,610.82131
2022-08-08T09:00:00.000000000,192.12,620.18195
2022-08-08T10:00:00.000000000,159.19,630.05101
2022-08-08T11:00:00.000000000,178.85,636.60287
2022-08-08T12:00:00.000000000,168.21,628.78885
2022-08-08T13:00:00.000000000,176.59,629.94154
2022-08-08T14:00:00.000000000,176.46,621.64417
2022-08-08T15:00:00.000000000,121.87,599.57074
2022-08-08T16:00:00.000000000,104.55,589.06587
2022-08-08T17:00:00.000000000,95.51,574.66308
2022-08-08T18:00:00.000000000,94.62,552.80184
2022-08-08T19:00:00.000000000,93.43,541.41273
2022-08-08T20:00:00.000000000,92.97,524.7705
2022-08-08T21:00:00.000000000,87.36,511.98648
2022-08-08T22:00:00.000000000,76.75,516.16193
2022-08-08T23:00:00.000000000,84.35,514.31273
2022-08-09T00:00:00.000000000,98.09,565.39517
2022-08-09T01:00:00.000000000,86.65,568.65464
2022-08-09T02:00:00.000000000,101.64,582.0701
2022-08-09T03:00:00.000000000,118.4,588.15118
2022-08-09T04:00:00.000000000,124.88,596.76096
2022-08-09T05:00:00.000000000,127.8,601.13385
2022-08-09T06:00:00.000000000,165.82,602.99958
2022-08-09T07:00:00.000000000,160.06,613.51046
2022-08-09T08:00:00.000000000,133.3,608.60219
2022-08-09T09:00:00.000000000,148.24,610.90903
2022-08-09T10:00:00.000000000,135.23,616.14633
2022-08-09T11:00:00.000000000,124.96,621.80854
2022-08-09T12:00:00.000000000,113.68,611.02354
2022-08-09T13:00:00.000000000,116.19,610.25365
2022-08-09T14:00:00.000000000,121.34,598.55309
2022-08-09T15:00:00.000000000,107.1,573.6905
2022-08-09T16:00:00.000000000,76.97,562.26745
2022-08-09T17:00:00.000000000,71.61,546.58421
2022-08-09T18:00:00.000000000,82.88,525.96351
2022-08-09T19:00:00.000000000,103.37,515.30998
2022-08-09T20:00:00.000000000,93.53,499.77712
2022-08-09T21:00:00.000000000,84.0,490.76367
2022-08-09T22:00:00.000000000,72.82,497.2822
2022-08-09T23:00:00.000000000,70.76,496.94959
2022-08-07T00:00:00.000000000,98.5,278.08428
2022-08-07T01:00:00.000000000,100.26,285.17573
2022-08-07T02:00:00.000000000,103.65,305.9082
2022-08-07T03:00:00.000000000,136.53,310.98099
2022-08-07T04:00:00.000000000,158.13,324.47003
2022-08-07T05:00:00.000000000,172.84,336.68272
2022-08-07T06:00:00.000000000,217.66,352.43787
2022-08-07T07:00:00.000000000,229.41,368.26541
2022-08-07T08:00:00.000000000,191.36,378.06481
2022-08-07T09:00:00.000000000,172.66,384.24957
2022-08-07T10:00:00.000000000,225.68,398.71396
2022-08-07T11:00:00.000000000,218.21,411.27867
2022-08-07T12:00:00.000000000,228.29,416.47265
2022-08-07T13:00:00.000000000,186.85,425.98286
2022-08-07T14:00:00.000000000,187.92,420.25713
2022-08-07T15:00:00.000000000,127.13,407.37668
2022-08-07T16:00:00.000000000,104.36,406.48913
2022-08-07T17:00:00.000000000,97.29,400.6474
2022-08-07T18:00:00.000000000,96.91,391.23684
2022-08-07T19:00:00.000000000,96.37,383.09008
2022-08-07T20:00:00.000000000,97.29,369.35125
2022-08-07T21:00:00.000000000,94.98,360.98387
2022-08-07T22:00:00.000000000,96.77,360.72422
2022-08-07T23:00:00.000000000,96.19,358.92358
2022-08-08T00:00:00.000000000,92.08,449.4169
2022-08-08T01:00:00.000000000,89.77,460.32668
2022-08-08T02:00:00.000000000,103.53,483.52606
2022-08-08T03:00:00.000000000,135.94,497.25513
2022-08-08T04:00:00.000000000,161.92,510.80642
2022-08-08T05:00:00.000000000,158.8,524.18717
2022-08-08T06:00:00.000000000,202.49,538.14247
2022-08-08T07:00:00.000000000,191.59,559.42351
2022-08-08T08:00:00.000000000,128.73,565.90172
2022-08-08T09:00:00.000000000,192.12,576.54227
2022-08-08T10:00:00.000000000,159.19,588.56939
2022-08-08T11:00:00.000000000,178.85,596.61996
2022-08-08T12:00:00.000000000,168.21,591.84074
2022-08-08T13:00:00.000000000,176.59,595.89223
2022-08-08T14:00:00.000000000,176.46,586.9937
2022-08-08T15:00:00.000000000,121.87,565.80754
2022-08-08T16:00:00.000000000,104.55,555.3624
2022-08-08T17:00:00.000000000,95.51,542.66306
2022-08-08T18:00:00.000000000,94.62,523.25479
2022-08-08T19:00:00.000000000,93.43,512.31342
2022-08-08T20:00:00.000000000,92.97,498.16635
2022-08-08T21:00:00.000000000,87.36,483.47091
2022-08-08T22:00:00.000000000,76.75,483.6224
2022-08-08T23:00:00.000000000,84.35,480.8482
2022-08-09T00:00:00.000000000,98.09,547.07482
2022-08-09T01:00:00.000000000,86.65,548.97762
2022-08-09T02:00:00.000000000,101.64,561.45073
2022-08-09T03:00:00.000000000,118.4,565.84762
2022-08-09T04:00:00.000000000,124.88,573.28142
2022-08-09T05:00:00.000000000,127.8,576.17879
2022-08-09T06:00:00.000000000,165.82,578.19502
2022-08-09T07:00:00.000000000,160.06,589.42438
2022-08-09T08:00:00.000000000,133.3,586.16853
2022-08-09T09:00:00.000000000,148.24,588.01789
2022-08-09T10:00:00.000000000,135.23,592.69406
2022-08-09T11:00:00.000000000,124.96,597.81206
2022-08-09T12:00:00.000000000,113.68,586.545
2022-08-09T13:00:00.000000000,116.19,584.85351
2022-08-09T14:00:00.000000000,121.34,571.63104
2022-08-09T15:00:00.000000000,107.1,547.308
2022-08-09T16:00:00.000000000,76.97,536.57931
2022-08-09T17:00:00.000000000,71.61,523.36938
2022-08-09T18:00:00.000000000,82.88,506.78771
2022-08-09T19:00:00.000000000,103.37,499.11669
2022-08-09T20:00:00.000000000,93.53,487.63819
2022-08-09T21:00:00.000000000,84.0,480.95875
2022-08-09T22:00:00.000000000,72.82,488.01591
2022-08-09T23:00:00.000000000,70.76,488.27321
2022-08-10T00:00:00.000000000,71.34,549.34547
2022-08-10T01:00:00.000000000,77.72,546.81448
2022-08-10T02:00:00.000000000,66.12,558.38453
2022-08-10T03:00:00.000000000,104.55,562.15581
2022-08-10T04:00:00.000000000,114.8,569.87828
2022-08-10T05:00:00.000000000,118.32,569.44836
2022-08-10T06:00:00.000000000,144.66,568.08957
2022-08-10T07:00:00.000000000,152.79,576.83547
2022-08-10T08:00:00.000000000,141.68,572.42609
2022-08-10T09:00:00.000000000,101.23,569.88365
2022-08-10T10:00:00.000000000,121.98,572.2943
2022-08-10T11:00:00.000000000,138.72,577.70658
2022-08-10T12:00:00.000000000,117.88,562.74868
2022-08-10T13:00:00.000000000,125.82,557.73931
2022-08-10T14:00:00.000000000,132.4,538.89837
2022-08-10T15:00:00.000000000,108.72,512.06566
2022-08-10T16:00:00.000000000,89.98,499.9818
2022-08-10T17:00:00.000000000,89.57,488.81446
2022-08-10T18:00:00.000000000,84.85,477.78154
2022-08-10T19:00:00.000000000,86.04,473.82736
2022-08-10T20:00:00.000000000,85.35,466.39901
2022-08-10T21:00:00.000000000,82.51,461.99738
2022-08-10T22:00:00.000000000,83.99,469.33929
2022-08-10T23:00:00.000000000,80.03,469.30255
2022-08-08T00:00:00.000000000,92.08,271.61301
2022-08-08T01:00:00.000000000,89.77,289.42765
2022-08-08T02:00:00.000000000,103.53,319.73089
2022-08-08T03:00:00.000000000,135.94,334.36569
2022-08-08T04:00:00.000000000,161.92,354.46094
2022-08-08T05:00:00.000000000,158.8,371.83762
2022-08-08T06:00:00.000000000,202.49,392.38262
2022-08-08T07:00:00.000000000,191.59,413.00048
2022-08-08T08:00:00.000000000,128.73,425.25923
2022-08-08T09:00:00.000000000,192.12,436.50848
2022-08-08T10:00:00.000000000,159.19,454.16358
2022-08-08T11:00:00.000000000,178.85,464.75905
2022-08-08T12:00:00.000000000,168.21,467.22572
2022-08-08T13:00:00.000000000,176.59,474.97926
2022-08-08T14:00:00.000000000,176.46,465.70289
2022-08-08T15:00:00.000000000,121.87,448.12748
2022-08-08T16:00:00.000000000,104.55,441.00279
2022-08-08T17:00:00.000000000,95.51,430.71735
2022-08-08T18:00:00.000000000,94.62,416.13606
2022-08-08T19:00:00.000000000,93.43,405.81573
2022-08-08T20:00:00.000000000,92.97,391.71827
2022-08-08T21:00:00.000000000,87.36,381.09748
2022-08-08T22:00:00.000000000,76.75,383.24179
2022-08-08T23:00:00.000000000,84.35,382.31755
2022-08-09T00:00:00.000000000,98.09,467.97475
2022-08-09T01:00:00.000000000,86.65,468.97753
2022-08-09T02:00:00.000000000,101.64,484.86757
2022-08-09T03:00:00.000000000,118.4,492.46082
2022-08-09T04:00:00.000000000,124.88,500.71417
2022-08-09T05:00:00.000000000,127.8,503.89854
2022-08-09T06:00:00.000000000,165.82,507.99656
2022-08-09T07:00:00.000000000,160.06,521.9299
2022-08-09T08:00:00.000000000,133.3,524.01931
2022-08-09T09:00:00.000000000,148.24,524.41823
2022-08-09T10:00:00.000000000,135.23,529.02784
2022-08-09T11:00:00.000000000,124.96,533.70897
2022-08-09T12:00:00.000000000,113.68,522.47203
2022-08-09T13:00:00.000000000,116.19,521.855
2022-08-09T14:00:00.000000000,121.34,506.68299
2022-08-09T15:00:00.000000000,107.1,484.37676
2022-08-09T16:00:00.000000000,76.97,474.59575
2022-08-09T17:00:00.000000000,71.61,466.48449
2022-08-09T18:00:00.000000000,82.88,454.54192
2022-08-09T19:00:00.000000000,103.37,448.58624
2022-08-09T20:00:00.000000000,93.53,439.4024
2022-08-09T21:00:00.000000000,84.0,429.87019
2022-08-09T22:00:00.000000000,72.82,432.14409
2022-08-09T23:00:00.000000000,70.76,432.15806
2022-08-10T00:00:00.000000000,71.34,491.3307
2022-08-10T01:00:00.000000000,77.72,494.02323
2022-08-10T02:00:00.000000000,66.12,511.70623
2022-08-10T03:00:00.000000000,104.55,520.54232
2022-08-10T04:00:00.000000000,114.8,530.1046
2022-08-10T05:00:00.000000000,118.32,532.30789
2022-08-10T06:00:00.000000000,144.66,533.99663
2022-08-10T07:00:00.000000000,152.79,545.60751
2022-08-10T08:00:00.000000000,141.68,544.08418
2022-08-10T09:00:00.000000000,101.23,541.17326
2022-08-10T10:00:00.000000000,121.98,542.85396
2022-08-10T11:00:00.000000000,138.72,546.60563
2022-08-10T12:00:00.000000000,117.88,532.42115
2022-08-10T13:00:00.000000000,125.82,529.21253
2022-08-10T14:00:00.000000000,132.4,511.56311
2022-08-10T15:00:00.000000000,108.72,486.22853
2022-08-10T16:00:00.000000000,89.98,474.64653
2022-08-10T17:00:00.000000000,89.57,464.26411
2022-08-10T18:00:00.000000000,84.85,451.97349
2022-08-10T19:00:00.000000000,86.04,447.32847
2022-08-10T20:00:00.000000000,85.35,439.57601
2022-08-10T21:00:00.000000000,82.51,432.96488
2022-08-10T22:00:00.000000000,83.99,438.43484
2022-08-10T23:00:00.000000000,80.03,440.84588
2022-08-11T00:00:00.000000000,80.3,512.82622
2022-08-11T01:00:00.000000000,80.37,519.00245
2022-08-11T02:00:00.000000000,90.17,533.94469
2022-08-11T03:00:00.000000000,93.18,539.02008
2022-08-11T04:00:00.000000000,99.05,549.15631
2022-08-11T05:00:00.000000000,80.25,559.9501
2022-08-11T06:00:00.000000000,69.04,573.58253
2022-08-11T07:00:00.000000000,73.91,594.4113
2022-08-11T08:00:00.000000000,67.75,598.37852
2022-08-11T09:00:00.000000000,65.26,608.84411
2022-08-11T10:00:00.000000000,74.31,617.88955
2022-08-11T11:00:00.000000000,77.93,624.60603
2022-08-11T12:00:00.000000000,83.72,615.68622
2022-08-11T13:00:00.000000000,83.82,613.11849
2022-08-11T14:00:00.000000000,79.11,600.05081
2022-08-11T15:00:00.000000000,73.31,576.98347
2022-08-11T16:00:00.000000000,67.13,567.95885
2022-08-11T17:00:00.000000000,72.87,558.27765
2022-08-11T18:00:00.000000000,78.63,542.87079
2022-08-11T19:00:00.000000000,74.84,535.81642
2022-08-11T20:00:00.000000000,79.15,525.16763
2022-08-11T21:00:00.000000000,78.96,517.27547
2022-08-11T22:00:00.000000000,86.01,523.14536
2022-08-11T23:00:00.000000000,77.94,522.19798
2022-08-09T00:00:00.000000000,98.09,246.64082
2022-08-09T01:00:00.000000000,86.65,255.92991
2022-08-09T02:00:00.000000000,101.64,278.3261
2022-08-09T03:00:00.000000000,118.4,284.22589
2022-08-09T04:00:00.000000000,124.88,302.32797
2022-08-09T05:00:00.000000000,127.8,316.02078
2022-08-09T06:00:00.000000000,165.82,332.36467
2022-08-09T07:00:00.000000000,160.06,346.83705
2022-08-09T08:00:00.000000000,133.3,353.19824
2022-08-09T09:00:00.000000000,148.24,353.87262
2022-08-09T10:00:00.000000000,135.23,363.38025
2022-08-09T11:00:00.000000000,124.96,372.76061
2022-08-09T12:00:00.000000000,113.68,373.10284
2022-08-09T13:00:00.000000000,116.19,378.97114
2022-08-09T14:00:00.000000000,121.34,370.65219
2022-08-09T15:00:00.000000000,107.1,357.49592
2022-08-09T16:00:00.000000000,76.97,359.50596
2022-08-09T17:00:00.000000000,71.61,355.01121
2022-08-09T18:00:00.000000000,82.88,346.91087
2022-08-09T19:00:00.000000000,103.37,336.76642
2022-08-09T20:00:00.000000000,93.53,316.35762
2022-08-09T21:00:00.000000000,84.0,304.04881
2022-08-09T22:00:00.000000000,72.82,301.09693
2022-08-09T23:00:00.000000000,70.76,298.37241
2022-08-10T00:00:00.000000000,71.34,406.63551
2022-08-10T01:00:00.000000000,77.72,408.1599
2022-08-10T02:00:00.000000000,66.12,423.39664
2022-08-10T03:00:00.000000000,104.55,425.37442
2022-08-10T04:00:00.000000000,114.8,433.54619
2022-08-10T05:00:00.000000000,118.32,436.36184
2022-08-10T06:00:00.000000000,144.66,441.61617
2022-08-10T07:00:00.000000000,152.79,453.37552
2022-08-10T08:00:00.000000000,141.68,452.52403
2022-08-10T09:00:00.000000000,101.23,447.19301
2022-08-10T10:00:00.000000000,121.98,446.90901
2022-08-10T11:00:00.000000000,138.72,448.96914
2022-08-10T12:00:00.000000000,117.88,436.17108
2022-08-10T13:00:00.000000000,125.82,433.40746
2022-08-10T14:00:00.000000000,132.4,417.43852
2022-08-10T15:00:00.000000000,108.72,399.10513
2022-08-10T16:00:00.000000000,89.98,392.86912
2022-08-10T17:00:00.000000000,89.57,390.22233
2022-08-10T18:00:00.000000000,84.85,383.06946
2022-08-10T19:00:00.000000000,86.04,378.34853
2022-08-10T20:00:00.000000000,85.35,367.63208
2022-08-10T21:00:00.000000000,82.51,358.37533
2022-08-10T22:00:00.000000000,83.99,361.42166
2022-08-10T23:00:00.000000000,80.03,364.8142
2022-08-11T00:00:00.000000000,80.3,443.55215
2022-08-11T01:00:00.000000000,80.37,451.7643
2022-08-11T02:00:00.000000000,90.17,471.08672
2022-08-11T03:00:00.000000000,93.18,480.1674
2022-08-11T04:00:00.000000000,99.05,491.86054
2022-08-11T05:00:00.000000000,80.25,504.13893
2022-08-11T06:00:00.000000000,69.04,519.69903
2022-08-11T07:00:00.000000000,73.91,542.7839
2022-08-11T08:00:00.000000000,67.75,550.93674
2022-08-11T09:00:00.000000000,65.26,562.37479
2022-08-11T10:00:00.000000000,74.31,573.78168
2022-08-11T11:00:00.000000000,77.93,581.57883
2022-08-11T12:00:00.000000000,83.72,576.40373
2022-08-11T13:00:00.000000000,83.82,579.13848
2022-08-11T14:00:00.000000000,79.11,569.44157
2022-08-11T15:00:00.000000000,73.31,549.88018
2022-08-11T16:00:00.000000000,67.13,542.48358
2022-08-11T17:00:00.000000000,72.87,534.56021
2022-08-11T18:00:00.000000000,78.63,519.22959
2022-08-11T19:00:00.000000000,74.84,510.23138
2022-08-11T20:00:00.000000000,79.15,497.52567
2022-08-11T21:00:00.000000000,78.96,484.33927
2022-08-11T22:00:00.000000000,86.01,484.50205
2022-08-11T23:00:00.000000000,77.94,481.47826
2022-08-12T00:00:00.000000000,79.01,555.87962
2022-08-12T01:00:00.000000000,72.12,559.67989
2022-08-12T02:00:00.000000000,83.61,573.85658
2022-08-12T03:00:00.000000000,112.65,581.13638
2022-08-12T04:00:00.000000000,132.29,591.28907
2022-08-12T05:00:00.000000000,133.56,598.57542
2022-08-12T06:00:00.000000000,101.43,602.75653
2022-08-12T07:00:00.000000000,98.3,615.51477
2022-08-12T08:00:00.000000000,93.24,612.06814
2022-08-12T09:00:00.000000000,74.65,617.62946
2022-08-12T10:00:00.000000000,60.67,625.38917
2022-08-12T11:00:00.000000000,62.63,631.57001
2022-08-12T12:00:00.000000000,69.43,621.98819
2022-08-12T13:00:00.000000000,64.61,622.02456
2022-08-12T14:00:00.000000000,59.48,612.01582
2022-08-12T15:00:00.000000000,57.53,588.3253
2022-08-12T16:00:00.000000000,55.57,577.08714
2022-08-12T17:00:00.000000000,59.17,561.52634
2022-08-12T18:00:00.000000000,56.54,539.18611
2022-08-12T19:00:00.000000000,62.8,527.65817
2022-08-12T20:00:00.000000000,65.12,511.04072
2022-08-12T21:00:00.000000000,66.34,500.01767
2022-08-12T22:00:00.000000000,64.18,506.06801
2022-08-12T23:00:00.000000000,63.18,505.59028
2022-08-10T00:00:00.000000000,71.34,220.83289
2022-08-10T01:00:00.000000000,77.72,214.30996
2022-08-10T02:00:00.000000000,66.12,218.64888
2022-08-10T03:00:00.000000000,104.55,203.1371
2022-08-10T04:00:00.000000000,114.8,209.85622
2022-08-10T05:00:00.000000000,118.32,211.23197
2022-08-10T06:00:00.000000000,144.66,220.44345
2022-08-10T07:00:00.000000000,152.79,225.20705
2022-08-10T08:00:00.000000000,141.68,226.84968
2022-08-10T09:00:00.000000000,101.23,220.51178
2022-08-10T10:00:00.000000000,121.98,227.19764
2022-08-10T11:00:00.000000000,138.72,237.61879
2022-08-10T12:00:00.000000000,117.88,241.8784
2022-08-10T13:00:00.000000000,125.82,245.14225
2022-08-10T14:00:00.000000000,132.4,240.00503
2022-08-10T15:00:00.000000000,108.72,232.57581
2022-08-10T16:00:00.000000000,89.98,240.9794
2022-08-10T17:00:00.000000000,89.57,241.93738
2022-08-10T18:00:00.000000000,84.85,254.79472
2022-08-10T19:00:00.000000000,86.04,262.51736
2022-08-10T20:00:00.000000000,85.35,258.42848
2022-08-10T21:00:00.000000000,82.51,266.41715
2022-08-10T22:00:00.000000000,83.99,272.57805
2022-08-10T23:00:00.000000000,80.03,272.3957
2022-08-11T00:00:00.000000000,80.3,374.52719
2022-08-11T01:00:00.000000000,80.37,366.70609
2022-08-11T02:00:00.000000000,90.17,371.47721
2022-08-11T03:00:00.000000000,93.18,363.67419
2022-08-11T04:00:00.000000000,99.05,365.94344
2022-08-11T05:00:00.000000000,80.25,366.26918
2022-08-11T06:00:00.000000000,69.04,370.456
2022-08-11T07:00:00.000000000,73.91,379.85918
2022-08-11T08:00:00.000000000,67.75,384.19177
2022-08-11T09:00:00.000000000,65.26,385.53614
2022-08-11T10:00:00.000000000,74.31,394.51847
2022-08-11T11:00:00.000000000,77.93,403.34531
2022-08-11T12:00:00.000000000,83.72,401.7022
2022-08-11T13:00:00.000000000,83.82,405.00529
2022-08-11T14:00:00.000000000,79.11,396.58175
2022-08-11T15:00:00.000000000,73.31,385.93485
2022-08-11T16:00:00.000000000,67.13,388.5308
2022-08-11T17:00:00.000000000,72.87,391.56532
2022-08-11T18:00:00.000000000,78.63,393.72121
2022-08-11T19:00:00.000000000,74.84,394.79393
2022-08-11T20:00:00.000000000,79.15,391.44513
2022-08-11T21:00:00.000000000,78.96,388.12963
2022-08-11T22:00:00.000000000,86.01,390.72722
2022-08-11T23:00:00.000000000,77.94,388.44655
2022-08-12T00:00:00.000000000,79.01,486.53144
2022-08-12T01:00:00.000000000,72.12,484.55283
2022-08-12T02:00:00.000000000,83.61,495.44605
2022-08-12T03:00:00.000000000,112.65,498.08304
2022-08-12T04:00:00.000000000,132.29,500.75786
2022-08-12T05:00:00.000000000,133.56,499.94386
2022-08-12T06:00:00.000000000,101.43,498.80437
2022-08-12T07:00:00.000000000,98.3,506.10067
2022-08-12T08:00:00.000000000,93.24,503.28818
2022-08-12T09:00:00.000000000,74.65,500.31483
2022-08-12T10:00:00.000000000,60.67,505.02858
2022-08-12T11:00:00.000000000,62.63,509.51281
2022-08-12T12:00:00.000000000,69.43,501.20756
2022-08-12T13:00:00.000000000,64.61,501.42441
2022-08-12T14:00:00.000000000,59.48,486.88975
2022-08-12T15:00:00.000000000,57.53,466.20561
2022-08-12T16:00:00.000000000,55.57,456.97398
2022-08-12T17:00:00.000000000,59.17,449.40347
2022-08-12T18:00:00.000000000,56.54,438.16252
2022-08-12T19:00:00.000000000,62.8,434.22252
2022-08-12T20:00:00.000000000,65.12,428.00623
2022-08-12T21:00:00.000000000,66.34,424.26734
2022-08-12T22:00:00.000000000,64.18,432.87943
2022-08-12T23:00:00.000000000,63.18,438.1584
2022-08-13T00:00:00.000000000,62.48,558.6724
2022-08-13T01:00:00.000000000,59.18,548.04169
2022-08-13T02:00:00.000000000,68.05,549.28865
2022-08-13T03:00:00.000000000,77.57,547.09456
2022-08-13T04:00:00.000000000,81.84,549.24566
2022-08-13T05:00:00.000000000,67.34,548.56337
2022-08-13T06:00:00.000000000,64.63,545.5282
2022-08-13T07:00:00.000000000,58.38,550.52353
2022-08-13T08:00:00.000000000,49.39,541.29985
2022-08-13T09:00:00.000000000,50.5,535.77551
2022-08-13T10:00:00.000000000,53.42,537.41706
2022-08-13T11:00:00.000000000,57.43,540.1095
2022-08-13T12:00:00.000000000,59.5,529.60242
2022-08-13T13:00:00.000000000,60.72,528.40557
2022-08-13T14:00:00.000000000,59.97,516.43043
2022-08-13T15:00:00.000000000,53.75,496.98675
2022-08-13T16:00:00.000000000,55.44,491.52715
2022-08-13T17:00:00.000000000,54.9,485.97449
2022-08-13T18:00:00.000000000,58.58,474.53318
2022-08-13T19:00:00.000000000,59.83,471.32024
2022-08-13T20:00:00.000000000,61.63,463.12754
2022-08-13T21:00:00.000000000,67.04,459.53325
2022-08-13T22:00:00.000000000,68.68,468.29086
2022-08-13T23:00:00.000000000,68.29,470.80285
2022-08-11T00:00:00.000000000,80.3,251.5957
2022-08-11T01:00:00.000000000,80.37,253.2273
2022-08-11T02:00:00.000000000,90.17,265.94244
2022-08-11T03:00:00.000000000,93.18,260.86833
2022-08-11T04:00:00.000000000,99.05,270.61518
2022-08-11T05:00:00.000000000,80.25,277.41798
2022-08-11T06:00:00.000000000,69.04,288.40534
2022-08-11T07:00:00.000000000,73.91,297.13285
2022-08-11T08:00:00.000000000,67.75,300.16671
2022-08-11T09:00:00.000000000,65.26,297.21285
2022-08-11T10:00:00.000000000,74.31,305.23464
2022-08-11T11:00:00.000000000,77.93,316.43938
2022-08-11T12:00:00.000000000,83.72,319.62946
2022-08-11T13:00:00.000000000,83.82,325.17154
2022-08-11T14:00:00.000000000,79.11,318.38047
2022-08-11T15:00:00.000000000,73.31,307.64914
2022-08-11T16:00:00.000000000,67.13,312.22424
2022-08-11T17:00:00.000000000,72.87,310.52223
2022-08-11T18:00:00.000000000,78.63,310.06631
2022-08-11T19:00:00.000000000,74.84,306.84478
2022-08-11T20:00:00.000000000,79.15,294.70639
2022-08-11T21:00:00.000000000,78.96,292.8561
2022-08-11T22:00:00.000000000,86.01,295.90997
2022-08-11T23:00:00.000000000,77.94,296.59001
2022-08-12T00:00:00.000000000,79.01,406.87695
2022-08-12T01:00:00.000000000,72.12,408.74046
2022-08-12T02:00:00.000000000,83.61,425.6508
2022-08-12T03:00:00.000000000,112.65,430.35365
2022-08-12T04:00:00.000000000,132.29,437.60273
2022-08-12T05:00:00.000000000,133.56,440.85434
2022-08-12T06:00:00.000000000,101.43,444.93717
2022-08-12T07:00:00.000000000,98.3,455.59264
2022-08-12T08:00:00.000000000,93.24,456.31493
2022-08-12T09:00:00.000000000,74.65,453.81047
2022-08-12T10:00:00.000000000,60.67,458.99449
2022-08-12T11:00:00.000000000,62.63,464.56902
2022-08-12T12:00:00.000000000,69.43,458.09589
2022-08-12T13:00:00.000000000,64.61,460.46447
2022-08-12T14:00:00.000000000,59.48,447.20763
2022-08-12T15:00:00.000000000,57.53,428.89032
2022-08-12T16:00:00.000000000,55.57,420.37426
2022-08-12T17:00:00.000000000,59.17,413.55861
2022-08-12T18:00:00.000000000,56.54,402.55257
2022-08-12T19:00:00.000000000,62.8,395.50549
2022-08-12T20:00:00.000000000,65.12,384.45917
2022-08-12T21:00:00.000000000,66.34,376.09484
2022-08-12T22:00:00.000000000,64.18,379.53307
2022-08-12T23:00:00.000000000,63.18,382.85565
2022-08-13T00:00:00.000000000,62.48,481.08821
2022-08-13T01:00:00.000000000,59.18,478.86184
2022-08-13T02:00:00.000000000,68.05,490.10012
2022-08-13T03:00:00.000000000,77.57,493.9737
2022-08-13T04:00:00.000000000,81.84,498.28444
2022-08-13T05:00:00.000000000,67.34,499.65132
2022-08-13T06:00:00.000000000,64.63,500.09202
2022-08-13T07:00:00.000000000,58.38,507.8486
2022-08-13T08:00:00.000000000,49.39,504.04191
2022-08-13T09:00:00.000000000,50.5,500.30891
2022-08-13T10:00:00.000000000,53.42,504.51073
2022-08-13T11:00:00.000000000,57.43,508.46354
2022-08-13T12:00:00.000000000,59.5,500.74433
2022-08-13T13:00:00.000000000,60.72,502.0633
2022-08-13T14:00:00.000000000,59.97,489.28199
2022-08-13T15:00:00.000000000,53.75,469.40173
2022-08-13T16:00:00.000000000,55.44,460.83956
2022-08-13T17:00:00.000000000,54.9,453.28038
2022-08-13T18:00:00.000000000,58.58,441.02651
2022-08-13T19:00:00.000000000,59.83,436.593
2022-08-13T20:00:00.000000000,61.63,428.95284
2022-08-13T21:00:00.000000000,67.04,424.41138
2022-08-13T22:00:00.000000000,68.68,432.06268
2022-08-13T23:00:00.000000000,68.29,436.51575
2022-08-14T00:00:00.000000000,71.23,515.71531
2022-08-14T01:00:00.000000000,76.44,520.02314
2022-08-14T02:00:00.000000000,88.57,533.95431
2022-08-14T03:00:00.000000000,121.88,539.61398
2022-08-14T04:00:00.000000000,135.49,549.36675
2022-08-14T05:00:00.000000000,118.34,558.64791
2022-08-14T06:00:00.000000000,99.92,568.04062
2022-08-14T07:00:00.000000000,109.01,585.02588
2022-08-14T08:00:00.000000000,100.43,585.14963
2022-08-14T09:00:00.000000000,100.99,592.58851
2022-08-14T10:00:00.000000000,92.61,601.40594
2022-08-14T11:00:00.000000000,93.71,608.98357
2022-08-14T12:00:00.000000000,95.67,601.93145
2022-08-14T13:00:00.000000000,99.18,602.37186
2022-08-14T14:00:00.000000000,89.49,592.19409
2022-08-14T15:00:00.000000000,84.3,570.77751
2022-08-14T16:00:00.000000000,84.21,562.30648
2022-08-14T17:00:00.000000000,81.5,551.85471
2022-08-14T18:00:00.000000000,78.24,534.71433
2022-08-14T19:00:00.000000000,79.69,525.91861
2022-08-14T20:00:00.000000000,90.42,513.01067
2022-08-14T21:00:00.000000000,89.92,503.01881
2022-08-14T22:00:00.000000000,93.23,507.96686
2022-08-14T23:00:00.000000000,89.15,507.24249
2022-08-12T00:00:00.000000000,79.01,286.40531
2022-08-12T01:00:00.000000000,72.12,287.03785
2022-08-12T02:00:00.000000000,83.61,295.93636
2022-08-12T03:00:00.000000000,112.65,284.80984
2022-08-12T04:00:00.000000000,132.29,289.46243
2022-08-12T05:00:00.000000000,133.56,288.06748
2022-08-12T06:00:00.000000000,101.43,291.07747
2022-08-12T07:00:00.000000000,98.3,293.7143
2022-08-12T08:00:00.000000000,93.24,288.83017
2022-08-12T09:00:00.000000000,74.65,276.31438
2022-08-12T10:00:00.000000000,60.67,274.86683
2022-08-12T11:00:00.000000000,62.63,280.91536
2022-08-12T12:00:00.000000000,69.43,276.68814
2022-08-12T13:00:00.000000000,64.61,275.13112
2022-08-12T14:00:00.000000000,59.48,263.68268
2022-08-12T15:00:00.000000000,57.53,251.2598
2022-08-12T16:00:00.000000000,55.57,255.06624
2022-08-12T17:00:00.000000000,59.17,255.10137
2022-08-12T18:00:00.000000000,56.54,259.58245
2022-08-12T19:00:00.000000000,62.8,261.51822
2022-08-12T20:00:00.000000000,65.12,253.3615
2022-08-12T21:00:00.000000000,66.34,257.06507
2022-08-12T22:00:00.000000000,64.18,266.1568
2022-08-12T23:00:00.000000000,63.18,274.15785
2022-08-13T00:00:00.000000000,62.48,399.58486
2022-08-13T01:00:00.000000000,59.18,400.41365
2022-08-13T02:00:00.000000000,68.05,415.96778
2022-08-13T03:00:00.000000000,77.57,418.58324
2022-08-13T04:00:00.000000000,81.84,426.07142
2022-08-13T05:00:00.000000000,67.34,429.08872
2022-08-13T06:00:00.000000000,64.63,433.65626
2022-08-13T07:00:00.000000000,58.38,444.0898
2022-08-13T08:00:00.000000000,49.39,443.9881
2022-08-13T09:00:00.000000000,50.5,439.69483
2022-08-13T10:00:00.000000000,53.42,442.17229
2022-08-13T11:00:00.000000000,57.43,446.05385
2022-08-13T12:00:00.000000000,59.5,436.85577
2022-08-13T13:00:00.000000000,60.72,436.61949
2022-08-13T14:00:00.000000000,59.97,422.67969
2022-08-13T15:00:00.000000000,53.75,405.16547
2022-08-13T16:00:00.000000000,55.44,398.90473
2022-08-13T17:00:00.000000000,54.9,394.77348
2022-08-13T18:00:00.000000000,58.58,387.11629
2022-08-13T19:00:00.000000000,59.83,382.52444
2022-08-13T20:00:00.000000000,61.63,372.72839
2022-08-13T21:00:00.000000000,67.04,365.1155
2022-08-13T22:00:00.000000000,68.68,368.65262
2022-08-13T23:00:00.000000000,68.29,371.84949
2022-08-14T00:00:00.000000000,71.23,470.05195
2022-08-14T01:00:00.000000000,76.44,476.2989
2022-08-14T02:00:00.000000000,88.57,493.16715
2022-08-14T03:00:00.000000000,121.88,500.62948
2022-08-14T04:00:00.000000000,135.49,510.41987
2022-08-14T05:00:00.000000000,118.34,520.36924
2022-08-14T06:00:00.000000000,99.92,531.69083
2022-08-14T07:00:00.000000000,109.01,550.61825
2022-08-14T08:00:00.000000000,100.43,554.15931
2022-08-14T09:00:00.000000000,100.99,562.22054
2022-08-14T10:00:00.000000000,92.61,572.20857
2022-08-14T11:00:00.000000000,93.71,580.39694
2022-08-14T12:00:00.000000000,95.67,575.66378
2022-08-14T13:00:00.000000000,99.18,578.58119
2022-08-14T14:00:00.000000000,89.49,569.19744
2022-08-14T15:00:00.000000000,84.3,549.49517
2022-08-14T16:00:00.000000000,84.21,541.78291
2022-08-14T17:00:00.000000000,81.5,533.13377
2022-08-14T18:00:00.000000000,78.24,517.60241
2022-08-14T19:00:00.000000000,79.69,508.96797
2022-08-14T20:00:00.000000000,90.42,497.15703
2022-08-14T21:00:00.000000000,89.92,485.79437
2022-08-14T22:00:00.000000000,93.23,488.16678
2022-08-14T23:00:00.000000000,89.15,487.0989
2022-08-15T00:00:00.000000000,85.49,561.53825
2022-08-15T01:00:00.000000000,88.64,561.37717
2022-08-15T02:00:00.000000000,99.92,570.97674
2022-08-15T03:00:00.000000000,144.17,573.24097
2022-08-15T04:00:00.000000000,162.27,582.00562
2022-08-15T05:00:00.000000000,141.57,592.05209
2022-08-15T06:00:00.000000000,157.95,602.70146
2022-08-15T07:00:00.000000000,179.02,621.64463
2022-08-15T08:00:00.000000000,117.19,622.23958
2022-08-15T09:00:00.000000000,150.16,631.65565
2022-08-15T10:00:00.000000000,131.48,640.15792
2022-08-15T11:00:00.000000000,136.6,648.60254
2022-08-15T12:00:00.000000000,116.83,640.40602
2022-08-15T13:00:00.000000000,133.38,639.42023
2022-08-15T14:00:00.000000000,103.14,628.95559
2022-08-15T15:00:00.000000000,99.71,607.25209
2022-08-15T16:00:00.000000000,91.35,599.43387
2022-08-15T17:00:00.000000000,87.86,590.26063
2022-08-15T18:00:00.000000000,87.46,572.97259
2022-08-15T19:00:00.000000000,85.48,563.42576
2022-08-15T20:00:00.000000000,84.03,548.87094
2022-08-15T21:00:00.000000000,80.0,537.33021
2022-08-15T22:00:00.000000000,83.12,540.05243
2022-08-15T23:00:00.000000000,80.98,536.09329
2022-08-13T00:00:00.000000000,62.48,274.49657
2022-08-13T01:00:00.000000000,59.18,277.79466
2022-08-13T02:00:00.000000000,68.05,290.54286
2022-08-13T03:00:00.000000000,77.57,284.04178
2022-08-13T04:00:00.000000000,81.84,291.54526
2022-08-13T05:00:00.000000000,67.34,293.47647
2022-08-13T06:00:00.000000000,64.63,298.4104
2022-08-13T07:00:00.000000000,58.38,302.57631
2022-08-13T08:00:00.000000000,49.39,299.64149
2022-08-13T09:00:00.000000000,50.5,290.13902
2022-08-13T10:00:00.000000000,53.42,292.49548
2022-08-13T11:00:00.000000000,57.43,300.24568
2022-08-13T12:00:00.000000000,59.5,298.28965
2022-08-13T13:00:00.000000000,60.72,299.19804
2022-08-13T14:00:00.000000000,59.97,288.47384
2022-08-13T15:00:00.000000000,53.75,275.32778
2022-08-13T16:00:00.000000000,55.44,277.56156
2022-08-13T17:00:00.000000000,54.9,274.70624
2022-08-13T18:00:00.000000000,58.58,274.71677
2022-08-13T19:00:00.000000000,59.83,272.63397
2022-08-13T20:00:00.000000000,61.63,260.79422
2022-08-13T21:00:00.000000000,67.04,261.31703
2022-08-13T22:00:00.000000000,68.68,268.7919
2022-08-13T23:00:00.000000000,68.29,275.06416
2022-08-14T00:00:00.000000000,71.23,374.17956
2022-08-14T01:00:00.000000000,76.44,386.70733
2022-08-14T02:00:00.000000000,88.57,413.12082
2022-08-14T03:00:00.000000000,121.88,427.74881
2022-08-14T04:00:00.000000000,135.49,442.36601
2022-08-14T05:00:00.000000000,118.34,455.69245
2022-08-14T06:00:00.000000000,99.92,469.65307
2022-08-14T07:00:00.000000000,109.01,488.46057
2022-08-14T08:00:00.000000000,100.43,495.59142
2022-08-14T09:00:00.000000000,100.99,503.20929
2022-08-14T10:00:00.000000000,92.61,516.1244
2022-08-14T11:00:00.000000000,93.71,525.17492
2022-08-14T12:00:00.000000000,95.67,525.25943
2022-08-14T13:00:00.000000000,99.18,534.14963
2022-08-14T14:00:00.000000000,89.49,525.64973
2022-08-14T15:00:00.000000000,84.3,507.58959
2022-08-14T16:00:00.000000000,84.21,498.34617
2022-08-14T17:00:00.000000000,81.5,487.73779
2022-08-14T18:00:00.000000000,78.24,468.69794
2022-08-14T19:00:00.000000000,79.69,455.0733
2022-08-14T20:00:00.000000000,90.42,438.54864
2022-08-14T21:00:00.000000000,89.92,423.67479
2022-08-14T22:00:00.000000000,93.23,422.88544
2022-08-14T23:00:00.000000000,89.15,422.02316
2022-08-15T00:00:00.000000000,85.49,506.89443
2022-08-15T01:00:00.000000000,88.64,512.33521
2022-08-15T02:00:00.000000000,99.92,528.84527
2022-08-15T03:00:00.000000000,144.17,537.28843
2022-08-15T04:00:00.000000000,162.27,549.44456
2022-08-15T05:00:00.000000000,141.57,561.94979
2022-08-15T06:00:00.000000000,157.95,574.80821
2022-08-15T07:00:00.000000000,179.02,594.49619
2022-08-15T08:00:00.000000000,117.19,597.27598
2022-08-15T09:00:00.000000000,150.16,606.9072
2022-08-15T10:00:00.000000000,131.48,616.96604
2022-08-15T11:00:00.000000000,136.6,624.58054
2022-08-15T12:00:00.000000000,116.83,617.95362
2022-08-15T13:00:00.000000000,133.38,619.60179
2022-08-15T14:00:00.000000000,103.14,610.40931
2022-08-15T15:00:00.000000000,99.71,589.06183
2022-08-15T16:00:00.000000000,91.35,580.13385
2022-08-15T17:00:00.000000000,87.86,568.45137
2022-08-15T18:00:00.000000000,87.46,549.52862
2022-08-15T19:00:00.000000000,85.48,538.94698
2022-08-15T20:00:00.000000000,84.03,523.62647
2022-08-15T21:00:00.000000000,80.0,510.15432
2022-08-15T22:00:00.000000000,83.12,511.42348
2022-08-15T23:00:00.000000000,80.98,507.50125
2022-08-16T00:00:00.000000000,76.05,553.14549
2022-08-16T01:00:00.000000000,74.71,555.82189
2022-08-16T02:00:00.000000000,83.3,568.29559
2022-08-16T03:00:00.000000000,116.15,573.29562
2022-08-16T04:00:00.000000000,135.12,582.76972
2022-08-16T05:00:00.000000000,151.36,591.40937
2022-08-16T06:00:00.000000000,184.88,599.34427
2022-08-16T07:00:00.000000000,152.9,615.4732
2022-08-16T08:00:00.000000000,137.45,614.25223
2022-08-16T09:00:00.000000000,129.18,621.41487
2022-08-16T10:00:00.000000000,111.76,629.09759
2022-08-16T11:00:00.000000000,94.83,636.04795
2022-08-16T12:00:00.000000000,82.14,626.52624
2022-08-16T13:00:00.000000000,87.7,624.91269
2022-08-16T14:00:00.000000000,90.91,613.12886
2022-08-16T15:00:00.000000000,84.57,589.44613
2022-08-16T16:00:00.000000000,78.02,579.27894
2022-08-16T17:00:00.000000000,81.91,566.8002
2022-08-16T18:00:00.000000000,82.75,547.79398
2022-08-16T19:00:00.000000000,81.22,538.31437
2022-08-16T20:00:00.000000000,83.82,524.29048
2022-08-16T21:00:00.000000000,79.9,514.88044
2022-08-16T22:00:00.000000000,84.03,520.73684
2022-08-16T23:00:00.000000000,74.95,519.66683
2022-08-14T00:00:00.000000000,71.23,253.7451
2022-08-14T01:00:00.000000000,76.44,260.09065
2022-08-14T02:00:00.000000000,88.57,281.41644
2022-08-14T03:00:00.000000000,121.88,287.18133
2022-08-14T04:00:00.000000000,135.49,302.87085
2022-08-14T05:00:00.000000000,118.34,317.4803
2022-08-14T06:00:00.000000000,99.92,334.88778
2022-08-14T07:00:00.000000000,109.01,350.59119
2022-08-14T08:00:00.000000000,100.43,360.19117
2022-08-14T09:00:00.000000000,100.99,365.14987
2022-08-14T10:00:00.000000000,92.61,379.05213
2022-08-14T11:00:00.000000000,93.71,392.6003
2022-08-14T12:00:00.000000000,95.67,399.47256
2022-08-14T13:00:00.000000000,99.18,411.07885
2022-08-14T14:00:00.000000000,89.49,407.81563
2022-08-14T15:00:00.000000000,84.3,397.14268
2022-08-14T16:00:00.000000000,84.21,399.63753
2022-08-14T17:00:00.000000000,81.5,395.03394
2022-08-14T18:00:00.000000000,78.24,385.74428
2022-08-14T19:00:00.000000000,79.69,375.86449
2022-08-14T20:00:00.000000000,90.42,358.46501
2022-08-14T21:00:00.000000000,89.92,347.43252
2022-08-14T22:00:00.000000000,93.23,343.3581
2022-08-14T23:00:00.000000000,89.15,338.92238
2022-08-15T00:00:00.000000000,85.49,443.8824
2022-08-15T01:00:00.000000000,88.64,452.45472
2022-08-15T02:00:00.000000000,99.92,473.36962
2022-08-15T03:00:00.000000000,144.17,484.9962
2022-08-15T04:00:00.000000000,162.27,497.78709
2022-08-15T05:00:00.000000000,141.57,511.29019
2022-08-15T06:00:00.000000000,157.95,526.37868
2022-08-15T07:00:00.000000000,179.02,548.20906
2022-08-15T08:00:00.000000000,117.19,555.02338
2022-08-15T09:00:00.000000000,150.16,565.04707
2022-08-15T10:00:00.000000000,131.48,576.29351
2022-08-15T11:00:00.000000000,136.6,584.6145
2022-08-15T12:00:00.000000000,116.83,580.83672
2022-08-15T13:00:00.000000000,133.38,585.98705
2022-08-15T14:00:00.000000000,103.14,577.89744
2022-08-15T15:00:00.000000000,99.71,558.68865
2022-08-15T16:00:00.000000000,91.35,550.65994
2022-08-15T17:00:00.000000000,87.86,541.01327
2022-08-15T18:00:00.000000000,87.46,523.63563
2022-08-15T19:00:00.000000000,85.48,512.72201
2022-08-15T20:00:00.000000000,84.03,498.08808
2022-08-15T21:00:00.000000000,80.0,482.24878
2022-08-15T22:00:00.000000000,83.12,479.90973
2022-08-15T23:00:00.000000000,80.98,475.37651
2022-08-16T00:00:00.000000000,76.05,551.03096
2022-08-16T01:00:00.000000000,74.71,553.50796
2022-08-16T02:00:00.000000000,83.3,565.86407
2022-08-16T03:00:00.000000000,116.15,570.87997
2022-08-16T04:00:00.000000000,135.12,580.64428
2022-08-16T05:00:00.000000000,151.36,589.87121
2022-08-16T06:00:00.000000000,184.88,598.5343
2022-08-16T07:00:00.000000000,152.9,615.34815
2022-08-16T08:00:00.000000000,137.45,613.94728
2022-08-16T09:00:00.000000000,129.18,620.84416
2022-08-16T10:00:00.000000000,111.76,628.22535
2022-08-16T11:00:00.000000000,94.83,635.2257
2022-08-16T12:00:00.000000000,82.14,625.89631
2022-08-16T13:00:00.000000000,87.7,624.38864
2022-08-16T14:00:00.000000000,90.91,612.82283
2022-08-16T15:00:00.000000000,84.57,589.49253
2022-08-16T16:00:00.000000000,78.02,579.75251
2022-08-16T17:00:00.000000000,81.91,568.11248
2022-08-16T18:00:00.000000000,82.75,549.61272
2022-08-16T19:00:00.000000000,81.22,540.48235
2022-08-16T20:00:00.000000000,83.82,526.86566
2022-08-16T21:00:00.000000000,79.9,517.43871
2022-08-16T22:00:00.000000000,84.03,523.08522
2022-08-16T23:00:00.000000000,74.95,522.10634
2022-08-17T00:00:00.000000000,82.04,559.53285
2022-08-17T01:00:00.000000000,85.0,561.07489
2022-08-17T02:00:00.000000000,76.59,572.0717
2022-08-17T03:00:00.000000000,94.67,575.06804
2022-08-17T04:00:00.000000000,126.36,585.00717
2022-08-17T05:00:00.000000000,137.05,596.65141
2022-08-17T06:00:00.000000000,175.38,609.99385
2022-08-17T07:00:00.000000000,188.78,631.23628
2022-08-17T08:00:00.000000000,193.99,633.85299
2022-08-17T09:00:00.000000000,199.26,644.8633
2022-08-17T10:00:00.000000000,197.12,653.32037
2022-08-17T11:00:00.000000000,193.0,661.29164
2022-08-17T12:00:00.000000000,203.92,651.38646
2022-08-17T13:00:00.000000000,204.76,647.94358
2022-08-17T14:00:00.000000000,174.82,635.09012
2022-08-17T15:00:00.000000000,130.26,611.4834
2022-08-17T16:00:00.000000000,119.06,602.97351
2022-08-17T17:00:00.000000000,111.4,593.56397
2022-08-17T18:00:00.000000000,97.34,576.33633
2022-08-17T19:00:00.000000000,89.81,567.39336
2022-08-17T20:00:00.000000000,91.26,553.43632
2022-08-17T21:00:00.000000000,95.33,543.19474
2022-08-17T22:00:00.000000000,94.54,546.89433
2022-08-17T23:00:00.000000000,81.52,543.41442
2022-08-15T00:00:00.000000000,85.49,262.42461
2022-08-15T01:00:00.000000000,88.64,277.89679
2022-08-15T02:00:00.000000000,99.92,307.42966
2022-08-15T03:00:00.000000000,144.17,321.01167
2022-08-15T04:00:00.000000000,162.27,339.5722
2022-08-15T05:00:00.000000000,141.57,356.01991
2022-08-15T06:00:00.000000000,157.95,373.97727
2022-08-15T07:00:00.000000000,179.02,391.91838
2022-08-15T08:00:00.000000000,117.19,401.89789
2022-08-15T09:00:00.000000000,150.16,410.29892
2022-08-15T10:00:00.000000000,131.48,427.75883
2022-08-15T11:00:00.000000000,136.6,441.83923
2022-08-15T12:00:00.000000000,116.83,449.58346
2022-08-15T13:00:00.000000000,133.38,463.09526
2022-08-15T14:00:00.000000000,103.14,458.47423
2022-08-15T15:00:00.000000000,99.71,443.89746
2022-08-15T16:00:00.000000000,91.35,438.924
2022-08-15T17:00:00.000000000,87.86,428.05886
2022-08-15T18:00:00.000000000,87.46,410.57557
2022-08-15T19:00:00.000000000,85.48,395.89318
2022-08-15T20:00:00.000000000,84.03,375.65226
2022-08-15T21:00:00.000000000,80.0,361.83989
2022-08-15T22:00:00.000000000,83.12,360.17043
2022-08-15T23:00:00.000000000,80.98,358.15568
2022-08-16T00:00:00.000000000,76.05,468.87197
2022-08-16T01:00:00.000000000,74.71,477.10678
2022-08-16T02:00:00.000000000,83.3,496.46337
2022-08-16T03:00:00.000000000,116.15,506.62793
2022-08-16T04:00:00.000000000,135.12,518.0539
2022-08-16T05:00:00.000000000,151.36,528.99543
2022-08-16T06:00:00.000000000,184.88,540.92992
2022-08-16T07:00:00.000000000,152.9,560.75694
2022-08-16T08:00:00.000000000,137.45,565.32177
2022-08-16T09:00:00.000000000,129.18,574.26649
2022-08-16T10:00:00.000000000,111.76,584.52844
2022-08-16T11:00:00.000000000,94.83,592.17447
2022-08-16T12:00:00.000000000,82.14,586.17199
2022-08-16T13:00:00.000000000,87.7,588.56285
2022-08-16T14:00:00.000000000,90.91,578.45111
2022-08-16T15:00:00.000000000,84.57,557.04265
2022-08-16T16:00:00.000000000,78.02,547.58987
2022-08-16T17:00:00.000000000,81.91,536.40374
2022-08-16T18:00:00.000000000,82.75,518.68183
2022-08-16T19:00:00.000000000,81.22,508.84263
2022-08-16T20:00:00.000000000,83.82,495.59808
2022-08-16T21:00:00.000000000,79.9,483.09973
2022-08-16T22:00:00.000000000,84.03,484.97441
2022-08-16T23:00:00.000000000,74.95,483.32624
2022-08-17T00:00:00.000000000,82.04,544.35389
2022-08-17T01:00:00.000000000,85.0,547.31041
2022-08-17T02:00:00.000000000,76.59,560.58958
2022-08-17T03:00:00.000000000,94.67,566.21396
2022-08-17T04:00:00.000000000,126.36,577.79881
2022-08-17T05:00:00.000000000,137.05,590.24322
2022-08-17T06:00:00.000000000,175.38,603.35939
2022-08-17T07:00:00.000000000,188.78,623.95123
2022-08-17T08:00:00.000000000,193.99,625.8192
2022-08-17T09:00:00.000000000,199.26,636.18979
2022-08-17T10:00:00.000000000,197.12,644.97572
2022-08-17T11:00:00.000000000,193.0,652.37966
2022-08-17T12:00:00.000000000,203.92,643.05276
2022-08-17T13:00:00.000000000,204.76,641.39934
2022-08-17T14:00:00.000000000,174.82,630.37866
2022-08-17T15:00:00.000000000,130.26,607.56042
2022-08-17T16:00:00.000000000,119.06,598.57758
2022-08-17T17:00:00.000000000,111.4,587.67279
2022-08-17T18:00:00.000000000,97.34,568.84642
2022-08-17T19:00:00.000000000,89.81,558.87022
2022-08-17T20:00:00.000000000,91.26,543.20048
2022-08-17T21:00:00.000000000,95.33,530.84617
2022-08-17T22:00:00.000000000,94.54,533.49958
2022-08-17T23:00:00.000000000,81.52,529.65998
2022-08-18T00:00:00.000000000,84.8,561.43132
2022-08-18T01:00:00.000000000,101.47,564.02733
2022-08-18T02:00:00.000000000,109.39,576.64278
2022-08-18T03:00:00.000000000,98.31,582.07818
2022-08-18T04:00:00.000000000,126.69,591.00562
2022-08-18T05:00:00.000000000,129.48,597.74338
2022-08-18T06:00:00.000000000,157.93,601.75612
2022-08-18T07:00:00.000000000,111.33,614.51215
2022-08-18T08:00:00.000000000,136.28,611.06011
2022-08-18T09:00:00.000000000,156.18,617.14411
2022-08-18T10:00:00.000000000,164.07,625.25213
2022-08-18T11:00:00.000000000,175.99,631.63349
2022-08-18T12:00:00.000000000,188.2,622.89871
2022-08-18T13:00:00.000000000,191.2,623.78382
2022-08-18T14:00:00.000000000,181.82,615.18491
2022-08-18T15:00:00.000000000,167.37,593.01305
2022-08-18T16:00:00.000000000,148.54,582.75573
2022-08-18T17:00:00.000000000,132.59,568.44929
2022-08-18T18:00:00.000000000,117.0,546.74625
2022-08-18T19:00:00.000000000,105.17,535.2568
2022-08-18T20:00:00.000000000,76.83,518.50543
2022-08-18T21:00:00.000000000,69.76,506.80229
2022-08-18T22:00:00.000000000,77.0,512.13956
2022-08-18T23:00:00.000000000,75.08,510.95229
2022-08-16T00:00:00.000000000,76.05,265.75376
2022-08-16T01:00:00.000000000,74.71,272.64774
2022-08-16T02:00:00.000000000,83.3,295.05042
2022-08-16T03:00:00.000000000,116.15,301.37005
2022-08-16T04:00:00.000000000,135.12,316.38702
2022-08-16T05:00:00.000000000,151.36,329.80404
2022-08-16T06:00:00.000000000,184.88,345.23091
2022-08-16T07:00:00.000000000,152.9,359.64875
2022-08-16T08:00:00.000000000,137.45,367.63333
2022-08-16T09:00:00.000000000,129.18,371.05184
2022-08-16T10:00:00.000000000,111.76,383.28782
2022-08-16T11:00:00.000000000,94.83,395.75383
2022-08-16T12:00:00.000000000,82.14,401.33777
2022-08-16T13:00:00.000000000,87.7,412.19845
2022-08-16T14:00:00.000000000,90.91,408.6475
2022-08-16T15:00:00.000000000,84.57,397.93686
2022-08-16T16:00:00.000000000,78.02,400.00296
2022-08-16T17:00:00.000000000,81.91,395.56801
2022-08-16T18:00:00.000000000,82.75,386.19173
2022-08-16T19:00:00.000000000,81.22,376.93463
2022-08-16T20:00:00.000000000,83.82,360.26888
2022-08-16T21:00:00.000000000,79.9,350.14202
2022-08-16T22:00:00.000000000,84.03,347.43013
2022-08-16T23:00:00.000000000,74.95,344.61023
2022-08-17T00:00:00.000000000,82.04,442.33327
2022-08-17T01:00:00.000000000,85.0,449.0441
2022-08-17T02:00:00.000000000,76.59,467.60665
2022-08-17T03:00:00.000000000,94.67,476.92584
2022-08-17T04:00:00.000000000,126.36,488.87415
2022-08-17T05:00:00.000000000,137.05,501.64922
2022-08-17T06:00:00.000000000,175.38,516.73463
2022-08-17T07:00:00.000000000,188.78,539.25959
2022-08-17T08:00:00.000000000,193.99,547.24002
2022-08-17T09:00:00.000000000,199.26,559.27606
2022-08-17T10:00:00.000000000,197.12,572.18708
2022-08-17T11:00:00.000000000,193.0,581.03096
2022-08-17T12:00:00.000000000,203.92,577.65393
2022-08-17T13:00:00.000000000,204.76,582.6176
2022-08-17T14:00:00.000000000,174.82,574.77226
2022-08-17T15:00:00.000000000,130.26,556.45432
2022-08-17T16:00:00.000000000,119.06,549.26795
2022-08-17T17:00:00.000000000,111.4,541.01964
2022-08-17T18:00:00.000000000,97.34,525.11877
2022-08-17T19:00:00.000000000,89.81,515.00782
2022-08-17T20:00:00.000000000,91.26,501.22993
2022-08-17T21:00:00.000000000,95.33,485.80504
2022-08-17T22:00:00.000000000,94.54,483.90194
2022-08-17T23:00:00.000000000,81.52,478.6664
2022-08-18T00:00:00.000000000,84.8,540.14641
2022-08-18T01:00:00.000000000,101.47,542.608
2022-08-18T02:00:00.000000000,109.39,555.3744
2022-08-18T03:00:00.000000000,98.31,561.13899
2022-08-18T04:00:00.000000000,126.69,571.89892
2022-08-18T05:00:00.000000000,129.48,582.04977
2022-08-18T06:00:00.000000000,157.93,591.2899
2022-08-18T07:00:00.000000000,111.33,608.0147
2022-08-18T08:00:00.000000000,136.28,606.53389
2022-08-18T09:00:00.000000000,156.18,613.1978
2022-08-18T10:00:00.000000000,164.07,620.7257
2022-08-18T11:00:00.000000000,175.99,627.8111
2022-08-18T12:00:00.000000000,188.2,619.16958
2022-08-18T13:00:00.000000000,191.2,618.63995
2022-08-18T14:00:00.000000000,181.82,608.05777
2022-08-18T15:00:00.000000000,167.37,585.51402
2022-08-18T16:00:00.000000000,148.54,576.44938
2022-08-18T17:00:00.000000000,132.59,564.86529
2022-08-18T18:00:00.000000000,117.0,546.29035
2022-08-18T19:00:00.000000000,105.17,536.8509
2022-08-18T20:00:00.000000000,76.83,522.4574
2022-08-18T21:00:00.000000000,69.76,511.96515
2022-08-18T22:00:00.000000000,77.0,516.45792
2022-08-18T23:00:00.000000000,75.08,514.6044
2022-08-19T00:00:00.000000000,72.16,558.30322
2022-08-19T01:00:00.000000000,70.06,559.37777
2022-08-19T02:00:00.000000000,79.6,569.70699
2022-08-19T03:00:00.000000000,81.73,572.60812
2022-08-19T04:00:00.000000000,77.3,580.64886
2022-08-19T05:00:00.000000000,85.8,588.05067
2022-08-19T06:00:00.000000000,71.8,594.53401
2022-08-19T07:00:00.000000000,99.33,609.67428
2022-08-19T08:00:00.000000000,87.59,607.35573
2022-08-19T09:00:00.000000000,101.13,614.06479
2022-08-19T10:00:00.000000000,104.54,621.72823
2022-08-19T11:00:00.000000000,79.2,629.07131
2022-08-19T12:00:00.000000000,84.75,620.30041
2022-08-19T13:00:00.000000000,82.58,619.15838
2022-08-19T14:00:00.000000000,87.44,608.3221
2022-08-19T15:00:00.000000000,68.63,585.97859
2022-08-19T16:00:00.000000000,64.86,576.9716
2022-08-19T17:00:00.000000000,61.82,566.15902
2022-08-19T18:00:00.000000000,62.25,548.44407
2022-08-19T19:00:00.000000000,62.92,539.78172
2022-08-19T20:00:00.000000000,59.95,526.82246
2022-08-19T21:00:00.000000000,59.7,517.96351
2022-08-19T22:00:00.000000000,63.49,524.38132
2022-08-19T23:00:00.000000000,63.34,523.80087
2022-08-17T00:00:00.000000000,82.04,247.60493
2022-08-17T01:00:00.000000000,85.0,255.65346
2022-08-17T02:00:00.000000000,76.59,279.64039
2022-08-17T03:00:00.000000000,94.67,288.13354
2022-08-17T04:00:00.000000000,126.36,306.78242
2022-08-17T05:00:00.000000000,137.05,322.97758
2022-08-17T06:00:00.000000000,175.38,341.0605
2022-08-17T07:00:00.000000000,188.78,357.241
2022-08-17T08:00:00.000000000,193.99,366.56161
2022-08-17T09:00:00.000000000,199.26,370.77982
2022-08-17T10:00:00.000000000,197.12,383.51733
2022-08-17T11:00:00.000000000,193.0,395.44775
2022-08-17T12:00:00.000000000,203.92,400.18649
2022-08-17T13:00:00.000000000,204.76,410.87744
2022-08-17T14:00:00.000000000,174.82,406.95572
2022-08-17T15:00:00.000000000,130.26,396.37977
2022-08-17T16:00:00.000000000,119.06,399.87307
2022-08-17T17:00:00.000000000,111.4,395.89839
2022-08-17T18:00:00.000000000,97.34,386.01006
2022-08-17T19:00:00.000000000,89.81,374.65325
2022-08-17T20:00:00.000000000,91.26,354.0812
2022-08-17T21:00:00.000000000,95.33,339.92206
2022-08-17T22:00:00.000000000,94.54,333.75387
2022-08-17T23:00:00.000000000,81.52,328.00696
2022-08-18T00:00:00.000000000,84.8,423.72529
2022-08-18T01:00:00.000000000,101.47,422.66842
2022-08-18T02:00:00.000000000,109.39,435.63295
2022-08-18T03:00:00.000000000,98.31,436.86916
2022-08-18T04:00:00.000000000,126.69,440.49703
2022-08-18T05:00:00.000000000,129.48,440.94964
2022-08-18T06:00:00.000000000,157.93,442.62426
2022-08-18T07:00:00.000000000,111.33,451.5242
2022-08-18T08:00:00.000000000,136.28,451.71048
2022-08-18T09:00:00.000000000,156.18,449.33901
2022-08-18T10:00:00.000000000,164.07,455.12579
2022-08-18T11:00:00.000000000,175.99,461.37423
2022-08-18T12:00:00.000000000,188.2,456.13294
2022-08-18T13:00:00.000000000,191.2,458.86745
2022-08-18T14:00:00.000000000,181.82,446.32079
2022-08-18T15:00:00.000000000,167.37,428.87872
2022-08-18T16:00:00.000000000,148.54,421.13095
2022-08-18T17:00:00.000000000,132.59,415.58545
2022-08-18T18:00:00.000000000,117.0,406.71871
2022-08-18T19:00:00.000000000,105.17,402.01588
2022-08-18T20:00:00.000000000,76.83,394.47605
2022-08-18T21:00:00.000000000,69.76,389.05918
2022-08-18T22:00:00.000000000,77.0,394.42467
2022-08-18T23:00:00.000000000,75.08,398.3216
2022-08-19T00:00:00.000000000,72.16,477.61671
2022-08-19T01:00:00.000000000,70.06,473.89217
2022-08-19T02:00:00.000000000,79.6,483.70471
2022-08-19T03:00:00.000000000,81.73,483.73874
2022-08-19T04:00:00.000000000,77.3,484.0267
2022-08-19T05:00:00.000000000,85.8,480.20614
2022-08-19T06:00:00.000000000,71.8,476.37934
2022-08-19T07:00:00.000000000,99.33,480.96937
2022-08-19T08:00:00.000000000,87.59,476.92925
2022-08-19T09:00:00.000000000,101.13,471.11097
2022-08-19T10:00:00.000000000,104.54,474.37898
2022-08-19T11:00:00.000000000,79.2,478.9249
2022-08-19T12:00:00.000000000,84.75,470.80364
2022-08-19T13:00:00.000000000,82.58,471.00196
2022-08-19T14:00:00.000000000,87.44,455.87664
2022-08-19T15:00:00.000000000,68.63,436.61499
2022-08-19T16:00:00.000000000,64.86,427.60144
2022-08-19T17:00:00.000000000,61.82,422.02882
2022-08-19T18:00:00.000000000,62.25,413.97067
2022-08-19T19:00:00.000000000,62.92,411.61594
2022-08-19T20:00:00.000000000,59.95,407.34902
2022-08-19T21:00:00.000000000,59.7,404.95924
2022-08-19T22:00:00.000000000,63.49,414.14893
2022-08-19T23:00:00.000000000,63.34,420.89477
2022-08-20T00:00:00.000000000,75.88,518.39838
2022-08-20T01:00:00.000000000,84.2,506.74023
2022-08-20T02:00:00.000000000,88.72,506.92867
2022-08-20T03:00:00.000000000,97.02,500.19112
2022-08-20T04:00:00.000000000,98.22,497.81558
2022-08-20T05:00:00.000000000,92.68,492.82117
2022-08-20T06:00:00.000000000,82.94,488.44016
2022-08-20T07:00:00.000000000,81.23,493.56416
2022-08-20T08:00:00.000000000,72.87,488.44599
2022-08-20T09:00:00.000000000,76.45,483.62965
2022-08-20T10:00:00.000000000,62.24,485.87497
2022-08-20T11:00:00.000000000,62.68,489.8429
2022-08-20T12:00:00.000000000,62.48,480.89856
2022-08-20T13:00:00.000000000,69.17,479.66285
2022-08-20T14:00:00.000000000,69.24,466.10193
2022-08-20T15:00:00.000000000,63.81,448.9606
2022-08-20T16:00:00.000000000,59.27,444.14355
2022-08-20T17:00:00.000000000,70.18,442.41439
2022-08-20T18:00:00.000000000,76.06,437.92385
2022-08-20T19:00:00.000000000,86.77,438.63236
2022-08-20T20:00:00.000000000,86.22,437.6769
2022-08-20T21:00:00.000000000,88.73,437.0998
2022-08-20T22:00:00.000000000,91.91,446.4077
2022-08-20T23:00:00.000000000,85.75,450.73565
2022-08-18T00:00:00.000000000,84.8,244.21458
2022-08-18T01:00:00.000000000,101.47,251.46585
2022-08-18T02:00:00.000000000,109.39,271.37601
2022-08-18T03:00:00.000000000,98.31,274.17227
2022-08-18T04:00:00.000000000,126.69,290.44072
2022-08-18T05:00:00.000000000,129.48,302.23046
2022-08-18T06:00:00.000000000,157.93,317.11256
2022-08-18T07:00:00.000000000,111.33,330.07121
2022-08-18T08:00:00.000000000,136.28,335.54017
2022-08-18T09:00:00.000000000,156.18,334.993
2022-08-18T10:00:00.000000000,164.07,343.84291
2022-08-18T11:00:00.000000000,175.99,353.60539
2022-08-18T12:00:00.000000000,188.2,354.59634
2022-08-18T13:00:00.000000000,191.2,360.32813
2022-08-18T14:00:00.000000000,181.82,352.39763
2022-08-18T15:00:00.000000000,167.37,340.15819
2022-08-18T16:00:00.000000000,148.54,343.44801
2022-08-18T17:00:00.000000000,132.59,339.85133
2022-08-18T18:00:00.000000000,117.0,333.79357
2022-08-18T19:00:00.000000000,105.17,324.84685
2022-08-18T20:00:00.000000000,76.83,305.23243
2022-08-18T21:00:00.000000000,69.76,295.01905
2022-08-18T22:00:00.000000000,77.0,292.99528
2022-08-18T23:00:00.000000000,75.08,290.87601
2022-08-19T00:00:00.000000000,72.16,377.54734
2022-08-19T01:00:00.000000000,70.06,379.13182
2022-08-19T02:00:00.000000000,79.6,394.88776
2022-08-19T03:00:00.000000000,81.73,397.33394
2022-08-19T04:00:00.000000000,77.3,406.46329
2022-08-19T05:00:00.000000000,85.8,411.1303
2022-08-19T06:00:00.000000000,71.8,417.8586
2022-08-19T07:00:00.000000000,99.33,429.51523
2022-08-19T08:00:00.000000000,87.59,430.83663
2022-08-19T09:00:00.000000000,101.13,427.57376
2022-08-19T10:00:00.000000000,104.54,430.75621
2022-08-19T11:00:00.000000000,79.2,435.14662
2022-08-19T12:00:00.000000000,84.75,426.61232
2022-08-19T13:00:00.000000000,82.58,426.77516
2022-08-19T14:00:00.000000000,87.44,413.45605
2022-08-19T15:00:00.000000000,68.63,396.99008
2022-08-19T16:00:00.000000000,64.86,392.96536
2022-08-19T17:00:00.000000000,61.82,390.10266
2022-08-19T18:00:00.000000000,62.25,383.09042
2022-08-19T19:00:00.000000000,62.92,377.68107
2022-08-19T20:00:00.000000000,59.95,365.98601
2022-08-19T21:00:00.000000000,59.7,356.50947
2022-08-19T22:00:00.000000000,63.49,358.00587
2022-08-19T23:00:00.000000000,63.34,359.46504
2022-08-20T00:00:00.000000000,75.88,443.71597
2022-08-20T01:00:00.000000000,84.2,437.61477
2022-08-20T02:00:00.000000000,88.72,444.5311
2022-08-20T03:00:00.000000000,97.02,440.14984
2022-08-20T04:00:00.000000000,98.22,440.10477
2022-08-20T05:00:00.000000000,92.68,438.5397
2022-08-20T06:00:00.000000000,82.94,439.44443
2022-08-20T07:00:00.000000000,81.23,448.10571
2022-08-20T08:00:00.000000000,72.87,448.84378
2022-08-20T09:00:00.000000000,76.45,448.27693
2022-08-20T10:00:00.000000000,62.24,454.39859
2022-08-20T11:00:00.000000000,62.68,460.6175
2022-08-20T12:00:00.000000000,62.48,456.21412
2022-08-20T13:00:00.000000000,69.17,458.56046
2022-08-20T14:00:00.000000000,69.24,447.98402
2022-08-20T15:00:00.000000000,63.81,433.48191
2022-08-20T16:00:00.000000000,59.27,429.15668
2022-08-20T17:00:00.000000000,70.18,427.78451
2022-08-20T18:00:00.000000000,76.06,424.28977
2022-08-20T19:00:00.000000000,86.77,424.51201
2022-08-20T20:00:00.000000000,86.22,423.15226
2022-08-20T21:00:00.000000000,88.73,421.8323
2022-08-20T22:00:00.000000000,91.91,428.79797
2022-08-20T23:00:00.000000000,85.75,431.65111
2022-08-21T00:00:00.000000000,86.92,494.15669
2022-08-21T01:00:00.000000000,91.6,498.24158
2022-08-21T02:00:00.000000000,94.77,512.39402
2022-08-21T03:00:00.000000000,104.05,517.63248
2022-08-21T04:00:00.000000000,102.07,526.41121
2022-08-21T05:00:00.000000000,83.4,535.8557
2022-08-21T06:00:00.000000000,72.96,546.42326
2022-08-21T07:00:00.000000000,60.02,564.5872
2022-08-21T08:00:00.000000000,56.83,567.41089
2022-08-21T09:00:00.000000000,52.79,576.33991
2022-08-21T10:00:00.000000000,60.28,586.81484
2022-08-21T11:00:00.000000000,58.79,595.59482
2022-08-21T12:00:00.000000000,68.87,591.1567
2022-08-21T13:00:00.000000000,67.81,594.01433
2022-08-21T14:00:00.000000000,76.21,585.26351
2022-08-21T15:00:00.000000000,70.44,565.79892
2022-08-21T16:00:00.000000000,63.12,558.32522
2022-08-21T17:00:00.000000000,59.75,549.29007
2022-08-21T18:00:00.000000000,61.98,533.63783
2022-08-21T19:00:00.000000000,67.6,524.73418
2022-08-21T20:00:00.000000000,77.09,512.51107
2022-08-21T21:00:00.000000000,81.38,501.05827
2022-08-21T22:00:00.000000000,88.72,503.28418
2022-08-21T23:00:00.000000000,99.98,500.71388
2022-08-19T00:00:00.000000000,72.16,219.67068
2022-08-19T01:00:00.000000000,70.06,223.92023
2022-08-19T02:00:00.000000000,79.6,241.01092
2022-08-19T03:00:00.000000000,81.73,241.74044
2022-08-19T04:00:00.000000000,77.3,259.13587
2022-08-19T05:00:00.000000000,85.8,272.58904
2022-08-19T06:00:00.000000000,71.8,290.31757
2022-08-19T07:00:00.000000000,99.33,304.23989
2022-08-19T08:00:00.000000000,87.59,312.09432
2022-08-19T09:00:00.000000000,101.13,313.97044
2022-08-19T10:00:00.000000000,104.54,325.4405
2022-08-19T11:00:00.000000000,79.2,335.96541
2022-08-19T12:00:00.000000000,84.75,338.55422
2022-08-19T13:00:00.000000000,82.58,344.71107
2022-08-19T14:00:00.000000000,87.44,337.95077
2022-08-19T15:00:00.000000000,68.63,327.71932
2022-08-19T16:00:00.000000000,64.86,334.12484
2022-08-19T17:00:00.000000000,61.82,333.05729
2022-08-19T18:00:00.000000000,62.25,331.35493
2022-08-19T19:00:00.000000000,62.92,324.72784
2022-08-19T20:00:00.000000000,59.95,306.93192
2022-08-19T21:00:00.000000000,59.7,297.82799
2022-08-19T22:00:00.000000000,63.49,294.57983
2022-08-19T23:00:00.000000000,63.34,288.61336
2022-08-20T00:00:00.000000000,75.88,375.36733
2022-08-20T01:00:00.000000000,84.2,372.6272
2022-08-20T02:00:00.000000000,88.72,383.45262
2022-08-20T03:00:00.000000000,97.02,381.1796
2022-08-20T04:00:00.000000000,98.22,385.59877
2022-08-20T05:00:00.000000000,92.68,387.98682
2022-08-20T06:00:00.000000000,82.94,392.73103
2022-08-20T07:00:00.000000000,81.23,402.24381
2022-08-20T08:00:00.000000000,72.87,405.19921
2022-08-20T09:00:00.000000000,76.45,404.92315
2022-08-20T10:00:00.000000000,62.24,412.38923
2022-08-20T11:00:00.000000000,62.68,420.67902
2022-08-20T12:00:00.000000000,62.48,418.89223
2022-08-20T13:00:00.000000000,69.17,423.12206
2022-08-20T14:00:00.000000000,69.24,414.56322
2022-08-20T15:00:00.000000000,63.81,401.92476
2022-08-20T16:00:00.000000000,59.27,401.32921
2022-08-20T17:00:00.000000000,70.18,400.93808
2022-08-20T18:00:00.000000000,76.06,398.21934
2022-08-20T19:00:00.000000000,86.77,397.04282
2022-08-20T20:00:00.000000000,86.22,392.25197
2022-08-20T21:00:00.000000000,88.73,388.63081
2022-08-20T22:00:00.000000000,91.91,392.25122
2022-08-20T23:00:00.000000000,85.75,393.02859
2022-08-21T00:00:00.000000000,86.92,461.48066
2022-08-21T01:00:00.000000000,91.6,467.21389
2022-08-21T02:00:00.000000000,94.77,483.91852
2022-08-21T03:00:00.000000000,104.05,491.22649
2022-08-21T04:00:00.000000000,102.07,500.87995
2022-08-21T05:00:00.000000000,83.4,510.97303
2022-08-21T06:00:00.000000000,72.96,522.58582
2022-08-21T07:00:00.000000000,60.02,541.72968
2022-08-21T08:00:00.000000000,56.83,546.17142
2022-08-21T09:00:00.000000000,52.79,554.73459
2022-08-21T10:00:00.000000000,60.28,565.49535
2022-08-21T11:00:00.000000000,58.79,574.20651
2022-08-21T12:00:00.000000000,68.87,570.56324
2022-08-21T13:00:00.000000000,67.81,574.68349
2022-08-21T14:00:00.000000000,76.21,565.92922
2022-08-21T15:00:00.000000000,70.44,547.08269
2022-08-21T16:00:00.000000000,63.12,539.83796
2022-08-21T17:00:00.000000000,59.75,531.60131
2022-08-21T18:00:00.000000000,61.98,516.11736
2022-08-21T19:00:00.000000000,67.6,506.74031
2022-08-21T20:00:00.000000000,77.09,494.15227
2022-08-21T21:00:00.000000000,81.38,481.5247
2022-08-21T22:00:00.000000000,88.72,482.37974
2022-08-21T23:00:00.000000000,99.98,480.24138
2022-08-22T00:00:00.000000000,98.17,548.59328
2022-08-22T01:00:00.000000000,93.99,552.68658
2022-08-22T02:00:00.000000000,102.15,566.49338
2022-08-22T03:00:00.000000000,137.78,572.67527
2022-08-22T04:00:00.000000000,141.21,582.70574
2022-08-22T05:00:00.000000000,152.19,591.18877
2022-08-22T06:00:00.000000000,103.94,597.92665
2022-08-22T07:00:00.000000000,98.97,612.84816
2022-08-22T08:00:00.000000000,86.41,610.80086
2022-08-22T09:00:00.000000000,75.52,617.89105
2022-08-22T10:00:00.000000000,65.03,626.13157
2022-08-22T11:00:00.000000000,67.59,632.7592
2022-08-22T12:00:00.000000000,95.42,623.61299
2022-08-22T13:00:00.000000000,90.13,622.85822
2022-08-22T14:00:00.000000000,86.4,612.37034
2022-08-22T15:00:00.000000000,76.38,589.09523
2022-08-22T16:00:00.000000000,70.82,578.58944
2022-08-22T17:00:00.000000000,68.7,564.87308
2022-08-22T18:00:00.000000000,68.51,544.41162
2022-08-22T19:00:00.000000000,75.62,534.35869
2022-08-22T20:00:00.000000000,76.32,519.53529
2022-08-22T21:00:00.000000000,77.55,509.66605
2022-08-22T22:00:00.000000000,75.96,516.25823
2022-08-22T23:00:00.000000000,85.22,516.04071
2022-08-20T00:00:00.000000000,75.88,214.48626
2022-08-20T01:00:00.000000000,84.2,207.83339
2022-08-20T02:00:00.000000000,88.72,212.27545
2022-08-20T03:00:00.000000000,97.02,196.53505
2022-08-20T04:00:00.000000000,98.22,203.6216
2022-08-20T05:00:00.000000000,92.68,205.55312
2022-08-20T06:00:00.000000000,82.94,215.84223
2022-08-20T07:00:00.000000000,81.23,220.78289
2022-08-20T08:00:00.000000000,72.87,222.49443
2022-08-20T09:00:00.000000000,76.45,215.55623
2022-08-20T10:00:00.000000000,62.24,220.89156
2022-08-20T11:00:00.000000000,62.68,230.76138
2022-08-20T12:00:00.000000000,62.48,234.23646
2022-08-20T13:00:00.000000000,69.17,236.7584
2022-08-20T14:00:00.000000000,69.24,232.34967
2022-08-20T15:00:00.000000000,63.81,225.61231
2022-08-20T16:00:00.000000000,59.27,235.50722
2022-08-20T17:00:00.000000000,70.18,238.27747
2022-08-20T18:00:00.000000000,76.06,253.52093
2022-08-20T19:00:00.000000000,86.77,264.29828
2022-08-20T20:00:00.000000000,86.22,263.34976
2022-08-20T21:00:00.000000000,88.73,273.13689
2022-08-20T22:00:00.000000000,91.91,279.83406
2022-08-20T23:00:00.000000000,85.75,279.70296
2022-08-21T00:00:00.000000000,86.92,355.8947
2022-08-21T01:00:00.000000000,91.6,359.2615
2022-08-21T02:00:00.000000000,94.77,376.45425
2022-08-21T03:00:00.000000000,104.05,379.88738
2022-08-21T04:00:00.000000000,102.07,387.04064
2022-08-21T05:00:00.000000000,83.4,392.90871
2022-08-21T06:00:00.000000000,72.96,400.49725
2022-08-21T07:00:00.000000000,60.02,412.71799
2022-08-21T08:00:00.000000000,56.83,418.45169
2022-08-21T09:00:00.000000000,52.79,422.11284
2022-08-21T10:00:00.000000000,60.28,434.30814
2022-08-21T11:00:00.000000000,58.79,445.42092
2022-08-21T12:00:00.000000000,68.87,448.40133
2022-08-21T13:00:00.000000000,67.81,457.66448
2022-08-21T14:00:00.000000000,76.21,450.60506
2022-08-21T15:00:00.000000000,70.44,436.87704
2022-08-21T16:00:00.000000000,63.12,432.91746
2022-08-21T17:00:00.000000000,59.75,427.54756
2022-08-21T18:00:00.000000000,61.98,416.63757
2022-08-21T19:00:00.000000000,67.6,408.40976
2022-08-21T20:00:00.000000000,77.09,396.75832
2022-08-21T21:00:00.000000000,81.38,388.44649
2022-08-21T22:00:00.000000000,88.72,390.04826
2022-08-21T23:00:00.000000000,99.98,390.59099
2022-08-22T00:00:00.000000000,98.17,457.25989
2022-08-22T01:00:00.000000000,93.99,466.73262
2022-08-22T02:00:00.000000000,102.15,488.15833
2022-08-22T03:00:00.000000000,137.78,500.62178
2022-08-22T04:00:00.000000000,141.21,513.77781
2022-08-22T05:00:00.000000000,152.19,526.62948
2022-08-22T06:00:00.000000000,103.94,540.04519
2022-08-22T07:00:00.000000000,98.97,560.66947
2022-08-22T08:00:00.000000000,86.41,565.60348
2022-08-22T09:00:00.000000000,75.52,574.3713
2022-08-22T10:00:00.000000000,65.03,584.61009
2022-08-22T11:00:00.000000000,67.59,592.27852
2022-08-22T12:00:00.000000000,95.42,586.68238
2022-08-22T13:00:00.000000000,90.13,590.03045
2022-08-22T14:00:00.000000000,86.4,580.46733
2022-08-22T15:00:00.000000000,76.38,559.32429
2022-08-22T16:00:00.000000000,70.82,549.97244
2022-08-22T17:00:00.000000000,68.7,538.7537
2022-08-22T18:00:00.000000000,68.51,520.06663
2022-08-22T19:00:00.000000000,75.62,509.19819
2022-08-22T20:00:00.000000000,76.32,494.65291
2022-08-22T21:00:00.000000000,77.55,480.24188
2022-08-22T22:00:00.000000000,75.96,480.39617
2022-08-22T23:00:00.000000000,85.22,478.1019
2022-08-23T00:00:00.000000000,79.46,542.64819
2022-08-23T01:00:00.000000000,78.91,544.82716
2022-08-23T02:00:00.000000000,83.27,556.83779
2022-08-23T03:00:00.000000000,104.56,561.84545
2022-08-23T04:00:00.000000000,117.79,571.7393
2022-08-23T05:00:00.000000000,118.96,580.1608
2022-08-23T06:00:00.000000000,77.66,587.36234
2022-08-23T07:00:00.000000000,70.26,602.64681
2022-08-23T08:00:00.000000000,57.71,600.61393
2022-08-23T09:00:00.000000000,56.86,607.00421
2022-08-23T10:00:00.000000000,53.11,614.67944
2022-08-23T11:00:00.000000000,61.52,621.57411
2022-08-23T12:00:00.000000000,70.73,612.67567
2022-08-23T13:00:00.000000000,65.45,612.07868
2022-08-23T14:00:00.000000000,66.37,601.60146
2022-08-23T15:00:00.000000000,66.2,579.09162
2022-08-23T16:00:00.000000000,65.57,569.9927
2022-08-23T17:00:00.000000000,71.15,558.01523
2022-08-23T18:00:00.000000000,79.99,539.27
2022-08-23T19:00:00.000000000,81.27,529.74108
2022-08-23T20:00:00.000000000,84.07,515.20309
2022-08-23T21:00:00.000000000,82.24,505.12438
2022-08-23T22:00:00.000000000,82.23,510.5405
2022-08-23T23:00:00.000000000,83.82,509.34332
2022-08-21T00:00:00.000000000,86.92,245.10611
2022-08-21T01:00:00.000000000,91.6,250.0004
2022-08-21T02:00:00.000000000,94.77,269.94418
2022-08-21T03:00:00.000000000,104.05,273.79089
2022-08-21T04:00:00.000000000,102.07,288.75606
2022-08-21T05:00:00.000000000,83.4,302.61863
2022-08-21T06:00:00.000000000,72.96,319.52352
2022-08-21T07:00:00.000000000,60.02,334.12714
2022-08-21T08:00:00.000000000,56.83,343.36339
2022-08-21T09:00:00.000000000,52.79,347.65247
2022-08-21T10:00:00.000000000,60.28,361.1885
2022-08-21T11:00:00.000000000,58.79,375.09745
2022-08-21T12:00:00.000000000,68.87,382.76614
2022-08-21T13:00:00.000000000,67.81,394.53288
2022-08-21T14:00:00.000000000,76.21,392.36804
2022-08-21T15:00:00.000000000,70.44,383.14015
2022-08-21T16:00:00.000000000,63.12,387.72785
2022-08-21T17:00:00.000000000,59.75,384.70987
2022-08-21T18:00:00.000000000,61.98,377.97375
2022-08-21T19:00:00.000000000,67.6,370.00184
2022-08-21T20:00:00.000000000,77.09,354.15081
2022-08-21T21:00:00.000000000,81.38,345.23779
2022-08-21T22:00:00.000000000,88.72,341.78708
2022-08-21T23:00:00.000000000,99.98,337.23274
2022-08-22T00:00:00.000000000,98.17,421.73468
2022-08-22T01:00:00.000000000,93.99,434.27847
2022-08-22T02:00:00.000000000,102.15,459.41187
2022-08-22T03:00:00.000000000,137.78,474.21295
2022-08-22T04:00:00.000000000,141.21,488.0297
2022-08-22T05:00:00.000000000,152.19,500.73816
2022-08-22T06:00:00.000000000,103.94,513.7282
2022-08-22T07:00:00.000000000,98.97,533.33463
2022-08-22T08:00:00.000000000,86.41,538.40497
2022-08-22T09:00:00.000000000,75.52,545.51883
2022-08-22T10:00:00.000000000,65.03,555.58942
2022-08-22T11:00:00.000000000,67.59,563.31767
2022-08-22T12:00:00.000000000,95.42,559.48878
2022-08-22T13:00:00.000000000,90.13,565.11746
2022-08-22T14:00:00.000000000,86.4,555.58396
2022-08-22T15:00:00.000000000,76.38,534.97713
2022-08-22T16:00:00.000000000,70.82,524.55265
2022-08-22T17:00:00.000000000,68.7,512.52219
2022-08-22T18:00:00.000000000,68.51,492.94005
2022-08-22T19:00:00.000000000,75.62,480.67929
2022-08-22T20:00:00.000000000,76.32,465.58122
2022-08-22T21:00:00.000000000,77.55,450.98491
2022-08-22T22:00:00.000000000,75.96,451.06743
2022-08-22T23:00:00.000000000,85.22,450.4961
2022-08-23T00:00:00.000000000,79.46,542.8962
2022-08-23T01:00:00.000000000,78.91,544.99798
2022-08-23T02:00:00.000000000,83.27,556.7756
2022-08-23T03:00:00.000000000,104.56,561.5073
2022-08-23T04:00:00.000000000,117.79,570.75951
2022-08-23T05:00:00.000000000,118.96,577.35752
2022-08-23T06:00:00.000000000,77.66,582.42883
2022-08-23T07:00:00.000000000,70.26,596.37233
2022-08-23T08:00:00.000000000,57.71,593.16192
2022-08-23T09:00:00.000000000,56.86,598.02033
2022-08-23T10:00:00.000000000,53.11,604.67208
2022-08-23T11:00:00.000000000,61.52,610.9309
2022-08-23T12:00:00.000000000,70.73,601.23566
2022-08-23T13:00:00.000000000,65.45,600.32768
2022-08-23T14:00:00.000000000,66.37,589.85792
2022-08-23T15:00:00.000000000,66.2,567.15785
2022-08-23T16:00:00.000000000,65.57,558.00311
2022-08-23T17:00:00.000000000,71.15,545.77896
2022-08-23T18:00:00.000000000,79.99,527.40554
2022-08-23T19:00:00.000000000,81.27,518.61923
2022-08-23T20:00:00.000000000,84.07,504.8488
2022-08-23T21:00:00.000000000,82.24,495.89316
2022-08-23T22:00:00.000000000,82.23,502.49946
2022-08-23T23:00:00.000000000,83.82,502.53558
2022-08-24T00:00:00.000000000,84.24,562.02902
2022-08-24T01:00:00.000000000,83.34,565.77239
2022-08-24T02:00:00.000000000,90.88,578.57378
2022-08-24T03:00:00.000000000,143.68,583.21959
2022-08-24T04:00:00.000000000,117.24,591.68504
2022-08-24T05:00:00.000000000,149.57,598.80422
2022-08-24T06:00:00.000000000,140.46,604.82653
2022-08-24T07:00:00.000000000,183.95,619.70205
2022-08-24T08:00:00.000000000,145.41,617.81982
2022-08-24T09:00:00.000000000,161.04,625.11342
2022-08-24T10:00:00.000000000,177.96,633.0075
2022-08-24T11:00:00.000000000,180.0,639.48325
2022-08-24T12:00:00.000000000,174.14,629.42695
2022-08-24T13:00:00.000000000,116.62,627.29197
2022-08-24T14:00:00.000000000,158.98,615.49894
2022-08-24T15:00:00.000000000,120.53,591.44419
2022-08-24T16:00:00.000000000,91.8,580.55393
2022-08-24T17:00:00.000000000,92.29,567.29739
2022-08-24T18:00:00.000000000,84.93,547.53818
2022-08-24T19:00:00.000000000,81.8,538.25539
2022-08-24T20:00:00.000000000,84.34,524.68407
2022-08-24T21:00:00.000000000,81.81,516.42793
2022-08-24T22:00:00.000000000,86.22,524.44839
2022-08-24T23:00:00.000000000,79.51,525.17384
2022-08-22T00:00:00.000000000,98.17,260.1737
2022-08-22T01:00:00.000000000,93.99,271.49542
2022-08-22T02:00:00.000000000,102.15,298.13642
2022-08-22T03:00:00.000000000,137.78,308.74816
2022-08-22T04:00:00.000000000,141.21,326.60876
2022-08-22T05:00:00.000000000,152.19,342.01407
2022-08-22T06:00:00.000000000,103.94,359.00755
2022-08-22T07:00:00.000000000,98.97,374.88931
2022-08-22T08:00:00.000000000,86.41,383.62859
2022-08-22T09:00:00.000000000,75.52,388.2015
2022-08-22T10:00:00.000000000,65.03,401.68173
2022-08-22T11:00:00.000000000,67.59,413.53616
2022-08-22T12:00:00.000000000,95.42,418.23359
2022-08-22T13:00:00.000000000,90.13,428.58
2022-08-22T14:00:00.000000000,86.4,423.20884
2022-08-22T15:00:00.000000000,76.38,409.88559
2022-08-22T16:00:00.000000000,70.82,408.57526
2022-08-22T17:00:00.000000000,68.7,400.76305
2022-08-22T18:00:00.000000000,68.51,387.90826
2022-08-22T19:00:00.000000000,75.62,376.5002
2022-08-22T20:00:00.000000000,76.32,357.82949
2022-08-22T21:00:00.000000000,77.55,345.8934
2022-08-22T22:00:00.000000000,75.96,343.54096
2022-08-22T23:00:00.000000000,85.22,341.43422
2022-08-23T00:00:00.000000000,79.46,436.65841
2022-08-23T01:00:00.000000000,78.91,438.83213
2022-08-23T02:00:00.000000000,83.27,454.57378
2022-08-23T03:00:00.000000000,104.56,461.01459
2022-08-23T04:00:00.000000000,117.79,468.75347
2022-08-23T05:00:00.000000000,118.96,474.59046
2022-08-23T06:00:00.000000000,77.66,482.20283
2022-08-23T07:00:00.000000000,70.26,497.05406
2022-08-23T08:00:00.000000000,57.71,500.28155
2022-08-23T09:00:00.000000000,56.86,502.47672
2022-08-23T10:00:00.000000000,53.11,509.32815
2022-08-23T11:00:00.000000000,61.52,514.43741
2022-08-23T12:00:00.000000000,70.73,508.16146
2022-08-23T13:00:00.000000000,65.45,511.45818
2022-08-23T14:00:00.000000000,66.37,499.86063
2022-08-23T15:00:00.000000000,66.2,481.31202
2022-08-23T16:00:00.000000000,65.57,473.46859
2022-08-23T17:00:00.000000000,71.15,467.00983
2022-08-23T18:00:00.000000000,79.99,454.75702
2022-08-23T19:00:00.000000000,81.27,447.71304
2022-08-23T20:00:00.000000000,84.07,437.3657
2022-08-23T21:00:00.000000000,82.24,427.34564
2022-08-23T22:00:00.000000000,82.23,428.88584
2022-08-23T23:00:00.000000000,83.82,428.64252
2022-08-24T00:00:00.000000000,84.24,508.99459
2022-08-24T01:00:00.000000000,83.34,514.92293
2022-08-24T02:00:00.000000000,90.88,531.6745
2022-08-24T03:00:00.000000000,143.68,540.75447
2022-08-24T04:00:00.000000000,117.24,552.30157
2022-08-24T05:00:00.000000000,149.57,562.55652
2022-08-24T06:00:00.000000000,140.46,571.73667
2022-08-24T07:00:00.000000000,183.95,588.62483
2022-08-24T08:00:00.000000000,145.41,588.92562
2022-08-24T09:00:00.000000000,161.04,595.91434
2022-08-24T10:00:00.000000000,177.96,604.77309
2022-08-24T11:00:00.000000000,180.0,611.95976
2022-08-24T12:00:00.000000000,174.14,604.33106
2022-08-24T13:00:00.000000000,116.62,605.32513
2022-08-24T14:00:00.000000000,158.98,595.11025
2022-08-24T15:00:00.000000000,120.53,572.61837
2022-08-24T16:00:00.000000000,91.8,562.85577
2022-08-24T17:00:00.000000000,92.29,550.2135
2022-08-24T18:00:00.000000000,84.93,530.68401
2022-08-24T19:00:00.000000000,81.8,520.32455
2022-08-24T20:00:00.000000000,84.34,505.61444
2022-08-24T21:00:00.000000000,81.81,493.77822
2022-08-24T22:00:00.000000000,86.22,497.52992
2022-08-24T23:00:00.000000000,79.51,496.44225
2022-08-25T00:00:00.000000000,83.87,555.11843
2022-08-25T01:00:00.000000000,81.9,556.57487
2022-08-25T02:00:00.000000000,87.9,567.74017
2022-08-25T03:00:00.000000000,124.7,571.66274
2022-08-25T04:00:00.000000000,129.1,581.11556
2022-08-25T05:00:00.000000000,137.56,590.69125
2022-08-25T06:00:00.000000000,122.48,599.73278
2022-08-25T07:00:00.000000000,197.06,617.13965
2022-08-25T08:00:00.000000000,197.83,616.67958
2022-08-25T09:00:00.000000000,182.12,625.58373
2022-08-25T10:00:00.000000000,177.04,634.38358
2022-08-25T11:00:00.000000000,184.08,642.2218
2022-08-25T12:00:00.000000000,171.92,633.59778
2022-08-25T13:00:00.000000000,172.35,632.62115
2022-08-25T14:00:00.000000000,168.34,622.23803
2022-08-25T15:00:00.000000000,115.94,600.04776
2022-08-25T16:00:00.000000000,86.83,591.21784
2022-08-25T17:00:00.000000000,83.39,580.3517
2022-08-25T18:00:00.000000000,79.89,561.52171
2022-08-25T19:00:00.000000000,84.58,551.55051
2022-08-25T20:00:00.000000000,86.46,536.41441
2022-08-25T21:00:00.000000000,88.25,525.03696
2022-08-25T22:00:00.000000000,85.13,529.36282
2022-08-25T23:00:00.000000000,82.42,527.05631
2022-08-23T00:00:00.000000000,79.46,268.33611
2022-08-23T01:00:00.000000000,78.91,270.81487
2022-08-23T02:00:00.000000000,83.27,284.57453
2022-08-23T03:00:00.000000000,104.56,280.71286
2022-08-23T04:00:00.000000000,117.79,291.38319
2022-08-23T05:00:00.000000000,118.96,297.39794
2022-08-23T06:00:00.000000000,77.66,306.96468
2022-08-23T07:00:00.000000000,70.26,315.53759
2022-08-23T08:00:00.000000000,57.71,317.27026
2022-08-23T09:00:00.000000000,56.86,313.01365
2022-08-23T10:00:00.000000000,53.11,319.1196
2022-08-23T11:00:00.000000000,61.52,327.32862
2022-08-23T12:00:00.000000000,70.73,325.74373
2022-08-23T13:00:00.000000000,65.45,327.85069
2022-08-23T14:00:00.000000000,66.37,317.82376
2022-08-23T15:00:00.000000000,66.2,305.4955
2022-08-23T16:00:00.000000000,65.57,308.56865
2022-08-23T17:00:00.000000000,71.15,306.60243
2022-08-23T18:00:00.000000000,79.99,305.49602
2022-08-23T19:00:00.000000000,81.27,301.28054
2022-08-23T20:00:00.000000000,84.07,286.87207
2022-08-23T21:00:00.000000000,82.24,282.35832
2022-08-23T22:00:00.000000000,82.23,285.21382
2022-08-23T23:00:00.000000000,83.82,286.01645
2022-08-24T00:00:00.000000000,84.24,390.40659
2022-08-24T01:00:00.000000000,83.34,391.9204
2022-08-24T02:00:00.000000000,90.88,407.37022
2022-08-24T03:00:00.000000000,143.68,409.75657
2022-08-24T04:00:00.000000000,117.24,414.92878
2022-08-24T05:00:00.000000000,149.57,417.52529
2022-08-24T06:00:00.000000000,140.46,421.20941
2022-08-24T07:00:00.000000000,183.95,430.87326
2022-08-24T08:00:00.000000000,145.41,433.00331
2022-08-24T09:00:00.000000000,161.04,432.52649
2022-08-24T10:00:00.000000000,177.96,440.77142
2022-08-24T11:00:00.000000000,180.0,449.14534
2022-08-24T12:00:00.000000000,174.14,447.08706
2022-08-24T13:00:00.000000000,116.62,452.00443
2022-08-24T14:00:00.000000000,158.98,441.31126
2022-08-24T15:00:00.000000000,120.53,424.91233
2022-08-24T16:00:00.000000000,91.8,418.24913
2022-08-24T17:00:00.000000000,92.29,412.0168
2022-08-24T18:00:00.000000000,84.93,402.11247
2022-08-24T19:00:00.000000000,81.8,396.06501
2022-08-24T20:00:00.000000000,84.34,386.95375
2022-08-24T21:00:00.000000000,81.81,380.85936
2022-08-24T22:00:00.000000000,86.22,385.38839
2022-08-24T23:00:00.000000000,79.51,388.83144
2022-08-25T00:00:00.000000000,83.87,467.06435
2022-08-25T01:00:00.000000000,81.9,473.00227
2022-08-25T02:00:00.000000000,87.9,490.22425
2022-08-25T03:00:00.000000000,124.7,498.79762
2022-08-25T04:00:00.000000000,129.1,509.153
2022-08-25T05:00:00.000000000,137.56,518.9777
2022-08-25T06:00:00.000000000,122.48,528.55265
2022-08-25T07:00:00.000000000,197.06,545.77675
2022-08-25T08:00:00.000000000,197.83,547.96688
2022-08-25T09:00:00.000000000,182.12,555.31975
2022-08-25T10:00:00.000000000,177.04,566.07726
2022-08-25T11:00:00.000000000,184.08,574.64709
2022-08-25T12:00:00.000000000,171.92,570.51458
2022-08-25T13:00:00.000000000,172.35,574.46764
2022-08-25T14:00:00.000000000,168.34,565.74502
2022-08-25T15:00:00.000000000,115.94,546.08699
2022-08-25T16:00:00.000000000,86.83,537.77787
2022-08-25T17:00:00.000000000,83.39,527.89402
2022-08-25T18:00:00.000000000,79.89,510.63351
2022-08-25T19:00:00.000000000,84.58,500.72358
2022-08-25T20:00:00.000000000,86.46,487.29221
2022-08-25T21:00:00.000000000,88.25,474.97314
2022-08-25T22:00:00.000000000,85.13,477.52949
2022-08-25T23:00:00.000000000,82.42,476.72677
2022-08-26T00:00:00.000000000,81.56,551.88578
2022-08-26T01:00:00.000000000,82.21,554.02826
2022-08-26T02:00:00.000000000,95.75,567.21995
2022-08-26T03:00:00.000000000,117.39,575.61105
2022-08-26T04:00:00.000000000,101.1,586.65214
2022-08-26T05:00:00.000000000,130.33,593.56122
2022-08-26T06:00:00.000000000,104.88,594.63456
2022-08-26T07:00:00.000000000,100.25,604.13495
2022-08-26T08:00:00.000000000,96.71,596.43452
2022-08-26T09:00:00.000000000,94.98,597.70747
2022-08-26T10:00:00.000000000,76.58,603.70616
2022-08-26T11:00:00.000000000,72.94,610.16347
2022-08-26T12:00:00.000000000,62.5,601.41398
2022-08-26T13:00:00.000000000,59.55,603.34194
2022-08-26T14:00:00.000000000,57.82,594.69813
2022-08-26T15:00:00.000000000,51.69,572.051
2022-08-26T16:00:00.000000000,52.5,562.03077
2022-08-26T17:00:00.000000000,49.11,546.76908
2022-08-26T18:00:00.000000000,51.54,523.08322
2022-08-26T19:00:00.000000000,52.9,509.84108
2022-08-26T20:00:00.000000000,51.44,490.58543
2022-08-26T21:00:00.000000000,53.5,477.62642
2022-08-26T22:00:00.000000000,52.88,482.64032
2022-08-26T23:00:00.000000000,51.35,483.0078
2022-08-24T00:00:00.000000000,84.24,277.79278
2022-08-24T01:00:00.000000000,83.34,277.37828
2022-08-24T02:00:00.000000000,90.88,287.17808
2022-08-24T03:00:00.000000000,143.68,278.99573
2022-08-24T04:00:00.000000000,117.24,286.76004
2022-08-24T05:00:00.000000000,149.57,289.7718
2022-08-24T06:00:00.000000000,140.46,297.24988
2022-08-24T07:00:00.000000000,183.95,304.16063
2022-08-24T08:00:00.000000000,145.41,304.85508
2022-08-24T09:00:00.000000000,161.04,299.33646
2022-08-24T10:00:00.000000000,177.96,304.10433
2022-08-24T11:00:00.000000000,180.0,311.43991
2022-08-24T12:00:00.000000000,174.14,308.32483
2022-08-24T13:00:00.000000000,116.62,308.11429
2022-08-24T14:00:00.000000000,158.98,296.87566
2022-08-24T15:00:00.000000000,120.53,284.87021
2022-08-24T16:00:00.000000000,91.8,288.899
2022-08-24T17:00:00.000000000,92.29,288.89248
2022-08-24T18:00:00.000000000,84.93,291.46974
2022-08-24T19:00:00.000000000,81.8,290.32851
2022-08-24T20:00:00.000000000,84.34,279.08
2022-08-24T21:00:00.000000000,81.81,277.74045
2022-08-24T22:00:00.000000000,86.22,282.8685
2022-08-24T23:00:00.000000000,79.51,284.73882
2022-08-25T00:00:00.000000000,83.87,388.40496
2022-08-25T01:00:00.000000000,81.9,387.03873
2022-08-25T02:00:00.000000000,87.9,399.85095
2022-08-25T03:00:00.000000000,124.7,400.42036
2022-08-25T04:00:00.000000000,129.1,406.55474
2022-08-25T05:00:00.000000000,137.56,409.89663
2022-08-25T06:00:00.000000000,122.48,415.03791
2022-08-25T07:00:00.000000000,197.06,425.62922
2022-08-25T08:00:00.000000000,197.83,427.93559
2022-08-25T09:00:00.000000000,182.12,426.91471
2022-08-25T10:00:00.000000000,177.04,433.32434
2022-08-25T11:00:00.000000000,184.08,439.98924
2022-08-25T12:00:00.000000000,171.92,435.46809
2022-08-25T13:00:00.000000000,172.35,438.63374
2022-08-25T14:00:00.000000000,168.34,427.80373
2022-08-25T15:00:00.000000000,115.94,413.05288
2022-08-25T16:00:00.000000000,86.83,409.77314
2022-08-25T17:00:00.000000000,83.39,407.52336
2022-08-25T18:00:00.000000000,79.89,401.37261
2022-08-25T19:00:00.000000000,84.58,396.93918
2022-08-25T20:00:00.000000000,86.46,388.09689
2022-08-25T21:00:00.000000000,88.25,380.52436
2022-08-25T22:00:00.000000000,85.13,382.50697
2022-08-25T23:00:00.000000000,82.42,382.97535
2022-08-26T00:00:00.000000000,81.56,467.28529
2022-08-26T01:00:00.000000000,82.21,466.34415
2022-08-26T02:00:00.000000000,95.75,479.58554
2022-08-26T03:00:00.000000000,117.39,482.42885
2022-08-26T04:00:00.000000000,101.1,484.36056
2022-08-26T05:00:00.000000000,130.33,481.71006
2022-08-26T06:00:00.000000000,104.88,478.54756
2022-08-26T07:00:00.000000000,100.25,483.50606
2022-08-26T08:00:00.000000000,96.71,479.84033
2022-08-26T09:00:00.000000000,94.98,473.99785
2022-08-26T10:00:00.000000000,76.58,477.48184
2022-08-26T11:00:00.000000000,72.94,482.04779
2022-08-26T12:00:00.000000000,62.5,473.81365
2022-08-26T13:00:00.000000000,59.55,474.01409
2022-08-26T14:00:00.000000000,57.82,458.20457
2022-08-26T15:00:00.000000000,51.69,437.71739
2022-08-26T16:00:00.000000000,52.5,427.16269
2022-08-26T17:00:00.000000000,49.11,419.84365
2022-08-26T18:00:00.000000000,51.54,410.11937
2022-08-26T19:00:00.000000000,52.9,406.85825
2022-08-26T20:00:00.000000000,51.44,401.86855
2022-08-26T21:00:00.000000000,53.5,399.44159
2022-08-26T22:00:00.000000000,52.88,409.06223
2022-08-26T23:00:00.000000000,51.35,416.79807
2022-08-27T00:00:00.000000000,51.58,504.56967
2022-08-27T01:00:00.000000000,56.91,496.03858
2022-08-27T02:00:00.000000000,54.38,500.22927
2022-08-27T03:00:00.000000000,57.03,494.0079
2022-08-27T04:00:00.000000000,54.76,491.57684
2022-08-27T05:00:00.000000000,53.28,483.71308
2022-08-27T06:00:00.000000000,55.53,476.16565
2022-08-27T07:00:00.000000000,54.07,479.37098
2022-08-27T08:00:00.000000000,53.78,472.2128
2022-08-27T09:00:00.000000000,56.09,463.55295
2022-08-27T10:00:00.000000000,55.03,462.33861
2022-08-27T11:00:00.000000000,53.01,465.7712
2022-08-27T12:00:00.000000000,54.9,453.25876
2022-08-27T13:00:00.000000000,54.95,449.6031
2022-08-27T14:00:00.000000000,56.95,432.94291
2022-08-27T15:00:00.000000000,54.22,414.89025
2022-08-27T16:00:00.000000000,52.21,408.31633
2022-08-27T17:00:00.000000000,52.9,407.05611
2022-08-27T18:00:00.000000000,51.19,403.61823
2022-08-27T19:00:00.000000000,52.55,403.43116
2022-08-27T20:00:00.000000000,50.94,399.80275
2022-08-27T21:00:00.000000000,52.18,396.483
2022-08-27T22:00:00.000000000,54.12,405.03101
2022-08-27T23:00:00.000000000,54.06,411.60141
2022-08-25T00:00:00.000000000,83.87,240.93374
2022-08-25T01:00:00.000000000,81.9,247.2991
2022-08-25T02:00:00.000000000,87.9,267.16629
2022-08-25T03:00:00.000000000,124.7,271.32935
2022-08-25T04:00:00.000000000,129.1,289.17519
2022-08-25T05:00:00.000000000,137.56,303.26706
2022-08-25T06:00:00.000000000,122.48,320.39153
2022-08-25T07:00:00.000000000,197.06,335.38784
2022-08-25T08:00:00.000000000,197.83,343.277
2022-08-25T09:00:00.000000000,182.12,345.39003
2022-08-25T10:00:00.000000000,177.04,356.30932
2022-08-25T11:00:00.000000000,184.08,366.74791
2022-08-25T12:00:00.000000000,171.92,368.64421
2022-08-25T13:00:00.000000000,172.35,375.79012
2022-08-25T14:00:00.000000000,168.34,368.92246
2022-08-25T15:00:00.000000000,115.94,357.73558
2022-08-25T16:00:00.000000000,86.83,362.56173
2022-08-25T17:00:00.000000000,83.39,360.26434
2022-08-25T18:00:00.000000000,79.89,353.83838
2022-08-25T19:00:00.000000000,84.58,343.58822
2022-08-25T20:00:00.000000000,86.46,322.57089
2022-08-25T21:00:00.000000000,88.25,309.1415
2022-08-25T22:00:00.000000000,85.13,303.77783
2022-08-25T23:00:00.000000000,82.42,298.15211
2022-08-26T00:00:00.000000000,81.56,401.41335
2022-08-26T01:00:00.000000000,82.21,403.49595
2022-08-26T02:00:00.000000000,95.75,420.54679
2022-08-26T03:00:00.000000000,117.39,425.04262
2022-08-26T04:00:00.000000000,101.1,432.21257
2022-08-26T05:00:00.000000000,130.33,435.4383
2022-08-26T06:00:00.000000000,104.88,439.35646
2022-08-26T07:00:00.000000000,100.25,449.63652
2022-08-26T08:00:00.000000000,96.71,450.39988
2022-08-26T09:00:00.000000000,94.98,447.9453
2022-08-26T10:00:00.000000000,76.58,453.46116
2022-08-26T11:00:00.000000000,72.94,459.44502
2022-08-26T12:00:00.000000000,62.5,453.55376
2022-08-26T13:00:00.000000000,59.55,456.17472
2022-08-26T14:00:00.000000000,57.82,443.29635
2022-08-26T15:00:00.000000000,51.69,425.30652
2022-08-26T16:00:00.000000000,52.5,417.2062
2022-08-26T17:00:00.000000000,49.11,410.42174
2022-08-26T18:00:00.000000000,51.54,399.62487
2022-08-26T19:00:00.000000000,52.9,392.73284
2022-08-26T20:00:00.000000000,51.44,381.81076
2022-08-26T21:00:00.000000000,53.5,373.79803
2022-08-26T22:00:00.000000000,52.88,377.47149
2022-08-26T23:00:00.000000000,51.35,380.96083
2022-08-27T00:00:00.000000000,51.58,460.12778
2022-08-27T01:00:00.000000000,56.91,456.24366
2022-08-27T02:00:00.000000000,54.38,465.71713
2022-08-27T03:00:00.000000000,57.03,462.87957
2022-08-27T04:00:00.000000000,54.76,463.78526
2022-08-27T05:00:00.000000000,53.28,459.45677
2022-08-27T06:00:00.000000000,55.53,455.95495
2022-08-27T07:00:00.000000000,54.07,461.53619
2022-08-27T08:00:00.000000000,53.78,456.33925
2022-08-27T09:00:00.000000000,56.09,448.20931
2022-08-27T10:00:00.000000000,55.03,447.52127
2022-08-27T11:00:00.000000000,53.01,450.68262
2022-08-27T12:00:00.000000000,54.9,439.09905
2022-08-27T13:00:00.000000000,54.95,436.27145
2022-08-27T14:00:00.000000000,56.95,420.26781
2022-08-27T15:00:00.000000000,54.22,401.64657
2022-08-27T16:00:00.000000000,52.21,393.77468
2022-08-27T17:00:00.000000000,52.9,390.06927
2022-08-27T18:00:00.000000000,51.19,384.39854
2022-08-27T19:00:00.000000000,52.55,382.78726
2022-08-27T20:00:00.000000000,50.94,377.43668
2022-08-27T21:00:00.000000000,52.18,374.21688
2022-08-27T22:00:00.000000000,54.12,382.61968
2022-08-27T23:00:00.000000000,54.06,389.89505
2022-08-28T00:00:00.000000000,56.39,448.29589
2022-08-28T01:00:00.000000000,59.29,447.40449
2022-08-28T02:00:00.000000000,58.89,457.57809
2022-08-28T03:00:00.000000000,63.95,457.68822
2022-08-28T04:00:00.000000000,68.62,462.10318
2022-08-28T05:00:00.000000000,69.12,466.42163
2022-08-28T06:00:00.000000000,71.97,473.1945
2022-08-28T07:00:00.000000000,64.63,487.87129
2022-08-28T08:00:00.000000000,72.52,491.45413
2022-08-28T09:00:00.000000000,77.73,496.38593
2022-08-28T10:00:00.000000000,79.85,505.84075
2022-08-28T11:00:00.000000000,85.92,514.8512
2022-08-28T12:00:00.000000000,90.88,513.35065
2022-08-28T13:00:00.000000000,97.65,519.31514
2022-08-28T14:00:00.000000000,90.51,511.6707
2022-08-28T15:00:00.000000000,85.96,496.92673
2022-08-28T16:00:00.000000000,79.22,493.66933
2022-08-28T17:00:00.000000000,82.53,490.55719
2022-08-28T18:00:00.000000000,87.75,480.47156
2022-08-28T19:00:00.000000000,94.3,473.22725
2022-08-28T20:00:00.000000000,98.41,462.68871
2022-08-28T21:00:00.000000000,99.8,452.00085
2022-08-28T22:00:00.000000000,98.48,452.02864
2022-08-28T23:00:00.000000000,103.92,450.36909
2022-08-26T00:00:00.000000000,81.56,260.50279
2022-08-26T01:00:00.000000000,82.21,264.76626
2022-08-26T02:00:00.000000000,95.75,280.36163
2022-08-26T03:00:00.000000000,117.39,277.99606
2022-08-26T04:00:00.000000000,101.1,289.41247
2022-08-26T05:00:00.000000000,130.33,296.12459
2022-08-26T06:00:00.000000000,104.88,305.84014
2022-08-26T07:00:00.000000000,100.25,314.18419
2022-08-26T08:00:00.000000000,96.71,315.54907
2022-08-26T09:00:00.000000000,94.98,310.98961
2022-08-26T10:00:00.000000000,76.58,317.42042
2022-08-26T11:00:00.000000000,72.94,326.44216
2022-08-26T12:00:00.000000000,62.5,326.27879
2022-08-26T13:00:00.000000000,59.55,329.73958
2022-08-26T14:00:00.000000000,57.82,320.47121
2022-08-26T15:00:00.000000000,51.69,307.91135
2022-08-26T16:00:00.000000000,52.5,310.36784
2022-08-26T17:00:00.000000000,49.11,306.96145
2022-08-26T18:00:00.000000000,51.54,304.14045
2022-08-26T19:00:00.000000000,52.9,298.70767
2022-08-26T20:00:00.000000000,51.44,283.17612
2022-08-26T21:00:00.000000000,53.5,278.54527
2022-08-26T22:00:00.000000000,52.88,281.49756
2022-08-26T23:00:00.000000000,51.35,283.03837
2022-08-27T00:00:00.000000000,51.58,374.85215
2022-08-27T01:00:00.000000000,56.91,374.11706
2022-08-27T02:00:00.000000000,54.38,382.64807
2022-08-27T03:00:00.000000000,57.03,372.44408
2022-08-27T04:00:00.000000000,54.76,372.32847
2022-08-27T05:00:00.000000000,53.28,366.42986
2022-08-27T06:00:00.000000000,55.53,362.63258
2022-08-27T07:00:00.000000000,54.07,363.56257
2022-08-27T08:00:00.000000000,53.78,355.3836
2022-08-27T09:00:00.000000000,56.09,340.7108
2022-08-27T10:00:00.000000000,55.03,334.71004
2022-08-27T11:00:00.000000000,53.01,337.68181
2022-08-27T12:00:00.000000000,54.9,326.57075
2022-08-27T13:00:00.000000000,54.95,321.32779
2022-08-27T14:00:00.000000000,56.95,306.83245
2022-08-27T15:00:00.000000000,54.22,292.65364
2022-08-27T16:00:00.000000000,52.21,293.76468
2022-08-27T17:00:00.000000000,52.9,295.44688
2022-08-27T18:00:00.000000000,51.19,297.20556
2022-08-27T19:00:00.000000000,52.55,299.09461
2022-08-27T20:00:00.000000000,50.94,292.9306
2022-08-27T21:00:00.000000000,52.18,293.94533
2022-08-27T22:00:00.000000000,54.12,304.33936
2022-08-27T23:00:00.000000000,54.06,315.21361
2022-08-28T00:00:00.000000000,56.39,362.63483
2022-08-28T01:00:00.000000000,59.29,372.54539
2022-08-28T02:00:00.000000000,58.89,397.40939
2022-08-28T03:00:00.000000000,63.95,410.17665
2022-08-28T04:00:00.000000000,68.62,423.72785
2022-08-28T05:00:00.000000000,69.12,434.72027
2022-08-28T06:00:00.000000000,71.97,445.82942
2022-08-28T07:00:00.000000000,64.63,460.88484
2022-08-28T08:00:00.000000000,72.52,465.59988
2022-08-28T09:00:00.000000000,77.73,468.51704
2022-08-28T10:00:00.000000000,79.85,478.94531
2022-08-28T11:00:00.000000000,85.92,487.47882
2022-08-28T12:00:00.000000000,90.88,487.26872
2022-08-28T13:00:00.000000000,97.65,495.87642
2022-08-28T14:00:00.000000000,90.51,486.87047
2022-08-28T15:00:00.000000000,85.96,469.40694
2022-08-28T16:00:00.000000000,79.22,460.97056
2022-08-28T17:00:00.000000000,82.53,451.42598
2022-08-28T18:00:00.000000000,87.75,434.77107
2022-08-28T19:00:00.000000000,94.3,422.83467
2022-08-28T20:00:00.000000000,98.41,407.52732
2022-08-28T21:00:00.000000000,99.8,394.95355
2022-08-28T22:00:00.000000000,98.48,394.93518
2022-08-28T23:00:00.000000000,103.92,395.58094
2022-08-29T00:00:00.000000000,106.8,478.56714
2022-08-29T01:00:00.000000000,94.67,485.71052
2022-08-29T02:00:00.000000000,112.95,504.03796
2022-08-29T03:00:00.000000000,144.67,512.94819
2022-08-29T04:00:00.000000000,156.72,523.94296
2022-08-29T05:00:00.000000000,112.61,535.87161
2022-08-29T06:00:00.000000000,119.24,549.25066
2022-08-29T07:00:00.000000000,190.62,569.6578
2022-08-29T08:00:00.000000000,194.69,574.87544
2022-08-29T09:00:00.000000000,174.48,585.03212
2022-08-29T10:00:00.000000000,171.85,595.8831
2022-08-29T11:00:00.000000000,172.72,603.96375
2022-08-29T12:00:00.000000000,208.36,598.9266
2022-08-29T13:00:00.000000000,147.89,601.79186
2022-08-29T14:00:00.000000000,162.91,592.7862
2022-08-29T15:00:00.000000000,134.98,572.42018
2022-08-29T16:00:00.000000000,103.27,563.74746
2022-08-29T17:00:00.000000000,97.81,553.53687
2022-08-29T18:00:00.000000000,91.36,537.04426
2022-08-29T19:00:00.000000000,88.01,528.1586
2022-08-29T20:00:00.000000000,86.26,516.09524
2022-08-29T21:00:00.000000000,83.77,503.65091
2022-08-29T22:00:00.000000000,80.34,504.56076
2022-08-29T23:00:00.000000000,70.88,501.13725
2022-08-27T00:00:00.000000000,51.58,209.25347
2022-08-27T01:00:00.000000000,56.91,203.29997
2022-08-27T02:00:00.000000000,54.38,208.29236
2022-08-27T03:00:00.000000000,57.03,193.37988
2022-08-27T04:00:00.000000000,54.76,201.20902
2022-08-27T05:00:00.000000000,53.28,203.56104
2022-08-27T06:00:00.000000000,55.53,213.85262
2022-08-27T07:00:00.000000000,54.07,218.89904
2022-08-27T08:00:00.000000000,53.78,221.0109
2022-08-27T09:00:00.000000000,56.09,215.05615
2022-08-27T10:00:00.000000000,55.03,222.29256
2022-08-27T11:00:00.000000000,53.01,232.87664
2022-08-27T12:00:00.000000000,54.9,237.59721
2022-08-27T13:00:00.000000000,54.95,241.07483
2022-08-27T14:00:00.000000000,56.95,236.30138
2022-08-27T15:00:00.000000000,54.22,229.0435
2022-08-27T16:00:00.000000000,52.21,237.89023
2022-08-27T17:00:00.000000000,52.9,238.87687
2022-08-27T18:00:00.000000000,51.19,252.30768
2022-08-27T19:00:00.000000000,52.55,260.55492
2022-08-27T20:00:00.000000000,50.94,256.81459
2022-08-27T21:00:00.000000000,52.18,265.20244
2022-08-27T22:00:00.000000000,54.12,271.33324
2022-08-27T23:00:00.000000000,54.06,270.62144
2022-08-28T00:00:00.000000000,56.39,335.51359
2022-08-28T01:00:00.000000000,59.29,345.39628
2022-08-28T02:00:00.000000000,58.89,369.82075
2022-08-28T03:00:00.000000000,63.95,382.38525
2022-08-28T04:00:00.000000000,68.62,398.92693
2022-08-28T05:00:00.000000000,69.12,412.81923
2022-08-28T06:00:00.000000000,71.97,428.01975
2022-08-28T07:00:00.000000000,64.63,445.81309
2022-08-28T08:00:00.000000000,72.52,452.81619
2022-08-28T09:00:00.000000000,77.73,457.36773
2022-08-28T10:00:00.000000000,79.85,468.25624
2022-08-28T11:00:00.000000000,85.92,476.75422
2022-08-28T12:00:00.000000000,90.88,476.42003
2022-08-28T13:00:00.000000000,97.65,485.1157
2022-08-28T14:00:00.000000000,90.51,476.5602
2022-08-28T15:00:00.000000000,85.96,460.65937
2022-08-28T16:00:00.000000000,79.22,455.50305
2022-08-28T17:00:00.000000000,82.53,448.9821
2022-08-28T18:00:00.000000000,87.75,434.36973
2022-08-28T19:00:00.000000000,94.3,421.96451
2022-08-28T20:00:00.000000000,98.41,404.81322
2022-08-28T21:00:00.000000000,99.8,389.18254
2022-08-28T22:00:00.000000000,98.48,385.45945
2022-08-28T23:00:00.000000000,103.92,382.47956
2022-08-29T00:00:00.000000000,106.8,459.9727
2022-08-29T01:00:00.000000000,94.67,468.88789
2022-08-29T02:00:00.000000000,112.95,489.644
2022-08-29T03:00:00.000000000,144.67,500.76353
2022-08-29T04:00:00.000000000,156.72,513.39955
2022-08-29T05:00:00.000000000,112.61,527.02457
2022-08-29T06:00:00.000000000,119.24,542.28068
2022-08-29T07:00:00.000000000,190.62,563.95177
2022-08-29T08:00:00.000000000,194.69,570.18268
2022-08-29T09:00:00.000000000,174.48,580.64928
2022-08-29T10:00:00.000000000,171.85,591.78176
2022-08-29T11:00:00.000000000,172.72,599.66896
2022-08-29T12:00:00.000000000,208.36,595.06981
2022-08-29T13:00:00.000000000,147.89,598.79298
2022-08-29T14:00:00.000000000,162.91,590.44241
2022-08-29T15:00:00.000000000,134.98,570.49459
2022-08-29T16:00:00.000000000,103.27,561.77164
2022-08-29T17:00:00.000000000,97.81,551.71521
2022-08-29T18:00:00.000000000,91.36,535.24372
2022-08-29T19:00:00.000000000,88.01,526.41954
2022-08-29T20:00:00.000000000,86.26,514.39513
2022-08-29T21:00:00.000000000,83.77,500.91786
2022-08-29T22:00:00.000000000,80.34,500.68601
2022-08-29T23:00:00.000000000,70.88,496.77165
2022-08-30T00:00:00.000000000,72.29,551.83347
2022-08-30T01:00:00.000000000,80.75,555.37552
2022-08-30T02:00:00.000000000,84.16,568.27693
2022-08-30T03:00:00.000000000,105.71,573.51935
2022-08-30T04:00:00.000000000,92.74,582.97
2022-08-30T05:00:00.000000000,97.18,591.11612
2022-08-30T06:00:00.000000000,129.76,598.17437
2022-08-30T07:00:00.000000000,148.33,613.57669
2022-08-30T08:00:00.000000000,170.03,611.8023
2022-08-30T09:00:00.000000000,127.02,619.00663
2022-08-30T10:00:00.000000000,109.49,627.07166
2022-08-30T11:00:00.000000000,179.15,633.98462
2022-08-30T12:00:00.000000000,128.82,624.53738
2022-08-30T13:00:00.000000000,117.83,622.94153
2022-08-30T14:00:00.000000000,177.1,611.38131
2022-08-30T15:00:00.000000000,96.12,587.70015
2022-08-30T16:00:00.000000000,88.96,577.26905
2022-08-30T17:00:00.000000000,81.08,564.29608
2022-08-30T18:00:00.000000000,82.47,544.73469
2022-08-30T19:00:00.000000000,82.85,535.1098
2022-08-30T20:00:00.000000000,82.04,520.89625
2022-08-30T21:00:00.000000000,77.09,511.71177
2022-08-30T22:00:00.000000000,67.32,518.66526
2022-08-30T23:00:00.000000000,70.94,518.64576
2022-08-28T00:00:00.000000000,56.39,219.5256
2022-08-28T01:00:00.000000000,59.29,231.67537
2022-08-28T02:00:00.000000000,58.89,257.00393
2022-08-28T03:00:00.000000000,63.95,267.59852
2022-08-28T04:00:00.000000000,68.62,288.67904
2022-08-28T05:00:00.000000000,69.12,306.96141
2022-08-28T06:00:00.000000000,71.97,327.67837
2022-08-28T07:00:00.000000000,64.63,346.1285
2022-08-28T08:00:00.000000000,72.52,358.3529
2022-08-28T09:00:00.000000000,77.73,367.65896
2022-08-28T10:00:00.000000000,79.85,387.1822
2022-08-28T11:00:00.000000000,85.92,402.79439
2022-08-28T12:00:00.000000000,90.88,413.10062
2022-08-28T13:00:00.000000000,97.65,427.8266
2022-08-28T14:00:00.000000000,90.51,424.58385
2022-08-28T15:00:00.000000000,85.96,412.69566
2022-08-28T16:00:00.000000000,79.22,413.87033
2022-08-28T17:00:00.000000000,82.53,406.07786
2022-08-28T18:00:00.000000000,87.75,392.79337
2022-08-28T19:00:00.000000000,94.3,377.42319
2022-08-28T20:00:00.000000000,98.41,353.73289
2022-08-28T21:00:00.000000000,99.8,337.53403
2022-08-28T22:00:00.000000000,98.48,330.7362
2022-08-28T23:00:00.000000000,103.92,323.20988
2022-08-29T00:00:00.000000000,106.8,420.21066
2022-08-29T01:00:00.000000000,94.67,430.85616
2022-08-29T02:00:00.000000000,112.95,454.61731
2022-08-29T03:00:00.000000000,144.67,468.17893
2022-08-29T04:00:00.000000000,156.72,483.03787
2022-08-29T05:00:00.000000000,112.61,499.04446
2022-08-29T06:00:00.000000000,119.24,517.40334
2022-08-29T07:00:00.000000000,190.62,540.90684
2022-08-29T08:00:00.000000000,194.69,549.083
2022-08-29T09:00:00.000000000,174.48,560.00105
2022-08-29T10:00:00.000000000,171.85,571.49091
2022-08-29T11:00:00.000000000,172.72,579.46643
2022-08-29T12:00:00.000000000,208.36,576.23744
2022-08-29T13:00:00.000000000,147.89,582.26238
2022-08-29T14:00:00.000000000,162.91,575.82423
2022-08-29T15:00:00.000000000,134.98,557.87856
2022-08-29T16:00:00.000000000,103.27,550.2257
2022-08-29T17:00:00.000000000,97.81,541.56215
2022-08-29T18:00:00.000000000,91.36,526.10189
2022-08-29T19:00:00.000000000,88.01,517.37394
2022-08-29T20:00:00.000000000,86.26,505.01908
2022-08-29T21:00:00.000000000,83.77,489.11795
2022-08-29T22:00:00.000000000,80.34,485.80116
2022-08-29T23:00:00.000000000,70.88,479.76694
2022-08-30T00:00:00.000000000,72.29,557.32831
2022-08-30T01:00:00.000000000,80.75,562.34196
2022-08-30T02:00:00.000000000,84.16,576.49037
2022-08-30T03:00:00.000000000,105.71,582.47194
2022-08-30T04:00:00.000000000,92.74,592.02502
2022-08-30T05:00:00.000000000,97.18,600.51979
2022-08-30T06:00:00.000000000,129.76,608.05248
2022-08-30T07:00:00.000000000,148.33,624.26638
2022-08-30T08:00:00.000000000,170.03,622.76717
2022-08-30T09:00:00.000000000,127.02,630.48026
2022-08-30T10:00:00.000000000,109.49,638.49247
2022-08-30T11:00:00.000000000,179.15,644.99996
2022-08-30T12:00:00.000000000,128.82,634.86144
2022-08-30T13:00:00.000000000,117.83,632.46633
2022-08-30T14:00:00.000000000,177.1,620.39984
2022-08-30T15:00:00.000000000,96.12,595.93067
2022-08-30T16:00:00.000000000,88.96,584.68906
2022-08-30T17:00:00.000000000,81.08,571.36437
2022-08-30T18:00:00.000000000,82.47,551.09169
2022-08-30T19:00:00.000000000,82.85,541.62479
2022-08-30T20:00:00.000000000,82.04,527.83566
2022-08-30T21:00:00.000000000,77.09,519.30906
2022-08-30T22:00:00.000000000,67.32,527.39729
2022-08-30T23:00:00.000000000,70.94,528.58018
2022-08-31T00:00:00.000000000,68.27,569.87324
2022-08-31T01:00:00.000000000,78.69,571.70931
2022-08-31T02:00:00.000000000,87.64,581.39851
2022-08-31T03:00:00.000000000,103.12,582.38321
2022-08-31T04:00:00.000000000,104.12,590.2663
2022-08-31T05:00:00.000000000,101.81,599.34214
2022-08-31T06:00:00.000000000,86.5,608.94408
2022-08-31T07:00:00.000000000,103.66,626.76663
2022-08-31T08:00:00.000000000,131.67,627.0288
2022-08-31T09:00:00.000000000,141.88,637.67192
2022-08-31T10:00:00.000000000,108.81,646.94421
2022-08-31T11:00:00.000000000,80.27,654.76402
2022-08-31T12:00:00.000000000,116.8,646.19002
2022-08-31T13:00:00.000000000,115.46,644.41714
2022-08-31T14:00:00.000000000,101.01,634.58269
2022-08-31T15:00:00.000000000,45.05,613.24908
2022-08-31T16:00:00.000000000,50.59,606.08915
2022-08-31T17:00:00.000000000,58.91,596.9542
2022-08-31T18:00:00.000000000,57.24,579.42394
2022-08-31T19:00:00.000000000,53.11,570.42153
2022-08-31T20:00:00.000000000,57.89,555.91903
2022-08-31T21:00:00.000000000,60.89,545.23204
2022-08-31T22:00:00.000000000,53.26,550.18155
2022-08-31T23:00:00.000000000,50.51,547.55734
2022-08-29T00:00:00.000000000,106.8,242.36523
2022-08-29T01:00:00.000000000,94.67,263.22536
2022-08-29T02:00:00.000000000,112.95,298.06817
2022-08-29T03:00:00.000000000,144.67,317.01652
2022-08-29T04:00:00.000000000,156.72,340.77694
2022-08-29T05:00:00.000000000,112.61,361.49747
2022-08-29T06:00:00.000000000,119.24,383.1716
2022-08-29T07:00:00.000000000,190.62,403.66122
2022-08-29T08:00:00.000000000,194.69,414.46973
2022-08-29T09:00:00.000000000,174.48,424.63693
2022-08-29T10:00:00.000000000,171.85,443.23464
2022-08-29T11:00:00.000000000,172.72,456.76679
2022-08-29T12:00:00.000000000,208.36,464.01819
2022-08-29T13:00:00.000000000,147.89,477.91312
2022-08-29T14:00:00.000000000,162.91,472.99686
2022-08-29T15:00:00.000000000,134.98,457.42901
2022-08-29T16:00:00.000000000,103.27,451.33701
2022-08-29T17:00:00.000000000,97.81,439.14698
2022-08-29T18:00:00.000000000,91.36,419.40778
2022-08-29T19:00:00.000000000,88.01,402.61672
2022-08-29T20:00:00.000000000,86.26,379.92275
2022-08-29T21:00:00.000000000,83.77,363.10882
2022-08-29T22:00:00.000000000,80.34,360.25555
2022-08-29T23:00:00.000000000,70.88,356.84023
2022-08-30T00:00:00.000000000,72.29,464.13607
2022-08-30T01:00:00.000000000,80.75,474.4837
2022-08-30T02:00:00.000000000,84.16,495.82718
2022-08-30T03:00:00.000000000,105.71,507.48096
2022-08-30T04:00:00.000000000,92.74,519.40678
2022-08-30T05:00:00.000000000,97.18,530.61632
2022-08-30T06:00:00.000000000,129.76,542.33899
2022-08-30T07:00:00.000000000,148.33,561.91401
2022-08-30T08:00:00.000000000,170.03,566.643
2022-08-30T09:00:00.000000000,127.02,576.21012
2022-08-30T10:00:00.000000000,109.49,587.46706
2022-08-30T11:00:00.000000000,179.15,595.28795
2022-08-30T12:00:00.000000000,128.82,589.62249
2022-08-30T13:00:00.000000000,117.83,592.11007
2022-08-30T14:00:00.000000000,177.1,581.7302
2022-08-30T15:00:00.000000000,96.12,559.58171
2022-08-30T16:00:00.000000000,88.96,548.73565
2022-08-30T17:00:00.000000000,81.08,535.90027
2022-08-30T18:00:00.000000000,82.47,516.7924
2022-08-30T19:00:00.000000000,82.85,506.39054
2022-08-30T20:00:00.000000000,82.04,493.06885
2022-08-30T21:00:00.000000000,77.09,480.88423
2022-08-30T22:00:00.000000000,67.32,483.98767
2022-08-30T23:00:00.000000000,70.94,483.51098
2022-08-31T00:00:00.000000000,68.27,548.93351
2022-08-31T01:00:00.000000000,78.69,551.15221
2022-08-31T02:00:00.000000000,87.64,562.38383
2022-08-31T03:00:00.000000000,103.12,565.58282
2022-08-31T04:00:00.000000000,104.12,575.22117
2022-08-31T05:00:00.000000000,101.81,585.52202
2022-08-31T06:00:00.000000000,86.5,595.62185
2022-08-31T07:00:00.000000000,103.66,613.61293
2022-08-31T08:00:00.000000000,131.67,613.66991
2022-08-31T09:00:00.000000000,141.88,624.11734
2022-08-31T10:00:00.000000000,108.81,634.1993
2022-08-31T11:00:00.000000000,80.27,642.22997
2022-08-31T12:00:00.000000000,116.8,635.14527
2022-08-31T13:00:00.000000000,115.46,635.86788
2022-08-31T14:00:00.000000000,101.01,628.49944
2022-08-31T15:00:00.000000000,45.05,608.64067
2022-08-31T16:00:00.000000000,50.59,601.48121
2022-08-31T17:00:00.000000000,58.91,591.60477
2022-08-31T18:00:00.000000000,57.24,573.08398
2022-08-31T19:00:00.000000000,53.11,563.01101
2022-08-31T20:00:00.000000000,57.89,546.93732
2022-08-31T21:00:00.000000000,60.89,533.69268
2022-08-31T22:00:00.000000000,53.26,536.65004
2022-08-31T23:00:00.000000000,50.51,532.85385
2022-09-01T00:00:00.000000000,51.43,594.18062
2022-09-01T01:00:00.000000000,49.71,592.74797
2022-09-01T02:00:00.000000000,47.85,597.51561
2022-09-01T03:00:00.000000000,50.14,592.90817
2022-09-01T04:00:00.000000000,40.47,597.61425
2022-09-01T05:00:00.000000000,39.83,605.30593
2022-09-01T06:00:00.000000000,38.33,615.67501
2022-09-01T07:00:00.000000000,39.88,634.54753
2022-09-01T08:00:00.000000000,42.27,635.21766
2022-09-01T09:00:00.000000000,41.78,646.51093
2022-09-01T10:00:00.000000000,43.01,654.82609
2022-09-01T11:00:00.000000000,45.42,664.14565
2022-09-01T12:00:00.000000000,52.11,657.58909
2022-09-01T13:00:00.000000000,52.06,656.55677
2022-09-01T14:00:00.000000000,48.17,647.39558
2022-09-01T15:00:00.000000000,47.57,628.13638
2022-09-01T16:00:00.000000000,48.74,623.64582
2022-09-01T17:00:00.000000000,47.29,618.39428
2022-09-01T18:00:00.000000000,49.72,604.80241
2022-09-01T19:00:00.000000000,51.55,597.7058
2022-09-01T20:00:00.000000000,57.21,585.46574
2022-09-01T21:00:00.000000000,60.64,575.76517
2022-09-01T22:00:00.000000000,64.17,579.29248
2022-09-01T23:00:00.000000000,60.42,574.48951
2022-08-30T00:00:00.000000000,72.29,256.59918
2022-08-30T01:00:00.000000000,80.75,261.63514
2022-08-30T02:00:00.000000000,84.16,281.39703
2022-08-30T03:00:00.000000000,105.71,285.57323
2022-08-30T04:00:00.000000000,92.74,300.29496
2022-08-30T05:00:00.000000000,97.18,313.90207
2022-08-30T06:00:00.000000000,129.76,330.60836
2022-08-30T07:00:00.000000000,148.33,345.89748
2022-08-30T08:00:00.000000000,170.03,355.42432
2022-08-30T09:00:00.000000000,127.02,360.33469
2022-08-30T10:00:00.000000000,109.49,374.04573
2022-08-30T11:00:00.000000000,179.15,387.60564
2022-08-30T12:00:00.000000000,128.82,394.47736
2022-08-30T13:00:00.000000000,117.83,405.89394
2022-08-30T14:00:00.000000000,177.1,402.9175
2022-08-30T15:00:00.000000000,96.12,393.01084
2022-08-30T16:00:00.000000000,88.96,396.63638
2022-08-30T17:00:00.000000000,81.08,393.37963
2022-08-30T18:00:00.000000000,82.47,385.66506
2022-08-30T19:00:00.000000000,82.85,376.86182
2022-08-30T20:00:00.000000000,82.04,360.48444
2022-08-30T21:00:00.000000000,77.09,350.16861
2022-08-30T22:00:00.000000000,67.32,346.24894
2022-08-30T23:00:00.000000000,70.94,341.52803
2022-08-31T00:00:00.000000000,68.27,441.87659
2022-08-31T01:00:00.000000000,78.69,452.12823
2022-08-31T02:00:00.000000000,87.64,474.73229
2022-08-31T03:00:00.000000000,103.12,488.38447
2022-08-31T04:00:00.000000000,104.12,501.68113
2022-08-31T05:00:00.000000000,101.81,513.70796
2022-08-31T06:00:00.000000000,86.5,524.4683
2022-08-31T07:00:00.000000000,103.66,542.27168
2022-08-31T08:00:00.000000000,131.67,544.80917
2022-08-31T09:00:00.000000000,141.88,551.2079
2022-08-31T10:00:00.000000000,108.81,561.6126
2022-08-31T11:00:00.000000000,80.27,569.92347
2022-08-31T12:00:00.000000000,116.8,566.14515
2022-08-31T13:00:00.000000000,115.46,571.61775
2022-08-31T14:00:00.000000000,101.01,562.87697
2022-08-31T15:00:00.000000000,45.05,542.29601
2022-08-31T16:00:00.000000000,50.59,532.3268
2022-08-31T17:00:00.000000000,58.91,520.09866
2022-08-31T18:00:00.000000000,57.24,499.77291
2022-08-31T19:00:00.000000000,53.11,487.31654
2022-08-31T20:00:00.000000000,57.89,471.41233
2022-08-31T21:00:00.000000000,60.89,456.83469
2022-08-31T22:00:00.000000000,53.26,457.91149
2022-08-31T23:00:00.000000000,50.51,457.60954
2022-09-01T00:00:00.000000000,51.43,558.33509
2022-09-01T01:00:00.000000000,49.71,561.16599
2022-09-01T02:00:00.000000000,47.85,570.14603
2022-09-01T03:00:00.000000000,50.14,569.57578
2022-09-01T04:00:00.000000000,40.47,575.25049
2022-09-01T05:00:00.000000000,39.83,581.72333
2022-09-01T06:00:00.000000000,38.33,590.84371
2022-09-01T07:00:00.000000000,39.88,609.03905
2022-09-01T08:00:00.000000000,42.27,608.3503
2022-09-01T09:00:00.000000000,41.78,617.26083
2022-09-01T10:00:00.000000000,43.01,624.17137
2022-09-01T11:00:00.000000000,45.42,633.1432
2022-09-01T12:00:00.000000000,52.11,627.01205
2022-09-01T13:00:00.000000000,52.06,626.38099
2022-09-01T14:00:00.000000000,48.17,617.06688
2022-09-01T15:00:00.000000000,47.57,597.57938
2022-09-01T16:00:00.000000000,48.74,591.30711
2022-09-01T17:00:00.000000000,47.29,585.11835
2022-09-01T18:00:00.000000000,49.72,571.81373
2022-09-01T19:00:00.000000000,51.55,565.85874
2022-09-01T20:00:00.000000000,57.21,556.32936
2022-09-01T21:00:00.000000000,60.64,550.1506
2022-09-01T22:00:00.000000000,64.17,557.96012
2022-09-01T23:00:00.000000000,60.42,558.17864
2022-09-02T00:00:00.000000000,63.31,572.96701
2022-09-02T01:00:00.000000000,65.93,572.82318
2022-09-02T02:00:00.000000000,66.86,580.2559
2022-09-02T03:00:00.000000000,73.59,579.98994
2022-09-02T04:00:00.000000000,100.92,586.46694
2022-09-02T05:00:00.000000000,84.38,593.32537
2022-09-02T06:00:00.000000000,55.14,598.75407
2022-09-02T07:00:00.000000000,59.0,613.26103
2022-09-02T08:00:00.000000000,86.71,611.08535
2022-09-02T09:00:00.000000000,85.91,621.02078
2022-09-02T10:00:00.000000000,97.22,631.473
2022-09-02T11:00:00.000000000,89.27,639.76529
2022-09-02T12:00:00.000000000,103.36,633.22097
2022-09-02T13:00:00.000000000,138.33,634.38341
2022-09-02T14:00:00.000000000,137.26,628.52451
2022-09-02T15:00:00.000000000,105.9,610.10777
2022-09-02T16:00:00.000000000,85.31,604.45864
2022-09-02T17:00:00.000000000,91.49,595.55287
2022-09-02T18:00:00.000000000,91.64,577.10085
2022-09-02T19:00:00.000000000,89.59,567.09882
2022-09-02T20:00:00.000000000,85.13,551.16383
2022-09-02T21:00:00.000000000,86.85,538.48057
2022-09-02T22:00:00.000000000,80.04,543.02329
2022-09-02T23:00:00.000000000,80.88,540.25125
2022-08-31T00:00:00.000000000,68.27,244.71686
2022-08-31T01:00:00.000000000,78.69,248.0614
2022-08-31T02:00:00.000000000,87.64,265.92548
2022-08-31T03:00:00.000000000,103.12,268.85634
2022-08-31T04:00:00.000000000,104.12,284.53459
2022-08-31T05:00:00.000000000,101.81,298.94276
2022-08-31T06:00:00.000000000,86.5,316.93036
2022-08-31T07:00:00.000000000,103.66,332.80241
2022-08-31T08:00:00.000000000,131.67,343.45895
2022-08-31T09:00:00.000000000,141.88,349.21467
2022-08-31T10:00:00.000000000,108.81,363.51646
2022-08-31T11:00:00.000000000,80.27,377.13513
2022-08-31T12:00:00.000000000,116.8,384.1159
2022-08-31T13:00:00.000000000,115.46,395.43657
2022-08-31T14:00:00.000000000,101.01,392.98598
2022-08-31T15:00:00.000000000,45.05,384.56195
2022-08-31T16:00:00.000000000,50.59,391.24267
2022-08-31T17:00:00.000000000,58.91,390.60288
2022-08-31T18:00:00.000000000,57.24,385.58346
2022-08-31T19:00:00.000000000,53.11,377.57825
2022-08-31T20:00:00.000000000,57.89,361.12429
2022-08-31T21:00:00.000000000,60.89,349.90815
2022-08-31T22:00:00.000000000,53.26,344.00974
2022-08-31T23:00:00.000000000,50.51,336.55782
2022-09-01T00:00:00.000000000,51.43,446.17552
2022-09-01T01:00:00.000000000,49.71,443.66362
2022-09-01T02:00:00.000000000,47.85,453.02271
2022-09-01T03:00:00.000000000,50.14,451.96228
2022-09-01T04:00:00.000000000,40.47,456.26611
2022-09-01T05:00:00.000000000,39.83,462.1081
2022-09-01T06:00:00.000000000,38.33,472.30948
2022-09-01T07:00:00.000000000,39.88,490.46351
2022-09-01T08:00:00.000000000,42.27,497.47302
2022-09-01T09:00:00.000000000,41.78,507.34942
2022-09-01T10:00:00.000000000,43.01,519.92563
2022-09-01T11:00:00.000000000,45.42,530.18349
2022-09-01T12:00:00.000000000,52.11,530.89611
2022-09-01T13:00:00.000000000,52.06,538.3242
2022-09-01T14:00:00.000000000,48.17,533.77066
2022-09-01T15:00:00.000000000,47.57,521.27876
2022-09-01T16:00:00.000000000,48.74,518.6174
2022-09-01T17:00:00.000000000,47.29,516.92482
2022-09-01T18:00:00.000000000,49.72,509.8028
2022-09-01T19:00:00.000000000,51.55,505.35585
2022-09-01T20:00:00.000000000,57.21,497.67454
2022-09-01T21:00:00.000000000,60.64,487.94348
2022-09-01T22:00:00.000000000,64.17,487.1006
2022-09-01T23:00:00.000000000,60.42,481.51512
2022-09-02T00:00:00.000000000,63.31,566.35509
2022-09-02T01:00:00.000000000,65.93,566.22213
2022-09-02T02:00:00.000000000,66.86,574.7204
2022-09-02T03:00:00.000000000,73.59,576.23386
2022-09-02T04:00:00.000000000,100.92,583.51641
2022-09-02T05:00:00.000000000,84.38,590.63843
2022-09-02T06:00:00.000000000,55.14,595.91209
2022-09-02T07:00:00.000000000,59.0,610.49116
2022-09-02T08:00:00.000000000,86.71,607.76694
2022-09-02T09:00:00.000000000,85.91,616.37684
2022-09-02T10:00:00.000000000,97.22,626.25928
2022-09-02T11:00:00.000000000,89.27,634.59847
2022-09-02T12:00:00.000000000,103.36,627.97676
2022-09-02T13:00:00.000000000,138.33,629.46219
2022-09-02T14:00:00.000000000,137.26,622.92237
2022-09-02T15:00:00.000000000,105.9,603.76614
2022-09-02T16:00:00.000000000,85.31,596.8993
2022-09-02T17:00:00.000000000,91.49,587.20447
2022-09-02T18:00:00.000000000,91.64,568.18341
2022-09-02T19:00:00.000000000,89.59,557.71969
2022-09-02T20:00:00.000000000,85.13,541.71173
2022-09-02T21:00:00.000000000,86.85,528.89072
2022-09-02T22:00:00.000000000,80.04,533.23278
2022-09-02T23:00:00.000000000,80.88,531.01349
2022-09-03T00:00:00.000000000,80.56,569.00941
2022-09-03T01:00:00.000000000,85.63,570.57357
2022-09-03T02:00:00.000000000,92.76,577.8984
2022-09-03T03:00:00.000000000,85.46,576.03663
2022-09-03T04:00:00.000000000,79.72,580.0173
2022-09-03T05:00:00.000000000,76.51,583.65179
2022-09-03T06:00:00.000000000,65.17,588.33559
2022-09-03T07:00:00.000000000,54.19,602.86242
2022-09-03T08:00:00.000000000,53.82,599.13746
2022-09-03T09:00:00.000000000,55.67,605.88201
2022-09-03T10:00:00.000000000,68.18,612.25459
2022-09-03T11:00:00.000000000,61.34,620.63202
2022-09-03T12:00:00.000000000,58.04,613.47122
2022-09-03T13:00:00.000000000,52.94,611.96401
2022-09-03T14:00:00.000000000,48.91,602.43467
2022-09-03T15:00:00.000000000,49.73,583.05351
2022-09-03T16:00:00.000000000,50.04,576.96247
2022-09-03T17:00:00.000000000,47.38,571.00402
2022-09-03T18:00:00.000000000,54.73,557.99873
2022-09-03T19:00:00.000000000,52.81,552.73003
2022-09-03T20:00:00.000000000,46.15,544.00945
2022-09-03T21:00:00.000000000,46.41,539.29179
2022-09-03T22:00:00.000000000,45.87,549.84498
2022-09-03T23:00:00.000000000,48.24,552.59819
2022-09-01T00:00:00.000000000,51.43,243.92289
2022-09-01T01:00:00.000000000,49.71,243.716
2022-09-01T02:00:00.000000000,47.85,257.54149
2022-09-01T03:00:00.000000000,50.14,255.80729
2022-09-01T04:00:00.000000000,40.47,268.54018
2022-09-01T05:00:00.000000000,39.83,279.89251
2022-09-01T06:00:00.000000000,38.33,295.34703
2022-09-01T07:00:00.000000000,39.88,308.43536
2022-09-01T08:00:00.000000000,42.27,317.53905
2022-09-01T09:00:00.000000000,41.78,321.44529
2022-09-01T10:00:00.000000000,43.01,334.72891
2022-09-01T11:00:00.000000000,45.42,348.62166
2022-09-01T12:00:00.000000000,52.11,356.57374
2022-09-01T13:00:00.000000000,52.06,367.58401
2022-09-01T14:00:00.000000000,48.17,366.25156
2022-09-01T15:00:00.000000000,47.57,359.6983
2022-09-01T16:00:00.000000000,48.74,368.75353
2022-09-01T17:00:00.000000000,47.29,370.3302
2022-09-01T18:00:00.000000000,49.72,370.10918
2022-09-01T19:00:00.000000000,51.55,366.05345
2022-09-01T20:00:00.000000000,57.21,353.55403
2022-09-01T21:00:00.000000000,60.64,346.99192
2022-09-01T22:00:00.000000000,64.17,343.23393
2022-09-01T23:00:00.000000000,60.42,336.58131
2022-09-02T00:00:00.000000000,63.31,435.58432
2022-09-02T01:00:00.000000000,65.93,445.79989
2022-09-02T02:00:00.000000000,66.86,468.2769
2022-09-02T03:00:00.000000000,73.59,481.2225
2022-09-02T04:00:00.000000000,100.92,494.54782
2022-09-02T05:00:00.000000000,84.38,507.67482
2022-09-02T06:00:00.000000000,55.14,520.93036
2022-09-02T07:00:00.000000000,59.0,541.06854
2022-09-02T08:00:00.000000000,86.71,546.11606
2022-09-02T09:00:00.000000000,85.91,555.03629
2022-09-02T10:00:00.000000000,97.22,566.80837
2022-09-02T11:00:00.000000000,89.27,575.68282
2022-09-02T12:00:00.000000000,103.36,572.76757
2022-09-02T13:00:00.000000000,138.33,578.61414
2022-09-02T14:00:00.000000000,137.26,570.55624
2022-09-02T15:00:00.000000000,105.9,550.86755
2022-09-02T16:00:00.000000000,85.31,541.65937
2022-09-02T17:00:00.000000000,91.49,530.46462
2022-09-02T18:00:00.000000000,91.64,511.23591
2022-09-02T19:00:00.000000000,89.59,499.1815
2022-09-02T20:00:00.000000000,85.13,483.73903
2022-09-02T21:00:00.000000000,86.85,468.47884
2022-09-02T22:00:00.000000000,80.04,468.14574
2022-09-02T23:00:00.000000000,80.88,466.11743
2022-09-03T00:00:00.000000000,80.56,551.91832
2022-09-03T01:00:00.000000000,85.63,552.93647
2022-09-03T02:00:00.000000000,92.76,566.21909
2022-09-03T03:00:00.000000000,85.46,569.88502
2022-09-03T04:00:00.000000000,79.72,574.66167
2022-09-03T05:00:00.000000000,76.51,571.20229
2022-09-03T06:00:00.000000000,65.17,566.13257
2022-09-03T07:00:00.000000000,54.19,571.68823
2022-09-03T08:00:00.000000000,53.82,564.4562
2022-09-03T09:00:00.000000000,55.67,558.97265
2022-09-03T10:00:00.000000000,68.18,559.32737
2022-09-03T11:00:00.000000000,61.34,563.1633
2022-09-03T12:00:00.000000000,58.04,548.45261
2022-09-03T13:00:00.000000000,52.94,543.92352
2022-09-03T14:00:00.000000000,48.91,524.88621
2022-09-03T15:00:00.000000000,49.73,499.30572
2022-09-03T16:00:00.000000000,50.04,487.56651
2022-09-03T17:00:00.000000000,47.38,477.66112
2022-09-03T18:00:00.000000000,54.73,466.69671
2022-09-03T19:00:00.000000000,52.81,463.43778
2022-09-03T20:00:00.000000000,46.15,457.30479
2022-09-03T21:00:00.000000000,46.41,453.79785
2022-09-03T22:00:00.000000000,45.87,463.99465
2022-09-03T23:00:00.000000000,48.24,469.06329
2022-09-04T00:00:00.000000000,48.2,532.82986
2022-09-04T01:00:00.000000000,45.2,537.89496
2022-09-04T02:00:00.000000000,45.01,552.77135
2022-09-04T03:00:00.000000000,44.62,559.87967
2022-09-04T04:00:00.000000000,47.12,570.86348
2022-09-04T05:00:00.000000000,45.55,580.86646
2022-09-04T06:00:00.000000000,44.85,589.41185
2022-09-04T07:00:00.000000000,45.07,605.84231
2022-09-04T08:00:00.000000000,43.68,605.0206
2022-09-04T09:00:00.000000000,49.35,613.33422
2022-09-04T10:00:00.000000000,49.26,622.62321
2022-09-04T11:00:00.000000000,53.65,629.78172
2022-09-04T12:00:00.000000000,57.27,621.60585
2022-09-04T13:00:00.000000000,64.36,621.49996
2022-09-04T14:00:00.000000000,61.55,611.75265
2022-09-04T15:00:00.000000000,56.62,589.22074
2022-09-04T16:00:00.000000000,54.91,579.29352
2022-09-04T17:00:00.000000000,52.55,566.23371
2022-09-04T18:00:00.000000000,54.77,545.92587
2022-09-04T19:00:00.000000000,55.7,535.80971
2022-09-04T20:00:00.000000000,55.29,520.88271
2022-09-04T21:00:00.000000000,56.29,510.06672
2022-09-04T22:00:00.000000000,50.61,515.87376
2022-09-04T23:00:00.000000000,54.77,515.38033
2022-09-02T00:00:00.000000000,63.31,257.45537
2022-09-02T01:00:00.000000000,65.93,265.30139
2022-09-02T02:00:00.000000000,66.86,286.36103
2022-09-02T03:00:00.000000000,73.59,290.96523
2022-09-02T04:00:00.000000000,100.92,304.58617
2022-09-02T05:00:00.000000000,84.38,317.33464
2022-09-02T06:00:00.000000000,55.14,334.08536
2022-09-02T07:00:00.000000000,59.0,349.95932
2022-09-02T08:00:00.000000000,86.71,360.073
2022-09-02T09:00:00.000000000,85.91,366.34124
2022-09-02T10:00:00.000000000,97.22,382.07068
2022-09-02T11:00:00.000000000,89.27,396.97717
2022-09-02T12:00:00.000000000,103.36,404.82157
2022-09-02T13:00:00.000000000,138.33,416.17384
2022-09-02T14:00:00.000000000,137.26,411.78364
2022-09-02T15:00:00.000000000,105.9,398.72749
2022-09-02T16:00:00.000000000,85.31,397.36457
2022-09-02T17:00:00.000000000,91.49,389.42565
2022-09-02T18:00:00.000000000,91.64,378.56407
2022-09-02T19:00:00.000000000,89.59,369.26421
2022-09-02T20:00:00.000000000,85.13,353.81051
2022-09-02T21:00:00.000000000,86.85,345.3384
2022-09-02T22:00:00.000000000,80.04,344.83749
2022-09-02T23:00:00.000000000,80.88,343.11205
2022-09-03T00:00:00.000000000,80.56,447.35936
2022-09-03T01:00:00.000000000,85.63,451.17889
2022-09-03T02:00:00.000000000,92.76,469.47479
2022-09-03T03:00:00.000000000,85.46,477.05938
2022-09-03T04:00:00.000000000,79.72,483.41472
2022-09-03T05:00:00.000000000,76.51,485.27978
2022-09-03T06:00:00.000000000,65.17,487.0999
2022-09-03T07:00:00.000000000,54.19,497.38459
2022-09-03T08:00:00.000000000,53.82,498.31864
2022-09-03T09:00:00.000000000,55.67,497.17936
2022-09-03T10:00:00.000000000,68.18,502.9677
2022-09-03T11:00:00.000000000,61.34,508.27514
2022-09-03T12:00:00.000000000,58.04,499.96727
2022-09-03T13:00:00.000000000,52.94,500.69088
2022-09-03T14:00:00.000000000,48.91,484.89889
2022-09-03T15:00:00.000000000,49.73,463.37442
2022-09-03T16:00:00.000000000,50.04,452.50837
2022-09-03T17:00:00.000000000,47.38,444.00022
2022-09-03T18:00:00.000000000,54.73,431.36628
2022-09-03T19:00:00.000000000,52.81,425.03902
2022-09-03T20:00:00.000000000,46.15,416.80111
2022-09-03T21:00:00.000000000,46.41,409.86601
2022-09-03T22:00:00.000000000,45.87,415.8253
2022-09-03T23:00:00.000000000,48.24,420.89812
2022-09-04T00:00:00.000000000,48.2,461.21832
2022-09-04T01:00:00.000000000,45.2,468.30631
2022-09-04T02:00:00.000000000,45.01,487.34632
2022-09-04T03:00:00.000000000,44.62,497.80763
2022-09-04T04:00:00.000000000,47.12,509.45641
2022-09-04T05:00:00.000000000,45.55,521.1578
2022-09-04T06:00:00.000000000,44.85,532.84915
2022-09-04T07:00:00.000000000,45.07,551.62874
2022-09-04T08:00:00.000000000,43.68,555.06149
2022-09-04T09:00:00.000000000,49.35,562.67932
2022-09-04T10:00:00.000000000,49.26,573.01341
2022-09-04T11:00:00.000000000,53.65,581.65823
2022-09-04T12:00:00.000000000,57.27,578.0616
2022-09-04T13:00:00.000000000,64.36,583.32289
2022-09-04T14:00:00.000000000,61.55,575.34255
2022-09-04T15:00:00.000000000,56.62,555.90865
2022-09-04T16:00:00.000000000,54.91,547.69859
2022-09-04T17:00:00.000000000,52.55,537.3335
2022-09-04T18:00:00.000000000,54.77,519.13266
2022-09-04T19:00:00.000000000,55.7,507.70848
2022-09-04T20:00:00.000000000,55.29,492.6738
2022-09-04T21:00:00.000000000,56.29,477.7755
2022-09-04T22:00:00.000000000,50.61,477.05397
2022-09-04T23:00:00.000000000,54.77,474.18237
2022-09-05T00:00:00.000000000,56.98,532.47722
2022-09-05T01:00:00.000000000,62.05,537.44572
2022-09-05T02:00:00.000000000,72.05,552.47111
2022-09-05T03:00:00.000000000,90.65,559.1563
2022-09-05T04:00:00.000000000,81.92,569.1747
2022-09-05T05:00:00.000000000,63.14,578.53133
2022-09-05T06:00:00.000000000,66.26,586.95788
2022-09-05T07:00:00.000000000,56.82,603.00612
2022-09-05T08:00:00.000000000,56.95,602.24485
2022-09-05T09:00:00.000000000,63.0,609.51216
2022-09-05T10:00:00.000000000,67.05,618.14373
2022-09-05T11:00:00.000000000,69.69,625.16869
2022-09-05T12:00:00.000000000,65.35,617.62026
2022-09-05T13:00:00.000000000,57.01,618.30497
2022-09-05T14:00:00.000000000,65.09,608.48085
2022-09-05T15:00:00.000000000,62.29,586.18419
2022-09-05T16:00:00.000000000,58.99,576.03709
2022-09-05T17:00:00.000000000,63.34,563.22228
2022-09-05T18:00:00.000000000,63.03,543.82538
2022-09-05T19:00:00.000000000,64.18,533.98914
2022-09-05T20:00:00.000000000,68.78,520.06896
2022-09-05T21:00:00.000000000,71.64,509.80514
2022-09-05T22:00:00.000000000,71.39,514.9907
2022-09-05T23:00:00.000000000,74.21,514.11933
2022-09-03T00:00:00.000000000,80.56,255.6873
2022-09-03T01:00:00.000000000,85.63,266.26205
2022-09-03T02:00:00.000000000,92.76,289.5679
2022-09-03T03:00:00.000000000,85.46,296.64739
2022-09-03T04:00:00.000000000,79.72,314.65386
2022-09-03T05:00:00.000000000,76.51,328.30108
2022-09-03T06:00:00.000000000,65.17,344.2827
2022-09-03T07:00:00.000000000,54.19,358.61582
2022-09-03T08:00:00.000000000,53.82,364.46057
2022-09-03T09:00:00.000000000,55.67,365.15607
2022-09-03T10:00:00.000000000,68.18,374.51042
2022-09-03T11:00:00.000000000,61.34,383.23429
2022-09-03T12:00:00.000000000,58.04,382.59265
2022-09-03T13:00:00.000000000,52.94,387.66385
2022-09-03T14:00:00.000000000,48.91,378.56428
2022-09-03T15:00:00.000000000,49.73,364.3495
2022-09-03T16:00:00.000000000,50.04,364.7771
2022-09-03T17:00:00.000000000,47.38,359.74989
2022-09-03T18:00:00.000000000,54.73,351.41405
2022-09-03T19:00:00.000000000,52.81,342.38885
2022-09-03T20:00:00.000000000,46.15,324.26832
2022-09-03T21:00:00.000000000,46.41,312.9344
2022-09-03T22:00:00.000000000,45.87,311.6447
2022-09-03T23:00:00.000000000,48.24,310.05127
2022-09-04T00:00:00.000000000,48.2,363.33671
2022-09-04T01:00:00.000000000,45.2,378.07305
2022-09-04T02:00:00.000000000,45.01,406.24585
2022-09-04T03:00:00.000000000,44.62,423.06551
2022-09-04T04:00:00.000000000,47.12,441.11707
2022-09-04T05:00:00.000000000,45.55,458.56275
2022-09-04T06:00:00.000000000,44.85,477.3937
2022-09-04T07:00:00.000000000,45.07,500.0522
2022-09-04T08:00:00.000000000,43.68,508.19125
2022-09-04T09:00:00.000000000,49.35,517.12276
2022-09-04T10:00:00.000000000,49.26,529.07458
2022-09-04T11:00:00.000000000,53.65,537.9454
2022-09-04T12:00:00.000000000,57.27,537.68044
2022-09-04T13:00:00.000000000,64.36,547.3881
2022-09-04T14:00:00.000000000,61.55,541.27606
2022-09-04T15:00:00.000000000,56.62,524.1913
2022-09-04T16:00:00.000000000,54.91,516.87792
2022-09-04T17:00:00.000000000,52.55,507.20996
2022-09-04T18:00:00.000000000,54.77,488.27875
2022-09-04T19:00:00.000000000,55.7,474.04508
2022-09-04T20:00:00.000000000,55.29,455.28136
2022-09-04T21:00:00.000000000,56.29,436.2416
2022-09-04T22:00:00.000000000,50.61,430.96119
2022-09-04T23:00:00.000000000,54.77,426.18291
2022-09-05T00:00:00.000000000,56.98,484.28504
2022-09-05T01:00:00.000000000,62.05,492.44887
2022-09-05T02:00:00.000000000,72.05,512.37153
2022-09-05T03:00:00.000000000,90.65,523.78317
2022-09-05T04:00:00.000000000,81.92,536.0738
2022-09-05T05:00:00.000000000,63.14,548.1387
2022-09-05T06:00:00.000000000,66.26,560.03949
2022-09-05T07:00:00.000000000,56.82,578.95396
2022-09-05T08:00:00.000000000,56.95,581.74257
2022-09-05T09:00:00.000000000,63.0,589.07649
2022-09-05T10:00:00.000000000,67.05,598.13592
2022-09-05T11:00:00.000000000,69.69,605.51807
2022-09-05T12:00:00.000000000,65.35,599.37409
2022-09-05T13:00:00.000000000,57.01,602.10839
2022-09-05T14:00:00.000000000,65.09,592.20646
2022-09-05T15:00:00.000000000,62.29,570.25358
2022-09-05T16:00:00.000000000,58.99,560.32561
2022-09-05T17:00:00.000000000,63.34,548.17503
2022-09-05T18:00:00.000000000,63.03,529.15522
2022-09-05T19:00:00.000000000,64.18,518.57491
2022-09-05T20:00:00.000000000,68.78,504.52156
2022-09-05T21:00:00.000000000,71.64,491.51781
2022-09-05T22:00:00.000000000,71.39,492.71554
2022-09-05T23:00:00.000000000,74.21,490.66807
2022-09-06T00:00:00.000000000,77.7,550.36308
2022-09-06T01:00:00.000000000,83.01,551.5101
2022-09-06T02:00:00.000000000,91.17,562.23258
2022-09-06T03:00:00.000000000,111.33,564.63727
2022-09-06T04:00:00.000000000,118.49,574.01969
2022-09-06T05:00:00.000000000,114.92,585.01421
2022-09-06T06:00:00.000000000,124.0,597.33712
2022-09-06T07:00:00.000000000,126.96,617.03589
2022-09-06T08:00:00.000000000,114.0,618.23382
2022-09-06T09:00:00.000000000,113.09,628.19928
2022-09-06T10:00:00.000000000,109.65,636.97072
2022-09-06T11:00:00.000000000,112.47,645.19299
2022-09-06T12:00:00.000000000,128.2,637.81738
2022-09-06T13:00:00.000000000,167.69,637.60153
2022-09-06T14:00:00.000000000,129.62,628.07598
2022-09-06T15:00:00.000000000,97.92,607.10614
2022-09-06T16:00:00.000000000,84.84,599.35839
2022-09-06T17:00:00.000000000,78.27,590.09493
2022-09-06T18:00:00.000000000,78.15,573.37601
2022-09-06T19:00:00.000000000,76.8,564.29338
2022-09-06T20:00:00.000000000,79.83,550.12919
2022-09-06T21:00:00.000000000,84.89,538.69389
2022-09-06T22:00:00.000000000,88.04,541.09387
2022-09-06T23:00:00.000000000,88.13,536.50563
2022-09-04T00:00:00.000000000,48.2,194.4261
2022-09-04T01:00:00.000000000,45.2,201.99451
2022-09-04T02:00:00.000000000,45.01,222.75142
2022-09-04T03:00:00.000000000,44.62,228.89968
2022-09-04T04:00:00.000000000,47.12,250.45136
2022-09-04T05:00:00.000000000,45.55,269.11525
2022-09-04T06:00:00.000000000,44.85,292.02776
2022-09-04T07:00:00.000000000,45.07,311.11162
2022-09-04T08:00:00.000000000,43.68,325.38246
2022-09-04T09:00:00.000000000,49.35,335.17161
2022-09-04T10:00:00.000000000,49.26,354.40792
2022-09-04T11:00:00.000000000,53.65,370.08486
2022-09-04T12:00:00.000000000,57.27,380.13939
2022-09-04T13:00:00.000000000,64.36,393.79625
2022-09-04T14:00:00.000000000,61.55,391.79427
2022-09-04T15:00:00.000000000,56.62,383.04562
2022-09-04T16:00:00.000000000,54.91,390.65062
2022-09-04T17:00:00.000000000,52.55,388.26877
2022-09-04T18:00:00.000000000,54.77,381.53591
2022-09-04T19:00:00.000000000,55.7,369.61754
2022-09-04T20:00:00.000000000,55.29,347.22998
2022-09-04T21:00:00.000000000,56.29,331.50997
2022-09-04T22:00:00.000000000,50.61,321.98559
2022-09-04T23:00:00.000000000,54.77,310.38369
2022-09-05T00:00:00.000000000,56.98,390.71766
2022-09-05T01:00:00.000000000,62.05,403.55533
2022-09-05T02:00:00.000000000,72.05,429.32231
2022-09-05T03:00:00.000000000,90.65,443.98762
2022-09-05T04:00:00.000000000,81.92,459.38084
2022-09-05T05:00:00.000000000,63.14,474.46279
2022-09-05T06:00:00.000000000,66.26,491.17633
2022-09-05T07:00:00.000000000,56.82,513.08769
2022-09-05T08:00:00.000000000,56.95,520.63787
2022-09-05T09:00:00.000000000,63.0,529.35791
2022-09-05T10:00:00.000000000,67.05,540.36934
2022-09-05T11:00:00.000000000,69.69,548.58882
2022-09-05T12:00:00.000000000,65.35,546.53277
2022-09-05T13:00:00.000000000,57.01,554.14635
2022-09-05T14:00:00.000000000,65.09,546.70947
2022-09-05T15:00:00.000000000,62.29,528.83448
2022-09-05T16:00:00.000000000,58.99,521.26951
2022-09-05T17:00:00.000000000,63.34,512.03592
2022-09-05T18:00:00.000000000,63.03,494.02443
2022-09-05T19:00:00.000000000,64.18,481.50242
2022-09-05T20:00:00.000000000,68.78,465.06704
2022-09-05T21:00:00.000000000,71.64,447.93674
2022-09-05T22:00:00.000000000,71.39,444.5748
2022-09-05T23:00:00.000000000,74.21,441.00983
2022-09-06T00:00:00.000000000,77.7,506.09109
2022-09-06T01:00:00.000000000,83.01,510.39783
2022-09-06T02:00:00.000000000,91.17,525.64769
2022-09-06T03:00:00.000000000,111.33,532.57427
2022-09-06T04:00:00.000000000,118.49,544.40525
2022-09-06T05:00:00.000000000,114.92,557.5103
2022-09-06T06:00:00.000000000,124.0,571.98173
2022-09-06T07:00:00.000000000,126.96,592.91925
2022-09-06T08:00:00.000000000,114.0,596.72081
2022-09-06T09:00:00.000000000,113.09,607.45282
2022-09-06T10:00:00.000000000,109.65,617.8983
2022-09-06T11:00:00.000000000,112.47,626.03256
2022-09-06T12:00:00.000000000,128.2,620.2131
2022-09-06T13:00:00.000000000,167.69,622.28789
2022-09-06T14:00:00.000000000,129.62,613.79104
2022-09-06T15:00:00.000000000,97.92,593.53356
2022-09-06T16:00:00.000000000,84.84,585.64327
2022-09-06T17:00:00.000000000,78.27,575.32543
2022-09-06T18:00:00.000000000,78.15,557.76564
2022-09-06T19:00:00.000000000,76.8,547.6082
2022-09-06T20:00:00.000000000,79.83,532.51825
2022-09-06T21:00:00.000000000,84.89,518.55604
2022-09-06T22:00:00.000000000,88.04,518.50093
2022-09-06T23:00:00.000000000,88.13,512.94448
2022-09-07T00:00:00.000000000,87.67,570.21143
2022-09-07T01:00:00.000000000,99.16,568.23352
2022-09-07T02:00:00.000000000,114.8,574.25021
2022-09-07T03:00:00.000000000,146.83,572.72292
2022-09-07T04:00:00.000000000,151.44,580.07025
2022-09-07T05:00:00.000000000,144.56,588.92762
2022-09-07T06:00:00.000000000,160.36,597.57543
2022-09-07T07:00:00.000000000,186.33,614.10161
2022-09-07T08:00:00.000000000,118.43,613.15511
2022-09-07T09:00:00.000000000,115.73,623.97347
2022-09-07T10:00:00.000000000,113.05,634.48022
2022-09-07T11:00:00.000000000,116.09,643.26507
2022-09-07T12:00:00.000000000,139.97,637.6573
2022-09-07T13:00:00.000000000,124.71,639.97173
2022-09-07T14:00:00.000000000,133.48,635.67886
2022-09-07T15:00:00.000000000,105.1,619.03667
2022-09-07T16:00:00.000000000,91.51,615.56317
2022-09-07T17:00:00.000000000,77.38,608.51746
2022-09-07T18:00:00.000000000,67.5,591.35905
2022-09-07T19:00:00.000000000,68.17,580.8266
2022-09-07T20:00:00.000000000,70.31,562.89488
2022-09-07T21:00:00.000000000,68.47,547.16312
2022-09-07T22:00:00.000000000,84.52,547.45987
2022-09-07T23:00:00.000000000,94.87,540.61643
2022-09-05T00:00:00.000000000,56.98,231.19104
2022-09-05T01:00:00.000000000,62.05,243.6065
2022-09-05T02:00:00.000000000,72.05,268.84716
2022-09-05T03:00:00.000000000,90.65,277.54092
2022-09-05T04:00:00.000000000,81.92,295.73392
2022-09-05T05:00:00.000000000,63.14,311.91823
2022-09-05T06:00:00.000000000,66.26,332.22423
2022-09-05T07:00:00.000000000,56.82,350.24498
2022-09-05T08:00:00.000000000,56.95,362.00792
2022-09-05T09:00:00.000000000,63.0,370.27601
2022-09-05T10:00:00.000000000,67.05,387.89078
2022-09-05T11:00:00.000000000,69.69,402.25389
2022-09-05T12:00:00.000000000,65.35,409.9916
2022-09-05T13:00:00.000000000,57.01,421.16186
2022-09-05T14:00:00.000000000,65.09,415.76099
2022-09-05T15:00:00.000000000,62.29,401.37378
2022-09-05T16:00:00.000000000,58.99,398.90909
2022-09-05T17:00:00.000000000,63.34,389.37502
2022-09-05T18:00:00.000000000,63.03,377.33367
2022-09-05T19:00:00.000000000,64.18,366.92691
2022-09-05T20:00:00.000000000,68.78,349.97746
2022-09-05T21:00:00.000000000,71.64,340.43284
2022-09-05T22:00:00.000000000,71.39,339.81103
2022-09-05T23:00:00.000000000,74.21,337.26565
2022-09-06T00:00:00.000000000,77.7,429.82198
2022-09-06T01:00:00.000000000,83.01,439.54386
2022-09-06T02:00:00.000000000,91.17,462.15571
2022-09-06T03:00:00.000000000,111.33,475.19998
2022-09-06T04:00:00.000000000,118.49,489.13212
2022-09-06T05:00:00.000000000,114.92,503.81173
2022-09-06T06:00:00.000000000,124.0,520.11361
2022-09-06T07:00:00.000000000,126.96,542.57142
2022-09-06T08:00:00.000000000,114.0,550.03201
2022-09-06T09:00:00.000000000,113.09,560.28229
2022-09-06T10:00:00.000000000,109.65,571.79124
2022-09-06T11:00:00.000000000,112.47,580.16626
2022-09-06T12:00:00.000000000,128.2,576.96322
2022-09-06T13:00:00.000000000,167.69,583.07638
2022-09-06T14:00:00.000000000,129.62,575.75421
2022-09-06T15:00:00.000000000,97.92,557.08572
2022-09-06T16:00:00.000000000,84.84,549.11116
2022-09-06T17:00:00.000000000,78.27,539.42158
2022-09-06T18:00:00.000000000,78.15,521.90415
2022-09-06T19:00:00.000000000,76.8,510.72811
2022-09-06T20:00:00.000000000,79.83,495.6412
2022-09-06T21:00:00.000000000,84.89,478.70364
2022-09-06T22:00:00.000000000,88.04,475.20402
2022-09-06T23:00:00.000000000,88.13,469.85659
2022-09-07T00:00:00.000000000,87.67,516.45013
2022-09-07T01:00:00.000000000,99.16,518.72028
2022-09-07T02:00:00.000000000,114.8,531.78372
2022-09-07T03:00:00.000000000,146.83,537.35587
2022-09-07T04:00:00.000000000,151.44,548.51842
2022-09-07T05:00:00.000000000,144.56,559.42439
2022-09-07T06:00:00.000000000,160.36,568.42721
2022-09-07T07:00:00.000000000,186.33,584.4009
2022-09-07T08:00:00.000000000,118.43,583.42794
2022-09-07T09:00:00.000000000,115.73,592.37108
2022-09-07T10:00:00.000000000,113.05,603.41496
2022-09-07T11:00:00.000000000,116.09,611.40034
2022-09-07T12:00:00.000000000,139.97,607.70525
2022-09-07T13:00:00.000000000,124.71,613.75447
2022-09-07T14:00:00.000000000,133.48,611.19682
2022-09-07T15:00:00.000000000,105.1,594.72512
2022-09-07T16:00:00.000000000,91.51,588.21317
2022-09-07T17:00:00.000000000,77.38,577.11705
2022-09-07T18:00:00.000000000,67.5,556.96908
2022-09-07T19:00:00.000000000,68.17,544.79367
2022-09-07T20:00:00.000000000,70.31,526.40513
2022-09-07T21:00:00.000000000,68.47,509.63535
2022-09-07T22:00:00.000000000,84.52,509.37572
2022-09-07T23:00:00.000000000,94.87,503.87222
2022-09-08T00:00:00.000000000,98.06,562.75834
2022-09-08T01:00:00.000000000,105.75,565.40825
2022-09-08T02:00:00.000000000,102.62,577.35115
2022-09-08T03:00:00.000000000,110.69,581.59966
2022-09-08T04:00:00.000000000,95.73,591.1352
2022-09-08T05:00:00.000000000,97.17,601.21941
2022-09-08T06:00:00.000000000,96.52,611.59033
2022-09-08T07:00:00.000000000,86.72,630.61105
2022-09-08T08:00:00.000000000,77.29,631.16613
2022-09-08T09:00:00.000000000,79.86,640.61554
2022-09-08T10:00:00.000000000,104.68,648.9222
2022-09-08T11:00:00.000000000,86.96,656.61146
2022-09-08T12:00:00.000000000,90.62,646.70803
2022-09-08T13:00:00.000000000,89.97,643.70444
2022-09-08T14:00:00.000000000,96.19,631.08641
2022-09-08T15:00:00.000000000,92.18,607.08023
2022-09-08T16:00:00.000000000,81.55,597.5047
2022-09-08T17:00:00.000000000,78.09,586.77439
2022-09-08T18:00:00.000000000,74.12,568.0195
2022-09-08T19:00:00.000000000,76.21,558.52128
2022-09-08T20:00:00.000000000,79.23,544.44265
2022-09-08T21:00:00.000000000,75.94,534.74162
2022-09-08T22:00:00.000000000,86.96,540.39695
2022-09-08T23:00:00.000000000,87.36,539.32657
2022-09-06T00:00:00.000000000,77.7,243.63082
2022-09-06T01:00:00.000000000,83.01,256.42466
2022-09-06T02:00:00.000000000,91.17,283.49727
2022-09-06T03:00:00.000000000,111.33,294.2876
2022-09-06T04:00:00.000000000,118.49,312.49776
2022-09-06T05:00:00.000000000,114.92,328.68373
2022-09-06T06:00:00.000000000,124.0,347.06565
2022-09-06T07:00:00.000000000,126.96,364.20076
2022-09-06T08:00:00.000000000,114.0,374.50159
2022-09-06T09:00:00.000000000,113.09,382.03942
2022-09-06T10:00:00.000000000,109.65,399.29709
2022-09-06T11:00:00.000000000,112.47,414.33096
2022-09-06T12:00:00.000000000,128.2,423.59591
2022-09-06T13:00:00.000000000,167.69,437.64932
2022-09-06T14:00:00.000000000,129.62,434.57608
2022-09-06T15:00:00.000000000,97.92,421.75926
2022-09-06T16:00:00.000000000,84.84,419.81616
2022-09-06T17:00:00.000000000,78.27,410.37919
2022-09-06T18:00:00.000000000,78.15,395.82287
2022-09-06T19:00:00.000000000,76.8,382.66798
2022-09-06T20:00:00.000000000,79.83,362.76077
2022-09-06T21:00:00.000000000,84.89,350.26592
2022-09-06T22:00:00.000000000,88.04,347.52397
2022-09-06T23:00:00.000000000,88.13,344.30215
2022-09-07T00:00:00.000000000,87.67,423.64625
2022-09-07T01:00:00.000000000,99.16,435.70572
2022-09-07T02:00:00.000000000,114.8,460.82469
2022-09-07T03:00:00.000000000,146.83,476.17223
2022-09-07T04:00:00.000000000,151.44,489.55907
2022-09-07T05:00:00.000000000,144.56,500.94893
2022-09-07T06:00:00.000000000,160.36,511.03227
2022-09-07T07:00:00.000000000,186.33,527.72861
2022-09-07T08:00:00.000000000,118.43,530.28946
2022-09-07T09:00:00.000000000,115.73,534.59783
2022-09-07T10:00:00.000000000,113.05,543.84137
2022-09-07T11:00:00.000000000,116.09,551.90557
2022-09-07T12:00:00.000000000,139.97,548.82246
2022-09-07T13:00:00.000000000,124.71,555.61558
2022-09-07T14:00:00.000000000,133.48,546.15151
2022-09-07T15:00:00.000000000,105.1,525.30517
2022-09-07T16:00:00.000000000,91.51,514.0766
2022-09-07T17:00:00.000000000,77.38,500.7856
2022-09-07T18:00:00.000000000,67.5,480.14395
2022-09-07T19:00:00.000000000,68.17,466.76944
2022-09-07T20:00:00.000000000,70.31,450.83058
2022-09-07T21:00:00.000000000,68.47,436.28394
2022-09-07T22:00:00.000000000,84.52,436.62445
2022-09-07T23:00:00.000000000,94.87,437.10361
2022-09-08T00:00:00.000000000,98.06,514.25338
2022-09-08T01:00:00.000000000,105.75,513.79468
2022-09-08T02:00:00.000000000,102.62,524.48471
2022-09-08T03:00:00.000000000,110.69,528.84773
2022-09-08T04:00:00.000000000,95.73,537.2564
2022-09-08T05:00:00.000000000,97.17,544.02965
2022-09-08T06:00:00.000000000,96.52,549.21138
2022-09-08T07:00:00.000000000,86.72,562.65291
2022-09-08T08:00:00.000000000,77.29,560.04791
2022-09-08T09:00:00.000000000,79.86,563.75379
2022-09-08T10:00:00.000000000,104.68,571.0026
2022-09-08T11:00:00.000000000,86.96,577.83838
2022-09-08T12:00:00.000000000,90.62,570.71352
2022-09-08T13:00:00.000000000,89.97,572.51627
2022-09-08T14:00:00.000000000,96.19,563.97985
2022-09-08T15:00:00.000000000,92.18,544.29561
2022-09-08T16:00:00.000000000,81.55,537.41485
2022-09-08T17:00:00.000000000,78.09,528.2754
2022-09-08T18:00:00.000000000,74.12,511.93354
2022-09-08T19:00:00.000000000,76.21,503.67865
2022-09-08T20:00:00.000000000,79.23,490.18972
2022-09-08T21:00:00.000000000,75.94,479.78656
2022-09-08T22:00:00.000000000,86.96,483.82405
2022-09-08T23:00:00.000000000,87.36,482.90308
2022-09-09T00:00:00.000000000,88.73,561.93009
2022-09-09T01:00:00.000000000,88.26,564.75453
2022-09-09T02:00:00.000000000,90.12,576.57292
2022-09-09T03:00:00.000000000,114.77,580.22924
2022-09-09T04:00:00.000000000,102.37,588.43477
2022-09-09T05:00:00.000000000,128.8,596.43027
2022-09-09T06:00:00.000000000,117.16,603.90814
2022-09-09T07:00:00.000000000,146.12,619.97068
2022-09-09T08:00:00.000000000,96.76,618.46671
2022-09-09T09:00:00.000000000,137.87,626.14065
2022-09-09T10:00:00.000000000,94.89,634.15582
2022-09-09T11:00:00.000000000,101.48,641.34069
2022-09-09T12:00:00.000000000,114.86,632.37169
2022-09-09T13:00:00.000000000,94.75,630.76571
2022-09-09T14:00:00.000000000,115.29,619.37698
2022-09-09T15:00:00.000000000,97.94,596.23283
2022-09-09T16:00:00.000000000,80.63,586.1969
2022-09-09T17:00:00.000000000,75.92,574.56649
2022-09-09T18:00:00.000000000,76.65,555.8937
2022-09-09T19:00:00.000000000,77.22,546.84314
2022-09-09T20:00:00.000000000,75.49,533.80049
2022-09-09T21:00:00.000000000,73.17,525.31629
2022-09-09T22:00:00.000000000,74.84,532.41507
2022-09-09T23:00:00.000000000,71.01,532.47909
2022-09-07T00:00:00.000000000,87.67,251.14622
2022-09-07T01:00:00.000000000,99.16,262.14572
2022-09-07T02:00:00.000000000,114.8,288.30616
2022-09-07T03:00:00.000000000,146.83,298.31718
2022-09-07T04:00:00.000000000,151.44,316.66894
2022-09-07T05:00:00.000000000,144.56,332.54894
2022-09-07T06:00:00.000000000,160.36,350.45734
2022-09-07T07:00:00.000000000,186.33,366.45064
2022-09-07T08:00:00.000000000,118.43,375.67188
2022-09-07T09:00:00.000000000,115.73,380.30134
2022-09-07T10:00:00.000000000,113.05,393.49843
2022-09-07T11:00:00.000000000,116.09,404.91386
2022-09-07T12:00:00.000000000,139.97,409.14844
2022-09-07T13:00:00.000000000,124.71,418.61658
2022-09-07T14:00:00.000000000,133.48,413.12195
2022-09-07T15:00:00.000000000,105.1,400.23183
2022-09-07T16:00:00.000000000,91.51,400.32789
2022-09-07T17:00:00.000000000,77.38,393.85875
2022-09-07T18:00:00.000000000,67.5,383.03725
2022-09-07T19:00:00.000000000,68.17,373.31753
2022-09-07T20:00:00.000000000,70.31,356.25238
2022-09-07T21:00:00.000000000,68.47,345.73328
2022-09-07T22:00:00.000000000,84.52,343.8204
2022-09-07T23:00:00.000000000,94.87,341.47367
2022-09-08T00:00:00.000000000,98.06,428.45258
2022-09-08T01:00:00.000000000,105.75,428.73709
2022-09-08T02:00:00.000000000,102.62,442.78811
2022-09-08T03:00:00.000000000,110.69,447.33753
2022-09-08T04:00:00.000000000,95.73,455.90288
2022-09-08T05:00:00.000000000,97.17,461.53523
2022-09-08T06:00:00.000000000,96.52,469.89692
2022-09-08T07:00:00.000000000,86.72,484.95992
2022-09-08T08:00:00.000000000,77.29,486.85247
2022-09-08T09:00:00.000000000,79.86,486.67882
2022-09-08T10:00:00.000000000,104.68,490.78445
2022-09-08T11:00:00.000000000,86.96,494.3193
2022-09-08T12:00:00.000000000,90.62,485.73735
2022-09-08T13:00:00.000000000,89.97,487.7652
2022-09-08T14:00:00.000000000,96.19,475.22489
2022-09-08T15:00:00.000000000,92.18,457.50607
2022-09-08T16:00:00.000000000,81.55,450.6211
2022-09-08T17:00:00.000000000,78.09,446.84137
2022-09-08T18:00:00.000000000,74.12,436.94756
2022-09-08T19:00:00.000000000,76.21,430.50714
2022-09-08T20:00:00.000000000,79.23,419.27778
2022-09-08T21:00:00.000000000,75.94,407.84125
2022-09-08T22:00:00.000000000,86.96,407.92197
2022-09-08T23:00:00.000000000,87.36,406.82901
2022-09-09T00:00:00.000000000,88.73,506.80879
2022-09-09T01:00:00.000000000,88.26,512.14272
2022-09-09T02:00:00.000000000,90.12,527.75223
2022-09-09T03:00:00.000000000,114.77,534.95989
2022-09-09T04:00:00.000000000,102.37,545.34092
2022-09-09T05:00:00.000000000,128.8,555.55414
2022-09-09T06:00:00.000000000,117.16,565.99041
2022-09-09T07:00:00.000000000,146.12,583.83415
2022-09-09T08:00:00.000000000,96.76,585.10002
2022-09-09T09:00:00.000000000,137.87,592.79266
2022-09-09T10:00:00.000000000,94.89,601.84814
2022-09-09T11:00:00.000000000,101.48,609.37704
2022-09-09T12:00:00.000000000,114.86,602.75282
2022-09-09T13:00:00.000000000,94.75,603.99874
2022-09-09T14:00:00.000000000,115.29,594.00092
2022-09-09T15:00:00.000000000,97.94,572.52756
2022-09-09T16:00:00.000000000,80.63,563.6584
2022-09-09T17:00:00.000000000,75.92,552.76044
2022-09-09T18:00:00.000000000,76.65,535.24113
2022-09-09T19:00:00.000000000,77.22,526.00071
2022-09-09T20:00:00.000000000,75.49,512.98193
2022-09-09T21:00:00.000000000,73.17,502.05422
2022-09-09T22:00:00.000000000,74.84,505.61248
2022-09-09T23:00:00.000000000,71.01,504.12464
2022-09-10T00:00:00.000000000,71.81,576.63507
2022-09-10T01:00:00.000000000,70.99,580.71134
2022-09-10T02:00:00.000000000,76.95,591.17302
2022-09-10T03:00:00.000000000,96.8,591.37821
2022-09-10T04:00:00.000000000,107.98,597.31284
2022-09-10T05:00:00.000000000,115.95,604.13174
2022-09-10T06:00:00.000000000,98.75,612.34814
2022-09-10T07:00:00.000000000,85.05,629.39583
2022-09-10T08:00:00.000000000,95.62,628.5296
2022-09-10T09:00:00.000000000,110.05,637.41092
2022-09-10T10:00:00.000000000,119.91,644.71597
2022-09-10T11:00:00.000000000,118.56,651.63792
2022-09-10T12:00:00.000000000,117.65,642.13091
2022-09-10T13:00:00.000000000,130.6,638.12729
2022-09-10T14:00:00.000000000,93.41,625.10205
2022-09-10T15:00:00.000000000,106.43,601.86293
2022-09-10T16:00:00.000000000,88.89,592.7433
2022-09-10T17:00:00.000000000,81.45,583.80916
2022-09-10T18:00:00.000000000,81.78,568.61062
2022-09-10T19:00:00.000000000,83.12,562.96082
2022-09-10T20:00:00.000000000,86.35,554.57039
2022-09-10T21:00:00.000000000,88.64,550.55931
2022-09-10T22:00:00.000000000,82.4,561.2198
2022-09-10T23:00:00.000000000,80.01,563.2898
2022-09-08T00:00:00.000000000,98.06,268.17061
2022-09-08T01:00:00.000000000,105.75,265.5786
2022-09-08T02:00:00.000000000,102.62,272.52661
2022-09-08T03:00:00.000000000,110.69,261.45876
2022-09-08T04:00:00.000000000,95.73,267.53677
2022-09-08T05:00:00.000000000,97.17,270.13863
2022-09-08T06:00:00.000000000,96.52,278.56357
2022-09-08T07:00:00.000000000,86.72,285.48751
2022-09-08T08:00:00.000000000,77.29,287.37748
2022-09-08T09:00:00.000000000,79.86,282.78193
2022-09-08T10:00:00.000000000,104.68,288.72095
2022-09-08T11:00:00.000000000,86.96,297.75098
2022-09-08T12:00:00.000000000,90.62,297.30007
2022-09-08T13:00:00.000000000,89.97,298.24891
2022-09-08T14:00:00.000000000,96.19,288.6156
2022-09-08T15:00:00.000000000,92.18,277.57531
2022-09-08T16:00:00.000000000,81.55,282.81048
2022-09-08T17:00:00.000000000,78.09,283.6646
2022-09-08T18:00:00.000000000,74.12,288.82531
2022-09-08T19:00:00.000000000,76.21,290.48646
2022-09-08T20:00:00.000000000,79.23,283.16741
2022-09-08T21:00:00.000000000,75.94,285.46241
2022-09-08T22:00:00.000000000,86.96,291.65669
2022-09-08T23:00:00.000000000,87.36,293.56855
2022-09-09T00:00:00.000000000,88.73,383.22906
2022-09-09T01:00:00.000000000,88.26,392.46461
2022-09-09T02:00:00.000000000,90.12,415.32814
2022-09-09T03:00:00.000000000,114.77,426.66312
2022-09-09T04:00:00.000000000,102.37,438.57532
2022-09-09T05:00:00.000000000,128.8,448.56014
2022-09-09T06:00:00.000000000,117.16,458.81501
2022-09-09T07:00:00.000000000,146.12,474.27276
2022-09-09T08:00:00.000000000,96.76,479.25251
2022-09-09T09:00:00.000000000,137.87,483.93256
2022-09-09T10:00:00.000000000,94.89,495.30084
2022-09-09T11:00:00.000000000,101.48,504.39852
2022-09-09T12:00:00.000000000,114.86,504.30209
2022-09-09T13:00:00.000000000,94.75,512.66969
2022-09-09T14:00:00.000000000,115.29,503.7026
2022-09-09T15:00:00.000000000,97.94,486.24453
2022-09-09T16:00:00.000000000,80.63,478.12648
2022-09-09T17:00:00.000000000,75.92,469.06542
2022-09-09T18:00:00.000000000,76.65,452.54348
2022-09-09T19:00:00.000000000,77.22,440.7002
2022-09-09T20:00:00.000000000,75.49,426.27369
2022-09-09T21:00:00.000000000,73.17,413.48534
2022-09-09T22:00:00.000000000,74.84,413.78493
2022-09-09T23:00:00.000000000,71.01,414.15132
2022-09-10T00:00:00.000000000,71.81,515.12532
2022-09-10T01:00:00.000000000,70.99,520.73609
2022-09-10T02:00:00.000000000,76.95,535.25326
2022-09-10T03:00:00.000000000,96.8,539.82642
2022-09-10T04:00:00.000000000,107.98,548.68454
2022-09-10T05:00:00.000000000,115.95,558.46738
2022-09-10T06:00:00.000000000,98.75,570.24083
2022-09-10T07:00:00.000000000,85.05,589.34103
2022-09-10T08:00:00.000000000,95.62,591.79217
2022-09-10T09:00:00.000000000,110.05,601.02676
2022-09-10T10:00:00.000000000,119.91,610.01984
2022-09-10T11:00:00.000000000,118.56,617.29107
2022-09-10T12:00:00.000000000,117.65,610.5324
2022-09-10T13:00:00.000000000,130.6,610.44355
2022-09-10T14:00:00.000000000,93.41,599.73286
2022-09-10T15:00:00.000000000,106.43,578.39338
2022-09-10T16:00:00.000000000,88.89,569.75802
2022-09-10T17:00:00.000000000,81.45,560.24543
2022-09-10T18:00:00.000000000,81.78,545.15977
2022-09-10T19:00:00.000000000,83.12,538.29538
2022-09-10T20:00:00.000000000,86.35,528.55315
2022-09-10T21:00:00.000000000,88.64,520.62837
2022-09-10T22:00:00.000000000,82.4,526.07877
2022-09-10T23:00:00.000000000,80.01,525.03925
2022-09-11T00:00:00.000000000,91.25,576.16834
2022-09-11T01:00:00.000000000,102.37,577.34457
2022-09-11T02:00:00.000000000,100.88,585.34528
2022-09-11T03:00:00.000000000,124.38,584.24765
2022-09-11T04:00:00.000000000,131.73,589.1351
2022-09-11T05:00:00.000000000,131.14,594.57721
2022-09-11T06:00:00.000000000,120.51,600.2148
2022-09-11T07:00:00.000000000,194.38,615.16946
2022-09-11T08:00:00.000000000,217.45,613.24358
2022-09-11T09:00:00.000000000,198.16,622.06146
2022-09-11T10:00:00.000000000,233.91,630.81724
2022-09-11T11:00:00.000000000,232.91,638.87169
2022-09-11T12:00:00.000000000,255.15,630.95153
2022-09-11T13:00:00.000000000,229.72,629.0948
2022-09-11T14:00:00.000000000,173.65,618.72701
2022-09-11T15:00:00.000000000,126.36,597.62191
2022-09-11T16:00:00.000000000,101.02,589.90416
2022-09-11T17:00:00.000000000,112.45,581.37873
2022-09-11T18:00:00.000000000,107.29,565.71411
2022-09-11T19:00:00.000000000,107.6,558.76113
2022-09-11T20:00:00.000000000,95.77,548.18382
2022-09-11T21:00:00.000000000,107.87,541.41102
2022-09-11T22:00:00.000000000,115.17,550.23053
2022-09-11T23:00:00.000000000,118.91,550.85809
2022-09-09T00:00:00.000000000,88.73,273.14482
2022-09-09T01:00:00.000000000,88.26,276.91865
2022-09-09T02:00:00.000000000,90.12,293.9712
2022-09-09T03:00:00.000000000,114.77,294.75065
2022-09-09T04:00:00.000000000,102.37,305.53534
2022-09-09T05:00:00.000000000,128.8,315.09335
2022-09-09T06:00:00.000000000,117.16,328.05482
2022-09-09T07:00:00.000000000,146.12,341.10861
2022-09-09T08:00:00.000000000,96.76,348.94773
2022-09-09T09:00:00.000000000,137.87,353.0834
2022-09-09T10:00:00.000000000,94.89,366.68849
2022-09-09T11:00:00.000000000,101.48,381.08848
2022-09-09T12:00:00.000000000,114.86,388.93876
2022-09-09T13:00:00.000000000,94.75,400.50177
2022-09-09T14:00:00.000000000,115.29,397.82841
2022-09-09T15:00:00.000000000,97.94,388.06567
2022-09-09T16:00:00.000000000,80.63,390.93751
2022-09-09T17:00:00.000000000,75.92,387.74428
2022-09-09T18:00:00.000000000,76.65,381.37214
2022-09-09T19:00:00.000000000,77.22,374.59348
2022-09-09T20:00:00.000000000,75.49,361.34526
2022-09-09T21:00:00.000000000,73.17,354.42952
2022-09-09T22:00:00.000000000,74.84,353.76742
2022-09-09T23:00:00.000000000,71.01,351.38556
2022-09-10T00:00:00.000000000,71.81,472.18847
2022-09-10T01:00:00.000000000,70.99,477.97069
2022-09-10T02:00:00.000000000,76.95,492.90031
2022-09-10T03:00:00.000000000,96.8,496.87512
2022-09-10T04:00:00.000000000,107.98,504.72346
2022-09-10T05:00:00.000000000,115.95,514.68429
2022-09-10T06:00:00.000000000,98.75,529.20162
2022-09-10T07:00:00.000000000,85.05,551.40255
2022-09-10T08:00:00.000000000,95.62,559.15359
2022-09-10T09:00:00.000000000,110.05,571.63729
2022-09-10T10:00:00.000000000,119.91,583.27511
2022-09-10T11:00:00.000000000,118.56,592.26511
2022-09-10T12:00:00.000000000,117.65,588.94786
2022-09-10T13:00:00.000000000,130.6,591.80975
2022-09-10T14:00:00.000000000,93.41,583.07172
2022-09-10T15:00:00.000000000,106.43,565.02099
2022-09-10T16:00:00.000000000,88.89,558.81965
2022-09-10T17:00:00.000000000,81.45,552.79597
2022-09-10T18:00:00.000000000,81.78,540.69895
2022-09-10T19:00:00.000000000,83.12,534.18341
2022-09-10T20:00:00.000000000,86.35,525.14664
2022-09-10T21:00:00.000000000,88.64,514.92318
2022-09-10T22:00:00.000000000,82.4,516.50653
2022-09-10T23:00:00.000000000,80.01,513.11026
2022-09-11T00:00:00.000000000,91.25,588.55335
2022-09-11T01:00:00.000000000,102.37,585.41726
2022-09-11T02:00:00.000000000,100.88,588.33296
2022-09-11T03:00:00.000000000,124.38,582.18715
2022-09-11T04:00:00.000000000,131.73,585.09602
2022-09-11T05:00:00.000000000,131.14,590.17324
2022-09-11T06:00:00.000000000,120.51,597.30476
2022-09-11T07:00:00.000000000,194.38,613.43839
2022-09-11T08:00:00.000000000,217.45,612.32769
2022-09-11T09:00:00.000000000,198.16,622.38278
2022-09-11T10:00:00.000000000,233.91,631.60846
2022-09-11T11:00:00.000000000,232.91,641.81601
2022-09-11T12:00:00.000000000,255.15,637.47865
2022-09-11T13:00:00.000000000,229.72,638.85844
2022-09-11T14:00:00.000000000,173.65,632.00322
2022-09-11T15:00:00.000000000,126.36,614.87509
2022-09-11T16:00:00.000000000,101.02,611.03333
2022-09-11T17:00:00.000000000,112.45,606.33795
2022-09-11T18:00:00.000000000,107.29,593.66011
2022-09-11T19:00:00.000000000,107.6,586.64322
2022-09-11T20:00:00.000000000,95.77,574.90101
2022-09-11T21:00:00.000000000,107.87,565.02353
2022-09-11T22:00:00.000000000,115.17,568.76653
2022-09-11T23:00:00.000000000,118.91,564.25089
2022-09-12T00:00:00.000000000,129.52,564.4168
2022-09-12T01:00:00.000000000,134.42,563.30638
2022-09-12T02:00:00.000000000,133.06,571.49587
2022-09-12T03:00:00.000000000,158.72,572.91319
2022-09-12T04:00:00.000000000,144.21,580.20462
2022-09-12T05:00:00.000000000,154.26,587.12787
2022-09-12T06:00:00.000000000,198.35,591.98486
2022-09-12T07:00:00.000000000,158.07,605.81174
2022-09-12T08:00:00.000000000,114.82,602.93019
2022-09-12T09:00:00.000000000,126.15,610.81885
2022-09-12T10:00:00.000000000,106.02,620.18932
2022-09-12T11:00:00.000000000,162.06,628.22061
2022-09-12T12:00:00.000000000,193.69,621.55945
2022-09-12T13:00:00.000000000,157.68,623.49107
2022-09-12T14:00:00.000000000,127.17,616.98149
2022-09-12T15:00:00.000000000,103.39,597.90778
2022-09-12T16:00:00.000000000,99.29,590.84191
2022-09-12T17:00:00.000000000,107.25,580.55006
2022-09-12T18:00:00.000000000,106.83,561.43632
2022-09-12T19:00:00.000000000,103.41,550.71551
2022-09-12T20:00:00.000000000,89.56,534.39426
2022-09-12T21:00:00.000000000,81.09,521.39406
2022-09-12T22:00:00.000000000,73.05,524.94028
2022-09-12T23:00:00.000000000,79.62,521.90299
2022-09-10T00:00:00.000000000,71.81,277.36504
2022-09-10T01:00:00.000000000,70.99,287.73974
2022-09-10T02:00:00.000000000,76.95,311.79624
2022-09-10T03:00:00.000000000,96.8,319.29271
2022-09-10T04:00:00.000000000,107.98,333.43782
2022-09-10T05:00:00.000000000,115.95,346.18629
2022-09-10T06:00:00.000000000,98.75,362.05751
2022-09-10T07:00:00.000000000,85.05,378.90801
2022-09-10T08:00:00.000000000,95.62,389.01113
2022-09-10T09:00:00.000000000,110.05,396.70369
2022-09-10T10:00:00.000000000,119.91,412.55762
2022-09-10T11:00:00.000000000,118.56,426.43358
2022-09-10T12:00:00.000000000,117.65,433.28268
2022-09-10T13:00:00.000000000,130.6,445.07752
2022-09-10T14:00:00.000000000,93.41,440.41803
2022-09-10T15:00:00.000000000,106.43,427.36726
2022-09-10T16:00:00.000000000,88.89,424.93091
2022-09-10T17:00:00.000000000,81.45,417.46214
2022-09-10T18:00:00.000000000,81.78,404.21074
2022-09-10T19:00:00.000000000,83.12,393.05772
2022-09-10T20:00:00.000000000,86.35,376.38027
2022-09-10T21:00:00.000000000,88.64,365.94819
2022-09-10T22:00:00.000000000,82.4,365.60171
2022-09-10T23:00:00.000000000,80.01,364.25634
2022-09-11T00:00:00.000000000,91.25,461.56139
2022-09-11T01:00:00.000000000,102.37,464.19401
2022-09-11T02:00:00.000000000,100.88,477.36354
2022-09-11T03:00:00.000000000,124.38,480.55666
2022-09-11T04:00:00.000000000,131.73,489.15765
2022-09-11T05:00:00.000000000,131.14,500.56151
2022-09-11T06:00:00.000000000,120.51,516.51282
2022-09-11T07:00:00.000000000,194.38,539.78277
2022-09-11T08:00:00.000000000,217.45,549.0219
2022-09-11T09:00:00.000000000,198.16,563.78011
2022-09-11T10:00:00.000000000,233.91,578.10663
2022-09-11T11:00:00.000000000,232.91,589.17671
2022-09-11T12:00:00.000000000,255.15,588.76042
2022-09-11T13:00:00.000000000,229.72,595.08409
2022-09-11T14:00:00.000000000,173.65,590.35639
2022-09-11T15:00:00.000000000,126.36,575.42744
2022-09-11T16:00:00.000000000,101.02,571.27406
2022-09-11T17:00:00.000000000,112.45,566.42503
2022-09-11T18:00:00.000000000,107.29,555.05066
2022-09-11T19:00:00.000000000,107.6,547.65647
2022-09-11T20:00:00.000000000,95.77,536.65917
2022-09-11T21:00:00.000000000,107.87,521.92123
2022-09-11T22:00:00.000000000,115.17,518.50889
2022-09-11T23:00:00.000000000,118.91,509.76519
2022-09-12T00:00:00.000000000,129.52,553.78858
2022-09-12T01:00:00.000000000,134.42,554.60513
2022-09-12T02:00:00.000000000,133.06,564.52893
2022-09-12T03:00:00.000000000,158.72,566.81353
2022-09-12T04:00:00.000000000,144.21,574.86036
2022-09-12T05:00:00.000000000,154.26,582.67209
2022-09-12T06:00:00.000000000,198.35,589.10506
2022-09-12T07:00:00.000000000,158.07,603.81513
2022-09-12T08:00:00.000000000,114.82,601.47483
2022-09-12T09:00:00.000000000,126.15,609.64346
2022-09-12T10:00:00.000000000,106.02,619.26006
2022-09-12T11:00:00.000000000,162.06,627.11835
2022-09-12T12:00:00.000000000,193.69,620.92256
2022-09-12T13:00:00.000000000,157.68,623.168
2022-09-12T14:00:00.000000000,127.17,616.88544
2022-09-12T15:00:00.000000000,103.39,597.9254
2022-09-12T16:00:00.000000000,99.29,590.60561
2022-09-12T17:00:00.000000000,107.25,580.2317
2022-09-12T18:00:00.000000000,106.83,561.43016
2022-09-12T19:00:00.000000000,103.41,550.98789
2022-09-12T20:00:00.000000000,89.56,535.03224
2022-09-12T21:00:00.000000000,81.09,522.23406
2022-09-12T22:00:00.000000000,73.05,525.89812
2022-09-12T23:00:00.000000000,79.62,523.00241
2022-09-13T00:00:00.000000000,89.31,552.4811
2022-09-13T01:00:00.000000000,113.3,553.2552
2022-09-13T02:00:00.000000000,136.02,563.68398
2022-09-13T03:00:00.000000000,134.21,567.94369
2022-09-13T04:00:00.000000000,144.32,576.35766
2022-09-13T05:00:00.000000000,151.11,581.86841
2022-09-13T06:00:00.000000000,201.89,584.36016
2022-09-13T07:00:00.000000000,222.06,595.40158
2022-09-13T08:00:00.000000000,221.9,589.54002
2022-09-13T09:00:00.000000000,233.48,592.21279
2022-09-13T10:00:00.000000000,216.82,598.36311
2022-09-13T11:00:00.000000000,192.79,605.01652
2022-09-13T12:00:00.000000000,208.13,596.22029
2022-09-13T13:00:00.000000000,168.28,596.42273
2022-09-13T14:00:00.000000000,114.85,586.41916
2022-09-13T15:00:00.000000000,79.65,564.38227
2022-09-13T16:00:00.000000000,71.94,555.64807
2022-09-13T17:00:00.000000000,73.58,543.54971
2022-09-13T18:00:00.000000000,82.68,524.36325
2022-09-13T19:00:00.000000000,85.0,514.3471
2022-09-13T20:00:00.000000000,96.24,499.14081
2022-09-13T21:00:00.000000000,90.14,489.32339
2022-09-13T22:00:00.000000000,83.9,495.80698
2022-09-13T23:00:00.000000000,88.65,496.35311
2022-09-11T00:00:00.000000000,91.25,239.52823
2022-09-11T01:00:00.000000000,102.37,252.67319
2022-09-11T02:00:00.000000000,100.88,280.39013
2022-09-11T03:00:00.000000000,124.38,292.62669
2022-09-11T04:00:00.000000000,131.73,314.53537
2022-09-11T05:00:00.000000000,131.14,333.65459
2022-09-11T06:00:00.000000000,120.51,356.41408
2022-09-11T07:00:00.000000000,194.38,379.12259
2022-09-11T08:00:00.000000000,217.45,394.45622
2022-09-11T09:00:00.000000000,198.16,409.14273
2022-09-11T10:00:00.000000000,233.91,430.56121
2022-09-11T11:00:00.000000000,232.91,445.19053
2022-09-11T12:00:00.000000000,255.15,452.95107
2022-09-11T13:00:00.000000000,229.72,466.66981
2022-09-11T14:00:00.000000000,173.65,463.57728
2022-09-11T15:00:00.000000000,126.36,452.28406
2022-09-11T16:00:00.000000000,101.02,452.43214
2022-09-11T17:00:00.000000000,112.45,446.38898
2022-09-11T18:00:00.000000000,107.29,432.94378
2022-09-11T19:00:00.000000000,107.6,418.57045
2022-09-11T20:00:00.000000000,95.77,396.16185
2022-09-11T21:00:00.000000000,107.87,377.60799
2022-09-11T22:00:00.000000000,115.17,370.69176
2022-09-11T23:00:00.000000000,118.91,360.65945
2022-09-12T00:00:00.000000000,129.52,431.91272
2022-09-12T01:00:00.000000000,134.42,443.87699
2022-09-12T02:00:00.000000000,133.06,469.01972
2022-09-12T03:00:00.000000000,158.72,484.84399
2022-09-12T04:00:00.000000000,144.21,498.60726
2022-09-12T05:00:00.000000000,154.26,510.28507
2022-09-12T06:00:00.000000000,198.35,520.4431
2022-09-12T07:00:00.000000000,158.07,537.39099
2022-09-12T08:00:00.000000000,114.82,539.71112
2022-09-12T09:00:00.000000000,126.15,543.90852
2022-09-12T10:00:00.000000000,106.02,552.59007
2022-09-12T11:00:00.000000000,162.06,560.42942
2022-09-12T12:00:00.000000000,193.69,556.4909
2022-09-12T13:00:00.000000000,157.68,562.75097
2022-09-12T14:00:00.000000000,127.17,553.20813
2022-09-12T15:00:00.000000000,103.39,531.84212
2022-09-12T16:00:00.000000000,99.29,520.54631
2022-09-12T17:00:00.000000000,107.25,506.92063
2022-09-12T18:00:00.000000000,106.83,485.97282
2022-09-12T19:00:00.000000000,103.41,472.64171
2022-09-12T20:00:00.000000000,89.56,456.51841
2022-09-12T21:00:00.000000000,81.09,441.56673
2022-09-12T22:00:00.000000000,73.05,441.50787
2022-09-12T23:00:00.000000000,79.62,441.50789
2022-09-13T00:00:00.000000000,89.31,514.66913
2022-09-13T01:00:00.000000000,113.3,510.41508
2022-09-13T02:00:00.000000000,136.02,518.24984
2022-09-13T03:00:00.000000000,134.21,519.9415
2022-09-13T04:00:00.000000000,144.32,523.96453
2022-09-13T05:00:00.000000000,151.11,525.08615
2022-09-13T06:00:00.000000000,201.89,524.9634
2022-09-13T07:00:00.000000000,222.06,533.40352
2022-09-13T08:00:00.000000000,221.9,529.08782
2022-09-13T09:00:00.000000000,233.48,527.36343
2022-09-13T10:00:00.000000000,216.82,531.84303
2022-09-13T11:00:00.000000000,192.79,536.46743
2022-09-13T12:00:00.000000000,208.13,527.80338
2022-09-13T13:00:00.000000000,168.28,528.39012
2022-09-13T14:00:00.000000000,114.85,516.43205
2022-09-13T15:00:00.000000000,79.65,496.59445
2022-09-13T16:00:00.000000000,71.94,489.47764
2022-09-13T17:00:00.000000000,73.58,482.22691
2022-09-13T18:00:00.000000000,82.68,469.65936
2022-09-13T19:00:00.000000000,85.0,464.27669
2022-09-13T20:00:00.000000000,96.24,454.83162
2022-09-13T21:00:00.000000000,90.14,448.2292
2022-09-13T22:00:00.000000000,83.9,454.39846
2022-09-13T23:00:00.000000000,88.65,456.07804
2022-09-14T00:00:00.000000000,98.39,525.30575
2022-09-14T01:00:00.000000000,104.69,528.47967
2022-09-14T02:00:00.000000000,129.32,540.88335
2022-09-14T03:00:00.000000000,132.13,545.19842
2022-09-14T04:00:00.000000000,122.68,554.41827
2022-09-14T05:00:00.000000000,94.64,563.20096
2022-09-14T06:00:00.000000000,77.42,571.97385
2022-09-14T07:00:00.000000000,67.37,588.40902
2022-09-14T08:00:00.000000000,66.88,588.01677
2022-09-14T09:00:00.000000000,72.54,595.73665
2022-09-14T10:00:00.000000000,86.08,604.70732
2022-09-14T11:00:00.000000000,82.0,612.49976
2022-09-14T12:00:00.000000000,75.71,605.3657
2022-09-14T13:00:00.000000000,66.55,605.44635
2022-09-14T14:00:00.000000000,67.32,595.23863
2022-09-14T15:00:00.000000000,63.71,573.93339
2022-09-14T16:00:00.000000000,61.0,565.68579
2022-09-14T17:00:00.000000000,63.45,555.40822
2022-09-14T18:00:00.000000000,76.35,538.36036
2022-09-14T19:00:00.000000000,83.3,529.55572
2022-09-14T20:00:00.000000000,95.72,516.45684
2022-09-14T21:00:00.000000000,91.85,506.75455
2022-09-14T22:00:00.000000000,89.89,512.18925
2022-09-14T23:00:00.000000000,89.95,511.3353
2022-09-12T00:00:00.000000000,129.52,282.29451
2022-09-12T01:00:00.000000000,134.42,298.41948
2022-09-12T02:00:00.000000000,133.06,327.3643
2022-09-12T03:00:00.000000000,158.72,340.51173
2022-09-12T04:00:00.000000000,144.21,358.85058
2022-09-12T05:00:00.000000000,154.26,374.61572
2022-09-12T06:00:00.000000000,198.35,392.80765
2022-09-12T07:00:00.000000000,158.07,410.88987
2022-09-12T08:00:00.000000000,114.82,420.76621
2022-09-12T09:00:00.000000000,126.15,428.33111
2022-09-12T10:00:00.000000000,106.02,442.10161
2022-09-12T11:00:00.000000000,162.06,451.32372
2022-09-12T12:00:00.000000000,193.69,451.81578
2022-09-12T13:00:00.000000000,157.68,457.94023
2022-09-12T14:00:00.000000000,127.17,448.64168
2022-09-12T15:00:00.000000000,103.39,431.97895
2022-09-12T16:00:00.000000000,99.29,427.17663
2022-09-12T17:00:00.000000000,107.25,419.80225
2022-09-12T18:00:00.000000000,106.83,407.84179
2022-09-12T19:00:00.000000000,103.41,400.47547
2022-09-12T20:00:00.000000000,89.56,389.62016
2022-09-12T21:00:00.000000000,81.09,381.48546
2022-09-12T22:00:00.000000000,73.05,384.82929
2022-09-12T23:00:00.000000000,79.62,385.88058
2022-09-13T00:00:00.000000000,89.31,451.02544
2022-09-13T01:00:00.000000000,113.3,447.35265
2022-09-13T02:00:00.000000000,136.02,458.50206
2022-09-13T03:00:00.000000000,134.21,459.60419
2022-09-13T04:00:00.000000000,144.32,464.10375
2022-09-13T05:00:00.000000000,151.11,464.53312
2022-09-13T06:00:00.000000000,201.89,466.71625
2022-09-13T07:00:00.000000000,222.06,477.07534
2022-09-13T08:00:00.000000000,221.9,476.0214
2022-09-13T09:00:00.000000000,233.48,471.90214
2022-09-13T10:00:00.000000000,216.82,473.88892
2022-09-13T11:00:00.000000000,192.79,476.78034
2022-09-13T12:00:00.000000000,208.13,466.0941
2022-09-13T13:00:00.000000000,168.28,465.43489
2022-09-13T14:00:00.000000000,114.85,450.6513
2022-09-13T15:00:00.000000000,79.65,432.10547
2022-09-13T16:00:00.000000000,71.94,424.12709
2022-09-13T17:00:00.000000000,73.58,420.20131
2022-09-13T18:00:00.000000000,82.68,412.52958
2022-09-13T19:00:00.000000000,85.0,408.73119
2022-09-13T20:00:00.000000000,96.24,400.95984
2022-09-13T21:00:00.000000000,90.14,393.76703
2022-09-13T22:00:00.000000000,83.9,397.5782
2022-09-13T23:00:00.000000000,88.65,399.93499
2022-09-14T00:00:00.000000000,98.39,475.3873
2022-09-14T01:00:00.000000000,104.69,479.38643
2022-09-14T02:00:00.000000000,129.32,493.39179
2022-09-14T03:00:00.000000000,132.13,497.6528
2022-09-14T04:00:00.000000000,122.68,505.33561
2022-09-14T05:00:00.000000000,94.64,513.39518
2022-09-14T06:00:00.000000000,77.42,523.46648
2022-09-14T07:00:00.000000000,67.37,541.39345
2022-09-14T08:00:00.000000000,66.88,544.92521
2022-09-14T09:00:00.000000000,72.54,553.34601
2022-09-14T10:00:00.000000000,86.08,563.83077
2022-09-14T11:00:00.000000000,82.0,572.40726
2022-09-14T12:00:00.000000000,75.71,568.13089
2022-09-14T13:00:00.000000000,66.55,570.54299
2022-09-14T14:00:00.000000000,67.32,560.98771
2022-09-14T15:00:00.000000000,63.71,542.13539
2022-09-14T16:00:00.000000000,61.0,535.35218
2022-09-14T17:00:00.000000000,63.45,528.25407
2022-09-14T18:00:00.000000000,76.35,514.78447
2022-09-14T19:00:00.000000000,83.3,507.62638
2022-09-14T20:00:00.000000000,95.72,497.47402
2022-09-14T21:00:00.000000000,91.85,488.13583
2022-09-14T22:00:00.000000000,89.89,492.01017
2022-09-14T23:00:00.000000000,89.95,491.38881
2022-09-15T00:00:00.000000000,97.91,550.62533
2022-09-15T01:00:00.000000000,106.45,551.86271
2022-09-15T02:00:00.000000000,125.86,562.29385
2022-09-15T03:00:00.000000000,113.78,565.18269
2022-09-15T04:00:00.000000000,133.99,573.87724
2022-09-15T05:00:00.000000000,138.53,582.43024
2022-09-15T06:00:00.000000000,143.89,590.98833
2022-09-15T07:00:00.000000000,124.82,607.62573
2022-09-15T08:00:00.000000000,78.77,606.21757
2022-09-15T09:00:00.000000000,73.78,613.3665
2022-09-15T10:00:00.000000000,80.72,620.98054
2022-09-15T11:00:00.000000000,85.07,628.53759
2022-09-15T12:00:00.000000000,95.83,619.97201
2022-09-15T13:00:00.000000000,83.22,618.53128
2022-09-15T14:00:00.000000000,79.77,607.14079
2022-09-15T15:00:00.000000000,80.67,584.76487
2022-09-15T16:00:00.000000000,79.79,576.09086
2022-09-15T17:00:00.000000000,70.53,566.01994
2022-09-15T18:00:00.000000000,76.39,549.12824
2022-09-15T19:00:00.000000000,81.89,540.71782
2022-09-15T20:00:00.000000000,89.08,528.04151
2022-09-15T21:00:00.000000000,86.12,519.35938
2022-09-15T22:00:00.000000000,84.68,525.31642
2022-09-15T23:00:00.000000000,82.87,524.31693
2022-09-13T00:00:00.000000000,89.31,252.50008
2022-09-13T01:00:00.000000000,113.3,253.67112
2022-09-13T02:00:00.000000000,136.02,264.9676
2022-09-13T03:00:00.000000000,134.21,257.93834
2022-09-13T04:00:00.000000000,144.32,267.68389
2022-09-13T05:00:00.000000000,151.11,272.20181
2022-09-13T06:00:00.000000000,201.89,280.93636
2022-09-13T07:00:00.000000000,222.06,287.15954
2022-09-13T08:00:00.000000000,221.9,287.46379
2022-09-13T09:00:00.000000000,233.48,280.68929
2022-09-13T10:00:00.000000000,216.82,285.2697
2022-09-13T11:00:00.000000000,192.79,292.9393
2022-09-13T12:00:00.000000000,208.13,291.16042
2022-09-13T13:00:00.000000000,168.28,291.53218
2022-09-13T14:00:00.000000000,114.85,280.97712
2022-09-13T15:00:00.000000000,79.65,268.93417
2022-09-13T16:00:00.000000000,71.94,273.66411
2022-09-13T17:00:00.000000000,73.58,272.77391
2022-09-13T18:00:00.000000000,82.68,276.05435
2022-09-13T19:00:00.000000000,85.0,275.63379
2022-09-13T20:00:00.000000000,96.24,264.73807
2022-09-13T21:00:00.000000000,90.14,265.06498
2022-09-13T22:00:00.000000000,83.9,270.50173
2022-09-13T23:00:00.000000000,88.65,272.91266
2022-09-14T00:00:00.000000000,98.39,371.26992
2022-09-14T01:00:00.000000000,104.69,366.25737
2022-09-14T02:00:00.000000000,129.32,374.76207
2022-09-14T03:00:00.000000000,132.13,370.63219
2022-09-14T04:00:00.000000000,122.68,374.04658
2022-09-14T05:00:00.000000000,94.64,376.46312
2022-09-14T06:00:00.000000000,77.42,381.72852
2022-09-14T07:00:00.000000000,67.37,392.07856
2022-09-14T08:00:00.000000000,66.88,397.24419
2022-09-14T09:00:00.000000000,72.54,400.12437
2022-09-14T10:00:00.000000000,86.08,410.97026
2022-09-14T11:00:00.000000000,82.0,421.24373
2022-09-14T12:00:00.000000000,75.71,422.34981
2022-09-14T13:00:00.000000000,66.55,428.86027
2022-09-14T14:00:00.000000000,67.32,422.18186
2022-09-14T15:00:00.000000000,63.71,411.49517
2022-09-14T16:00:00.000000000,61.0,412.50534
2022-09-14T17:00:00.000000000,63.45,413.21742
2022-09-14T18:00:00.000000000,76.35,411.0442
2022-09-14T19:00:00.000000000,83.3,408.99384
2022-09-14T20:00:00.000000000,95.72,403.28783
2022-09-14T21:00:00.000000000,91.85,398.08619
2022-09-14T22:00:00.000000000,89.89,399.74731
2022-09-14T23:00:00.000000000,89.95,397.58269
2022-09-15T00:00:00.000000000,97.91,494.58347
2022-09-15T01:00:00.000000000,106.45,494.24753
2022-09-15T02:00:00.000000000,125.86,504.5281
2022-09-15T03:00:00.000000000,113.78,506.8539
2022-09-15T04:00:00.000000000,133.99,512.56797
2022-09-15T05:00:00.000000000,138.53,517.97238
2022-09-15T06:00:00.000000000,143.89,523.60652
2022-09-15T07:00:00.000000000,124.82,537.20588
2022-09-15T08:00:00.000000000,78.77,536.58465
2022-09-15T09:00:00.000000000,73.78,541.02731
2022-09-15T10:00:00.000000000,80.72,549.78654
2022-09-15T11:00:00.000000000,85.07,557.69624
2022-09-15T12:00:00.000000000,95.83,553.00607
2022-09-15T13:00:00.000000000,83.22,555.63324
2022-09-15T14:00:00.000000000,79.77,546.5596
2022-09-15T15:00:00.000000000,80.67,528.35921
2022-09-15T16:00:00.000000000,79.79,522.24701
2022-09-15T17:00:00.000000000,70.53,515.76459
2022-09-15T18:00:00.000000000,76.39,502.91509
2022-09-15T19:00:00.000000000,81.89,496.64439
2022-09-15T20:00:00.000000000,89.08,486.80707
2022-09-15T21:00:00.000000000,86.12,478.45217
2022-09-15T22:00:00.000000000,84.68,483.32662
2022-09-15T23:00:00.000000000,82.87,483.40738
2022-09-16T00:00:00.000000000,82.43,558.96906
2022-09-16T01:00:00.000000000,94.42,555.71021
2022-09-16T02:00:00.000000000,108.29,562.38803
2022-09-16T03:00:00.000000000,118.57,564.16371
2022-09-16T04:00:00.000000000,114.96,570.7925
2022-09-16T05:00:00.000000000,87.35,574.44402
2022-09-16T06:00:00.000000000,75.53,574.4656
2022-09-16T07:00:00.000000000,71.52,583.28269
2022-09-16T08:00:00.000000000,66.71,575.82015
2022-09-16T09:00:00.000000000,66.34,576.62258
2022-09-16T10:00:00.000000000,65.75,582.09747
2022-09-16T11:00:00.000000000,63.02,588.62625
2022-09-16T12:00:00.000000000,59.33,580.24965
2022-09-16T13:00:00.000000000,59.71,581.19091
2022-09-16T14:00:00.000000000,59.49,571.92608
2022-09-16T15:00:00.000000000,70.13,551.48445
2022-09-16T16:00:00.000000000,69.97,544.44977
2022-09-16T17:00:00.000000000,62.98,534.2631
2022-09-16T18:00:00.000000000,55.77,516.38211
2022-09-16T19:00:00.000000000,55.32,506.66242
2022-09-16T20:00:00.000000000,57.01,491.28018
2022-09-16T21:00:00.000000000,54.97,481.10145
2022-09-16T22:00:00.000000000,57.0,486.78632
2022-09-16T23:00:00.000000000,58.12,486.78791
2022-09-14T00:00:00.000000000,98.39,282.17619
2022-09-14T01:00:00.000000000,104.69,281.92546
2022-09-14T02:00:00.000000000,129.32,289.63446
2022-09-14T03:00:00.000000000,132.13,276.79029
2022-09-14T04:00:00.000000000,122.68,280.87194
2022-09-14T05:00:00.000000000,94.64,278.90349
2022-09-14T06:00:00.000000000,77.42,282.2445
2022-09-14T07:00:00.000000000,67.37,284.70516
2022-09-14T08:00:00.000000000,66.88,279.49594
2022-09-14T09:00:00.000000000,72.54,265.89134
2022-09-14T10:00:00.000000000,86.08,262.90462
2022-09-14T11:00:00.000000000,82.0,268.60063
2022-09-14T12:00:00.000000000,75.71,264.12136
2022-09-14T13:00:00.000000000,66.55,262.08337
2022-09-14T14:00:00.000000000,67.32,251.17808
2022-09-14T15:00:00.000000000,63.71,239.474
2022-09-14T16:00:00.000000000,61.0,244.57667
2022-09-14T17:00:00.000000000,63.45,246.08313
2022-09-14T18:00:00.000000000,76.35,252.88633
2022-09-14T19:00:00.000000000,83.3,257.14036
2022-09-14T20:00:00.000000000,95.72,251.10789
2022-09-14T21:00:00.000000000,91.85,256.67079
2022-09-14T22:00:00.000000000,89.89,266.20441
2022-09-14T23:00:00.000000000,89.95,274.6657
2022-09-15T00:00:00.000000000,97.91,399.96677
2022-09-15T01:00:00.000000000,106.45,399.65074
2022-09-15T02:00:00.000000000,125.86,412.33725
2022-09-15T03:00:00.000000000,113.78,410.55237
2022-09-15T04:00:00.000000000,133.99,413.54074
2022-09-15T05:00:00.000000000,138.53,412.14372
2022-09-15T06:00:00.000000000,143.89,411.68053
2022-09-15T07:00:00.000000000,124.82,417.90592
2022-09-15T08:00:00.000000000,78.77,415.97961
2022-09-15T09:00:00.000000000,73.78,410.70028
2022-09-15T10:00:00.000000000,80.72,414.45132
2022-09-15T11:00:00.000000000,85.07,421.0346
2022-09-15T12:00:00.000000000,95.83,415.16433
2022-09-15T13:00:00.000000000,83.22,416.34566
2022-09-15T14:00:00.000000000,79.77,403.76908
2022-09-15T15:00:00.000000000,80.67,387.69888
2022-09-15T16:00:00.000000000,79.79,382.49231
2022-09-15T17:00:00.000000000,70.53,378.20374
2022-09-15T18:00:00.000000000,76.39,371.81069
2022-09-15T19:00:00.000000000,81.89,367.80434
2022-09-15T20:00:00.000000000,89.08,358.76939
2022-09-15T21:00:00.000000000,86.12,353.50629
2022-09-15T22:00:00.000000000,84.68,359.42359
2022-09-15T23:00:00.000000000,82.87,364.67809
2022-09-16T00:00:00.000000000,82.43,476.82987
2022-09-16T01:00:00.000000000,94.42,470.82859
2022-09-16T02:00:00.000000000,108.29,478.17084
2022-09-16T03:00:00.000000000,118.57,474.58021
2022-09-16T04:00:00.000000000,114.96,474.05566
2022-09-16T05:00:00.000000000,87.35,468.63555
2022-09-16T06:00:00.000000000,75.53,463.70928
2022-09-16T07:00:00.000000000,71.52,468.41632
2022-09-16T08:00:00.000000000,66.71,463.28345
2022-09-16T09:00:00.000000000,66.34,456.0221
2022-09-16T10:00:00.000000000,65.75,456.70902
2022-09-16T11:00:00.000000000,63.02,460.65016
2022-09-16T12:00:00.000000000,59.33,449.98777
2022-09-16T13:00:00.000000000,59.71,448.06077
2022-09-16T14:00:00.000000000,59.49,432.38104
2022-09-16T15:00:00.000000000,70.13,414.36824
2022-09-16T16:00:00.000000000,69.97,407.03035
2022-09-16T17:00:00.000000000,62.98,404.2617
2022-09-16T18:00:00.000000000,55.77,399.20331
2022-09-16T19:00:00.000000000,55.32,397.64061
2022-09-16T20:00:00.000000000,57.01,392.78949
2022-09-16T21:00:00.000000000,54.97,388.73336
2022-09-16T22:00:00.000000000,57.0,396.36185
2022-09-16T23:00:00.000000000,58.12,402.29913
2022-09-17T00:00:00.000000000,59.34,497.7169
2022-09-17T01:00:00.000000000,64.04,487.32116
2022-09-17T02:00:00.000000000,79.53,490.55585
2022-09-17T03:00:00.000000000,80.79,485.57119
2022-09-17T04:00:00.000000000,87.73,483.97267
2022-09-17T05:00:00.000000000,94.07,478.39256
2022-09-17T06:00:00.000000000,122.74,473.48267
2022-09-17T07:00:00.000000000,111.76,478.86863
2022-09-17T08:00:00.000000000,115.84,474.97601
2022-09-17T09:00:00.000000000,109.35,470.23361
2022-09-17T10:00:00.000000000,127.6,473.38045
2022-09-17T11:00:00.000000000,146.1,477.99922
2022-09-17T12:00:00.000000000,167.82,468.76926
2022-09-17T13:00:00.000000000,193.84,468.47097
2022-09-17T14:00:00.000000000,214.92,454.15745
2022-09-17T15:00:00.000000000,164.01,437.13894
2022-09-17T16:00:00.000000000,118.66,431.12814
2022-09-17T17:00:00.000000000,107.56,429.31821
2022-09-17T18:00:00.000000000,96.61,424.28081
2022-09-17T19:00:00.000000000,91.96,422.31251
2022-09-17T20:00:00.000000000,81.67,417.13111
2022-09-17T21:00:00.000000000,77.51,411.98198
2022-09-17T22:00:00.000000000,81.36,417.90038
2022-09-17T23:00:00.000000000,78.03,420.5581
2022-09-15T00:00:00.000000000,97.91,248.24229
2022-09-15T01:00:00.000000000,106.45,240.57394
2022-09-15T02:00:00.000000000,125.86,243.56924
2022-09-15T03:00:00.000000000,113.78,226.96808
2022-09-15T04:00:00.000000000,133.99,231.20205
2022-09-15T05:00:00.000000000,138.53,230.40821
2022-09-15T06:00:00.000000000,143.89,237.01271
2022-09-15T07:00:00.000000000,124.82,241.07587
2022-09-15T08:00:00.000000000,78.77,241.70057
2022-09-15T09:00:00.000000000,73.78,234.66449
2022-09-15T10:00:00.000000000,80.72,240.32425
2022-09-15T11:00:00.000000000,85.07,250.4494
2022-09-15T12:00:00.000000000,95.83,253.66756
2022-09-15T13:00:00.000000000,83.22,256.478
2022-09-15T14:00:00.000000000,79.77,250.44994
2022-09-15T15:00:00.000000000,80.67,242.56574
2022-09-15T16:00:00.000000000,79.79,249.94662
2022-09-15T17:00:00.000000000,70.53,250.81304
2022-09-15T18:00:00.000000000,76.39,262.14645
2022-09-15T19:00:00.000000000,81.89,268.48008
2022-09-15T20:00:00.000000000,89.08,263.506
2022-09-15T21:00:00.000000000,86.12,270.36325
2022-09-15T22:00:00.000000000,84.68,276.56703
2022-09-15T23:00:00.000000000,82.87,277.52376
2022-09-16T00:00:00.000000000,82.43,383.96388
2022-09-16T01:00:00.000000000,94.42,378.33677
2022-09-16T02:00:00.000000000,108.29,383.62698
2022-09-16T03:00:00.000000000,118.57,372.90686
2022-09-16T04:00:00.000000000,114.96,373.09683
2022-09-16T05:00:00.000000000,87.35,368.34942
2022-09-16T06:00:00.000000000,75.53,366.48217
2022-09-16T07:00:00.000000000,71.52,370.58941
2022-09-16T08:00:00.000000000,66.71,367.50484
2022-09-16T09:00:00.000000000,66.34,359.90159
2022-09-16T10:00:00.000000000,65.75,361.30288
2022-09-16T11:00:00.000000000,63.02,366.38931
2022-09-16T12:00:00.000000000,59.33,357.62922
2022-09-16T13:00:00.000000000,59.71,354.15987
2022-09-16T14:00:00.000000000,59.49,339.43876
2022-09-16T15:00:00.000000000,70.13,325.29344
2022-09-16T16:00:00.000000000,69.97,324.9005
2022-09-16T17:00:00.000000000,62.98,325.05522
2022-09-16T18:00:00.000000000,55.77,325.69689
2022-09-16T19:00:00.000000000,55.32,324.52957
2022-09-16T20:00:00.000000000,57.01,315.46314
2022-09-16T21:00:00.000000000,54.97,312.61141
2022-09-16T22:00:00.000000000,57.0,319.52366
2022-09-16T23:00:00.000000000,58.12,324.19784
2022-09-17T00:00:00.000000000,59.34,426.05905
2022-09-17T01:00:00.000000000,64.04,423.7712
2022-09-17T02:00:00.000000000,79.53,435.60438
2022-09-17T03:00:00.000000000,80.79,435.93345
2022-09-17T04:00:00.000000000,87.73,439.90325
2022-09-17T05:00:00.000000000,94.07,440.13855
2022-09-17T06:00:00.000000000,122.74,441.76
2022-09-17T07:00:00.000000000,111.76,451.16356
2022-09-17T08:00:00.000000000,115.84,451.15282
2022-09-17T09:00:00.000000000,109.35,448.54431
2022-09-17T10:00:00.000000000,127.6,453.67506
2022-09-17T11:00:00.000000000,146.1,459.57524
2022-09-17T12:00:00.000000000,167.82,453.158
2022-09-17T13:00:00.000000000,193.84,455.25171
2022-09-17T14:00:00.000000000,214.92,442.17642
2022-09-17T15:00:00.000000000,164.01,425.09344
2022-09-17T16:00:00.000000000,118.66,418.04786
2022-09-17T17:00:00.000000000,107.56,413.64256
2022-09-17T18:00:00.000000000,96.61,405.44447
2022-09-17T19:00:00.000000000,91.96,399.99736
2022-09-17T20:00:00.000000000,81.67,390.83789
2022-09-17T21:00:00.000000000,77.51,383.32239
2022-09-17T22:00:00.000000000,81.36,386.97291
2022-09-17T23:00:00.000000000,78.03,389.52352
2022-09-18T00:00:00.000000000,97.1,461.12818
2022-09-18T01:00:00.000000000,106.36,464.10666
2022-09-18T02:00:00.000000000,116.17,480.08101
2022-09-18T03:00:00.000000000,105.0,485.71973
2022-09-18T04:00:00.000000000,113.82,489.9527
2022-09-18T05:00:00.000000000,114.27,490.37837
2022-09-18T06:00:00.000000000,162.77,490.91812
2022-09-18T07:00:00.000000000,142.53,500.23194
2022-09-18T08:00:00.000000000,134.84,500.49378
2022-09-18T09:00:00.000000000,115.86,500.02471
2022-09-18T10:00:00.000000000,104.28,506.76526
2022-09-18T11:00:00.000000000,115.11,512.65653
2022-09-18T12:00:00.000000000,90.73,505.50976
2022-09-18T13:00:00.000000000,97.34,506.70161
2022-09-18T14:00:00.000000000,108.14,491.38569
2022-09-18T15:00:00.000000000,176.24,470.26035
2022-09-18T16:00:00.000000000,144.06,459.6902
2022-09-18T17:00:00.000000000,108.53,451.32989
2022-09-18T18:00:00.000000000,117.45,438.94091
2022-09-18T19:00:00.000000000,109.48,432.87274
2022-09-18T20:00:00.000000000,117.21,425.23538
2022-09-18T21:00:00.000000000,127.82,419.16712
2022-09-18T22:00:00.000000000,119.77,426.33069
2022-09-18T23:00:00.000000000,108.64,431.69287
2022-09-16T00:00:00.000000000,82.43,246.63369
2022-09-16T01:00:00.000000000,94.42,238.90605
2022-09-16T02:00:00.000000000,108.29,241.85258
2022-09-16T03:00:00.000000000,118.57,225.08003
2022-09-16T04:00:00.000000000,114.96,229.37824
2022-09-16T05:00:00.000000000,87.35,228.59589
2022-09-16T06:00:00.000000000,75.53,235.37679
2022-09-16T07:00:00.000000000,71.52,239.47624
2022-09-16T08:00:00.000000000,66.71,240.05649
2022-09-16T09:00:00.000000000,66.34,232.84111
2022-09-16T10:00:00.000000000,65.75,238.26816
2022-09-16T11:00:00.000000000,63.02,248.2937
2022-09-16T12:00:00.000000000,59.33,251.46226
2022-09-16T13:00:00.000000000,59.71,254.20658
2022-09-16T14:00:00.000000000,59.49,248.24157
2022-09-16T15:00:00.000000000,70.13,240.44238
2022-09-16T16:00:00.000000000,69.97,247.9321
2022-09-16T17:00:00.000000000,62.98,248.90183
2022-09-16T18:00:00.000000000,55.77,260.52893
2022-09-16T19:00:00.000000000,55.32,267.12321
2022-09-16T20:00:00.000000000,57.01,262.28238
2022-09-16T21:00:00.000000000,54.97,269.33863
2022-09-16T22:00:00.000000000,57.0,275.54675
2022-09-16T23:00:00.000000000,58.12,276.52654
2022-09-17T00:00:00.000000000,59.34,386.02191
2022-09-17T01:00:00.000000000,64.04,381.68686
2022-09-17T02:00:00.000000000,79.53,390.14633
2022-09-17T03:00:00.000000000,80.79,386.02174
2022-09-17T04:00:00.000000000,87.73,391.39908
2022-09-17T05:00:00.000000000,94.07,392.64289
2022-09-17T06:00:00.000000000,122.74,397.23486
2022-09-17T07:00:00.000000000,111.76,407.8189
2022-09-17T08:00:00.000000000,115.84,410.4409
2022-09-17T09:00:00.000000000,109.35,409.11676
2022-09-17T10:00:00.000000000,127.6,414.5577
2022-09-17T11:00:00.000000000,146.1,419.64163
2022-09-17T12:00:00.000000000,167.82,411.23145
2022-09-17T13:00:00.000000000,193.84,409.88757
2022-09-17T14:00:00.000000000,214.92,395.87704
2022-09-17T15:00:00.000000000,164.01,380.90079
2022-09-17T16:00:00.000000000,118.66,379.50035
2022-09-17T17:00:00.000000000,107.56,379.77238
2022-09-17T18:00:00.000000000,96.61,377.77154
2022-09-17T19:00:00.000000000,91.96,374.98476
2022-09-17T20:00:00.000000000,81.67,365.86578
2022-09-17T21:00:00.000000000,77.51,358.05288
2022-09-17T22:00:00.000000000,81.36,360.04516
2022-09-17T23:00:00.000000000,78.03,359.30325
2022-09-18T00:00:00.000000000,97.1,444.98284
2022-09-18T01:00:00.000000000,106.36,446.32627
2022-09-18T02:00:00.000000000,116.17,461.67131
2022-09-18T03:00:00.000000000,105.0,465.58563
2022-09-18T04:00:00.000000000,113.82,468.8766
2022-09-18T05:00:00.000000000,114.27,468.14115
2022-09-18T06:00:00.000000000,162.77,467.20139
2022-09-18T07:00:00.000000000,142.53,474.5009
2022-09-18T08:00:00.000000000,134.84,473.65878
2022-09-18T09:00:00.000000000,115.86,471.00621
2022-09-18T10:00:00.000000000,104.28,477.21113
2022-09-18T11:00:00.000000000,115.11,483.71579
2022-09-18T12:00:00.000000000,90.73,477.81078
2022-09-18T13:00:00.000000000,97.34,480.01495
2022-09-18T14:00:00.000000000,108.14,465.32105
2022-09-18T15:00:00.000000000,176.24,445.70081
2022-09-18T16:00:00.000000000,144.06,435.51574
2022-09-18T17:00:00.000000000,108.53,428.0136
2022-09-18T18:00:00.000000000,117.45,416.877
2022-09-18T19:00:00.000000000,109.48,410.92234
2022-09-18T20:00:00.000000000,117.21,403.10647
2022-09-18T21:00:00.000000000,127.82,397.36426
2022-09-18T22:00:00.000000000,119.77,404.27422
2022-09-18T23:00:00.000000000,108.64,410.33104
2022-09-19T00:00:00.000000000,102.03,476.18569
2022-09-19T01:00:00.000000000,104.24,482.11598
2022-09-19T02:00:00.000000000,104.98,497.44544
2022-09-19T03:00:00.000000000,118.69,502.60489
2022-09-19T04:00:00.000000000,142.33,509.89761
2022-09-19T05:00:00.000000000,153.63,516.77945
2022-09-19T06:00:00.000000000,166.13,525.81243
2022-09-19T07:00:00.000000000,140.26,543.23052
2022-09-19T08:00:00.000000000,116.86,546.99072
2022-09-19T09:00:00.000000000,158.12,554.95173
2022-09-19T10:00:00.000000000,175.75,564.72825
2022-09-19T11:00:00.000000000,134.96,571.73559
2022-09-19T12:00:00.000000000,145.3,565.38392
2022-09-19T13:00:00.000000000,154.98,565.73461
2022-09-19T14:00:00.000000000,169.94,553.29003
2022-09-19T15:00:00.000000000,174.33,532.39208
2022-09-19T16:00:00.000000000,167.57,523.77655
2022-09-19T17:00:00.000000000,126.44,515.48026
2022-09-19T18:00:00.000000000,112.58,501.55966
2022-09-19T19:00:00.000000000,99.14,494.93233
2022-09-19T20:00:00.000000000,95.05,486.41723
2022-09-19T21:00:00.000000000,89.44,479.16733
2022-09-19T22:00:00.000000000,87.99,485.72998
2022-09-19T23:00:00.000000000,88.11,487.65419
2022-09-17T00:00:00.000000000,59.34,187.91575
2022-09-17T01:00:00.000000000,64.04,188.99653
2022-09-17T02:00:00.000000000,79.53,203.00954
2022-09-17T03:00:00.000000000,80.79,200.22527
2022-09-17T04:00:00.000000000,87.73,217.63315
2022-09-17T05:00:00.000000000,94.07,230.201
2022-09-17T06:00:00.000000000,122.74,248.4438
2022-09-17T07:00:00.000000000,111.76,262.15601
2022-09-17T08:00:00.000000000,115.84,273.04508
2022-09-17T09:00:00.000000000,109.35,278.96416
2022-09-17T10:00:00.000000000,127.6,296.68859
2022-09-17T11:00:00.000000000,146.1,309.60215
2022-09-17T12:00:00.000000000,167.82,314.53133
2022-09-17T13:00:00.000000000,193.84,320.44318
2022-09-17T14:00:00.000000000,214.92,313.81299
2022-09-17T15:00:00.000000000,164.01,304.02663
2022-09-17T16:00:00.000000000,118.66,310.8533
2022-09-17T17:00:00.000000000,107.56,308.40839
2022-09-17T18:00:00.000000000,96.61,310.14287
2022-09-17T19:00:00.000000000,91.96,305.47411
2022-09-17T20:00:00.000000000,81.67,287.92469
2022-09-17T21:00:00.000000000,77.51,280.63212
2022-09-17T22:00:00.000000000,81.36,278.47422
2022-09-17T23:00:00.000000000,78.03,268.77537
2022-09-18T00:00:00.000000000,97.1,373.30853
2022-09-18T01:00:00.000000000,106.36,375.51141
2022-09-18T02:00:00.000000000,116.17,391.70149
2022-09-18T03:00:00.000000000,105.0,395.89352
2022-09-18T04:00:00.000000000,113.82,406.11845
2022-09-18T05:00:00.000000000,114.27,412.70995
2022-09-18T06:00:00.000000000,162.77,421.53645
2022-09-18T07:00:00.000000000,142.53,435.52823
2022-09-18T08:00:00.000000000,134.84,439.77381
2022-09-18T09:00:00.000000000,115.86,440.61853
2022-09-18T10:00:00.000000000,104.28,448.06104
2022-09-18T11:00:00.000000000,115.11,454.53696
2022-09-18T12:00:00.000000000,90.73,449.4964
2022-09-18T13:00:00.000000000,97.34,452.91878
2022-09-18T14:00:00.000000000,108.14,440.90524
2022-09-18T15:00:00.000000000,176.24,424.66643
2022-09-18T16:00:00.000000000,144.06,420.02164
2022-09-18T17:00:00.000000000,108.53,416.01414
2022-09-18T18:00:00.000000000,117.45,406.67197
2022-09-18T19:00:00.000000000,109.48,398.39793
2022-09-18T20:00:00.000000000,117.21,384.73119
2022-09-18T21:00:00.000000000,127.82,372.60333
2022-09-18T22:00:00.000000000,119.77,371.70539
2022-09-18T23:00:00.000000000,108.64,370.58165
2022-09-19T00:00:00.000000000,102.03,430.79691
2022-09-19T01:00:00.000000000,104.24,439.99468
2022-09-19T02:00:00.000000000,104.98,461.10115
2022-09-19T03:00:00.000000000,118.69,471.87311
2022-09-19T04:00:00.000000000,142.33,483.70438
2022-09-19T05:00:00.000000000,153.63,495.18179
2022-09-19T06:00:00.000000000,166.13,508.6826
2022-09-19T07:00:00.000000000,140.26,529.38519
2022-09-19T08:00:00.000000000,116.86,536.29057
2022-09-19T09:00:00.000000000,158.12,545.5963
2022-09-19T10:00:00.000000000,175.75,556.70941
2022-09-19T11:00:00.000000000,134.96,564.35215
2022-09-19T12:00:00.000000000,145.3,560.00542
2022-09-19T13:00:00.000000000,154.98,564.1176
2022-09-19T14:00:00.000000000,169.94,554.10699
2022-09-19T15:00:00.000000000,174.33,534.41984
2022-09-19T16:00:00.000000000,167.57,525.76083
2022-09-19T17:00:00.000000000,126.44,516.39806
2022-09-19T18:00:00.000000000,112.58,499.73871
2022-09-19T19:00:00.000000000,99.14,489.56332
2022-09-19T20:00:00.000000000,95.05,476.4147
2022-09-19T21:00:00.000000000,89.44,463.28224
2022-09-19T22:00:00.000000000,87.99,463.95925
2022-09-19T23:00:00.000000000,88.11,462.41121
2022-09-20T00:00:00.000000000,90.78,552.47369
2022-09-20T01:00:00.000000000,99.82,549.60997
2022-09-20T02:00:00.000000000,126.36,555.28326
2022-09-20T03:00:00.000000000,122.45,552.828
2022-09-20T04:00:00.000000000,108.18,556.79922
2022-09-20T05:00:00.000000000,115.43,559.53802
2022-09-20T06:00:00.000000000,150.27,562.55911
2022-09-20T07:00:00.000000000,157.92,573.99583
2022-09-20T08:00:00.000000000,142.11,569.37843
2022-09-20T09:00:00.000000000,130.95,570.47326
2022-09-20T10:00:00.000000000,120.21,573.77085
2022-09-20T11:00:00.000000000,100.14,578.67079
2022-09-20T12:00:00.000000000,121.42,569.67538
2022-09-20T13:00:00.000000000,130.59,568.66056
2022-09-20T14:00:00.000000000,111.96,557.55324
2022-09-20T15:00:00.000000000,117.14,537.37124
2022-09-20T16:00:00.000000000,103.91,531.13879
2022-09-20T17:00:00.000000000,86.87,523.62718
2022-09-20T18:00:00.000000000,80.53,511.01906
2022-09-20T19:00:00.000000000,75.87,505.84587
2022-09-20T20:00:00.000000000,78.43,497.48693
2022-09-20T21:00:00.000000000,68.39,493.20089
2022-09-20T22:00:00.000000000,69.59,500.79493
2022-09-20T23:00:00.000000000,69.55,501.65938
2022-09-18T00:00:00.000000000,97.1,239.52578
2022-09-18T01:00:00.000000000,106.36,250.18172
2022-09-18T02:00:00.000000000,116.17,273.28449
2022-09-18T03:00:00.000000000,105.0,280.3657
2022-09-18T04:00:00.000000000,113.82,299.61104
2022-09-18T05:00:00.000000000,114.27,314.49389
2022-09-18T06:00:00.000000000,162.77,332.01515
2022-09-18T07:00:00.000000000,142.53,346.95964
2022-09-18T08:00:00.000000000,134.84,353.88181
2022-09-18T09:00:00.000000000,115.86,355.61693
2022-09-18T10:00:00.000000000,104.28,366.29685
2022-09-18T11:00:00.000000000,115.11,375.66243
2022-09-18T12:00:00.000000000,90.73,376.20278
2022-09-18T13:00:00.000000000,97.34,381.91102
2022-09-18T14:00:00.000000000,108.14,373.20369
2022-09-18T15:00:00.000000000,176.24,359.45879
2022-09-18T16:00:00.000000000,144.06,361.00316
2022-09-18T17:00:00.000000000,108.53,356.29458
2022-09-18T18:00:00.000000000,117.45,348.60835
2022-09-18T19:00:00.000000000,109.48,339.2503
2022-09-18T20:00:00.000000000,117.21,320.44943
2022-09-18T21:00:00.000000000,127.82,308.90226
2022-09-18T22:00:00.000000000,119.77,306.78471
2022-09-18T23:00:00.000000000,108.64,303.87284
2022-09-19T00:00:00.000000000,102.03,368.54259
2022-09-19T01:00:00.000000000,104.24,376.27231
2022-09-19T02:00:00.000000000,104.98,398.05699
2022-09-19T03:00:00.000000000,118.69,408.84436
2022-09-19T04:00:00.000000000,142.33,422.58543
2022-09-19T05:00:00.000000000,153.63,435.48098
2022-09-19T06:00:00.000000000,166.13,450.88052
2022-09-19T07:00:00.000000000,140.26,470.71488
2022-09-19T08:00:00.000000000,116.86,479.58687
2022-09-19T09:00:00.000000000,158.12,487.91486
2022-09-19T10:00:00.000000000,175.75,500.62282
2022-09-19T11:00:00.000000000,134.96,509.08094
2022-09-19T12:00:00.000000000,145.3,508.863
2022-09-19T13:00:00.000000000,154.98,517.67097
2022-09-19T14:00:00.000000000,169.94,509.75074
2022-09-19T15:00:00.000000000,174.33,494.2669
2022-09-19T16:00:00.000000000,167.57,488.44012
2022-09-19T17:00:00.000000000,126.44,482.54689
2022-09-19T18:00:00.000000000,112.58,468.24191
2022-09-19T19:00:00.000000000,99.14,456.77625
2022-09-19T20:00:00.000000000,95.05,441.76875
2022-09-19T21:00:00.000000000,89.44,426.35908
2022-09-19T22:00:00.000000000,87.99,422.87099
2022-09-19T23:00:00.000000000,88.11,418.38857
2022-09-20T00:00:00.000000000,90.78,510.05627
2022-09-20T01:00:00.000000000,99.82,511.36375
2022-09-20T02:00:00.000000000,126.36,523.19102
2022-09-20T03:00:00.000000000,122.45,525.5486
2022-09-20T04:00:00.000000000,108.18,530.16333
2022-09-20T05:00:00.000000000,115.43,531.50843
2022-09-20T06:00:00.000000000,150.27,533.83627
2022-09-20T07:00:00.000000000,157.92,545.25574
2022-09-20T08:00:00.000000000,142.11,543.81726
2022-09-20T09:00:00.000000000,130.95,544.67104
2022-09-20T10:00:00.000000000,120.21,549.31631
2022-09-20T11:00:00.000000000,100.14,554.43135
2022-09-20T12:00:00.000000000,121.42,544.83782
2022-09-20T13:00:00.000000000,130.59,543.61219
2022-09-20T14:00:00.000000000,111.96,529.23399
2022-09-20T15:00:00.000000000,117.14,507.16943
2022-09-20T16:00:00.000000000,103.91,498.00857
2022-09-20T17:00:00.000000000,86.87,489.26345
2022-09-20T18:00:00.000000000,80.53,477.45918
2022-09-20T19:00:00.000000000,75.87,472.7573
2022-09-20T20:00:00.000000000,78.43,465.63437
2022-09-20T21:00:00.000000000,68.39,460.67399
2022-09-20T22:00:00.000000000,69.59,468.12183
2022-09-20T23:00:00.000000000,69.55,470.72575
2022-09-21T00:00:00.000000000,74.21,539.62094
2022-09-21T01:00:00.000000000,81.85,539.97592
2022-09-21T02:00:00.000000000,81.91,549.82207
2022-09-21T03:00:00.000000000,81.36,551.74995
2022-09-21T04:00:00.000000000,89.78,557.30769
2022-09-21T05:00:00.000000000,93.95,559.95731
2022-09-21T06:00:00.000000000,131.47,561.51305
2022-09-21T07:00:00.000000000,156.32,572.0839
2022-09-21T08:00:00.000000000,167.93,567.81282
2022-09-21T09:00:00.000000000,187.54,569.30957
2022-09-21T10:00:00.000000000,178.22,574.36626
2022-09-21T11:00:00.000000000,188.45,580.59496
2022-09-21T12:00:00.000000000,199.64,571.88134
2022-09-21T13:00:00.000000000,197.89,571.73088
2022-09-21T14:00:00.000000000,185.65,559.95402
2022-09-21T15:00:00.000000000,170.0,538.37656
2022-09-21T16:00:00.000000000,144.09,530.09777
2022-09-21T17:00:00.000000000,112.26,520.06821
2022-09-21T18:00:00.000000000,112.31,504.95776
2022-09-21T19:00:00.000000000,103.95,497.46531
2022-09-21T20:00:00.000000000,109.34,486.54827
2022-09-21T21:00:00.000000000,104.82,479.3871
2022-09-21T22:00:00.000000000,99.93,486.23337
2022-09-21T23:00:00.000000000,95.29,487.5196
2022-09-19T00:00:00.000000000,102.03,237.50927
2022-09-19T01:00:00.000000000,104.24,239.83266
2022-09-19T02:00:00.000000000,104.98,256.58686
2022-09-19T03:00:00.000000000,118.69,258.7582
2022-09-19T04:00:00.000000000,142.33,274.6715
2022-09-19T05:00:00.000000000,153.63,289.32043
2022-09-19T06:00:00.000000000,166.13,307.28904
2022-09-19T07:00:00.000000000,140.26,322.47606
2022-09-19T08:00:00.000000000,116.86,332.80772
2022-09-19T09:00:00.000000000,158.12,337.78008
2022-09-19T10:00:00.000000000,175.75,351.80033
2022-09-19T11:00:00.000000000,134.96,365.48656
2022-09-19T12:00:00.000000000,145.3,373.0886
2022-09-19T13:00:00.000000000,154.98,384.72409
2022-09-19T14:00:00.000000000,169.94,382.47019
2022-09-19T15:00:00.000000000,174.33,374.80419
2022-09-19T16:00:00.000000000,167.57,383.08509
2022-09-19T17:00:00.000000000,126.44,383.29956
2022-09-19T18:00:00.000000000,112.58,379.17683
2022-09-19T19:00:00.000000000,99.14,370.68774
2022-09-19T20:00:00.000000000,95.05,353.33001
2022-09-19T21:00:00.000000000,89.44,342.12951
2022-09-19T22:00:00.000000000,87.99,335.34394
2022-09-19T23:00:00.000000000,88.11,327.33504
2022-09-20T00:00:00.000000000,90.78,433.35728
2022-09-20T01:00:00.000000000,99.82,434.19085
2022-09-20T02:00:00.000000000,126.36,450.20852
2022-09-20T03:00:00.000000000,122.45,455.16373
2022-09-20T04:00:00.000000000,108.18,461.48258
2022-09-20T05:00:00.000000000,115.43,463.35047
2022-09-20T06:00:00.000000000,150.27,465.72305
2022-09-20T07:00:00.000000000,157.92,475.76023
2022-09-20T08:00:00.000000000,142.11,475.65922
2022-09-20T09:00:00.000000000,130.95,472.47297
2022-09-20T10:00:00.000000000,120.21,476.47522
2022-09-20T11:00:00.000000000,100.14,480.86936
2022-09-20T12:00:00.000000000,121.42,471.99528
2022-09-20T13:00:00.000000000,130.59,472.4514
2022-09-20T14:00:00.000000000,111.96,457.47587
2022-09-20T15:00:00.000000000,117.14,437.64951
2022-09-20T16:00:00.000000000,103.91,428.1474
2022-09-20T17:00:00.000000000,86.87,421.4782
2022-09-20T18:00:00.000000000,80.53,410.95616
2022-09-20T19:00:00.000000000,75.87,405.57668
2022-09-20T20:00:00.000000000,78.43,397.17432
2022-09-20T21:00:00.000000000,68.39,390.34138
2022-09-20T22:00:00.000000000,69.59,395.39292
2022-09-20T23:00:00.000000000,69.55,399.67084
2022-09-21T00:00:00.000000000,74.21,473.30172
2022-09-21T01:00:00.000000000,81.85,477.59964
2022-09-21T02:00:00.000000000,81.91,493.63051
2022-09-21T03:00:00.000000000,81.36,500.50885
2022-09-21T04:00:00.000000000,89.78,507.56569
2022-09-21T05:00:00.000000000,93.95,511.79249
2022-09-21T06:00:00.000000000,131.47,516.19229
2022-09-21T07:00:00.000000000,156.32,529.22074
2022-09-21T08:00:00.000000000,167.93,529.88675
2022-09-21T09:00:00.000000000,187.54,532.19222
2022-09-21T10:00:00.000000000,178.22,539.19423
2022-09-21T11:00:00.000000000,188.45,545.79441
2022-09-21T12:00:00.000000000,199.64,538.94194
2022-09-21T13:00:00.000000000,197.89,540.89297
2022-09-21T14:00:00.000000000,185.65,528.10279
2022-09-21T15:00:00.000000000,170.0,506.90893
2022-09-21T16:00:00.000000000,144.09,497.38221
2022-09-21T17:00:00.000000000,112.26,487.83801
2022-09-21T18:00:00.000000000,112.31,473.27898
2022-09-21T19:00:00.000000000,103.95,465.33579
2022-09-21T20:00:00.000000000,109.34,455.11058
2022-09-21T21:00:00.000000000,104.82,446.17552
2022-09-21T22:00:00.000000000,99.93,450.64655
2022-09-21T23:00:00.000000000,95.29,452.56127
2022-09-22T00:00:00.000000000,104.29,511.22996
2022-09-22T01:00:00.000000000,114.75,507.32284
2022-09-22T02:00:00.000000000,102.72,517.8168
2022-09-22T03:00:00.000000000,90.46,519.92617
2022-09-22T04:00:00.000000000,88.69,522.6356
2022-09-22T05:00:00.000000000,73.31,518.60727
2022-09-22T06:00:00.000000000,66.16,513.22794
2022-09-22T07:00:00.000000000,64.53,517.17541
2022-09-22T08:00:00.000000000,61.08,510.88948
2022-09-22T09:00:00.000000000,60.3,503.16297
2022-09-22T10:00:00.000000000,61.27,503.73338
2022-09-22T11:00:00.000000000,57.23,506.09225
2022-09-22T12:00:00.000000000,63.4,492.68255
2022-09-22T13:00:00.000000000,61.14,489.18581
2022-09-22T14:00:00.000000000,57.93,470.61578
2022-09-22T15:00:00.000000000,57.62,448.4162
2022-09-22T16:00:00.000000000,54.71,438.64038
2022-09-22T17:00:00.000000000,53.8,433.07456
2022-09-22T18:00:00.000000000,53.4,425.70428
2022-09-22T19:00:00.000000000,52.0,424.76642
2022-09-22T20:00:00.000000000,53.18,421.38321
2022-09-22T21:00:00.000000000,52.14,418.92022
2022-09-22T22:00:00.000000000,51.3,428.65687
2022-09-22T23:00:00.000000000,51.95,434.73693
2022-09-20T00:00:00.000000000,90.78,265.02875
2022-09-20T01:00:00.000000000,99.82,266.08017
2022-09-20T02:00:00.000000000,126.36,277.83144
2022-09-20T03:00:00.000000000,122.45,271.28802
2022-09-20T04:00:00.000000000,108.18,279.57829
2022-09-20T05:00:00.000000000,115.43,284.16363
2022-09-20T06:00:00.000000000,150.27,292.82267
2022-09-20T07:00:00.000000000,157.92,300.13742
2022-09-20T08:00:00.000000000,142.11,301.3309
2022-09-20T09:00:00.000000000,130.95,296.43162
2022-09-20T10:00:00.000000000,120.21,302.24972
2022-09-20T11:00:00.000000000,100.14,312.07303
2022-09-20T12:00:00.000000000,121.42,312.88541
2022-09-20T13:00:00.000000000,130.59,316.43295
2022-09-20T14:00:00.000000000,111.96,308.53389
2022-09-20T15:00:00.000000000,117.14,297.63047
2022-09-20T16:00:00.000000000,103.91,302.23721
2022-09-20T17:00:00.000000000,86.87,301.50239
2022-09-20T18:00:00.000000000,80.53,302.32281
2022-09-20T19:00:00.000000000,75.87,300.46258
2022-09-20T20:00:00.000000000,78.43,289.30298
2022-09-20T21:00:00.000000000,68.39,288.24363
2022-09-20T22:00:00.000000000,69.59,292.64916
2022-09-20T23:00:00.000000000,69.55,294.62611
2022-09-21T00:00:00.000000000,74.21,396.59651
2022-09-21T01:00:00.000000000,81.85,396.21121
2022-09-21T02:00:00.000000000,81.91,409.66497
2022-09-21T03:00:00.000000000,81.36,410.5134
2022-09-21T04:00:00.000000000,89.78,415.88272
2022-09-21T05:00:00.000000000,93.95,417.67255
2022-09-21T06:00:00.000000000,131.47,420.69377
2022-09-21T07:00:00.000000000,156.32,430.37141
2022-09-21T08:00:00.000000000,167.93,431.70233
2022-09-21T09:00:00.000000000,187.54,430.25834
2022-09-21T10:00:00.000000000,178.22,437.11911
2022-09-21T11:00:00.000000000,188.45,444.60083
2022-09-21T12:00:00.000000000,199.64,440.48828
2022-09-21T13:00:00.000000000,197.89,444.00316
2022-09-21T14:00:00.000000000,185.65,432.41292
2022-09-21T15:00:00.000000000,170.0,416.46132
2022-09-21T16:00:00.000000000,144.09,411.14852
2022-09-21T17:00:00.000000000,112.26,406.73614
2022-09-21T18:00:00.000000000,112.31,398.41832
2022-09-21T19:00:00.000000000,103.95,392.14604
2022-09-21T20:00:00.000000000,109.34,381.51931
2022-09-21T21:00:00.000000000,104.82,373.30464
2022-09-21T22:00:00.000000000,99.93,376.05021
2022-09-21T23:00:00.000000000,95.29,377.90954
2022-09-22T00:00:00.000000000,104.29,463.64043
2022-09-22T01:00:00.000000000,114.75,458.63506
2022-09-22T02:00:00.000000000,102.72,465.73642
2022-09-22T03:00:00.000000000,90.46,461.63674
2022-09-22T04:00:00.000000000,88.69,460.35792
2022-09-22T05:00:00.000000000,73.31,455.7431
2022-09-22T06:00:00.000000000,66.16,452.65607
2022-09-22T07:00:00.000000000,64.53,458.2608
2022-09-22T08:00:00.000000000,61.08,456.30668
2022-09-22T09:00:00.000000000,60.3,452.05042
2022-09-22T10:00:00.000000000,61.27,455.34484
2022-09-22T11:00:00.000000000,57.23,460.04189
2022-09-22T12:00:00.000000000,63.4,451.59502
2022-09-22T13:00:00.000000000,61.14,450.05011
2022-09-22T14:00:00.000000000,57.93,434.68953
2022-09-22T15:00:00.000000000,57.62,416.68221
2022-09-22T16:00:00.000000000,54.71,409.70902
2022-09-22T17:00:00.000000000,53.8,407.24405
2022-09-22T18:00:00.000000000,53.4,403.82912
2022-09-22T19:00:00.000000000,52.0,405.07956
2022-09-22T20:00:00.000000000,53.18,405.58689
2022-09-22T21:00:00.000000000,52.14,405.89404
2022-09-22T22:00:00.000000000,51.3,415.93899
2022-09-22T23:00:00.000000000,51.95,422.93132
2022-09-23T00:00:00.000000000,51.64,497.0324
2022-09-23T01:00:00.000000000,53.31,498.85448
2022-09-23T02:00:00.000000000,53.08,508.60017
2022-09-23T03:00:00.000000000,53.39,507.27244
2022-09-23T04:00:00.000000000,54.01,510.55849
2022-09-23T05:00:00.000000000,56.24,514.51888
2022-09-23T06:00:00.000000000,60.22,521.84034
2022-09-23T07:00:00.000000000,68.07,537.70472
2022-09-23T08:00:00.000000000,66.33,540.35293
2022-09-23T09:00:00.000000000,68.1,547.82001
2022-09-23T10:00:00.000000000,64.93,556.13488
2022-09-23T11:00:00.000000000,70.44,563.07062
2022-09-23T12:00:00.000000000,68.78,557.36613
2022-09-23T13:00:00.000000000,69.15,556.72882
2022-09-23T14:00:00.000000000,70.47,545.05276
2022-09-23T15:00:00.000000000,68.25,526.69763
2022-09-23T16:00:00.000000000,63.35,521.05566
2022-09-23T17:00:00.000000000,61.71,516.98747
2022-09-23T18:00:00.000000000,60.2,508.60733
2022-09-23T19:00:00.000000000,60.77,506.51429
2022-09-23T20:00:00.000000000,64.56,503.53419
2022-09-23T21:00:00.000000000,71.52,501.41317
2022-09-23T22:00:00.000000000,74.85,510.65934
2022-09-23T23:00:00.000000000,80.71,513.35986
2022-09-21T00:00:00.000000000,74.21,216.46404
2022-09-21T01:00:00.000000000,81.85,212.67127
2022-09-21T02:00:00.000000000,81.91,219.89705
2022-09-21T03:00:00.000000000,81.36,208.67437
2022-09-21T04:00:00.000000000,89.78,217.9701
2022-09-21T05:00:00.000000000,93.95,222.14524
2022-09-21T06:00:00.000000000,131.47,232.38102
2022-09-21T07:00:00.000000000,156.32,238.55387
2022-09-21T08:00:00.000000000,167.93,242.34229
2022-09-21T09:00:00.000000000,187.54,239.34947
2022-09-21T10:00:00.000000000,178.22,249.91154
2022-09-21T11:00:00.000000000,188.45,261.38923
2022-09-21T12:00:00.000000000,199.64,265.7992
2022-09-21T13:00:00.000000000,197.89,269.48693
2022-09-21T14:00:00.000000000,185.65,262.82166
2022-09-21T15:00:00.000000000,170.0,253.66658
2022-09-21T16:00:00.000000000,144.09,260.86402
2022-09-21T17:00:00.000000000,112.26,259.72198
2022-09-21T18:00:00.000000000,112.31,267.8423
2022-09-21T19:00:00.000000000,103.95,270.61137
2022-09-21T20:00:00.000000000,109.34,261.87659
2022-09-21T21:00:00.000000000,104.82,265.34125
2022-09-21T22:00:00.000000000,99.93,269.9529
2022-09-21T23:00:00.000000000,95.29,267.95873
2022-09-22T00:00:00.000000000,104.29,348.24234
2022-09-22T01:00:00.000000000,114.75,335.94744
2022-09-22T02:00:00.000000000,102.72,333.98949
2022-09-22T03:00:00.000000000,90.46,313.36356
2022-09-22T04:00:00.000000000,88.69,308.78205
2022-09-22T05:00:00.000000000,73.31,299.91572
2022-09-22T06:00:00.000000000,66.16,296.8537
2022-09-22T07:00:00.000000000,64.53,297.58942
2022-09-22T08:00:00.000000000,61.08,294.33875
2022-09-22T09:00:00.000000000,60.3,284.03563
2022-09-22T10:00:00.000000000,61.27,284.56079
2022-09-22T11:00:00.000000000,57.23,292.98954
2022-09-22T12:00:00.000000000,63.4,291.28068
2022-09-22T13:00:00.000000000,61.14,291.52331
2022-09-22T14:00:00.000000000,57.93,283.16117
2022-09-22T15:00:00.000000000,57.62,274.9972
2022-09-22T16:00:00.000000000,54.71,281.48065
2022-09-22T17:00:00.000000000,53.8,285.2067
2022-09-22T18:00:00.000000000,53.4,294.71572
2022-09-22T19:00:00.000000000,52.0,299.97814
2022-09-22T20:00:00.000000000,53.18,295.5401
2022-09-22T21:00:00.000000000,52.14,299.40033
2022-09-22T22:00:00.000000000,51.3,305.67021
2022-09-22T23:00:00.000000000,51.95,310.09836
2022-09-23T00:00:00.000000000,51.64,425.87602
2022-09-23T01:00:00.000000000,53.31,412.86284
2022-09-23T02:00:00.000000000,53.08,411.45012
2022-09-23T03:00:00.000000000,53.39,397.66369
2022-09-23T04:00:00.000000000,54.01,392.52984
2022-09-23T05:00:00.000000000,56.24,385.78015
2022-09-23T06:00:00.000000000,60.22,382.85116
2022-09-23T07:00:00.000000000,68.07,388.06898
2022-09-23T08:00:00.000000000,66.33,389.2117
2022-09-23T09:00:00.000000000,68.1,388.03543
2022-09-23T10:00:00.000000000,64.93,394.76704
2022-09-23T11:00:00.000000000,70.44,404.1343
2022-09-23T12:00:00.000000000,68.78,402.71729
2022-09-23T13:00:00.000000000,69.15,405.67355
2022-09-23T14:00:00.000000000,70.47,397.9338
2022-09-23T15:00:00.000000000,68.25,388.23641
2022-09-23T16:00:00.000000000,63.35,390.80509
2022-09-23T17:00:00.000000000,61.71,395.11931
2022-09-23T18:00:00.000000000,60.2,400.00944
2022-09-23T19:00:00.000000000,60.77,404.74781
2022-09-23T20:00:00.000000000,64.56,406.69638
2022-09-23T21:00:00.000000000,71.52,407.51093
2022-09-23T22:00:00.000000000,74.85,413.27394
2022-09-23T23:00:00.000000000,80.71,414.04621
2022-09-24T00:00:00.000000000,78.18,532.73231
2022-09-24T01:00:00.000000000,83.41,532.65375
2022-09-24T02:00:00.000000000,96.4,539.66838
2022-09-24T03:00:00.000000000,108.45,536.47701
2022-09-24T04:00:00.000000000,100.09,538.46933
2022-09-24T05:00:00.000000000,101.73,540.19252
2022-09-24T06:00:00.000000000,102.09,543.80005
2022-09-24T07:00:00.000000000,93.76,555.61324
2022-09-24T08:00:00.000000000,120.84,552.34906
2022-09-24T09:00:00.000000000,112.97,555.53743
2022-09-24T10:00:00.000000000,111.35,559.97143
2022-09-24T11:00:00.000000000,114.66,565.71303
2022-09-24T12:00:00.000000000,135.04,559.24956
2022-09-24T13:00:00.000000000,131.18,558.10283
2022-09-24T14:00:00.000000000,145.13,548.19198
2022-09-24T15:00:00.000000000,146.12,531.00987
2022-09-24T16:00:00.000000000,107.89,526.86145
2022-09-24T17:00:00.000000000,101.03,523.63005
2022-09-24T18:00:00.000000000,99.0,516.00777
2022-09-24T19:00:00.000000000,88.52,515.77771
2022-09-24T20:00:00.000000000,91.74,513.6918
2022-09-24T21:00:00.000000000,89.27,514.71574
2022-09-24T22:00:00.000000000,89.57,527.27308
2022-09-24T23:00:00.000000000,79.83,532.0139
2022-09-22T00:00:00.000000000,104.29,237.13486
2022-09-22T01:00:00.000000000,114.75,229.8405
2022-09-22T02:00:00.000000000,102.72,233.28979
2022-09-22T03:00:00.000000000,90.46,216.96863
2022-09-22T04:00:00.000000000,88.69,222.14953
2022-09-22T05:00:00.000000000,73.31,222.15926
2022-09-22T06:00:00.000000000,66.16,229.83986
2022-09-22T07:00:00.000000000,64.53,234.19073
2022-09-22T08:00:00.000000000,61.08,235.1647
2022-09-22T09:00:00.000000000,60.3,228.27527
2022-09-22T10:00:00.000000000,61.27,234.16833
2022-09-22T11:00:00.000000000,57.23,244.34358
2022-09-22T12:00:00.000000000,63.4,247.92168
2022-09-22T13:00:00.000000000,61.14,250.86278
2022-09-22T14:00:00.000000000,57.93,245.20523
2022-09-22T15:00:00.000000000,57.62,237.54058
2022-09-22T16:00:00.000000000,54.71,245.35558
2022-09-22T17:00:00.000000000,53.8,246.31007
2022-09-22T18:00:00.000000000,53.4,258.38207
2022-09-22T19:00:00.000000000,52.0,265.38534
2022-09-22T20:00:00.000000000,53.18,260.81668
2022-09-22T21:00:00.000000000,52.14,268.22247
2022-09-22T22:00:00.000000000,51.3,274.41615
2022-09-22T23:00:00.000000000,51.95,274.97144
2022-09-23T00:00:00.000000000,51.64,385.11874
2022-09-23T01:00:00.000000000,53.31,373.60357
2022-09-23T02:00:00.000000000,53.08,374.21407
2022-09-23T03:00:00.000000000,53.39,361.45838
2022-09-23T04:00:00.000000000,54.01,359.26874
2022-09-23T05:00:00.000000000,56.24,355.08403
2022-09-23T06:00:00.000000000,60.22,354.88425
2022-09-23T07:00:00.000000000,68.07,360.82748
2022-09-23T08:00:00.000000000,66.33,363.29384
2022-09-23T09:00:00.000000000,68.1,362.92054
2022-09-23T10:00:00.000000000,64.93,371.36558
2022-09-23T11:00:00.000000000,70.44,381.51268
2022-09-23T12:00:00.000000000,68.78,381.53834
2022-09-23T13:00:00.000000000,69.15,385.20686
2022-09-23T14:00:00.000000000,70.47,378.53931
2022-09-23T15:00:00.000000000,68.25,369.61615
2022-09-23T16:00:00.000000000,63.35,373.61198
2022-09-23T17:00:00.000000000,61.71,377.59349
2022-09-23T18:00:00.000000000,60.2,383.22061
2022-09-23T19:00:00.000000000,60.77,387.76203
2022-09-23T20:00:00.000000000,64.56,388.11145
2022-09-23T21:00:00.000000000,71.52,388.75011
2022-09-23T22:00:00.000000000,74.85,393.62986
2022-09-23T23:00:00.000000000,80.71,392.70714
2022-09-24T00:00:00.000000000,78.18,509.4335
2022-09-24T01:00:00.000000000,83.41,507.9212
2022-09-24T02:00:00.000000000,96.4,515.62855
2022-09-24T03:00:00.000000000,108.45,513.94006
2022-09-24T04:00:00.000000000,100.09,516.09499
2022-09-24T05:00:00.000000000,101.73,518.15391
2022-09-24T06:00:00.000000000,102.09,521.5386
2022-09-24T07:00:00.000000000,93.76,532.71198
2022-09-24T08:00:00.000000000,120.84,530.50431
2022-09-24T09:00:00.000000000,112.97,532.937
2022-09-24T10:00:00.000000000,111.35,539.01987
2022-09-24T11:00:00.000000000,114.66,545.53195
2022-09-24T12:00:00.000000000,135.04,540.74377
2022-09-24T13:00:00.000000000,131.18,541.98664
2022-09-24T14:00:00.000000000,145.13,532.82686
2022-09-24T15:00:00.000000000,146.12,516.23403
2022-09-24T16:00:00.000000000,107.89,511.78708
2022-09-24T17:00:00.000000000,101.03,508.26856
2022-09-24T18:00:00.000000000,99.0,499.90945
2022-09-24T19:00:00.000000000,88.52,498.21963
2022-09-24T20:00:00.000000000,91.74,494.16206
2022-09-24T21:00:00.000000000,89.27,492.3701
2022-09-24T22:00:00.000000000,89.57,501.7566
2022-09-24T23:00:00.000000000,79.83,505.00079
2022-09-25T00:00:00.000000000,80.05,594.55984
2022-09-25T01:00:00.000000000,88.82,594.2216
2022-09-25T02:00:00.000000000,104.14,600.41024
2022-09-25T03:00:00.000000000,108.48,597.51199
2022-09-25T04:00:00.000000000,150.23,600.99136
2022-09-25T05:00:00.000000000,157.37,605.77087
2022-09-25T06:00:00.000000000,181.6,611.54717
2022-09-25T07:00:00.000000000,237.73,627.19362
2022-09-25T08:00:00.000000000,161.2,625.24625
2022-09-25T09:00:00.000000000,236.67,632.82484
2022-09-25T10:00:00.000000000,190.73,639.52824
2022-09-25T11:00:00.000000000,204.06,647.55382
2022-09-25T12:00:00.000000000,228.29,639.19984
2022-09-25T13:00:00.000000000,249.33,636.15442
2022-09-25T14:00:00.000000000,175.76,623.66519
2022-09-25T15:00:00.000000000,196.89,601.49033
2022-09-25T16:00:00.000000000,118.3,593.73808
2022-09-25T17:00:00.000000000,92.25,586.58016
2022-09-25T18:00:00.000000000,96.28,572.66898
2022-09-25T19:00:00.000000000,103.34,567.0755
2022-09-25T20:00:00.000000000,93.49,559.53756
2022-09-25T21:00:00.000000000,107.38,555.94635
2022-09-25T22:00:00.000000000,104.23,565.67513
2022-09-25T23:00:00.000000000,102.44,566.95083
2022-09-23T00:00:00.000000000,51.64,197.61118
2022-09-23T01:00:00.000000000,53.31,190.29947
2022-09-23T02:00:00.000000000,53.08,196.23522
2022-09-23T03:00:00.000000000,53.39,183.39024
2022-09-23T04:00:00.000000000,54.01,192.86597
2022-09-23T05:00:00.000000000,56.24,198.89642
2022-09-23T06:00:00.000000000,60.22,212.60943
2022-09-23T07:00:00.000000000,68.07,220.1285
2022-09-23T08:00:00.000000000,66.33,226.44566
2022-09-23T09:00:00.000000000,68.1,225.26514
2022-09-23T10:00:00.000000000,64.93,235.34406
2022-09-23T11:00:00.000000000,70.44,248.22384
2022-09-23T12:00:00.000000000,68.78,255.55701
2022-09-23T13:00:00.000000000,69.15,262.15154
2022-09-23T14:00:00.000000000,70.47,262.87577
2022-09-23T15:00:00.000000000,68.25,259.97824
2022-09-23T16:00:00.000000000,63.35,274.92266
2022-09-23T17:00:00.000000000,61.71,281.68765
2022-09-23T18:00:00.000000000,60.2,298.33378
2022-09-23T19:00:00.000000000,60.77,310.47916
2022-09-23T20:00:00.000000000,64.56,311.75942
2022-09-23T21:00:00.000000000,71.52,319.55469
2022-09-23T22:00:00.000000000,74.85,322.71299
2022-09-23T23:00:00.000000000,80.71,316.79715
2022-09-24T00:00:00.000000000,78.18,435.22626
2022-09-24T01:00:00.000000000,83.41,433.37795
2022-09-24T02:00:00.000000000,96.4,442.99996
2022-09-24T03:00:00.000000000,108.45,439.35889
2022-09-24T04:00:00.000000000,100.09,439.04511
2022-09-24T05:00:00.000000000,101.73,438.15369
2022-09-24T06:00:00.000000000,102.09,440.17488
2022-09-24T07:00:00.000000000,93.76,449.59141
2022-09-24T08:00:00.000000000,120.84,453.10173
2022-09-24T09:00:00.000000000,112.97,456.14131
2022-09-24T10:00:00.000000000,111.35,464.59047
2022-09-24T11:00:00.000000000,114.66,470.79185
2022-09-24T12:00:00.000000000,135.04,469.0238
2022-09-24T13:00:00.000000000,131.18,472.69045
2022-09-24T14:00:00.000000000,145.13,463.11563
2022-09-24T15:00:00.000000000,146.12,450.21693
2022-09-24T16:00:00.000000000,107.89,447.18078
2022-09-24T17:00:00.000000000,101.03,447.24029
2022-09-24T18:00:00.000000000,99.0,444.5165
2022-09-24T19:00:00.000000000,88.52,445.36993
2022-09-24T20:00:00.000000000,91.74,445.95161
2022-09-24T21:00:00.000000000,89.27,447.10956
2022-09-24T22:00:00.000000000,89.57,455.86431
2022-09-24T23:00:00.000000000,79.83,460.0386
2022-09-25T00:00:00.000000000,80.05,550.27264
2022-09-25T01:00:00.000000000,88.82,551.23998
2022-09-25T02:00:00.000000000,104.14,558.6455
2022-09-25T03:00:00.000000000,108.48,555.71692
2022-09-25T04:00:00.000000000,150.23,560.47253
2022-09-25T05:00:00.000000000,157.37,566.5255
2022-09-25T06:00:00.000000000,181.6,575.084
2022-09-25T07:00:00.000000000,237.73,591.57519
2022-09-25T08:00:00.000000000,161.2,590.28883
2022-09-25T09:00:00.000000000,236.67,598.16975
2022-09-25T10:00:00.000000000,190.73,605.25974
2022-09-25T11:00:00.000000000,204.06,613.36842
2022-09-25T12:00:00.000000000,228.29,607.51693
2022-09-25T13:00:00.000000000,249.33,606.93052
2022-09-25T14:00:00.000000000,175.76,597.52694
2022-09-25T15:00:00.000000000,196.89,578.61169
2022-09-25T16:00:00.000000000,118.3,572.60641
2022-09-25T17:00:00.000000000,92.25,566.66191
2022-09-25T18:00:00.000000000,96.28,555.59912
2022-09-25T19:00:00.000000000,103.34,551.75611
2022-09-25T20:00:00.000000000,93.49,545.34238
2022-09-25T21:00:00.000000000,107.38,541.5132
2022-09-25T22:00:00.000000000,104.23,550.12448
2022-09-25T23:00:00.000000000,102.44,550.04451
2022-09-26T00:00:00.000000000,99.67,593.89012
2022-09-26T01:00:00.000000000,101.36,595.76472
2022-09-26T02:00:00.000000000,118.35,604.29865
2022-09-26T03:00:00.000000000,118.45,602.66048
2022-09-26T04:00:00.000000000,171.9,608.00712
2022-09-26T05:00:00.000000000,173.21,614.98064
2022-09-26T06:00:00.000000000,205.71,623.28876
2022-09-26T07:00:00.000000000,156.94,639.89617
2022-09-26T08:00:00.000000000,221.34,639.03634
2022-09-26T09:00:00.000000000,226.24,647.46922
2022-09-26T10:00:00.000000000,225.46,654.28079
2022-09-26T11:00:00.000000000,214.64,661.05512
2022-09-26T12:00:00.000000000,230.7,651.16348
2022-09-26T13:00:00.000000000,236.73,646.66721
2022-09-26T14:00:00.000000000,216.91,632.76507
2022-09-26T15:00:00.000000000,158.14,608.86569
2022-09-26T16:00:00.000000000,107.14,600.02061
2022-09-26T17:00:00.000000000,94.48,591.00774
2022-09-26T18:00:00.000000000,90.15,575.62146
2022-09-26T19:00:00.000000000,89.65,569.3738
2022-09-26T20:00:00.000000000,89.19,560.33503
2022-09-26T21:00:00.000000000,81.52,556.50797
2022-09-26T22:00:00.000000000,76.15,566.09154
2022-09-26T23:00:00.000000000,74.74,566.8299
2022-09-24T00:00:00.000000000,78.18,284.37944
2022-09-24T01:00:00.000000000,83.41,291.20183
2022-09-24T02:00:00.000000000,96.4,310.99515
2022-09-24T03:00:00.000000000,108.45,313.10493
2022-09-24T04:00:00.000000000,100.09,322.74113
2022-09-24T05:00:00.000000000,101.73,331.68262
2022-09-24T06:00:00.000000000,102.09,344.7628
2022-09-24T07:00:00.000000000,93.76,358.25624
2022-09-24T08:00:00.000000000,120.84,366.43177
2022-09-24T09:00:00.000000000,112.97,370.93727
2022-09-24T10:00:00.000000000,111.35,384.07579
2022-09-24T11:00:00.000000000,114.66,397.3381
2022-09-24T12:00:00.000000000,135.04,403.41714
2022-09-24T13:00:00.000000000,131.18,412.55437
2022-09-24T14:00:00.000000000,145.13,407.21841
2022-09-24T15:00:00.000000000,146.12,394.23129
2022-09-24T16:00:00.000000000,107.89,392.40138
2022-09-24T17:00:00.000000000,101.03,386.03024
2022-09-24T18:00:00.000000000,99.0,377.70421
2022-09-24T19:00:00.000000000,88.52,372.5528
2022-09-24T20:00:00.000000000,91.74,363.1064
2022-09-24T21:00:00.000000000,89.27,360.75777
2022-09-24T22:00:00.000000000,89.57,365.51659
2022-09-24T23:00:00.000000000,79.83,368.20944
2022-09-25T00:00:00.000000000,80.05,474.06395
2022-09-25T01:00:00.000000000,88.82,478.36657
2022-09-25T02:00:00.000000000,104.14,492.17128
2022-09-25T03:00:00.000000000,108.48,495.48479
2022-09-25T04:00:00.000000000,150.23,502.93217
2022-09-25T05:00:00.000000000,157.37,512.61446
2022-09-25T06:00:00.000000000,181.6,526.50073
2022-09-25T07:00:00.000000000,237.73,547.94443
2022-09-25T08:00:00.000000000,161.2,555.18112
2022-09-25T09:00:00.000000000,236.67,567.02172
2022-09-25T10:00:00.000000000,190.73,578.66484
2022-09-25T11:00:00.000000000,204.06,587.96337
2022-09-25T12:00:00.000000000,228.29,585.00988
2022-09-25T13:00:00.000000000,249.33,588.3802
2022-09-25T14:00:00.000000000,175.76,579.81087
2022-09-25T15:00:00.000000000,196.89,562.02298
2022-09-25T16:00:00.000000000,118.3,556.04578
2022-09-25T17:00:00.000000000,92.25,550.13652
2022-09-25T18:00:00.000000000,96.28,538.1785
2022-09-25T19:00:00.000000000,103.34,531.34093
2022-09-25T20:00:00.000000000,93.49,521.99238
2022-09-25T21:00:00.000000000,107.38,511.23283
2022-09-25T22:00:00.000000000,104.23,511.98598
2022-09-25T23:00:00.000000000,102.44,507.85164
2022-09-26T00:00:00.000000000,99.67,587.49688
2022-09-26T01:00:00.000000000,101.36,588.00206
2022-09-26T02:00:00.000000000,118.35,595.86873
2022-09-26T03:00:00.000000000,118.45,594.34911
2022-09-26T04:00:00.000000000,171.9,600.17198
2022-09-26T05:00:00.000000000,173.21,607.69604
2022-09-26T06:00:00.000000000,205.71,616.38934
2022-09-26T07:00:00.000000000,156.94,633.27954
2022-09-26T08:00:00.000000000,221.34,632.46008
2022-09-26T09:00:00.000000000,226.24,641.01608
2022-09-26T10:00:00.000000000,225.46,648.48566
2022-09-26T11:00:00.000000000,214.64,656.1152
2022-09-26T12:00:00.000000000,230.7,647.72206
2022-09-26T13:00:00.000000000,236.73,645.3317
2022-09-26T14:00:00.000000000,216.91,633.65447
2022-09-26T15:00:00.000000000,158.14,611.41196
2022-09-26T16:00:00.000000000,107.14,603.63393
2022-09-26T17:00:00.000000000,94.48,595.09742
2022-09-26T18:00:00.000000000,90.15,579.46414
2022-09-26T19:00:00.000000000,89.65,572.01005
2022-09-26T20:00:00.000000000,89.19,560.94455
2022-09-26T21:00:00.000000000,81.52,554.22949
2022-09-26T22:00:00.000000000,76.15,560.94022
2022-09-26T23:00:00.000000000,74.74,559.46529
2022-09-27T00:00:00.000000000,78.24,570.29857
2022-09-27T01:00:00.000000000,93.58,575.48609
2022-09-27T02:00:00.000000000,118.99,588.31305
2022-09-27T03:00:00.000000000,122.0,591.70303
2022-09-27T04:00:00.000000000,108.67,599.97787
2022-09-27T05:00:00.000000000,125.95,608.30107
2022-09-27T06:00:00.000000000,117.9,616.71816
2022-09-27T07:00:00.000000000,125.49,633.5919
2022-09-27T08:00:00.000000000,136.69,633.52267
2022-09-27T09:00:00.000000000,175.53,643.17493
2022-09-27T10:00:00.000000000,191.87,651.63759
2022-09-27T11:00:00.000000000,202.33,657.92099
2022-09-27T12:00:00.000000000,211.33,647.13545
2022-09-27T13:00:00.000000000,205.37,643.05168
2022-09-27T14:00:00.000000000,208.77,630.21621
2022-09-27T15:00:00.000000000,148.37,605.74013
2022-09-27T16:00:00.000000000,106.75,595.71982
2022-09-27T17:00:00.000000000,86.76,583.87664
2022-09-27T18:00:00.000000000,86.93,564.66751
2022-09-27T19:00:00.000000000,87.21,556.08693
2022-09-27T20:00:00.000000000,86.25,543.06386
2022-09-27T21:00:00.000000000,83.39,535.7843
2022-09-27T22:00:00.000000000,79.9,544.81429
2022-09-27T23:00:00.000000000,82.75,546.04554
2022-09-25T00:00:00.000000000,80.05,265.86192
2022-09-25T01:00:00.000000000,88.82,267.98033
2022-09-25T02:00:00.000000000,104.14,285.51829
2022-09-25T03:00:00.000000000,108.48,286.71839
2022-09-25T04:00:00.000000000,150.23,299.26281
2022-09-25T05:00:00.000000000,157.37,310.58071
2022-09-25T06:00:00.000000000,181.6,325.53593
2022-09-25T07:00:00.000000000,237.73,340.53758
2022-09-25T08:00:00.000000000,161.2,350.62108
2022-09-25T09:00:00.000000000,236.67,357.04714
2022-09-25T10:00:00.000000000,190.73,371.29404
2022-09-25T11:00:00.000000000,204.06,385.40626
2022-09-25T12:00:00.000000000,228.29,393.51573
2022-09-25T13:00:00.000000000,249.33,406.3393
2022-09-25T14:00:00.000000000,175.76,405.98443
2022-09-25T15:00:00.000000000,196.89,399.7006
2022-09-25T16:00:00.000000000,118.3,406.82006
2022-09-25T17:00:00.000000000,92.25,407.699
2022-09-25T18:00:00.000000000,96.28,403.14052
2022-09-25T19:00:00.000000000,103.34,396.10324
2022-09-25T20:00:00.000000000,93.49,380.98228
2022-09-25T21:00:00.000000000,107.38,371.26248
2022-09-25T22:00:00.000000000,104.23,366.91467
2022-09-25T23:00:00.000000000,102.44,360.35881
2022-09-26T00:00:00.000000000,99.67,459.31269
2022-09-26T01:00:00.000000000,101.36,465.67102
2022-09-26T02:00:00.000000000,118.35,482.73425
2022-09-26T03:00:00.000000000,118.45,489.30182
2022-09-26T04:00:00.000000000,171.9,499.43884
2022-09-26T05:00:00.000000000,173.21,512.19916
2022-09-26T06:00:00.000000000,205.71,529.63961
2022-09-26T07:00:00.000000000,156.94,553.84007
2022-09-26T08:00:00.000000000,221.34,563.49041
2022-09-26T09:00:00.000000000,226.24,576.94098
2022-09-26T10:00:00.000000000,225.46,589.11631
2022-09-26T11:00:00.000000000,214.64,597.70889
2022-09-26T12:00:00.000000000,230.7,593.884
2022-09-26T13:00:00.000000000,236.73,597.12023
2022-09-26T14:00:00.000000000,216.91,588.60205
2022-09-26T15:00:00.000000000,158.14,570.30115
2022-09-26T16:00:00.000000000,107.14,563.84318
2022-09-26T17:00:00.000000000,94.48,557.29582
2022-09-26T18:00:00.000000000,90.15,544.43595
2022-09-26T19:00:00.000000000,89.65,537.19017
2022-09-26T20:00:00.000000000,89.19,526.79864
2022-09-26T21:00:00.000000000,81.52,513.90694
2022-09-26T22:00:00.000000000,76.15,512.48641
2022-09-26T23:00:00.000000000,74.74,506.4973
2022-09-27T00:00:00.000000000,78.24,559.82352
2022-09-27T01:00:00.000000000,93.58,564.61615
2022-09-27T02:00:00.000000000,118.99,579.72048
2022-09-27T03:00:00.000000000,122.0,587.51638
2022-09-27T04:00:00.000000000,108.67,597.9828
2022-09-27T05:00:00.000000000,125.95,606.14051
2022-09-27T06:00:00.000000000,117.9,612.02357
2022-09-27T07:00:00.000000000,125.49,626.64862
2022-09-27T08:00:00.000000000,136.69,624.37018
2022-09-27T09:00:00.000000000,175.53,630.82157
2022-09-27T10:00:00.000000000,191.87,638.39037
2022-09-27T11:00:00.000000000,202.33,644.23303
2022-09-27T12:00:00.000000000,211.33,633.37297
2022-09-27T13:00:00.000000000,205.37,631.60259
2022-09-27T14:00:00.000000000,208.77,619.79835
2022-09-27T15:00:00.000000000,148.37,594.65964
2022-09-27T16:00:00.000000000,106.75,582.55271
2022-09-27T17:00:00.000000000,86.76,567.09774
2022-09-27T18:00:00.000000000,86.93,544.78184
2022-09-27T19:00:00.000000000,87.21,533.84056
2022-09-27T20:00:00.000000000,86.25,518.06323
2022-09-27T21:00:00.000000000,83.39,508.15501
2022-09-27T22:00:00.000000000,79.9,515.2113
2022-09-27T23:00:00.000000000,82.75,515.64583
2022-09-28T00:00:00.000000000,89.19,568.51602
2022-09-28T01:00:00.000000000,97.92,571.07075
2022-09-28T02:00:00.000000000,111.22,582.91247
2022-09-28T03:00:00.000000000,127.74,587.40299
2022-09-28T04:00:00.000000000,140.43,594.75294
2022-09-28T05:00:00.000000000,132.5,597.63128
2022-09-28T06:00:00.000000000,128.56,596.36438
2022-09-28T07:00:00.000000000,131.92,604.24458
2022-09-28T08:00:00.000000000,111.45,597.72255
2022-09-28T09:00:00.000000000,104.19,600.96391
2022-09-28T10:00:00.000000000,114.01,608.32652
2022-09-28T11:00:00.000000000,123.31,614.27706
2022-09-28T12:00:00.000000000,116.15,605.89654
2022-09-28T13:00:00.000000000,102.29,607.99037
2022-09-28T14:00:00.000000000,81.68,600.17273
2022-09-28T15:00:00.000000000,77.89,578.27533
2022-09-28T16:00:00.000000000,67.15,567.64861
2022-09-28T17:00:00.000000000,62.54,551.4909
2022-09-28T18:00:00.000000000,59.99,528.90367
2022-09-28T19:00:00.000000000,60.12,516.44976
2022-09-28T20:00:00.000000000,62.35,498.92187
2022-09-28T21:00:00.000000000,62.61,487.89578
2022-09-28T22:00:00.000000000,68.19,494.69244
2022-09-28T23:00:00.000000000,66.2,494.84639
2022-09-26T00:00:00.000000000,99.67,250.57643
2022-09-26T01:00:00.000000000,101.36,269.64312
2022-09-26T02:00:00.000000000,118.35,301.67215
2022-09-26T03:00:00.000000000,118.45,318.0994
2022-09-26T04:00:00.000000000,171.9,340.95512
2022-09-26T05:00:00.000000000,173.21,360.80797
2022-09-26T06:00:00.000000000,205.71,383.41317
2022-09-26T07:00:00.000000000,156.94,404.7723
2022-09-26T08:00:00.000000000,221.34,416.78555
2022-09-26T09:00:00.000000000,226.24,427.4871
2022-09-26T10:00:00.000000000,225.46,444.93527
2022-09-26T11:00:00.000000000,214.64,456.0116
2022-09-26T12:00:00.000000000,230.7,459.80171
2022-09-26T13:00:00.000000000,236.73,469.64662
2022-09-26T14:00:00.000000000,216.91,461.96964
2022-09-26T15:00:00.000000000,158.14,445.6369
2022-09-26T16:00:00.000000000,107.14,440.08861
2022-09-26T17:00:00.000000000,94.48,430.30645
2022-09-26T18:00:00.000000000,90.15,414.72355
2022-09-26T19:00:00.000000000,89.65,402.00374
2022-09-26T20:00:00.000000000,89.19,384.04644
2022-09-26T21:00:00.000000000,81.52,370.37123
2022-09-26T22:00:00.000000000,76.15,369.49614
2022-09-26T23:00:00.000000000,74.74,366.56969
2022-09-27T00:00:00.000000000,78.24,458.68763
2022-09-27T01:00:00.000000000,93.58,467.26975
2022-09-27T02:00:00.000000000,118.99,488.94871
2022-09-27T03:00:00.000000000,122.0,501.832
2022-09-27T04:00:00.000000000,108.67,513.54751
2022-09-27T05:00:00.000000000,125.95,522.79959
2022-09-27T06:00:00.000000000,117.9,531.55116
2022-09-27T07:00:00.000000000,125.49,548.15399
2022-09-27T08:00:00.000000000,136.69,550.95644
2022-09-27T09:00:00.000000000,175.53,555.51994
2022-09-27T10:00:00.000000000,191.87,563.5995
2022-09-27T11:00:00.000000000,202.33,570.87731
2022-09-27T12:00:00.000000000,211.33,564.52856
2022-09-27T13:00:00.000000000,205.37,567.96589
2022-09-27T14:00:00.000000000,208.77,556.68875
2022-09-27T15:00:00.000000000,148.37,534.26105
2022-09-27T16:00:00.000000000,106.75,523.26774
2022-09-27T17:00:00.000000000,86.76,510.46506
2022-09-27T18:00:00.000000000,86.93,492.06848
2022-09-27T19:00:00.000000000,87.21,481.40111
2022-09-27T20:00:00.000000000,86.25,467.92968
2022-09-27T21:00:00.000000000,83.39,455.38379
2022-09-27T22:00:00.000000000,79.9,456.53274
2022-09-27T23:00:00.000000000,82.75,455.83907
2022-09-28T00:00:00.000000000,89.19,512.7193
2022-09-28T01:00:00.000000000,97.92,519.55595
2022-09-28T02:00:00.000000000,111.22,538.19504
2022-09-28T03:00:00.000000000,127.74,548.95908
2022-09-28T04:00:00.000000000,140.43,559.46525
2022-09-28T05:00:00.000000000,132.5,565.9071
2022-09-28T06:00:00.000000000,128.56,569.7868
2022-09-28T07:00:00.000000000,131.92,582.29945
2022-09-28T08:00:00.000000000,111.45,580.61654
2022-09-28T09:00:00.000000000,104.19,584.1633
2022-09-28T10:00:00.000000000,114.01,591.84607
2022-09-28T11:00:00.000000000,123.31,598.87949
2022-09-28T12:00:00.000000000,116.15,590.66555
2022-09-28T13:00:00.000000000,102.29,592.34713
2022-09-28T14:00:00.000000000,81.68,581.1363
2022-09-28T15:00:00.000000000,77.89,556.82009
2022-09-28T16:00:00.000000000,67.15,544.47852
2022-09-28T17:00:00.000000000,62.54,528.24491
2022-09-28T18:00:00.000000000,59.99,507.42664
2022-09-28T19:00:00.000000000,60.12,496.20057
2022-09-28T20:00:00.000000000,62.35,481.33797
2022-09-28T21:00:00.000000000,62.61,470.33762
2022-09-28T22:00:00.000000000,68.19,474.9082
2022-09-28T23:00:00.000000000,66.2,474.97401
2022-09-29T00:00:00.000000000,64.35,519.51737
2022-09-29T01:00:00.000000000,69.52,517.84604
2022-09-29T02:00:00.000000000,68.74,526.66955
2022-09-29T03:00:00.000000000,75.44,528.81507
2022-09-29T04:00:00.000000000,72.18,534.28446
2022-09-29T05:00:00.000000000,69.53,537.37008
2022-09-29T06:00:00.000000000,60.15,539.2151
2022-09-29T07:00:00.000000000,65.66,550.16209
2022-09-29T08:00:00.000000000,56.73,547.35203
2022-09-29T09:00:00.000000000,66.7,549.9073
2022-09-29T10:00:00.000000000,62.48,557.14395
2022-09-29T11:00:00.000000000,70.23,564.36352
2022-09-29T12:00:00.000000000,77.43,557.51454
2022-09-29T13:00:00.000000000,73.62,559.47437
2022-09-29T14:00:00.000000000,85.29,549.01198
2022-09-29T15:00:00.000000000,65.98,529.26248
2022-09-29T16:00:00.000000000,58.29,522.05952
2022-09-29T17:00:00.000000000,56.56,513.44866
2022-09-29T18:00:00.000000000,54.1,498.73506
2022-09-29T19:00:00.000000000,54.38,490.24087
2022-09-29T20:00:00.000000000,56.06,477.85314
2022-09-29T21:00:00.000000000,55.07,467.6573
2022-09-29T22:00:00.000000000,57.51,471.67388
2022-09-29T23:00:00.000000000,60.59,470.88149
2022-09-27T00:00:00.000000000,78.24,278.92459
2022-09-27T01:00:00.000000000,93.58,289.04729
2022-09-27T02:00:00.000000000,118.99,311.66772
2022-09-27T03:00:00.000000000,122.0,319.85894
2022-09-27T04:00:00.000000000,108.67,336.79196
2022-09-27T05:00:00.000000000,125.95,351.56105
2022-09-27T06:00:00.000000000,117.9,369.37037
2022-09-27T07:00:00.000000000,125.49,386.39138
2022-09-27T08:00:00.000000000,136.69,395.56653
2022-09-27T09:00:00.000000000,175.53,401.69972
2022-09-27T10:00:00.000000000,191.87,414.49099
2022-09-27T11:00:00.000000000,202.33,423.79311
2022-09-27T12:00:00.000000000,211.33,424.27219
2022-09-27T13:00:00.000000000,205.37,430.33844
2022-09-27T14:00:00.000000000,208.77,422.25403
2022-09-27T15:00:00.000000000,148.37,408.3946
2022-09-27T16:00:00.000000000,106.75,408.06864
2022-09-27T17:00:00.000000000,86.76,405.02449
2022-09-27T18:00:00.000000000,86.93,397.95933
2022-09-27T19:00:00.000000000,87.21,392.28433
2022-09-27T20:00:00.000000000,86.25,381.62567
2022-09-27T21:00:00.000000000,83.39,372.32181
2022-09-27T22:00:00.000000000,79.9,372.46993
2022-09-27T23:00:00.000000000,82.75,369.69302
2022-09-28T00:00:00.000000000,89.19,443.31264
2022-09-28T01:00:00.000000000,97.92,450.79996
2022-09-28T02:00:00.000000000,111.22,470.61991
2022-09-28T03:00:00.000000000,127.74,480.20585
2022-09-28T04:00:00.000000000,140.43,488.50814
2022-09-28T05:00:00.000000000,132.5,494.49542
2022-09-28T06:00:00.000000000,128.56,501.25825
2022-09-28T07:00:00.000000000,131.92,516.31309
2022-09-28T08:00:00.000000000,111.45,520.09078
2022-09-28T09:00:00.000000000,104.19,524.45297
2022-09-28T10:00:00.000000000,114.01,533.46259
2022-09-28T11:00:00.000000000,123.31,540.83232
2022-09-28T12:00:00.000000000,116.15,535.89923
2022-09-28T13:00:00.000000000,102.29,539.64614
2022-09-28T14:00:00.000000000,81.68,527.33135
2022-09-28T15:00:00.000000000,77.89,506.35784
2022-09-28T16:00:00.000000000,67.15,495.80452
2022-09-28T17:00:00.000000000,62.54,485.37608
2022-09-28T18:00:00.000000000,59.99,469.79595
2022-09-28T19:00:00.000000000,60.12,460.63092
2022-09-28T20:00:00.000000000,62.35,449.846
2022-09-28T21:00:00.000000000,62.61,439.7333
2022-09-28T22:00:00.000000000,68.19,442.85034
2022-09-28T23:00:00.000000000,66.2,444.43601
2022-09-29T00:00:00.000000000,64.35,493.81646
2022-09-29T01:00:00.000000000,69.52,490.53461
2022-09-29T02:00:00.000000000,68.74,499.47317
2022-09-29T03:00:00.000000000,75.44,501.23809
2022-09-29T04:00:00.000000000,72.18,504.50111
2022-09-29T05:00:00.000000000,69.53,505.1325
2022-09-29T06:00:00.000000000,60.15,505.06923
2022-09-29T07:00:00.000000000,65.66,513.58879
2022-09-29T08:00:00.000000000,56.73,510.73386
2022-09-29T09:00:00.000000000,66.7,509.58866
2022-09-29T10:00:00.000000000,62.48,515.44256
2022-09-29T11:00:00.000000000,70.23,521.04275
2022-09-29T12:00:00.000000000,77.43,514.05577
2022-09-29T13:00:00.000000000,73.62,515.75642
2022-09-29T14:00:00.000000000,85.29,503.48467
2022-09-29T15:00:00.000000000,65.98,484.35701
2022-09-29T16:00:00.000000000,58.29,477.02177
2022-09-29T17:00:00.000000000,56.56,470.45321
2022-09-29T18:00:00.000000000,54.1,458.73674
2022-09-29T19:00:00.000000000,54.38,453.28126
2022-09-29T20:00:00.000000000,56.06,444.78692
2022-09-29T21:00:00.000000000,55.07,438.01226
2022-09-29T22:00:00.000000000,57.51,443.992
2022-09-29T23:00:00.000000000,60.59,446.36818
2022-09-30T00:00:00.000000000,65.27,501.80484
2022-09-30T01:00:00.000000000,73.95,504.00751
2022-09-30T02:00:00.000000000,72.9,515.29519
2022-09-30T03:00:00.000000000,77.37,517.31216
2022-09-30T04:00:00.000000000,70.85,524.084
2022-09-30T05:00:00.000000000,69.97,531.34164
2022-09-30T06:00:00.000000000,98.9,540.77467
2022-09-30T07:00:00.000000000,89.79,558.11932
2022-09-30T08:00:00.000000000,123.32,559.90266
2022-09-30T09:00:00.000000000,110.45,566.92592
2022-09-30T10:00:00.000000000,95.89,575.25965
2022-09-30T11:00:00.000000000,89.37,583.10187
2022-09-30T12:00:00.000000000,93.6,577.22127
2022-09-30T13:00:00.000000000,88.04,578.06402
2022-09-30T14:00:00.000000000,83.91,567.45546
2022-09-30T15:00:00.000000000,81.03,547.82563
2022-09-30T16:00:00.000000000,80.82,541.32813
2022-09-30T17:00:00.000000000,78.33,534.65302
2022-09-30T18:00:00.000000000,75.99,522.10768
2022-09-30T19:00:00.000000000,85.4,515.74222
2022-09-30T20:00:00.000000000,88.43,506.53587
2022-09-30T21:00:00.000000000,76.72,498.37783
2022-09-30T22:00:00.000000000,85.68,502.70877
2022-09-30T23:00:00.000000000,83.12,501.77918
2022-09-28T00:00:00.000000000,89.19,249.58527
2022-09-28T01:00:00.000000000,97.92,260.48754
2022-09-28T02:00:00.000000000,111.22,283.14477
2022-09-28T03:00:00.000000000,127.74,290.2779
2022-09-28T04:00:00.000000000,140.43,309.22995
2022-09-28T05:00:00.000000000,132.5,323.71696
2022-09-28T06:00:00.000000000,128.56,340.82449
2022-09-28T07:00:00.000000000,131.92,355.75151
2022-09-28T08:00:00.000000000,111.45,362.3183
2022-09-28T09:00:00.000000000,104.19,363.96866
2022-09-28T10:00:00.000000000,114.01,374.09486
2022-09-28T11:00:00.000000000,123.31,382.49072
2022-09-28T12:00:00.000000000,116.15,381.56488
2022-09-28T13:00:00.000000000,102.29,386.02199
2022-09-28T14:00:00.000000000,81.68,376.21422
2022-09-28T15:00:00.000000000,77.89,361.84186
2022-09-28T16:00:00.000000000,67.15,362.94476
2022-09-28T17:00:00.000000000,62.54,358.88313
2022-09-28T18:00:00.000000000,59.99,351.86825
2022-09-28T19:00:00.000000000,60.12,343.51537
2022-09-28T20:00:00.000000000,62.35,326.44585
2022-09-28T21:00:00.000000000,62.61,315.29402
2022-09-28T22:00:00.000000000,68.19,313.99146
2022-09-28T23:00:00.000000000,66.2,311.54673
2022-09-29T00:00:00.000000000,64.35,389.06599
2022-09-29T01:00:00.000000000,69.52,386.33079
2022-09-29T02:00:00.000000000,68.74,396.06411
2022-09-29T03:00:00.000000000,75.44,392.59893
2022-09-29T04:00:00.000000000,72.18,398.30498
2022-09-29T05:00:00.000000000,69.53,399.21408
2022-09-29T06:00:00.000000000,60.15,403.29397
2022-09-29T07:00:00.000000000,65.66,413.48521
2022-09-29T08:00:00.000000000,56.73,414.55633
2022-09-29T09:00:00.000000000,66.7,411.41111
2022-09-29T10:00:00.000000000,62.48,414.93157
2022-09-29T11:00:00.000000000,70.23,418.93332
2022-09-29T12:00:00.000000000,77.43,408.84392
2022-09-29T13:00:00.000000000,73.62,406.28722
2022-09-29T14:00:00.000000000,85.29,391.01857
2022-09-29T15:00:00.000000000,65.98,374.88014
2022-09-29T16:00:00.000000000,58.29,372.06168
2022-09-29T17:00:00.000000000,56.56,371.24736
2022-09-29T18:00:00.000000000,54.1,368.16408
2022-09-29T19:00:00.000000000,54.38,364.76852
2022-09-29T20:00:00.000000000,56.06,354.65501
2022-09-29T21:00:00.000000000,55.07,346.68335
2022-09-29T22:00:00.000000000,57.51,349.52637
2022-09-29T23:00:00.000000000,60.59,350.50601
2022-09-30T00:00:00.000000000,65.27,435.02628
2022-09-30T01:00:00.000000000,73.95,431.55025
2022-09-30T02:00:00.000000000,72.9,439.12805
2022-09-30T03:00:00.000000000,77.37,433.70853
2022-09-30T04:00:00.000000000,70.85,431.18096
2022-09-30T05:00:00.000000000,69.97,426.77337
2022-09-30T06:00:00.000000000,98.9,424.94786
2022-09-30T07:00:00.000000000,89.79,430.82905
2022-09-30T08:00:00.000000000,123.32,431.36845
2022-09-30T09:00:00.000000000,110.45,429.32254
2022-09-30T10:00:00.000000000,95.89,435.24159
2022-09-30T11:00:00.000000000,89.37,442.36497
2022-09-30T12:00:00.000000000,93.6,438.09215
2022-09-30T13:00:00.000000000,88.04,438.65567
2022-09-30T14:00:00.000000000,83.91,425.27349
2022-09-30T15:00:00.000000000,81.03,408.35245
2022-09-30T16:00:00.000000000,80.82,402.05445
2022-09-30T17:00:00.000000000,78.33,398.93552
2022-09-30T18:00:00.000000000,75.99,395.6166
2022-09-30T19:00:00.000000000,85.4,397.32296
2022-09-30T20:00:00.000000000,88.43,399.30261
2022-09-30T21:00:00.000000000,76.72,402.59974
2022-09-30T22:00:00.000000000,85.68,414.23138
2022-09-30T23:00:00.000000000,83.12,422.61946
2022-10-01T00:00:00.000000000,85.4,527.46144
2022-10-01T01:00:00.000000000,98.91,520.9916
2022-10-01T02:00:00.000000000,122.05,524.26386
2022-10-01T03:00:00.000000000,118.99,518.47181
2022-10-01T04:00:00.000000000,116.52,516.71272
2022-10-01T05:00:00.000000000,141.16,513.07665
2022-10-01T06:00:00.000000000,131.64,510.49326
2022-10-01T07:00:00.000000000,121.39,516.75212
2022-10-01T08:00:00.000000000,106.09,511.82832
2022-10-01T09:00:00.000000000,193.48,508.57551
2022-10-01T10:00:00.000000000,187.06,509.75802
2022-10-01T11:00:00.000000000,205.84,511.54944
2022-10-01T12:00:00.000000000,172.92,501.55729
2022-10-01T13:00:00.000000000,200.35,497.97237
2022-10-01T14:00:00.000000000,149.92,483.48115
2022-10-01T15:00:00.000000000,167.35,465.85655
2022-10-01T16:00:00.000000000,109.45,461.15584
2022-10-01T17:00:00.000000000,93.35,459.93992
2022-10-01T18:00:00.000000000,87.16,456.51787
2022-10-01T19:00:00.000000000,83.44,460.45093
2022-10-01T20:00:00.000000000,81.27,464.48459
2022-10-01T21:00:00.000000000,78.67,469.58701
2022-10-01T22:00:00.000000000,78.6,484.35993
2022-10-01T23:00:00.000000000,70.39,492.45428
2022-09-29T00:00:00.000000000,64.35,205.58905
2022-09-29T01:00:00.000000000,69.52,199.81925
2022-09-29T02:00:00.000000000,68.74,205.02205
2022-09-29T03:00:00.000000000,75.44,190.30301
2022-09-29T04:00:00.000000000,72.18,198.4863
2022-09-29T05:00:00.000000000,69.53,201.14839
2022-09-29T06:00:00.000000000,60.15,211.78118
2022-09-29T07:00:00.000000000,65.66,216.91605
2022-09-29T08:00:00.000000000,56.73,219.17575
2022-09-29T09:00:00.000000000,66.7,213.34088
2022-09-29T10:00:00.000000000,62.48,220.74879
2022-09-29T11:00:00.000000000,70.23,231.38225
2022-09-29T12:00:00.000000000,77.43,236.2442
2022-09-29T13:00:00.000000000,73.62,239.78643
2022-09-29T14:00:00.000000000,85.29,235.12706
2022-09-29T15:00:00.000000000,65.98,227.92398
2022-09-29T16:00:00.000000000,58.29,236.91527
2022-09-29T17:00:00.000000000,56.56,237.91551
2022-09-29T18:00:00.000000000,54.1,251.53003
2022-09-29T19:00:00.000000000,54.38,259.94541
2022-09-29T20:00:00.000000000,56.06,256.31624
2022-09-29T21:00:00.000000000,55.07,264.82751
2022-09-29T22:00:00.000000000,57.51,270.94746
2022-09-29T23:00:00.000000000,60.59,270.06717
2022-09-30T00:00:00.000000000,65.27,365.93501
2022-09-30T01:00:00.000000000,73.95,361.61295
2022-09-30T02:00:00.000000000,72.9,369.59215
2022-09-30T03:00:00.000000000,77.37,362.81426
2022-09-30T04:00:00.000000000,70.85,365.83797
2022-09-30T05:00:00.000000000,69.97,365.50239
2022-09-30T06:00:00.000000000,98.9,368.23658
2022-09-30T07:00:00.000000000,89.79,375.57218
2022-09-30T08:00:00.000000000,123.32,376.29095
2022-09-30T09:00:00.000000000,110.45,372.76153
2022-09-30T10:00:00.000000000,95.89,377.45687
2022-09-30T11:00:00.000000000,89.37,384.52109
2022-09-30T12:00:00.000000000,93.6,379.79118
2022-09-30T13:00:00.000000000,88.04,380.39171
2022-09-30T14:00:00.000000000,83.91,369.8916
2022-09-30T15:00:00.000000000,81.03,357.28145
2022-09-30T16:00:00.000000000,80.82,358.11986
2022-09-30T17:00:00.000000000,78.33,358.88378
2022-09-30T18:00:00.000000000,75.99,359.44034
2022-09-30T19:00:00.000000000,85.4,359.95664
2022-09-30T20:00:00.000000000,88.43,354.59245
2022-09-30T21:00:00.000000000,76.72,352.07639
2022-09-30T22:00:00.000000000,85.68,357.02136
2022-09-30T23:00:00.000000000,83.12,358.90335
2022-10-01T00:00:00.000000000,85.4,467.64297
2022-10-01T01:00:00.000000000,98.91,461.19804
2022-10-01T02:00:00.000000000,122.05,466.21702
2022-10-01T03:00:00.000000000,118.99,460.05018
2022-10-01T04:00:00.000000000,116.52,457.66735
2022-10-01T05:00:00.000000000,141.16,453.69426
2022-10-01T06:00:00.000000000,131.64,452.09866
2022-10-01T07:00:00.000000000,121.39,459.13254
2022-10-01T08:00:00.000000000,106.09,458.67726
2022-10-01T09:00:00.000000000,193.48,457.18675
2022-10-01T10:00:00.000000000,187.06,461.90732
2022-10-01T11:00:00.000000000,205.84,467.08397
2022-10-01T12:00:00.000000000,172.92,461.06562
2022-10-01T13:00:00.000000000,200.35,460.90617
2022-10-01T14:00:00.000000000,149.92,448.12819
2022-10-01T15:00:00.000000000,167.35,432.24391
2022-10-01T16:00:00.000000000,109.45,427.34953
2022-10-01T17:00:00.000000000,93.35,426.22012
2022-10-01T18:00:00.000000000,87.16,423.90555
2022-10-01T19:00:00.000000000,83.44,426.60199
2022-10-01T20:00:00.000000000,81.27,429.48422
2022-10-01T21:00:00.000000000,78.67,432.32847
2022-10-01T22:00:00.000000000,78.6,443.32076
2022-10-01T23:00:00.000000000,70.39,449.70296
2022-10-02T00:00:00.000000000,76.14,526.99083
2022-10-02T01:00:00.000000000,88.79,529.16159
2022-10-02T02:00:00.000000000,120.52,538.87487
2022-10-02T03:00:00.000000000,130.35,538.43359
2022-10-02T04:00:00.000000000,136.73,544.53183
2022-10-02T05:00:00.000000000,142.12,551.97251
2022-10-02T06:00:00.000000000,133.47,562.30997
2022-10-02T07:00:00.000000000,155.48,580.29943
2022-10-02T08:00:00.000000000,156.74,581.39289
2022-10-02T09:00:00.000000000,154.08,589.84592
2022-10-02T10:00:00.000000000,162.26,597.83585
2022-10-02T11:00:00.000000000,149.55,605.84727
2022-10-02T12:00:00.000000000,156.91,600.10962
2022-10-02T13:00:00.000000000,157.01,600.06047
2022-10-02T14:00:00.000000000,130.18,590.13105
2022-10-02T15:00:00.000000000,110.27,570.76197
2022-10-02T16:00:00.000000000,82.18,564.4682
2022-10-02T17:00:00.000000000,74.14,558.08421
2022-10-02T18:00:00.000000000,75.19,546.52877
2022-10-02T19:00:00.000000000,78.73,541.77712
2022-10-02T20:00:00.000000000,79.4,534.46466
2022-10-02T21:00:00.000000000,78.81,528.8179
2022-10-02T22:00:00.000000000,76.56,535.22714
2022-10-02T23:00:00.000000000,77.9,534.1867
2022-09-30T00:00:00.000000000,65.27,199.97445
2022-09-30T01:00:00.000000000,73.95,194.65995
2022-09-30T02:00:00.000000000,72.9,200.62855
2022-09-30T03:00:00.000000000,77.37,186.99001
2022-09-30T04:00:00.000000000,70.85,196.1605
2022-09-30T05:00:00.000000000,69.97,200.38093
2022-09-30T06:00:00.000000000,98.9,212.71601
2022-09-30T07:00:00.000000000,89.79,218.86703
2022-09-30T08:00:00.000000000,123.32,222.39511
2022-09-30T09:00:00.000000000,110.45,217.74832
2022-09-30T10:00:00.000000000,95.89,225.58656
2022-09-30T11:00:00.000000000,89.37,236.23981
2022-09-30T12:00:00.000000000,93.6,240.64307
2022-09-30T13:00:00.000000000,88.04,243.80705
2022-09-30T14:00:00.000000000,83.91,239.59449
2022-09-30T15:00:00.000000000,81.03,232.60207
2022-09-30T16:00:00.000000000,80.82,242.57932
2022-09-30T17:00:00.000000000,78.33,244.83255
2022-09-30T18:00:00.000000000,75.99,259.41512
2022-09-30T19:00:00.000000000,85.4,269.593
2022-09-30T20:00:00.000000000,88.43,268.27272
2022-09-30T21:00:00.000000000,76.72,277.19688
2022-09-30T22:00:00.000000000,85.68,283.32266
2022-09-30T23:00:00.000000000,83.12,281.59418
2022-10-01T00:00:00.000000000,85.4,392.20321
2022-10-01T01:00:00.000000000,98.91,385.87966
2022-10-01T02:00:00.000000000,122.05,392.12063
2022-10-01T03:00:00.000000000,118.99,384.68085
2022-10-01T04:00:00.000000000,116.52,384.75979
2022-10-01T05:00:00.000000000,141.16,382.63897
2022-10-01T06:00:00.000000000,131.64,383.56334
2022-10-01T07:00:00.000000000,121.39,390.40009
2022-10-01T08:00:00.000000000,106.09,391.90834
2022-10-01T09:00:00.000000000,193.48,390.20738
2022-10-01T10:00:00.000000000,187.06,396.48475
2022-10-01T11:00:00.000000000,205.84,404.89149
2022-10-01T12:00:00.000000000,172.92,402.73637
2022-10-01T13:00:00.000000000,200.35,405.27906
2022-10-01T14:00:00.000000000,149.92,396.56975
2022-10-01T15:00:00.000000000,167.35,384.51468
2022-10-01T16:00:00.000000000,109.45,384.82702
2022-10-01T17:00:00.000000000,93.35,386.02241
2022-10-01T18:00:00.000000000,87.16,387.56074
2022-10-01T19:00:00.000000000,83.44,390.95532
2022-10-01T20:00:00.000000000,81.27,391.65113
2022-10-01T21:00:00.000000000,78.67,393.20124
2022-10-01T22:00:00.000000000,78.6,400.33643
2022-10-01T23:00:00.000000000,70.39,403.27163
2022-10-02T00:00:00.000000000,76.14,483.02017
2022-10-02T01:00:00.000000000,88.79,487.22253
2022-10-02T02:00:00.000000000,120.52,500.55817
2022-10-02T03:00:00.000000000,130.35,503.46788
2022-10-02T04:00:00.000000000,136.73,510.81716
2022-10-02T05:00:00.000000000,142.12,519.95074
2022-10-02T06:00:00.000000000,133.47,532.9472
2022-10-02T07:00:00.000000000,155.48,553.54474
2022-10-02T08:00:00.000000000,156.74,559.22436
2022-10-02T09:00:00.000000000,154.08,569.78455
2022-10-02T10:00:00.000000000,162.26,580.22445
2022-10-02T11:00:00.000000000,149.55,588.92029
2022-10-02T12:00:00.000000000,156.91,585.00163
2022-10-02T13:00:00.000000000,157.01,587.3688
2022-10-02T14:00:00.000000000,130.18,578.17919
2022-10-02T15:00:00.000000000,110.27,559.85346
2022-10-02T16:00:00.000000000,82.18,553.76588
2022-10-02T17:00:00.000000000,74.14,547.80918
2022-10-02T18:00:00.000000000,75.19,535.98283
2022-10-02T19:00:00.000000000,78.73,529.70235
2022-10-02T20:00:00.000000000,79.4,520.90433
2022-10-02T21:00:00.000000000,78.81,511.45322
2022-10-02T22:00:00.000000000,76.56,513.69796
2022-10-02T23:00:00.000000000,77.9,510.81187
2022-10-03T00:00:00.000000000,77.46,578.05993
2022-10-03T01:00:00.000000000,78.84,579.17497
2022-10-03T02:00:00.000000000,97.17,588.60226
2022-10-03T03:00:00.000000000,103.34,588.99922
2022-10-03T04:00:00.000000000,116.65,597.0585
2022-10-03T05:00:00.000000000,114.35,606.9144
2022-10-03T06:00:00.000000000,139.22,618.40923
2022-10-03T07:00:00.000000000,141.73,637.7883
2022-10-03T08:00:00.000000000,177.23,638.521
2022-10-03T09:00:00.000000000,188.47,647.70198
2022-10-03T10:00:00.000000000,185.99,654.82313
2022-10-03T11:00:00.000000000,189.57,661.9731
2022-10-03T12:00:00.000000000,196.9,652.36
2022-10-03T13:00:00.000000000,138.68,649.04091
2022-10-03T14:00:00.000000000,142.64,636.35395
2022-10-03T15:00:00.000000000,157.31,612.98057
2022-10-03T16:00:00.000000000,99.6,604.72902
2022-10-03T17:00:00.000000000,90.0,595.75785
2022-10-03T18:00:00.000000000,85.24,579.62213
2022-10-03T19:00:00.000000000,81.42,571.87147
2022-10-03T20:00:00.000000000,80.75,560.19203
2022-10-03T21:00:00.000000000,81.83,552.80371
2022-10-03T22:00:00.000000000,75.11,558.31105
2022-10-03T23:00:00.000000000,77.62,555.89303
2022-10-01T00:00:00.000000000,85.4,275.11396
2022-10-01T01:00:00.000000000,98.91,275.05961
2022-10-01T02:00:00.000000000,122.05,284.41577
2022-10-01T03:00:00.000000000,118.99,274.94025
2022-10-01T04:00:00.000000000,116.52,280.53871
2022-10-01T05:00:00.000000000,141.16,281.4883
2022-10-01T06:00:00.000000000,131.64,286.36183
2022-10-01T07:00:00.000000000,121.39,290.05559
2022-10-01T08:00:00.000000000,106.09,287.99204
2022-10-01T09:00:00.000000000,193.48,278.9214
2022-10-01T10:00:00.000000000,187.06,281.51254
2022-10-01T11:00:00.000000000,205.84,290.00473
2022-10-01T12:00:00.000000000,172.92,289.40957
2022-10-01T13:00:00.000000000,200.35,290.70964
2022-10-01T14:00:00.000000000,149.92,281.69236
2022-10-01T15:00:00.000000000,167.35,270.25065
2022-10-01T16:00:00.000000000,109.45,274.9185
2022-10-01T17:00:00.000000000,93.35,274.55661
2022-10-01T18:00:00.000000000,87.16,278.60289
2022-10-01T19:00:00.000000000,83.44,280.54273
2022-10-01T20:00:00.000000000,81.27,273.64496
2022-10-01T21:00:00.000000000,78.67,277.3994
2022-10-01T22:00:00.000000000,78.6,285.27701
2022-10-01T23:00:00.000000000,70.39,290.87422
2022-10-02T00:00:00.000000000,76.14,378.47708
2022-10-02T01:00:00.000000000,88.79,384.6629
2022-10-02T02:00:00.000000000,120.52,403.78228
2022-10-02T03:00:00.000000000,130.35,409.74596
2022-10-02T04:00:00.000000000,136.73,419.85825
2022-10-02T05:00:00.000000000,142.12,429.77511
2022-10-02T06:00:00.000000000,133.47,443.87055
2022-10-02T07:00:00.000000000,155.48,464.27648
2022-10-02T08:00:00.000000000,156.74,475.99133
2022-10-02T09:00:00.000000000,154.08,488.03191
2022-10-02T10:00:00.000000000,162.26,503.00394
2022-10-02T11:00:00.000000000,149.55,512.84722
2022-10-02T12:00:00.000000000,156.91,513.48811
2022-10-02T13:00:00.000000000,157.01,520.99789
2022-10-02T14:00:00.000000000,130.18,513.67784
2022-10-02T15:00:00.000000000,110.27,499.50491
2022-10-02T16:00:00.000000000,82.18,495.53627
2022-10-02T17:00:00.000000000,74.14,491.41247
2022-10-02T18:00:00.000000000,75.19,480.36976
2022-10-02T19:00:00.000000000,78.73,471.95625
2022-10-02T20:00:00.000000000,79.4,460.43756
2022-10-02T21:00:00.000000000,78.81,448.18754
2022-10-02T22:00:00.000000000,76.56,446.76935
2022-10-02T23:00:00.000000000,77.9,442.9829
2022-10-03T00:00:00.000000000,77.46,517.47007
2022-10-03T01:00:00.000000000,78.84,521.8792
2022-10-03T02:00:00.000000000,97.17,535.48623
2022-10-03T03:00:00.000000000,103.34,538.9521
2022-10-03T04:00:00.000000000,116.65,548.57345
2022-10-03T05:00:00.000000000,114.35,560.22444
2022-10-03T06:00:00.000000000,139.22,575.13178
2022-10-03T07:00:00.000000000,141.73,596.56798
2022-10-03T08:00:00.000000000,177.23,600.69203
2022-10-03T09:00:00.000000000,188.47,611.42546
2022-10-03T10:00:00.000000000,185.99,620.47523
2022-10-03T11:00:00.000000000,189.57,627.85284
2022-10-03T12:00:00.000000000,196.9,621.01711
2022-10-03T13:00:00.000000000,138.68,620.69983
2022-10-03T14:00:00.000000000,142.64,609.99852
2022-10-03T15:00:00.000000000,157.31,588.90208
2022-10-03T16:00:00.000000000,99.6,580.87188
2022-10-03T17:00:00.000000000,90.0,572.10427
2022-10-03T18:00:00.000000000,85.24,557.73377
2022-10-03T19:00:00.000000000,81.42,550.79932
2022-10-03T20:00:00.000000000,80.75,540.36626
2022-10-03T21:00:00.000000000,81.83,531.49635
2022-10-03T22:00:00.000000000,75.11,534.79148
2022-10-03T23:00:00.000000000,77.62,531.05244
2022-10-04T00:00:00.000000000,77.91,576.87163
2022-10-04T01:00:00.000000000,93.72,580.91986
2022-10-04T02:00:00.000000000,111.42,592.29269
2022-10-04T03:00:00.000000000,119.75,593.40231
2022-10-04T04:00:00.000000000,120.07,601.26215
2022-10-04T05:00:00.000000000,119.88,610.38756
2022-10-04T06:00:00.000000000,126.3,621.50071
2022-10-04T07:00:00.000000000,173.66,640.79269
2022-10-04T08:00:00.000000000,178.39,641.17949
2022-10-04T09:00:00.000000000,140.42,649.72916
2022-10-04T10:00:00.000000000,176.65,655.6525
2022-10-04T11:00:00.000000000,157.04,661.30151
2022-10-04T12:00:00.000000000,198.45,649.75037
2022-10-04T13:00:00.000000000,138.58,643.79991
2022-10-04T14:00:00.000000000,191.9,628.30854
2022-10-04T15:00:00.000000000,159.41,602.84784
2022-10-04T16:00:00.000000000,103.7,592.76292
2022-10-04T17:00:00.000000000,85.41,583.23138
2022-10-04T18:00:00.000000000,89.22,568.06686
2022-10-04T19:00:00.000000000,85.05,562.90463
2022-10-04T20:00:00.000000000,91.56,555.42622
2022-10-04T21:00:00.000000000,91.92,552.79218
2022-10-04T22:00:00.000000000,83.8,563.05379
2022-10-04T23:00:00.000000000,80.36,564.4964
2022-10-02T00:00:00.000000000,76.14,236.00768
2022-10-02T01:00:00.000000000,88.79,239.14176
2022-10-02T02:00:00.000000000,120.52,255.87516
2022-10-02T03:00:00.000000000,130.35,258.40452
2022-10-02T04:00:00.000000000,136.73,274.87244
2022-10-02T05:00:00.000000000,142.12,289.53849
2022-10-02T06:00:00.000000000,133.47,308.03625
2022-10-02T07:00:00.000000000,155.48,324.10455
2022-10-02T08:00:00.000000000,156.74,335.64632
2022-10-02T09:00:00.000000000,154.08,342.63149
2022-10-02T10:00:00.000000000,162.26,358.72374
2022-10-02T11:00:00.000000000,149.55,372.59152
2022-10-02T12:00:00.000000000,156.91,380.02016
2022-10-02T13:00:00.000000000,157.01,391.11021
2022-10-02T14:00:00.000000000,130.18,388.07589
2022-10-02T15:00:00.000000000,110.27,379.44854
2022-10-02T16:00:00.000000000,82.18,386.53278
2022-10-02T17:00:00.000000000,74.14,385.96322
2022-10-02T18:00:00.000000000,75.19,382.16445
2022-10-02T19:00:00.000000000,78.73,374.41157
2022-10-02T20:00:00.000000000,79.4,358.10355
2022-10-02T21:00:00.000000000,78.81,346.73877
2022-10-02T22:00:00.000000000,76.56,340.55636
2022-10-02T23:00:00.000000000,77.9,331.73211
2022-10-03T00:00:00.000000000,77.46,434.14155
2022-10-03T01:00:00.000000000,78.84,440.8535
2022-10-03T02:00:00.000000000,97.17,458.92439
2022-10-03T03:00:00.000000000,103.34,466.19474
2022-10-03T04:00:00.000000000,116.65,477.39986
2022-10-03T05:00:00.000000000,114.35,491.13918
2022-10-03T06:00:00.000000000,139.22,510.70445
2022-10-03T07:00:00.000000000,141.73,536.85552
2022-10-03T08:00:00.000000000,177.23,548.93692
2022-10-03T09:00:00.000000000,188.47,563.30959
2022-10-03T10:00:00.000000000,185.99,575.79183
2022-10-03T11:00:00.000000000,189.57,583.99152
2022-10-03T12:00:00.000000000,196.9,580.31351
2022-10-03T13:00:00.000000000,138.68,584.49499
2022-10-03T14:00:00.000000000,142.64,576.52531
2022-10-03T15:00:00.000000000,157.31,559.41251
2022-10-03T16:00:00.000000000,99.6,554.28693
2022-10-03T17:00:00.000000000,90.0,549.17618
2022-10-03T18:00:00.000000000,85.24,536.84757
2022-10-03T19:00:00.000000000,81.42,529.01643
2022-10-03T20:00:00.000000000,80.75,517.07686
2022-10-03T21:00:00.000000000,81.83,501.89556
2022-10-03T22:00:00.000000000,75.11,497.74964
2022-10-03T23:00:00.000000000,77.62,489.92979
2022-10-04T00:00:00.000000000,77.91,562.35667
2022-10-04T01:00:00.000000000,93.72,563.42497
2022-10-04T02:00:00.000000000,111.42,573.8078
2022-10-04T03:00:00.000000000,119.75,575.93216
2022-10-04T04:00:00.000000000,120.07,584.93024
2022-10-04T05:00:00.000000000,119.88,595.19839
2022-10-04T06:00:00.000000000,126.3,607.18586
2022-10-04T07:00:00.000000000,173.66,627.27335
2022-10-04T08:00:00.000000000,178.39,627.94769
2022-10-04T09:00:00.000000000,140.42,635.89954
2022-10-04T10:00:00.000000000,176.65,642.09934
2022-10-04T11:00:00.000000000,157.04,648.88271
2022-10-04T12:00:00.000000000,198.45,638.7598
2022-10-04T13:00:00.000000000,138.58,635.28348
2022-10-04T14:00:00.000000000,191.9,621.69212
2022-10-04T15:00:00.000000000,159.41,597.76395
2022-10-04T16:00:00.000000000,103.7,588.67211
2022-10-04T17:00:00.000000000,85.41,579.60514
2022-10-04T18:00:00.000000000,89.22,564.13609
2022-10-04T19:00:00.000000000,85.05,557.1534
2022-10-04T20:00:00.000000000,91.56,546.94356
2022-10-04T21:00:00.000000000,91.92,540.27295
2022-10-04T22:00:00.000000000,83.8,545.94982
2022-10-04T23:00:00.000000000,80.36,544.12616
2022-10-05T00:00:00.000000000,82.61,590.51539
2022-10-05T01:00:00.000000000,99.07,592.96823
2022-10-05T02:00:00.000000000,93.34,601.42193
2022-10-05T03:00:00.000000000,108.7,599.03824
2022-10-05T04:00:00.000000000,97.85,604.69645
2022-10-05T05:00:00.000000000,123.58,612.49126
2022-10-05T06:00:00.000000000,122.53,622.79133
2022-10-05T07:00:00.000000000,174.91,641.23318
2022-10-05T08:00:00.000000000,147.96,641.36664
2022-10-05T09:00:00.000000000,151.41,650.85191
2022-10-05T10:00:00.000000000,181.47,657.23852
2022-10-05T11:00:00.000000000,182.89,663.65576
2022-10-05T12:00:00.000000000,200.54,653.24773
2022-10-05T13:00:00.000000000,197.45,647.86148
2022-10-05T14:00:00.000000000,133.72,633.62014
2022-10-05T15:00:00.000000000,121.55,610.13847
2022-10-05T16:00:00.000000000,105.9,602.1428
2022-10-05T17:00:00.000000000,86.4,594.74478
2022-10-05T18:00:00.000000000,89.94,581.21823
2022-10-05T19:00:00.000000000,81.09,576.57584
2022-10-05T20:00:00.000000000,84.46,569.01458
2022-10-05T21:00:00.000000000,84.83,565.6997
2022-10-05T22:00:00.000000000,83.62,575.33955
2022-10-05T23:00:00.000000000,77.36,575.63929
2022-10-03T00:00:00.000000000,77.46,251.94943
2022-10-03T01:00:00.000000000,78.84,262.71583
2022-10-03T02:00:00.000000000,97.17,287.10437
2022-10-03T03:00:00.000000000,103.34,295.15597
2022-10-03T04:00:00.000000000,116.65,312.47772
2022-10-03T05:00:00.000000000,114.35,327.86954
2022-10-03T06:00:00.000000000,139.22,347.06367
2022-10-03T07:00:00.000000000,141.73,365.118
2022-10-03T08:00:00.000000000,177.23,376.32408
2022-10-03T09:00:00.000000000,188.47,384.30107
2022-10-03T10:00:00.000000000,185.99,399.88581
2022-10-03T11:00:00.000000000,189.57,412.62862
2022-10-03T12:00:00.000000000,196.9,418.45446
2022-10-03T13:00:00.000000000,138.68,428.94234
2022-10-03T14:00:00.000000000,142.64,423.98044
2022-10-03T15:00:00.000000000,157.31,411.5232
2022-10-03T16:00:00.000000000,99.6,411.42431
2022-10-03T17:00:00.000000000,90.0,405.79047
2022-10-03T18:00:00.000000000,85.24,395.60433
2022-10-03T19:00:00.000000000,81.42,386.21345
2022-10-03T20:00:00.000000000,80.75,370.34711
2022-10-03T21:00:00.000000000,81.83,360.1742
2022-10-03T22:00:00.000000000,75.11,358.72072
2022-10-03T23:00:00.000000000,77.62,355.41834
2022-10-04T00:00:00.000000000,77.91,467.50843
2022-10-04T01:00:00.000000000,93.72,472.00124
2022-10-04T02:00:00.000000000,111.42,486.84535
2022-10-04T03:00:00.000000000,119.75,491.95385
2022-10-04T04:00:00.000000000,120.07,500.70621
2022-10-04T05:00:00.000000000,119.88,510.6036
2022-10-04T06:00:00.000000000,126.3,523.82224
2022-10-04T07:00:00.000000000,173.66,544.5455
2022-10-04T08:00:00.000000000,178.39,550.44397
2022-10-04T09:00:00.000000000,140.42,559.67289
2022-10-04T10:00:00.000000000,176.65,569.44682
2022-10-04T11:00:00.000000000,157.04,577.31666
2022-10-04T12:00:00.000000000,198.45,572.46233
2022-10-04T13:00:00.000000000,138.58,575.13328
2022-10-04T14:00:00.000000000,191.9,565.39717
2022-10-04T15:00:00.000000000,159.41,546.6926
2022-10-04T16:00:00.000000000,103.7,540.54974
2022-10-04T17:00:00.000000000,85.41,534.31966
2022-10-04T18:00:00.000000000,89.22,521.2778
2022-10-04T19:00:00.000000000,85.05,513.56354
2022-10-04T20:00:00.000000000,91.56,502.65625
2022-10-04T21:00:00.000000000,91.92,490.95294
2022-10-04T22:00:00.000000000,83.8,491.2843
2022-10-04T23:00:00.000000000,80.36,488.03066
2022-10-05T00:00:00.000000000,82.61,578.19702
2022-10-05T01:00:00.000000000,99.07,581.14555
2022-10-05T02:00:00.000000000,93.34,591.52275
2022-10-05T03:00:00.000000000,108.7,592.03797
2022-10-05T04:00:00.000000000,97.85,599.75489
2022-10-05T05:00:00.000000000,123.58,609.11478
2022-10-05T06:00:00.000000000,122.53,620.64456
2022-10-05T07:00:00.000000000,174.91,640.48328
2022-10-05T08:00:00.000000000,147.96,641.40222
2022-10-05T09:00:00.000000000,151.41,650.68242
2022-10-05T10:00:00.000000000,181.47,657.05716
2022-10-05T11:00:00.000000000,182.89,663.44936
2022-10-05T12:00:00.000000000,200.54,652.43643
2022-10-05T13:00:00.000000000,197.45,646.9318
2022-10-05T14:00:00.000000000,133.72,632.08744
2022-10-05T15:00:00.000000000,121.55,607.34273
2022-10-05T16:00:00.000000000,105.9,598.17795
2022-10-05T17:00:00.000000000,86.4,589.43134
2022-10-05T18:00:00.000000000,89.94,574.39796
2022-10-05T19:00:00.000000000,81.09,568.72296
2022-10-05T20:00:00.000000000,84.46,560.24035
2022-10-05T21:00:00.000000000,84.83,556.25897
2022-10-05T22:00:00.000000000,83.62,565.14312
2022-10-05T23:00:00.000000000,77.36,565.42099
2022-10-06T00:00:00.000000000,78.74,593.61654
2022-10-06T01:00:00.000000000,90.15,595.86336
2022-10-06T02:00:00.000000000,101.98,603.52559
2022-10-06T03:00:00.000000000,92.53,599.81525
2022-10-06T04:00:00.000000000,91.37,605.38524
2022-10-06T05:00:00.000000000,117.7,613.85727
2022-10-06T06:00:00.000000000,138.78,625.74727
2022-10-06T07:00:00.000000000,172.9,645.22277
2022-10-06T08:00:00.000000000,176.79,646.28612
2022-10-06T09:00:00.000000000,177.76,657.07986
2022-10-06T10:00:00.000000000,156.98,663.63685
2022-10-06T11:00:00.000000000,153.45,670.07474
2022-10-06T12:00:00.000000000,172.65,659.69812
2022-10-06T13:00:00.000000000,170.65,654.20519
2022-10-06T14:00:00.000000000,186.42,640.33016
2022-10-06T15:00:00.000000000,153.58,617.60568
2022-10-06T16:00:00.000000000,96.05,610.72705
2022-10-06T17:00:00.000000000,87.51,604.29698
2022-10-06T18:00:00.000000000,83.47,591.4167
2022-10-06T19:00:00.000000000,82.83,586.73961
2022-10-06T20:00:00.000000000,85.39,578.19194
2022-10-06T21:00:00.000000000,85.38,573.5712
2022-10-06T22:00:00.000000000,82.56,581.78527
2022-10-06T23:00:00.000000000,77.99,580.40706
2022-10-04T00:00:00.000000000,77.91,271.52573
2022-10-04T01:00:00.000000000,93.72,275.00574
2022-10-04T02:00:00.000000000,111.42,292.0136
2022-10-04T03:00:00.000000000,119.75,292.72262
2022-10-04T04:00:00.000000000,120.07,303.64707
2022-10-04T05:00:00.000000000,119.88,313.30077
2022-10-04T06:00:00.000000000,126.3,326.21338
2022-10-04T07:00:00.000000000,173.66,338.58706
2022-10-04T08:00:00.000000000,178.39,345.94503
2022-10-04T09:00:00.000000000,140.42,348.96298
2022-10-04T10:00:00.000000000,176.65,361.51132
2022-10-04T11:00:00.000000000,157.04,374.9938
2022-10-04T12:00:00.000000000,198.45,381.71948
2022-10-04T13:00:00.000000000,138.58,391.92611
2022-10-04T14:00:00.000000000,191.9,388.47046
2022-10-04T15:00:00.000000000,159.41,378.34914
2022-10-04T16:00:00.000000000,103.7,381.38189
2022-10-04T17:00:00.000000000,85.41,378.32748
2022-10-04T18:00:00.000000000,89.22,373.03299
2022-10-04T19:00:00.000000000,85.05,367.54215
2022-10-04T20:00:00.000000000,91.56,355.65521
2022-10-04T21:00:00.000000000,91.92,350.27408
2022-10-04T22:00:00.000000000,83.8,350.51372
2022-10-04T23:00:00.000000000,80.36,348.93367
2022-10-05T00:00:00.000000000,82.61,456.74609
2022-10-05T01:00:00.000000000,99.07,462.91348
2022-10-05T02:00:00.000000000,93.34,479.25393
2022-10-05T03:00:00.000000000,108.7,484.86032
2022-10-05T04:00:00.000000000,97.85,494.33247
2022-10-05T05:00:00.000000000,123.58,505.77323
2022-10-05T06:00:00.000000000,122.53,522.00021
2022-10-05T07:00:00.000000000,174.91,545.35933
2022-10-05T08:00:00.000000000,147.96,554.22616
2022-10-05T09:00:00.000000000,151.41,566.35201
2022-10-05T10:00:00.000000000,181.47,577.59699
2022-10-05T11:00:00.000000000,182.89,585.63582
2022-10-05T12:00:00.000000000,200.54,581.26497
2022-10-05T13:00:00.000000000,197.45,583.83394
2022-10-05T14:00:00.000000000,133.72,574.20639
2022-10-05T15:00:00.000000000,121.55,555.78407
2022-10-05T16:00:00.000000000,105.9,549.6697
2022-10-05T17:00:00.000000000,86.4,543.94926
2022-10-05T18:00:00.000000000,89.94,531.6668
2022-10-05T19:00:00.000000000,81.09,524.57831
2022-10-05T20:00:00.000000000,84.46,514.46286
2022-10-05T21:00:00.000000000,84.83,502.71611
2022-10-05T22:00:00.000000000,83.62,502.5387
2022-10-05T23:00:00.000000000,77.36,498.30489
2022-10-06T00:00:00.000000000,78.74,582.12558
2022-10-06T01:00:00.000000000,90.15,583.34343
2022-10-06T02:00:00.000000000,101.98,591.96678
2022-10-06T03:00:00.000000000,92.53,591.05423
2022-10-06T04:00:00.000000000,91.37,598.72087
2022-10-06T05:00:00.000000000,117.7,608.84553
2022-10-06T06:00:00.000000000,138.78,621.70382
2022-10-06T07:00:00.000000000,172.9,642.62814
2022-10-06T08:00:00.000000000,176.79,644.41356
2022-10-06T09:00:00.000000000,177.76,654.95146
2022-10-06T10:00:00.000000000,156.98,661.86363
2022-10-06T11:00:00.000000000,153.45,669.02851
2022-10-06T12:00:00.000000000,172.65,658.89528
2022-10-06T13:00:00.000000000,170.65,654.40984
2022-10-06T14:00:00.000000000,186.42,641.11476
2022-10-06T15:00:00.000000000,153.58,618.05225
2022-10-06T16:00:00.000000000,96.05,610.8845
2022-10-06T17:00:00.000000000,87.51,603.7504
2022-10-06T18:00:00.000000000,83.47,589.23257
2022-10-06T19:00:00.000000000,82.83,582.78001
2022-10-06T20:00:00.000000000,85.39,572.20457
2022-10-06T21:00:00.000000000,85.38,565.2418
2022-10-06T22:00:00.000000000,82.56,570.96407
2022-10-06T23:00:00.000000000,77.99,568.34882
2022-10-07T00:00:00.000000000,84.11,596.30723
2022-10-07T01:00:00.000000000,98.21,595.51371
2022-10-07T02:00:00.000000000,117.51,600.12874
2022-10-07T03:00:00.000000000,125.17,594.08519
2022-10-07T04:00:00.000000000,124.8,598.79897
2022-10-07T05:00:00.000000000,138.68,606.97968
2022-10-07T06:00:00.000000000,143.1,618.58601
2022-10-07T07:00:00.000000000,184.55,637.10018
2022-10-07T08:00:00.000000000,177.06,637.58412
2022-10-07T09:00:00.000000000,150.54,648.82606
2022-10-07T10:00:00.000000000,138.73,656.7276
2022-10-07T11:00:00.000000000,141.3,664.80295
2022-10-07T12:00:00.000000000,206.82,657.40922
2022-10-07T13:00:00.000000000,195.06,655.57344
2022-10-07T14:00:00.000000000,195.14,645.78389
2022-10-07T15:00:00.000000000,162.24,626.45847
2022-10-07T16:00:00.000000000,93.88,622.13844
2022-10-07T17:00:00.000000000,85.05,616.86178
2022-10-07T18:00:00.000000000,88.77,603.94759
2022-10-07T19:00:00.000000000,91.0,597.07724
2022-10-07T20:00:00.000000000,90.37,584.31088
2022-10-07T21:00:00.000000000,87.35,574.61468
2022-10-07T22:00:00.000000000,86.46,577.97063
2022-10-07T23:00:00.000000000,78.73,572.27864
2022-10-05T00:00:00.000000000,82.61,271.96445
2022-10-05T01:00:00.000000000,99.07,274.47274
2022-10-05T02:00:00.000000000,93.34,290.67694
2022-10-05T03:00:00.000000000,108.7,290.76804
2022-10-05T04:00:00.000000000,97.85,301.51101
2022-10-05T05:00:00.000000000,123.58,311.21336
2022-10-05T06:00:00.000000000,122.53,324.15816
2022-10-05T07:00:00.000000000,174.91,336.41234
2022-10-05T08:00:00.000000000,147.96,343.67617
2022-10-05T09:00:00.000000000,151.41,346.5324
2022-10-05T10:00:00.000000000,181.47,358.69646
2022-10-05T11:00:00.000000000,182.89,372.06049
2022-10-05T12:00:00.000000000,200.54,378.43694
2022-10-05T13:00:00.000000000,197.45,388.4608
2022-10-05T14:00:00.000000000,133.72,385.36109
2022-10-05T15:00:00.000000000,121.55,375.96102
2022-10-05T16:00:00.000000000,105.9,380.16796
2022-10-05T17:00:00.000000000,86.4,378.46431
2022-10-05T18:00:00.000000000,89.94,374.248
2022-10-05T19:00:00.000000000,81.09,369.44016
2022-10-05T20:00:00.000000000,84.46,358.07939
2022-10-05T21:00:00.000000000,84.83,352.56949
2022-10-05T22:00:00.000000000,83.62,352.3572
2022-10-05T23:00:00.000000000,77.36,350.0309
2022-10-06T00:00:00.000000000,78.74,457.20412
2022-10-06T01:00:00.000000000,90.15,455.11237
2022-10-06T02:00:00.000000000,101.98,464.23429
2022-10-06T03:00:00.000000000,92.53,462.28171
2022-10-06T04:00:00.000000000,91.37,464.56769
2022-10-06T05:00:00.000000000,117.7,467.38467
2022-10-06T06:00:00.000000000,138.78,473.47992
2022-10-06T07:00:00.000000000,172.9,487.37306
2022-10-06T08:00:00.000000000,176.79,491.08461
2022-10-06T09:00:00.000000000,177.76,497.20573
2022-10-06T10:00:00.000000000,156.98,507.43468
2022-10-06T11:00:00.000000000,153.45,516.10774
2022-10-06T12:00:00.000000000,172.65,515.60593
2022-10-06T13:00:00.000000000,170.65,521.35628
2022-10-06T14:00:00.000000000,186.42,514.90068
2022-10-06T15:00:00.000000000,153.58,501.7247
2022-10-06T16:00:00.000000000,96.05,498.42161
2022-10-06T17:00:00.000000000,87.51,496.81526
2022-10-06T18:00:00.000000000,83.47,490.48679
2022-10-06T19:00:00.000000000,82.83,487.67668
2022-10-06T20:00:00.000000000,85.39,482.29039
2022-10-06T21:00:00.000000000,85.38,476.86806
2022-10-06T22:00:00.000000000,82.56,480.58349
2022-10-06T23:00:00.000000000,77.99,479.44508
2022-10-07T00:00:00.000000000,84.11,573.13304
2022-10-07T01:00:00.000000000,98.21,574.61327
2022-10-07T02:00:00.000000000,117.51,583.18764
2022-10-07T03:00:00.000000000,125.17,582.8502
2022-10-07T04:00:00.000000000,124.8,589.02367
2022-10-07T05:00:00.000000000,138.68,596.26574
2022-10-07T06:00:00.000000000,143.1,605.40573
2022-10-07T07:00:00.000000000,184.55,623.74679
2022-10-07T08:00:00.000000000,177.06,623.13555
2022-10-07T09:00:00.000000000,150.54,631.4508
2022-10-07T10:00:00.000000000,138.73,638.06601
2022-10-07T11:00:00.000000000,141.3,646.00404
2022-10-07T12:00:00.000000000,206.82,637.49156
2022-10-07T13:00:00.000000000,195.06,634.63038
2022-10-07T14:00:00.000000000,195.14,622.38187
2022-10-07T15:00:00.000000000,162.24,600.21013
2022-10-07T16:00:00.000000000,93.88,592.43406
2022-10-07T17:00:00.000000000,85.05,585.19974
2022-10-07T18:00:00.000000000,88.77,571.01523
2022-10-07T19:00:00.000000000,91.0,564.89378
2022-10-07T20:00:00.000000000,90.37,555.94535
2022-10-07T21:00:00.000000000,87.35,550.63878
2022-10-07T22:00:00.000000000,86.46,558.78454
2022-10-07T23:00:00.000000000,78.73,559.08782
2022-10-08T00:00:00.000000000,80.2,598.16417
2022-10-08T01:00:00.000000000,102.77,595.28287
2022-10-08T02:00:00.000000000,123.45,597.84351
2022-10-08T03:00:00.000000000,103.17,590.703
2022-10-08T04:00:00.000000000,123.95,593.87904
2022-10-08T05:00:00.000000000,128.4,599.98812
2022-10-08T06:00:00.000000000,127.16,609.1002
2022-10-08T07:00:00.000000000,128.0,626.79787
2022-10-08T08:00:00.000000000,161.37,626.33726
2022-10-08T09:00:00.000000000,137.16,636.82976
2022-10-08T10:00:00.000000000,181.31,644.72538
2022-10-08T11:00:00.000000000,185.56,653.98459
2022-10-08T12:00:00.000000000,199.11,648.17842
2022-10-08T13:00:00.000000000,152.62,647.79437
2022-10-08T14:00:00.000000000,189.89,639.46738
2022-10-08T15:00:00.000000000,141.39,621.75164
2022-10-08T16:00:00.000000000,98.59,618.46371
2022-10-08T17:00:00.000000000,91.26,614.95094
2022-10-08T18:00:00.000000000,78.48,603.685
2022-10-08T19:00:00.000000000,80.22,598.09119
2022-10-08T20:00:00.000000000,84.95,587.62976
2022-10-08T21:00:00.000000000,87.1,578.70337
2022-10-08T22:00:00.000000000,85.43,582.50051
2022-10-08T23:00:00.000000000,78.72,577.42908
2022-10-06T00:00:00.000000000,78.74,265.42113
2022-10-06T01:00:00.000000000,90.15,264.94494
2022-10-06T02:00:00.000000000,101.98,278.24692
2022-10-06T03:00:00.000000000,92.53,275.44762
2022-10-06T04:00:00.000000000,91.37,285.26786
2022-10-06T05:00:00.000000000,117.7,293.91559
2022-10-06T06:00:00.000000000,138.78,306.15149
2022-10-06T07:00:00.000000000,172.9,317.44683
2022-10-06T08:00:00.000000000,176.79,324.63012
2022-10-06T09:00:00.000000000,177.76,327.18989
2022-10-06T10:00:00.000000000,156.98,339.36489
2022-10-06T11:00:00.000000000,153.45,353.36631
2022-10-06T12:00:00.000000000,172.65,361.0052
2022-10-06T13:00:00.000000000,170.65,371.81417
2022-10-06T14:00:00.000000000,186.42,370.44969
2022-10-06T15:00:00.000000000,153.58,363.46704
2022-10-06T16:00:00.000000000,96.05,371.00269
2022-10-06T17:00:00.000000000,87.51,371.98091
2022-10-06T18:00:00.000000000,83.47,371.11601
2022-10-06T19:00:00.000000000,82.83,367.87794
2022-10-06T20:00:00.000000000,85.39,357.23263
2022-10-06T21:00:00.000000000,85.38,352.46321
2022-10-06T22:00:00.000000000,82.56,351.18195
2022-10-06T23:00:00.000000000,77.99,347.07986
2022-10-07T00:00:00.000000000,84.11,457.03479
2022-10-07T01:00:00.000000000,98.21,460.10016
2022-10-07T02:00:00.000000000,117.51,473.00015
2022-10-07T03:00:00.000000000,125.17,474.2374
2022-10-07T04:00:00.000000000,124.8,479.70504
2022-10-07T05:00:00.000000000,138.68,486.1925
2022-10-07T06:00:00.000000000,143.1,496.50756
2022-10-07T07:00:00.000000000,184.55,514.9949
2022-10-07T08:00:00.000000000,177.06,521.39227
2022-10-07T09:00:00.000000000,150.54,531.70437
2022-10-07T10:00:00.000000000,138.73,543.47361
2022-10-07T11:00:00.000000000,141.3,553.35813
2022-10-07T12:00:00.000000000,206.82,552.1632
2022-10-07T13:00:00.000000000,195.06,556.72645
2022-10-07T14:00:00.000000000,195.14,549.23329
2022-10-07T15:00:00.000000000,162.24,533.59805
2022-10-07T16:00:00.000000000,93.88,528.92787
2022-10-07T17:00:00.000000000,85.05,524.81149
2022-10-07T18:00:00.000000000,88.77,514.97895
2022-10-07T19:00:00.000000000,91.0,509.49927
2022-10-07T20:00:00.000000000,90.37,501.64143
2022-10-07T21:00:00.000000000,87.35,493.49093
2022-10-07T22:00:00.000000000,86.46,496.30587
2022-10-07T23:00:00.000000000,78.73,494.73634
2022-10-08T00:00:00.000000000,80.2,578.37122
2022-10-08T01:00:00.000000000,102.77,578.98824
2022-10-08T02:00:00.000000000,123.45,587.03186
2022-10-08T03:00:00.000000000,103.17,586.3471
2022-10-08T04:00:00.000000000,123.95,592.8072
2022-10-08T05:00:00.000000000,128.4,600.98652
2022-10-08T06:00:00.000000000,127.16,611.17733
2022-10-08T07:00:00.000000000,128.0,630.46934
2022-10-08T08:00:00.000000000,161.37,630.89734
2022-10-08T09:00:00.000000000,137.16,640.3567
2022-10-08T10:00:00.000000000,181.31,647.55803
2022-10-08T11:00:00.000000000,185.56,655.85794
2022-10-08T12:00:00.000000000,199.11,647.33784
2022-10-08T13:00:00.000000000,152.62,644.49312
2022-10-08T14:00:00.000000000,189.89,632.49798
2022-10-08T15:00:00.000000000,141.39,610.45488
2022-10-08T16:00:00.000000000,98.59,603.28233
2022-10-08T17:00:00.000000000,91.26,596.31489
2022-10-08T18:00:00.000000000,78.48,581.78194
2022-10-08T19:00:00.000000000,80.22,575.05155
2022-10-08T20:00:00.000000000,84.95,564.865
2022-10-08T21:00:00.000000000,87.1,558.00406
2022-10-08T22:00:00.000000000,85.43,564.41367
2022-10-08T23:00:00.000000000,78.72,563.04409
2022-10-09T00:00:00.000000000,81.97,606.49107
2022-10-09T01:00:00.000000000,94.76,601.75317
2022-10-09T02:00:00.000000000,124.67,602.35357
2022-10-09T03:00:00.000000000,113.97,593.58467
2022-10-09T04:00:00.000000000,136.16,595.75556
2022-10-09T05:00:00.000000000,153.24,601.09078
2022-10-09T06:00:00.000000000,185.56,608.77222
2022-10-09T07:00:00.000000000,142.14,624.1108
2022-10-09T08:00:00.000000000,187.62,622.47804
2022-10-09T09:00:00.000000000,185.56,632.61786
2022-10-09T10:00:00.000000000,179.35,641.77539
2022-10-09T11:00:00.000000000,152.27,651.91046
2022-10-09T12:00:00.000000000,179.01,647.98144
2022-10-09T13:00:00.000000000,181.52,649.86916
2022-10-09T14:00:00.000000000,153.74,643.62713
2022-10-09T15:00:00.000000000,167.01,627.1461
2022-10-09T16:00:00.000000000,95.33,624.51239
2022-10-09T17:00:00.000000000,81.84,620.02008
2022-10-09T18:00:00.000000000,80.93,606.93136
2022-10-09T19:00:00.000000000,90.13,598.50377
2022-10-09T20:00:00.000000000,88.42,583.95753
2022-10-09T21:00:00.000000000,87.09,572.10302
2022-10-09T22:00:00.000000000,86.95,573.57479
2022-10-09T23:00:00.000000000,80.38,566.5774
2022-10-07T00:00:00.000000000,84.11,258.14182
2022-10-07T01:00:00.000000000,98.21,263.69249
2022-10-07T02:00:00.000000000,117.51,283.47057
2022-10-07T03:00:00.000000000,125.17,287.75603
2022-10-07T04:00:00.000000000,124.8,302.41134
2022-10-07T05:00:00.000000000,138.68,315.55659
2022-10-07T06:00:00.000000000,143.1,331.47831
2022-10-07T07:00:00.000000000,184.55,346.7617
2022-10-07T08:00:00.000000000,177.06,356.09197
2022-10-07T09:00:00.000000000,150.54,361.58965
2022-10-07T10:00:00.000000000,138.73,376.07228
2022-10-07T11:00:00.000000000,141.3,390.56406
2022-10-07T12:00:00.000000000,206.82,398.89907
2022-10-07T13:00:00.000000000,195.06,412.08497
2022-10-07T14:00:00.000000000,195.14,410.28791
2022-10-07T15:00:00.000000000,162.24,401.27344
2022-10-07T16:00:00.000000000,93.88,405.58047
2022-10-07T17:00:00.000000000,85.05,402.81322
2022-10-07T18:00:00.000000000,88.77,394.4023
2022-10-07T19:00:00.000000000,91.0,384.18536
2022-10-07T20:00:00.000000000,90.37,366.20494
2022-10-07T21:00:00.000000000,87.35,354.26394
2022-10-07T22:00:00.000000000,86.46,349.27147
2022-10-07T23:00:00.000000000,78.73,343.72885
2022-10-08T00:00:00.000000000,80.2,456.60884
2022-10-08T01:00:00.000000000,102.77,460.62429
2022-10-08T02:00:00.000000000,123.45,474.76766
2022-10-08T03:00:00.000000000,103.17,478.05317
2022-10-08T04:00:00.000000000,123.95,485.46514
2022-10-08T05:00:00.000000000,128.4,494.35425
2022-10-08T06:00:00.000000000,127.16,507.0503
2022-10-08T07:00:00.000000000,128.0,527.59431
2022-10-08T08:00:00.000000000,161.37,534.9533
2022-10-08T09:00:00.000000000,137.16,546.34833
2022-10-08T10:00:00.000000000,181.31,558.57627
2022-10-08T11:00:00.000000000,185.56,568.30987
2022-10-08T12:00:00.000000000,199.11,566.34197
2022-10-08T13:00:00.000000000,152.62,570.67212
2022-10-08T14:00:00.000000000,189.89,562.69303
2022-10-08T15:00:00.000000000,141.39,545.93358
2022-10-08T16:00:00.000000000,98.59,540.61589
2022-10-08T17:00:00.000000000,91.26,535.34269
2022-10-08T18:00:00.000000000,78.48,523.65263
2022-10-08T19:00:00.000000000,80.22,516.606
2022-10-08T20:00:00.000000000,84.95,506.85061
2022-10-08T21:00:00.000000000,87.1,496.13355
2022-10-08T22:00:00.000000000,85.43,497.03911
2022-10-08T23:00:00.000000000,78.72,493.86327
2022-10-09T00:00:00.000000000,81.97,579.9619
2022-10-09T01:00:00.000000000,94.76,577.72604
2022-10-09T02:00:00.000000000,124.67,583.00599
2022-10-09T03:00:00.000000000,113.97,579.5292
2022-10-09T04:00:00.000000000,136.16,585.12193
2022-10-09T05:00:00.000000000,153.24,592.91133
2022-10-09T06:00:00.000000000,185.56,602.66856
2022-10-09T07:00:00.000000000,142.14,620.6234
2022-10-09T08:00:00.000000000,187.62,620.35369
2022-10-09T09:00:00.000000000,185.56,629.8412
2022-10-09T10:00:00.000000000,179.35,638.20651
2022-10-09T11:00:00.000000000,152.27,647.30573
2022-10-09T12:00:00.000000000,179.01,641.17553
2022-10-09T13:00:00.000000000,181.52,641.27242
2022-10-09T14:00:00.000000000,153.74,632.59529
2022-10-09T15:00:00.000000000,167.01,613.46322
2022-10-09T16:00:00.000000000,95.33,608.30494
2022-10-09T17:00:00.000000000,81.84,602.32337
2022-10-09T18:00:00.000000000,80.93,588.54398
2022-10-09T19:00:00.000000000,90.13,580.92986
2022-10-09T20:00:00.000000000,88.42,568.57459
2022-10-09T21:00:00.000000000,87.09,558.56223
2022-10-09T22:00:00.000000000,86.95,561.47027
2022-10-09T23:00:00.000000000,80.38,556.55067
2022-10-10T00:00:00.000000000,84.05,577.42129
2022-10-10T01:00:00.000000000,92.56,577.77623
2022-10-10T02:00:00.000000000,145.24,585.38877
2022-10-10T03:00:00.000000000,145.68,583.73168
2022-10-10T04:00:00.000000000,133.13,590.33719
2022-10-10T05:00:00.000000000,117.96,598.7584
2022-10-10T06:00:00.000000000,126.43,608.43915
2022-10-10T07:00:00.000000000,173.1,625.52396
2022-10-10T08:00:00.000000000,157.55,625.10529
2022-10-10T09:00:00.000000000,142.44,635.08312
2022-10-10T10:00:00.000000000,119.12,643.91871
2022-10-10T11:00:00.000000000,99.58,651.87606
2022-10-10T12:00:00.000000000,100.55,644.52419
2022-10-10T13:00:00.000000000,98.62,643.91467
2022-10-10T14:00:00.000000000,94.23,635.2155
2022-10-10T15:00:00.000000000,73.31,615.50544
2022-10-10T16:00:00.000000000,70.24,609.79641
2022-10-10T17:00:00.000000000,63.08,602.14109
2022-10-10T18:00:00.000000000,59.63,586.23185
2022-10-10T19:00:00.000000000,53.01,577.44033
2022-10-10T20:00:00.000000000,47.86,562.81245
2022-10-10T21:00:00.000000000,47.33,551.62594
2022-10-10T22:00:00.000000000,48.45,555.15405
2022-10-10T23:00:00.000000000,47.3,550.87817
2022-10-08T00:00:00.000000000,80.2,261.52207
2022-10-08T01:00:00.000000000,102.77,267.51637
2022-10-08T02:00:00.000000000,123.45,287.89326
2022-10-08T03:00:00.000000000,103.17,292.13204
2022-10-08T04:00:00.000000000,123.95,305.84183
2022-10-08T05:00:00.000000000,128.4,318.19831
2022-10-08T06:00:00.000000000,127.16,333.25344
2022-10-08T07:00:00.000000000,128.0,347.75971
2022-10-08T08:00:00.000000000,161.37,356.4074
2022-10-08T09:00:00.000000000,137.16,361.26868
2022-10-08T10:00:00.000000000,181.31,375.45201
2022-10-08T11:00:00.000000000,185.56,390.04736
2022-10-08T12:00:00.000000000,199.11,398.55473
2022-10-08T13:00:00.000000000,152.62,411.6007
2022-10-08T14:00:00.000000000,189.89,409.7162
2022-10-08T15:00:00.000000000,141.39,400.08213
2022-10-08T16:00:00.000000000,98.59,402.95578
2022-10-08T17:00:00.000000000,91.26,398.86418
2022-10-08T18:00:00.000000000,78.48,389.93281
2022-10-08T19:00:00.000000000,80.22,380.39417
2022-10-08T20:00:00.000000000,84.95,363.64692
2022-10-08T21:00:00.000000000,87.1,353.60262
2022-10-08T22:00:00.000000000,85.43,350.51228
2022-10-08T23:00:00.000000000,78.72,346.7858
2022-10-09T00:00:00.000000000,81.97,442.20926
2022-10-09T01:00:00.000000000,94.76,447.49698
2022-10-09T02:00:00.000000000,124.67,464.03252
2022-10-09T03:00:00.000000000,113.97,470.0844
2022-10-09T04:00:00.000000000,136.16,480.5547
2022-10-09T05:00:00.000000000,153.24,493.82853
2022-10-09T06:00:00.000000000,185.56,512.49253
2022-10-09T07:00:00.000000000,142.14,537.65791
2022-10-09T08:00:00.000000000,187.62,548.65455
2022-10-09T09:00:00.000000000,185.56,562.99294
2022-10-09T10:00:00.000000000,179.35,576.17396
2022-10-09T11:00:00.000000000,152.27,585.62161
2022-10-09T12:00:00.000000000,179.01,583.61955
2022-10-09T13:00:00.000000000,181.52,589.03238
2022-10-09T14:00:00.000000000,153.74,582.50089
2022-10-09T15:00:00.000000000,167.01,566.3695
2022-10-09T16:00:00.000000000,95.33,561.55004
2022-10-09T17:00:00.000000000,81.84,556.61748
2022-10-09T18:00:00.000000000,80.93,544.90364
2022-10-09T19:00:00.000000000,90.13,537.36508
2022-10-09T20:00:00.000000000,88.42,526.00708
2022-10-09T21:00:00.000000000,87.09,510.84486
2022-10-09T22:00:00.000000000,86.95,506.52791
2022-10-09T23:00:00.000000000,80.38,498.04218
2022-10-10T00:00:00.000000000,84.05,537.02885
2022-10-10T01:00:00.000000000,92.56,540.38208
2022-10-10T02:00:00.000000000,145.24,553.66775
2022-10-10T03:00:00.000000000,145.68,558.88113
2022-10-10T04:00:00.000000000,133.13,569.38209
2022-10-10T05:00:00.000000000,117.96,579.52558
2022-10-10T06:00:00.000000000,126.43,588.92787
2022-10-10T07:00:00.000000000,173.1,605.65699
2022-10-10T08:00:00.000000000,157.55,604.91571
2022-10-10T09:00:00.000000000,142.44,613.40865
2022-10-10T10:00:00.000000000,119.12,622.54794
2022-10-10T11:00:00.000000000,99.58,629.52963
2022-10-10T12:00:00.000000000,100.55,622.25999
2022-10-10T13:00:00.000000000,98.62,623.66923
2022-10-10T14:00:00.000000000,94.23,616.00454
2022-10-10T15:00:00.000000000,73.31,595.5255
2022-10-10T16:00:00.000000000,70.24,586.97146
2022-10-10T17:00:00.000000000,63.08,575.24678
2022-10-10T18:00:00.000000000,59.63,555.90911
2022-10-10T19:00:00.000000000,53.01,545.57648
2022-10-10T20:00:00.000000000,47.86,529.69143
2022-10-10T21:00:00.000000000,47.33,517.16921
2022-10-10T22:00:00.000000000,48.45,520.53382
2022-10-10T23:00:00.000000000,47.3,517.46262
2022-10-11T00:00:00.000000000,47.18,562.93978
2022-10-11T01:00:00.000000000,46.66,560.18441
2022-10-11T02:00:00.000000000,46.28,565.68396
2022-10-11T03:00:00.000000000,47.79,563.87429
2022-10-11T04:00:00.000000000,46.44,567.73517
2022-10-11T05:00:00.000000000,49.19,569.24755
2022-10-11T06:00:00.000000000,47.65,570.29157
2022-10-11T07:00:00.000000000,52.27,580.26598
2022-10-11T08:00:00.000000000,52.71,574.42049
2022-10-11T09:00:00.000000000,56.24,575.53611
2022-10-11T10:00:00.000000000,55.56,579.61888
2022-10-11T11:00:00.000000000,57.24,584.55798
2022-10-11T12:00:00.000000000,60.13,574.26516
2022-10-11T13:00:00.000000000,63.61,571.54357
2022-10-11T14:00:00.000000000,68.52,558.89213
2022-10-11T15:00:00.000000000,61.84,537.40003
2022-10-11T16:00:00.000000000,59.38,530.24593
2022-10-11T17:00:00.000000000,59.07,522.20781
2022-10-11T18:00:00.000000000,63.3,509.02458
2022-10-11T19:00:00.000000000,67.03,504.16129
2022-10-11T20:00:00.000000000,73.11,495.42847
2022-10-11T21:00:00.000000000,77.15,491.78944
2022-10-11T22:00:00.000000000,78.45,501.99928
2022-10-11T23:00:00.000000000,80.0,504.76715
2022-10-09T00:00:00.000000000,81.97,233.59281
2022-10-09T01:00:00.000000000,94.76,244.14886
2022-10-09T02:00:00.000000000,124.67,268.57526
2022-10-09T03:00:00.000000000,113.97,277.09233
2022-10-09T04:00:00.000000000,136.16,297.45965
2022-10-09T05:00:00.000000000,153.24,315.45333
2022-10-09T06:00:00.000000000,185.56,338.31931
2022-10-09T07:00:00.000000000,142.14,359.70992
2022-10-09T08:00:00.000000000,187.62,373.65951
2022-10-09T09:00:00.000000000,185.56,384.87638
2022-10-09T10:00:00.000000000,179.35,402.4778
2022-10-09T11:00:00.000000000,152.27,415.95239
2022-10-09T12:00:00.000000000,179.01,422.21233
2022-10-09T13:00:00.000000000,181.52,433.93276
2022-10-09T14:00:00.000000000,153.74,430.58902
2022-10-09T15:00:00.000000000,167.01,420.0403
2022-10-09T16:00:00.000000000,95.33,422.72422
2022-10-09T17:00:00.000000000,81.84,419.48397
2022-10-09T18:00:00.000000000,80.93,410.29565
2022-10-09T19:00:00.000000000,90.13,399.77178
2022-10-09T20:00:00.000000000,88.42,380.82441
2022-10-09T21:00:00.000000000,87.09,365.69424
2022-10-09T22:00:00.000000000,86.95,359.61576
2022-10-09T23:00:00.000000000,80.38,350.92595
2022-10-10T00:00:00.000000000,84.05,413.39118
2022-10-10T01:00:00.000000000,92.56,427.18469
2022-10-10T02:00:00.000000000,145.24,454.43841
2022-10-10T03:00:00.000000000,145.68,472.02565
2022-10-10T04:00:00.000000000,133.13,489.22988
2022-10-10T05:00:00.000000000,117.96,505.46511
2022-10-10T06:00:00.000000000,126.43,521.66489
2022-10-10T07:00:00.000000000,173.1,543.35319
2022-10-10T08:00:00.000000000,157.55,548.47423
2022-10-10T09:00:00.000000000,142.44,555.42505
2022-10-10T10:00:00.000000000,119.12,564.27834
2022-10-10T11:00:00.000000000,99.58,571.60971
2022-10-10T12:00:00.000000000,100.55,566.92567
2022-10-10T13:00:00.000000000,98.62,573.02487
2022-10-10T14:00:00.000000000,94.23,565.01857
2022-10-10T15:00:00.000000000,73.31,544.85003
2022-10-10T16:00:00.000000000,70.24,535.64701
2022-10-10T17:00:00.000000000,63.08,524.19138
2022-10-10T18:00:00.000000000,59.63,503.95777
2022-10-10T19:00:00.000000000,53.01,491.02017
2022-10-10T20:00:00.000000000,47.86,473.69094
2022-10-10T21:00:00.000000000,47.33,455.68753
2022-10-10T22:00:00.000000000,48.45,452.37028
2022-10-10T23:00:00.000000000,47.3,449.13899
2022-10-11T00:00:00.000000000,47.18,533.86688
2022-10-11T01:00:00.000000000,46.66,526.15167
2022-10-11T02:00:00.000000000,46.28,529.57992
2022-10-11T03:00:00.000000000,47.79,527.54862
2022-10-11T04:00:00.000000000,46.44,530.69142
2022-10-11T05:00:00.000000000,49.19,531.88402
2022-10-11T06:00:00.000000000,47.65,531.99528
2022-10-11T07:00:00.000000000,52.27,541.48584
2022-10-11T08:00:00.000000000,52.71,536.92213
2022-10-11T09:00:00.000000000,56.24,537.01543
2022-10-11T10:00:00.000000000,55.56,541.86414
2022-10-11T11:00:00.000000000,57.24,547.66755
2022-10-11T12:00:00.000000000,60.13,539.55583
2022-10-11T13:00:00.000000000,63.61,540.29732
2022-10-11T14:00:00.000000000,68.52,530.12647
2022-10-11T15:00:00.000000000,61.84,511.7962
2022-10-11T16:00:00.000000000,59.38,506.69482
2022-10-11T17:00:00.000000000,59.07,501.09755
2022-10-11T18:00:00.000000000,63.3,489.66883
2022-10-11T19:00:00.000000000,67.03,484.44061
2022-10-11T20:00:00.000000000,73.11,474.76674
2022-10-11T21:00:00.000000000,77.15,467.30124
2022-10-11T22:00:00.000000000,78.45,472.13445
2022-10-11T23:00:00.000000000,80.0,471.42208
2022-10-12T00:00:00.000000000,81.4,545.43664
2022-10-12T01:00:00.000000000,99.0,545.92029
2022-10-12T02:00:00.000000000,99.84,554.51574
2022-10-12T03:00:00.000000000,117.05,553.23034
2022-10-12T04:00:00.000000000,121.26,561.24684
2022-10-12T05:00:00.000000000,117.14,571.79728
2022-10-12T06:00:00.000000000,116.74,585.82564
2022-10-12T07:00:00.000000000,135.62,606.71034
2022-10-12T08:00:00.000000000,146.68,608.93983
2022-10-12T09:00:00.000000000,157.87,620.00304
2022-10-12T10:00:00.000000000,130.47,628.85466
2022-10-12T11:00:00.000000000,141.92,637.40975
2022-10-12T12:00:00.000000000,174.75,631.1017
2022-10-12T13:00:00.000000000,175.97,630.82644
2022-10-12T14:00:00.000000000,118.55,621.62909
2022-10-12T15:00:00.000000000,124.4,602.18937
2022-10-12T16:00:00.000000000,100.25,596.04281
2022-10-12T17:00:00.000000000,90.51,589.47299
2022-10-12T18:00:00.000000000,90.77,576.71305
2022-10-12T19:00:00.000000000,92.97,570.25899
2022-10-12T20:00:00.000000000,90.96,559.15784
2022-10-12T21:00:00.000000000,94.11,549.71023
2022-10-12T22:00:00.000000000,90.89,552.44195
2022-10-12T23:00:00.000000000,87.29,546.94819
2022-10-10T00:00:00.000000000,84.05,245.4022
2022-10-10T01:00:00.000000000,92.56,259.21081
2022-10-10T02:00:00.000000000,145.24,285.19347
2022-10-10T03:00:00.000000000,145.68,295.13387
2022-10-10T04:00:00.000000000,133.13,314.28668
2022-10-10T05:00:00.000000000,117.96,331.36005
2022-10-10T06:00:00.000000000,126.43,353.35748
2022-10-10T07:00:00.000000000,173.1,373.55742
2022-10-10T08:00:00.000000000,157.55,386.55512
2022-10-10T09:00:00.000000000,142.44,396.7503
2022-10-10T10:00:00.000000000,119.12,414.11134
2022-10-10T11:00:00.000000000,99.58,425.78667
2022-10-10T12:00:00.000000000,100.55,429.35678
2022-10-10T13:00:00.000000000,98.62,436.97247
2022-10-10T14:00:00.000000000,94.23,428.46538
2022-10-10T15:00:00.000000000,73.31,412.39419
2022-10-10T16:00:00.000000000,70.24,408.40891
2022-10-10T17:00:00.000000000,63.08,400.10012
2022-10-10T18:00:00.000000000,59.63,389.04048
2022-10-10T19:00:00.000000000,53.01,380.46887
2022-10-10T20:00:00.000000000,47.86,366.52608
2022-10-10T21:00:00.000000000,47.33,357.2877
2022-10-10T22:00:00.000000000,48.45,358.3324
2022-10-10T23:00:00.000000000,47.3,355.95424
2022-10-11T00:00:00.000000000,47.18,431.33564
2022-10-11T01:00:00.000000000,46.66,429.24092
2022-10-11T02:00:00.000000000,46.28,440.51769
2022-10-11T03:00:00.000000000,47.79,441.7514
2022-10-11T04:00:00.000000000,46.44,447.33361
2022-10-11T05:00:00.000000000,49.19,450.22843
2022-10-11T06:00:00.000000000,47.65,455.24533
2022-10-11T07:00:00.000000000,52.27,467.66505
2022-10-11T08:00:00.000000000,52.71,469.17188
2022-10-11T09:00:00.000000000,56.24,469.39115
2022-10-11T10:00:00.000000000,55.56,475.05632
2022-10-11T11:00:00.000000000,57.24,480.62335
2022-10-11T12:00:00.000000000,60.13,474.17421
2022-10-11T13:00:00.000000000,63.61,476.52171
2022-10-11T14:00:00.000000000,68.52,465.01847
2022-10-11T15:00:00.000000000,61.84,448.57193
2022-10-11T16:00:00.000000000,59.38,443.18632
2022-10-11T17:00:00.000000000,59.07,440.41764
2022-10-11T18:00:00.000000000,63.3,433.19923
2022-10-11T19:00:00.000000000,67.03,429.40679
2022-10-11T20:00:00.000000000,73.11,422.45478
2022-10-11T21:00:00.000000000,77.15,414.97462
2022-10-11T22:00:00.000000000,78.45,417.83357
2022-10-11T23:00:00.000000000,80.0,418.0812
2022-10-12T00:00:00.000000000,81.4,487.67806
2022-10-12T01:00:00.000000000,99.0,493.00878
2022-10-12T02:00:00.000000000,99.84,507.99547
2022-10-12T03:00:00.000000000,117.05,512.24203
2022-10-12T04:00:00.000000000,121.26,522.21464
2022-10-12T05:00:00.000000000,117.14,534.86466
2022-10-12T06:00:00.000000000,116.74,552.32944
2022-10-12T07:00:00.000000000,135.62,576.18987
2022-10-12T08:00:00.000000000,146.68,583.9407
2022-10-12T09:00:00.000000000,157.87,596.8192
2022-10-12T10:00:00.000000000,130.47,607.51606
2022-10-12T11:00:00.000000000,141.92,615.36523
2022-10-12T12:00:00.000000000,174.75,609.92429
2022-10-12T13:00:00.000000000,175.97,611.16225
2022-10-12T14:00:00.000000000,118.55,601.67811
2022-10-12T15:00:00.000000000,124.4,582.39117
2022-10-12T16:00:00.000000000,100.25,575.77908
2022-10-12T17:00:00.000000000,90.51,569.01845
2022-10-12T18:00:00.000000000,90.77,556.54109
2022-10-12T19:00:00.000000000,92.97,550.08749
2022-10-12T20:00:00.000000000,90.96,540.06851
2022-10-12T21:00:00.000000000,94.11,528.90205
2022-10-12T22:00:00.000000000,90.89,529.08449
2022-10-12T23:00:00.000000000,87.29,523.15282
2022-10-13T00:00:00.000000000,89.91,596.38878
2022-10-13T01:00:00.000000000,94.83,594.91931
2022-10-13T02:00:00.000000000,98.07,599.3114
2022-10-13T03:00:00.000000000,104.98,593.57163
2022-10-13T04:00:00.000000000,105.13,598.32857
2022-10-13T05:00:00.000000000,132.48,606.29834
2022-10-13T06:00:00.000000000,127.55,617.13012
2022-10-13T07:00:00.000000000,140.87,634.63659
2022-10-13T08:00:00.000000000,161.04,634.37742
2022-10-13T09:00:00.000000000,143.3,644.75637
2022-10-13T10:00:00.000000000,156.83,652.75879
2022-10-13T11:00:00.000000000,146.36,660.94741
2022-10-13T12:00:00.000000000,191.69,654.10714
2022-10-13T13:00:00.000000000,136.67,653.30071
2022-10-13T14:00:00.000000000,145.07,644.36428
2022-10-13T15:00:00.000000000,137.82,625.46219
2022-10-13T16:00:00.000000000,110.26,621.27845
2022-10-13T17:00:00.000000000,91.84,615.56775
2022-10-13T18:00:00.000000000,89.13,601.81215
2022-10-13T19:00:00.000000000,83.4,593.7834
2022-10-13T20:00:00.000000000,82.28,579.53062
2022-10-13T21:00:00.000000000,87.72,568.66264
2022-10-13T22:00:00.000000000,85.06,571.03976
2022-10-13T23:00:00.000000000,84.13,564.8393
2022-10-11T00:00:00.000000000,47.18,225.92267
2022-10-11T01:00:00.000000000,46.66,229.84474
2022-10-11T02:00:00.000000000,46.28,247.28616
2022-10-11T03:00:00.000000000,47.79,248.94927
2022-10-11T04:00:00.000000000,46.44,264.48778
2022-10-11T05:00:00.000000000,49.19,278.26927
2022-10-11T06:00:00.000000000,47.65,295.61933
2022-10-11T07:00:00.000000000,52.27,309.20046
2022-10-11T08:00:00.000000000,52.71,318.04461
2022-10-11T09:00:00.000000000,56.24,321.83409
2022-10-11T10:00:00.000000000,55.56,335.54829
2022-10-11T11:00:00.000000000,57.24,349.20846
2022-10-11T12:00:00.000000000,60.13,357.14257
2022-10-11T13:00:00.000000000,63.61,368.08665
2022-10-11T14:00:00.000000000,68.52,365.77997
2022-10-11T15:00:00.000000000,61.84,357.51511
2022-10-11T16:00:00.000000000,59.38,364.72574
2022-10-11T17:00:00.000000000,59.07,364.06282
2022-10-11T18:00:00.000000000,63.3,361.75275
2022-10-11T19:00:00.000000000,67.03,356.43878
2022-10-11T20:00:00.000000000,73.11,342.9129
2022-10-11T21:00:00.000000000,77.15,336.33176
2022-10-11T22:00:00.000000000,78.45,333.61333
2022-10-11T23:00:00.000000000,80.0,328.04489
2022-10-12T00:00:00.000000000,81.4,428.37439
2022-10-12T01:00:00.000000000,99.0,434.35675
2022-10-12T02:00:00.000000000,99.84,452.25128
2022-10-12T03:00:00.000000000,117.05,459.43774
2022-10-12T04:00:00.000000000,121.26,471.57329
2022-10-12T05:00:00.000000000,117.14,486.79974
2022-10-12T06:00:00.000000000,116.74,508.48541
2022-10-12T07:00:00.000000000,135.62,535.79313
2022-10-12T08:00:00.000000000,146.68,548.64251
2022-10-12T09:00:00.000000000,157.87,563.94315
2022-10-12T10:00:00.000000000,130.47,576.90199
2022-10-12T11:00:00.000000000,141.92,585.53081
2022-10-12T12:00:00.000000000,174.75,582.6383
2022-10-12T13:00:00.000000000,175.97,587.81337
2022-10-12T14:00:00.000000000,118.55,581.56717
2022-10-12T15:00:00.000000000,124.4,565.90718
2022-10-12T16:00:00.000000000,100.25,561.87577
2022-10-12T17:00:00.000000000,90.51,557.9777
2022-10-12T18:00:00.000000000,90.77,547.23569
2022-10-12T19:00:00.000000000,92.97,540.40304
2022-10-12T20:00:00.000000000,90.96,528.90442
2022-10-12T21:00:00.000000000,94.11,512.29613
2022-10-12T22:00:00.000000000,90.89,505.95942
2022-10-12T23:00:00.000000000,87.29,495.31492
2022-10-13T00:00:00.000000000,89.91,582.12683
2022-10-13T01:00:00.000000000,94.83,581.0305
2022-10-13T02:00:00.000000000,98.07,587.2762
2022-10-13T03:00:00.000000000,104.98,584.19542
2022-10-13T04:00:00.000000000,105.13,591.14037
2022-10-13T05:00:00.000000000,132.48,600.95507
2022-10-13T06:00:00.000000000,127.55,613.37491
2022-10-13T07:00:00.000000000,140.87,632.75286
2022-10-13T08:00:00.000000000,161.04,633.52092
2022-10-13T09:00:00.000000000,143.3,643.97302
2022-10-13T10:00:00.000000000,156.83,652.01635
2022-10-13T11:00:00.000000000,146.36,660.2427
2022-10-13T12:00:00.000000000,191.69,652.93141
2022-10-13T13:00:00.000000000,136.67,651.9971
2022-10-13T14:00:00.000000000,145.07,642.71078
2022-10-13T15:00:00.000000000,137.82,622.89146
2022-10-13T16:00:00.000000000,110.26,617.88364
2022-10-13T17:00:00.000000000,91.84,611.44216
2022-10-13T18:00:00.000000000,89.13,596.93441
2022-10-13T19:00:00.000000000,83.4,588.67544
2022-10-13T20:00:00.000000000,82.28,574.49347
2022-10-13T21:00:00.000000000,87.72,563.36899
2022-10-13T22:00:00.000000000,85.06,565.08047
2022-10-13T23:00:00.000000000,84.13,558.75363
2022-10-14T00:00:00.000000000,88.76,603.36522
2022-10-14T01:00:00.000000000,94.04,603.72857
2022-10-14T02:00:00.000000000,98.37,609.20217
2022-10-14T03:00:00.000000000,122.02,603.64243
2022-10-14T04:00:00.000000000,122.37,607.62465
2022-10-14T05:00:00.000000000,153.57,614.53519
2022-10-14T06:00:00.000000000,129.64,624.29954
2022-10-14T07:00:00.000000000,132.79,641.49465
2022-10-14T08:00:00.000000000,145.95,640.8982
2022-10-14T09:00:00.000000000,151.69,650.72382
2022-10-14T10:00:00.000000000,185.17,657.5316
2022-10-14T11:00:00.000000000,152.93,664.52599
2022-10-14T12:00:00.000000000,136.16,655.70974
2022-10-14T13:00:00.000000000,162.11,652.18588
2022-10-14T14:00:00.000000000,146.61,640.27801
2022-10-14T15:00:00.000000000,111.79,619.42809
2022-10-14T16:00:00.000000000,98.96,613.79141
2022-10-14T17:00:00.000000000,90.68,608.04577
2022-10-14T18:00:00.000000000,92.49,595.32931
2022-10-14T19:00:00.000000000,87.61,589.78094
2022-10-14T20:00:00.000000000,90.01,579.74343
2022-10-14T21:00:00.000000000,94.23,573.267
2022-10-14T22:00:00.000000000,88.84,579.98602
2022-10-14T23:00:00.000000000,93.32,577.39001
2022-10-12T00:00:00.000000000,81.4,270.16037
2022-10-12T01:00:00.000000000,99.0,273.63118
2022-10-12T02:00:00.000000000,99.84,290.66586
2022-10-12T03:00:00.000000000,117.05,292.39846
2022-10-12T04:00:00.000000000,121.26,306.20405
2022-10-12T05:00:00.000000000,117.14,319.13161
2022-10-12T06:00:00.000000000,116.74,338.19874
2022-10-12T07:00:00.000000000,135.62,357.67237
2022-10-12T08:00:00.000000000,146.68,371.08751
2022-10-12T09:00:00.000000000,157.87,382.09524
2022-10-12T10:00:00.000000000,130.47,399.07849
2022-10-12T11:00:00.000000000,141.92,412.62982
2022-10-12T12:00:00.000000000,174.75,418.35145
2022-10-12T13:00:00.000000000,175.97,428.97415
2022-10-12T14:00:00.000000000,118.55,426.18384
2022-10-12T15:00:00.000000000,124.4,417.2838
2022-10-12T16:00:00.000000000,100.25,421.10879
2022-10-12T17:00:00.000000000,90.51,421.38473
2022-10-12T18:00:00.000000000,90.77,417.07707
2022-10-12T19:00:00.000000000,92.97,411.74651
2022-10-12T20:00:00.000000000,90.96,399.45251
2022-10-12T21:00:00.000000000,94.11,388.08252
2022-10-12T22:00:00.000000000,90.89,383.99469
2022-10-12T23:00:00.000000000,87.29,375.3813
2022-10-13T00:00:00.000000000,89.91,481.29935
2022-10-13T01:00:00.000000000,94.83,485.72385
2022-10-13T02:00:00.000000000,98.07,500.02717
2022-10-13T03:00:00.000000000,104.98,504.35511
2022-10-13T04:00:00.000000000,105.13,513.32299
2022-10-13T05:00:00.000000000,132.48,524.49225
2022-10-13T06:00:00.000000000,127.55,539.68754
2022-10-13T07:00:00.000000000,140.87,561.89802
2022-10-13T08:00:00.000000000,161.04,568.72629
2022-10-13T09:00:00.000000000,143.3,580.38677
2022-10-13T10:00:00.000000000,156.83,591.37684
2022-10-13T11:00:00.000000000,146.36,600.0808
2022-10-13T12:00:00.000000000,191.69,596.1035
2022-10-13T13:00:00.000000000,136.67,598.89353
2022-10-13T14:00:00.000000000,145.07,590.17886
2022-10-13T15:00:00.000000000,137.82,571.71997
2022-10-13T16:00:00.000000000,110.26,565.51709
2022-10-13T17:00:00.000000000,91.84,558.89421
2022-10-13T18:00:00.000000000,89.13,545.95503
2022-10-13T19:00:00.000000000,83.4,538.53214
2022-10-13T20:00:00.000000000,82.28,527.84495
2022-10-13T21:00:00.000000000,87.72,516.12406
2022-10-13T22:00:00.000000000,85.06,516.11294
2022-10-13T23:00:00.000000000,84.13,511.08013
2022-10-14T00:00:00.000000000,88.76,592.30868
2022-10-14T01:00:00.000000000,94.04,591.15786
2022-10-14T02:00:00.000000000,98.37,596.76759
2022-10-14T03:00:00.000000000,122.02,593.19383
2022-10-14T04:00:00.000000000,122.37,598.54022
2022-10-14T05:00:00.000000000,153.57,606.30638
2022-10-14T06:00:00.000000000,129.64,616.34835
2022-10-14T07:00:00.000000000,132.79,634.94558
2022-10-14T08:00:00.000000000,145.95,634.87202
2022-10-14T09:00:00.000000000,151.69,644.46096
2022-10-14T10:00:00.000000000,185.17,651.59906
2022-10-14T11:00:00.000000000,152.93,659.63384
2022-10-14T12:00:00.000000000,136.16,651.67362
2022-10-14T13:00:00.000000000,162.11,649.58433
2022-10-14T14:00:00.000000000,146.61,638.87739
2022-10-14T15:00:00.000000000,111.79,618.48296
2022-10-14T16:00:00.000000000,98.96,613.10508
2022-10-14T17:00:00.000000000,90.68,607.62698
2022-10-14T18:00:00.000000000,92.49,594.31387
2022-10-14T19:00:00.000000000,87.61,587.92105
2022-10-14T20:00:00.000000000,90.01,577.25422
2022-10-14T21:00:00.000000000,94.23,569.13946
2022-10-14T22:00:00.000000000,88.84,573.87224
2022-10-14T23:00:00.000000000,93.32,570.37408
2022-10-15T00:00:00.000000000,96.39,600.69424
2022-10-15T01:00:00.000000000,93.41,598.6496
2022-10-15T02:00:00.000000000,114.47,601.72826
2022-10-15T03:00:00.000000000,136.11,594.37627
2022-10-15T04:00:00.000000000,98.27,598.02629
2022-10-15T05:00:00.000000000,104.08,605.13348
2022-10-15T06:00:00.000000000,158.25,615.48282
2022-10-15T07:00:00.000000000,170.38,632.86521
2022-10-15T08:00:00.000000000,172.09,632.57663
2022-10-15T09:00:00.000000000,119.94,643.55173
2022-10-15T10:00:00.000000000,128.15,651.83107
2022-10-15T11:00:00.000000000,140.06,660.5277
2022-10-15T12:00:00.000000000,151.31,654.34785
2022-10-15T13:00:00.000000000,204.56,653.80598
2022-10-15T14:00:00.000000000,128.98,645.36477
2022-10-15T15:00:00.000000000,143.34,627.28555
2022-10-15T16:00:00.000000000,101.42,623.77828
2022-10-15T17:00:00.000000000,98.52,619.03796
2022-10-15T18:00:00.000000000,93.85,606.40439
2022-10-15T19:00:00.000000000,96.14,599.19856
2022-10-15T20:00:00.000000000,91.33,585.86342
2022-10-15T21:00:00.000000000,91.08,575.29677
2022-10-15T22:00:00.000000000,86.87,577.92564
2022-10-15T23:00:00.000000000,80.18,571.57506
2022-10-13T00:00:00.000000000,89.91,275.93205
2022-10-13T01:00:00.000000000,94.83,279.89746
2022-10-13T02:00:00.000000000,98.07,298.37591
2022-10-13T03:00:00.000000000,104.98,300.03629
2022-10-13T04:00:00.000000000,105.13,311.58685
2022-10-13T05:00:00.000000000,132.48,322.73705
2022-10-13T06:00:00.000000000,127.55,338.24856
2022-10-13T07:00:00.000000000,140.87,353.73902
2022-10-13T08:00:00.000000000,161.04,363.62139
2022-10-13T09:00:00.000000000,143.3,369.42016
2022-10-13T10:00:00.000000000,156.83,382.52001
2022-10-13T11:00:00.000000000,146.36,395.64228
2022-10-13T12:00:00.000000000,191.69,401.32507
2022-10-13T13:00:00.000000000,136.67,411.3585
2022-10-13T14:00:00.000000000,145.07,407.89463
2022-10-13T15:00:00.000000000,137.82,398.09367
2022-10-13T16:00:00.000000000,110.26,401.05356
2022-10-13T17:00:00.000000000,91.84,399.11504
2022-10-13T18:00:00.000000000,89.13,392.63775
2022-10-13T19:00:00.000000000,83.4,386.39442
2022-10-13T20:00:00.000000000,82.28,373.70891
2022-10-13T21:00:00.000000000,87.72,366.5025
2022-10-13T22:00:00.000000000,85.06,365.71547
2022-10-13T23:00:00.000000000,84.13,363.0081
2022-10-14T00:00:00.000000000,88.76,474.39348
2022-10-14T01:00:00.000000000,94.04,479.992
2022-10-14T02:00:00.000000000,98.37,494.88555
2022-10-14T03:00:00.000000000,122.02,499.02093
2022-10-14T04:00:00.000000000,122.37,507.27761
2022-10-14T05:00:00.000000000,153.57,517.12997
2022-10-14T06:00:00.000000000,129.64,531.13562
2022-10-14T07:00:00.000000000,132.79,552.64585
2022-10-14T08:00:00.000000000,145.95,559.16692
2022-10-14T09:00:00.000000000,151.69,570.20609
2022-10-14T10:00:00.000000000,185.17,580.72126
2022-10-14T11:00:00.000000000,152.93,589.01934
2022-10-14T12:00:00.000000000,136.16,584.72705
2022-10-14T13:00:00.000000000,162.11,586.79134
2022-10-14T14:00:00.000000000,146.61,577.35227
2022-10-14T15:00:00.000000000,111.79,558.82319
2022-10-14T16:00:00.000000000,98.96,552.62752
2022-10-14T17:00:00.000000000,90.68,546.62349
2022-10-14T18:00:00.000000000,92.49,534.51023
2022-10-14T19:00:00.000000000,87.61,528.17797
2022-10-14T20:00:00.000000000,90.01,519.1147
2022-10-14T21:00:00.000000000,94.23,509.55996
2022-10-14T22:00:00.000000000,88.84,511.91271
2022-10-14T23:00:00.000000000,93.32,509.43916
2022-10-15T00:00:00.000000000,96.39,586.61952
2022-10-15T01:00:00.000000000,93.41,585.85546
2022-10-15T02:00:00.000000000,114.47,591.86969
2022-10-15T03:00:00.000000000,136.11,588.23899
2022-10-15T04:00:00.000000000,98.27,594.10622
2022-10-15T05:00:00.000000000,104.08,602.57375
2022-10-15T06:00:00.000000000,158.25,613.59393
2022-10-15T07:00:00.000000000,170.38,632.28605
2022-10-15T08:00:00.000000000,172.09,632.59016
2022-10-15T09:00:00.000000000,119.94,642.72223
2022-10-15T10:00:00.000000000,128.15,650.47456
2022-10-15T11:00:00.000000000,140.06,658.56358
2022-10-15T12:00:00.000000000,151.31,650.93151
2022-10-15T13:00:00.000000000,204.56,649.23519
2022-10-15T14:00:00.000000000,128.98,639.02639
2022-10-15T15:00:00.000000000,143.34,618.85389
2022-10-15T16:00:00.000000000,101.42,613.46743
2022-10-15T17:00:00.000000000,98.52,607.41713
2022-10-15T18:00:00.000000000,93.85,593.737
2022-10-15T19:00:00.000000000,96.14,586.71603
2022-10-15T20:00:00.000000000,91.33,574.72794
2022-10-15T21:00:00.000000000,91.08,565.62535
2022-10-15T22:00:00.000000000,86.87,569.48169
2022-10-15T23:00:00.000000000,80.18,564.97471
2022-10-16T00:00:00.000000000,77.56,597.79261
2022-10-16T01:00:00.000000000,91.97,599.49826
2022-10-16T02:00:00.000000000,110.92,606.6342
2022-10-16T03:00:00.000000000,122.35,602.57134
2022-10-16T04:00:00.000000000,108.23,606.4555
2022-10-16T05:00:00.000000000,112.51,612.37251
2022-10-16T06:00:00.000000000,134.55,620.30166
2022-10-16T07:00:00.000000000,190.74,635.6876
2022-10-16T08:00:00.000000000,203.6,634.20272
2022-10-16T09:00:00.000000000,201.05,642.83062
2022-10-16T10:00:00.000000000,167.53,649.90632
2022-10-16T11:00:00.000000000,208.65,656.81494
2022-10-16T12:00:00.000000000,208.36,647.91304
2022-10-16T13:00:00.000000000,198.75,644.22595
2022-10-16T14:00:00.000000000,210.89,631.45071
2022-10-16T15:00:00.000000000,193.56,609.30772
2022-10-16T16:00:00.000000000,105.04,601.81861
2022-10-16T17:00:00.000000000,96.18,594.10551
2022-10-16T18:00:00.000000000,89.29,580.12881
2022-10-16T19:00:00.000000000,86.18,574.15582
2022-10-16T20:00:00.000000000,98.35,564.50731
2022-10-16T21:00:00.000000000,97.9,559.69714
2022-10-16T22:00:00.000000000,98.0,568.63378
2022-10-16T23:00:00.000000000,86.19,568.38019
2022-10-14T00:00:00.000000000,88.76,276.91405
2022-10-14T01:00:00.000000000,94.04,279.10076
2022-10-14T02:00:00.000000000,98.37,295.63474
2022-10-14T03:00:00.000000000,122.02,295.36726
2022-10-14T04:00:00.000000000,122.37,305.91047
2022-10-14T05:00:00.000000000,153.57,316.12056
2022-10-14T06:00:00.000000000,129.64,331.06295
2022-10-14T07:00:00.000000000,132.79,346.17659
2022-10-14T08:00:00.000000000,145.95,356.09799
2022-10-14T09:00:00.000000000,151.69,361.8826
2022-10-14T10:00:00.000000000,185.17,374.89951
2022-10-14T11:00:00.000000000,152.93,388.28583
2022-10-14T12:00:00.000000000,136.16,394.24114
2022-10-14T13:00:00.000000000,162.11,404.33695
2022-10-14T14:00:00.000000000,146.61,401.47133
2022-10-14T15:00:00.000000000,111.79,392.72964
2022-10-14T16:00:00.000000000,98.96,397.20579
2022-10-14T17:00:00.000000000,90.68,396.79733
2022-10-14T18:00:00.000000000,92.49,392.04147
2022-10-14T19:00:00.000000000,87.61,386.7655
2022-10-14T20:00:00.000000000,90.01,374.77407
2022-10-14T21:00:00.000000000,94.23,367.98014
2022-10-14T22:00:00.000000000,88.84,366.87608
2022-10-14T23:00:00.000000000,93.32,363.43003
2022-10-15T00:00:00.000000000,96.39,476.58352
2022-10-15T01:00:00.000000000,93.41,482.2619
2022-10-15T02:00:00.000000000,114.47,497.51592
2022-10-15T03:00:00.000000000,136.11,502.28932
2022-10-15T04:00:00.000000000,98.27,511.22013
2022-10-15T05:00:00.000000000,104.08,522.06861
2022-10-15T06:00:00.000000000,158.25,537.21008
2022-10-15T07:00:00.000000000,170.38,559.53889
2022-10-15T08:00:00.000000000,172.09,566.57336
2022-10-15T09:00:00.000000000,119.94,577.86649
2022-10-15T10:00:00.000000000,128.15,588.26178
2022-10-15T11:00:00.000000000,140.06,596.18984
2022-10-15T12:00:00.000000000,151.31,591.24317
2022-10-15T13:00:00.000000000,204.56,592.93749
2022-10-15T14:00:00.000000000,128.98,582.99624
2022-10-15T15:00:00.000000000,143.34,563.82385
2022-10-15T16:00:00.000000000,101.42,557.21659
2022-10-15T17:00:00.000000000,98.52,550.77304
2022-10-15T18:00:00.000000000,93.85,538.24848
2022-10-15T19:00:00.000000000,96.14,531.6236
2022-10-15T20:00:00.000000000,91.33,522.16083
2022-10-15T21:00:00.000000000,91.08,511.8656
2022-10-15T22:00:00.000000000,86.87,513.29967
2022-10-15T23:00:00.000000000,80.18,509.87341
2022-10-16T00:00:00.000000000,77.56,598.57079
2022-10-16T01:00:00.000000000,91.97,597.64953
2022-10-16T02:00:00.000000000,110.92,603.11534
2022-10-16T03:00:00.000000000,122.35,598.8318
2022-10-16T04:00:00.000000000,108.23,602.86775
2022-10-16T05:00:00.000000000,112.51,608.99357
2022-10-16T06:00:00.000000000,134.55,616.61669
2022-10-16T07:00:00.000000000,190.74,632.33328
2022-10-16T08:00:00.000000000,203.6,630.77359
2022-10-16T09:00:00.000000000,201.05,639.19696
2022-10-16T10:00:00.000000000,167.53,646.58457
2022-10-16T11:00:00.000000000,208.65,654.41429
2022-10-16T12:00:00.000000000,208.36,646.5822
2022-10-16T13:00:00.000000000,198.75,644.42347
2022-10-16T14:00:00.000000000,210.89,633.1722
2022-10-16T15:00:00.000000000,193.56,612.13816
2022-10-16T16:00:00.000000000,105.04,605.67149
2022-10-16T17:00:00.000000000,96.18,598.7008
2022-10-16T18:00:00.000000000,89.29,584.5701
2022-10-16T19:00:00.000000000,86.18,577.71916
2022-10-16T20:00:00.000000000,98.35,567.0201
2022-10-16T21:00:00.000000000,97.9,560.30724
2022-10-16T22:00:00.000000000,98.0,566.90788
2022-10-16T23:00:00.000000000,86.19,564.9321
2022-10-17T00:00:00.000000000,98.06,613.42773
2022-10-17T01:00:00.000000000,105.02,609.1017
2022-10-17T02:00:00.000000000,100.54,610.49795
2022-10-17T03:00:00.000000000,105.71,602.732
2022-10-17T04:00:00.000000000,105.41,604.96395
2022-10-17T05:00:00.000000000,159.19,610.13572
2022-10-17T06:00:00.000000000,106.23,616.79022
2022-10-17T07:00:00.000000000,139.28,630.80633
2022-10-17T08:00:00.000000000,168.19,628.41596
2022-10-17T09:00:00.000000000,172.21,637.2992
2022-10-17T10:00:00.000000000,168.84,645.83438
2022-10-17T11:00:00.000000000,167.69,655.16015
2022-10-17T12:00:00.000000000,156.09,650.07768
2022-10-17T13:00:00.000000000,178.16,650.98953
2022-10-17T14:00:00.000000000,106.24,643.22675
2022-10-17T15:00:00.000000000,102.89,625.21001
2022-10-17T16:00:00.000000000,110.28,621.39845
2022-10-17T17:00:00.000000000,90.05,615.43529
2022-10-17T18:00:00.000000000,86.27,600.73214
2022-10-17T19:00:00.000000000,82.97,591.20976
2022-10-17T20:00:00.000000000,82.2,575.93124
2022-10-17T21:00:00.000000000,80.69,564.90332
2022-10-17T22:00:00.000000000,90.98,567.43755
2022-10-17T23:00:00.000000000,89.94,561.71095
2022-10-15T00:00:00.000000000,96.39,276.38927
2022-10-15T01:00:00.000000000,93.41,285.83523
2022-10-15T02:00:00.000000000,114.47,308.34828
2022-10-15T03:00:00.000000000,136.11,314.15472
2022-10-15T04:00:00.000000000,98.27,327.40333
2022-10-15T05:00:00.000000000,104.08,339.59761
2022-10-15T06:00:00.000000000,158.25,355.33333
2022-10-15T07:00:00.000000000,170.38,371.46805
2022-10-15T08:00:00.000000000,172.09,380.71003
2022-10-15T09:00:00.000000000,119.94,387.54318
2022-10-15T10:00:00.000000000,128.15,402.43754
2022-10-15T11:00:00.000000000,140.06,416.11729
2022-10-15T12:00:00.000000000,151.31,422.72376
2022-10-15T13:00:00.000000000,204.56,433.92951
2022-10-15T14:00:00.000000000,128.98,429.53979
2022-10-15T15:00:00.000000000,143.34,417.05016
2022-10-15T16:00:00.000000000,101.42,415.47526
2022-10-15T17:00:00.000000000,98.52,409.45832
2022-10-15T18:00:00.000000000,93.85,398.60382
2022-10-15T19:00:00.000000000,96.14,389.84834
2022-10-15T20:00:00.000000000,91.33,376.03619
2022-10-15T21:00:00.000000000,91.08,367.79469
2022-10-15T22:00:00.000000000,86.87,368.71115
2022-10-15T23:00:00.000000000,80.18,367.80357
2022-10-16T00:00:00.000000000,77.56,463.63589
2022-10-16T01:00:00.000000000,91.97,469.25561
2022-10-16T02:00:00.000000000,110.92,484.90618
2022-10-16T03:00:00.000000000,122.35,489.9193
2022-10-16T04:00:00.000000000,108.23,498.80045
2022-10-16T05:00:00.000000000,112.51,510.09301
2022-10-16T06:00:00.000000000,134.55,526.24568
2022-10-16T07:00:00.000000000,190.74,549.51204
2022-10-16T08:00:00.000000000,203.6,558.36454
2022-10-16T09:00:00.000000000,201.05,570.76347
2022-10-16T10:00:00.000000000,167.53,582.11175
2022-10-16T11:00:00.000000000,208.65,590.4347
2022-10-16T12:00:00.000000000,208.36,586.30237
2022-10-16T13:00:00.000000000,198.75,588.98547
2022-10-16T14:00:00.000000000,210.89,579.62226
2022-10-16T15:00:00.000000000,193.56,561.25021
2022-10-16T16:00:00.000000000,105.04,555.06774
2022-10-16T17:00:00.000000000,96.18,549.2657
2022-10-16T18:00:00.000000000,89.29,537.25603
2022-10-16T19:00:00.000000000,86.18,530.48174
2022-10-16T20:00:00.000000000,98.35,520.88975
2022-10-16T21:00:00.000000000,97.9,509.27425
2022-10-16T22:00:00.000000000,98.0,508.90778
2022-10-16T23:00:00.000000000,86.19,504.04979
2022-10-17T00:00:00.000000000,98.06,589.13847
2022-10-17T01:00:00.000000000,105.02,587.2535
2022-10-17T02:00:00.000000000,100.54,593.61612
2022-10-17T03:00:00.000000000,105.71,591.7094
2022-10-17T04:00:00.000000000,105.41,598.45845
2022-10-17T05:00:00.000000000,159.19,607.53297
2022-10-17T06:00:00.000000000,106.23,617.8519
2022-10-17T07:00:00.000000000,139.28,635.91454
2022-10-17T08:00:00.000000000,168.19,635.84472
2022-10-17T09:00:00.000000000,172.21,644.91332
2022-10-17T10:00:00.000000000,168.84,652.67273
2022-10-17T11:00:00.000000000,167.69,660.90833
2022-10-17T12:00:00.000000000,156.09,653.15925
2022-10-17T13:00:00.000000000,178.16,652.01518
2022-10-17T14:00:00.000000000,106.24,641.76844
2022-10-17T15:00:00.000000000,102.89,620.53492
2022-10-17T16:00:00.000000000,110.28,614.21953
2022-10-17T17:00:00.000000000,90.05,606.26722
2022-10-17T18:00:00.000000000,86.27,589.97476
2022-10-17T19:00:00.000000000,82.97,580.66457
2022-10-17T20:00:00.000000000,82.2,566.42732
2022-10-17T21:00:00.000000000,80.69,556.27204
2022-10-17T22:00:00.000000000,90.98,558.96436
2022-10-17T23:00:00.000000000,89.94,554.09008
2022-10-18T00:00:00.000000000,90.32,591.90897
2022-10-18T01:00:00.000000000,88.14,591.74568
2022-10-18T02:00:00.000000000,131.09,597.92849
2022-10-18T03:00:00.000000000,93.56,594.03599
2022-10-18T04:00:00.000000000,92.27,599.56616
2022-10-18T05:00:00.000000000,139.97,607.73436
2022-10-18T06:00:00.000000000,120.72,618.44405
2022-10-18T07:00:00.000000000,107.65,636.39027
2022-10-18T08:00:00.000000000,163.28,636.26318
2022-10-18T09:00:00.000000000,195.14,646.10405
2022-10-18T10:00:00.000000000,84.09,653.60004
2022-10-18T11:00:00.000000000,68.99,661.15997
2022-10-18T12:00:00.000000000,128.73,653.19608
2022-10-18T13:00:00.000000000,85.12,651.27049
2022-10-18T14:00:00.000000000,75.1,640.81189
2022-10-18T15:00:00.000000000,85.08,620.48977
2022-10-18T16:00:00.000000000,127.09,615.00101
2022-10-18T17:00:00.000000000,94.05,608.63351
2022-10-18T18:00:00.000000000,93.02,594.61165
2022-10-18T19:00:00.000000000,84.64,587.29728
2022-10-18T20:00:00.000000000,92.55,574.74481
2022-10-18T21:00:00.000000000,84.69,565.57174
2022-10-18T22:00:00.000000000,76.06,569.67688
2022-10-18T23:00:00.000000000,92.27,565.35993
2022-10-16T00:00:00.000000000,77.56,262.02174
2022-10-16T01:00:00.000000000,91.97,265.90372
2022-10-16T02:00:00.000000000,110.92,283.07117
2022-10-16T03:00:00.000000000,122.35,284.05942
2022-10-16T04:00:00.000000000,108.23,296.84015
2022-10-16T05:00:00.000000000,112.51,309.06423
2022-10-16T06:00:00.000000000,134.55,327.1257
2022-10-16T07:00:00.000000000,190.74,344.76022
2022-10-16T08:00:00.000000000,203.6,356.61708
2022-10-16T09:00:00.000000000,201.05,364.92498
2022-10-16T10:00:00.000000000,167.53,380.49797
2022-10-16T11:00:00.000000000,208.65,394.60047
2022-10-16T12:00:00.000000000,208.36,401.85866
2022-10-16T13:00:00.000000000,198.75,413.1248
2022-10-16T14:00:00.000000000,210.89,410.06385
2022-10-16T15:00:00.000000000,193.56,400.49929
2022-10-16T16:00:00.000000000,105.04,403.56168
2022-10-16T17:00:00.000000000,96.18,401.68081
2022-10-16T18:00:00.000000000,89.29,395.73752
2022-10-16T19:00:00.000000000,86.18,388.78051
2022-10-16T20:00:00.000000000,98.35,374.8926
2022-10-16T21:00:00.000000000,97.9,365.78093
2022-10-16T22:00:00.000000000,98.0,363.0781
2022-10-16T23:00:00.000000000,86.19,357.63124
2022-10-17T00:00:00.000000000,98.06,449.3861
2022-10-17T01:00:00.000000000,105.02,454.47773
2022-10-17T02:00:00.000000000,100.54,471.33623
2022-10-17T03:00:00.000000000,105.71,478.09898
2022-10-17T04:00:00.000000000,105.41,489.59748
2022-10-17T05:00:00.000000000,159.19,504.21586
2022-10-17T06:00:00.000000000,106.23,524.37549
2022-10-17T07:00:00.000000000,139.28,550.22528
2022-10-17T08:00:00.000000000,168.19,561.14403
2022-10-17T09:00:00.000000000,172.21,574.97645
2022-10-17T10:00:00.000000000,168.84,586.8562
2022-10-17T11:00:00.000000000,167.69,595.27879
2022-10-17T12:00:00.000000000,156.09,591.65421
2022-10-17T13:00:00.000000000,178.16,596.04455
2022-10-17T14:00:00.000000000,106.24,588.90354
2022-10-17T15:00:00.000000000,102.89,572.08757
2022-10-17T16:00:00.000000000,110.28,567.22658
2022-10-17T17:00:00.000000000,90.05,562.10937
2022-10-17T18:00:00.000000000,86.27,550.2836
2022-10-17T19:00:00.000000000,82.97,542.83276
2022-10-17T20:00:00.000000000,82.2,530.97425
2022-10-17T21:00:00.000000000,80.69,515.07096
2022-10-17T22:00:00.000000000,90.98,509.61336
2022-10-17T23:00:00.000000000,89.94,499.76891
2022-10-18T00:00:00.000000000,90.32,583.43052
2022-10-18T01:00:00.000000000,88.14,582.52755
2022-10-18T02:00:00.000000000,131.09,589.19499
2022-10-18T03:00:00.000000000,93.56,586.77235
2022-10-18T04:00:00.000000000,92.27,593.81431
2022-10-18T05:00:00.000000000,139.97,603.41617
2022-10-18T06:00:00.000000000,120.72,615.38914
2022-10-18T07:00:00.000000000,107.65,634.83478
2022-10-18T08:00:00.000000000,163.28,635.5239
2022-10-18T09:00:00.000000000,195.14,645.53459
2022-10-18T10:00:00.000000000,84.09,653.19616
2022-10-18T11:00:00.000000000,68.99,661.13627
2022-10-18T12:00:00.000000000,128.73,653.21007
2022-10-18T13:00:00.000000000,85.12,651.68445
2022-10-18T14:00:00.000000000,75.1,641.50048
2022-10-18T15:00:00.000000000,85.08,620.97487
2022-10-18T16:00:00.000000000,127.09,615.427
2022-10-18T17:00:00.000000000,94.05,608.87102
2022-10-18T18:00:00.000000000,93.02,594.25959
2022-10-18T19:00:00.000000000,84.64,586.27942
2022-10-18T20:00:00.000000000,92.55,572.95981
2022-10-18T21:00:00.000000000,84.69,562.64579
2022-10-18T22:00:00.000000000,76.06,565.16953
2022-10-18T23:00:00.000000000,92.27,559.82131
2022-10-19T00:00:00.000000000,97.42,609.03381
2022-10-19T01:00:00.000000000,101.51,607.02799
2022-10-19T02:00:00.000000000,107.99,610.05641
2022-10-19T03:00:00.000000000,132.27,602.72621
2022-10-19T04:00:00.000000000,133.03,606.09915
2022-10-19T05:00:00.000000000,125.65,612.74702
2022-10-19T06:00:00.000000000,133.93,622.38328
2022-10-19T07:00:00.000000000,185.74,639.2287
2022-10-19T08:00:00.000000000,127.21,638.14703
2022-10-19T09:00:00.000000000,198.1,647.95407
2022-10-19T10:00:00.000000000,200.94,655.06235
2022-10-19T11:00:00.000000000,163.38,662.7734
2022-10-19T12:00:00.000000000,187.3,655.52979
2022-10-19T13:00:00.000000000,145.95,654.12455
2022-10-19T14:00:00.000000000,109.57,644.54643
2022-10-19T15:00:00.000000000,184.29,625.99977
2022-10-19T16:00:00.000000000,128.06,622.39428
2022-10-19T17:00:00.000000000,83.26,618.14219
2022-10-19T18:00:00.000000000,94.8,605.94744
2022-10-19T19:00:00.000000000,96.02,599.3623
2022-10-19T20:00:00.000000000,83.52,587.107
2022-10-19T21:00:00.000000000,83.8,577.34919
2022-10-19T22:00:00.000000000,92.68,580.74342
2022-10-19T23:00:00.000000000,92.31,575.31597
2022-10-17T00:00:00.000000000,98.06,236.07482
2022-10-17T01:00:00.000000000,105.02,245.53106
2022-10-17T02:00:00.000000000,100.54,269.78055
2022-10-17T03:00:00.000000000,105.71,278.11565
2022-10-17T04:00:00.000000000,105.41,299.57653
2022-10-17T05:00:00.000000000,159.19,318.7319
2022-10-17T06:00:00.000000000,106.23,344.10544
2022-10-17T07:00:00.000000000,139.28,367.53904
2022-10-17T08:00:00.000000000,168.19,383.26626
2022-10-17T09:00:00.000000000,172.21,395.53562
2022-10-17T10:00:00.000000000,168.84,411.77948
2022-10-17T11:00:00.000000000,167.69,422.79403
2022-10-17T12:00:00.000000000,156.09,425.32075
2022-10-17T13:00:00.000000000,178.16,433.77695
2022-10-17T14:00:00.000000000,106.24,429.34579
2022-10-17T15:00:00.000000000,102.89,419.07063
2022-10-17T16:00:00.000000000,110.28,423.0773
2022-10-17T17:00:00.000000000,90.05,422.68967
2022-10-17T18:00:00.000000000,86.27,417.07234
2022-10-17T19:00:00.000000000,82.97,410.4968
2022-10-17T20:00:00.000000000,82.2,395.34701
2022-10-17T21:00:00.000000000,80.69,381.23864
2022-10-17T22:00:00.000000000,90.98,375.22458
2022-10-17T23:00:00.000000000,89.94,365.31432
2022-10-18T00:00:00.000000000,90.32,464.34109
2022-10-18T01:00:00.000000000,88.14,468.9592
2022-10-18T02:00:00.000000000,131.09,484.76631
2022-10-18T03:00:00.000000000,93.56,490.6754
2022-10-18T04:00:00.000000000,92.27,501.66742
2022-10-18T05:00:00.000000000,139.97,515.64958
2022-10-18T06:00:00.000000000,120.72,534.91498
2022-10-18T07:00:00.000000000,107.65,560.31653
2022-10-18T08:00:00.000000000,163.28,570.37696
2022-10-18T09:00:00.000000000,195.14,583.96853
2022-10-18T10:00:00.000000000,84.09,595.54979
2022-10-18T11:00:00.000000000,68.99,603.87861
2022-10-18T12:00:00.000000000,128.73,599.544
2022-10-18T13:00:00.000000000,85.12,602.78619
2022-10-18T14:00:00.000000000,75.1,594.59816
2022-10-18T15:00:00.000000000,85.08,576.78145
2022-10-18T16:00:00.000000000,127.09,571.41348
2022-10-18T17:00:00.000000000,94.05,565.68958
2022-10-18T18:00:00.000000000,93.02,553.25995
2022-10-18T19:00:00.000000000,84.64,545.53132
2022-10-18T20:00:00.000000000,92.55,533.53798
2022-10-18T21:00:00.000000000,84.69,518.62939
2022-10-18T22:00:00.000000000,76.06,514.54246
2022-10-18T23:00:00.000000000,92.27,505.80093
2022-10-19T00:00:00.000000000,97.42,593.01613
2022-10-19T01:00:00.000000000,101.51,591.95762
2022-10-19T02:00:00.000000000,107.99,597.88113
2022-10-19T03:00:00.000000000,132.27,594.39726
2022-10-19T04:00:00.000000000,133.03,600.79704
2022-10-19T05:00:00.000000000,125.65,609.98102
2022-10-19T06:00:00.000000000,133.93,621.71723
2022-10-19T07:00:00.000000000,185.74,640.84847
2022-10-19T08:00:00.000000000,127.21,641.14196
2022-10-19T09:00:00.000000000,198.1,650.84495
2022-10-19T10:00:00.000000000,200.94,657.76503
2022-10-19T11:00:00.000000000,163.38,665.04217
2022-10-19T12:00:00.000000000,187.3,656.42706
2022-10-19T13:00:00.000000000,145.95,654.11996
2022-10-19T14:00:00.000000000,109.57,643.25528
2022-10-19T15:00:00.000000000,184.29,622.67511
2022-10-19T16:00:00.000000000,128.06,617.52116
2022-10-19T17:00:00.000000000,83.26,611.67959
2022-10-19T18:00:00.000000000,94.8,597.78186
2022-10-19T19:00:00.000000000,96.02,590.46007
2022-10-19T20:00:00.000000000,83.52,577.84842
2022-10-19T21:00:00.000000000,83.8,568.16862
2022-10-19T22:00:00.000000000,92.68,571.19959
2022-10-19T23:00:00.000000000,92.31,566.09933
2022-10-20T00:00:00.000000000,96.38,595.20947
2022-10-20T01:00:00.000000000,88.04,592.40228
2022-10-20T02:00:00.000000000,117.95,594.97567
2022-10-20T03:00:00.000000000,128.21,587.40478
2022-10-20T04:00:00.000000000,138.0,590.83254
2022-10-20T05:00:00.000000000,145.8,597.46088
2022-10-20T06:00:00.000000000,155.36,606.93119
2022-10-20T07:00:00.000000000,206.57,623.19104
2022-10-20T08:00:00.000000000,171.5,622.32226
2022-10-20T09:00:00.000000000,128.42,632.93235
2022-10-20T10:00:00.000000000,105.54,641.9855
2022-10-20T11:00:00.000000000,104.11,651.3438
2022-10-20T12:00:00.000000000,120.19,646.52592
2022-10-20T13:00:00.000000000,82.34,647.54478
2022-10-20T14:00:00.000000000,91.24,640.65627
2022-10-20T15:00:00.000000000,85.03,623.56293
2022-10-20T16:00:00.000000000,73.66,620.34935
2022-10-20T17:00:00.000000000,70.02,615.25785
2022-10-20T18:00:00.000000000,72.32,602.20107
2022-10-20T19:00:00.000000000,66.76,594.10739
2022-10-20T20:00:00.000000000,66.54,579.63063
2022-10-20T21:00:00.000000000,64.74,568.10906
2022-10-20T22:00:00.000000000,71.76,569.96517
2022-10-20T23:00:00.000000000,83.01,563.0403
2022-10-18T00:00:00.000000000,90.32,261.40992
2022-10-18T01:00:00.000000000,88.14,267.61099
2022-10-18T02:00:00.000000000,131.09,288.14835
2022-10-18T03:00:00.000000000,93.56,293.3366
2022-10-18T04:00:00.000000000,92.27,311.27109
2022-10-18T05:00:00.000000000,139.97,327.69641
2022-10-18T06:00:00.000000000,120.72,350.45405
2022-10-18T07:00:00.000000000,107.65,372.97555
2022-10-18T08:00:00.000000000,163.28,388.13206
2022-10-18T09:00:00.000000000,195.14,400.37012
2022-10-18T10:00:00.000000000,84.09,416.00645
2022-10-18T11:00:00.000000000,68.99,427.14341
2022-10-18T12:00:00.000000000,128.73,428.99447
2022-10-18T13:00:00.000000000,85.12,437.15289
2022-10-18T14:00:00.000000000,75.1,433.07581
2022-10-18T15:00:00.000000000,85.08,423.99386
2022-10-18T16:00:00.000000000,127.09,429.36288
2022-10-18T17:00:00.000000000,94.05,431.85849
2022-10-18T18:00:00.000000000,93.02,427.84899
2022-10-18T19:00:00.000000000,84.64,422.63864
2022-10-18T20:00:00.000000000,92.55,409.54044
2022-10-18T21:00:00.000000000,84.69,395.52811
2022-10-18T22:00:00.000000000,76.06,389.69416
2022-10-18T23:00:00.000000000,92.27,379.42835
2022-10-19T00:00:00.000000000,97.42,463.86919
2022-10-19T01:00:00.000000000,101.51,468.43348
2022-10-19T02:00:00.000000000,107.99,483.53281
2022-10-19T03:00:00.000000000,132.27,488.22131
2022-10-19T04:00:00.000000000,133.03,499.02214
2022-10-19T05:00:00.000000000,125.65,512.87975
2022-10-19T06:00:00.000000000,133.93,532.64779
2022-10-19T07:00:00.000000000,185.74,558.64675
2022-10-19T08:00:00.000000000,127.21,568.86058
2022-10-19T09:00:00.000000000,198.1,583.16869
2022-10-19T10:00:00.000000000,200.94,594.95138
2022-10-19T11:00:00.000000000,163.38,603.37868
2022-10-19T12:00:00.000000000,187.3,599.26858
2022-10-19T13:00:00.000000000,145.95,602.32466
2022-10-19T14:00:00.000000000,109.57,594.75969
2022-10-19T15:00:00.000000000,184.29,577.72462
2022-10-19T16:00:00.000000000,128.06,573.09156
2022-10-19T17:00:00.000000000,83.26,568.67589
2022-10-19T18:00:00.000000000,94.8,558.02743
2022-10-19T19:00:00.000000000,96.02,551.90265
2022-10-19T20:00:00.000000000,83.52,541.6195
2022-10-19T21:00:00.000000000,83.8,527.67104
2022-10-19T22:00:00.000000000,92.68,524.23129
2022-10-19T23:00:00.000000000,92.31,515.41403
2022-10-20T00:00:00.000000000,96.38,564.27222
2022-10-20T01:00:00.000000000,88.04,566.24558
2022-10-20T02:00:00.000000000,117.95,576.71005
2022-10-20T03:00:00.000000000,128.21,579.08825
2022-10-20T04:00:00.000000000,138.0,587.82045
2022-10-20T05:00:00.000000000,145.8,596.70019
2022-10-20T06:00:00.000000000,155.36,604.74751
2022-10-20T07:00:00.000000000,206.57,620.67476
2022-10-20T08:00:00.000000000,171.5,619.59887
2022-10-20T09:00:00.000000000,128.42,628.99912
2022-10-20T10:00:00.000000000,105.54,638.36467
2022-10-20T11:00:00.000000000,104.11,645.5004
2022-10-20T12:00:00.000000000,120.19,637.48373
2022-10-20T13:00:00.000000000,82.34,637.7923
2022-10-20T14:00:00.000000000,91.24,630.39724
2022-10-20T15:00:00.000000000,85.03,610.22407
2022-10-20T16:00:00.000000000,73.66,603.40242
2022-10-20T17:00:00.000000000,70.02,592.98664
2022-10-20T18:00:00.000000000,72.32,573.40667
2022-10-20T19:00:00.000000000,66.76,562.56802
2022-10-20T20:00:00.000000000,66.54,545.17639
2022-10-20T21:00:00.000000000,64.74,531.98628
2022-10-20T22:00:00.000000000,71.76,535.41225
2022-10-20T23:00:00.000000000,83.01,531.97537
2022-10-21T00:00:00.000000000,84.28,561.33814
2022-10-21T01:00:00.000000000,86.1,562.21642
2022-10-21T02:00:00.000000000,80.81,572.15767
2022-10-21T03:00:00.000000000,74.34,574.70357
2022-10-21T04:00:00.000000000,64.45,581.79685
2022-10-21T05:00:00.000000000,57.9,587.40233
2022-10-21T06:00:00.000000000,53.91,590.91169
2022-10-21T07:00:00.000000000,59.9,603.41721
2022-10-21T08:00:00.000000000,53.61,599.34827
2022-10-21T09:00:00.000000000,52.25,604.81841
2022-10-21T10:00:00.000000000,51.24,612.45444
2022-10-21T11:00:00.000000000,48.79,619.65144
2022-10-21T12:00:00.000000000,56.09,611.44849
2022-10-21T13:00:00.000000000,51.85,611.39155
2022-10-21T14:00:00.000000000,51.58,601.70872
2022-10-21T15:00:00.000000000,47.22,580.05879
2022-10-21T16:00:00.000000000,50.18,571.01277
2022-10-21T17:00:00.000000000,51.16,559.50157
2022-10-21T18:00:00.000000000,51.52,541.10787
2022-10-21T19:00:00.000000000,51.85,532.06288
2022-10-21T20:00:00.000000000,53.07,518.7928
2022-10-21T21:00:00.000000000,53.69,509.99104
2022-10-21T22:00:00.000000000,60.55,517.19158
2022-10-21T23:00:00.000000000,53.54,517.50402
2022-10-19T00:00:00.000000000,97.42,277.92487
2022-10-19T01:00:00.000000000,101.51,279.42604
2022-10-19T02:00:00.000000000,107.99,292.89752
2022-10-19T03:00:00.000000000,132.27,290.68906
2022-10-19T04:00:00.000000000,133.03,299.91641
2022-10-19T05:00:00.000000000,125.65,310.12429
2022-10-19T06:00:00.000000000,133.93,327.74139
2022-10-19T07:00:00.000000000,185.74,347.50054
2022-10-19T08:00:00.000000000,127.21,361.83441
2022-10-19T09:00:00.000000000,198.1,374.26331
2022-10-19T10:00:00.000000000,200.94,394.04197
2022-10-19T11:00:00.000000000,163.38,412.31548
2022-10-19T12:00:00.000000000,187.3,423.61774
2022-10-19T13:00:00.000000000,145.95,438.68122
2022-10-19T14:00:00.000000000,109.57,437.66394
2022-10-19T15:00:00.000000000,184.29,428.42615
2022-10-19T16:00:00.000000000,128.06,430.04497
2022-10-19T17:00:00.000000000,83.26,426.98098
2022-10-19T18:00:00.000000000,94.8,418.0535
2022-10-19T19:00:00.000000000,96.02,408.17429
2022-10-19T20:00:00.000000000,83.52,392.02712
2022-10-19T21:00:00.000000000,83.8,379.4261
2022-10-19T22:00:00.000000000,92.68,374.47195
2022-10-19T23:00:00.000000000,92.31,366.86127
2022-10-20T00:00:00.000000000,96.38,446.87386
2022-10-20T01:00:00.000000000,88.04,455.02394
2022-10-20T02:00:00.000000000,117.95,475.72624
2022-10-20T03:00:00.000000000,128.21,487.61449
2022-10-20T04:00:00.000000000,138.0,501.05902
2022-10-20T05:00:00.000000000,145.8,514.72782
2022-10-20T06:00:00.000000000,155.36,529.14101
2022-10-20T07:00:00.000000000,206.57,550.2549
2022-10-20T08:00:00.000000000,171.5,555.89037
2022-10-20T09:00:00.000000000,128.42,565.37709
2022-10-20T10:00:00.000000000,105.54,576.59758
2022-10-20T11:00:00.000000000,104.11,585.09669
2022-10-20T12:00:00.000000000,120.19,581.26918
2022-10-20T13:00:00.000000000,82.34,586.56941
2022-10-20T14:00:00.000000000,91.24,578.93938
2022-10-20T15:00:00.000000000,85.03,559.77149
2022-10-20T16:00:00.000000000,73.66,551.74903
2022-10-20T17:00:00.000000000,70.02,541.66945
2022-10-20T18:00:00.000000000,72.32,523.71686
2022-10-20T19:00:00.000000000,66.76,512.40344
2022-10-20T20:00:00.000000000,66.54,497.03365
2022-10-20T21:00:00.000000000,64.74,480.65655
2022-10-20T22:00:00.000000000,71.76,478.35787
2022-10-20T23:00:00.000000000,83.01,473.78758
2022-10-21T00:00:00.000000000,84.28,520.32242
2022-10-21T01:00:00.000000000,86.1,523.98045
2022-10-21T02:00:00.000000000,80.81,539.18757
2022-10-21T03:00:00.000000000,74.34,548.7681
2022-10-21T04:00:00.000000000,64.45,560.10801
2022-10-21T05:00:00.000000000,57.9,568.08048
2022-10-21T06:00:00.000000000,53.91,571.02335
2022-10-21T07:00:00.000000000,59.9,582.27929
2022-10-21T08:00:00.000000000,53.61,576.91803
2022-10-21T09:00:00.000000000,52.25,578.97503
2022-10-21T10:00:00.000000000,51.24,586.00433
2022-10-21T11:00:00.000000000,48.79,593.52852
2022-10-21T12:00:00.000000000,56.09,586.52484
2022-10-21T13:00:00.000000000,51.85,589.72171
2022-10-21T14:00:00.000000000,51.58,581.28663
2022-10-21T15:00:00.000000000,47.22,559.47366
2022-10-21T16:00:00.000000000,50.18,549.9884
2022-10-21T17:00:00.000000000,51.16,536.00878
2022-10-21T18:00:00.000000000,51.52,513.84571
2022-10-21T19:00:00.000000000,51.85,501.10542
2022-10-21T20:00:00.000000000,53.07,483.3629
2022-10-21T21:00:00.000000000,53.69,469.94582
2022-10-21T22:00:00.000000000,60.55,473.55927
2022-10-21T23:00:00.000000000,53.54,473.74871
2022-10-22T00:00:00.000000000,52.17,533.67069
2022-10-22T01:00:00.000000000,49.61,532.86243
2022-10-22T02:00:00.000000000,49.97,546.32829
2022-10-22T03:00:00.000000000,65.94,550.4061
2022-10-22T04:00:00.000000000,82.25,557.61218
2022-10-22T05:00:00.000000000,85.76,555.52585
2022-10-22T06:00:00.000000000,120.3,551.09344
2022-10-22T07:00:00.000000000,186.89,556.55404
2022-10-22T08:00:00.000000000,138.33,548.14358
2022-10-22T09:00:00.000000000,125.89,539.62902
2022-10-22T10:00:00.000000000,100.75,537.77762
2022-10-22T11:00:00.000000000,88.78,540.95054
2022-10-22T12:00:00.000000000,144.43,524.55606
2022-10-22T13:00:00.000000000,127.86,518.58707
2022-10-22T14:00:00.000000000,94.54,497.73448
2022-10-22T15:00:00.000000000,102.3,471.68946
2022-10-22T16:00:00.000000000,81.72,459.87964
2022-10-22T17:00:00.000000000,82.05,451.386
2022-10-22T18:00:00.000000000,74.98,442.73467
2022-10-22T19:00:00.000000000,70.45,441.30783
2022-10-22T20:00:00.000000000,68.45,437.399
2022-10-22T21:00:00.000000000,66.48,435.00083
2022-10-22T22:00:00.000000000,64.18,445.0119
2022-10-22T23:00:00.000000000,67.2,450.48002
2022-10-20T00:00:00.000000000,96.38,261.14352
2022-10-20T01:00:00.000000000,88.04,272.76667
2022-10-20T02:00:00.000000000,117.95,297.55366
2022-10-20T03:00:00.000000000,128.21,307.08121
2022-10-20T04:00:00.000000000,138.0,324.87734
2022-10-20T05:00:00.000000000,145.8,340.09927
2022-10-20T06:00:00.000000000,155.36,358.41573
2022-10-20T07:00:00.000000000,206.57,376.76153
2022-10-20T08:00:00.000000000,171.5,388.01464
2022-10-20T09:00:00.000000000,128.42,398.22208
2022-10-20T10:00:00.000000000,105.54,416.81835
2022-10-20T11:00:00.000000000,104.11,430.2593
2022-10-20T12:00:00.000000000,120.19,437.06063
2022-10-20T13:00:00.000000000,82.34,448.92749
2022-10-20T14:00:00.000000000,91.24,444.27514
2022-10-20T15:00:00.000000000,85.03,431.48999
2022-10-20T16:00:00.000000000,73.66,429.39858
2022-10-20T17:00:00.000000000,70.02,422.46676
2022-10-20T18:00:00.000000000,72.32,411.12082
2022-10-20T19:00:00.000000000,66.76,400.61097
2022-10-20T20:00:00.000000000,66.54,384.10432
2022-10-20T21:00:00.000000000,64.74,371.51574
2022-10-20T22:00:00.000000000,71.76,369.59319
2022-10-20T23:00:00.000000000,83.01,364.34507
2022-10-21T00:00:00.000000000,84.28,440.36884
2022-10-21T01:00:00.000000000,86.1,443.05407
2022-10-21T02:00:00.000000000,80.81,460.13519
2022-10-21T03:00:00.000000000,74.34,465.47254
2022-10-21T04:00:00.000000000,64.45,469.94732
2022-10-21T05:00:00.000000000,57.9,470.10256
2022-10-21T06:00:00.000000000,53.91,469.98314
2022-10-21T07:00:00.000000000,59.9,477.67607
2022-10-21T08:00:00.000000000,53.61,477.00207
2022-10-21T09:00:00.000000000,52.25,473.88559
2022-10-21T10:00:00.000000000,51.24,479.28688
2022-10-21T11:00:00.000000000,48.79,484.80617
2022-10-21T12:00:00.000000000,56.09,477.51354
2022-10-21T13:00:00.000000000,51.85,478.45896
2022-10-21T14:00:00.000000000,51.58,462.74499
2022-10-21T15:00:00.000000000,47.22,442.03071
2022-10-21T16:00:00.000000000,50.18,431.00362
2022-10-21T17:00:00.000000000,51.16,422.80613
2022-10-21T18:00:00.000000000,51.52,411.41119
2022-10-21T19:00:00.000000000,51.85,406.18533
2022-10-21T20:00:00.000000000,53.07,399.32411
2022-10-21T21:00:00.000000000,53.69,394.62975
2022-10-21T22:00:00.000000000,60.55,402.52046
2022-10-21T23:00:00.000000000,53.54,409.61609
2022-10-22T00:00:00.000000000,52.17,481.92262
2022-10-22T01:00:00.000000000,49.61,475.2683
2022-10-22T02:00:00.000000000,49.97,479.16775
2022-10-22T03:00:00.000000000,65.94,468.97965
2022-10-22T04:00:00.000000000,82.25,463.17848
2022-10-22T05:00:00.000000000,85.76,452.46542
2022-10-22T06:00:00.000000000,120.3,443.22931
2022-10-22T07:00:00.000000000,186.89,443.69232
2022-10-22T08:00:00.000000000,138.33,436.20772
2022-10-22T09:00:00.000000000,125.89,426.27227
2022-10-22T10:00:00.000000000,100.75,424.32871
2022-10-22T11:00:00.000000000,88.78,428.43652
2022-10-22T12:00:00.000000000,144.43,417.43223
2022-10-22T13:00:00.000000000,127.86,413.68465
2022-10-22T14:00:00.000000000,94.54,397.47221
2022-10-22T15:00:00.000000000,102.3,382.03009
2022-10-22T16:00:00.000000000,81.72,378.13606
2022-10-22T17:00:00.000000000,82.05,379.84827
2022-10-22T18:00:00.000000000,74.98,380.46033
2022-10-22T19:00:00.000000000,70.45,382.37892
2022-10-22T20:00:00.000000000,68.45,380.21533
2022-10-22T21:00:00.000000000,66.48,378.27574
2022-10-22T22:00:00.000000000,64.18,387.92063
2022-10-22T23:00:00.000000000,67.2,396.6264
2022-10-23T00:00:00.000000000,75.22,422.83123
2022-10-23T01:00:00.000000000,82.42,429.90445
2022-10-23T02:00:00.000000000,65.24,448.09859
2022-10-23T03:00:00.000000000,58.1,455.32827
2022-10-23T04:00:00.000000000,55.97,464.17085
2022-10-23T05:00:00.000000000,61.24,471.51901
2022-10-23T06:00:00.000000000,67.59,480.79009
2022-10-23T07:00:00.000000000,64.34,496.64893
2022-10-23T08:00:00.000000000,64.64,501.5545
2022-10-23T09:00:00.000000000,63.21,506.23163
2022-10-23T10:00:00.000000000,61.05,514.16657
2022-10-23T11:00:00.000000000,70.3,519.87839
2022-10-23T12:00:00.000000000,80.97,513.6414
2022-10-23T13:00:00.000000000,74.46,515.15698
2022-10-23T14:00:00.000000000,80.02,501.94646
2022-10-23T15:00:00.000000000,80.77,482.8129
2022-10-23T16:00:00.000000000,66.3,475.99541
2022-10-23T17:00:00.000000000,63.94,471.31549
2022-10-23T18:00:00.000000000,64.4,460.74072
2022-10-23T19:00:00.000000000,64.96,456.11545
2022-10-23T20:00:00.000000000,77.1,451.50625
2022-10-23T21:00:00.000000000,79.85,445.03351
2022-10-23T22:00:00.000000000,83.26,450.42354
2022-10-23T23:00:00.000000000,80.43,453.44108
2022-10-21T00:00:00.000000000,84.28,236.44326
2022-10-21T01:00:00.000000000,86.1,246.41222
2022-10-21T02:00:00.000000000,80.81,270.46746
2022-10-21T03:00:00.000000000,74.34,277.13327
2022-10-21T04:00:00.000000000,64.45,293.81816
2022-10-21T05:00:00.000000000,57.9,307.5585
2022-10-21T06:00:00.000000000,53.91,323.82055
2022-10-21T07:00:00.000000000,59.9,337.48883
2022-10-21T08:00:00.000000000,53.61,344.45029
2022-10-21T09:00:00.000000000,52.25,347.18268
2022-10-21T10:00:00.000000000,51.24,360.69521
2022-10-21T11:00:00.000000000,48.79,373.5857
2022-10-21T12:00:00.000000000,56.09,379.95707
2022-10-21T13:00:00.000000000,51.85,390.32186
2022-10-21T14:00:00.000000000,51.58,385.44373
2022-10-21T15:00:00.000000000,47.22,372.72467
2022-10-21T16:00:00.000000000,50.18,371.87309
2022-10-21T17:00:00.000000000,51.16,363.51865
2022-10-21T18:00:00.000000000,51.52,353.58789
2022-10-21T19:00:00.000000000,51.85,344.01274
2022-10-21T20:00:00.000000000,53.07,326.12588
2022-10-21T21:00:00.000000000,53.69,317.78185
2022-10-21T22:00:00.000000000,60.55,317.73233
2022-10-21T23:00:00.000000000,53.54,316.33233
2022-10-22T00:00:00.000000000,52.17,361.60269
2022-10-22T01:00:00.000000000,49.61,348.69656
2022-10-22T02:00:00.000000000,49.97,346.11123
2022-10-22T03:00:00.000000000,65.94,325.06897
2022-10-22T04:00:00.000000000,82.25,319.37281
2022-10-22T05:00:00.000000000,85.76,309.50185
2022-10-22T06:00:00.000000000,120.3,305.18224
2022-10-22T07:00:00.000000000,186.89,305.46057
2022-10-22T08:00:00.000000000,138.33,301.80865
2022-10-22T09:00:00.000000000,125.89,291.2698
2022-10-22T10:00:00.000000000,100.75,291.33962
2022-10-22T11:00:00.000000000,88.78,299.63512
2022-10-22T12:00:00.000000000,144.43,297.37307
2022-10-22T13:00:00.000000000,127.86,297.34556
2022-10-22T14:00:00.000000000,94.54,288.73242
2022-10-22T15:00:00.000000000,102.3,280.58092
2022-10-22T16:00:00.000000000,81.72,287.01973
2022-10-22T17:00:00.000000000,82.05,291.2127
2022-10-22T18:00:00.000000000,74.98,300.60016
2022-10-22T19:00:00.000000000,70.45,305.85066
2022-10-22T20:00:00.000000000,68.45,301.6765
2022-10-22T21:00:00.000000000,66.48,305.12607
2022-10-22T22:00:00.000000000,64.18,311.3803
2022-10-22T23:00:00.000000000,67.2,316.10748
2022-10-23T00:00:00.000000000,75.22,362.3997
2022-10-23T01:00:00.000000000,82.42,369.85676
2022-10-23T02:00:00.000000000,65.24,389.24446
2022-10-23T03:00:00.000000000,58.1,393.49884
2022-10-23T04:00:00.000000000,55.97,399.99984
2022-10-23T05:00:00.000000000,61.24,404.56809
2022-10-23T06:00:00.000000000,67.59,411.15419
2022-10-23T07:00:00.000000000,64.34,422.21596
2022-10-23T08:00:00.000000000,64.64,427.08949
2022-10-23T09:00:00.000000000,63.21,429.77688
2022-10-23T10:00:00.000000000,61.05,440.16163
2022-10-23T11:00:00.000000000,70.3,449.46516
2022-10-23T12:00:00.000000000,80.97,448.97887
2022-10-23T13:00:00.000000000,74.46,453.05541
2022-10-23T14:00:00.000000000,80.02,441.73663
2022-10-23T15:00:00.000000000,80.77,424.12615
2022-10-23T16:00:00.000000000,66.3,417.05478
2022-10-23T17:00:00.000000000,63.94,410.06372
2022-10-23T18:00:00.000000000,64.4,400.64131
2022-10-23T19:00:00.000000000,64.96,397.25294
2022-10-23T20:00:00.000000000,77.1,393.50907
2022-10-23T21:00:00.000000000,79.85,393.2927
2022-10-23T22:00:00.000000000,83.26,403.08833
2022-10-23T23:00:00.000000000,80.43,410.54385
2022-10-24T00:00:00.000000000,92.69,449.51514
2022-10-24T01:00:00.000000000,117.51,460.20188
2022-10-24T02:00:00.000000000,99.77,482.59046
2022-10-24T03:00:00.000000000,92.66,494.41869
2022-10-24T04:00:00.000000000,80.16,507.84452
2022-10-24T05:00:00.000000000,68.44,522.70533
2022-10-24T06:00:00.000000000,80.16,541.66928
2022-10-24T07:00:00.000000000,72.15,566.59518
2022-10-24T08:00:00.000000000,70.45,576.19641
2022-10-24T09:00:00.000000000,69.57,587.71727
2022-10-24T10:00:00.000000000,73.87,597.34175
2022-10-24T11:00:00.000000000,80.39,603.26142
2022-10-24T12:00:00.000000000,98.36,595.7993
2022-10-24T13:00:00.000000000,84.54,596.89384
2022-10-24T14:00:00.000000000,69.27,585.69584
2022-10-24T15:00:00.000000000,83.62,564.38806
2022-10-24T16:00:00.000000000,67.37,555.74858
2022-10-24T17:00:00.000000000,62.01,547.04391
2022-10-24T18:00:00.000000000,61.05,532.06888
2022-10-24T19:00:00.000000000,59.6,524.50004
2022-10-24T20:00:00.000000000,54.76,513.51198
2022-10-24T21:00:00.000000000,56.55,500.58533
2022-10-24T22:00:00.000000000,53.19,499.65115
2022-10-24T23:00:00.000000000,50.12,495.13364
2022-10-22T00:00:00.000000000,52.17,193.13641
2022-10-22T01:00:00.000000000,49.61,188.00233
2022-10-22T02:00:00.000000000,49.97,193.93188
2022-10-22T03:00:00.000000000,65.94,179.8823
2022-10-22T04:00:00.000000000,82.25,189.27863
2022-10-22T05:00:00.000000000,85.76,192.99945
2022-10-22T06:00:00.000000000,120.3,204.79164
2022-10-22T07:00:00.000000000,186.89,210.22638
2022-10-22T08:00:00.000000000,138.33,212.98801
2022-10-22T09:00:00.000000000,125.89,207.5566
2022-10-22T10:00:00.000000000,100.75,215.5378
2022-10-22T11:00:00.000000000,88.78,226.33192
2022-10-22T12:00:00.000000000,144.43,231.65753
2022-10-22T13:00:00.000000000,127.86,235.40854
2022-10-22T14:00:00.000000000,94.54,231.13291
2022-10-22T15:00:00.000000000,102.3,224.11749
2022-10-22T16:00:00.000000000,81.72,233.61398
2022-10-22T17:00:00.000000000,82.05,234.67601
2022-10-22T18:00:00.000000000,74.98,248.9207
2022-10-22T19:00:00.000000000,70.45,257.91339
2022-10-22T20:00:00.000000000,68.45,254.66332
2022-10-22T21:00:00.000000000,66.48,263.58248
2022-10-22T22:00:00.000000000,64.18,269.65952
2022-10-22T23:00:00.000000000,67.2,268.20337
2022-10-23T00:00:00.000000000,75.22,343.42219
2022-10-23T01:00:00.000000000,82.42,342.04973
2022-10-23T02:00:00.000000000,65.24,352.74538
2022-10-23T03:00:00.000000000,58.1,347.43279
2022-10-23T04:00:00.000000000,55.97,350.00375
2022-10-23T05:00:00.000000000,61.24,350.56147
2022-10-23T06:00:00.000000000,67.59,353.98348
2022-10-23T07:00:00.000000000,64.34,360.69236
2022-10-23T08:00:00.000000000,64.64,362.81326
2022-10-23T09:00:00.000000000,63.21,361.02757
2022-10-23T10:00:00.000000000,61.05,368.61645
2022-10-23T11:00:00.000000000,70.3,378.92744
2022-10-23T12:00:00.000000000,80.97,380.12687
2022-10-23T13:00:00.000000000,74.46,384.59334
2022-10-23T14:00:00.000000000,80.02,377.29333
2022-10-23T15:00:00.000000000,80.77,365.31796
2022-10-23T16:00:00.000000000,66.3,365.99361
2022-10-23T17:00:00.000000000,63.94,364.73922
2022-10-23T18:00:00.000000000,64.4,364.20894
2022-10-23T19:00:00.000000000,64.96,365.82481
2022-10-23T20:00:00.000000000,77.1,363.95498
2022-10-23T21:00:00.000000000,79.85,366.54076
2022-10-23T22:00:00.000000000,83.26,374.58402
2022-10-23T23:00:00.000000000,80.43,379.25609
2022-10-24T00:00:00.000000000,92.69,432.86291
2022-10-24T01:00:00.000000000,117.51,445.80861
2022-10-24T02:00:00.000000000,99.77,470.47849
2022-10-24T03:00:00.000000000,92.66,484.57149
2022-10-24T04:00:00.000000000,80.16,497.4417
2022-10-24T05:00:00.000000000,68.44,509.57762
2022-10-24T06:00:00.000000000,80.16,522.89306
2022-10-24T07:00:00.000000000,72.15,542.89358
2022-10-24T08:00:00.000000000,70.45,548.19106
2022-10-24T09:00:00.000000000,69.57,554.96036
2022-10-24T10:00:00.000000000,73.87,563.34137
2022-10-24T11:00:00.000000000,80.39,569.85441
2022-10-24T12:00:00.000000000,98.36,564.13801
2022-10-24T13:00:00.000000000,84.54,567.80436
2022-10-24T14:00:00.000000000,69.27,557.10983
2022-10-24T15:00:00.000000000,83.62,535.78897
2022-10-24T16:00:00.000000000,67.37,525.5758
2022-10-24T17:00:00.000000000,62.01,514.77239
2022-10-24T18:00:00.000000000,61.05,497.25421
2022-10-24T19:00:00.000000000,59.6,487.50786
2022-10-24T20:00:00.000000000,54.76,475.53268
2022-10-24T21:00:00.000000000,56.55,462.98154
2022-10-24T22:00:00.000000000,53.19,464.089
2022-10-24T23:00:00.000000000,50.12,464.04905
2022-10-25T00:00:00.000000000,50.52,535.36485
2022-10-25T01:00:00.000000000,49.44,534.29659
2022-10-25T02:00:00.000000000,46.85,543.17566
2022-10-25T03:00:00.000000000,48.62,544.86682
2022-10-25T04:00:00.000000000,46.47,550.14114
2022-10-25T05:00:00.000000000,48.16,552.5268
2022-10-25T06:00:00.000000000,51.6,553.80912
2022-10-25T07:00:00.000000000,51.92,563.96343
2022-10-25T08:00:00.000000000,52.29,559.30913
2022-10-25T09:00:00.000000000,52.3,559.72367
2022-10-25T10:00:00.000000000,52.34,564.27646
2022-10-25T11:00:00.000000000,52.88,569.8677
2022-10-25T12:00:00.000000000,55.04,560.89715
2022-10-25T13:00:00.000000000,55.37,560.63065
2022-10-25T14:00:00.000000000,50.0,548.7793
2022-10-25T15:00:00.000000000,47.32,527.62947
2022-10-25T16:00:00.000000000,47.62,519.93304
2022-10-25T17:00:00.000000000,45.97,510.82554
2022-10-25T18:00:00.000000000,47.74,496.30737
2022-10-25T19:00:00.000000000,47.29,489.40033
2022-10-25T20:00:00.000000000,47.78,478.76154
2022-10-25T21:00:00.000000000,50.63,471.88294
2022-10-25T22:00:00.000000000,55.41,478.79373
2022-10-25T23:00:00.000000000,64.85,480.46019
2022-10-23T00:00:00.000000000,75.22,214.76803
2022-10-23T01:00:00.000000000,82.42,219.15105
2022-10-23T02:00:00.000000000,65.24,234.74943
2022-10-23T03:00:00.000000000,58.1,234.99461
2022-10-23T04:00:00.000000000,55.97,250.06914
2022-10-23T05:00:00.000000000,61.24,264.13321
2022-10-23T06:00:00.000000000,67.59,284.33148
2022-10-23T07:00:00.000000000,64.34,301.30715
2022-10-23T08:00:00.000000000,64.64,313.50375
2022-10-23T09:00:00.000000000,63.21,322.87201
2022-10-23T10:00:00.000000000,61.05,343.45566
2022-10-23T11:00:00.000000000,70.3,360.78102
2022-10-23T12:00:00.000000000,80.97,374.374
2022-10-23T13:00:00.000000000,74.46,389.39829
2022-10-23T14:00:00.000000000,80.02,387.16306
2022-10-23T15:00:00.000000000,80.77,377.18645
2022-10-23T16:00:00.000000000,66.3,379.15033
2022-10-23T17:00:00.000000000,63.94,373.0457
2022-10-23T18:00:00.000000000,64.4,366.6355
2022-10-23T19:00:00.000000000,64.96,356.50345
2022-10-23T20:00:00.000000000,77.1,338.90461
2022-10-23T21:00:00.000000000,79.85,330.29246
2022-10-23T22:00:00.000000000,83.26,326.86705
2022-10-23T23:00:00.000000000,80.43,319.54532
2022-10-24T00:00:00.000000000,92.69,389.19229
2022-10-24T01:00:00.000000000,117.51,405.90816
2022-10-24T02:00:00.000000000,99.77,436.05466
2022-10-24T03:00:00.000000000,92.66,454.77897
2022-10-24T04:00:00.000000000,80.16,471.48406
2022-10-24T05:00:00.000000000,68.44,486.46717
2022-10-24T06:00:00.000000000,80.16,501.88536
2022-10-24T07:00:00.000000000,72.15,521.89099
2022-10-24T08:00:00.000000000,70.45,527.04794
2022-10-24T09:00:00.000000000,69.57,531.99353
2022-10-24T10:00:00.000000000,73.87,539.98833
2022-10-24T11:00:00.000000000,80.39,546.44842
2022-10-24T12:00:00.000000000,98.36,542.2796
2022-10-24T13:00:00.000000000,84.54,548.75827
2022-10-24T14:00:00.000000000,69.27,539.19511
2022-10-24T15:00:00.000000000,83.62,518.53696
2022-10-24T16:00:00.000000000,67.37,507.74305
2022-10-24T17:00:00.000000000,62.01,495.6442
2022-10-24T18:00:00.000000000,61.05,475.80176
2022-10-24T19:00:00.000000000,59.6,463.35189
2022-10-24T20:00:00.000000000,54.76,447.71708
2022-10-24T21:00:00.000000000,56.55,432.52241
2022-10-24T22:00:00.000000000,53.19,431.45984
2022-10-24T23:00:00.000000000,50.12,431.17411
2022-10-25T00:00:00.000000000,50.52,485.03756
2022-10-25T01:00:00.000000000,49.44,487.04121
2022-10-25T02:00:00.000000000,46.85,500.83826
2022-10-25T03:00:00.000000000,48.62,506.79404
2022-10-25T04:00:00.000000000,46.47,513.41363
2022-10-25T05:00:00.000000000,48.16,517.39039
2022-10-25T06:00:00.000000000,51.6,520.37487
2022-10-25T07:00:00.000000000,51.92,531.62089
2022-10-25T08:00:00.000000000,52.29,530.10277
2022-10-25T09:00:00.000000000,52.3,531.20477
2022-10-25T10:00:00.000000000,52.34,538.01505
2022-10-25T11:00:00.000000000,52.88,544.32502
2022-10-25T12:00:00.000000000,55.04,537.65024
2022-10-25T13:00:00.000000000,55.37,539.88873
2022-10-25T14:00:00.000000000,50.0,527.99549
2022-10-25T15:00:00.000000000,47.32,507.49108
2022-10-25T16:00:00.000000000,47.62,498.79291
2022-10-25T17:00:00.000000000,45.97,489.60447
2022-10-25T18:00:00.000000000,47.74,474.50144
2022-10-25T19:00:00.000000000,47.29,466.36781
2022-10-25T20:00:00.000000000,47.78,455.1644
2022-10-25T21:00:00.000000000,50.63,446.10582
2022-10-25T22:00:00.000000000,55.41,451.02544
2022-10-25T23:00:00.000000000,64.85,452.99068
2022-10-26T00:00:00.000000000,70.49,505.86995
2022-10-26T01:00:00.000000000,72.63,504.33953
2022-10-26T02:00:00.000000000,80.53,517.05028
2022-10-26T03:00:00.000000000,78.21,520.72718
2022-10-26T04:00:00.000000000,65.67,524.73697
2022-10-26T05:00:00.000000000,64.65,521.80135
2022-10-26T06:00:00.000000000,59.66,517.46258
2022-10-26T07:00:00.000000000,50.22,522.31095
2022-10-26T08:00:00.000000000,44.34,516.4014
2022-10-26T09:00:00.000000000,42.83,508.86117
2022-10-26T10:00:00.000000000,43.98,509.14171
2022-10-26T11:00:00.000000000,49.87,511.13032
2022-10-26T12:00:00.000000000,49.33,497.24167
2022-10-26T13:00:00.000000000,53.54,493.22097
2022-10-26T14:00:00.000000000,51.31,473.99818
2022-10-26T15:00:00.000000000,50.55,450.75968
2022-10-26T16:00:00.000000000,49.55,440.06403
2022-10-26T17:00:00.000000000,49.96,433.41414
2022-10-26T18:00:00.000000000,49.44,425.22665
2022-10-26T19:00:00.000000000,48.71,424.30885
2022-10-26T20:00:00.000000000,50.22,421.53712
2022-10-26T21:00:00.000000000,53.37,419.79129
2022-10-26T22:00:00.000000000,54.61,430.35086
2022-10-26T23:00:00.000000000,59.17,437.47565
2022-10-24T00:00:00.000000000,92.69,269.29603
2022-10-24T01:00:00.000000000,117.51,269.95515
2022-10-24T02:00:00.000000000,99.77,281.24089
2022-10-24T03:00:00.000000000,92.66,278.03784
2022-10-24T04:00:00.000000000,80.16,286.71285
2022-10-24T05:00:00.000000000,68.44,296.85316
2022-10-24T06:00:00.000000000,80.16,314.94921
2022-10-24T07:00:00.000000000,72.15,333.68923
2022-10-24T08:00:00.000000000,70.45,348.58307
2022-10-24T09:00:00.000000000,69.57,361.85321
2022-10-24T10:00:00.000000000,73.87,383.83482
2022-10-24T11:00:00.000000000,80.39,402.74437
2022-10-24T12:00:00.000000000,98.36,415.36948
2022-10-24T13:00:00.000000000,84.54,429.73831
2022-10-24T14:00:00.000000000,69.27,428.3363
2022-10-24T15:00:00.000000000,83.62,417.91919
2022-10-24T16:00:00.000000000,67.37,418.25363
2022-10-24T17:00:00.000000000,62.01,413.8612
2022-10-24T18:00:00.000000000,61.05,408.14509
2022-10-24T19:00:00.000000000,59.6,402.73943
2022-10-24T20:00:00.000000000,54.76,393.18971
2022-10-24T21:00:00.000000000,56.55,385.57242
2022-10-24T22:00:00.000000000,53.19,383.74974
2022-10-24T23:00:00.000000000,50.12,376.63524
2022-10-25T00:00:00.000000000,50.52,459.19802
2022-10-25T01:00:00.000000000,49.44,450.0851
2022-10-25T02:00:00.000000000,46.85,454.71253
2022-10-25T03:00:00.000000000,48.62,449.47957
2022-10-25T04:00:00.000000000,46.47,449.93008
2022-10-25T05:00:00.000000000,48.16,447.08069
2022-10-25T06:00:00.000000000,51.6,446.56737
2022-10-25T07:00:00.000000000,51.92,455.11704
2022-10-25T08:00:00.000000000,52.29,454.54421
2022-10-25T09:00:00.000000000,52.3,452.19708
2022-10-25T10:00:00.000000000,52.34,456.37824
2022-10-25T11:00:00.000000000,52.88,461.09007
2022-10-25T12:00:00.000000000,55.04,452.12144
2022-10-25T13:00:00.000000000,55.37,451.12041
2022-10-25T14:00:00.000000000,50.0,437.64901
2022-10-25T15:00:00.000000000,47.32,421.43171
2022-10-25T16:00:00.000000000,47.62,416.38692
2022-10-25T17:00:00.000000000,45.97,415.37891
2022-10-25T18:00:00.000000000,47.74,412.81335
2022-10-25T19:00:00.000000000,47.29,413.12499
2022-10-25T20:00:00.000000000,47.78,410.44475
2022-10-25T21:00:00.000000000,50.63,406.71809
2022-10-25T22:00:00.000000000,55.41,412.36726
2022-10-25T23:00:00.000000000,64.85,413.85781
2022-10-26T00:00:00.000000000,70.49,485.24679
2022-10-26T01:00:00.000000000,72.63,483.82976
2022-10-26T02:00:00.000000000,80.53,496.10972
2022-10-26T03:00:00.000000000,78.21,497.673
2022-10-26T04:00:00.000000000,65.67,499.55031
2022-10-26T05:00:00.000000000,64.65,495.87542
2022-10-26T06:00:00.000000000,59.66,491.51115
2022-10-26T07:00:00.000000000,50.22,496.01867
2022-10-26T08:00:00.000000000,44.34,491.05625
2022-10-26T09:00:00.000000000,42.83,483.98858
2022-10-26T10:00:00.000000000,43.98,484.90139
2022-10-26T11:00:00.000000000,49.87,487.67172
2022-10-26T12:00:00.000000000,49.33,475.63385
2022-10-26T13:00:00.000000000,53.54,472.4067
2022-10-26T14:00:00.000000000,51.31,454.22418
2022-10-26T15:00:00.000000000,50.55,433.08551
2022-10-26T16:00:00.000000000,49.55,423.15932
2022-10-26T17:00:00.000000000,49.96,418.07206
2022-10-26T18:00:00.000000000,49.44,411.33309
2022-10-26T19:00:00.000000000,48.71,410.90487
2022-10-26T20:00:00.000000000,50.22,409.2337
2022-10-26T21:00:00.000000000,53.37,407.89232
2022-10-26T22:00:00.000000000,54.61,418.70401
2022-10-26T23:00:00.000000000,59.17,427.14072
2022-10-27T00:00:00.000000000,55.19,492.75852
2022-10-27T01:00:00.000000000,54.94,493.18981
2022-10-27T02:00:00.000000000,51.51,502.96349
2022-10-27T03:00:00.000000000,51.86,503.52199
2022-10-27T04:00:00.000000000,49.45,507.61213
2022-10-27T05:00:00.000000000,51.98,511.22396
2022-10-27T06:00:00.000000000,56.03,516.60692
2022-10-27T07:00:00.000000000,60.66,530.90136
2022-10-27T08:00:00.000000000,48.93,531.96679
2022-10-27T09:00:00.000000000,46.66,535.40979
2022-10-27T10:00:00.000000000,47.59,541.39736
2022-10-27T11:00:00.000000000,47.37,547.1323
2022-10-27T12:00:00.000000000,51.55,540.05802
2022-10-27T13:00:00.000000000,50.77,540.47097
2022-10-27T14:00:00.000000000,49.62,527.6625
2022-10-27T15:00:00.000000000,57.06,508.601
2022-10-27T16:00:00.000000000,60.89,502.60372
2022-10-27T17:00:00.000000000,64.54,498.23425
2022-10-27T18:00:00.000000000,73.21,488.41492
2022-10-27T19:00:00.000000000,69.3,484.09872
2022-10-27T20:00:00.000000000,68.72,479.19357
2022-10-27T21:00:00.000000000,76.92,473.41536
2022-10-27T22:00:00.000000000,76.02,479.01842
2022-10-27T23:00:00.000000000,74.22,480.70916
2022-10-25T00:00:00.000000000,50.52,189.4651
2022-10-25T01:00:00.000000000,49.44,190.50085
2022-10-25T02:00:00.000000000,46.85,203.4252
2022-10-25T03:00:00.000000000,48.62,200.66166
2022-10-25T04:00:00.000000000,46.47,215.97143
2022-10-25T05:00:00.000000000,48.16,228.7371
2022-10-25T06:00:00.000000000,51.6,248.39422
2022-10-25T07:00:00.000000000,51.92,265.4887
2022-10-25T08:00:00.000000000,52.29,281.33226
2022-10-25T09:00:00.000000000,52.3,294.65637
2022-10-25T10:00:00.000000000,52.34,320.65284
2022-10-25T11:00:00.000000000,52.88,340.941
2022-10-25T12:00:00.000000000,55.04,356.36816
2022-10-25T13:00:00.000000000,55.37,371.59376
2022-10-25T14:00:00.000000000,50.0,370.74787
2022-10-25T15:00:00.000000000,47.32,362.27065
2022-10-25T16:00:00.000000000,47.62,367.3537
2022-10-25T17:00:00.000000000,45.97,361.54691
2022-10-25T18:00:00.000000000,47.74,357.95941
2022-10-25T19:00:00.000000000,47.29,348.85474
2022-10-25T20:00:00.000000000,47.78,329.37713
2022-10-25T21:00:00.000000000,50.63,319.04422
2022-10-25T22:00:00.000000000,55.41,313.53522
2022-10-25T23:00:00.000000000,64.85,301.08053
2022-10-26T00:00:00.000000000,70.49,397.86634
2022-10-26T01:00:00.000000000,72.63,399.6236
2022-10-26T02:00:00.000000000,80.53,414.14453
2022-10-26T03:00:00.000000000,78.21,413.9341
2022-10-26T04:00:00.000000000,65.67,417.79291
2022-10-26T05:00:00.000000000,64.65,417.2344
2022-10-26T06:00:00.000000000,59.66,417.50317
2022-10-26T07:00:00.000000000,50.22,424.1627
2022-10-26T08:00:00.000000000,44.34,422.31836
2022-10-26T09:00:00.000000000,42.83,417.05028
2022-10-26T10:00:00.000000000,43.98,420.54102
2022-10-26T11:00:00.000000000,49.87,426.82834
2022-10-26T12:00:00.000000000,49.33,420.50197
2022-10-26T13:00:00.000000000,53.54,421.30631
2022-10-26T14:00:00.000000000,51.31,408.14401
2022-10-26T15:00:00.000000000,50.55,391.1635
2022-10-26T16:00:00.000000000,49.55,385.04133
2022-10-26T17:00:00.000000000,49.96,380.00329
2022-10-26T18:00:00.000000000,49.44,372.71575
2022-10-26T19:00:00.000000000,48.71,368.66937
2022-10-26T20:00:00.000000000,50.22,360.07436
2022-10-26T21:00:00.000000000,53.37,355.00624
2022-10-26T22:00:00.000000000,54.61,361.57665
2022-10-26T23:00:00.000000000,59.17,367.86038
2022-10-27T00:00:00.000000000,55.19,431.65438
2022-10-27T01:00:00.000000000,54.94,438.95528
2022-10-27T02:00:00.000000000,51.51,457.94477
2022-10-27T03:00:00.000000000,51.86,466.2955
2022-10-27T04:00:00.000000000,49.45,474.79952
2022-10-27T05:00:00.000000000,51.98,480.6578
2022-10-27T06:00:00.000000000,56.03,487.5401
2022-10-27T07:00:00.000000000,60.66,502.01115
2022-10-27T08:00:00.000000000,48.93,505.86757
2022-10-27T09:00:00.000000000,46.66,509.7796
2022-10-27T10:00:00.000000000,47.59,518.30237
2022-10-27T11:00:00.000000000,47.37,524.57481
2022-10-27T12:00:00.000000000,51.55,518.25034
2022-10-27T13:00:00.000000000,50.77,519.73652
2022-10-27T14:00:00.000000000,49.62,505.26375
2022-10-27T15:00:00.000000000,57.06,484.27721
2022-10-27T16:00:00.000000000,60.89,474.75049
2022-10-27T17:00:00.000000000,64.54,467.11542
2022-10-27T18:00:00.000000000,73.21,454.13825
2022-10-27T19:00:00.000000000,69.3,447.64364
2022-10-27T20:00:00.000000000,68.72,441.07165
2022-10-27T21:00:00.000000000,76.92,434.4863
2022-10-27T22:00:00.000000000,76.02,440.91536
2022-10-27T23:00:00.000000000,74.22,445.15481
2022-10-28T00:00:00.000000000,75.3,500.85229
2022-10-28T01:00:00.000000000,97.54,504.16354
2022-10-28T02:00:00.000000000,85.88,516.78082
2022-10-28T03:00:00.000000000,72.54,518.6977
2022-10-28T04:00:00.000000000,69.55,527.47806
2022-10-28T05:00:00.000000000,67.41,539.50235
2022-10-28T06:00:00.000000000,66.01,556.44141
2022-10-28T07:00:00.000000000,63.29,579.68961
2022-10-28T08:00:00.000000000,52.71,587.09584
2022-10-28T09:00:00.000000000,59.02,600.4938
2022-10-28T10:00:00.000000000,58.93,611.43375
2022-10-28T11:00:00.000000000,60.88,620.04986
2022-10-28T12:00:00.000000000,60.52,614.88063
2022-10-28T13:00:00.000000000,57.42,615.84963
2022-10-28T14:00:00.000000000,60.07,606.4954
2022-10-28T15:00:00.000000000,57.89,587.40174
2022-10-28T16:00:00.000000000,64.37,581.19891
2022-10-28T17:00:00.000000000,66.73,574.51963
2022-10-28T18:00:00.000000000,77.79,562.2103
2022-10-28T19:00:00.000000000,81.87,555.54885
2022-10-28T20:00:00.000000000,68.46,545.05272
2022-10-28T21:00:00.000000000,62.46,534.19512
2022-10-28T22:00:00.000000000,60.66,534.43192
2022-10-28T23:00:00.000000000,63.87,527.70557
2022-10-26T00:00:00.000000000,70.49,233.73036
2022-10-26T01:00:00.000000000,72.63,239.0911
2022-10-26T02:00:00.000000000,80.53,255.75649
2022-10-26T03:00:00.000000000,78.21,255.84808
2022-10-26T04:00:00.000000000,65.67,269.12104
2022-10-26T05:00:00.000000000,64.65,282.48608
2022-10-26T06:00:00.000000000,59.66,302.85992
2022-10-26T07:00:00.000000000,50.22,320.7525
2022-10-26T08:00:00.000000000,44.34,333.11806
2022-10-26T09:00:00.000000000,42.83,341.34279
2022-10-26T10:00:00.000000000,43.98,358.22348
2022-10-26T11:00:00.000000000,49.87,373.93564
2022-10-26T12:00:00.000000000,49.33,382.82571
2022-10-26T13:00:00.000000000,53.54,393.97664
2022-10-26T14:00:00.000000000,51.31,389.73164
2022-10-26T15:00:00.000000000,50.55,377.98227
2022-10-26T16:00:00.000000000,49.55,379.15927
2022-10-26T17:00:00.000000000,49.96,374.16092
2022-10-26T18:00:00.000000000,49.44,367.22039
2022-10-26T19:00:00.000000000,48.71,359.6847
2022-10-26T20:00:00.000000000,50.22,345.50529
2022-10-26T21:00:00.000000000,53.37,338.4204
2022-10-26T22:00:00.000000000,54.61,337.46313
2022-10-26T23:00:00.000000000,59.17,333.47925
2022-10-27T00:00:00.000000000,55.19,407.38663
2022-10-27T01:00:00.000000000,54.94,403.31755
2022-10-27T02:00:00.000000000,51.51,411.32938
2022-10-27T03:00:00.000000000,51.86,406.13372
2022-10-27T04:00:00.000000000,49.45,405.68946
2022-10-27T05:00:00.000000000,51.98,404.37548
2022-10-27T06:00:00.000000000,56.03,405.95921
2022-10-27T07:00:00.000000000,60.66,414.26246
2022-10-27T08:00:00.000000000,48.93,417.31806
2022-10-27T09:00:00.000000000,46.66,418.16268
2022-10-27T10:00:00.000000000,47.59,426.76067
2022-10-27T11:00:00.000000000,47.37,435.59115
2022-10-27T12:00:00.000000000,51.55,435.08914
2022-10-27T13:00:00.000000000,50.77,439.73278
2022-10-27T14:00:00.000000000,49.62,430.51616
2022-10-27T15:00:00.000000000,57.06,417.16556
2022-10-27T16:00:00.000000000,60.89,414.4931
2022-10-27T17:00:00.000000000,64.54,413.27678
2022-10-27T18:00:00.000000000,73.21,409.84937
2022-10-27T19:00:00.000000000,69.3,409.31803
2022-10-27T20:00:00.000000000,68.72,407.44703
2022-10-27T21:00:00.000000000,76.92,406.99988
2022-10-27T22:00:00.000000000,76.02,413.82853
2022-10-27T23:00:00.000000000,74.22,417.3816
2022-10-28T00:00:00.000000000,75.3,490.28177
2022-10-28T01:00:00.000000000,97.54,496.70987
2022-10-28T02:00:00.000000000,85.88,512.33796
2022-10-28T03:00:00.000000000,72.54,516.81977
2022-10-28T04:00:00.000000000,69.55,525.40414
2022-10-28T05:00:00.000000000,67.41,536.16752
2022-10-28T06:00:00.000000000,66.01,551.10569
2022-10-28T07:00:00.000000000,63.29,572.98047
2022-10-28T08:00:00.000000000,52.71,579.69761
2022-10-28T09:00:00.000000000,59.02,590.93043
2022-10-28T10:00:00.000000000,58.93,600.7508
2022-10-28T11:00:00.000000000,60.88,608.01928
2022-10-28T12:00:00.000000000,60.52,601.79082
2022-10-28T13:00:00.000000000,57.42,601.85443
2022-10-28T14:00:00.000000000,60.07,590.33877
2022-10-28T15:00:00.000000000,57.89,569.5273
2022-10-28T16:00:00.000000000,64.37,561.48901
2022-10-28T17:00:00.000000000,66.73,553.88376
2022-10-28T18:00:00.000000000,77.79,541.35446
2022-10-28T19:00:00.000000000,81.87,535.76631
2022-10-28T20:00:00.000000000,68.46,528.05705
2022-10-28T21:00:00.000000000,62.46,520.00652
2022-10-28T22:00:00.000000000,60.66,523.33339
2022-10-28T23:00:00.000000000,63.87,520.69935
2022-10-29T00:00:00.000000000,69.1,577.86112
2022-10-29T01:00:00.000000000,82.54,581.24831
2022-10-29T02:00:00.000000000,97.98,591.51717
2022-10-29T03:00:00.000000000,101.15,590.95434
2022-10-29T04:00:00.000000000,106.09,597.85705
2022-10-29T05:00:00.000000000,118.67,606.33637
2022-10-29T06:00:00.000000000,144.58,616.99949
2022-10-29T07:00:00.000000000,149.16,635.01447
2022-10-29T08:00:00.000000000,100.67,635.33804
2022-10-29T09:00:00.000000000,114.18,644.44247
2022-10-29T10:00:00.000000000,100.1,651.41445
2022-10-29T11:00:00.000000000,92.22,657.73158
2022-10-29T12:00:00.000000000,97.33,647.52095
2022-10-29T13:00:00.000000000,108.82,642.8467
2022-10-29T14:00:00.000000000,118.83,628.79452
2022-10-29T15:00:00.000000000,108.18,604.64821
2022-10-29T16:00:00.000000000,98.53,595.42728
2022-10-29T17:00:00.000000000,89.19,585.88066
2022-10-29T18:00:00.000000000,96.55,570.57032
2022-10-29T19:00:00.000000000,97.78,564.30675
2022-10-29T20:00:00.000000000,94.32,554.77104
2022-10-29T21:00:00.000000000,86.25,550.54744
2022-10-29T22:00:00.000000000,93.23,559.50507
2022-10-29T23:00:00.000000000,94.69,559.49112
2022-10-27T00:00:00.000000000,55.19,275.3788
2022-10-27T01:00:00.000000000,54.94,278.3357
2022-10-27T02:00:00.000000000,51.51,293.0702
2022-10-27T03:00:00.000000000,51.86,294.02716
2022-10-27T04:00:00.000000000,49.45,304.18356
2022-10-27T05:00:00.000000000,51.98,315.36873
2022-10-27T06:00:00.000000000,56.03,331.15691
2022-10-27T07:00:00.000000000,60.66,347.05378
2022-10-27T08:00:00.000000000,48.93,358.34998
2022-10-27T09:00:00.000000000,46.66,368.68763
2022-10-27T10:00:00.000000000,47.59,389.25068
2022-10-27T11:00:00.000000000,47.37,407.40634
2022-10-27T12:00:00.000000000,51.55,421.30136
2022-10-27T13:00:00.000000000,50.77,437.77056
2022-10-27T14:00:00.000000000,49.62,437.51893
2022-10-27T15:00:00.000000000,57.06,427.70266
2022-10-27T16:00:00.000000000,60.89,427.69466
2022-10-27T17:00:00.000000000,64.54,422.37497
2022-10-27T18:00:00.000000000,73.21,414.7903
2022-10-27T19:00:00.000000000,69.3,407.46832
2022-10-27T20:00:00.000000000,68.72,396.9674
2022-10-27T21:00:00.000000000,76.92,389.46033
2022-10-27T22:00:00.000000000,76.02,387.85102
2022-10-27T23:00:00.000000000,74.22,382.28079
2022-10-28T00:00:00.000000000,75.3,473.38999
2022-10-28T01:00:00.000000000,97.54,476.94846
2022-10-28T02:00:00.000000000,85.88,491.1513
2022-10-28T03:00:00.000000000,72.54,495.48574
2022-10-28T04:00:00.000000000,69.55,504.25835
2022-10-28T05:00:00.000000000,67.41,515.88747
2022-10-28T06:00:00.000000000,66.01,531.81458
2022-10-28T07:00:00.000000000,63.29,554.47192
2022-10-28T08:00:00.000000000,52.71,562.70019
2022-10-28T09:00:00.000000000,59.02,575.07288
2022-10-28T10:00:00.000000000,58.93,586.77731
2022-10-28T11:00:00.000000000,60.88,595.97749
2022-10-28T12:00:00.000000000,60.52,592.80536
2022-10-28T13:00:00.000000000,57.42,596.68899
2022-10-28T14:00:00.000000000,60.07,588.69306
2022-10-28T15:00:00.000000000,57.89,571.0418
2022-10-28T16:00:00.000000000,64.37,565.35135
2022-10-28T17:00:00.000000000,66.73,559.19683
2022-10-28T18:00:00.000000000,77.79,546.71009
2022-10-28T19:00:00.000000000,81.87,539.01141
2022-10-28T20:00:00.000000000,68.46,527.96674
2022-10-28T21:00:00.000000000,62.46,514.7194
2022-10-28T22:00:00.000000000,60.66,512.43559
2022-10-28T23:00:00.000000000,63.87,505.34519
2022-10-29T00:00:00.000000000,69.1,568.42888
2022-10-29T01:00:00.000000000,82.54,567.78149
2022-10-29T02:00:00.000000000,97.98,575.52503
2022-10-29T03:00:00.000000000,101.15,574.79105
2022-10-29T04:00:00.000000000,106.09,582.35168
2022-10-29T05:00:00.000000000,118.67,591.59273
2022-10-29T06:00:00.000000000,144.58,601.83972
2022-10-29T07:00:00.000000000,149.16,619.56276
2022-10-29T08:00:00.000000000,100.67,619.60803
2022-10-29T09:00:00.000000000,114.18,629.50189
2022-10-29T10:00:00.000000000,100.1,638.52571
2022-10-29T11:00:00.000000000,92.22,646.97312
2022-10-29T12:00:00.000000000,97.33,639.87738
2022-10-29T13:00:00.000000000,108.82,639.81528
2022-10-29T14:00:00.000000000,118.83,631.34766
2022-10-29T15:00:00.000000000,108.18,611.56967
2022-10-29T16:00:00.000000000,98.53,605.62325
2022-10-29T17:00:00.000000000,89.19,597.61067
2022-10-29T18:00:00.000000000,96.55,581.34982
2022-10-29T19:00:00.000000000,97.78,571.98048
2022-10-29T20:00:00.000000000,94.32,556.78635
2022-10-29T21:00:00.000000000,86.25,544.8302
2022-10-29T22:00:00.000000000,93.23,547.11081
2022-10-29T23:00:00.000000000,94.69,541.91895
2022-10-30T00:00:00.000000000,96.21,591.10584
2022-10-30T01:00:00.000000000,128.15,595.65042
2022-10-30T02:00:00.000000000,128.48,605.73838
2022-10-30T03:00:00.000000000,102.29,604.05252
2022-10-30T04:00:00.000000000,107.93,608.91334
2022-10-30T05:00:00.000000000,121.85,614.91162
2022-10-30T06:00:00.000000000,134.14,622.79024
2022-10-30T07:00:00.000000000,128.92,638.89789
2022-10-30T08:00:00.000000000,99.49,637.63585
2022-10-30T09:00:00.000000000,115.28,645.37368
2022-10-30T10:00:00.000000000,118.35,651.12828
2022-10-30T11:00:00.000000000,92.09,656.4481
2022-10-30T12:00:00.000000000,80.14,644.83593
2022-10-30T13:00:00.000000000,74.75,637.78339
2022-10-30T14:00:00.000000000,66.63,621.03685
2022-10-30T15:00:00.000000000,70.72,595.3002
2022-10-30T16:00:00.000000000,66.91,584.74371
2022-10-30T17:00:00.000000000,73.56,575.37562
2022-10-30T18:00:00.000000000,61.98,561.56632
2022-10-30T19:00:00.000000000,60.92,558.14373
2022-10-30T20:00:00.000000000,60.96,553.51238
2022-10-30T21:00:00.000000000,56.84,554.58643
2022-10-30T22:00:00.000000000,56.79,568.87325
2022-10-30T23:00:00.000000000,58.93,573.23935
2022-10-28T00:00:00.000000000,75.3,284.76762
2022-10-28T01:00:00.000000000,97.54,286.83427
2022-10-28T02:00:00.000000000,85.88,299.33079
2022-10-28T03:00:00.000000000,72.54,296.80018
2022-10-28T04:00:00.000000000,69.55,303.39988
2022-10-28T05:00:00.000000000,67.41,311.94003
2022-10-28T06:00:00.000000000,66.01,327.0515
2022-10-28T07:00:00.000000000,63.29,344.09165
2022-10-28T08:00:00.000000000,52.71,356.78976
2022-10-28T09:00:00.000000000,59.02,368.68349
2022-10-28T10:00:00.000000000,58.93,390.5645
2022-10-28T11:00:00.000000000,60.88,410.94908
2022-10-28T12:00:00.000000000,60.52,425.52873
2022-10-28T13:00:00.000000000,57.42,441.96669
2022-10-28T14:00:00.000000000,60.07,440.89903
2022-10-28T15:00:00.000000000,57.89,429.45242
2022-10-28T16:00:00.000000000,64.37,426.8451
2022-10-28T17:00:00.000000000,66.73,419.11964
2022-10-28T18:00:00.000000000,77.79,408.76495
2022-10-28T19:00:00.000000000,81.87,399.77778
2022-10-28T20:00:00.000000000,68.46,387.5976
2022-10-28T21:00:00.000000000,62.46,379.63779
2022-10-28T22:00:00.000000000,60.66,379.05224
2022-10-28T23:00:00.000000000,63.87,374.92396
2022-10-29T00:00:00.000000000,69.1,456.97898
2022-10-29T01:00:00.000000000,82.54,463.60673
2022-10-29T02:00:00.000000000,97.98,482.33346
2022-10-29T03:00:00.000000000,101.15,492.23835
2022-10-29T04:00:00.000000000,106.09,504.25118
2022-10-29T05:00:00.000000000,118.67,517.06245
2022-10-29T06:00:00.000000000,144.58,531.48493
2022-10-29T07:00:00.000000000,149.16,552.68762
2022-10-29T08:00:00.000000000,100.67,558.92191
2022-10-29T09:00:00.000000000,114.18,568.80627
2022-10-29T10:00:00.000000000,100.1,579.8646
2022-10-29T11:00:00.000000000,92.22,588.26098
2022-10-29T12:00:00.000000000,97.33,584.13785
2022-10-29T13:00:00.000000000,108.82,588.73742
2022-10-29T14:00:00.000000000,118.83,580.40452
2022-10-29T15:00:00.000000000,108.18,561.27291
2022-10-29T16:00:00.000000000,98.53,553.74722
2022-10-29T17:00:00.000000000,89.19,544.57894
2022-10-29T18:00:00.000000000,96.55,527.82754
2022-10-29T19:00:00.000000000,97.78,517.1358
2022-10-29T20:00:00.000000000,94.32,502.52675
2022-10-29T21:00:00.000000000,86.25,486.85976
2022-10-29T22:00:00.000000000,93.23,484.4851
2022-10-29T23:00:00.000000000,94.69,479.29158
2022-10-30T00:00:00.000000000,96.21,534.0028
2022-10-30T01:00:00.000000000,128.15,538.49236
2022-10-30T02:00:00.000000000,128.48,550.6422
2022-10-30T03:00:00.000000000,102.29,551.86487
2022-10-30T04:00:00.000000000,107.93,559.71692
2022-10-30T05:00:00.000000000,121.85,568.88116
2022-10-30T06:00:00.000000000,134.14,581.1061
2022-10-30T07:00:00.000000000,128.92,600.4394
2022-10-30T08:00:00.000000000,99.49,601.98626
2022-10-30T09:00:00.000000000,115.28,610.48678
2022-10-30T10:00:00.000000000,118.35,617.39004
2022-10-30T11:00:00.000000000,92.09,623.39002
2022-10-30T12:00:00.000000000,80.14,614.73725
2022-10-30T13:00:00.000000000,74.75,611.95526
2022-10-30T14:00:00.000000000,66.63,599.10163
2022-10-30T15:00:00.000000000,70.72,576.82347
2022-10-30T16:00:00.000000000,66.91,568.22882
2022-10-30T17:00:00.000000000,73.56,560.13338
2022-10-30T18:00:00.000000000,61.98,547.704
2022-10-30T19:00:00.000000000,60.92,543.67605
2022-10-30T20:00:00.000000000,60.96,537.55448
2022-10-30T21:00:00.000000000,56.84,533.84976
2022-10-30T22:00:00.000000000,56.79,542.04704
2022-10-30T23:00:00.000000000,58.93,541.98781
2022-10-31T00:00:00.000000000,60.13,559.12523
2022-10-31T01:00:00.000000000,60.13,562.64462
2022-10-31T02:00:00.000000000,54.77,574.19797
2022-10-31T03:00:00.000000000,61.76,576.20495
2022-10-31T04:00:00.000000000,58.95,583.76284
2022-10-31T05:00:00.000000000,70.17,591.42803
2022-10-31T06:00:00.000000000,74.04,599.71437
2022-10-31T07:00:00.000000000,80.11,616.03178
2022-10-31T08:00:00.000000000,70.72,615.13288
2022-10-31T09:00:00.000000000,61.34,623.26935
2022-10-31T10:00:00.000000000,60.76,631.15289
2022-10-31T11:00:00.000000000,59.83,637.70412
2022-10-31T12:00:00.000000000,63.61,628.50644
2022-10-31T13:00:00.000000000,60.24,626.14481
2022-10-31T14:00:00.000000000,57.92,614.41285
2022-10-31T15:00:00.000000000,53.8,591.62122
2022-10-31T16:00:00.000000000,57.84,582.17336
2022-10-31T17:00:00.000000000,58.17,571.63337
2022-10-31T18:00:00.000000000,58.67,554.97314
2022-10-31T19:00:00.000000000,59.93,547.67297
2022-10-31T20:00:00.000000000,64.16,536.58814
2022-10-31T21:00:00.000000000,64.09,529.86192
2022-10-31T22:00:00.000000000,66.74,538.01188
2022-10-31T23:00:00.000000000,71.95,538.24914
2022-10-29T00:00:00.000000000,69.1,290.09787
2022-10-29T01:00:00.000000000,82.54,289.69501
2022-10-29T02:00:00.000000000,97.98,299.93607
2022-10-29T03:00:00.000000000,101.15,295.71588
2022-10-29T04:00:00.000000000,106.09,301.70658
2022-10-29T05:00:00.000000000,118.67,309.8668
2022-10-29T06:00:00.000000000,144.58,325.25352
2022-10-29T07:00:00.000000000,149.16,343.04843
2022-10-29T08:00:00.000000000,100.67,357.11246
2022-10-29T09:00:00.000000000,114.18,370.516
2022-10-29T10:00:00.000000000,100.1,392.76271
2022-10-29T11:00:00.000000000,92.22,413.01606
2022-10-29T12:00:00.000000000,97.33,427.16578
2022-10-29T13:00:00.000000000,108.82,443.39676
2022-10-29T14:00:00.000000000,118.83,443.42948
2022-10-29T15:00:00.000000000,108.18,433.91672
2022-10-29T16:00:00.000000000,98.53,434.33703
2022-10-29T17:00:00.000000000,89.19,430.47863
2022-10-29T18:00:00.000000000,96.55,423.48082
2022-10-29T19:00:00.000000000,97.78,417.13276
2022-10-29T20:00:00.000000000,94.32,407.58653
2022-10-29T21:00:00.000000000,86.25,399.549
2022-10-29T22:00:00.000000000,93.23,397.77353
2022-10-29T23:00:00.000000000,94.69,391.2536
2022-10-30T00:00:00.000000000,96.21,458.18557
2022-10-30T01:00:00.000000000,128.15,463.68079
2022-10-30T02:00:00.000000000,128.48,479.07736
2022-10-30T03:00:00.000000000,102.29,483.6179
2022-10-30T04:00:00.000000000,107.93,492.21652
2022-10-30T05:00:00.000000000,121.85,502.55465
2022-10-30T06:00:00.000000000,134.14,517.57013
2022-10-30T07:00:00.000000000,128.92,540.00582
2022-10-30T08:00:00.000000000,99.49,548.35551
2022-10-30T09:00:00.000000000,115.28,560.04199
2022-10-30T10:00:00.000000000,118.35,571.24307
2022-10-30T11:00:00.000000000,92.09,579.4149
2022-10-30T12:00:00.000000000,80.14,575.13794
2022-10-30T13:00:00.000000000,74.75,577.51272
2022-10-30T14:00:00.000000000,66.63,567.61504
2022-10-30T15:00:00.000000000,70.72,549.32168
2022-10-30T16:00:00.000000000,66.91,543.39289
2022-10-30T17:00:00.000000000,73.56,538.00068
2022-10-30T18:00:00.000000000,61.98,526.17153
2022-10-30T19:00:00.000000000,60.92,519.38696
2022-10-30T20:00:00.000000000,60.96,509.78693
2022-10-30T21:00:00.000000000,56.84,498.94483
2022-10-30T22:00:00.000000000,56.79,499.71047
2022-10-30T23:00:00.000000000,58.93,496.29858
2022-10-31T00:00:00.000000000,60.13,526.22785
2022-10-31T01:00:00.000000000,60.13,527.72057
2022-10-31T02:00:00.000000000,54.77,537.93707
2022-10-31T03:00:00.000000000,61.76,538.24427
2022-10-31T04:00:00.000000000,58.95,546.71572
2022-10-31T05:00:00.000000000,70.17,557.65313
2022-10-31T06:00:00.000000000,74.04,571.99289
2022-10-31T07:00:00.000000000,80.11,592.78866
2022-10-31T08:00:00.000000000,70.72,595.70878
2022-10-31T09:00:00.000000000,61.34,606.609
2022-10-31T10:00:00.000000000,60.76,616.02024
2022-10-31T11:00:00.000000000,59.83,624.53959
2022-10-31T12:00:00.000000000,63.61,619.3911
2022-10-31T13:00:00.000000000,60.24,620.58141
2022-10-31T14:00:00.000000000,57.92,612.13462
2022-10-31T15:00:00.000000000,53.8,593.34953
2022-10-31T16:00:00.000000000,57.84,587.06389
2022-10-31T17:00:00.000000000,58.17,580.04017
2022-10-31T18:00:00.000000000,58.67,567.0812
2022-10-31T19:00:00.000000000,59.93,560.293
2022-10-31T20:00:00.000000000,64.16,549.3493
2022-10-31T21:00:00.000000000,64.09,539.43075
2022-10-31T22:00:00.000000000,66.74,541.48742
2022-10-31T23:00:00.000000000,71.95,535.95117
2022-11-01T00:00:00.000000000,62.41,566.32172
2022-11-01T01:00:00.000000000,69.01,567.97081
2022-11-01T02:00:00.000000000,56.9,578.97703
2022-11-01T03:00:00.000000000,59.16,583.31156
2022-11-01T04:00:00.000000000,62.25,590.4849
2022-11-01T05:00:00.000000000,72.47,593.73354
2022-11-01T06:00:00.000000000,64.98,592.93737
2022-11-01T07:00:00.000000000,103.29,601.72805
2022-11-01T08:00:00.000000000,124.17,595.03119
2022-11-01T09:00:00.000000000,163.5,597.36332
2022-11-01T10:00:00.000000000,164.16,603.61269
2022-11-01T11:00:00.000000000,111.54,610.01576
2022-11-01T12:00:00.000000000,147.37,600.97844
2022-11-01T13:00:00.000000000,129.22,601.73421
2022-11-01T14:00:00.000000000,121.48,592.13107
2022-11-01T15:00:00.000000000,119.45,569.64422
2022-11-01T16:00:00.000000000,101.25,559.76299
2022-11-01T17:00:00.000000000,93.37,545.68053
2022-11-01T18:00:00.000000000,129.78,524.80066
2022-11-01T19:00:00.000000000,111.58,513.71866
2022-11-01T20:00:00.000000000,113.94,497.97441
2022-11-01T21:00:00.000000000,126.59,488.00437
2022-11-01T22:00:00.000000000,92.02,495.19746
2022-11-01T23:00:00.000000000,118.58,496.36844
2022-10-30T00:00:00.000000000,96.21,269.05506
2022-10-30T01:00:00.000000000,128.15,274.37778
2022-10-30T02:00:00.000000000,128.48,291.50979
2022-10-30T03:00:00.000000000,102.29,293.1437
2022-10-30T04:00:00.000000000,107.93,304.55263
2022-10-30T05:00:00.000000000,121.85,316.33844
2022-10-30T06:00:00.000000000,134.14,333.86211
2022-10-30T07:00:00.000000000,128.92,351.28151
2022-10-30T08:00:00.000000000,99.49,362.90906
2022-10-30T09:00:00.000000000,115.28,372.06345
2022-10-30T10:00:00.000000000,118.35,390.01448
2022-10-30T11:00:00.000000000,92.09,406.10931
2022-10-30T12:00:00.000000000,80.14,415.31202
2022-10-30T13:00:00.000000000,74.75,427.67335
2022-10-30T14:00:00.000000000,66.63,424.03884
2022-10-30T15:00:00.000000000,70.72,411.64464
2022-10-30T16:00:00.000000000,66.91,409.93939
2022-10-30T17:00:00.000000000,73.56,403.41417
2022-10-30T18:00:00.000000000,61.98,394.24643
2022-10-30T19:00:00.000000000,60.92,386.45295
2022-10-30T20:00:00.000000000,60.96,373.86303
2022-10-30T21:00:00.000000000,56.84,365.57314
2022-10-30T22:00:00.000000000,56.79,364.97983
2022-10-30T23:00:00.000000000,58.93,361.37496
2022-10-31T00:00:00.000000000,60.13,422.9765
2022-10-31T01:00:00.000000000,60.13,432.18408
2022-10-31T02:00:00.000000000,54.77,453.13389
2022-10-31T03:00:00.000000000,61.76,463.80055
2022-10-31T04:00:00.000000000,58.95,476.39708
2022-10-31T05:00:00.000000000,70.17,489.43344
2022-10-31T06:00:00.000000000,74.04,505.3424
2022-10-31T07:00:00.000000000,80.11,527.81254
2022-10-31T08:00:00.000000000,70.72,535.64814
2022-10-31T09:00:00.000000000,61.34,545.30477
2022-10-31T10:00:00.000000000,60.76,555.83426
2022-10-31T11:00:00.000000000,59.83,563.57455
2022-10-31T12:00:00.000000000,63.61,559.63291
2022-10-31T13:00:00.000000000,60.24,564.75295
2022-10-31T14:00:00.000000000,57.92,556.19149
2022-10-31T15:00:00.000000000,53.8,538.03321
2022-10-31T16:00:00.000000000,57.84,531.53154
2022-10-31T17:00:00.000000000,58.17,524.29643
2022-10-31T18:00:00.000000000,58.67,508.67689
2022-10-31T19:00:00.000000000,59.93,498.20984
2022-10-31T20:00:00.000000000,64.16,483.7532
2022-10-31T21:00:00.000000000,64.09,467.84612
2022-10-31T22:00:00.000000000,66.74,465.07262
2022-10-31T23:00:00.000000000,71.95,460.85572
2022-11-01T00:00:00.000000000,62.41,548.90452
2022-11-01T01:00:00.000000000,69.01,549.64854
2022-11-01T02:00:00.000000000,56.9,559.94556
2022-11-01T03:00:00.000000000,59.16,561.48422
2022-11-01T04:00:00.000000000,62.25,565.73986
2022-11-01T05:00:00.000000000,72.47,566.01615
2022-11-01T06:00:00.000000000,64.98,565.87282
2022-11-01T07:00:00.000000000,103.29,575.38278
2022-11-01T08:00:00.000000000,124.17,571.4925
2022-11-01T09:00:00.000000000,163.5,572.31671
2022-11-01T10:00:00.000000000,164.16,576.69839
2022-11-01T11:00:00.000000000,111.54,581.93647
2022-11-01T12:00:00.000000000,147.37,571.33854
2022-11-01T13:00:00.000000000,129.22,569.30033
2022-11-01T14:00:00.000000000,121.48,554.86339
2022-11-01T15:00:00.000000000,119.45,531.74544
2022-11-01T16:00:00.000000000,101.25,522.16124
2022-11-01T17:00:00.000000000,93.37,511.85964
2022-11-01T18:00:00.000000000,129.78,497.87098
2022-11-01T19:00:00.000000000,111.58,491.72713
2022-11-01T20:00:00.000000000,113.94,482.76295
2022-11-01T21:00:00.000000000,126.59,477.70631
2022-11-01T22:00:00.000000000,92.02,486.42343
2022-11-01T23:00:00.000000000,118.58,488.97791
2022-11-02T00:00:00.000000000,102.58,553.15644
2022-11-02T01:00:00.000000000,78.03,550.03626
2022-11-02T02:00:00.000000000,73.68,555.75345
2022-11-02T03:00:00.000000000,78.67,554.84656
2022-11-02T04:00:00.000000000,58.96,560.50019
2022-11-02T05:00:00.000000000,72.98,565.14529
2022-11-02T06:00:00.000000000,72.87,568.84875
2022-11-02T07:00:00.000000000,63.05,580.92216
2022-11-02T08:00:00.000000000,57.37,575.26649
2022-11-02T09:00:00.000000000,56.62,577.25068
2022-11-02T10:00:00.000000000,54.45,582.05411
2022-11-02T11:00:00.000000000,55.99,588.87367
2022-11-02T12:00:00.000000000,57.98,581.01896
2022-11-02T13:00:00.000000000,57.39,580.73938
2022-11-02T14:00:00.000000000,50.16,570.90018
2022-11-02T15:00:00.000000000,55.3,551.02887
2022-11-02T16:00:00.000000000,57.55,545.19313
2022-11-02T17:00:00.000000000,60.69,537.87363
2022-11-02T18:00:00.000000000,55.81,523.9552
2022-11-02T19:00:00.000000000,68.15,517.59562
2022-11-02T20:00:00.000000000,73.25,507.10845
2022-11-02T21:00:00.000000000,71.82,500.56192
2022-11-02T22:00:00.000000000,79.57,507.48446
2022-11-02T23:00:00.000000000,94.68,507.99385
2022-10-31T00:00:00.000000000,60.13,214.77484
2022-10-31T01:00:00.000000000,60.13,222.34446
2022-10-31T02:00:00.000000000,54.77,240.98651
2022-10-31T03:00:00.000000000,61.76,242.81505
2022-10-31T04:00:00.000000000,58.95,257.68985
2022-10-31T05:00:00.000000000,70.17,271.67734
2022-10-31T06:00:00.000000000,74.04,291.74545
2022-10-31T07:00:00.000000000,80.11,308.99119
2022-10-31T08:00:00.000000000,70.72,320.97635
2022-10-31T09:00:00.000000000,61.34,329.42972
2022-10-31T10:00:00.000000000,60.76,348.2937
2022-10-31T11:00:00.000000000,59.83,366.22454
2022-10-31T12:00:00.000000000,63.61,378.23367
2022-10-31T13:00:00.000000000,60.24,392.17822
2022-10-31T14:00:00.000000000,57.92,390.05915
2022-10-31T15:00:00.000000000,53.8,378.59107
2022-10-31T16:00:00.000000000,57.84,379.76038
2022-10-31T17:00:00.000000000,58.17,372.77873
2022-10-31T18:00:00.000000000,58.67,364.37443
2022-10-31T19:00:00.000000000,59.93,355.45256
2022-10-31T20:00:00.000000000,64.16,339.2307
2022-10-31T21:00:00.000000000,64.09,330.90573
2022-10-31T22:00:00.000000000,66.74,329.06004
2022-10-31T23:00:00.000000000,71.95,324.26705
2022-11-01T00:00:00.000000000,62.41,434.53599
2022-11-01T01:00:00.000000000,69.01,436.26053
2022-11-01T02:00:00.000000000,56.9,452.28672
2022-11-01T03:00:00.000000000,59.16,458.24697
2022-11-01T04:00:00.000000000,62.25,465.33108
2022-11-01T05:00:00.000000000,72.47,468.81016
2022-11-01T06:00:00.000000000,64.98,473.11007
2022-11-01T07:00:00.000000000,103.29,485.82341
2022-11-01T08:00:00.000000000,124.17,488.35402
2022-11-01T09:00:00.000000000,163.5,489.1232
2022-11-01T10:00:00.000000000,164.16,496.05361
2022-11-01T11:00:00.000000000,111.54,502.25058
2022-11-01T12:00:00.000000000,147.37,495.56564
2022-11-01T13:00:00.000000000,129.22,498.19055
2022-11-01T14:00:00.000000000,121.48,484.66055
2022-11-01T15:00:00.000000000,119.45,465.42435
2022-11-01T16:00:00.000000000,101.25,456.70385
2022-11-01T17:00:00.000000000,93.37,450.05486
2022-11-01T18:00:00.000000000,129.78,438.04223
2022-11-01T19:00:00.000000000,111.58,430.2316
2022-11-01T20:00:00.000000000,113.94,419.77176
2022-11-01T21:00:00.000000000,126.59,409.54827
2022-11-01T22:00:00.000000000,92.02,411.63558
2022-11-01T23:00:00.000000000,118.58,412.99478
2022-11-02T00:00:00.000000000,102.58,527.77672
2022-11-02T01:00:00.000000000,78.03,513.87228
2022-11-02T02:00:00.000000000,73.68,510.73331
2022-11-02T03:00:00.000000000,78.67,502.53399
2022-11-02T04:00:00.000000000,58.96,501.85611
2022-11-02T05:00:00.000000000,72.98,501.79938
2022-11-02T06:00:00.000000000,72.87,502.24621
2022-11-02T07:00:00.000000000,63.05,513.36856
2022-11-02T08:00:00.000000000,57.37,513.02017
2022-11-02T09:00:00.000000000,56.62,518.71199
2022-11-02T10:00:00.000000000,54.45,529.02126
2022-11-02T11:00:00.000000000,55.99,538.25693
2022-11-02T12:00:00.000000000,57.98,534.5423
2022-11-02T13:00:00.000000000,57.39,537.88101
2022-11-02T14:00:00.000000000,50.16,529.76229
2022-11-02T15:00:00.000000000,55.3,515.29061
2022-11-02T16:00:00.000000000,57.55,512.95098
2022-11-02T17:00:00.000000000,60.69,511.3605
2022-11-02T18:00:00.000000000,55.81,503.96948
2022-11-02T19:00:00.000000000,68.15,499.32238
2022-11-02T20:00:00.000000000,73.25,491.59771
2022-11-02T21:00:00.000000000,71.82,482.45401
2022-11-02T22:00:00.000000000,79.57,484.25284
2022-11-02T23:00:00.000000000,94.68,479.17845
2022-11-03T00:00:00.000000000,71.95,568.48828
2022-11-03T01:00:00.000000000,81.65,567.15697
2022-11-03T02:00:00.000000000,75.07,573.53097
2022-11-03T03:00:00.000000000,65.77,571.24324
2022-11-03T04:00:00.000000000,76.28,575.07962
2022-11-03T05:00:00.000000000,86.13,576.69647
2022-11-03T06:00:00.000000000,70.63,577.61794
2022-11-03T07:00:00.000000000,72.72,587.48663
2022-11-03T08:00:00.000000000,69.29,581.83784
2022-11-03T09:00:00.000000000,71.51,584.41031
2022-11-03T10:00:00.000000000,62.14,589.583
2022-11-03T11:00:00.000000000,66.57,596.37383
2022-11-03T12:00:00.000000000,68.82,587.90609
2022-11-03T13:00:00.000000000,63.04,587.16898
2022-11-03T14:00:00.000000000,62.69,576.48899
2022-11-03T15:00:00.000000000,64.02,555.70742
2022-11-03T16:00:00.000000000,60.58,548.42487
2022-11-03T17:00:00.000000000,59.63,539.21385
2022-11-03T18:00:00.000000000,57.81,525.01959
2022-11-03T19:00:00.000000000,50.84,518.23618
2022-11-03T20:00:00.000000000,51.88,507.58522
2022-11-03T21:00:00.000000000,55.23,501.7546
2022-11-03T22:00:00.000000000,60.43,509.93964
2022-11-03T23:00:00.000000000,73.48,510.61922
2022-11-01T00:00:00.000000000,62.41,229.12623
2022-11-01T01:00:00.000000000,69.01,240.01027
2022-11-01T02:00:00.000000000,56.9,264.62997
2022-11-01T03:00:00.000000000,59.16,271.79303
2022-11-01T04:00:00.000000000,62.25,289.59114
2022-11-01T05:00:00.000000000,72.47,305.33248
2022-11-01T06:00:00.000000000,64.98,324.64379
2022-11-01T07:00:00.000000000,103.29,340.39854
2022-11-01T08:00:00.000000000,124.17,348.90443
2022-11-01T09:00:00.000000000,163.5,353.34572
2022-11-01T10:00:00.000000000,164.16,367.01685
2022-11-01T11:00:00.000000000,111.54,379.5303
2022-11-01T12:00:00.000000000,147.37,385.50256
2022-11-01T13:00:00.000000000,129.22,395.4332
2022-11-01T14:00:00.000000000,121.48,390.54815
2022-11-01T15:00:00.000000000,119.45,378.05987
2022-11-01T16:00:00.000000000,101.25,377.92577
2022-11-01T17:00:00.000000000,93.37,371.3349
2022-11-01T18:00:00.000000000,129.78,362.61703
2022-11-01T19:00:00.000000000,111.58,354.56085
2022-11-01T20:00:00.000000000,113.94,339.15014
2022-11-01T21:00:00.000000000,126.59,331.96677
2022-11-01T22:00:00.000000000,92.02,332.43648
2022-11-01T23:00:00.000000000,118.58,330.68367
2022-11-02T00:00:00.000000000,102.58,428.18622
2022-11-02T01:00:00.000000000,78.03,417.05876
2022-11-02T02:00:00.000000000,73.68,418.4069
2022-11-02T03:00:00.000000000,78.67,408.95943
2022-11-02T04:00:00.000000000,58.96,407.44651
2022-11-02T05:00:00.000000000,72.98,403.85122
2022-11-02T06:00:00.000000000,72.87,403.53596
2022-11-02T07:00:00.000000000,63.05,411.69177
2022-11-02T08:00:00.000000000,57.37,414.37569
2022-11-02T09:00:00.000000000,56.62,415.60222
2022-11-02T10:00:00.000000000,54.45,424.49358
2022-11-02T11:00:00.000000000,55.99,432.95543
2022-11-02T12:00:00.000000000,57.98,429.92474
2022-11-02T13:00:00.000000000,57.39,432.43311
2022-11-02T14:00:00.000000000,50.16,422.46505
2022-11-02T15:00:00.000000000,55.3,410.20349
2022-11-02T16:00:00.000000000,57.55,409.54205
2022-11-02T17:00:00.000000000,60.69,411.10835
2022-11-02T18:00:00.000000000,55.81,411.94757
2022-11-02T19:00:00.000000000,68.15,412.81194
2022-11-02T20:00:00.000000000,73.25,410.73373
2022-11-02T21:00:00.000000000,71.82,407.31753
2022-11-02T22:00:00.000000000,79.57,411.16341
2022-11-02T23:00:00.000000000,94.68,409.93228
2022-11-03T00:00:00.000000000,71.95,498.89651
2022-11-03T01:00:00.000000000,81.65,501.44099
2022-11-03T02:00:00.000000000,75.07,514.61585
2022-11-03T03:00:00.000000000,65.77,518.6573
2022-11-03T04:00:00.000000000,76.28,524.84348
2022-11-03T05:00:00.000000000,86.13,528.44489
2022-11-03T06:00:00.000000000,70.63,532.14132
2022-11-03T07:00:00.000000000,72.72,544.63797
2022-11-03T08:00:00.000000000,69.29,543.81913
2022-11-03T09:00:00.000000000,71.51,546.4535
2022-11-03T10:00:00.000000000,62.14,552.98462
2022-11-03T11:00:00.000000000,66.57,560.26742
2022-11-03T12:00:00.000000000,68.82,553.20639
2022-11-03T13:00:00.000000000,63.04,554.36054
2022-11-03T14:00:00.000000000,62.69,542.13239
2022-11-03T15:00:00.000000000,64.02,521.01492
2022-11-03T16:00:00.000000000,60.58,512.31513
2022-11-03T17:00:00.000000000,59.63,503.04792
2022-11-03T18:00:00.000000000,57.81,489.47168
2022-11-03T19:00:00.000000000,50.84,482.37157
2022-11-03T20:00:00.000000000,51.88,472.88127
2022-11-03T21:00:00.000000000,55.23,465.07974
2022-11-03T22:00:00.000000000,60.43,470.25052
2022-11-03T23:00:00.000000000,73.48,471.32449
2022-11-04T00:00:00.000000000,78.34,557.63622
2022-11-04T01:00:00.000000000,60.26,555.61124
2022-11-04T02:00:00.000000000,56.41,561.40533
2022-11-04T03:00:00.000000000,65.6,557.32993
2022-11-04T04:00:00.000000000,65.51,557.95154
2022-11-04T05:00:00.000000000,67.29,555.68693
2022-11-04T06:00:00.000000000,62.39,554.02601
2022-11-04T07:00:00.000000000,71.6,562.60426
2022-11-04T08:00:00.000000000,59.17,558.1858
2022-11-04T09:00:00.000000000,59.84,559.20599
2022-11-04T10:00:00.000000000,52.75,563.39415
2022-11-04T11:00:00.000000000,52.33,569.22906
2022-11-04T12:00:00.000000000,50.28,559.88404
2022-11-04T13:00:00.000000000,49.97,557.88227
2022-11-04T14:00:00.000000000,48.62,544.06814
2022-11-04T15:00:00.000000000,46.93,523.43469
2022-11-04T16:00:00.000000000,46.77,516.24578
2022-11-04T17:00:00.000000000,46.67,509.55725
2022-11-04T18:00:00.000000000,45.65,499.331
2022-11-04T19:00:00.000000000,48.54,495.40323
2022-11-04T20:00:00.000000000,47.25,489.47181
2022-11-04T21:00:00.000000000,48.41,486.25515
2022-11-04T22:00:00.000000000,47.13,496.01454
2022-11-04T23:00:00.000000000,48.71,499.18321
2022-11-02T00:00:00.000000000,102.58,250.48774
2022-11-02T01:00:00.000000000,78.03,249.94187
2022-11-02T02:00:00.000000000,73.68,256.77972
2022-11-02T03:00:00.000000000,78.67,245.53826
2022-11-02T04:00:00.000000000,58.96,251.57338
2022-11-02T05:00:00.000000000,72.98,254.14847
2022-11-02T06:00:00.000000000,72.87,266.03042
2022-11-02T07:00:00.000000000,63.05,280.1466
2022-11-02T08:00:00.000000000,57.37,290.27869
2022-11-02T09:00:00.000000000,56.62,299.6474
2022-11-02T10:00:00.000000000,54.45,319.4134
2022-11-02T11:00:00.000000000,55.99,338.7819
2022-11-02T12:00:00.000000000,57.98,353.50517
2022-11-02T13:00:00.000000000,57.39,368.87287
2022-11-02T14:00:00.000000000,50.16,370.06497
2022-11-02T15:00:00.000000000,55.3,364.00061
2022-11-02T16:00:00.000000000,57.55,369.39852
2022-11-02T17:00:00.000000000,60.69,369.11024
2022-11-02T18:00:00.000000000,55.81,370.80839
2022-11-02T19:00:00.000000000,68.15,368.48055
2022-11-02T20:00:00.000000000,73.25,357.95962
2022-11-02T21:00:00.000000000,71.82,353.48532
2022-11-02T22:00:00.000000000,79.57,353.5008
2022-11-02T23:00:00.000000000,94.68,346.79919
2022-11-03T00:00:00.000000000,71.95,426.26663
2022-11-03T01:00:00.000000000,81.65,429.455
2022-11-03T02:00:00.000000000,75.07,445.72595
2022-11-03T03:00:00.000000000,65.77,450.89893
2022-11-03T04:00:00.000000000,76.28,456.03459
2022-11-03T05:00:00.000000000,86.13,458.2673
2022-11-03T06:00:00.000000000,70.63,460.70948
2022-11-03T07:00:00.000000000,72.72,470.40485
2022-11-03T08:00:00.000000000,69.29,471.42246
2022-11-03T09:00:00.000000000,71.51,471.64872
2022-11-03T10:00:00.000000000,62.14,480.26583
2022-11-03T11:00:00.000000000,66.57,488.02562
2022-11-03T12:00:00.000000000,68.82,484.80538
2022-11-03T13:00:00.000000000,63.04,489.08051
2022-11-03T14:00:00.000000000,62.69,476.60718
2022-11-03T15:00:00.000000000,64.02,457.51898
2022-11-03T16:00:00.000000000,60.58,447.88397
2022-11-03T17:00:00.000000000,59.63,439.50858
2022-11-03T18:00:00.000000000,57.81,426.84683
2022-11-03T19:00:00.000000000,50.84,420.00137
2022-11-03T20:00:00.000000000,51.88,411.7746
2022-11-03T21:00:00.000000000,55.23,405.86501
2022-11-03T22:00:00.000000000,60.43,412.37653
2022-11-03T23:00:00.000000000,73.48,417.32208
2022-11-04T00:00:00.000000000,78.34,496.23331
2022-11-04T01:00:00.000000000,60.26,498.9295
2022-11-04T02:00:00.000000000,56.41,513.06074
2022-11-04T03:00:00.000000000,65.6,517.05499
2022-11-04T04:00:00.000000000,65.51,520.6632
2022-11-04T05:00:00.000000000,67.29,519.83274
2022-11-04T06:00:00.000000000,62.39,519.27645
2022-11-04T07:00:00.000000000,71.6,528.9834
2022-11-04T08:00:00.000000000,59.17,527.95291
2022-11-04T09:00:00.000000000,59.84,527.78467
2022-11-04T10:00:00.000000000,52.75,532.94828
2022-11-04T11:00:00.000000000,52.33,538.81306
2022-11-04T12:00:00.000000000,50.28,529.60425
2022-11-04T13:00:00.000000000,49.97,528.98944
2022-11-04T14:00:00.000000000,48.62,513.05736
2022-11-04T15:00:00.000000000,46.93,490.99281
2022-11-04T16:00:00.000000000,46.77,480.94942
2022-11-04T17:00:00.000000000,46.67,472.90259
2022-11-04T18:00:00.000000000,45.65,461.47683
2022-11-04T19:00:00.000000000,48.54,456.27965
2022-11-04T20:00:00.000000000,47.25,449.61097
2022-11-04T21:00:00.000000000,48.41,443.5892
2022-11-04T22:00:00.000000000,47.13,450.94642
2022-11-04T23:00:00.000000000,48.71,455.48164
2022-11-05T00:00:00.000000000,43.36,514.80296
2022-11-05T01:00:00.000000000,46.18,506.09271
2022-11-05T02:00:00.000000000,51.79,507.73093
2022-11-05T03:00:00.000000000,48.75,496.01154
2022-11-05T04:00:00.000000000,53.19,488.42241
2022-11-05T05:00:00.000000000,59.18,475.57525
2022-11-05T06:00:00.000000000,66.8,464.01765
2022-11-05T07:00:00.000000000,69.08,463.25375
2022-11-05T08:00:00.000000000,63.55,453.96826
2022-11-05T09:00:00.000000000,61.73,443.08375
2022-11-05T10:00:00.000000000,55.98,439.74748
2022-11-05T11:00:00.000000000,53.7,443.18516
2022-11-05T12:00:00.000000000,51.03,430.35065
2022-11-05T13:00:00.000000000,48.81,425.42388
2022-11-05T14:00:00.000000000,45.38,408.09332
2022-11-05T15:00:00.000000000,45.65,392.66711
2022-11-05T16:00:00.000000000,46.34,388.92391
2022-11-05T17:00:00.000000000,49.35,392.3172
2022-11-05T18:00:00.000000000,47.26,394.00209
2022-11-05T19:00:00.000000000,45.0,396.65499
2022-11-05T20:00:00.000000000,45.64,395.16351
2022-11-05T21:00:00.000000000,45.83,392.5297
2022-11-05T22:00:00.000000000,46.11,402.32008
2022-11-05T23:00:00.000000000,46.64,411.01017
2022-11-03T00:00:00.000000000,71.95,337.41475
2022-11-03T01:00:00.000000000,81.65,333.19396
2022-11-03T02:00:00.000000000,75.07,339.20906
2022-11-03T03:00:00.000000000,65.77,332.1967
2022-11-03T04:00:00.000000000,76.28,333.71709
2022-11-03T05:00:00.000000000,86.13,337.74405
2022-11-03T06:00:00.000000000,70.63,347.78718
2022-11-03T07:00:00.000000000,72.72,362.89888
2022-11-03T08:00:00.000000000,69.29,375.19253
2022-11-03T09:00:00.000000000,71.51,387.87593
2022-11-03T10:00:00.000000000,62.14,409.54284
2022-11-03T11:00:00.000000000,66.57,428.75097
2022-11-03T12:00:00.000000000,68.82,440.54833
2022-11-03T13:00:00.000000000,63.04,454.42587
2022-11-03T14:00:00.000000000,62.69,452.84751
2022-11-03T15:00:00.000000000,64.02,442.89512
2022-11-03T16:00:00.000000000,60.58,443.06934
2022-11-03T17:00:00.000000000,59.63,441.33184
2022-11-03T18:00:00.000000000,57.81,436.89293
2022-11-03T19:00:00.000000000,50.84,433.9101
2022-11-03T20:00:00.000000000,51.88,430.04787
2022-11-03T21:00:00.000000000,55.23,424.25917
2022-11-03T22:00:00.000000000,60.43,424.81207
2022-11-03T23:00:00.000000000,73.48,419.57496
2022-11-04T00:00:00.000000000,78.34,506.05639
2022-11-04T01:00:00.000000000,60.26,497.06556
2022-11-04T02:00:00.000000000,56.41,502.18318
2022-11-04T03:00:00.000000000,65.6,499.58013
2022-11-04T04:00:00.000000000,65.51,499.29872
2022-11-04T05:00:00.000000000,67.29,494.13582
2022-11-04T06:00:00.000000000,62.39,488.74965
2022-11-04T07:00:00.000000000,71.6,493.8065
2022-11-04T08:00:00.000000000,59.17,488.97904
2022-11-04T09:00:00.000000000,59.84,483.41009
2022-11-04T10:00:00.000000000,52.75,485.81278
2022-11-04T11:00:00.000000000,52.33,490.08408
2022-11-04T12:00:00.000000000,50.28,479.71516
2022-11-04T13:00:00.000000000,49.97,478.9374
2022-11-04T14:00:00.000000000,48.62,463.75672
2022-11-04T15:00:00.000000000,46.93,445.26059
2022-11-04T16:00:00.000000000,46.77,438.01184
2022-11-04T17:00:00.000000000,46.67,434.9405
2022-11-04T18:00:00.000000000,45.65,428.52247
2022-11-04T19:00:00.000000000,48.54,426.03664
2022-11-04T20:00:00.000000000,47.25,420.42393
2022-11-04T21:00:00.000000000,48.41,415.02914
2022-11-04T22:00:00.000000000,47.13,421.30344
2022-11-04T23:00:00.000000000,48.71,424.48265
2022-11-05T00:00:00.000000000,43.36,470.34924
2022-11-05T01:00:00.000000000,46.18,455.12612
2022-11-05T02:00:00.000000000,51.79,447.99775
2022-11-05T03:00:00.000000000,48.75,420.8442
2022-11-05T04:00:00.000000000,53.19,403.12759
2022-11-05T05:00:00.000000000,59.18,381.44645
2022-11-05T06:00:00.000000000,66.8,364.60207
2022-11-05T07:00:00.000000000,69.08,356.99741
2022-11-05T08:00:00.000000000,63.55,347.15269
2022-11-05T09:00:00.000000000,61.73,332.68711
2022-11-05T10:00:00.000000000,55.98,328.03189
2022-11-05T11:00:00.000000000,53.7,335.98957
2022-11-05T12:00:00.000000000,51.03,330.42796
2022-11-05T13:00:00.000000000,48.81,328.5127
2022-11-05T14:00:00.000000000,45.38,317.59416
2022-11-05T15:00:00.000000000,45.65,311.67805
2022-11-05T16:00:00.000000000,46.34,318.85661
2022-11-05T17:00:00.000000000,49.35,330.10414
2022-11-05T18:00:00.000000000,47.26,343.38551
2022-11-05T19:00:00.000000000,45.0,351.74028
2022-11-05T20:00:00.000000000,45.64,351.69638
2022-11-05T21:00:00.000000000,45.83,353.01682
2022-11-05T22:00:00.000000000,46.11,361.42137
2022-11-05T23:00:00.000000000,46.64,370.56419
2022-11-06T00:00:00.000000000,46.3,366.44625
2022-11-06T01:00:00.000000000,47.68,374.53808
2022-11-06T02:00:00.000000000,48.24,396.0341
2022-11-06T03:00:00.000000000,49.89,405.33942
2022-11-06T04:00:00.000000000,48.73,416.50518
2022-11-06T05:00:00.000000000,51.15,425.01911
2022-11-06T06:00:00.000000000,50.25,433.97958
2022-11-06T07:00:00.000000000,53.35,448.07791
2022-11-06T08:00:00.000000000,55.37,453.31862
2022-11-06T09:00:00.000000000,67.03,457.98155
2022-11-06T10:00:00.000000000,73.38,470.60349
2022-11-06T11:00:00.000000000,82.64,480.91218
2022-11-06T12:00:00.000000000,70.46,481.70727
2022-11-06T13:00:00.000000000,76.96,490.00352
2022-11-06T14:00:00.000000000,82.84,480.58382
2022-11-06T15:00:00.000000000,70.33,463.58778
2022-11-06T16:00:00.000000000,64.72,456.11982
2022-11-06T17:00:00.000000000,54.3,447.94278
2022-11-06T18:00:00.000000000,54.83,433.37297
2022-11-06T19:00:00.000000000,53.32,422.49889
2022-11-06T20:00:00.000000000,51.95,409.11736
2022-11-06T21:00:00.000000000,60.18,397.84264
2022-11-06T22:00:00.000000000,65.07,399.33727
2022-11-06T23:00:00.000000000,73.8,399.889
2022-11-04T00:00:00.000000000,78.34,263.43358
2022-11-04T01:00:00.000000000,60.26,269.91432
2022-11-04T02:00:00.000000000,56.41,289.66416
2022-11-04T03:00:00.000000000,65.6,292.87495
2022-11-04T04:00:00.000000000,65.51,307.09678
2022-11-04T05:00:00.000000000,67.29,318.0127
2022-11-04T06:00:00.000000000,62.39,331.45636
2022-11-04T07:00:00.000000000,71.6,343.38368
2022-11-04T08:00:00.000000000,59.17,348.09282
2022-11-04T09:00:00.000000000,59.84,347.44081
2022-11-04T10:00:00.000000000,52.75,356.17524
2022-11-04T11:00:00.000000000,52.33,366.32945
2022-11-04T12:00:00.000000000,50.28,368.03827
2022-11-04T13:00:00.000000000,49.97,374.75572
2022-11-04T14:00:00.000000000,48.62,368.52985
2022-11-04T15:00:00.000000000,46.93,356.78141
2022-11-04T16:00:00.000000000,46.77,359.27501
2022-11-04T17:00:00.000000000,46.67,356.148
2022-11-04T18:00:00.000000000,45.65,350.84401
2022-11-04T19:00:00.000000000,48.54,345.00794
2022-11-04T20:00:00.000000000,47.25,330.59768
2022-11-04T21:00:00.000000000,48.41,322.62439
2022-11-04T22:00:00.000000000,47.13,322.25878
2022-11-04T23:00:00.000000000,48.71,321.00955
2022-11-05T00:00:00.000000000,43.36,335.05036
2022-11-05T01:00:00.000000000,46.18,323.09744
2022-11-05T02:00:00.000000000,51.79,321.59035
2022-11-05T03:00:00.000000000,48.75,301.65182
2022-11-05T04:00:00.000000000,53.19,298.25332
2022-11-05T05:00:00.000000000,59.18,290.55469
2022-11-05T06:00:00.000000000,66.8,288.62267
2022-11-05T07:00:00.000000000,69.08,289.93667
2022-11-05T08:00:00.000000000,63.55,287.63001
2022-11-05T09:00:00.000000000,61.73,278.36261
2022-11-05T10:00:00.000000000,55.98,280.50143
2022-11-05T11:00:00.000000000,53.7,289.67224
2022-11-05T12:00:00.000000000,51.03,289.28782
2022-11-05T13:00:00.000000000,48.81,290.39863
2022-11-05T14:00:00.000000000,45.38,282.42512
2022-11-05T15:00:00.000000000,45.65,274.13306
2022-11-05T16:00:00.000000000,46.34,280.48508
2022-11-05T17:00:00.000000000,49.35,283.12559
2022-11-05T18:00:00.000000000,47.26,291.98967
2022-11-05T19:00:00.000000000,45.0,296.34892
2022-11-05T20:00:00.000000000,45.64,290.8863
2022-11-05T21:00:00.000000000,45.83,294.57452
2022-11-05T22:00:00.000000000,46.11,300.4038
2022-11-05T23:00:00.000000000,46.64,303.99326
2022-11-06T00:00:00.000000000,46.3,313.63706
2022-11-06T01:00:00.000000000,47.68,327.47968
2022-11-06T02:00:00.000000000,48.24,355.58217
2022-11-06T03:00:00.000000000,49.89,370.24848
2022-11-06T04:00:00.000000000,48.73,387.31227
2022-11-06T05:00:00.000000000,51.15,401.73201
2022-11-06T06:00:00.000000000,50.25,416.14066
2022-11-06T07:00:00.000000000,53.35,432.99548
2022-11-06T08:00:00.000000000,55.37,440.47503
2022-11-06T09:00:00.000000000,67.03,447.42155
2022-11-06T10:00:00.000000000,73.38,462.76961
2022-11-06T11:00:00.000000000,82.64,474.76545
2022-11-06T12:00:00.000000000,70.46,479.09931
2022-11-06T13:00:00.000000000,76.96,491.01397
2022-11-06T14:00:00.000000000,82.84,484.23588
2022-11-06T15:00:00.000000000,70.33,468.21101
2022-11-06T16:00:00.000000000,64.72,461.29226
2022-11-06T17:00:00.000000000,54.3,451.19093
2022-11-06T18:00:00.000000000,54.83,433.24471
2022-11-06T19:00:00.000000000,53.32,418.54919
2022-11-06T20:00:00.000000000,51.95,400.00401
2022-11-06T21:00:00.000000000,60.18,385.15
2022-11-06T22:00:00.000000000,65.07,383.72127
2022-11-06T23:00:00.000000000,73.8,382.13837
2022-11-07T00:00:00.000000000,74.36,417.19911
2022-11-07T01:00:00.000000000,78.12,430.88276
2022-11-07T02:00:00.000000000,81.43,458.72341
2022-11-07T03:00:00.000000000,79.26,476.88189
2022-11-07T04:00:00.000000000,68.05,492.09806
2022-11-07T05:00:00.000000000,62.13,504.81451
2022-11-07T06:00:00.000000000,62.6,515.51766
2022-11-07T07:00:00.000000000,60.98,532.23304
2022-11-07T08:00:00.000000000,63.42,534.70001
2022-11-07T09:00:00.000000000,61.21,538.30246
2022-11-07T10:00:00.000000000,61.63,547.10827
2022-11-07T11:00:00.000000000,71.34,554.905
2022-11-07T12:00:00.000000000,60.72,551.35628
2022-11-07T13:00:00.000000000,62.13,558.16956
2022-11-07T14:00:00.000000000,51.11,548.35043
2022-11-07T15:00:00.000000000,47.21,526.50577
2022-11-07T16:00:00.000000000,62.43,514.08401
2022-11-07T17:00:00.000000000,61.42,499.37307
2022-11-07T18:00:00.000000000,66.76,477.6048
2022-11-07T19:00:00.000000000,68.61,463.92622
2022-11-07T20:00:00.000000000,61.72,447.87508
2022-11-07T21:00:00.000000000,64.76,433.19983
2022-11-07T22:00:00.000000000,60.93,433.39927
2022-11-07T23:00:00.000000000,66.18,434.13688
2022-11-05T00:00:00.000000000,43.36,150.19523
2022-11-05T01:00:00.000000000,46.18,147.07127
2022-11-05T02:00:00.000000000,51.79,155.78234
2022-11-05T03:00:00.000000000,48.75,144.34466
2022-11-05T04:00:00.000000000,53.19,158.11388
2022-11-05T05:00:00.000000000,59.18,165.91755
2022-11-05T06:00:00.000000000,66.8,181.94749
2022-11-05T07:00:00.000000000,69.08,188.39005
2022-11-05T08:00:00.000000000,63.55,192.99029
2022-11-05T09:00:00.000000000,61.73,188.75604
2022-11-05T10:00:00.000000000,55.98,197.84097
2022-11-05T11:00:00.000000000,53.7,208.93498
2022-11-05T12:00:00.000000000,51.03,215.22383
2022-11-05T13:00:00.000000000,48.81,219.39945
2022-11-05T14:00:00.000000000,45.38,217.27442
2022-11-05T15:00:00.000000000,45.65,211.82327
2022-11-05T16:00:00.000000000,46.34,224.86132
2022-11-05T17:00:00.000000000,49.35,228.12757
2022-11-05T18:00:00.000000000,47.26,245.95045
2022-11-05T19:00:00.000000000,45.0,258.68927
2022-11-05T20:00:00.000000000,45.64,258.61892
2022-11-05T21:00:00.000000000,45.83,269.3455
2022-11-05T22:00:00.000000000,46.11,275.08096
2022-11-05T23:00:00.000000000,46.64,271.23379
2022-11-06T00:00:00.000000000,46.3,301.80692
2022-11-06T01:00:00.000000000,47.68,307.84731
2022-11-06T02:00:00.000000000,48.24,327.59215
2022-11-06T03:00:00.000000000,49.89,332.48376
2022-11-06T04:00:00.000000000,48.73,344.35978
2022-11-06T05:00:00.000000000,51.15,354.41052
2022-11-06T06:00:00.000000000,50.25,366.09329
2022-11-06T07:00:00.000000000,53.35,378.95912
2022-11-06T08:00:00.000000000,55.37,384.8256
2022-11-06T09:00:00.000000000,67.03,387.50713
2022-11-06T10:00:00.000000000,73.38,399.63135
2022-11-06T11:00:00.000000000,82.64,411.63006
2022-11-06T12:00:00.000000000,70.46,415.49169
2022-11-06T13:00:00.000000000,76.96,424.67409
2022-11-06T14:00:00.000000000,82.84,418.41073
2022-11-06T15:00:00.000000000,70.33,405.09493
2022-11-06T16:00:00.000000000,64.72,403.30643
2022-11-06T17:00:00.000000000,54.3,397.16824
2022-11-06T18:00:00.000000000,54.83,386.97033
2022-11-06T19:00:00.000000000,53.32,377.99137
2022-11-06T20:00:00.000000000,51.95,363.54947
2022-11-06T21:00:00.000000000,60.18,354.397
2022-11-06T22:00:00.000000000,65.07,354.50108
2022-11-06T23:00:00.000000000,73.8,353.81512
2022-11-07T00:00:00.000000000,74.36,384.71243
2022-11-07T01:00:00.000000000,78.12,392.73984
2022-11-07T02:00:00.000000000,81.43,414.01328
2022-11-07T03:00:00.000000000,79.26,422.2291
2022-11-07T04:00:00.000000000,68.05,430.25616
2022-11-07T05:00:00.000000000,62.13,435.47948
2022-11-07T06:00:00.000000000,62.6,440.93415
2022-11-07T07:00:00.000000000,60.98,452.43097
2022-11-07T08:00:00.000000000,63.42,456.37333
2022-11-07T09:00:00.000000000,61.21,459.15878
2022-11-07T10:00:00.000000000,61.63,470.67543
2022-11-07T11:00:00.000000000,71.34,480.33323
2022-11-07T12:00:00.000000000,60.72,479.73495
2022-11-07T13:00:00.000000000,62.13,485.63309
2022-11-07T14:00:00.000000000,51.11,473.68048
2022-11-07T15:00:00.000000000,47.21,454.31919
2022-11-07T16:00:00.000000000,62.43,443.86614
2022-11-07T17:00:00.000000000,61.42,433.36197
2022-11-07T18:00:00.000000000,66.76,418.45655
2022-11-07T19:00:00.000000000,68.61,409.39984
2022-11-07T20:00:00.000000000,61.72,399.24001
2022-11-07T21:00:00.000000000,64.76,392.63171
2022-11-07T22:00:00.000000000,60.93,398.87416
2022-11-07T23:00:00.000000000,66.18,404.23129
2022-11-08T00:00:00.000000000,76.34,447.15379
2022-11-08T01:00:00.000000000,69.1,452.89679
2022-11-08T02:00:00.000000000,70.49,471.67459
2022-11-08T03:00:00.000000000,84.01,480.52821
2022-11-08T04:00:00.000000000,81.31,488.15916
2022-11-08T05:00:00.000000000,74.65,492.27317
2022-11-08T06:00:00.000000000,69.49,496.12772
2022-11-08T07:00:00.000000000,67.31,508.21695
2022-11-08T08:00:00.000000000,96.3,509.76998
2022-11-08T09:00:00.000000000,101.84,511.40782
2022-11-08T10:00:00.000000000,137.27,519.36221
2022-11-08T11:00:00.000000000,118.69,526.34894
2022-11-08T12:00:00.000000000,110.52,520.38161
2022-11-08T13:00:00.000000000,135.34,522.94288
2022-11-08T14:00:00.000000000,114.64,509.06119
2022-11-08T15:00:00.000000000,94.74,487.55576
2022-11-08T16:00:00.000000000,114.12,476.66529
2022-11-08T17:00:00.000000000,118.62,466.73953
2022-11-08T18:00:00.000000000,96.67,452.05075
2022-11-08T19:00:00.000000000,99.86,444.08488
2022-11-08T20:00:00.000000000,90.13,434.96149
2022-11-08T21:00:00.000000000,84.74,427.04385
2022-11-08T22:00:00.000000000,91.52,432.58321
2022-11-08T23:00:00.000000000,82.45,436.50838
2022-11-06T00:00:00.000000000,46.3,184.84964
2022-11-06T01:00:00.000000000,47.68,197.59942
2022-11-06T02:00:00.000000000,48.24,219.66354
2022-11-06T03:00:00.000000000,49.89,224.77622
2022-11-06T04:00:00.000000000,48.73,242.99336
2022-11-06T05:00:00.000000000,51.15,259.66348
2022-11-06T06:00:00.000000000,50.25,283.30192
2022-11-06T07:00:00.000000000,53.35,300.77448
2022-11-06T08:00:00.000000000,55.37,312.07939
2022-11-06T09:00:00.000000000,67.03,319.98003
2022-11-06T10:00:00.000000000,73.38,340.14657
2022-11-06T11:00:00.000000000,82.64,356.93039
2022-11-06T12:00:00.000000000,70.46,369.04628
2022-11-06T13:00:00.000000000,76.96,381.41186
2022-11-06T14:00:00.000000000,82.84,376.43269
2022-11-06T15:00:00.000000000,70.33,360.45355
2022-11-06T16:00:00.000000000,64.72,355.19262
2022-11-06T17:00:00.000000000,54.3,342.13982
2022-11-06T18:00:00.000000000,54.83,333.51557
2022-11-06T19:00:00.000000000,53.32,327.10731
2022-11-06T20:00:00.000000000,51.95,315.09208
2022-11-06T21:00:00.000000000,60.18,312.04421
2022-11-06T22:00:00.000000000,65.07,315.36292
2022-11-06T23:00:00.000000000,73.8,313.84467
2022-11-07T00:00:00.000000000,74.36,340.25625
2022-11-07T01:00:00.000000000,78.12,343.86056
2022-11-07T02:00:00.000000000,81.43,360.88803
2022-11-07T03:00:00.000000000,79.26,362.85356
2022-11-07T04:00:00.000000000,68.05,371.84027
2022-11-07T05:00:00.000000000,62.13,376.93286
2022-11-07T06:00:00.000000000,62.6,383.12157
2022-11-07T07:00:00.000000000,60.98,392.2346
2022-11-07T08:00:00.000000000,63.42,393.13989
2022-11-07T09:00:00.000000000,61.21,389.42459
2022-11-07T10:00:00.000000000,61.63,394.52451
2022-11-07T11:00:00.000000000,71.34,401.80617
2022-11-07T12:00:00.000000000,60.72,397.71036
2022-11-07T13:00:00.000000000,62.13,400.06624
2022-11-07T14:00:00.000000000,51.11,389.21422
2022-11-07T15:00:00.000000000,47.21,373.96344
2022-11-07T16:00:00.000000000,62.43,371.62677
2022-11-07T17:00:00.000000000,61.42,367.38057
2022-11-07T18:00:00.000000000,66.76,360.61317
2022-11-07T19:00:00.000000000,68.61,355.57242
2022-11-07T20:00:00.000000000,61.72,344.34158
2022-11-07T21:00:00.000000000,64.76,337.99401
2022-11-07T22:00:00.000000000,60.93,341.53882
2022-11-07T23:00:00.000000000,66.18,344.6505
2022-11-08T00:00:00.000000000,76.34,400.16914
2022-11-08T01:00:00.000000000,69.1,401.71174
2022-11-08T02:00:00.000000000,70.49,416.31371
2022-11-08T03:00:00.000000000,84.01,416.87348
2022-11-08T04:00:00.000000000,81.31,422.53446
2022-11-08T05:00:00.000000000,74.65,423.58865
2022-11-08T06:00:00.000000000,69.49,426.23878
2022-11-08T07:00:00.000000000,67.31,435.05511
2022-11-08T08:00:00.000000000,96.3,433.75856
2022-11-08T09:00:00.000000000,101.84,428.40988
2022-11-08T10:00:00.000000000,137.27,430.07094
2022-11-08T11:00:00.000000000,118.69,434.23283
2022-11-08T12:00:00.000000000,110.52,424.19463
2022-11-08T13:00:00.000000000,135.34,422.20819
2022-11-08T14:00:00.000000000,114.64,407.28058
2022-11-08T15:00:00.000000000,94.74,389.06474
2022-11-08T16:00:00.000000000,114.12,382.70664
2022-11-08T17:00:00.000000000,118.62,378.61926
2022-11-08T18:00:00.000000000,96.67,372.07428
2022-11-08T19:00:00.000000000,99.86,369.25346
2022-11-08T20:00:00.000000000,90.13,361.77743
2022-11-08T21:00:00.000000000,84.74,356.54783
2022-11-08T22:00:00.000000000,91.52,362.9634
2022-11-08T23:00:00.000000000,82.45,368.62982
2022-11-09T00:00:00.000000000,86.05,433.92012
2022-11-09T01:00:00.000000000,85.16,428.48263
2022-11-09T02:00:00.000000000,82.85,437.05694
2022-11-09T03:00:00.000000000,66.32,435.32825
2022-11-09T04:00:00.000000000,69.14,438.85609
2022-11-09T05:00:00.000000000,73.64,438.94331
2022-11-09T06:00:00.000000000,99.31,441.39401
2022-11-09T07:00:00.000000000,118.26,451.91642
2022-11-09T08:00:00.000000000,129.24,453.21074
2022-11-09T09:00:00.000000000,160.59,452.4338
2022-11-09T10:00:00.000000000,158.01,458.2977
2022-11-09T11:00:00.000000000,151.96,463.8235
2022-11-09T12:00:00.000000000,129.97,456.25153
2022-11-09T13:00:00.000000000,144.56,456.78179
2022-11-09T14:00:00.000000000,120.25,443.491
2022-11-09T15:00:00.000000000,105.75,426.73863
2022-11-09T16:00:00.000000000,111.35,420.73917
2022-11-09T17:00:00.000000000,96.59,418.15183
2022-11-09T18:00:00.000000000,83.54,413.27217
2022-11-09T19:00:00.000000000,77.95,410.93192
2022-11-09T20:00:00.000000000,65.95,405.49745
2022-11-09T21:00:00.000000000,68.74,399.47581
2022-11-09T22:00:00.000000000,68.61,403.41658
2022-11-09T23:00:00.000000000,67.88,404.09633
2022-11-07T00:00:00.000000000,74.36,195.15224
2022-11-07T01:00:00.000000000,78.12,199.64795
2022-11-07T02:00:00.000000000,81.43,210.55008
2022-11-07T03:00:00.000000000,79.26,201.84289
2022-11-07T04:00:00.000000000,68.05,213.36533
2022-11-07T05:00:00.000000000,62.13,222.16983
2022-11-07T06:00:00.000000000,62.6,243.12982
2022-11-07T07:00:00.000000000,60.98,261.5233
2022-11-07T08:00:00.000000000,63.42,273.83931
2022-11-07T09:00:00.000000000,61.21,283.90298
2022-11-07T10:00:00.000000000,61.63,302.42169
2022-11-07T11:00:00.000000000,71.34,320.59784
2022-11-07T12:00:00.000000000,60.72,334.21207
2022-11-07T13:00:00.000000000,62.13,348.17446
2022-11-07T14:00:00.000000000,51.11,348.72494
2022-11-07T15:00:00.000000000,47.21,341.70731
2022-11-07T16:00:00.000000000,62.43,347.45101
2022-11-07T17:00:00.000000000,61.42,347.95274
2022-11-07T18:00:00.000000000,66.76,351.14925
2022-11-07T19:00:00.000000000,68.61,351.1856
2022-11-07T20:00:00.000000000,61.72,342.63715
2022-11-07T21:00:00.000000000,64.76,340.55366
2022-11-07T22:00:00.000000000,60.93,341.69669
2022-11-07T23:00:00.000000000,66.18,335.2126
2022-11-08T00:00:00.000000000,76.34,373.8588
2022-11-08T01:00:00.000000000,69.1,370.16204
2022-11-08T02:00:00.000000000,70.49,378.35797
2022-11-08T03:00:00.000000000,84.01,371.8628
2022-11-08T04:00:00.000000000,81.31,375.70593
2022-11-08T05:00:00.000000000,74.65,375.13586
2022-11-08T06:00:00.000000000,69.49,377.62275
2022-11-08T07:00:00.000000000,67.31,384.93292
2022-11-08T08:00:00.000000000,96.3,384.38465
2022-11-08T09:00:00.000000000,101.84,379.08569
2022-11-08T10:00:00.000000000,137.27,381.40141
2022-11-08T11:00:00.000000000,118.69,386.01862
2022-11-08T12:00:00.000000000,110.52,377.22987
2022-11-08T13:00:00.000000000,135.34,374.4444
2022-11-08T14:00:00.000000000,114.64,360.87553
2022-11-08T15:00:00.000000000,94.74,346.49778
2022-11-08T16:00:00.000000000,114.12,346.22845
2022-11-08T17:00:00.000000000,118.62,346.85811
2022-11-08T18:00:00.000000000,96.67,347.54963
2022-11-08T19:00:00.000000000,99.86,348.02095
2022-11-08T20:00:00.000000000,90.13,341.89036
2022-11-08T21:00:00.000000000,84.74,338.63221
2022-11-08T22:00:00.000000000,91.52,344.07814
2022-11-08T23:00:00.000000000,82.45,346.87563
2022-11-09T00:00:00.000000000,86.05,386.35304
2022-11-09T01:00:00.000000000,85.16,381.32439
2022-11-09T02:00:00.000000000,82.85,389.53847
2022-11-09T03:00:00.000000000,66.32,386.35858
2022-11-09T04:00:00.000000000,69.14,391.75328
2022-11-09T05:00:00.000000000,73.64,393.73681
2022-11-09T06:00:00.000000000,99.31,398.59645
2022-11-09T07:00:00.000000000,118.26,408.9421
2022-11-09T08:00:00.000000000,129.24,412.27556
2022-11-09T09:00:00.000000000,160.59,412.50418
2022-11-09T10:00:00.000000000,158.01,420.14687
2022-11-09T11:00:00.000000000,151.96,426.64233
2022-11-09T12:00:00.000000000,129.97,420.90448
2022-11-09T13:00:00.000000000,144.56,421.44923
2022-11-09T14:00:00.000000000,120.25,409.25778
2022-11-09T15:00:00.000000000,105.75,394.70462
2022-11-09T16:00:00.000000000,111.35,393.09124
2022-11-09T17:00:00.000000000,96.59,392.86255
2022-11-09T18:00:00.000000000,83.54,391.87048
2022-11-09T19:00:00.000000000,77.95,391.1085
2022-11-09T20:00:00.000000000,65.95,386.04401
2022-11-09T21:00:00.000000000,68.74,380.79877
2022-11-09T22:00:00.000000000,68.61,383.717
2022-11-09T23:00:00.000000000,67.88,382.46554
2022-11-10T00:00:00.000000000,72.16,441.88213
2022-11-10T01:00:00.000000000,79.51,440.42211
2022-11-10T02:00:00.000000000,73.55,452.32471
2022-11-10T03:00:00.000000000,68.82,454.85628
2022-11-10T04:00:00.000000000,66.52,459.77176
2022-11-10T05:00:00.000000000,61.14,462.42608
2022-11-10T06:00:00.000000000,60.06,465.88637
2022-11-10T07:00:00.000000000,61.56,477.50433
2022-11-10T08:00:00.000000000,67.1,479.41313
2022-11-10T09:00:00.000000000,63.69,481.03639
2022-11-10T10:00:00.000000000,62.14,488.96254
2022-11-10T11:00:00.000000000,69.81,496.24347
2022-11-10T12:00:00.000000000,66.51,491.57459
2022-11-10T13:00:00.000000000,67.86,495.17996
2022-11-10T14:00:00.000000000,76.81,484.01945
2022-11-10T15:00:00.000000000,78.85,467.01087
2022-11-10T16:00:00.000000000,92.78,460.94645
2022-11-10T17:00:00.000000000,81.52,456.43006
2022-11-10T18:00:00.000000000,77.88,446.95225
2022-11-10T19:00:00.000000000,84.86,441.50154
2022-11-10T20:00:00.000000000,82.17,434.08702
2022-11-10T21:00:00.000000000,77.83,426.08344
2022-11-10T22:00:00.000000000,75.27,429.21124
2022-11-10T23:00:00.000000000,77.35,429.78613
2022-11-08T00:00:00.000000000,76.34,250.67457
2022-11-08T01:00:00.000000000,69.1,254.02361
2022-11-08T02:00:00.000000000,70.49,266.47884
2022-11-08T03:00:00.000000000,84.01,263.33634
2022-11-08T04:00:00.000000000,81.31,272.72249
2022-11-08T05:00:00.000000000,74.65,283.27013
2022-11-08T06:00:00.000000000,69.49,302.72085
2022-11-08T07:00:00.000000000,67.31,322.10572
2022-11-08T08:00:00.000000000,96.3,337.07931
2022-11-08T09:00:00.000000000,101.84,350.3295
2022-11-08T10:00:00.000000000,137.27,372.69801
2022-11-08T11:00:00.000000000,118.69,392.73759
2022-11-08T12:00:00.000000000,110.52,406.69443
2022-11-08T13:00:00.000000000,135.34,421.72485
2022-11-08T14:00:00.000000000,114.64,420.26556
2022-11-08T15:00:00.000000000,94.74,408.74352
2022-11-08T16:00:00.000000000,114.12,407.8043
2022-11-08T17:00:00.000000000,118.62,401.43889
2022-11-08T18:00:00.000000000,96.67,394.37235
2022-11-08T19:00:00.000000000,99.86,388.1229
2022-11-08T20:00:00.000000000,90.13,377.51989
2022-11-08T21:00:00.000000000,84.74,370.56201
2022-11-08T22:00:00.000000000,91.52,369.76843
2022-11-08T23:00:00.000000000,82.45,364.04795
2022-11-09T00:00:00.000000000,86.05,413.53278
2022-11-09T01:00:00.000000000,85.16,406.79812
2022-11-09T02:00:00.000000000,82.85,413.64389
2022-11-09T03:00:00.000000000,66.32,410.19875
2022-11-09T04:00:00.000000000,69.14,414.81504
2022-11-09T05:00:00.000000000,73.64,415.99373
2022-11-09T06:00:00.000000000,99.31,420.86759
2022-11-09T07:00:00.000000000,118.26,432.73187
2022-11-09T08:00:00.000000000,129.24,436.42605
2022-11-09T09:00:00.000000000,160.59,437.72211
2022-11-09T10:00:00.000000000,158.01,445.32353
2022-11-09T11:00:00.000000000,151.96,450.62023
2022-11-09T12:00:00.000000000,129.97,442.96426
2022-11-09T13:00:00.000000000,144.56,442.46562
2022-11-09T14:00:00.000000000,120.25,428.81332
2022-11-09T15:00:00.000000000,105.75,413.028
2022-11-09T16:00:00.000000000,111.35,408.9038
2022-11-09T17:00:00.000000000,96.59,408.10377
2022-11-09T18:00:00.000000000,83.54,406.60014
2022-11-09T19:00:00.000000000,77.95,405.84239
2022-11-09T20:00:00.000000000,65.95,401.31082
2022-11-09T21:00:00.000000000,68.74,395.2161
2022-11-09T22:00:00.000000000,68.61,398.00221
2022-11-09T23:00:00.000000000,67.88,396.10487
2022-11-10T00:00:00.000000000,72.16,472.7548
2022-11-10T01:00:00.000000000,79.51,473.82123
2022-11-10T02:00:00.000000000,73.55,485.99036
2022-11-10T03:00:00.000000000,68.82,489.04227
2022-11-10T04:00:00.000000000,66.52,494.17401
2022-11-10T05:00:00.000000000,61.14,498.29244
2022-11-10T06:00:00.000000000,60.06,503.65853
2022-11-10T07:00:00.000000000,61.56,517.50723
2022-11-10T08:00:00.000000000,67.1,519.14599
2022-11-10T09:00:00.000000000,63.69,522.147
2022-11-10T10:00:00.000000000,62.14,529.036
2022-11-10T11:00:00.000000000,69.81,535.73798
2022-11-10T12:00:00.000000000,66.51,530.09635
2022-11-10T13:00:00.000000000,67.86,532.68507
2022-11-10T14:00:00.000000000,76.81,521.30792
2022-11-10T15:00:00.000000000,78.85,502.83549
2022-11-10T16:00:00.000000000,92.78,496.47361
2022-11-10T17:00:00.000000000,81.52,490.77604
2022-11-10T18:00:00.000000000,77.88,479.1385
2022-11-10T19:00:00.000000000,84.86,472.69403
2022-11-10T20:00:00.000000000,82.17,464.56232
2022-11-10T21:00:00.000000000,77.83,455.99673
2022-11-10T22:00:00.000000000,75.27,459.22905
2022-11-10T23:00:00.000000000,77.35,459.94862
2022-11-11T00:00:00.000000000,101.32,531.10371
2022-11-11T01:00:00.000000000,115.21,530.49852
2022-11-11T02:00:00.000000000,116.29,539.16903
2022-11-11T03:00:00.000000000,105.31,539.57887
2022-11-11T04:00:00.000000000,106.35,544.69362
2022-11-11T05:00:00.000000000,116.23,548.93784
2022-11-11T06:00:00.000000000,122.56,553.71852
2022-11-11T07:00:00.000000000,118.45,566.90205
2022-11-11T08:00:00.000000000,117.22,564.73066
2022-11-11T09:00:00.000000000,108.3,567.23616
2022-11-11T10:00:00.000000000,114.83,572.0632
2022-11-11T11:00:00.000000000,117.49,577.94035
2022-11-11T12:00:00.000000000,101.83,570.06526
2022-11-11T13:00:00.000000000,109.29,570.29786
2022-11-11T14:00:00.000000000,118.38,559.00006
2022-11-11T15:00:00.000000000,131.93,538.5603
2022-11-11T16:00:00.000000000,132.04,531.66271
2022-11-11T17:00:00.000000000,140.97,523.63517
2022-11-11T18:00:00.000000000,138.01,510.25525
2022-11-11T19:00:00.000000000,129.74,503.67961
2022-11-11T20:00:00.000000000,112.61,494.24016
2022-11-11T21:00:00.000000000,111.25,487.54851
2022-11-11T22:00:00.000000000,115.93,492.838
2022-11-11T23:00:00.000000000,122.67,492.68121
2022-11-09T00:00:00.000000000,86.05,267.69873
2022-11-09T01:00:00.000000000,85.16,271.47683
2022-11-09T02:00:00.000000000,82.85,286.44122
2022-11-09T03:00:00.000000000,66.32,286.07885
2022-11-09T04:00:00.000000000,69.14,296.0871
2022-11-09T05:00:00.000000000,73.64,306.85298
2022-11-09T06:00:00.000000000,99.31,323.33018
2022-11-09T07:00:00.000000000,118.26,340.19918
2022-11-09T08:00:00.000000000,129.24,351.64394
2022-11-09T09:00:00.000000000,160.59,361.19291
2022-11-09T10:00:00.000000000,158.01,379.85729
2022-11-09T11:00:00.000000000,151.96,398.14484
2022-11-09T12:00:00.000000000,129.97,410.75916
2022-11-09T13:00:00.000000000,144.56,426.41034
2022-11-09T14:00:00.000000000,120.25,426.00017
2022-11-09T15:00:00.000000000,105.75,416.29932
2022-11-09T16:00:00.000000000,111.35,417.58614
2022-11-09T17:00:00.000000000,96.59,413.40059
2022-11-09T18:00:00.000000000,83.54,405.30058
2022-11-09T19:00:00.000000000,77.95,397.26035
2022-11-09T20:00:00.000000000,65.95,384.46598
2022-11-09T21:00:00.000000000,68.74,375.61305
2022-11-09T22:00:00.000000000,68.61,373.31736
2022-11-09T23:00:00.000000000,67.88,368.24325
2022-11-10T00:00:00.000000000,72.16,455.35209
2022-11-10T01:00:00.000000000,79.51,451.56432
2022-11-10T02:00:00.000000000,73.55,460.02456
2022-11-10T03:00:00.000000000,68.82,460.30256
2022-11-10T04:00:00.000000000,66.52,465.32679
2022-11-10T05:00:00.000000000,61.14,470.54976
2022-11-10T06:00:00.000000000,60.06,478.00785
2022-11-10T07:00:00.000000000,61.56,493.68658
2022-11-10T08:00:00.000000000,67.1,497.85657
2022-11-10T09:00:00.000000000,63.69,503.53561
2022-11-10T10:00:00.000000000,62.14,512.60983
2022-11-10T11:00:00.000000000,69.81,520.86705
2022-11-10T12:00:00.000000000,66.51,517.93198
2022-11-10T13:00:00.000000000,67.86,523.54333
2022-11-10T14:00:00.000000000,76.81,516.25457
2022-11-10T15:00:00.000000000,78.85,502.08804
2022-11-10T16:00:00.000000000,92.78,499.80702
2022-11-10T17:00:00.000000000,81.52,497.86328
2022-11-10T18:00:00.000000000,77.88,489.15644
2022-11-10T19:00:00.000000000,84.86,482.94069
2022-11-10T20:00:00.000000000,82.17,473.46501
2022-11-10T21:00:00.000000000,77.83,461.48391
2022-11-10T22:00:00.000000000,75.27,459.49126
2022-11-10T23:00:00.000000000,77.35,454.36864
2022-11-11T00:00:00.000000000,101.32,540.12366
2022-11-11T01:00:00.000000000,115.21,540.62614
2022-11-11T02:00:00.000000000,116.29,550.4795
2022-11-11T03:00:00.000000000,105.31,552.64072
2022-11-11T04:00:00.000000000,106.35,559.83764
2022-11-11T05:00:00.000000000,116.23,567.02568
2022-11-11T06:00:00.000000000,122.56,574.40658
2022-11-11T07:00:00.000000000,118.45,589.56517
2022-11-11T08:00:00.000000000,117.22,588.36795
2022-11-11T09:00:00.000000000,108.3,593.79761
2022-11-11T10:00:00.000000000,114.83,600.64084
2022-11-11T11:00:00.000000000,117.49,607.77519
2022-11-11T12:00:00.000000000,101.83,600.34622
2022-11-11T13:00:00.000000000,109.29,600.64492
2022-11-11T14:00:00.000000000,118.38,589.8922
2022-11-11T15:00:00.000000000,131.93,568.55484
2022-11-11T16:00:00.000000000,132.04,560.79306
2022-11-11T17:00:00.000000000,140.97,551.06311
2022-11-11T18:00:00.000000000,138.01,535.18257
2022-11-11T19:00:00.000000000,129.74,526.6995
2022-11-11T20:00:00.000000000,112.61,514.52992
2022-11-11T21:00:00.000000000,111.25,505.75498
2022-11-11T22:00:00.000000000,115.93,509.99449
2022-11-11T23:00:00.000000000,122.67,507.92837
2022-11-12T00:00:00.000000000,136.26,558.86435
2022-11-12T01:00:00.000000000,149.39,557.41728
2022-11-12T02:00:00.000000000,153.47,564.20819
2022-11-12T03:00:00.000000000,144.61,562.56173
2022-11-12T04:00:00.000000000,152.47,568.31175
2022-11-12T05:00:00.000000000,124.86,575.39128
2022-11-12T06:00:00.000000000,99.68,583.74468
2022-11-12T07:00:00.000000000,117.31,600.15265
2022-11-12T08:00:00.000000000,115.98,598.90919
2022-11-12T09:00:00.000000000,178.67,605.83802
2022-11-12T10:00:00.000000000,158.35,612.72811
2022-11-12T11:00:00.000000000,196.31,620.58382
2022-11-12T12:00:00.000000000,128.45,613.354
2022-11-12T13:00:00.000000000,199.5,612.35772
2022-11-12T14:00:00.000000000,178.92,601.44051
2022-11-12T15:00:00.000000000,163.58,580.73371
2022-11-12T16:00:00.000000000,152.38,573.74203
2022-11-12T17:00:00.000000000,183.32,566.33239
2022-11-12T18:00:00.000000000,167.21,552.96708
2022-11-12T19:00:00.000000000,146.17,546.79894
2022-11-12T20:00:00.000000000,139.8,537.76325
2022-11-12T21:00:00.000000000,135.61,531.68058
2022-11-12T22:00:00.000000000,138.16,537.8094
2022-11-12T23:00:00.000000000,145.1,536.07392
2022-11-10T00:00:00.000000000,72.16,300.05738
2022-11-10T01:00:00.000000000,79.51,297.67581
2022-11-10T02:00:00.000000000,73.55,303.7258
2022-11-10T03:00:00.000000000,68.82,293.85036
2022-11-10T04:00:00.000000000,66.52,296.04666
2022-11-10T05:00:00.000000000,61.14,300.31712
2022-11-10T06:00:00.000000000,60.06,314.62077
2022-11-10T07:00:00.000000000,61.56,332.97854
2022-11-10T08:00:00.000000000,67.1,347.74368
2022-11-10T09:00:00.000000000,63.69,362.5046
2022-11-10T10:00:00.000000000,62.14,386.25623
2022-11-10T11:00:00.000000000,69.81,407.24961
2022-11-10T12:00:00.000000000,66.51,419.73281
2022-11-10T13:00:00.000000000,67.86,432.73533
2022-11-10T14:00:00.000000000,76.81,429.60219
2022-11-10T15:00:00.000000000,78.85,417.15465
2022-11-10T16:00:00.000000000,92.78,413.72818
2022-11-10T17:00:00.000000000,81.52,407.58397
2022-11-10T18:00:00.000000000,77.88,401.51124
2022-11-10T19:00:00.000000000,84.86,397.26156
2022-11-10T20:00:00.000000000,82.17,389.94618
2022-11-10T21:00:00.000000000,77.83,384.52063
2022-11-10T22:00:00.000000000,75.27,386.5233
2022-11-10T23:00:00.000000000,77.35,381.7972
2022-11-11T00:00:00.000000000,101.32,482.86971
2022-11-11T01:00:00.000000000,115.21,481.62467
2022-11-11T02:00:00.000000000,116.29,491.50144
2022-11-11T03:00:00.000000000,105.31,493.82283
2022-11-11T04:00:00.000000000,106.35,499.9816
2022-11-11T05:00:00.000000000,116.23,506.20568
2022-11-11T06:00:00.000000000,122.56,514.21131
2022-11-11T07:00:00.000000000,118.45,531.06006
2022-11-11T08:00:00.000000000,117.22,534.6571
2022-11-11T09:00:00.000000000,108.3,541.82607
2022-11-11T10:00:00.000000000,114.83,551.54197
2022-11-11T11:00:00.000000000,117.49,559.93127
2022-11-11T12:00:00.000000000,101.83,555.51177
2022-11-11T13:00:00.000000000,109.29,559.57459
2022-11-11T14:00:00.000000000,118.38,550.64353
2022-11-11T15:00:00.000000000,131.93,533.15451
2022-11-11T16:00:00.000000000,132.04,527.74119
2022-11-11T17:00:00.000000000,140.97,522.01929
2022-11-11T18:00:00.000000000,138.01,509.88453
2022-11-11T19:00:00.000000000,129.74,501.77781
2022-11-11T20:00:00.000000000,112.61,490.35866
2022-11-11T21:00:00.000000000,111.25,477.62021
2022-11-11T22:00:00.000000000,115.93,476.70286
2022-11-11T23:00:00.000000000,122.67,471.58074
2022-11-12T00:00:00.000000000,136.26,546.35762
2022-11-12T01:00:00.000000000,149.39,545.41973
2022-11-12T02:00:00.000000000,153.47,553.50388
2022-11-12T03:00:00.000000000,144.61,554.064
2022-11-12T04:00:00.000000000,152.47,561.40083
2022-11-12T05:00:00.000000000,124.86,569.48639
2022-11-12T06:00:00.000000000,99.68,577.85691
2022-11-12T07:00:00.000000000,117.31,593.7258
2022-11-12T08:00:00.000000000,115.98,592.29019
2022-11-12T09:00:00.000000000,178.67,599.15249
2022-11-12T10:00:00.000000000,158.35,606.87946
2022-11-12T11:00:00.000000000,196.31,615.04129
2022-11-12T12:00:00.000000000,128.45,608.41291
2022-11-12T13:00:00.000000000,199.5,608.65334
2022-11-12T14:00:00.000000000,178.92,598.79552
2022-11-12T15:00:00.000000000,163.58,578.47681
2022-11-12T16:00:00.000000000,152.38,571.60238
2022-11-12T17:00:00.000000000,183.32,563.09095
2022-11-12T18:00:00.000000000,167.21,547.84867
2022-11-12T19:00:00.000000000,146.17,539.81026
2022-11-12T20:00:00.000000000,139.8,527.74469
2022-11-12T21:00:00.000000000,135.61,518.96579
2022-11-12T22:00:00.000000000,138.16,523.50717
2022-11-12T23:00:00.000000000,145.1,521.01488
2022-11-13T00:00:00.000000000,135.65,569.44424
2022-11-13T01:00:00.000000000,157.63,568.61278
2022-11-13T02:00:00.000000000,153.4,575.27223
2022-11-13T03:00:00.000000000,110.52,572.34137
2022-11-13T04:00:00.000000000,109.98,577.28929
2022-11-13T05:00:00.000000000,113.36,584.20208
2022-11-13T06:00:00.000000000,111.28,593.12627
2022-11-13T07:00:00.000000000,126.28,610.22445
2022-11-13T08:00:00.000000000,124.7,609.89355
2022-11-13T09:00:00.000000000,149.86,618.62187
2022-11-13T10:00:00.000000000,155.02,626.36108
2022-11-13T11:00:00.000000000,161.06,634.73389
2022-11-13T12:00:00.000000000,151.96,627.59446
2022-11-13T13:00:00.000000000,139.69,625.98478
2022-11-13T14:00:00.000000000,156.46,614.90112
2022-11-13T15:00:00.000000000,169.64,593.99767
2022-11-13T16:00:00.000000000,165.21,586.66622
2022-11-13T17:00:00.000000000,121.21,579.36054
2022-11-13T18:00:00.000000000,119.44,566.21555
2022-11-13T19:00:00.000000000,115.75,560.37714
2022-11-13T20:00:00.000000000,110.18,551.73587
2022-11-13T21:00:00.000000000,108.82,546.26673
2022-11-13T22:00:00.000000000,112.1,553.14395
2022-11-13T23:00:00.000000000,108.5,551.35669
2022-11-11T00:00:00.000000000,101.32,353.38997
2022-11-11T01:00:00.000000000,115.21,348.29316
2022-11-11T02:00:00.000000000,116.29,354.1878
2022-11-11T03:00:00.000000000,105.31,347.81174
2022-11-11T04:00:00.000000000,106.35,348.7303
2022-11-11T05:00:00.000000000,116.23,351.81403
2022-11-11T06:00:00.000000000,122.56,359.20433
2022-11-11T07:00:00.000000000,118.45,372.62282
2022-11-11T08:00:00.000000000,117.22,383.44008
2022-11-11T09:00:00.000000000,108.3,394.7644
2022-11-11T10:00:00.000000000,114.83,415.88672
2022-11-11T11:00:00.000000000,117.49,434.64398
2022-11-11T12:00:00.000000000,101.83,446.29924
2022-11-11T13:00:00.000000000,109.29,460.51083
2022-11-11T14:00:00.000000000,118.38,458.702
2022-11-11T15:00:00.000000000,131.93,448.86825
2022-11-11T16:00:00.000000000,132.04,449.02594
2022-11-11T17:00:00.000000000,140.97,447.00569
2022-11-11T18:00:00.000000000,138.01,441.50706
2022-11-11T19:00:00.000000000,129.74,436.90199
2022-11-11T20:00:00.000000000,112.61,431.48876
2022-11-11T21:00:00.000000000,111.25,424.51722
2022-11-11T22:00:00.000000000,115.93,424.23708
2022-11-11T23:00:00.000000000,122.67,419.27747
2022-11-12T00:00:00.000000000,136.26,528.77325
2022-11-12T01:00:00.000000000,149.39,523.15882
2022-11-12T02:00:00.000000000,153.47,527.33135
2022-11-12T03:00:00.000000000,144.61,525.05687
2022-11-12T04:00:00.000000000,152.47,529.91774
2022-11-12T05:00:00.000000000,124.86,535.65713
2022-11-12T06:00:00.000000000,99.68,541.89729
2022-11-12T07:00:00.000000000,117.31,556.75715
2022-11-12T08:00:00.000000000,115.98,556.9373
2022-11-12T09:00:00.000000000,178.67,565.38017
2022-11-12T10:00:00.000000000,158.35,576.43955
2022-11-12T11:00:00.000000000,196.31,586.41138
2022-11-12T12:00:00.000000000,128.45,582.6653
2022-11-12T13:00:00.000000000,199.5,585.83342
2022-11-12T14:00:00.000000000,178.92,578.388
2022-11-12T15:00:00.000000000,163.58,561.34177
2022-11-12T16:00:00.000000000,152.38,556.51156
2022-11-12T17:00:00.000000000,183.32,550.46225
2022-11-12T18:00:00.000000000,167.21,538.17346
2022-11-12T19:00:00.000000000,146.17,530.69884
2022-11-12T20:00:00.000000000,139.8,519.26449
2022-11-12T21:00:00.000000000,135.61,508.14064
2022-11-12T22:00:00.000000000,138.16,509.85104
2022-11-12T23:00:00.000000000,145.1,504.1845
2022-11-13T00:00:00.000000000,135.65,580.31288
2022-11-13T01:00:00.000000000,157.63,580.05317
2022-11-13T02:00:00.000000000,153.4,587.12191
2022-11-13T03:00:00.000000000,110.52,584.66719
2022-11-13T04:00:00.000000000,109.98,589.70846
2022-11-13T05:00:00.000000000,113.36,596.39528
2022-11-13T06:00:00.000000000,111.28,604.69336
2022-11-13T07:00:00.000000000,126.28,621.53387
2022-11-13T08:00:00.000000000,124.7,620.88473
2022-11-13T09:00:00.000000000,149.86,629.22922
2022-11-13T10:00:00.000000000,155.02,636.51336
2022-11-13T11:00:00.000000000,161.06,644.38573
2022-11-13T12:00:00.000000000,151.96,635.97589
2022-11-13T13:00:00.000000000,139.69,633.01978
2022-11-13T14:00:00.000000000,156.46,620.41546
2022-11-13T15:00:00.000000000,169.64,597.97764
2022-11-13T16:00:00.000000000,165.21,589.82985
2022-11-13T17:00:00.000000000,121.21,581.82684
2022-11-13T18:00:00.000000000,119.44,567.84097
2022-11-13T19:00:00.000000000,115.75,561.85865
2022-11-13T20:00:00.000000000,110.18,553.36859
2022-11-13T21:00:00.000000000,108.82,548.88873
2022-11-13T22:00:00.000000000,112.1,557.0299
2022-11-13T23:00:00.000000000,108.5,556.42208
2022-11-14T00:00:00.000000000,122.71,579.49554
2022-11-14T01:00:00.000000000,140.95,580.12485
2022-11-14T02:00:00.000000000,144.78,588.0825
2022-11-14T03:00:00.000000000,96.63,586.14995
2022-11-14T04:00:00.000000000,101.14,591.84632
2022-11-14T05:00:00.000000000,99.49,599.14687
2022-11-14T06:00:00.000000000,102.0,608.09476
2022-11-14T07:00:00.000000000,108.5,625.01341
2022-11-14T08:00:00.000000000,107.75,624.52997
2022-11-14T09:00:00.000000000,167.61,632.99704
2022-11-14T10:00:00.000000000,123.62,640.33
2022-11-14T11:00:00.000000000,119.24,647.78571
2022-11-14T12:00:00.000000000,137.99,639.09008
2022-11-14T13:00:00.000000000,126.63,636.02096
2022-11-14T14:00:00.000000000,101.51,623.33724
2022-11-14T15:00:00.000000000,118.16,600.56136
2022-11-14T16:00:00.000000000,109.77,592.13161
2022-11-14T17:00:00.000000000,108.26,583.42682
2022-11-14T18:00:00.000000000,112.93,568.77673
2022-11-14T19:00:00.000000000,112.83,562.30718
2022-11-14T20:00:00.000000000,111.3,552.91956
2022-11-14T21:00:00.000000000,109.54,548.05635
2022-11-14T22:00:00.000000000,110.55,555.9648
2022-11-14T23:00:00.000000000,111.9,555.0819
2022-11-12T00:00:00.000000000,136.26,334.36586
2022-11-12T01:00:00.000000000,149.39,330.89919
2022-11-12T02:00:00.000000000,153.47,337.70414
2022-11-12T03:00:00.000000000,144.61,330.75201
2022-11-12T04:00:00.000000000,152.47,331.75002
2022-11-12T05:00:00.000000000,124.86,335.55687
2022-11-12T06:00:00.000000000,99.68,345.31651
2022-11-12T07:00:00.000000000,117.31,360.50302
2022-11-12T08:00:00.000000000,115.98,372.46562
2022-11-12T09:00:00.000000000,178.67,385.10146
2022-11-12T10:00:00.000000000,158.35,407.24341
2022-11-12T11:00:00.000000000,196.31,428.03306
2022-11-12T12:00:00.000000000,128.45,442.34376
2022-11-12T13:00:00.000000000,199.5,458.84571
2022-11-12T14:00:00.000000000,178.92,458.59003
2022-11-12T15:00:00.000000000,163.58,449.06197
2022-11-12T16:00:00.000000000,152.38,448.48056
2022-11-12T17:00:00.000000000,183.32,445.13326
2022-11-12T18:00:00.000000000,167.21,437.67873
2022-11-12T19:00:00.000000000,146.17,431.33454
2022-11-12T20:00:00.000000000,139.8,423.68824
2022-11-12T21:00:00.000000000,135.61,416.47442
2022-11-12T22:00:00.000000000,138.16,416.18638
2022-11-12T23:00:00.000000000,145.1,411.44118
2022-11-13T00:00:00.000000000,135.65,487.01892
2022-11-13T01:00:00.000000000,157.63,488.59403
2022-11-13T02:00:00.000000000,153.4,499.81802
2022-11-13T03:00:00.000000000,110.52,501.72024
2022-11-13T04:00:00.000000000,109.98,508.62091
2022-11-13T05:00:00.000000000,113.36,517.34803
2022-11-13T06:00:00.000000000,111.28,529.36924
2022-11-13T07:00:00.000000000,126.28,548.95321
2022-11-13T08:00:00.000000000,124.7,554.32088
2022-11-13T09:00:00.000000000,149.86,564.81305
2022-11-13T10:00:00.000000000,155.02,576.15288
2022-11-13T11:00:00.000000000,161.06,585.59396
2022-11-13T12:00:00.000000000,151.96,582.32748
2022-11-13T13:00:00.000000000,139.69,585.54622
2022-11-13T14:00:00.000000000,156.46,576.60671
2022-11-13T15:00:00.000000000,169.64,558.65478
2022-11-13T16:00:00.000000000,165.21,552.92693
2022-11-13T17:00:00.000000000,121.21,546.80202
2022-11-13T18:00:00.000000000,119.44,534.23531
2022-11-13T19:00:00.000000000,115.75,526.34782
2022-11-13T20:00:00.000000000,110.18,515.38391
2022-11-13T21:00:00.000000000,108.82,504.0637
2022-11-13T22:00:00.000000000,112.1,504.67343
2022-11-13T23:00:00.000000000,108.5,500.17204
2022-11-14T00:00:00.000000000,122.71,553.89714
2022-11-14T01:00:00.000000000,140.95,553.79108
2022-11-14T02:00:00.000000000,144.78,562.641
2022-11-14T03:00:00.000000000,96.63,562.73347
2022-11-14T04:00:00.000000000,101.14,570.29986
2022-11-14T05:00:00.000000000,99.49,579.77862
2022-11-14T06:00:00.000000000,102.0,591.11916
2022-11-14T07:00:00.000000000,108.5,609.79041
2022-11-14T08:00:00.000000000,107.75,610.4056
2022-11-14T09:00:00.000000000,167.61,618.7677
2022-11-14T10:00:00.000000000,123.62,626.01502
2022-11-14T11:00:00.000000000,119.24,633.65072
2022-11-14T12:00:00.000000000,137.99,625.90664
2022-11-14T13:00:00.000000000,126.63,624.50056
2022-11-14T14:00:00.000000000,101.51,613.0099
2022-11-14T15:00:00.000000000,118.16,591.31286
2022-11-14T16:00:00.000000000,109.77,583.39245
2022-11-14T17:00:00.000000000,108.26,574.89735
2022-11-14T18:00:00.000000000,112.93,560.48444
2022-11-14T19:00:00.000000000,112.83,553.62792
2022-11-14T20:00:00.000000000,111.3,543.57454
2022-11-14T21:00:00.000000000,109.54,536.61497
2022-11-14T22:00:00.000000000,110.55,541.51166
2022-11-14T23:00:00.000000000,111.9,538.50286
2022-11-15T00:00:00.000000000,124.54,562.79104
2022-11-15T01:00:00.000000000,124.75,560.37198
2022-11-15T02:00:00.000000000,93.71,566.1898
2022-11-15T03:00:00.000000000,97.68,563.76345
2022-11-15T04:00:00.000000000,95.8,569.03715
2022-11-15T05:00:00.000000000,93.88,575.80582
2022-11-15T06:00:00.000000000,103.06,583.85831
2022-11-15T07:00:00.000000000,111.34,600.16198
2022-11-15T08:00:00.000000000,129.92,598.5256
2022-11-15T09:00:00.000000000,114.76,604.69649
2022-11-15T10:00:00.000000000,139.96,610.89166
2022-11-15T11:00:00.000000000,116.36,618.58218
2022-11-15T12:00:00.000000000,134.16,611.34994
2022-11-15T13:00:00.000000000,121.41,610.39819
2022-11-15T14:00:00.000000000,141.57,599.39021
2022-11-15T15:00:00.000000000,139.73,578.79171
2022-11-15T16:00:00.000000000,158.94,572.07278
2022-11-15T17:00:00.000000000,113.7,565.19769
2022-11-15T18:00:00.000000000,104.51,552.36664
2022-11-15T19:00:00.000000000,103.23,546.51636
2022-11-15T20:00:00.000000000,105.24,538.22286
2022-11-15T21:00:00.000000000,103.0,532.71381
2022-11-15T22:00:00.000000000,102.79,538.75074
2022-11-15T23:00:00.000000000,103.67,537.02385
2022-11-13T00:00:00.000000000,135.65,335.42502
2022-11-13T01:00:00.000000000,157.63,334.30704
2022-11-13T02:00:00.000000000,153.4,339.70758
2022-11-13T03:00:00.000000000,110.52,329.25081
2022-11-13T04:00:00.000000000,109.98,327.48814
2022-11-13T05:00:00.000000000,113.36,329.04248
2022-11-13T06:00:00.000000000,111.28,340.55228
2022-11-13T07:00:00.000000000,126.28,359.00135
2022-11-13T08:00:00.000000000,124.7,372.7114
2022-11-13T09:00:00.000000000,149.86,386.65157
2022-11-13T10:00:00.000000000,155.02,409.07517
2022-11-13T11:00:00.000000000,161.06,431.86873
2022-11-13T12:00:00.000000000,151.96,445.85089
2022-11-13T13:00:00.000000000,139.69,461.08736
2022-11-13T14:00:00.000000000,156.46,458.18174
2022-11-13T15:00:00.000000000,169.64,444.28255
2022-11-13T16:00:00.000000000,165.21,438.29617
2022-11-13T17:00:00.000000000,121.21,430.40247
2022-11-13T18:00:00.000000000,119.44,418.87825
2022-11-13T19:00:00.000000000,115.75,410.94008
2022-11-13T20:00:00.000000000,110.18,401.90195
2022-11-13T21:00:00.000000000,108.82,394.56292
2022-11-13T22:00:00.000000000,112.1,396.38739
2022-11-13T23:00:00.000000000,108.5,395.25821
2022-11-14T00:00:00.000000000,122.71,481.88801
2022-11-14T01:00:00.000000000,140.95,481.54324
2022-11-14T02:00:00.000000000,144.78,491.60079
2022-11-14T03:00:00.000000000,96.63,493.13133
2022-11-14T04:00:00.000000000,101.14,499.35466
2022-11-14T05:00:00.000000000,99.49,507.09708
2022-11-14T06:00:00.000000000,102.0,517.72933
2022-11-14T07:00:00.000000000,108.5,536.30948
2022-11-14T08:00:00.000000000,107.75,540.99915
2022-11-14T09:00:00.000000000,167.61,549.3031
2022-11-14T10:00:00.000000000,123.62,559.03963
2022-11-14T11:00:00.000000000,119.24,567.82977
2022-11-14T12:00:00.000000000,137.99,564.28929
2022-11-14T13:00:00.000000000,126.63,568.41147
2022-11-14T14:00:00.000000000,101.51,560.0569
2022-11-14T15:00:00.000000000,118.16,543.153
2022-11-14T16:00:00.000000000,109.77,538.81302
2022-11-14T17:00:00.000000000,108.26,534.03112
2022-11-14T18:00:00.000000000,112.93,522.23951
2022-11-14T19:00:00.000000000,112.83,514.20931
2022-11-14T20:00:00.000000000,111.3,502.72169
2022-11-14T21:00:00.000000000,109.54,490.16855
2022-11-14T22:00:00.000000000,110.55,488.72511
2022-11-14T23:00:00.000000000,111.9,483.34436
2022-11-15T00:00:00.000000000,124.54,555.95106
2022-11-15T01:00:00.000000000,124.75,549.60181
2022-11-15T02:00:00.000000000,93.71,551.55547
2022-11-15T03:00:00.000000000,97.68,546.80586
2022-11-15T04:00:00.000000000,95.8,549.91375
2022-11-15T05:00:00.000000000,93.88,553.90988
2022-11-15T06:00:00.000000000,103.06,558.08312
2022-11-15T07:00:00.000000000,111.34,570.55815
2022-11-15T08:00:00.000000000,129.92,565.56387
2022-11-15T09:00:00.000000000,114.76,567.2122
2022-11-15T10:00:00.000000000,139.96,571.13448
2022-11-15T11:00:00.000000000,116.36,577.60561
2022-11-15T12:00:00.000000000,134.16,570.86719
2022-11-15T13:00:00.000000000,121.41,571.08954
2022-11-15T14:00:00.000000000,141.57,561.90443
2022-11-15T15:00:00.000000000,139.73,543.75557
2022-11-15T16:00:00.000000000,158.94,539.84475
2022-11-15T17:00:00.000000000,113.7,535.04303
2022-11-15T18:00:00.000000000,104.51,523.58673
2022-11-15T19:00:00.000000000,103.23,518.74827
2022-11-15T20:00:00.000000000,105.24,510.87327
2022-11-15T21:00:00.000000000,103.0,506.22267
2022-11-15T22:00:00.000000000,102.79,512.61504
2022-11-15T23:00:00.000000000,103.67,512.53056
2022-11-16T00:00:00.000000000,125.01,578.54508
2022-11-16T01:00:00.000000000,136.37,576.12214
2022-11-16T02:00:00.000000000,137.69,581.64764
2022-11-16T03:00:00.000000000,111.9,578.94221
2022-11-16T04:00:00.000000000,113.73,584.60134
2022-11-16T05:00:00.000000000,125.61,592.45572
2022-11-16T06:00:00.000000000,117.92,602.42063
2022-11-16T07:00:00.000000000,122.08,621.25066
2022-11-16T08:00:00.000000000,122.53,621.93021
2022-11-16T09:00:00.000000000,165.11,631.58143
2022-11-16T10:00:00.000000000,139.53,639.6068
2022-11-16T11:00:00.000000000,226.4,648.90795
2022-11-16T12:00:00.000000000,139.69,641.43237
2022-11-16T13:00:00.000000000,147.52,639.56452
2022-11-16T14:00:00.000000000,247.95,628.19353
2022-11-16T15:00:00.000000000,147.38,607.03224
2022-11-16T16:00:00.000000000,188.42,600.62051
2022-11-16T17:00:00.000000000,116.1,594.2508
2022-11-16T18:00:00.000000000,110.72,580.39565
2022-11-16T19:00:00.000000000,111.52,573.08114
2022-11-16T20:00:00.000000000,116.85,562.09079
2022-11-16T21:00:00.000000000,112.41,554.00789
2022-11-16T22:00:00.000000000,108.58,558.40894
2022-11-16T23:00:00.000000000,110.17,554.93599
2022-11-14T00:00:00.000000000,122.71,330.06028
2022-11-14T01:00:00.000000000,140.95,324.2201
2022-11-14T02:00:00.000000000,144.78,328.73126
2022-11-14T03:00:00.000000000,96.63,319.81076
2022-11-14T04:00:00.000000000,101.14,321.89995
2022-11-14T05:00:00.000000000,99.49,325.26027
2022-11-14T06:00:00.000000000,102.0,334.90836
2022-11-14T07:00:00.000000000,108.5,349.63675
2022-11-14T08:00:00.000000000,107.75,361.91597
2022-11-14T09:00:00.000000000,167.61,374.48909
2022-11-14T10:00:00.000000000,123.62,396.68805
2022-11-14T11:00:00.000000000,119.24,415.38964
2022-11-14T12:00:00.000000000,137.99,426.00921
2022-11-14T13:00:00.000000000,126.63,438.20984
2022-11-14T14:00:00.000000000,101.51,435.4523
2022-11-14T15:00:00.000000000,118.16,425.47916
2022-11-14T16:00:00.000000000,109.77,426.73926
2022-11-14T17:00:00.000000000,108.26,425.9421
2022-11-14T18:00:00.000000000,112.93,424.06188
2022-11-14T19:00:00.000000000,112.83,422.24364
2022-11-14T20:00:00.000000000,111.3,418.17407
2022-11-14T21:00:00.000000000,109.54,412.54141
2022-11-14T22:00:00.000000000,110.55,412.77722
2022-11-14T23:00:00.000000000,111.9,406.30721
2022-11-15T00:00:00.000000000,124.54,527.36493
2022-11-15T01:00:00.000000000,124.75,515.91992
2022-11-15T02:00:00.000000000,93.71,515.31089
2022-11-15T03:00:00.000000000,97.68,508.36923
2022-11-15T04:00:00.000000000,95.8,507.3495
2022-11-15T05:00:00.000000000,93.88,506.23038
2022-11-15T06:00:00.000000000,103.06,505.57116
2022-11-15T07:00:00.000000000,111.34,513.82684
2022-11-15T08:00:00.000000000,129.92,509.47257
2022-11-15T09:00:00.000000000,114.76,508.6948
2022-11-15T10:00:00.000000000,139.96,513.71787
2022-11-15T11:00:00.000000000,116.36,519.85519
2022-11-15T12:00:00.000000000,134.16,514.16678
2022-11-15T13:00:00.000000000,121.41,515.91779
2022-11-15T14:00:00.000000000,141.57,506.93025
2022-11-15T15:00:00.000000000,139.73,491.65094
2022-11-15T16:00:00.000000000,158.94,488.97183
2022-11-15T17:00:00.000000000,113.7,487.33424
2022-11-15T18:00:00.000000000,104.51,480.68179
2022-11-15T19:00:00.000000000,103.23,478.90008
2022-11-15T20:00:00.000000000,105.24,473.67882
2022-11-15T21:00:00.000000000,103.0,469.4156
2022-11-15T22:00:00.000000000,102.79,475.18307
2022-11-15T23:00:00.000000000,103.67,475.05219
2022-11-16T00:00:00.000000000,125.01,576.41526
2022-11-16T01:00:00.000000000,136.37,575.07263
2022-11-16T02:00:00.000000000,137.69,581.10481
2022-11-16T03:00:00.000000000,111.9,578.248
2022-11-16T04:00:00.000000000,113.73,583.45647
2022-11-16T05:00:00.000000000,125.61,590.58087
2022-11-16T06:00:00.000000000,117.92,599.93117
2022-11-16T07:00:00.000000000,122.08,618.1274
2022-11-16T08:00:00.000000000,122.53,618.24874
2022-11-16T09:00:00.000000000,165.11,627.4141
2022-11-16T10:00:00.000000000,139.53,635.04546
2022-11-16T11:00:00.000000000,226.4,643.83619
2022-11-16T12:00:00.000000000,139.69,636.08007
2022-11-16T13:00:00.000000000,147.52,633.65222
2022-11-16T14:00:00.000000000,247.95,621.72606
2022-11-16T15:00:00.000000000,147.38,600.27036
2022-11-16T16:00:00.000000000,188.42,593.32292
2022-11-16T17:00:00.000000000,116.1,586.82125
2022-11-16T18:00:00.000000000,110.72,573.62635
2022-11-16T19:00:00.000000000,111.52,567.45167
2022-11-16T20:00:00.000000000,116.85,558.23729
2022-11-16T21:00:00.000000000,112.41,552.14308
2022-11-16T22:00:00.000000000,108.58,558.58676
2022-11-16T23:00:00.000000000,110.17,556.68542
2022-11-17T00:00:00.000000000,133.85,578.51584
2022-11-17T01:00:00.000000000,162.63,576.92873
2022-11-17T02:00:00.000000000,154.05,582.02811
2022-11-17T03:00:00.000000000,148.45,577.13675
2022-11-17T04:00:00.000000000,146.35,582.12783
2022-11-17T05:00:00.000000000,154.66,589.82135
2022-11-17T06:00:00.000000000,140.45,600.33372
2022-11-17T07:00:00.000000000,181.48,618.46888
2022-11-17T08:00:00.000000000,181.62,619.00747
2022-11-17T09:00:00.000000000,165.57,629.52255
2022-11-17T10:00:00.000000000,171.43,638.06497
2022-11-17T11:00:00.000000000,185.12,647.10483
2022-11-17T12:00:00.000000000,176.53,640.32579
2022-11-17T13:00:00.000000000,194.71,638.75585
2022-11-17T14:00:00.000000000,159.2,628.56213
2022-11-17T15:00:00.000000000,153.03,608.62884
2022-11-17T16:00:00.000000000,141.74,603.07452
2022-11-17T17:00:00.000000000,150.9,597.09441
2022-11-17T18:00:00.000000000,143.98,584.46871
2022-11-17T19:00:00.000000000,134.4,578.13974
2022-11-17T20:00:00.000000000,130.9,567.43147
2022-11-17T21:00:00.000000000,120.9,559.77086
2022-11-17T22:00:00.000000000,130.18,564.56071
2022-11-17T23:00:00.000000000,145.48,560.34198
2022-11-15T00:00:00.000000000,124.54,342.49561
2022-11-15T01:00:00.000000000,124.75,336.93362
2022-11-15T02:00:00.000000000,93.71,339.93001
2022-11-15T03:00:00.000000000,97.68,328.87786
2022-11-15T04:00:00.000000000,95.8,327.48922
2022-11-15T05:00:00.000000000,93.88,328.98248
2022-11-15T06:00:00.000000000,103.06,338.58215
2022-11-15T07:00:00.000000000,111.34,354.53832
2022-11-15T08:00:00.000000000,129.92,368.04649
2022-11-15T09:00:00.000000000,114.76,382.13745
2022-11-15T10:00:00.000000000,139.96,405.24363
2022-11-15T11:00:00.000000000,116.36,425.95425
2022-11-15T12:00:00.000000000,134.16,437.72603
2022-11-15T13:00:00.000000000,121.41,450.45544
2022-11-15T14:00:00.000000000,141.57,447.28273
2022-11-15T15:00:00.000000000,139.73,435.55723
2022-11-15T16:00:00.000000000,158.94,433.59688
2022-11-15T17:00:00.000000000,113.7,430.21834
2022-11-15T18:00:00.000000000,104.51,425.22563
2022-11-15T19:00:00.000000000,103.23,422.27469
2022-11-15T20:00:00.000000000,105.24,418.44413
2022-11-15T21:00:00.000000000,103.0,413.3907
2022-11-15T22:00:00.000000000,102.79,415.47297
2022-11-15T23:00:00.000000000,103.67,411.29219
2022-11-16T00:00:00.000000000,125.01,521.77286
2022-11-16T01:00:00.000000000,136.37,515.76796
2022-11-16T02:00:00.000000000,137.69,518.89456
2022-11-16T03:00:00.000000000,111.9,514.32469
2022-11-16T04:00:00.000000000,113.73,518.54588
2022-11-16T05:00:00.000000000,125.61,525.90903
2022-11-16T06:00:00.000000000,117.92,536.73377
2022-11-16T07:00:00.000000000,122.08,555.7412
2022-11-16T08:00:00.000000000,122.53,560.32132
2022-11-16T09:00:00.000000000,165.11,573.29775
2022-11-16T10:00:00.000000000,139.53,586.64585
2022-11-16T11:00:00.000000000,226.4,598.45204
2022-11-16T12:00:00.000000000,139.69,597.04713
2022-11-16T13:00:00.000000000,147.52,601.18326
2022-11-16T14:00:00.000000000,247.95,594.84333
2022-11-16T15:00:00.000000000,147.38,579.15356
2022-11-16T16:00:00.000000000,188.42,575.33172
2022-11-16T17:00:00.000000000,116.1,571.07458
2022-11-16T18:00:00.000000000,110.72,561.26466
2022-11-16T19:00:00.000000000,111.52,554.91537
2022-11-16T20:00:00.000000000,116.85,544.9852
2022-11-16T21:00:00.000000000,112.41,533.61546
2022-11-16T22:00:00.000000000,108.58,533.03301
2022-11-16T23:00:00.000000000,110.17,523.92288
2022-11-17T00:00:00.000000000,133.85,572.70684
2022-11-17T01:00:00.000000000,162.63,570.12841
2022-11-17T02:00:00.000000000,154.05,575.14056
2022-11-17T03:00:00.000000000,148.45,571.01797
2022-11-17T04:00:00.000000000,146.35,576.73046
2022-11-17T05:00:00.000000000,154.66,585.24431
2022-11-17T06:00:00.000000000,140.45,596.44073
2022-11-17T07:00:00.000000000,181.48,615.40168
2022-11-17T08:00:00.000000000,181.62,616.41741
2022-11-17T09:00:00.000000000,165.57,627.05912
2022-11-17T10:00:00.000000000,171.43,635.84168
2022-11-17T11:00:00.000000000,185.12,645.45499
2022-11-17T12:00:00.000000000,176.53,639.13223
2022-11-17T13:00:00.000000000,194.71,638.29324
2022-11-17T14:00:00.000000000,159.2,628.68759
2022-11-17T15:00:00.000000000,153.03,609.0653
2022-11-17T16:00:00.000000000,141.74,603.72607
2022-11-17T17:00:00.000000000,150.9,597.84635
2022-11-17T18:00:00.000000000,143.98,584.9504
2022-11-17T19:00:00.000000000,134.4,578.01241
2022-11-17T20:00:00.000000000,130.9,566.50925
2022-11-17T21:00:00.000000000,120.9,557.51542
2022-11-17T22:00:00.000000000,130.18,560.68471
2022-11-17T23:00:00.000000000,145.48,555.34836
2022-11-18T00:00:00.000000000,159.7,586.46628
2022-11-18T01:00:00.000000000,172.08,586.63514
2022-11-18T02:00:00.000000000,146.45,592.87743
2022-11-18T03:00:00.000000000,126.87,588.64137
2022-11-18T04:00:00.000000000,127.81,591.95979
2022-11-18T05:00:00.000000000,133.88,596.69407
2022-11-18T06:00:00.000000000,133.03,603.22939
2022-11-18T07:00:00.000000000,161.59,618.70414
2022-11-18T08:00:00.000000000,173.12,616.90027
2022-11-18T09:00:00.000000000,184.95,624.41863
2022-11-18T10:00:00.000000000,148.67,630.90942
2022-11-18T11:00:00.000000000,153.57,638.21488
2022-11-18T12:00:00.000000000,193.88,629.34356
2022-11-18T13:00:00.000000000,187.98,625.24325
2022-11-18T14:00:00.000000000,201.71,611.66247
2022-11-18T15:00:00.000000000,165.69,589.17113
2022-11-18T16:00:00.000000000,115.36,581.00221
2022-11-18T17:00:00.000000000,121.45,574.0127
2022-11-18T18:00:00.000000000,102.17,562.02339
2022-11-18T19:00:00.000000000,109.45,558.38266
2022-11-18T20:00:00.000000000,98.93,553.33547
2022-11-18T21:00:00.000000000,93.76,552.18736
2022-11-18T22:00:00.000000000,94.65,563.53419
2022-11-18T23:00:00.000000000,91.8,565.31332
2022-11-16T00:00:00.000000000,125.01,343.97883
2022-11-16T01:00:00.000000000,136.37,337.12284
2022-11-16T02:00:00.000000000,137.69,340.14551
2022-11-16T03:00:00.000000000,111.9,329.65952
2022-11-16T04:00:00.000000000,113.73,329.39792
2022-11-16T05:00:00.000000000,125.61,331.7829
2022-11-16T06:00:00.000000000,117.92,341.18688
2022-11-16T07:00:00.000000000,122.08,356.79788
2022-11-16T08:00:00.000000000,122.53,369.91072
2022-11-16T09:00:00.000000000,165.11,383.63317
2022-11-16T10:00:00.000000000,139.53,407.38278
2022-11-16T11:00:00.000000000,226.4,427.64126
2022-11-16T12:00:00.000000000,139.69,439.09426
2022-11-16T13:00:00.000000000,147.52,451.64417
2022-11-16T14:00:00.000000000,247.95,447.58331
2022-11-16T15:00:00.000000000,147.38,435.54302
2022-11-16T16:00:00.000000000,188.42,433.51936
2022-11-16T17:00:00.000000000,116.1,429.91014
2022-11-16T18:00:00.000000000,110.72,424.72889
2022-11-16T19:00:00.000000000,111.52,420.54763
2022-11-16T20:00:00.000000000,116.85,415.06661
2022-11-16T21:00:00.000000000,112.41,408.77859
2022-11-16T22:00:00.000000000,108.58,409.36308
2022-11-16T23:00:00.000000000,110.17,404.14072
2022-11-17T00:00:00.000000000,133.85,501.08718
2022-11-17T01:00:00.000000000,162.63,502.30964
2022-11-17T02:00:00.000000000,154.05,513.49581
2022-11-17T03:00:00.000000000,148.45,516.04205
2022-11-17T04:00:00.000000000,146.35,523.87344
2022-11-17T05:00:00.000000000,154.66,533.69352
2022-11-17T06:00:00.000000000,140.45,546.28447
2022-11-17T07:00:00.000000000,181.48,565.89269
2022-11-17T08:00:00.000000000,181.62,570.44635
2022-11-17T09:00:00.000000000,165.57,580.32608
2022-11-17T10:00:00.000000000,171.43,590.69258
2022-11-17T11:00:00.000000000,185.12,599.61023
2022-11-17T12:00:00.000000000,176.53,595.30953
2022-11-17T13:00:00.000000000,194.71,597.88933
2022-11-17T14:00:00.000000000,159.2,588.47342
2022-11-17T15:00:00.000000000,153.03,569.52838
2022-11-17T16:00:00.000000000,141.74,563.33696
2022-11-17T17:00:00.000000000,150.9,556.17557
2022-11-17T18:00:00.000000000,143.98,542.36165
2022-11-17T19:00:00.000000000,134.4,533.66378
2022-11-17T20:00:00.000000000,130.9,521.49544
2022-11-17T21:00:00.000000000,120.9,509.66576
2022-11-17T22:00:00.000000000,130.18,509.68426
2022-11-17T23:00:00.000000000,145.48,504.3514
2022-11-18T00:00:00.000000000,159.7,567.53286
2022-11-18T01:00:00.000000000,172.08,564.55101
2022-11-18T02:00:00.000000000,146.45,569.282
2022-11-18T03:00:00.000000000,126.87,565.4372
2022-11-18T04:00:00.000000000,127.81,569.51097
2022-11-18T05:00:00.000000000,133.88,575.07379
2022-11-18T06:00:00.000000000,133.03,581.91494
2022-11-18T07:00:00.000000000,161.59,597.32304
2022-11-18T08:00:00.000000000,173.12,594.97238
2022-11-18T09:00:00.000000000,184.95,600.72148
2022-11-18T10:00:00.000000000,148.67,606.68301
2022-11-18T11:00:00.000000000,153.57,614.41177
2022-11-18T12:00:00.000000000,193.88,607.46707
2022-11-18T13:00:00.000000000,187.98,606.59996
2022-11-18T14:00:00.000000000,201.71,595.89752
2022-11-18T15:00:00.000000000,165.69,575.88397
2022-11-18T16:00:00.000000000,115.36,569.57403
2022-11-18T17:00:00.000000000,121.45,563.42197
2022-11-18T18:00:00.000000000,102.17,551.54772
2022-11-18T19:00:00.000000000,109.45,546.50745
2022-11-18T20:00:00.000000000,98.93,539.41134
2022-11-18T21:00:00.000000000,93.76,534.88649
2022-11-18T22:00:00.000000000,94.65,541.78745
2022-11-18T23:00:00.000000000,91.8,540.66787
2022-11-19T00:00:00.000000000,107.05,596.67857
2022-11-19T01:00:00.000000000,115.38,593.52277
2022-11-19T02:00:00.000000000,117.45,596.67141
2022-11-19T03:00:00.000000000,115.73,590.22889
2022-11-19T04:00:00.000000000,122.58,594.06019
2022-11-19T05:00:00.000000000,124.77,601.11719
2022-11-19T06:00:00.000000000,129.21,610.92111
2022-11-19T07:00:00.000000000,165.74,628.93581
2022-11-19T08:00:00.000000000,155.29,629.38384
2022-11-19T09:00:00.000000000,203.79,640.037
2022-11-19T10:00:00.000000000,126.42,648.13094
2022-11-19T11:00:00.000000000,167.9,657.42189
2022-11-19T12:00:00.000000000,115.07,650.07052
2022-11-19T13:00:00.000000000,116.05,647.49804
2022-11-19T14:00:00.000000000,169.05,636.37115
2022-11-19T15:00:00.000000000,166.62,616.04011
2022-11-19T16:00:00.000000000,112.0,611.09727
2022-11-19T17:00:00.000000000,95.02,606.03854
2022-11-19T18:00:00.000000000,92.17,593.68568
2022-11-19T19:00:00.000000000,101.76,587.55203
2022-11-19T20:00:00.000000000,110.36,577.16779
2022-11-19T21:00:00.000000000,103.93,570.04514
2022-11-19T22:00:00.000000000,105.26,575.08375
2022-11-19T23:00:00.000000000,98.29,570.94795
2022-11-17T00:00:00.000000000,133.85,329.2524
2022-11-17T01:00:00.000000000,162.63,324.30349
2022-11-17T02:00:00.000000000,154.05,329.22372
2022-11-17T03:00:00.000000000,148.45,320.15368
2022-11-17T04:00:00.000000000,146.35,321.47591
2022-11-17T05:00:00.000000000,154.66,324.62371
2022-11-17T06:00:00.000000000,140.45,334.63436
2022-11-17T07:00:00.000000000,181.48,349.40643
2022-11-17T08:00:00.000000000,181.62,361.79579
2022-11-17T09:00:00.000000000,165.57,374.1615
2022-11-17T10:00:00.000000000,171.43,396.16727
2022-11-17T11:00:00.000000000,185.12,414.90316
2022-11-17T12:00:00.000000000,176.53,424.68615
2022-11-17T13:00:00.000000000,194.71,435.62935
2022-11-17T14:00:00.000000000,159.2,431.44686
2022-11-17T15:00:00.000000000,153.03,419.78027
2022-11-17T16:00:00.000000000,141.74,418.90241
2022-11-17T17:00:00.000000000,150.9,416.1697
2022-11-17T18:00:00.000000000,143.98,412.96824
2022-11-17T19:00:00.000000000,134.4,411.11137
2022-11-17T20:00:00.000000000,130.9,407.34234
2022-11-17T21:00:00.000000000,120.9,402.81595
2022-11-17T22:00:00.000000000,130.18,404.97615
2022-11-17T23:00:00.000000000,145.48,400.31687
2022-11-18T00:00:00.000000000,159.7,525.6716
2022-11-18T01:00:00.000000000,172.08,516.30813
2022-11-18T02:00:00.000000000,146.45,516.78516
2022-11-18T03:00:00.000000000,126.87,510.58207
2022-11-18T04:00:00.000000000,127.81,510.90526
2022-11-18T05:00:00.000000000,133.88,511.57627
2022-11-18T06:00:00.000000000,133.03,513.04266
2022-11-18T07:00:00.000000000,161.59,523.74993
2022-11-18T08:00:00.000000000,173.12,521.06149
2022-11-18T09:00:00.000000000,184.95,523.34414
2022-11-18T10:00:00.000000000,148.67,530.27492
2022-11-18T11:00:00.000000000,153.57,538.29346
2022-11-18T12:00:00.000000000,193.88,533.72451
2022-11-18T13:00:00.000000000,187.98,536.1207
2022-11-18T14:00:00.000000000,201.71,527.54675
2022-11-18T15:00:00.000000000,165.69,511.91108
2022-11-18T16:00:00.000000000,115.36,509.17591
2022-11-18T17:00:00.000000000,121.45,506.83486
2022-11-18T18:00:00.000000000,102.17,498.85423
2022-11-18T19:00:00.000000000,109.45,495.0273
2022-11-18T20:00:00.000000000,98.93,488.06881
2022-11-18T21:00:00.000000000,93.76,481.47376
2022-11-18T22:00:00.000000000,94.65,485.6495
2022-11-18T23:00:00.000000000,91.8,483.98992
2022-11-19T00:00:00.000000000,107.05,586.45116
2022-11-19T01:00:00.000000000,115.38,583.30839
2022-11-19T02:00:00.000000000,117.45,587.80421
2022-11-19T03:00:00.000000000,115.73,583.97694
2022-11-19T04:00:00.000000000,122.58,589.01326
2022-11-19T05:00:00.000000000,124.77,596.57502
2022-11-19T06:00:00.000000000,129.21,606.2504
2022-11-19T07:00:00.000000000,165.74,624.84933
2022-11-19T08:00:00.000000000,155.29,625.53983
2022-11-19T09:00:00.000000000,203.79,635.52511
2022-11-19T10:00:00.000000000,126.42,643.66378
2022-11-19T11:00:00.000000000,167.9,653.19849
2022-11-19T12:00:00.000000000,115.07,645.75174
2022-11-19T13:00:00.000000000,116.05,643.64371
2022-11-19T14:00:00.000000000,169.05,632.29571
2022-11-19T15:00:00.000000000,166.62,611.28171
2022-11-19T16:00:00.000000000,112.0,605.41031
2022-11-19T17:00:00.000000000,95.02,599.50634
2022-11-19T18:00:00.000000000,92.17,585.90153
2022-11-19T19:00:00.000000000,101.76,578.71374
2022-11-19T20:00:00.000000000,110.36,567.72697
2022-11-19T21:00:00.000000000,103.93,559.76645
2022-11-19T22:00:00.000000000,105.26,564.15325
2022-11-19T23:00:00.000000000,98.29,560.41146
2022-11-20T00:00:00.000000000,101.04,609.86855
2022-11-20T01:00:00.000000000,119.15,604.65088
2022-11-20T02:00:00.000000000,105.31,604.27132
2022-11-20T03:00:00.000000000,105.99,594.10593
2022-11-20T04:00:00.000000000,107.92,595.1085
2022-11-20T05:00:00.000000000,149.01,599.32848
2022-11-20T06:00:00.000000000,123.41,605.66949
2022-11-20T07:00:00.000000000,146.26,619.01017
2022-11-20T08:00:00.000000000,116.82,616.51297
2022-11-20T09:00:00.000000000,122.71,626.19826
2022-11-20T10:00:00.000000000,205.87,635.71934
2022-11-20T11:00:00.000000000,140.84,646.0938
2022-11-20T12:00:00.000000000,129.2,642.80096
2022-11-20T13:00:00.000000000,128.9,645.03654
2022-11-20T14:00:00.000000000,140.63,639.071
2022-11-20T15:00:00.000000000,169.69,622.78
2022-11-20T16:00:00.000000000,130.12,620.02408
2022-11-20T17:00:00.000000000,133.76,614.86401
2022-11-20T18:00:00.000000000,99.78,601.39786
2022-11-20T19:00:00.000000000,111.86,592.25145
2022-11-20T20:00:00.000000000,115.86,576.97122
2022-11-20T21:00:00.000000000,112.17,565.82671
2022-11-20T22:00:00.000000000,109.99,568.07644
2022-11-20T23:00:00.000000000,114.25,561.33593
2022-11-18T00:00:00.000000000,159.7,343.79262
2022-11-18T01:00:00.000000000,172.08,339.81267
2022-11-18T02:00:00.000000000,146.45,345.94759
2022-11-18T03:00:00.000000000,126.87,337.68385
2022-11-18T04:00:00.000000000,127.81,337.23668
2022-11-18T05:00:00.000000000,133.88,339.49545
2022-11-18T06:00:00.000000000,133.03,348.20048
2022-11-18T07:00:00.000000000,161.59,363.38252
2022-11-18T08:00:00.000000000,173.12,375.43743
2022-11-18T09:00:00.000000000,184.95,387.81387
2022-11-18T10:00:00.000000000,148.67,410.48437
2022-11-18T11:00:00.000000000,153.57,431.42693
2022-11-18T12:00:00.000000000,193.88,444.54218
2022-11-18T13:00:00.000000000,187.98,459.41608
2022-11-18T14:00:00.000000000,201.71,456.22308
2022-11-18T15:00:00.000000000,165.69,443.89823
2022-11-18T16:00:00.000000000,115.36,439.72337
2022-11-18T17:00:00.000000000,121.45,432.71106
2022-11-18T18:00:00.000000000,102.17,422.22939
2022-11-18T19:00:00.000000000,109.45,413.26186
2022-11-18T20:00:00.000000000,98.93,402.35855
2022-11-18T21:00:00.000000000,93.76,394.07823
2022-11-18T22:00:00.000000000,94.65,394.36862
2022-11-18T23:00:00.000000000,91.8,391.25012
2022-11-19T00:00:00.000000000,107.05,510.96533
2022-11-19T01:00:00.000000000,115.38,507.24303
2022-11-19T02:00:00.000000000,117.45,512.64515
2022-11-19T03:00:00.000000000,115.73,509.70962
2022-11-19T04:00:00.000000000,122.58,514.92034
2022-11-19T05:00:00.000000000,124.77,523.50563
2022-11-19T06:00:00.000000000,129.21,535.91943
2022-11-19T07:00:00.000000000,165.74,555.90399
2022-11-19T08:00:00.000000000,155.29,561.37534
2022-11-19T09:00:00.000000000,203.79,574.73739
2022-11-19T10:00:00.000000000,126.42,588.29831
2022-11-19T11:00:00.000000000,167.9,600.24762
2022-11-19T12:00:00.000000000,115.07,599.39663
2022-11-19T13:00:00.000000000,116.05,604.04081
2022-11-19T14:00:00.000000000,169.05,597.68698
2022-11-19T15:00:00.000000000,166.62,581.9473
2022-11-19T16:00:00.000000000,112.0,577.86837
2022-11-19T17:00:00.000000000,95.02,573.32565
2022-11-19T18:00:00.000000000,92.17,562.84206
2022-11-19T19:00:00.000000000,101.76,555.70963
2022-11-19T20:00:00.000000000,110.36,544.98661
2022-11-19T21:00:00.000000000,103.93,532.65112
2022-11-19T22:00:00.000000000,105.26,531.32456
2022-11-19T23:00:00.000000000,98.29,522.30707
2022-11-20T00:00:00.000000000,101.04,600.76422
2022-11-20T01:00:00.000000000,119.15,595.17702
2022-11-20T02:00:00.000000000,105.31,595.35689
2022-11-20T03:00:00.000000000,105.99,586.44028
2022-11-20T04:00:00.000000000,107.92,588.89171
2022-11-20T05:00:00.000000000,149.01,594.71133
2022-11-20T06:00:00.000000000,123.41,602.71709
2022-11-20T07:00:00.000000000,146.26,617.96895
2022-11-20T08:00:00.000000000,116.82,616.49189
2022-11-20T09:00:00.000000000,122.71,626.78712
2022-11-20T10:00:00.000000000,205.87,636.56734
2022-11-20T11:00:00.000000000,140.84,647.52237
2022-11-20T12:00:00.000000000,129.2,644.46829
2022-11-20T13:00:00.000000000,128.9,647.05476
2022-11-20T14:00:00.000000000,140.63,641.45403
2022-11-20T15:00:00.000000000,169.69,624.99845
2022-11-20T16:00:00.000000000,130.12,622.18063
2022-11-20T17:00:00.000000000,133.76,616.97833
2022-11-20T18:00:00.000000000,99.78,603.31857
2022-11-20T19:00:00.000000000,111.86,594.09273
2022-11-20T20:00:00.000000000,115.86,578.67633
2022-11-20T21:00:00.000000000,112.17,566.76892
2022-11-20T22:00:00.000000000,109.99,567.69039
2022-11-20T23:00:00.000000000,114.25,559.97151
2022-11-21T00:00:00.000000000,107.18,604.88947
2022-11-21T01:00:00.000000000,156.39,600.6425
2022-11-21T02:00:00.000000000,111.69,601.21775
2022-11-21T03:00:00.000000000,104.18,591.70511
2022-11-21T04:00:00.000000000,114.02,593.03492
2022-11-21T05:00:00.000000000,109.37,597.20491
2022-11-21T06:00:00.000000000,114.7,603.72174
2022-11-21T07:00:00.000000000,169.86,617.14145
2022-11-21T08:00:00.000000000,131.9,614.65811
2022-11-21T09:00:00.000000000,200.8,624.05944
2022-11-21T10:00:00.000000000,128.79,633.35997
2022-11-21T11:00:00.000000000,158.08,643.18284
2022-11-21T12:00:00.000000000,178.18,639.53282
2022-11-21T13:00:00.000000000,132.32,641.66838
2022-11-21T14:00:00.000000000,123.74,635.47175
2022-11-21T15:00:00.000000000,112.95,619.28517
2022-11-21T16:00:00.000000000,152.82,616.45932
2022-11-21T17:00:00.000000000,106.68,611.53693
2022-11-21T18:00:00.000000000,111.62,598.43733
2022-11-21T19:00:00.000000000,92.0,589.582
2022-11-21T20:00:00.000000000,105.65,574.51888
2022-11-21T21:00:00.000000000,108.44,563.07928
2022-11-21T22:00:00.000000000,100.32,565.37522
2022-11-21T23:00:00.000000000,99.88,558.95948
2022-11-19T00:00:00.000000000,107.05,313.27267
2022-11-19T01:00:00.000000000,115.38,303.61154
2022-11-19T02:00:00.000000000,117.45,307.40971
2022-11-19T03:00:00.000000000,115.73,297.82631
2022-11-19T04:00:00.000000000,122.58,302.36117
2022-11-19T05:00:00.000000000,124.77,308.948
2022-11-19T06:00:00.000000000,129.21,322.39934
2022-11-19T07:00:00.000000000,165.74,340.20939
2022-11-19T08:00:00.000000000,155.29,355.42538
2022-11-19T09:00:00.000000000,203.79,371.18573
2022-11-19T10:00:00.000000000,126.42,398.51019
2022-11-19T11:00:00.000000000,167.9,418.87957
2022-11-19T12:00:00.000000000,115.07,431.55195
2022-11-19T13:00:00.000000000,116.05,445.45278
2022-11-19T14:00:00.000000000,169.05,441.89769
2022-11-19T15:00:00.000000000,166.62,431.03601
2022-11-19T16:00:00.000000000,112.0,430.64098
2022-11-19T17:00:00.000000000,95.02,427.84593
2022-11-19T18:00:00.000000000,92.17,424.12217
2022-11-19T19:00:00.000000000,101.76,418.60983
2022-11-19T20:00:00.000000000,110.36,409.16533
2022-11-19T21:00:00.000000000,103.93,399.76068
2022-11-19T22:00:00.000000000,105.26,395.43309
2022-11-19T23:00:00.000000000,98.29,384.55146
2022-11-20T00:00:00.000000000,101.04,468.36542
2022-11-20T01:00:00.000000000,119.15,467.23963
2022-11-20T02:00:00.000000000,105.31,477.15527
2022-11-20T03:00:00.000000000,105.99,477.4835
2022-11-20T04:00:00.000000000,107.92,486.28731
2022-11-20T05:00:00.000000000,149.01,498.98902
2022-11-20T06:00:00.000000000,123.41,517.44321
2022-11-20T07:00:00.000000000,146.26,541.61459
2022-11-20T08:00:00.000000000,116.82,550.91199
2022-11-20T09:00:00.000000000,122.71,565.51709
2022-11-20T10:00:00.000000000,205.87,578.806
2022-11-20T11:00:00.000000000,140.84,589.98971
2022-11-20T12:00:00.000000000,129.2,589.58879
2022-11-20T13:00:00.000000000,128.9,596.13099
2022-11-20T14:00:00.000000000,140.63,592.40561
2022-11-20T15:00:00.000000000,169.69,578.93846
2022-11-20T16:00:00.000000000,130.12,576.98205
2022-11-20T17:00:00.000000000,133.76,574.16573
2022-11-20T18:00:00.000000000,99.78,565.20281
2022-11-20T19:00:00.000000000,111.86,558.57302
2022-11-20T20:00:00.000000000,115.86,547.03908
2022-11-20T21:00:00.000000000,112.17,530.90794
2022-11-20T22:00:00.000000000,109.99,524.1264
2022-11-20T23:00:00.000000000,114.25,511.05209
2022-11-21T00:00:00.000000000,107.18,596.75659
2022-11-21T01:00:00.000000000,156.39,592.7533
2022-11-21T02:00:00.000000000,111.69,595.30594
2022-11-21T03:00:00.000000000,104.18,588.92187
2022-11-21T04:00:00.000000000,114.02,592.76713
2022-11-21T05:00:00.000000000,109.37,599.24017
2022-11-21T06:00:00.000000000,114.7,607.51951
2022-11-21T07:00:00.000000000,169.86,622.85885
2022-11-21T08:00:00.000000000,131.9,621.2023
2022-11-21T09:00:00.000000000,200.8,630.15073
2022-11-21T10:00:00.000000000,128.79,638.8554
2022-11-21T11:00:00.000000000,158.08,648.17876
2022-11-21T12:00:00.000000000,178.18,643.35396
2022-11-21T13:00:00.000000000,132.32,644.9511
2022-11-21T14:00:00.000000000,123.74,637.85137
2022-11-21T15:00:00.000000000,112.95,620.1874
2022-11-21T16:00:00.000000000,152.82,616.41358
2022-11-21T17:00:00.000000000,106.68,610.48162
2022-11-21T18:00:00.000000000,111.62,595.92792
2022-11-21T19:00:00.000000000,92.0,586.26958
2022-11-21T20:00:00.000000000,105.65,570.58119
2022-11-21T21:00:00.000000000,108.44,558.54398
2022-11-21T22:00:00.000000000,100.32,559.75529
2022-11-21T23:00:00.000000000,99.88,553.09084
2022-11-22T00:00:00.000000000,122.91,588.58147
2022-11-22T01:00:00.000000000,103.27,588.5384
2022-11-22T02:00:00.000000000,101.7,594.07223
2022-11-22T03:00:00.000000000,105.41,588.70435
2022-11-22T04:00:00.000000000,111.78,591.64076
2022-11-22T05:00:00.000000000,101.03,596.31535
2022-11-22T06:00:00.000000000,108.69,602.9079
2022-11-22T07:00:00.000000000,117.84,617.27157
2022-11-22T08:00:00.000000000,193.0,614.89379
2022-11-22T09:00:00.000000000,162.14,622.78291
2022-11-22T10:00:00.000000000,183.91,630.37687
2022-11-22T11:00:00.000000000,199.26,638.27566
2022-11-22T12:00:00.000000000,122.03,631.2701
2022-11-22T13:00:00.000000000,129.81,629.46731
2022-11-22T14:00:00.000000000,118.08,618.48146
2022-11-22T15:00:00.000000000,104.56,598.2139
2022-11-22T16:00:00.000000000,110.41,591.56299
2022-11-22T17:00:00.000000000,120.21,585.06303
2022-11-22T18:00:00.000000000,102.67,572.85005
2022-11-22T19:00:00.000000000,105.37,567.67986
2022-11-22T20:00:00.000000000,110.56,559.2616
2022-11-22T21:00:00.000000000,87.7,554.41169
2022-11-22T22:00:00.000000000,106.06,562.88534
2022-11-22T23:00:00.000000000,84.9,562.12778
2022-11-20T00:00:00.000000000,101.04,353.92436
2022-11-20T01:00:00.000000000,119.15,345.98891
2022-11-20T02:00:00.000000000,105.31,351.09814
2022-11-20T03:00:00.000000000,105.99,345.3368
2022-11-20T04:00:00.000000000,107.92,348.79813
2022-11-20T05:00:00.000000000,149.01,353.13603
2022-11-20T06:00:00.000000000,123.41,359.43507
2022-11-20T07:00:00.000000000,146.26,371.57137
2022-11-20T08:00:00.000000000,116.82,382.13275
2022-11-20T09:00:00.000000000,122.71,392.68136
2022-11-20T10:00:00.000000000,205.87,415.26795
2022-11-20T11:00:00.000000000,140.84,432.76665
2022-11-20T12:00:00.000000000,129.2,442.00982
2022-11-20T13:00:00.000000000,128.9,453.71875
2022-11-20T14:00:00.000000000,140.63,449.22594
2022-11-20T15:00:00.000000000,169.69,438.12647
2022-11-20T16:00:00.000000000,130.12,439.91275
2022-11-20T17:00:00.000000000,133.76,439.15048
2022-11-20T18:00:00.000000000,99.78,435.93436
2022-11-20T19:00:00.000000000,111.86,432.13288
2022-11-20T20:00:00.000000000,115.86,426.74001
2022-11-20T21:00:00.000000000,112.17,418.29112
2022-11-20T22:00:00.000000000,109.99,415.47447
2022-11-20T23:00:00.000000000,114.25,408.0799
2022-11-21T00:00:00.000000000,107.18,475.50702
2022-11-21T01:00:00.000000000,156.39,478.3649
2022-11-21T02:00:00.000000000,111.69,492.18078
2022-11-21T03:00:00.000000000,104.18,496.43063
2022-11-21T04:00:00.000000000,114.02,506.72102
2022-11-21T05:00:00.000000000,109.37,519.9325
2022-11-21T06:00:00.000000000,114.7,537.84089
2022-11-21T07:00:00.000000000,169.86,561.70966
2022-11-21T08:00:00.000000000,131.9,570.02448
2022-11-21T09:00:00.000000000,200.8,582.69858
2022-11-21T10:00:00.000000000,128.79,594.04824
2022-11-21T11:00:00.000000000,158.08,602.89503
2022-11-21T12:00:00.000000000,178.18,599.29012
2022-11-21T13:00:00.000000000,132.32,603.18449
2022-11-21T14:00:00.000000000,123.74,595.74119
2022-11-21T15:00:00.000000000,112.95,578.52892
2022-11-21T16:00:00.000000000,152.82,573.57412
2022-11-21T17:00:00.000000000,106.68,567.87005
2022-11-21T18:00:00.000000000,111.62,555.59312
2022-11-21T19:00:00.000000000,92.0,547.59683
2022-11-21T20:00:00.000000000,105.65,535.24263
2022-11-21T21:00:00.000000000,108.44,520.40294
2022-11-21T22:00:00.000000000,100.32,516.31705
2022-11-21T23:00:00.000000000,99.88,507.0877
2022-11-22T00:00:00.000000000,122.91,556.67817
2022-11-22T01:00:00.000000000,103.27,557.92838
2022-11-22T02:00:00.000000000,101.7,568.37544
2022-11-22T03:00:00.000000000,105.41,570.79696
2022-11-22T04:00:00.000000000,111.78,578.25075
2022-11-22T05:00:00.000000000,101.03,585.28013
2022-11-22T06:00:00.000000000,108.69,591.71919
2022-11-22T07:00:00.000000000,117.84,606.25156
2022-11-22T08:00:00.000000000,193.0,603.58728
2022-11-22T09:00:00.000000000,162.14,608.88768
2022-11-22T10:00:00.000000000,183.91,615.43646
2022-11-22T11:00:00.000000000,199.26,622.17018
2022-11-22T12:00:00.000000000,122.03,613.84648
2022-11-22T13:00:00.000000000,129.81,613.31618
2022-11-22T14:00:00.000000000,118.08,602.33666
2022-11-22T15:00:00.000000000,104.56,580.07362
2022-11-22T16:00:00.000000000,110.41,570.92529
2022-11-22T17:00:00.000000000,120.21,559.95602
2022-11-22T18:00:00.000000000,102.67,542.95902
2022-11-22T19:00:00.000000000,105.37,534.71192
2022-11-22T20:00:00.000000000,110.56,523.00332
2022-11-22T21:00:00.000000000,87.7,515.43844
2022-11-22T22:00:00.000000000,106.06,521.79844
2022-11-22T23:00:00.000000000,84.9,521.12135
2022-11-23T00:00:00.000000000,101.22,574.03598
2022-11-23T01:00:00.000000000,63.52,569.5063
2022-11-23T02:00:00.000000000,57.61,570.94154
2022-11-23T03:00:00.000000000,58.87,563.04125
2022-11-23T04:00:00.000000000,60.85,564.04849
2022-11-23T05:00:00.000000000,57.5,564.86146
2022-11-23T06:00:00.000000000,60.37,567.21104
2022-11-23T07:00:00.000000000,61.83,578.94463
2022-11-23T08:00:00.000000000,66.8,572.92094
2022-11-23T09:00:00.000000000,66.27,574.72552
2022-11-23T10:00:00.000000000,65.95,577.07569
2022-11-23T11:00:00.000000000,68.09,582.63293
2022-11-23T12:00:00.000000000,69.57,574.24508
2022-11-23T13:00:00.000000000,75.87,571.55702
2022-11-23T14:00:00.000000000,60.42,560.57708
2022-11-23T15:00:00.000000000,61.86,542.49711
2022-11-23T16:00:00.000000000,67.68,538.56405
2022-11-23T17:00:00.000000000,66.26,535.98262
2022-11-23T18:00:00.000000000,70.24,529.01868
2022-11-23T19:00:00.000000000,90.1,528.84919
2022-11-23T20:00:00.000000000,86.62,527.44565
2022-11-23T21:00:00.000000000,89.61,528.47867
2022-11-23T22:00:00.000000000,97.34,540.54404
2022-11-23T23:00:00.000000000,96.78,543.91781
2022-11-21T00:00:00.000000000,107.18,357.1957
2022-11-21T01:00:00.000000000,156.39,352.28291
2022-11-21T02:00:00.000000000,111.69,359.98711
2022-11-21T03:00:00.000000000,104.18,357.35313
2022-11-21T04:00:00.000000000,114.02,360.95628
2022-11-21T05:00:00.000000000,109.37,365.37003
2022-11-21T06:00:00.000000000,114.7,371.01135
2022-11-21T07:00:00.000000000,169.86,382.07335
2022-11-21T08:00:00.000000000,131.9,391.26745
2022-11-21T09:00:00.000000000,200.8,400.30333
2022-11-21T10:00:00.000000000,128.79,419.97332
2022-11-21T11:00:00.000000000,158.08,436.42484
2022-11-21T12:00:00.000000000,178.18,446.67035
2022-11-21T13:00:00.000000000,132.32,460.44089
2022-11-21T14:00:00.000000000,123.74,458.77656
2022-11-21T15:00:00.000000000,112.95,450.05011
2022-11-21T16:00:00.000000000,152.82,453.11456
2022-11-21T17:00:00.000000000,106.68,453.24877
2022-11-21T18:00:00.000000000,111.62,449.49973
2022-11-21T19:00:00.000000000,92.0,445.64729
2022-11-21T20:00:00.000000000,105.65,440.78634
2022-11-21T21:00:00.000000000,108.44,432.7735
2022-11-21T22:00:00.000000000,100.32,430.53776
2022-11-21T23:00:00.000000000,99.88,424.34023
2022-11-22T00:00:00.000000000,122.91,515.06692
2022-11-22T01:00:00.000000000,103.27,518.12309
2022-11-22T02:00:00.000000000,101.7,531.43478
2022-11-22T03:00:00.000000000,105.41,537.2766
2022-11-22T04:00:00.000000000,111.78,545.37566
2022-11-22T05:00:00.000000000,101.03,551.54651
2022-11-22T06:00:00.000000000,108.69,556.82105
2022-11-22T07:00:00.000000000,117.84,570.70353
2022-11-22T08:00:00.000000000,193.0,568.7886
2022-11-22T09:00:00.000000000,162.14,571.79545
2022-11-22T10:00:00.000000000,183.91,577.92168
2022-11-22T11:00:00.000000000,199.26,584.65774
2022-11-22T12:00:00.000000000,122.03,576.90174
2022-11-22T13:00:00.000000000,129.81,578.17552
2022-11-22T14:00:00.000000000,118.08,567.20492
2022-11-22T15:00:00.000000000,104.56,545.57239
2022-11-22T16:00:00.000000000,110.41,537.17759
2022-11-22T17:00:00.000000000,120.21,526.79281
2022-11-22T18:00:00.000000000,102.67,509.98858
2022-11-22T19:00:00.000000000,105.37,500.70775
2022-11-22T20:00:00.000000000,110.56,487.62815
2022-11-22T21:00:00.000000000,87.7,477.18663
2022-11-22T22:00:00.000000000,106.06,480.96112
2022-11-22T23:00:00.000000000,84.9,480.78122
2022-11-23T00:00:00.000000000,101.22,568.41018
2022-11-23T01:00:00.000000000,63.52,555.68389
2022-11-23T02:00:00.000000000,57.61,551.87404
2022-11-23T03:00:00.000000000,58.87,542.0128
2022-11-23T04:00:00.000000000,60.85,540.67525
2022-11-23T05:00:00.000000000,57.5,539.13925
2022-11-23T06:00:00.000000000,60.37,537.65603
2022-11-23T07:00:00.000000000,61.83,545.04451
2022-11-23T08:00:00.000000000,66.8,537.39607
2022-11-23T09:00:00.000000000,66.27,535.84337
2022-11-23T10:00:00.000000000,65.95,538.44758
2022-11-23T11:00:00.000000000,68.09,543.71925
2022-11-23T12:00:00.000000000,69.57,536.41366
2022-11-23T13:00:00.000000000,75.87,535.8078
2022-11-23T14:00:00.000000000,60.42,526.38705
2022-11-23T15:00:00.000000000,61.86,510.80325
2022-11-23T16:00:00.000000000,67.68,508.83055
2022-11-23T17:00:00.000000000,66.26,507.73634
2022-11-23T18:00:00.000000000,70.24,501.80671
2022-11-23T19:00:00.000000000,90.1,501.60869
2022-11-23T20:00:00.000000000,86.62,498.50313
2022-11-23T21:00:00.000000000,89.61,497.62701
2022-11-23T22:00:00.000000000,97.34,506.93333
2022-11-23T23:00:00.000000000,96.78,508.17396
2022-11-24T00:00:00.000000000,84.18,568.29242
2022-11-24T01:00:00.000000000,91.02,565.90048
2022-11-24T02:00:00.000000000,104.83,570.94071
2022-11-24T03:00:00.000000000,92.99,566.73068
2022-11-24T04:00:00.000000000,85.22,570.94545
2022-11-24T05:00:00.000000000,82.88,577.22281
2022-11-24T06:00:00.000000000,106.02,585.63673
2022-11-24T07:00:00.000000000,89.0,602.38981
2022-11-24T08:00:00.000000000,95.02,601.58139
2022-11-24T09:00:00.000000000,102.89,609.74176
2022-11-24T10:00:00.000000000,159.83,617.22734
2022-11-24T11:00:00.000000000,103.98,625.91368
2022-11-24T12:00:00.000000000,104.3,619.44908
2022-11-24T13:00:00.000000000,114.26,618.5102
2022-11-24T14:00:00.000000000,115.11,608.09192
2022-11-24T15:00:00.000000000,113.77,588.2804
2022-11-24T16:00:00.000000000,109.86,581.94922
2022-11-24T17:00:00.000000000,102.0,575.93874
2022-11-24T18:00:00.000000000,112.98,564.0941
2022-11-24T19:00:00.000000000,110.78,558.78008
2022-11-24T20:00:00.000000000,118.89,550.78132
2022-11-24T21:00:00.000000000,120.62,545.21188
2022-11-24T22:00:00.000000000,115.49,551.49761
2022-11-24T23:00:00.000000000,111.36,549.18639
2022-11-22T00:00:00.000000000,122.91,305.63406
2022-11-22T01:00:00.000000000,103.27,303.61787
2022-11-22T02:00:00.000000000,101.7,311.84998
2022-11-22T03:00:00.000000000,105.41,304.7467
2022-11-22T04:00:00.000000000,111.78,307.35533
2022-11-22T05:00:00.000000000,101.03,312.66004
2022-11-22T06:00:00.000000000,108.69,325.72552
2022-11-22T07:00:00.000000000,117.84,343.152
2022-11-22T08:00:00.000000000,193.0,357.23136
2022-11-22T09:00:00.000000000,162.14,371.19477
2022-11-22T10:00:00.000000000,183.91,394.95892
2022-11-22T11:00:00.000000000,199.26,416.88914
2022-11-22T12:00:00.000000000,122.03,431.73267
2022-11-22T13:00:00.000000000,129.81,447.99752
2022-11-22T14:00:00.000000000,118.08,446.58442
2022-11-22T15:00:00.000000000,104.56,435.31757
2022-11-22T16:00:00.000000000,110.41,432.51189
2022-11-22T17:00:00.000000000,120.21,425.43288
2022-11-22T18:00:00.000000000,102.67,415.16496
2022-11-22T19:00:00.000000000,105.37,405.89696
2022-11-22T20:00:00.000000000,110.56,393.34818
2022-11-22T21:00:00.000000000,87.7,384.68539
2022-11-22T22:00:00.000000000,106.06,383.90182
2022-11-22T23:00:00.000000000,84.9,378.95021
2022-11-23T00:00:00.000000000,101.22,455.31973
2022-11-23T01:00:00.000000000,63.52,442.54783
2022-11-23T02:00:00.000000000,57.61,442.30446
2022-11-23T03:00:00.000000000,58.87,432.54522
2022-11-23T04:00:00.000000000,60.85,430.16877
2022-11-23T05:00:00.000000000,57.5,426.28327
2022-11-23T06:00:00.000000000,60.37,425.37498
2022-11-23T07:00:00.000000000,61.83,433.71984
2022-11-23T08:00:00.000000000,66.8,435.12636
2022-11-23T09:00:00.000000000,66.27,436.06262
2022-11-23T10:00:00.000000000,65.95,443.92395
2022-11-23T11:00:00.000000000,68.09,451.43007
2022-11-23T12:00:00.000000000,69.57,447.55471
2022-11-23T13:00:00.000000000,75.87,450.01758
2022-11-23T14:00:00.000000000,60.42,440.31183
2022-11-23T15:00:00.000000000,61.86,427.94027
2022-11-23T16:00:00.000000000,67.68,426.69527
2022-11-23T17:00:00.000000000,66.26,428.33563
2022-11-23T18:00:00.000000000,70.24,428.33105
2022-11-23T19:00:00.000000000,90.1,429.21795
2022-11-23T20:00:00.000000000,86.62,427.55503
2022-11-23T21:00:00.000000000,89.61,423.88247
2022-11-23T22:00:00.000000000,97.34,427.79302
2022-11-23T23:00:00.000000000,96.78,426.54892
2022-11-24T00:00:00.000000000,84.18,491.34653
2022-11-24T01:00:00.000000000,91.02,493.86248
2022-11-24T02:00:00.000000000,104.83,506.02819
2022-11-24T03:00:00.000000000,92.99,508.59742
2022-11-24T04:00:00.000000000,85.22,516.02709
2022-11-24T05:00:00.000000000,82.88,525.52265
2022-11-24T06:00:00.000000000,106.02,538.58267
2022-11-24T07:00:00.000000000,89.0,558.88301
2022-11-24T08:00:00.000000000,95.02,564.3187
2022-11-24T09:00:00.000000000,102.89,574.2223
2022-11-24T10:00:00.000000000,159.83,584.15331
2022-11-24T11:00:00.000000000,103.98,592.63696
2022-11-24T12:00:00.000000000,104.3,588.06538
2022-11-24T13:00:00.000000000,114.26,590.22552
2022-11-24T14:00:00.000000000,115.11,580.33525
2022-11-24T15:00:00.000000000,113.77,561.45465
2022-11-24T16:00:00.000000000,109.86,555.33037
2022-11-24T17:00:00.000000000,102.0,549.07038
2022-11-24T18:00:00.000000000,112.98,536.73398
2022-11-24T19:00:00.000000000,110.78,529.49795
2022-11-24T20:00:00.000000000,118.89,519.42136
2022-11-24T21:00:00.000000000,120.62,508.80731
2022-11-24T22:00:00.000000000,115.49,509.46828
2022-11-24T23:00:00.000000000,111.36,505.03066
2022-11-25T00:00:00.000000000,111.06,557.80487
2022-11-25T01:00:00.000000000,108.15,555.51765
2022-11-25T02:00:00.000000000,151.07,561.28128
2022-11-25T03:00:00.000000000,154.68,557.69645
2022-11-25T04:00:00.000000000,110.89,564.15608
2022-11-25T05:00:00.000000000,108.7,573.36298
2022-11-25T06:00:00.000000000,103.82,585.42459
2022-11-25T07:00:00.000000000,155.16,604.39104
2022-11-25T08:00:00.000000000,154.59,605.45214
2022-11-25T09:00:00.000000000,123.02,615.83825
2022-11-25T10:00:00.000000000,119.26,624.88245
2022-11-25T11:00:00.000000000,138.83,634.26237
2022-11-25T12:00:00.000000000,118.62,629.03324
2022-11-25T13:00:00.000000000,117.63,629.91276
2022-11-25T14:00:00.000000000,137.42,621.934
2022-11-25T15:00:00.000000000,183.24,603.61036
2022-11-25T16:00:00.000000000,138.27,598.52589
2022-11-25T17:00:00.000000000,124.78,592.43435
2022-11-25T18:00:00.000000000,113.29,579.60647
2022-11-25T19:00:00.000000000,101.86,572.19387
2022-11-25T20:00:00.000000000,85.86,559.83547
2022-11-25T21:00:00.000000000,77.65,549.4676
2022-11-25T22:00:00.000000000,84.49,551.07678
2022-11-25T23:00:00.000000000,74.43,544.44478
2022-11-23T00:00:00.000000000,101.22,268.70107
2022-11-23T01:00:00.000000000,63.52,269.16819
2022-11-23T02:00:00.000000000,57.61,279.03562
2022-11-23T03:00:00.000000000,58.87,272.13241
2022-11-23T04:00:00.000000000,60.85,278.08324
2022-11-23T05:00:00.000000000,57.5,284.58124
2022-11-23T06:00:00.000000000,60.37,299.24328
2022-11-23T07:00:00.000000000,61.83,316.35635
2022-11-23T08:00:00.000000000,66.8,329.07916
2022-11-23T09:00:00.000000000,66.27,341.37001
2022-11-23T10:00:00.000000000,65.95,363.20956
2022-11-23T11:00:00.000000000,68.09,384.3552
2022-11-23T12:00:00.000000000,69.57,399.62154
2022-11-23T13:00:00.000000000,75.87,416.47633
2022-11-23T14:00:00.000000000,60.42,417.02294
2022-11-23T15:00:00.000000000,61.86,408.43409
2022-11-23T16:00:00.000000000,67.68,409.83204
2022-11-23T17:00:00.000000000,66.26,405.90406
2022-11-23T18:00:00.000000000,70.24,399.34448
2022-11-23T19:00:00.000000000,90.1,391.52971
2022-11-23T20:00:00.000000000,86.62,378.10246
2022-11-23T21:00:00.000000000,89.61,370.00494
2022-11-23T22:00:00.000000000,97.34,368.64411
2022-11-23T23:00:00.000000000,96.78,362.45528
2022-11-24T00:00:00.000000000,84.18,438.57515
2022-11-24T01:00:00.000000000,91.02,437.77864
2022-11-24T02:00:00.000000000,104.83,448.44372
2022-11-24T03:00:00.000000000,92.99,450.36247
2022-11-24T04:00:00.000000000,85.22,458.13529
2022-11-24T05:00:00.000000000,82.88,467.86015
2022-11-24T06:00:00.000000000,106.02,481.89388
2022-11-24T07:00:00.000000000,89.0,503.13202
2022-11-24T08:00:00.000000000,95.02,512.07928
2022-11-24T09:00:00.000000000,102.89,523.56765
2022-11-24T10:00:00.000000000,159.83,536.05626
2022-11-24T11:00:00.000000000,103.98,545.65974
2022-11-24T12:00:00.000000000,104.3,544.25625
2022-11-24T13:00:00.000000000,114.26,550.93307
2022-11-24T14:00:00.000000000,115.11,545.09758
2022-11-24T15:00:00.000000000,113.77,531.51605
2022-11-24T16:00:00.000000000,109.86,530.03141
2022-11-24T17:00:00.000000000,102.0,528.56348
2022-11-24T18:00:00.000000000,112.98,519.72848
2022-11-24T19:00:00.000000000,110.78,512.63441
2022-11-24T20:00:00.000000000,118.89,501.55741
2022-11-24T21:00:00.000000000,120.62,486.07421
2022-11-24T22:00:00.000000000,115.49,480.55633
2022-11-24T23:00:00.000000000,111.36,470.86741
2022-11-25T00:00:00.000000000,111.06,520.34991
2022-11-25T01:00:00.000000000,108.15,519.50217
2022-11-25T02:00:00.000000000,151.07,528.96011
2022-11-25T03:00:00.000000000,154.68,530.05774
2022-11-25T04:00:00.000000000,110.89,538.71409
2022-11-25T05:00:00.000000000,108.7,550.09832
2022-11-25T06:00:00.000000000,103.82,563.78328
2022-11-25T07:00:00.000000000,155.16,583.59148
2022-11-25T08:00:00.000000000,154.59,586.53342
2022-11-25T09:00:00.000000000,123.02,596.34526
2022-11-25T10:00:00.000000000,119.26,605.76687
2022-11-25T11:00:00.000000000,138.83,614.70172
2022-11-25T12:00:00.000000000,118.62,610.54189
2022-11-25T13:00:00.000000000,117.63,613.72364
2022-11-25T14:00:00.000000000,137.42,606.49736
2022-11-25T15:00:00.000000000,183.24,588.7428
2022-11-25T16:00:00.000000000,138.27,583.51854
2022-11-25T17:00:00.000000000,124.78,576.44921
2022-11-25T18:00:00.000000000,113.29,562.52478
2022-11-25T19:00:00.000000000,101.86,553.77355
2022-11-25T20:00:00.000000000,85.86,540.43632
2022-11-25T21:00:00.000000000,77.65,527.51426
2022-11-25T22:00:00.000000000,84.49,525.94819
2022-11-25T23:00:00.000000000,74.43,517.99967
2022-11-26T00:00:00.000000000,78.95,560.61819
2022-11-26T01:00:00.000000000,80.79,556.08014
2022-11-26T02:00:00.000000000,71.09,558.70814
2022-11-26T03:00:00.000000000,67.44,552.84724
2022-11-26T04:00:00.000000000,64.89,555.5765
2022-11-26T05:00:00.000000000,73.84,560.0085
2022-11-26T06:00:00.000000000,82.09,565.36097
2022-11-26T07:00:00.000000000,108.12,579.07063
2022-11-26T08:00:00.000000000,97.94,575.15602
2022-11-26T09:00:00.000000000,77.69,578.99357
2022-11-26T10:00:00.000000000,86.24,583.84103
2022-11-26T11:00:00.000000000,71.21,591.21293
2022-11-26T12:00:00.000000000,79.8,585.6554
2022-11-26T13:00:00.000000000,68.66,586.49406
2022-11-26T14:00:00.000000000,76.79,577.94526
2022-11-26T15:00:00.000000000,77.25,560.44824
2022-11-26T16:00:00.000000000,81.35,556.51772
2022-11-26T17:00:00.000000000,75.29,552.20877
2022-11-26T18:00:00.000000000,71.79,541.70502
2022-11-26T19:00:00.000000000,73.4,537.25765
2022-11-26T20:00:00.000000000,73.57,530.78519
2022-11-26T21:00:00.000000000,73.61,526.28525
2022-11-26T22:00:00.000000000,78.52,532.57198
2022-11-26T23:00:00.000000000,87.48,531.61814
2022-11-24T00:00:00.000000000,84.18,338.68453
2022-11-24T01:00:00.000000000,91.02,336.16946
2022-11-24T02:00:00.000000000,104.83,345.34161
2022-11-24T03:00:00.000000000,92.99,342.1428
2022-11-24T04:00:00.000000000,85.22,345.83075
2022-11-24T05:00:00.000000000,82.88,350.80334
2022-11-24T06:00:00.000000000,106.02,359.00382
2022-11-24T07:00:00.000000000,89.0,371.90042
2022-11-24T08:00:00.000000000,95.02,381.47265
2022-11-24T09:00:00.000000000,102.89,391.66273
2022-11-24T10:00:00.000000000,159.83,412.41431
2022-11-24T11:00:00.000000000,103.98,430.69282
2022-11-24T12:00:00.000000000,104.3,443.40265
2022-11-24T13:00:00.000000000,114.26,458.96867
2022-11-24T14:00:00.000000000,115.11,458.17262
2022-11-24T15:00:00.000000000,113.77,448.66253
2022-11-24T16:00:00.000000000,109.86,448.39725
2022-11-24T17:00:00.000000000,102.0,445.02291
2022-11-24T18:00:00.000000000,112.98,438.8484
2022-11-24T19:00:00.000000000,110.78,433.44428
2022-11-24T20:00:00.000000000,118.89,426.86472
2022-11-24T21:00:00.000000000,120.62,419.81006
2022-11-24T22:00:00.000000000,115.49,419.26216
2022-11-24T23:00:00.000000000,111.36,414.3739
2022-11-25T00:00:00.000000000,111.06,486.10653
2022-11-25T01:00:00.000000000,108.15,489.0843
2022-11-25T02:00:00.000000000,151.07,502.93787
2022-11-25T03:00:00.000000000,154.68,508.45708
2022-11-25T04:00:00.000000000,110.89,517.15146
2022-11-25T05:00:00.000000000,108.7,526.97688
2022-11-25T06:00:00.000000000,103.82,538.59329
2022-11-25T07:00:00.000000000,155.16,557.48622
2022-11-25T08:00:00.000000000,154.59,561.48072
2022-11-25T09:00:00.000000000,123.02,569.19165
2022-11-25T10:00:00.000000000,119.26,578.2625
2022-11-25T11:00:00.000000000,138.83,586.42662
2022-11-25T12:00:00.000000000,118.62,581.7649
2022-11-25T13:00:00.000000000,117.63,585.39439
2022-11-25T14:00:00.000000000,137.42,576.14472
2022-11-25T15:00:00.000000000,183.24,557.11562
2022-11-25T16:00:00.000000000,138.27,550.68173
2022-11-25T17:00:00.000000000,124.78,543.01533
2022-11-25T18:00:00.000000000,113.29,528.00686
2022-11-25T19:00:00.000000000,101.86,518.1974
2022-11-25T20:00:00.000000000,85.86,504.77353
2022-11-25T21:00:00.000000000,77.65,491.1855
2022-11-25T22:00:00.000000000,84.49,489.80608
2022-11-25T23:00:00.000000000,74.43,485.07942
2022-11-26T00:00:00.000000000,78.95,535.6708
2022-11-26T01:00:00.000000000,80.79,533.68315
2022-11-26T02:00:00.000000000,71.09,540.48397
2022-11-26T03:00:00.000000000,67.44,537.00165
2022-11-26T04:00:00.000000000,64.89,538.78252
2022-11-26T05:00:00.000000000,73.84,537.51328
2022-11-26T06:00:00.000000000,82.09,537.55919
2022-11-26T07:00:00.000000000,108.12,547.21577
2022-11-26T08:00:00.000000000,97.94,543.83729
2022-11-26T09:00:00.000000000,77.69,544.10488
2022-11-26T10:00:00.000000000,86.24,547.61407
2022-11-26T11:00:00.000000000,71.21,552.57574
2022-11-26T12:00:00.000000000,79.8,542.52569
2022-11-26T13:00:00.000000000,68.66,539.66713
2022-11-26T14:00:00.000000000,76.79,524.60155
2022-11-26T15:00:00.000000000,77.25,503.58026
2022-11-26T16:00:00.000000000,81.35,496.0145
2022-11-26T17:00:00.000000000,75.29,490.01318
2022-11-26T18:00:00.000000000,71.79,481.73414
2022-11-26T19:00:00.000000000,73.4,479.93143
2022-11-26T20:00:00.000000000,73.57,476.90205
2022-11-26T21:00:00.000000000,73.61,475.67097
2022-11-26T22:00:00.000000000,78.52,486.05271
2022-11-26T23:00:00.000000000,87.48,489.89289
2022-11-27T00:00:00.000000000,96.53,507.23649
2022-11-27T01:00:00.000000000,106.21,510.29465
2022-11-27T02:00:00.000000000,92.46,524.08487
2022-11-27T03:00:00.000000000,75.7,529.14922
2022-11-27T04:00:00.000000000,61.33,536.27774
2022-11-27T05:00:00.000000000,65.95,540.93979
2022-11-27T06:00:00.000000000,55.03,544.88065
2022-11-27T07:00:00.000000000,60.2,557.42357
2022-11-27T08:00:00.000000000,61.51,555.71051
2022-11-27T09:00:00.000000000,61.33,557.8549
2022-11-27T10:00:00.000000000,60.39,563.67698
2022-11-27T11:00:00.000000000,62.13,570.83078
2022-11-27T12:00:00.000000000,64.91,563.36641
2022-11-27T13:00:00.000000000,73.64,564.40551
2022-11-27T14:00:00.000000000,72.96,552.33352
2022-11-27T15:00:00.000000000,71.83,530.60078
2022-11-27T16:00:00.000000000,68.12,521.6938
2022-11-27T17:00:00.000000000,64.27,511.77421
2022-11-27T18:00:00.000000000,62.0,497.19215
2022-11-27T19:00:00.000000000,60.8,489.76155
2022-11-27T20:00:00.000000000,76.88,479.94997
2022-11-27T21:00:00.000000000,82.23,472.06576
2022-11-27T22:00:00.000000000,82.0,477.16739
2022-11-27T23:00:00.000000000,84.59,478.14822
2022-11-25T00:00:00.000000000,111.06,325.70867
2022-11-25T01:00:00.000000000,108.15,322.06494
2022-11-25T02:00:00.000000000,151.07,327.79444
2022-11-25T03:00:00.000000000,154.68,319.16273
2022-11-25T04:00:00.000000000,110.89,320.19273
2022-11-25T05:00:00.000000000,108.7,323.9359
2022-11-25T06:00:00.000000000,103.82,335.50451
2022-11-25T07:00:00.000000000,155.16,351.99692
2022-11-25T08:00:00.000000000,154.59,365.41537
2022-11-25T09:00:00.000000000,123.02,379.00411
2022-11-25T10:00:00.000000000,119.26,401.51543
2022-11-25T11:00:00.000000000,138.83,421.82478
2022-11-25T12:00:00.000000000,118.62,433.93921
2022-11-25T13:00:00.000000000,117.63,447.44129
2022-11-25T14:00:00.000000000,137.42,445.0996
2022-11-25T15:00:00.000000000,183.24,433.81883
2022-11-25T16:00:00.000000000,138.27,432.14575
2022-11-25T17:00:00.000000000,124.78,428.36
2022-11-25T18:00:00.000000000,113.29,422.67621
2022-11-25T19:00:00.000000000,101.86,418.99745
2022-11-25T20:00:00.000000000,85.86,413.76607
2022-11-25T21:00:00.000000000,77.65,408.17788
2022-11-25T22:00:00.000000000,84.49,409.56714
2022-11-25T23:00:00.000000000,74.43,405.02922
2022-11-26T00:00:00.000000000,78.95,486.39773
2022-11-26T01:00:00.000000000,80.79,482.43922
2022-11-26T02:00:00.000000000,71.09,489.45789
2022-11-26T03:00:00.000000000,67.44,488.7312
2022-11-26T04:00:00.000000000,64.89,491.68268
2022-11-26T05:00:00.000000000,73.84,493.75739
2022-11-26T06:00:00.000000000,82.09,496.47699
2022-11-26T07:00:00.000000000,108.12,508.12156
2022-11-26T08:00:00.000000000,97.94,507.70214
2022-11-26T09:00:00.000000000,77.69,509.97433
2022-11-26T10:00:00.000000000,86.24,517.46412
2022-11-26T11:00:00.000000000,71.21,525.0315
2022-11-26T12:00:00.000000000,79.8,520.48737
2022-11-26T13:00:00.000000000,68.66,523.86744
2022-11-26T14:00:00.000000000,76.79,514.07131
2022-11-26T15:00:00.000000000,77.25,497.45244
2022-11-26T16:00:00.000000000,81.35,492.9815
2022-11-26T17:00:00.000000000,75.29,489.01469
2022-11-26T18:00:00.000000000,71.79,478.85297
2022-11-26T19:00:00.000000000,73.4,472.97141
2022-11-26T20:00:00.000000000,73.57,464.41528
2022-11-26T21:00:00.000000000,73.61,455.7099
2022-11-26T22:00:00.000000000,78.52,458.80955
2022-11-26T23:00:00.000000000,87.48,458.42375
2022-11-27T00:00:00.000000000,96.53,483.11322
2022-11-27T01:00:00.000000000,106.21,487.98167
2022-11-27T02:00:00.000000000,92.46,503.02797
2022-11-27T03:00:00.000000000,75.7,509.12717
2022-11-27T04:00:00.000000000,61.33,517.29425
2022-11-27T05:00:00.000000000,65.95,525.18067
2022-11-27T06:00:00.000000000,55.03,533.30047
2022-11-27T07:00:00.000000000,60.2,549.34376
2022-11-27T08:00:00.000000000,61.51,549.91754
2022-11-27T09:00:00.000000000,61.33,554.14581
2022-11-27T10:00:00.000000000,60.39,560.97359
2022-11-27T11:00:00.000000000,62.13,568.80152
2022-11-27T12:00:00.000000000,64.91,563.50745
2022-11-27T13:00:00.000000000,73.64,566.66604
2022-11-27T14:00:00.000000000,72.96,556.95421
2022-11-27T15:00:00.000000000,71.83,537.39619
2022-11-27T16:00:00.000000000,68.12,530.43879
2022-11-27T17:00:00.000000000,64.27,522.93155
2022-11-27T18:00:00.000000000,62.0,508.66185
2022-11-27T19:00:00.000000000,60.8,500.57554
2022-11-27T20:00:00.000000000,76.88,490.06958
2022-11-27T21:00:00.000000000,82.23,479.41938
2022-11-27T22:00:00.000000000,82.0,481.45476
2022-11-27T23:00:00.000000000,84.59,480.86619
2022-11-28T00:00:00.000000000,76.59,497.20747
2022-11-28T01:00:00.000000000,81.52,501.68467
2022-11-28T02:00:00.000000000,74.27,517.50765
2022-11-28T03:00:00.000000000,80.67,526.11397
2022-11-28T04:00:00.000000000,73.16,536.08496
2022-11-28T05:00:00.000000000,73.58,544.38646
2022-11-28T06:00:00.000000000,74.81,550.08308
2022-11-28T07:00:00.000000000,89.41,563.9808
2022-11-28T08:00:00.000000000,74.8,562.38983
2022-11-28T09:00:00.000000000,84.91,566.29177
2022-11-28T10:00:00.000000000,77.81,574.15007
2022-11-28T11:00:00.000000000,80.09,582.48714
2022-11-28T12:00:00.000000000,82.93,577.14534
2022-11-28T13:00:00.000000000,92.59,581.21927
2022-11-28T14:00:00.000000000,105.0,572.73142
2022-11-28T15:00:00.000000000,90.38,552.22493
2022-11-28T16:00:00.000000000,81.05,543.87145
2022-11-28T17:00:00.000000000,97.49,532.38087
2022-11-28T18:00:00.000000000,95.87,513.24543
2022-11-28T19:00:00.000000000,89.71,501.75069
2022-11-28T20:00:00.000000000,83.77,486.51128
2022-11-28T21:00:00.000000000,78.93,473.21496
2022-11-28T22:00:00.000000000,86.85,474.92073
2022-11-28T23:00:00.000000000,86.61,473.9015
2022-11-26T00:00:00.000000000,78.95,266.31851
2022-11-26T01:00:00.000000000,80.79,265.23499
2022-11-26T02:00:00.000000000,71.09,274.63893
2022-11-26T03:00:00.000000000,67.44,268.12192
2022-11-26T04:00:00.000000000,64.89,274.84248
2022-11-26T05:00:00.000000000,73.84,282.82135
2022-11-26T06:00:00.000000000,82.09,299.72507
2022-11-26T07:00:00.000000000,108.12,318.49597
2022-11-26T08:00:00.000000000,97.94,333.71182
2022-11-26T09:00:00.000000000,77.69,347.9265
2022-11-26T10:00:00.000000000,86.24,371.84093
2022-11-26T11:00:00.000000000,71.21,392.68471
2022-11-26T12:00:00.000000000,79.8,407.13215
2022-11-26T13:00:00.000000000,68.66,422.62521
2022-11-26T14:00:00.000000000,76.79,421.14122
2022-11-26T15:00:00.000000000,77.25,410.73188
2022-11-26T16:00:00.000000000,81.35,409.74749
2022-11-26T17:00:00.000000000,75.29,403.15262
2022-11-26T18:00:00.000000000,71.79,395.40035
2022-11-26T19:00:00.000000000,73.4,386.54081
2022-11-26T20:00:00.000000000,73.57,371.89038
2022-11-26T21:00:00.000000000,73.61,362.85031
2022-11-26T22:00:00.000000000,78.52,360.67013
2022-11-26T23:00:00.000000000,87.48,353.2143
2022-11-27T00:00:00.000000000,96.53,386.95467
2022-11-27T01:00:00.000000000,106.21,390.76712
2022-11-27T02:00:00.000000000,92.46,407.54113
2022-11-27T03:00:00.000000000,75.7,411.80524
2022-11-27T04:00:00.000000000,61.33,418.24699
2022-11-27T05:00:00.000000000,65.95,422.31557
2022-11-27T06:00:00.000000000,55.03,427.49566
2022-11-27T07:00:00.000000000,60.2,438.87445
2022-11-27T08:00:00.000000000,61.51,442.59088
2022-11-27T09:00:00.000000000,61.33,445.13215
2022-11-27T10:00:00.000000000,60.39,456.18238
2022-11-27T11:00:00.000000000,62.13,466.10997
2022-11-27T12:00:00.000000000,64.91,466.18037
2022-11-27T13:00:00.000000000,73.64,473.06754
2022-11-27T14:00:00.000000000,72.96,463.0454
2022-11-27T15:00:00.000000000,71.83,446.4323
2022-11-27T16:00:00.000000000,68.12,439.24093
2022-11-27T17:00:00.000000000,64.27,432.25089
2022-11-27T18:00:00.000000000,62.0,420.45817
2022-11-27T19:00:00.000000000,60.8,412.4382
2022-11-27T20:00:00.000000000,76.88,402.18824
2022-11-27T21:00:00.000000000,82.23,394.35929
2022-11-27T22:00:00.000000000,82.0,398.10549
2022-11-27T23:00:00.000000000,84.59,400.46539
2022-11-28T00:00:00.000000000,76.59,421.98461
2022-11-28T01:00:00.000000000,81.52,429.41293
2022-11-28T02:00:00.000000000,74.27,450.28658
2022-11-28T03:00:00.000000000,80.67,461.30467
2022-11-28T04:00:00.000000000,73.16,471.30491
2022-11-28T05:00:00.000000000,73.58,478.75545
2022-11-28T06:00:00.000000000,74.81,486.17751
2022-11-28T07:00:00.000000000,89.41,501.00396
2022-11-28T08:00:00.000000000,74.8,505.33527
2022-11-28T09:00:00.000000000,84.91,510.17632
2022-11-28T10:00:00.000000000,77.81,521.12118
2022-11-28T11:00:00.000000000,80.09,529.52252
2022-11-28T12:00:00.000000000,82.93,526.55817
2022-11-28T13:00:00.000000000,92.59,532.21221
2022-11-28T14:00:00.000000000,105.0,520.7146
2022-11-28T15:00:00.000000000,90.38,500.63986
2022-11-28T16:00:00.000000000,81.05,490.13702
2022-11-28T17:00:00.000000000,97.49,479.79077
2022-11-28T18:00:00.000000000,95.87,463.91763
2022-11-28T19:00:00.000000000,89.71,453.74012
2022-11-28T20:00:00.000000000,83.77,442.23317
2022-11-28T21:00:00.000000000,78.93,430.99456
2022-11-28T22:00:00.000000000,86.85,433.04875
2022-11-28T23:00:00.000000000,86.61,433.64893
2022-11-29T00:00:00.000000000,107.98,495.91699
2022-11-29T01:00:00.000000000,108.04,495.80694
2022-11-29T02:00:00.000000000,96.6,505.64939
2022-11-29T03:00:00.000000000,89.05,507.45397
2022-11-29T04:00:00.000000000,89.25,513.77927
2022-11-29T05:00:00.000000000,104.76,521.57696
2022-11-29T06:00:00.000000000,127.87,531.12446
2022-11-29T07:00:00.000000000,105.2,548.34102
2022-11-29T08:00:00.000000000,108.08,550.49799
2022-11-29T09:00:00.000000000,116.91,556.36514
2022-11-29T10:00:00.000000000,86.94,564.01863
2022-11-29T11:00:00.000000000,90.99,572.06945
2022-11-29T12:00:00.000000000,115.21,567.93969
2022-11-29T13:00:00.000000000,144.81,571.93936
2022-11-29T14:00:00.000000000,120.63,563.43276
2022-11-29T15:00:00.000000000,136.61,546.07928
2022-11-29T16:00:00.000000000,109.5,541.8084
2022-11-29T17:00:00.000000000,133.97,536.58102
2022-11-29T18:00:00.000000000,120.57,523.25854
2022-11-29T19:00:00.000000000,109.86,514.10505
2022-11-29T20:00:00.000000000,115.55,501.51593
2022-11-29T21:00:00.000000000,110.18,488.84958
2022-11-29T22:00:00.000000000,114.95,487.68997
2022-11-29T23:00:00.000000000,119.87,483.58096
2022-11-27T00:00:00.000000000,96.53,277.40844
2022-11-27T01:00:00.000000000,106.21,276.30761
2022-11-27T02:00:00.000000000,92.46,284.72357
2022-11-27T03:00:00.000000000,75.7,278.07705
2022-11-27T04:00:00.000000000,61.33,283.80485
2022-11-27T05:00:00.000000000,65.95,291.34299
2022-11-27T06:00:00.000000000,55.03,308.1453
2022-11-27T07:00:00.000000000,60.2,327.3089
2022-11-27T08:00:00.000000000,61.51,343.16399
2022-11-27T09:00:00.000000000,61.33,358.45855
2022-11-27T10:00:00.000000000,60.39,383.21782
2022-11-27T11:00:00.000000000,62.13,404.34276
2022-11-27T12:00:00.000000000,64.91,418.87021
2022-11-27T13:00:00.000000000,73.64,434.10266
2022-11-27T14:00:00.000000000,72.96,432.27138
2022-11-27T15:00:00.000000000,71.83,420.91197
2022-11-27T16:00:00.000000000,68.12,418.78037
2022-11-27T17:00:00.000000000,64.27,411.94082
2022-11-27T18:00:00.000000000,62.0,404.56932
2022-11-27T19:00:00.000000000,60.8,397.40302
2022-11-27T20:00:00.000000000,76.88,386.18419
2022-11-27T21:00:00.000000000,82.23,378.35214
2022-11-27T22:00:00.000000000,82.0,377.27013
2022-11-27T23:00:00.000000000,84.59,370.3477
2022-11-28T00:00:00.000000000,76.59,397.75495
2022-11-28T01:00:00.000000000,81.52,401.40538
2022-11-28T02:00:00.000000000,74.27,418.37268
2022-11-28T03:00:00.000000000,80.67,425.76453
2022-11-28T04:00:00.000000000,73.16,436.08161
2022-11-28T05:00:00.000000000,73.58,443.91425
2022-11-28T06:00:00.000000000,74.81,452.70031
2022-11-28T07:00:00.000000000,89.41,467.81071
2022-11-28T08:00:00.000000000,74.8,472.504
2022-11-28T09:00:00.000000000,84.91,477.13207
2022-11-28T10:00:00.000000000,77.81,488.36106
2022-11-28T11:00:00.000000000,80.09,496.86116
2022-11-28T12:00:00.000000000,82.93,494.96682
2022-11-28T13:00:00.000000000,92.59,501.61356
2022-11-28T14:00:00.000000000,105.0,491.26635
2022-11-28T15:00:00.000000000,90.38,474.13018
2022-11-28T16:00:00.000000000,81.05,466.98908
2022-11-28T17:00:00.000000000,97.49,460.5776
2022-11-28T18:00:00.000000000,95.87,447.99562
2022-11-28T19:00:00.000000000,89.71,438.2446
2022-11-28T20:00:00.000000000,83.77,426.01958
2022-11-28T21:00:00.000000000,78.93,413.6279
2022-11-28T22:00:00.000000000,86.85,413.42129
2022-11-28T23:00:00.000000000,86.61,411.44008
2022-11-29T00:00:00.000000000,107.98,480.86365
2022-11-29T01:00:00.000000000,108.04,479.13317
2022-11-29T02:00:00.000000000,96.6,487.46125
2022-11-29T03:00:00.000000000,89.05,487.20603
2022-11-29T04:00:00.000000000,89.25,491.82805
2022-11-29T05:00:00.000000000,104.76,497.62701
2022-11-29T06:00:00.000000000,127.87,505.70237
2022-11-29T07:00:00.000000000,105.2,522.02216
2022-11-29T08:00:00.000000000,108.08,525.08794
2022-11-29T09:00:00.000000000,116.91,531.39063
2022-11-29T10:00:00.000000000,86.94,540.383
2022-11-29T11:00:00.000000000,90.99,549.29198
2022-11-29T12:00:00.000000000,115.21,546.40369
2022-11-29T13:00:00.000000000,144.81,550.9514
2022-11-29T14:00:00.000000000,120.63,542.86021
2022-11-29T15:00:00.000000000,136.61,527.01353
2022-11-29T16:00:00.000000000,109.5,523.91259
2022-11-29T17:00:00.000000000,133.97,520.43002
2022-11-29T18:00:00.000000000,120.57,509.35552
2022-11-29T19:00:00.000000000,109.86,501.53021
2022-11-29T20:00:00.000000000,115.55,490.53028
2022-11-29T21:00:00.000000000,110.18,478.75441
2022-11-29T22:00:00.000000000,114.95,478.14264
2022-11-29T23:00:00.000000000,119.87,474.6564
2022-11-30T00:00:00.000000000,126.92,567.64645
2022-11-30T01:00:00.000000000,123.34,568.23011
2022-11-30T02:00:00.000000000,117.04,577.37152
2022-11-30T03:00:00.000000000,98.13,578.92613
2022-11-30T04:00:00.000000000,81.24,584.08533
2022-11-30T05:00:00.000000000,67.51,586.98087
2022-11-30T06:00:00.000000000,56.51,587.0621
2022-11-30T07:00:00.000000000,54.9,596.50283
2022-11-30T08:00:00.000000000,56.01,590.28258
2022-11-30T09:00:00.000000000,59.48,592.85427
2022-11-30T10:00:00.000000000,62.41,598.7629
2022-11-30T11:00:00.000000000,61.13,605.62246
2022-11-30T12:00:00.000000000,63.04,597.8673
2022-11-30T13:00:00.000000000,73.46,599.05069
2022-11-30T14:00:00.000000000,69.02,589.83193
2022-11-30T15:00:00.000000000,58.61,568.81951
2022-11-30T16:00:00.000000000,64.74,560.28517
2022-11-30T17:00:00.000000000,69.05,548.66434
2022-11-30T18:00:00.000000000,65.63,530.16566
2022-11-30T19:00:00.000000000,69.81,520.34654
2022-11-30T20:00:00.000000000,74.22,506.54695
2022-11-30T21:00:00.000000000,71.81,497.61989
2022-11-30T22:00:00.000000000,85.16,504.53951
2022-11-30T23:00:00.000000000,97.26,505.51939
2022-11-28T00:00:00.000000000,76.59,279.23974
2022-11-28T01:00:00.000000000,81.52,278.78207
2022-11-28T02:00:00.000000000,74.27,287.24302
2022-11-28T03:00:00.000000000,80.67,280.4077
2022-11-28T04:00:00.000000000,73.16,285.88437
2022-11-28T05:00:00.000000000,73.58,293.5709
2022-11-28T06:00:00.000000000,74.81,311.22331
2022-11-28T07:00:00.000000000,89.41,330.96059
2022-11-28T08:00:00.000000000,74.8,346.84097
2022-11-28T09:00:00.000000000,84.91,362.11091
2022-11-28T10:00:00.000000000,77.81,385.68114
2022-11-28T11:00:00.000000000,80.09,406.26793
2022-11-28T12:00:00.000000000,82.93,419.76611
2022-11-28T13:00:00.000000000,92.59,434.2047
2022-11-28T14:00:00.000000000,105.0,432.64727
2022-11-28T15:00:00.000000000,90.38,421.49001
2022-11-28T16:00:00.000000000,81.05,419.98396
2022-11-28T17:00:00.000000000,97.49,414.99082
2022-11-28T18:00:00.000000000,95.87,409.32095
2022-11-28T19:00:00.000000000,89.71,404.94637
2022-11-28T20:00:00.000000000,83.77,397.3296
2022-11-28T21:00:00.000000000,78.93,391.10329
2022-11-28T22:00:00.000000000,86.85,391.22228
2022-11-28T23:00:00.000000000,86.61,384.90081
2022-11-29T00:00:00.000000000,107.98,446.88202
2022-11-29T01:00:00.000000000,108.04,446.90676
2022-11-29T02:00:00.000000000,96.6,459.50297
2022-11-29T03:00:00.000000000,89.05,464.1509
2022-11-29T04:00:00.000000000,89.25,472.14545
2022-11-29T05:00:00.000000000,104.76,479.93172
2022-11-29T06:00:00.000000000,127.87,489.17402
2022-11-29T07:00:00.000000000,105.2,506.14624
2022-11-29T08:00:00.000000000,108.08,510.95171
2022-11-29T09:00:00.000000000,116.91,517.59
2022-11-29T10:00:00.000000000,86.94,527.66708
2022-11-29T11:00:00.000000000,90.99,536.16848
2022-11-29T12:00:00.000000000,115.21,533.37728
2022-11-29T13:00:00.000000000,144.81,539.67655
2022-11-29T14:00:00.000000000,120.63,531.84441
2022-11-29T15:00:00.000000000,136.61,516.0081
2022-11-29T16:00:00.000000000,109.5,511.60713
2022-11-29T17:00:00.000000000,133.97,507.00769
2022-11-29T18:00:00.000000000,120.57,494.94711
2022-11-29T19:00:00.000000000,109.86,486.12215
2022-11-29T20:00:00.000000000,115.55,474.21536
2022-11-29T21:00:00.000000000,110.18,460.12178
2022-11-29T22:00:00.000000000,114.95,457.37761
2022-11-29T23:00:00.000000000,119.87,452.05967
2022-11-30T00:00:00.000000000,126.92,534.0235
2022-11-30T01:00:00.000000000,123.34,535.78397
2022-11-30T02:00:00.000000000,117.04,546.95273
2022-11-30T03:00:00.000000000,98.13,549.70577
2022-11-30T04:00:00.000000000,81.24,555.00672
2022-11-30T05:00:00.000000000,67.51,557.59319
2022-11-30T06:00:00.000000000,56.51,559.3724
2022-11-30T07:00:00.000000000,54.9,570.53499
2022-11-30T08:00:00.000000000,56.01,567.71105
2022-11-30T09:00:00.000000000,59.48,570.37983
2022-11-30T10:00:00.000000000,62.41,576.45438
2022-11-30T11:00:00.000000000,61.13,583.14594
2022-11-30T12:00:00.000000000,63.04,574.79538
2022-11-30T13:00:00.000000000,73.46,574.81879
2022-11-30T14:00:00.000000000,69.02,562.51854
2022-11-30T15:00:00.000000000,58.61,540.52879
2022-11-30T16:00:00.000000000,64.74,531.59303
2022-11-30T17:00:00.000000000,69.05,521.19162
2022-11-30T18:00:00.000000000,65.63,506.02136
2022-11-30T19:00:00.000000000,69.81,498.35921
2022-11-30T20:00:00.000000000,74.22,487.85925
2022-11-30T21:00:00.000000000,71.81,480.37801
2022-11-30T22:00:00.000000000,85.16,486.99684
2022-11-30T23:00:00.000000000,97.26,488.21114
2022-12-01T00:00:00.000000000,101.51,563.05712
2022-12-01T01:00:00.000000000,83.73,561.46281
2022-12-01T02:00:00.000000000,76.79,568.67268
2022-12-01T03:00:00.000000000,64.92,569.62619
2022-12-01T04:00:00.000000000,68.48,575.39157
2022-12-01T05:00:00.000000000,59.92,578.25279
2022-12-01T06:00:00.000000000,68.72,578.20951
2022-12-01T07:00:00.000000000,81.32,587.54791
2022-12-01T08:00:00.000000000,74.18,580.72651
2022-12-01T09:00:00.000000000,93.58,582.51459
2022-12-01T10:00:00.000000000,120.98,588.0907
2022-12-01T11:00:00.000000000,94.13,594.95926
2022-12-01T12:00:00.000000000,113.71,586.56104
2022-12-01T13:00:00.000000000,126.74,586.97262
2022-12-01T14:00:00.000000000,116.05,577.28496
2022-12-01T15:00:00.000000000,94.99,556.48265
2022-12-01T16:00:00.000000000,84.76,549.16823
2022-12-01T17:00:00.000000000,76.64,538.862
2022-12-01T18:00:00.000000000,73.03,521.49415
2022-12-01T19:00:00.000000000,68.5,512.24378
2022-12-01T20:00:00.000000000,64.1,498.21142
2022-12-01T21:00:00.000000000,65.02,489.13553
2022-12-01T22:00:00.000000000,69.08,495.87958
2022-12-01T23:00:00.000000000,68.09,496.63777
2022-11-29T00:00:00.000000000,107.98,349.96018
2022-11-29T01:00:00.000000000,108.04,350.55118
2022-11-29T02:00:00.000000000,96.6,364.3357
2022-11-29T03:00:00.000000000,89.05,367.07123
2022-11-29T04:00:00.000000000,89.25,373.02439
2022-11-29T05:00:00.000000000,104.76,379.30395
2022-11-29T06:00:00.000000000,127.87,384.90185
2022-11-29T07:00:00.000000000,105.2,394.60009
2022-11-29T08:00:00.000000000,108.08,400.5504
2022-11-29T09:00:00.000000000,116.91,406.67108
2022-11-29T10:00:00.000000000,86.94,424.3439
2022-11-29T11:00:00.000000000,90.99,440.41382
2022-11-29T12:00:00.000000000,115.21,451.75459
2022-11-29T13:00:00.000000000,144.81,467.281
2022-11-29T14:00:00.000000000,120.63,466.6516
2022-11-29T15:00:00.000000000,136.61,456.81049
2022-11-29T16:00:00.000000000,109.5,456.35554
2022-11-29T17:00:00.000000000,133.97,452.06829
2022-11-29T18:00:00.000000000,120.57,444.40356
2022-11-29T19:00:00.000000000,109.86,438.67179
2022-11-29T20:00:00.000000000,115.55,432.6263
2022-11-29T21:00:00.000000000,110.18,425.36851
2022-11-29T22:00:00.000000000,114.95,424.98164
2022-11-29T23:00:00.000000000,119.87,422.07483
2022-11-30T00:00:00.000000000,126.92,486.02747
2022-11-30T01:00:00.000000000,123.34,488.3132
2022-11-30T02:00:00.000000000,117.04,501.91414
2022-11-30T03:00:00.000000000,98.13,506.50955
2022-11-30T04:00:00.000000000,81.24,511.5923
2022-11-30T05:00:00.000000000,67.51,513.62623
2022-11-30T06:00:00.000000000,56.51,516.06704
2022-11-30T07:00:00.000000000,54.9,527.62935
2022-11-30T08:00:00.000000000,56.01,527.59277
2022-11-30T09:00:00.000000000,59.48,529.09615
2022-11-30T10:00:00.000000000,62.41,535.55292
2022-11-30T11:00:00.000000000,61.13,541.55048
2022-11-30T12:00:00.000000000,63.04,533.67519
2022-11-30T13:00:00.000000000,73.46,534.14113
2022-11-30T14:00:00.000000000,69.02,520.04097
2022-11-30T15:00:00.000000000,58.61,498.59726
2022-11-30T16:00:00.000000000,64.74,489.27632
2022-11-30T17:00:00.000000000,69.05,480.72473
2022-11-30T18:00:00.000000000,65.63,467.8055
2022-11-30T19:00:00.000000000,69.81,461.60317
2022-11-30T20:00:00.000000000,74.22,453.5613
2022-11-30T21:00:00.000000000,71.81,446.94159
2022-11-30T22:00:00.000000000,85.16,453.43684
2022-11-30T23:00:00.000000000,97.26,456.54731
2022-12-01T00:00:00.000000000,101.51,540.8282
2022-12-01T01:00:00.000000000,83.73,534.38398
2022-12-01T02:00:00.000000000,76.79,538.05349
2022-12-01T03:00:00.000000000,64.92,535.7062
2022-12-01T04:00:00.000000000,68.48,538.61553
2022-12-01T05:00:00.000000000,59.92,538.95676
2022-12-01T06:00:00.000000000,68.72,537.89329
2022-12-01T07:00:00.000000000,81.32,546.52398
2022-12-01T08:00:00.000000000,74.18,541.51978
2022-12-01T09:00:00.000000000,93.58,542.55843
2022-12-01T10:00:00.000000000,120.98,548.65784
2022-12-01T11:00:00.000000000,94.13,555.81227
2022-12-01T12:00:00.000000000,113.71,548.41816
2022-12-01T13:00:00.000000000,126.74,549.358
2022-12-01T14:00:00.000000000,116.05,538.83338
2022-12-01T15:00:00.000000000,94.99,520.18513
2022-12-01T16:00:00.000000000,84.76,514.63056
2022-12-01T17:00:00.000000000,76.64,508.26602
2022-12-01T18:00:00.000000000,73.03,496.17579
2022-12-01T19:00:00.000000000,68.5,489.71086
2022-12-01T20:00:00.000000000,64.1,479.25505
2022-12-01T21:00:00.000000000,65.02,471.08314
2022-12-01T22:00:00.000000000,69.08,476.50109
2022-12-01T23:00:00.000000000,68.09,476.11704
2022-12-02T00:00:00.000000000,83.81,542.36765
2022-12-02T01:00:00.000000000,101.3,542.91503
2022-12-02T02:00:00.000000000,97.15,552.81292
2022-12-02T03:00:00.000000000,86.48,554.34879
2022-12-02T04:00:00.000000000,73.34,559.06008
2022-12-02T05:00:00.000000000,67.99,560.65247
2022-12-02T06:00:00.000000000,88.34,560.82859
2022-12-02T07:00:00.000000000,72.22,570.33264
2022-12-02T08:00:00.000000000,79.18,566.17877
2022-12-02T09:00:00.000000000,79.77,568.29688
2022-12-02T10:00:00.000000000,92.45,574.3316
2022-12-02T11:00:00.000000000,77.86,581.11272
2022-12-02T12:00:00.000000000,83.81,572.98163
2022-12-02T13:00:00.000000000,85.72,573.20182
2022-12-02T14:00:00.000000000,73.97,561.54296
2022-12-02T15:00:00.000000000,75.5,540.19077
2022-12-02T16:00:00.000000000,82.44,531.6024
2022-12-02T17:00:00.000000000,78.12,521.28409
2022-12-02T18:00:00.000000000,70.15,506.15678
2022-12-02T19:00:00.000000000,92.05,498.59401
2022-12-02T20:00:00.000000000,103.39,488.07456
2022-12-02T21:00:00.000000000,116.15,481.02964
2022-12-02T22:00:00.000000000,133.93,488.42371
2022-12-02T23:00:00.000000000,107.9,489.98299
2022-11-30T00:00:00.000000000,126.92,279.66314
2022-11-30T01:00:00.000000000,123.34,282.79101
2022-11-30T02:00:00.000000000,117.04,297.73381
2022-11-30T03:00:00.000000000,98.13,297.48131
2022-11-30T04:00:00.000000000,81.24,307.26725
2022-11-30T05:00:00.000000000,67.51,317.30802
2022-11-30T06:00:00.000000000,56.51,331.77253
2022-11-30T07:00:00.000000000,54.9,346.49816
2022-11-30T08:00:00.000000000,56.01,355.24314
2022-11-30T09:00:00.000000000,59.48,361.12741
2022-11-30T10:00:00.000000000,62.41,375.88319
2022-11-30T11:00:00.000000000,61.13,391.26152
2022-11-30T12:00:00.000000000,63.04,400.28488
2022-11-30T13:00:00.000000000,73.46,413.27482
2022-11-30T14:00:00.000000000,69.02,410.97824
2022-11-30T15:00:00.000000000,58.61,401.37363
2022-11-30T16:00:00.000000000,64.74,403.74552
2022-11-30T17:00:00.000000000,69.05,401.32888
2022-11-30T18:00:00.000000000,65.63,394.21529
2022-11-30T19:00:00.000000000,69.81,386.33481
2022-11-30T20:00:00.000000000,74.22,373.05253
2022-11-30T21:00:00.000000000,71.81,364.43475
2022-11-30T22:00:00.000000000,85.16,362.63008
2022-11-30T23:00:00.000000000,97.26,358.95413
2022-12-01T00:00:00.000000000,101.51,399.59513
2022-12-01T01:00:00.000000000,83.73,394.99179
2022-12-01T02:00:00.000000000,76.79,403.16649
2022-12-01T03:00:00.000000000,64.92,398.59312
2022-12-01T04:00:00.000000000,68.48,402.07865
2022-12-01T05:00:00.000000000,59.92,401.71399
2022-12-01T06:00:00.000000000,68.72,403.99153
2022-12-01T07:00:00.000000000,81.32,412.58588
2022-12-01T08:00:00.000000000,74.18,413.15808
2022-12-01T09:00:00.000000000,93.58,410.2495
2022-12-01T10:00:00.000000000,120.98,414.55776
2022-12-01T11:00:00.000000000,94.13,419.84527
2022-12-01T12:00:00.000000000,113.71,411.92929
2022-12-01T13:00:00.000000000,126.74,410.85496
2022-12-01T14:00:00.000000000,116.05,397.78774
2022-12-01T15:00:00.000000000,94.99,382.84501
2022-12-01T16:00:00.000000000,84.76,380.6286
2022-12-01T17:00:00.000000000,76.64,380.43416
2022-12-01T18:00:00.000000000,73.03,379.06028
2022-12-01T19:00:00.000000000,68.5,378.55129
2022-12-01T20:00:00.000000000,64.1,373.10295
2022-12-01T21:00:00.000000000,65.02,368.44171
2022-12-01T22:00:00.000000000,69.08,373.00492
2022-12-01T23:00:00.000000000,68.09,374.5155
2022-12-02T00:00:00.000000000,83.81,466.51789
2022-12-02T01:00:00.000000000,101.3,456.28598
2022-12-02T02:00:00.000000000,97.15,458.78776
2022-12-02T03:00:00.000000000,86.48,453.61008
2022-12-02T04:00:00.000000000,73.34,453.66323
2022-12-02T05:00:00.000000000,67.99,451.5941
2022-12-02T06:00:00.000000000,88.34,452.05088
2022-12-02T07:00:00.000000000,72.22,463.17053
2022-12-02T08:00:00.000000000,79.18,467.49864
2022-12-02T09:00:00.000000000,79.77,472.79771
2022-12-02T10:00:00.000000000,92.45,484.69629
2022-12-02T11:00:00.000000000,77.86,493.44344
2022-12-02T12:00:00.000000000,83.81,489.37888
2022-12-02T13:00:00.000000000,85.72,492.28954
2022-12-02T14:00:00.000000000,73.97,480.40083
2022-12-02T15:00:00.000000000,75.5,465.24036
2022-12-02T16:00:00.000000000,82.44,460.83061
2022-12-02T17:00:00.000000000,78.12,459.85336
2022-12-02T18:00:00.000000000,70.15,456.07287
2022-12-02T19:00:00.000000000,92.05,453.05512
2022-12-02T20:00:00.000000000,103.39,448.4549
2022-12-02T21:00:00.000000000,116.15,440.20778
2022-12-02T22:00:00.000000000,133.93,441.99468
2022-12-02T23:00:00.000000000,107.9,438.25183
2022-12-03T00:00:00.000000000,132.44,494.83756
2022-12-03T01:00:00.000000000,138.62,493.98124
2022-12-03T02:00:00.000000000,134.16,504.39735
2022-12-03T03:00:00.000000000,116.15,506.96816
2022-12-03T04:00:00.000000000,94.21,511.83036
2022-12-03T05:00:00.000000000,89.48,514.43965
2022-12-03T06:00:00.000000000,124.16,517.07165
2022-12-03T07:00:00.000000000,104.54,528.73376
2022-12-03T08:00:00.000000000,128.88,527.93571
2022-12-03T09:00:00.000000000,155.99,529.866
2022-12-03T10:00:00.000000000,150.79,536.67712
2022-12-03T11:00:00.000000000,148.87,543.59357
2022-12-03T12:00:00.000000000,166.52,537.03139
2022-12-03T13:00:00.000000000,149.07,538.93777
2022-12-03T14:00:00.000000000,128.0,527.08688
2022-12-03T15:00:00.000000000,172.54,507.57443
2022-12-03T16:00:00.000000000,128.78,500.29292
2022-12-03T17:00:00.000000000,150.82,493.19531
2022-12-03T18:00:00.000000000,137.68,480.78297
2022-12-03T19:00:00.000000000,135.22,473.95807
2022-12-03T20:00:00.000000000,136.46,464.70552
2022-12-03T21:00:00.000000000,117.39,456.20396
2022-12-03T22:00:00.000000000,131.77,460.43069
2022-12-03T23:00:00.000000000,123.2,460.9427
2022-12-01T00:00:00.000000000,101.51,250.59663
2022-12-01T01:00:00.000000000,83.73,253.63892
2022-12-01T02:00:00.000000000,76.79,269.57764
2022-12-01T03:00:00.000000000,64.92,272.00536
2022-12-01T04:00:00.000000000,68.48,286.0585
2022-12-01T05:00:00.000000000,59.92,299.43126
2022-12-01T06:00:00.000000000,68.72,316.42718
2022-12-01T07:00:00.000000000,81.32,331.93267
2022-12-01T08:00:00.000000000,74.18,343.68348
2022-12-01T09:00:00.000000000,93.58,352.50224
2022-12-01T10:00:00.000000000,120.98,371.205
2022-12-01T11:00:00.000000000,94.13,387.39504
2022-12-01T12:00:00.000000000,113.71,398.07875
2022-12-01T13:00:00.000000000,126.74,411.76842
2022-12-01T14:00:00.000000000,116.05,410.76337
2022-12-01T15:00:00.000000000,94.99,402.07944
2022-12-01T16:00:00.000000000,84.76,407.27723
2022-12-01T17:00:00.000000000,76.64,405.43233
2022-12-01T18:00:00.000000000,73.03,401.10944
2022-12-01T19:00:00.000000000,68.5,395.00751
2022-12-01T20:00:00.000000000,64.1,383.02727
2022-12-01T21:00:00.000000000,65.02,373.74248
2022-12-01T22:00:00.000000000,69.08,369.44366
2022-12-01T23:00:00.000000000,68.09,361.34062
2022-12-02T00:00:00.000000000,83.81,417.08394
2022-12-02T01:00:00.000000000,101.3,422.22749
2022-12-02T02:00:00.000000000,97.15,440.0698
2022-12-02T03:00:00.000000000,86.48,447.91331
2022-12-02T04:00:00.000000000,73.34,457.4288
2022-12-02T05:00:00.000000000,67.99,465.82506
2022-12-02T06:00:00.000000000,88.34,474.98109
2022-12-02T07:00:00.000000000,72.22,490.81844
2022-12-02T08:00:00.000000000,79.18,495.63366
2022-12-02T09:00:00.000000000,79.77,501.27712
2022-12-02T10:00:00.000000000,92.45,511.86143
2022-12-02T11:00:00.000000000,77.86,520.63329
2022-12-02T12:00:00.000000000,83.81,518.83791
2022-12-02T13:00:00.000000000,85.72,525.46058
2022-12-02T14:00:00.000000000,73.97,516.49645
2022-12-02T15:00:00.000000000,75.5,499.69406
2022-12-02T16:00:00.000000000,82.44,493.71374
2022-12-02T17:00:00.000000000,78.12,487.31625
2022-12-02T18:00:00.000000000,70.15,473.49633
2022-12-02T19:00:00.000000000,92.05,463.84907
2022-12-02T20:00:00.000000000,103.39,451.91759
2022-12-02T21:00:00.000000000,116.15,439.29225
2022-12-02T22:00:00.000000000,133.93,439.09985
2022-12-02T23:00:00.000000000,107.9,437.72224
2022-12-03T00:00:00.000000000,132.44,515.76126
2022-12-03T01:00:00.000000000,138.62,515.72252
2022-12-03T02:00:00.000000000,134.16,525.24223
2022-12-03T03:00:00.000000000,116.15,526.47453
2022-12-03T04:00:00.000000000,94.21,532.37837
2022-12-03T05:00:00.000000000,89.48,539.80155
2022-12-03T06:00:00.000000000,124.16,548.30191
2022-12-03T07:00:00.000000000,104.54,564.4642
2022-12-03T08:00:00.000000000,128.88,565.65405
2022-12-03T09:00:00.000000000,155.99,572.45579
2022-12-03T10:00:00.000000000,150.79,581.03225
2022-12-03T11:00:00.000000000,148.87,589.78861
2022-12-03T12:00:00.000000000,166.52,585.7704
2022-12-03T13:00:00.000000000,149.07,589.16709
2022-12-03T14:00:00.000000000,128.0,580.62829
2022-12-03T15:00:00.000000000,172.54,562.29481
2022-12-03T16:00:00.000000000,128.78,556.57075
2022-12-03T17:00:00.000000000,150.82,549.38987
2022-12-03T18:00:00.000000000,137.68,535.31999
2022-12-03T19:00:00.000000000,135.22,526.5081
2022-12-03T20:00:00.000000000,136.46,514.6371
2022-12-03T21:00:00.000000000,117.39,503.60367
2022-12-03T22:00:00.000000000,131.77,504.52277
2022-12-03T23:00:00.000000000,123.2,500.64352
2022-12-04T00:00:00.000000000,118.1,549.55882
2022-12-04T01:00:00.000000000,113.28,547.95339
2022-12-04T02:00:00.000000000,134.75,553.77913
2022-12-04T03:00:00.000000000,137.46,549.53116
2022-12-04T04:00:00.000000000,146.75,554.05151
2022-12-04T05:00:00.000000000,142.88,561.31865
2022-12-04T06:00:00.000000000,134.63,571.07421
2022-12-04T07:00:00.000000000,145.86,587.81195
2022-12-04T08:00:00.000000000,161.35,587.84136
2022-12-04T09:00:00.000000000,173.31,597.33362
2022-12-04T10:00:00.000000000,171.38,606.46075
2022-12-04T11:00:00.000000000,174.37,615.716
2022-12-04T12:00:00.000000000,179.0,611.982
2022-12-04T13:00:00.000000000,179.15,614.00322
2022-12-04T14:00:00.000000000,175.49,606.72958
2022-12-04T15:00:00.000000000,192.02,589.45425
2022-12-04T16:00:00.000000000,178.33,584.06937
2022-12-04T17:00:00.000000000,146.54,577.84354
2022-12-04T18:00:00.000000000,127.9,565.77851
2022-12-04T19:00:00.000000000,101.2,559.49116
2022-12-04T20:00:00.000000000,146.78,549.81524
2022-12-04T21:00:00.000000000,117.15,541.99122
2022-12-04T22:00:00.000000000,126.78,546.09195
2022-12-04T23:00:00.000000000,118.2,541.73726
2022-12-02T00:00:00.000000000,83.81,359.41749
2022-12-02T01:00:00.000000000,101.3,355.46083
2022-12-02T02:00:00.000000000,97.15,363.37326
2022-12-02T03:00:00.000000000,86.48,359.87489
2022-12-02T04:00:00.000000000,73.34,363.10752
2022-12-02T05:00:00.000000000,67.99,366.87774
2022-12-02T06:00:00.000000000,88.34,372.6448
2022-12-02T07:00:00.000000000,72.22,383.71627
2022-12-02T08:00:00.000000000,79.18,391.53058
2022-12-02T09:00:00.000000000,79.77,399.16874
2022-12-02T10:00:00.000000000,92.45,416.61235
2022-12-02T11:00:00.000000000,77.86,431.91285
2022-12-02T12:00:00.000000000,83.81,440.25912
2022-12-02T13:00:00.000000000,85.72,452.25423
2022-12-02T14:00:00.000000000,73.97,449.58364
2022-12-02T15:00:00.000000000,75.5,440.19599
2022-12-02T16:00:00.000000000,82.44,442.24967
2022-12-02T17:00:00.000000000,78.12,442.45546
2022-12-02T18:00:00.000000000,70.15,439.58149
2022-12-02T19:00:00.000000000,92.05,437.19246
2022-12-02T20:00:00.000000000,103.39,433.83727
2022-12-02T21:00:00.000000000,116.15,427.53233
2022-12-02T22:00:00.000000000,133.93,427.33608
2022-12-02T23:00:00.000000000,107.9,422.9842
2022-12-03T00:00:00.000000000,132.44,513.63061
2022-12-03T01:00:00.000000000,138.62,511.18884
2022-12-03T02:00:00.000000000,134.16,518.64843
2022-12-03T03:00:00.000000000,116.15,519.01573
2022-12-03T04:00:00.000000000,94.21,523.48351
2022-12-03T05:00:00.000000000,89.48,527.22338
2022-12-03T06:00:00.000000000,124.16,530.97884
2022-12-03T07:00:00.000000000,104.54,543.73287
2022-12-03T08:00:00.000000000,128.88,542.52231
2022-12-03T09:00:00.000000000,155.99,546.44072
2022-12-03T10:00:00.000000000,150.79,554.25724
2022-12-03T11:00:00.000000000,148.87,562.24608
2022-12-03T12:00:00.000000000,166.52,556.92431
2022-12-03T13:00:00.000000000,149.07,559.74975
2022-12-03T14:00:00.000000000,128.0,550.28735
2022-12-03T15:00:00.000000000,172.54,532.04252
2022-12-03T16:00:00.000000000,128.78,526.47082
2022-12-03T17:00:00.000000000,150.82,519.93954
2022-12-03T18:00:00.000000000,137.68,506.73394
2022-12-03T19:00:00.000000000,135.22,498.57073
2022-12-03T20:00:00.000000000,136.46,486.80499
2022-12-03T21:00:00.000000000,117.39,476.18935
2022-12-03T22:00:00.000000000,131.77,478.69243
2022-12-03T23:00:00.000000000,123.2,476.72931
2022-12-04T00:00:00.000000000,118.1,537.4251
2022-12-04T01:00:00.000000000,113.28,536.99111
2022-12-04T02:00:00.000000000,134.75,545.11591
2022-12-04T03:00:00.000000000,137.46,544.33348
2022-12-04T04:00:00.000000000,146.75,550.40994
2022-12-04T05:00:00.000000000,142.88,557.87298
2022-12-04T06:00:00.000000000,134.63,566.39495
2022-12-04T07:00:00.000000000,145.86,582.58682
2022-12-04T08:00:00.000000000,161.35,582.92084
2022-12-04T09:00:00.000000000,173.31,592.33684
2022-12-04T10:00:00.000000000,171.38,602.30575
2022-12-04T11:00:00.000000000,174.37,611.21415
2022-12-04T12:00:00.000000000,179.0,606.51132
2022-12-04T13:00:00.000000000,179.15,608.57857
2022-12-04T14:00:00.000000000,175.49,601.26473
2022-12-04T15:00:00.000000000,192.02,583.30319
2022-12-04T16:00:00.000000000,178.33,577.36594
2022-12-04T17:00:00.000000000,146.54,569.69404
2022-12-04T18:00:00.000000000,127.9,555.49003
2022-12-04T19:00:00.000000000,101.2,547.78998
2022-12-04T20:00:00.000000000,146.78,536.08217
2022-12-04T21:00:00.000000000,117.15,525.95043
2022-12-04T22:00:00.000000000,126.78,529.40514
2022-12-04T23:00:00.000000000,118.2,525.47058
2022-12-05T00:00:00.000000000,123.09,577.71296
2022-12-05T01:00:00.000000000,87.18,576.83297
2022-12-05T02:00:00.000000000,102.04,583.37937
2022-12-05T03:00:00.000000000,114.29,580.43726
2022-12-05T04:00:00.000000000,119.95,585.32545
2022-12-05T05:00:00.000000000,100.34,591.86286
2022-12-05T06:00:00.000000000,103.27,599.84957
2022-12-05T07:00:00.000000000,157.72,615.98488
2022-12-05T08:00:00.000000000,109.94,614.76758
2022-12-05T09:00:00.000000000,161.76,622.76692
2022-12-05T10:00:00.000000000,168.18,630.40236
2022-12-05T11:00:00.000000000,173.39,638.52508
2022-12-05T12:00:00.000000000,175.02,631.33
2022-12-05T13:00:00.000000000,177.18,630.03081
2022-12-05T14:00:00.000000000,137.61,619.14359
2022-12-05T15:00:00.000000000,104.96,598.10218
2022-12-05T16:00:00.000000000,124.48,590.66497
2022-12-05T17:00:00.000000000,120.04,582.88461
2022-12-05T18:00:00.000000000,124.68,568.91569
2022-12-05T19:00:00.000000000,117.85,562.27515
2022-12-05T20:00:00.000000000,87.57,552.59378
2022-12-05T21:00:00.000000000,81.31,546.51994
2022-12-05T22:00:00.000000000,77.67,553.1549
2022-12-05T23:00:00.000000000,89.04,551.30088
2022-12-03T00:00:00.000000000,132.44,371.27129
2022-12-03T01:00:00.000000000,138.62,366.70259
2022-12-03T02:00:00.000000000,134.16,373.75915
2022-12-03T03:00:00.000000000,116.15,369.74357
2022-12-03T04:00:00.000000000,94.21,371.41194
2022-12-03T05:00:00.000000000,89.48,373.86913
2022-12-03T06:00:00.000000000,124.16,377.72024
2022-12-03T07:00:00.000000000,104.54,387.77019
2022-12-03T08:00:00.000000000,128.88,395.16297
2022-12-03T09:00:00.000000000,155.99,402.59629
2022-12-03T10:00:00.000000000,150.79,420.07325
2022-12-03T11:00:00.000000000,148.87,435.95084
2022-12-03T12:00:00.000000000,166.52,444.71505
2022-12-03T13:00:00.000000000,149.07,457.10311
2022-12-03T14:00:00.000000000,128.0,454.87282
2022-12-03T15:00:00.000000000,172.54,445.68507
2022-12-03T16:00:00.000000000,128.78,448.1382
2022-12-03T17:00:00.000000000,150.82,448.79969
2022-12-03T18:00:00.000000000,137.68,445.80101
2022-12-03T19:00:00.000000000,135.22,443.72945
2022-12-03T20:00:00.000000000,136.46,441.41581
2022-12-03T21:00:00.000000000,117.39,435.41004
2022-12-03T22:00:00.000000000,131.77,435.56227
2022-12-03T23:00:00.000000000,123.2,431.77303
2022-12-04T00:00:00.000000000,118.1,483.43354
2022-12-04T01:00:00.000000000,113.28,486.83119
2022-12-04T02:00:00.000000000,134.75,501.07035
2022-12-04T03:00:00.000000000,137.46,506.85261
2022-12-04T04:00:00.000000000,146.75,516.02847
2022-12-04T05:00:00.000000000,142.88,526.31233
2022-12-04T06:00:00.000000000,134.63,538.25427
2022-12-04T07:00:00.000000000,145.86,557.38421
2022-12-04T08:00:00.000000000,161.35,561.98832
2022-12-04T09:00:00.000000000,173.31,571.29035
2022-12-04T10:00:00.000000000,171.38,582.07402
2022-12-04T11:00:00.000000000,174.37,590.82471
2022-12-04T12:00:00.000000000,179.0,586.77801
2022-12-04T13:00:00.000000000,179.15,590.54904
2022-12-04T14:00:00.000000000,175.49,581.58725
2022-12-04T15:00:00.000000000,192.02,562.5806
2022-12-04T16:00:00.000000000,178.33,555.69563
2022-12-04T17:00:00.000000000,146.54,547.31362
2022-12-04T18:00:00.000000000,127.9,531.59998
2022-12-04T19:00:00.000000000,101.2,521.38485
2022-12-04T20:00:00.000000000,146.78,507.55123
2022-12-04T21:00:00.000000000,117.15,493.78371
2022-12-04T22:00:00.000000000,126.78,493.02228
2022-12-04T23:00:00.000000000,118.2,488.33361
2022-12-05T00:00:00.000000000,123.09,532.94708
2022-12-05T01:00:00.000000000,87.18,532.44843
2022-12-05T02:00:00.000000000,102.04,540.61635
2022-12-05T03:00:00.000000000,114.29,539.20244
2022-12-05T04:00:00.000000000,119.95,545.50946
2022-12-05T05:00:00.000000000,100.34,554.42119
2022-12-05T06:00:00.000000000,103.27,565.64664
2022-12-05T07:00:00.000000000,157.72,583.42453
2022-12-05T08:00:00.000000000,109.94,584.61979
2022-12-05T09:00:00.000000000,161.76,593.91336
2022-12-05T10:00:00.000000000,168.18,603.24672
2022-12-05T11:00:00.000000000,173.39,612.24417
2022-12-05T12:00:00.000000000,175.02,608.73923
2022-12-05T13:00:00.000000000,177.18,611.78739
2022-12-05T14:00:00.000000000,137.61,604.68574
2022-12-05T15:00:00.000000000,104.96,587.19339
2022-12-05T16:00:00.000000000,124.48,581.46912
2022-12-05T17:00:00.000000000,120.04,574.43053
2022-12-05T18:00:00.000000000,124.68,561.23755
2022-12-05T19:00:00.000000000,117.85,553.656
2022-12-05T20:00:00.000000000,87.57,542.52819
2022-12-05T21:00:00.000000000,81.31,532.67283
2022-12-05T22:00:00.000000000,77.67,534.52752
2022-12-05T23:00:00.000000000,89.04,529.08191
2022-12-06T00:00:00.000000000,125.93,563.46579
2022-12-06T01:00:00.000000000,121.31,560.26755
2022-12-06T02:00:00.000000000,83.36,564.59437
2022-12-06T03:00:00.000000000,91.23,560.29571
2022-12-06T04:00:00.000000000,89.42,563.42485
2022-12-06T05:00:00.000000000,89.36,568.69767
2022-12-06T06:00:00.000000000,96.46,574.38342
2022-12-06T07:00:00.000000000,109.95,588.29489
2022-12-06T08:00:00.000000000,119.49,584.94061
2022-12-06T09:00:00.000000000,149.6,589.57334
2022-12-06T10:00:00.000000000,159.13,595.26075
2022-12-06T11:00:00.000000000,151.06,602.8111
2022-12-06T12:00:00.000000000,112.66,597.86355
2022-12-06T13:00:00.000000000,95.43,599.67617
2022-12-06T14:00:00.000000000,78.43,591.42945
2022-12-06T15:00:00.000000000,69.13,573.41967
2022-12-06T16:00:00.000000000,62.24,568.17121
2022-12-06T17:00:00.000000000,61.9,562.05322
2022-12-06T18:00:00.000000000,57.9,549.14878
2022-12-06T19:00:00.000000000,59.4,542.69351
2022-12-06T20:00:00.000000000,57.53,534.36461
2022-12-06T21:00:00.000000000,57.95,528.46393
2022-12-06T22:00:00.000000000,60.6,533.86984
2022-12-06T23:00:00.000000000,60.83,532.44956
2022-12-04T00:00:00.000000000,118.1,284.99445
2022-12-04T01:00:00.000000000,113.28,287.04891
2022-12-04T02:00:00.000000000,134.75,300.09546
2022-12-04T03:00:00.000000000,137.46,297.687
2022-12-04T04:00:00.000000000,146.75,304.14051
2022-12-04T05:00:00.000000000,142.88,311.7403
2022-12-04T06:00:00.000000000,134.63,324.59299
2022-12-04T07:00:00.000000000,145.86,339.11482
2022-12-04T08:00:00.000000000,161.35,350.07097
2022-12-04T09:00:00.000000000,173.31,359.71423
2022-12-04T10:00:00.000000000,171.38,379.8092
2022-12-04T11:00:00.000000000,174.37,399.03388
2022-12-04T12:00:00.000000000,179.0,411.47184
2022-12-04T13:00:00.000000000,179.15,425.66063
2022-12-04T14:00:00.000000000,175.49,424.00456
2022-12-04T15:00:00.000000000,192.02,412.66115
2022-12-04T16:00:00.000000000,178.33,411.58618
2022-12-04T17:00:00.000000000,146.54,405.15602
2022-12-04T18:00:00.000000000,127.9,397.03621
2022-12-04T19:00:00.000000000,101.2,390.83194
2022-12-04T20:00:00.000000000,146.78,381.20526
2022-12-04T21:00:00.000000000,117.15,375.60001
2022-12-04T22:00:00.000000000,126.78,377.03029
2022-12-04T23:00:00.000000000,118.2,374.18843
2022-12-05T00:00:00.000000000,123.09,430.18245
2022-12-05T01:00:00.000000000,87.18,430.33009
2022-12-05T02:00:00.000000000,102.04,442.35374
2022-12-05T03:00:00.000000000,114.29,445.07519
2022-12-05T04:00:00.000000000,119.95,451.87618
2022-12-05T05:00:00.000000000,100.34,458.49719
2022-12-05T06:00:00.000000000,103.27,467.21106
2022-12-05T07:00:00.000000000,157.72,483.43933
2022-12-05T08:00:00.000000000,109.94,488.8532
2022-12-05T09:00:00.000000000,161.76,495.60458
2022-12-05T10:00:00.000000000,168.18,506.46885
2022-12-05T11:00:00.000000000,173.39,515.66537
2022-12-05T12:00:00.000000000,175.02,514.39192
2022-12-05T13:00:00.000000000,177.18,521.22153
2022-12-05T14:00:00.000000000,137.61,513.77406
2022-12-05T15:00:00.000000000,104.96,499.3063
2022-12-05T16:00:00.000000000,124.48,496.29088
2022-12-05T17:00:00.000000000,120.04,493.2153
2022-12-05T18:00:00.000000000,124.68,482.84914
2022-12-05T19:00:00.000000000,117.85,474.85817
2022-12-05T20:00:00.000000000,87.57,464.00394
2022-12-05T21:00:00.000000000,81.31,451.17789
2022-12-05T22:00:00.000000000,77.67,449.30971
2022-12-05T23:00:00.000000000,89.04,445.15417
2022-12-06T00:00:00.000000000,125.93,501.90131
2022-12-06T01:00:00.000000000,121.31,502.44789
2022-12-06T02:00:00.000000000,83.36,514.66575
2022-12-06T03:00:00.000000000,91.23,519.37808
2022-12-06T04:00:00.000000000,89.42,525.5533
2022-12-06T05:00:00.000000000,89.36,528.37708
2022-12-06T06:00:00.000000000,96.46,529.95519
2022-12-06T07:00:00.000000000,109.95,540.13249
2022-12-06T08:00:00.000000000,119.49,536.9969
2022-12-06T09:00:00.000000000,149.6,536.64609
2022-12-06T10:00:00.000000000,159.13,541.81149
2022-12-06T11:00:00.000000000,151.06,547.5855
2022-12-06T12:00:00.000000000,112.66,539.42162
2022-12-06T13:00:00.000000000,95.43,540.17748
2022-12-06T14:00:00.000000000,78.43,527.44428
2022-12-06T15:00:00.000000000,69.13,506.25533
2022-12-06T16:00:00.000000000,62.24,497.56837
2022-12-06T17:00:00.000000000,61.9,488.45899
2022-12-06T18:00:00.000000000,57.9,474.19458
2022-12-06T19:00:00.000000000,59.4,467.2912
2022-12-06T20:00:00.000000000,57.53,457.61958
2022-12-06T21:00:00.000000000,57.95,450.35418
2022-12-06T22:00:00.000000000,60.6,456.66553
2022-12-06T23:00:00.000000000,60.83,459.40966
2022-12-07T00:00:00.000000000,60.24,523.39312
2022-12-07T01:00:00.000000000,48.67,524.2931
2022-12-07T02:00:00.000000000,48.55,534.89066
2022-12-07T03:00:00.000000000,48.45,537.65866
2022-12-07T04:00:00.000000000,47.69,543.54072
2022-12-07T05:00:00.000000000,47.69,547.62019
2022-12-07T06:00:00.000000000,47.86,550.69956
2022-12-07T07:00:00.000000000,53.44,562.63592
2022-12-07T08:00:00.000000000,56.84,559.8351
2022-12-07T09:00:00.000000000,79.89,562.5574
2022-12-07T10:00:00.000000000,89.26,568.90936
2022-12-07T11:00:00.000000000,112.44,576.20654
2022-12-07T12:00:00.000000000,93.59,569.40467
2022-12-07T13:00:00.000000000,143.28,570.99552
2022-12-07T14:00:00.000000000,92.89,560.40921
2022-12-07T15:00:00.000000000,88.07,539.99362
2022-12-07T16:00:00.000000000,89.1,532.41065
2022-12-07T17:00:00.000000000,87.57,523.15894
2022-12-07T18:00:00.000000000,87.18,507.87072
2022-12-07T19:00:00.000000000,100.04,499.43197
2022-12-07T20:00:00.000000000,90.54,487.86017
2022-12-07T21:00:00.000000000,107.94,478.79773
2022-12-07T22:00:00.000000000,106.45,483.6234
2022-12-07T23:00:00.000000000,98.75,483.95039
2022-12-05T00:00:00.000000000,123.09,282.48699
2022-12-05T01:00:00.000000000,87.18,282.40473
2022-12-05T02:00:00.000000000,102.04,293.42534
2022-12-05T03:00:00.000000000,114.29,288.50914
2022-12-05T04:00:00.000000000,119.95,294.72097
2022-12-05T05:00:00.000000000,100.34,302.00776
2022-12-05T06:00:00.000000000,103.27,316.58776
2022-12-05T07:00:00.000000000,157.72,333.51907
2022-12-05T08:00:00.000000000,109.94,346.5411
2022-12-05T09:00:00.000000000,161.76,358.88505
2022-12-05T10:00:00.000000000,168.18,381.37604
2022-12-05T11:00:00.000000000,173.39,401.25873
2022-12-05T12:00:00.000000000,175.02,414.04496
2022-12-05T13:00:00.000000000,177.18,428.35244
2022-12-05T14:00:00.000000000,137.61,426.19463
2022-12-05T15:00:00.000000000,104.96,414.737
2022-12-05T16:00:00.000000000,124.48,412.38625
2022-12-05T17:00:00.000000000,120.04,405.25511
2022-12-05T18:00:00.000000000,124.68,397.19552
2022-12-05T19:00:00.000000000,117.85,389.89795
2022-12-05T20:00:00.000000000,87.57,377.92597
2022-12-05T21:00:00.000000000,81.31,370.39433
2022-12-05T22:00:00.000000000,77.67,370.33345
2022-12-05T23:00:00.000000000,89.04,365.052
2022-12-06T00:00:00.000000000,125.93,441.72151
2022-12-06T01:00:00.000000000,121.31,442.93029
2022-12-06T02:00:00.000000000,83.36,457.1241
2022-12-06T03:00:00.000000000,91.23,461.77486
2022-12-06T04:00:00.000000000,89.42,467.20394
2022-12-06T05:00:00.000000000,89.36,469.84835
2022-12-06T06:00:00.000000000,96.46,472.64059
2022-12-06T07:00:00.000000000,109.95,483.5695
2022-12-06T08:00:00.000000000,119.49,484.82125
2022-12-06T09:00:00.000000000,149.6,486.26615
2022-12-06T10:00:00.000000000,159.13,495.07033
2022-12-06T11:00:00.000000000,151.06,502.72769
2022-12-06T12:00:00.000000000,112.66,498.67982
2022-12-06T13:00:00.000000000,95.43,502.79829
2022-12-06T14:00:00.000000000,78.43,490.68069
2022-12-06T15:00:00.000000000,69.13,472.06255
2022-12-06T16:00:00.000000000,62.24,463.58753
2022-12-06T17:00:00.000000000,61.9,456.44035
2022-12-06T18:00:00.000000000,57.9,444.25006
2022-12-06T19:00:00.000000000,59.4,436.95493
2022-12-06T20:00:00.000000000,57.53,427.90836
2022-12-06T21:00:00.000000000,57.95,419.6041
2022-12-06T22:00:00.000000000,60.6,423.92552
2022-12-06T23:00:00.000000000,60.83,426.15048
2022-12-07T00:00:00.000000000,60.24,496.63927
2022-12-07T01:00:00.000000000,48.67,498.12616
2022-12-07T02:00:00.000000000,48.55,509.84462
2022-12-07T03:00:00.000000000,48.45,513.49648
2022-12-07T04:00:00.000000000,47.69,520.02056
2022-12-07T05:00:00.000000000,47.69,525.86354
2022-12-07T06:00:00.000000000,47.86,531.92588
2022-12-07T07:00:00.000000000,53.44,546.38794
2022-12-07T08:00:00.000000000,56.84,546.47725
2022-12-07T09:00:00.000000000,79.89,550.70435
2022-12-07T10:00:00.000000000,89.26,558.24195
2022-12-07T11:00:00.000000000,112.44,566.06917
2022-12-07T12:00:00.000000000,93.59,560.76048
2022-12-07T13:00:00.000000000,143.28,563.7894
2022-12-07T14:00:00.000000000,92.89,553.84094
2022-12-07T15:00:00.000000000,88.07,534.70117
2022-12-07T16:00:00.000000000,89.1,528.12495
2022-12-07T17:00:00.000000000,87.57,520.46717
2022-12-07T18:00:00.000000000,87.18,505.88702
2022-12-07T19:00:00.000000000,100.04,496.85679
2022-12-07T20:00:00.000000000,90.54,484.67833
2022-12-07T21:00:00.000000000,107.94,473.55665
2022-12-07T22:00:00.000000000,106.45,475.61273
2022-12-07T23:00:00.000000000,98.75,474.41493
2022-12-08T00:00:00.000000000,113.87,555.07299
2022-12-08T01:00:00.000000000,86.6,549.77425
2022-12-08T02:00:00.000000000,114.45,552.96571
2022-12-08T03:00:00.000000000,85.6,548.81871
2022-12-08T04:00:00.000000000,91.97,550.38657
2022-12-08T05:00:00.000000000,76.74,549.40732
2022-12-08T06:00:00.000000000,119.85,547.6224
2022-12-08T07:00:00.000000000,96.64,555.64994
2022-12-08T08:00:00.000000000,97.75,549.73556
2022-12-08T09:00:00.000000000,90.15,550.69985
2022-12-08T10:00:00.000000000,90.24,556.03966
2022-12-08T11:00:00.000000000,89.62,562.8843
2022-12-08T12:00:00.000000000,106.26,555.07057
2022-12-08T13:00:00.000000000,140.14,554.91258
2022-12-08T14:00:00.000000000,92.16,544.10996
2022-12-08T15:00:00.000000000,96.05,525.27339
2022-12-08T16:00:00.000000000,101.27,519.80404
2022-12-08T17:00:00.000000000,79.36,513.50398
2022-12-08T18:00:00.000000000,71.19,501.87007
2022-12-08T19:00:00.000000000,73.33,496.29233
2022-12-08T20:00:00.000000000,76.97,486.92312
2022-12-08T21:00:00.000000000,62.58,480.85049
2022-12-08T22:00:00.000000000,64.2,488.63972
2022-12-08T23:00:00.000000000,56.82,490.04809
2022-12-06T00:00:00.000000000,125.93,295.88104
2022-12-06T01:00:00.000000000,121.31,293.62189
2022-12-06T02:00:00.000000000,83.36,301.35174
2022-12-06T03:00:00.000000000,91.23,293.79704
2022-12-06T04:00:00.000000000,89.42,297.81614
2022-12-06T05:00:00.000000000,89.36,303.11571
2022-12-06T06:00:00.000000000,96.46,316.50518
2022-12-06T07:00:00.000000000,109.95,333.3164
2022-12-06T08:00:00.000000000,119.49,346.84743
2022-12-06T09:00:00.000000000,149.6,360.42296
2022-12-06T10:00:00.000000000,159.13,383.54357
2022-12-06T11:00:00.000000000,151.06,403.77331
2022-12-06T12:00:00.000000000,112.66,417.02644
2022-12-06T13:00:00.000000000,95.43,431.46783
2022-12-06T14:00:00.000000000,78.43,430.18278
2022-12-06T15:00:00.000000000,69.13,419.94335
2022-12-06T16:00:00.000000000,62.24,419.04954
2022-12-06T17:00:00.000000000,61.9,414.53046
2022-12-06T18:00:00.000000000,57.9,409.55833
2022-12-06T19:00:00.000000000,59.4,405.18884
2022-12-06T20:00:00.000000000,57.53,397.20129
2022-12-06T21:00:00.000000000,57.95,391.13024
2022-12-06T22:00:00.000000000,60.6,391.60781
2022-12-06T23:00:00.000000000,60.83,385.50844
2022-12-07T00:00:00.000000000,60.24,470.22311
2022-12-07T01:00:00.000000000,48.67,466.69001
2022-12-07T02:00:00.000000000,48.55,474.37423
2022-12-07T03:00:00.000000000,48.45,474.26098
2022-12-07T04:00:00.000000000,47.69,478.49087
2022-12-07T05:00:00.000000000,47.69,482.57268
2022-12-07T06:00:00.000000000,47.86,487.89224
2022-12-07T07:00:00.000000000,53.44,501.97845
2022-12-07T08:00:00.000000000,56.84,504.29638
2022-12-07T09:00:00.000000000,79.89,509.47311
2022-12-07T10:00:00.000000000,89.26,519.03227
2022-12-07T11:00:00.000000000,112.44,527.84266
2022-12-07T12:00:00.000000000,93.59,525.0263
2022-12-07T13:00:00.000000000,143.28,530.23485
2022-12-07T14:00:00.000000000,92.89,521.92823
2022-12-07T15:00:00.000000000,88.07,506.61468
2022-12-07T16:00:00.000000000,89.1,503.15885
2022-12-07T17:00:00.000000000,87.57,499.93319
2022-12-07T18:00:00.000000000,87.18,489.74831
2022-12-07T19:00:00.000000000,100.04,482.50766
2022-12-07T20:00:00.000000000,90.54,472.50425
2022-12-07T21:00:00.000000000,107.94,460.99481
2022-12-07T22:00:00.000000000,106.45,460.93866
2022-12-07T23:00:00.000000000,98.75,457.52748
2022-12-08T00:00:00.000000000,113.87,554.15385
2022-12-08T01:00:00.000000000,86.6,551.06195
2022-12-08T02:00:00.000000000,114.45,556.53892
2022-12-08T03:00:00.000000000,85.6,555.28576
2022-12-08T04:00:00.000000000,91.97,559.30734
2022-12-08T05:00:00.000000000,76.74,561.10979
2022-12-08T06:00:00.000000000,119.85,561.23263
2022-12-08T07:00:00.000000000,96.64,570.78746
2022-12-08T08:00:00.000000000,97.75,565.18011
2022-12-08T09:00:00.000000000,90.15,567.49133
2022-12-08T10:00:00.000000000,90.24,573.73982
2022-12-08T11:00:00.000000000,89.62,581.04649
2022-12-08T12:00:00.000000000,106.26,573.66376
2022-12-08T13:00:00.000000000,140.14,574.45585
2022-12-08T14:00:00.000000000,92.16,564.85675
2022-12-08T15:00:00.000000000,96.05,545.33809
2022-12-08T16:00:00.000000000,101.27,539.14008
2022-12-08T17:00:00.000000000,79.36,530.78339
2022-12-08T18:00:00.000000000,71.19,515.89892
2022-12-08T19:00:00.000000000,73.33,507.83531
2022-12-08T20:00:00.000000000,76.97,495.336
2022-12-08T21:00:00.000000000,62.58,486.74717
2022-12-08T22:00:00.000000000,64.2,493.01761
2022-12-08T23:00:00.000000000,56.82,493.21097
2022-12-09T00:00:00.000000000,46.15,560.01567
2022-12-09T01:00:00.000000000,43.96,558.75134
2022-12-09T02:00:00.000000000,47.8,565.89264
2022-12-09T03:00:00.000000000,45.41,566.08954
2022-12-09T04:00:00.000000000,47.42,570.95845
2022-12-09T05:00:00.000000000,47.59,573.47869
2022-12-09T06:00:00.000000000,59.38,572.996
2022-12-09T07:00:00.000000000,51.73,582.12771
2022-12-09T08:00:00.000000000,59.41,576.07495
2022-12-09T09:00:00.000000000,59.06,579.29502
2022-12-09T10:00:00.000000000,52.0,586.26667
2022-12-09T11:00:00.000000000,47.49,593.90603
2022-12-09T12:00:00.000000000,51.94,586.98804
2022-12-09T13:00:00.000000000,47.02,588.64591
2022-12-09T14:00:00.000000000,47.11,580.32075
2022-12-09T15:00:00.000000000,41.72,560.6456
2022-12-09T16:00:00.000000000,48.43,553.63975
2022-12-09T17:00:00.000000000,52.02,543.40813
2022-12-09T18:00:00.000000000,54.77,525.96414
2022-12-09T19:00:00.000000000,60.06,516.39961
2022-12-09T20:00:00.000000000,50.38,502.55303
2022-12-09T21:00:00.000000000,52.95,492.96679
2022-12-09T22:00:00.000000000,71.52,499.39977
2022-12-09T23:00:00.000000000,56.67,499.82356
2022-12-07T00:00:00.000000000,60.24,351.36646
2022-12-07T01:00:00.000000000,48.67,343.12555
2022-12-07T02:00:00.000000000,48.55,344.10282
2022-12-07T03:00:00.000000000,48.45,333.71765
2022-12-07T04:00:00.000000000,47.69,333.74448
2022-12-07T05:00:00.000000000,47.69,334.47157
2022-12-07T06:00:00.000000000,47.86,339.8854
2022-12-07T07:00:00.000000000,53.44,351.8007
2022-12-07T08:00:00.000000000,56.84,363.10069
2022-12-07T09:00:00.000000000,79.89,374.55199
2022-12-07T10:00:00.000000000,89.26,395.86967
2022-12-07T11:00:00.000000000,112.44,413.85997
2022-12-07T12:00:00.000000000,93.59,424.38882
2022-12-07T13:00:00.000000000,143.28,436.24908
2022-12-07T14:00:00.000000000,92.89,433.29245
2022-12-07T15:00:00.000000000,88.07,424.85343
2022-12-07T16:00:00.000000000,89.1,429.53423
2022-12-07T17:00:00.000000000,87.57,431.56739
2022-12-07T18:00:00.000000000,87.18,431.81777
2022-12-07T19:00:00.000000000,100.04,429.96868
2022-12-07T20:00:00.000000000,90.54,426.59605
2022-12-07T21:00:00.000000000,107.94,421.01326
2022-12-07T22:00:00.000000000,106.45,420.51434
2022-12-07T23:00:00.000000000,98.75,413.85187
2022-12-08T00:00:00.000000000,113.87,512.81898
2022-12-08T01:00:00.000000000,86.6,502.61476
2022-12-08T02:00:00.000000000,114.45,505.02308
2022-12-08T03:00:00.000000000,85.6,501.48419
2022-12-08T04:00:00.000000000,91.97,502.19518
2022-12-08T05:00:00.000000000,76.74,500.13963
2022-12-08T06:00:00.000000000,119.85,498.01736
2022-12-08T07:00:00.000000000,96.64,506.08447
2022-12-08T08:00:00.000000000,97.75,503.32667
2022-12-08T09:00:00.000000000,90.15,502.82624
2022-12-08T10:00:00.000000000,90.24,508.8555
2022-12-08T11:00:00.000000000,89.62,514.71565
2022-12-08T12:00:00.000000000,106.26,507.02881
2022-12-08T13:00:00.000000000,140.14,508.18038
2022-12-08T14:00:00.000000000,92.16,496.31766
2022-12-08T15:00:00.000000000,96.05,478.92736
2022-12-08T16:00:00.000000000,101.27,473.41265
2022-12-08T17:00:00.000000000,79.36,469.65632
2022-12-08T18:00:00.000000000,71.19,461.49028
2022-12-08T19:00:00.000000000,73.33,457.65052
2022-12-08T20:00:00.000000000,76.97,450.47477
2022-12-08T21:00:00.000000000,62.58,443.33282
2022-12-08T22:00:00.000000000,64.2,447.78175
2022-12-08T23:00:00.000000000,56.82,447.17899
2022-12-09T00:00:00.000000000,46.15,492.7791
2022-12-09T01:00:00.000000000,43.96,493.92405
2022-12-09T02:00:00.000000000,47.8,506.06701
2022-12-09T03:00:00.000000000,45.41,507.58322
2022-12-09T04:00:00.000000000,47.42,510.90909
2022-12-09T05:00:00.000000000,47.59,510.9103
2022-12-09T06:00:00.000000000,59.38,512.50349
2022-12-09T07:00:00.000000000,51.73,523.52658
2022-12-09T08:00:00.000000000,59.41,524.18705
2022-12-09T09:00:00.000000000,59.06,526.29454
2022-12-09T10:00:00.000000000,52.0,532.88709
2022-12-09T11:00:00.000000000,47.49,539.56112
2022-12-09T12:00:00.000000000,51.94,531.36972
2022-12-09T13:00:00.000000000,47.02,530.43512
2022-12-09T14:00:00.000000000,47.11,515.02898
2022-12-09T15:00:00.000000000,41.72,493.56503
2022-12-09T16:00:00.000000000,48.43,484.27612
2022-12-09T17:00:00.000000000,52.02,477.01019
2022-12-09T18:00:00.000000000,54.77,467.63689
2022-12-09T19:00:00.000000000,60.06,464.13199
2022-12-09T20:00:00.000000000,50.38,459.64309
2022-12-09T21:00:00.000000000,52.95,455.75322
2022-12-09T22:00:00.000000000,71.52,463.674
2022-12-09T23:00:00.000000000,56.67,466.88853
2022-12-10T00:00:00.000000000,53.64,514.97937
2022-12-10T01:00:00.000000000,49.26,502.92079
2022-12-10T02:00:00.000000000,46.87,503.41573
2022-12-10T03:00:00.000000000,42.2,496.72949
2022-12-10T04:00:00.000000000,40.88,494.30947
2022-12-10T05:00:00.000000000,41.12,489.12095
2022-12-10T06:00:00.000000000,41.25,484.9984
2022-12-10T07:00:00.000000000,41.59,491.73217
2022-12-10T08:00:00.000000000,39.9,489.81033
2022-12-10T09:00:00.000000000,41.55,489.38479
2022-12-10T10:00:00.000000000,44.33,495.87363
2022-12-10T11:00:00.000000000,43.91,502.38612
2022-12-10T12:00:00.000000000,39.89,495.173
2022-12-10T13:00:00.000000000,49.15,496.02691
2022-12-10T14:00:00.000000000,47.53,483.42788
2022-12-10T15:00:00.000000000,48.89,467.27854
2022-12-10T16:00:00.000000000,45.28,462.46074
2022-12-10T17:00:00.000000000,46.82,460.86647
2022-12-10T18:00:00.000000000,42.98,456.15198
2022-12-10T19:00:00.000000000,41.8,454.07843
2022-12-10T20:00:00.000000000,44.71,449.26128
2022-12-10T21:00:00.000000000,44.29,443.13342
2022-12-10T22:00:00.000000000,41.98,447.84573
2022-12-10T23:00:00.000000000,41.43,447.33734
2022-12-08T00:00:00.000000000,113.87,333.99699
2022-12-08T01:00:00.000000000,86.6,330.49209
2022-12-08T02:00:00.000000000,114.45,336.88782
2022-12-08T03:00:00.000000000,85.6,329.70297
2022-12-08T04:00:00.000000000,91.97,330.90881
2022-12-08T05:00:00.000000000,76.74,334.87429
2022-12-08T06:00:00.000000000,119.85,345.33538
2022-12-08T07:00:00.000000000,96.64,360.6974
2022-12-08T08:00:00.000000000,97.75,372.98355
2022-12-08T09:00:00.000000000,90.15,385.49732
2022-12-08T10:00:00.000000000,90.24,406.98509
2022-12-08T11:00:00.000000000,89.62,426.60765
2022-12-08T12:00:00.000000000,106.26,438.73712
2022-12-08T13:00:00.000000000,140.14,452.81898
2022-12-08T14:00:00.000000000,92.16,451.20355
2022-12-08T15:00:00.000000000,96.05,440.76788
2022-12-08T16:00:00.000000000,101.27,440.08332
2022-12-08T17:00:00.000000000,79.36,437.42952
2022-12-08T18:00:00.000000000,71.19,432.03874
2022-12-08T19:00:00.000000000,73.33,428.63075
2022-12-08T20:00:00.000000000,76.97,424.33234
2022-12-08T21:00:00.000000000,62.58,418.85576
2022-12-08T22:00:00.000000000,64.2,419.9838
2022-12-08T23:00:00.000000000,56.82,415.62463
2022-12-09T00:00:00.000000000,46.15,483.9089
2022-12-09T01:00:00.000000000,43.96,479.00363
2022-12-09T02:00:00.000000000,47.8,486.21662
2022-12-09T03:00:00.000000000,45.41,485.42382
2022-12-09T04:00:00.000000000,47.42,487.43513
2022-12-09T05:00:00.000000000,47.59,487.04258
2022-12-09T06:00:00.000000000,59.38,487.6998
2022-12-09T07:00:00.000000000,51.73,498.08821
2022-12-09T08:00:00.000000000,59.41,498.46347
2022-12-09T09:00:00.000000000,59.06,500.22427
2022-12-09T10:00:00.000000000,52.0,508.03275
2022-12-09T11:00:00.000000000,47.49,515.11333
2022-12-09T12:00:00.000000000,51.94,509.15117
2022-12-09T13:00:00.000000000,47.02,511.44535
2022-12-09T14:00:00.000000000,47.11,499.33821
2022-12-09T15:00:00.000000000,41.72,481.67316
2022-12-09T16:00:00.000000000,48.43,475.33194
2022-12-09T17:00:00.000000000,52.02,470.97767
2022-12-09T18:00:00.000000000,54.77,462.30633
2022-12-09T19:00:00.000000000,60.06,457.45842
2022-12-09T20:00:00.000000000,50.38,450.29691
2022-12-09T21:00:00.000000000,52.95,442.30959
2022-12-09T22:00:00.000000000,71.52,446.01938
2022-12-09T23:00:00.000000000,56.67,445.71483
2022-12-10T00:00:00.000000000,53.64,506.41149
2022-12-10T01:00:00.000000000,49.26,492.18049
2022-12-10T02:00:00.000000000,46.87,490.86426
2022-12-10T03:00:00.000000000,42.2,482.16913
2022-12-10T04:00:00.000000000,40.88,478.61937
2022-12-10T05:00:00.000000000,41.12,472.56861
2022-12-10T06:00:00.000000000,41.25,468.23742
2022-12-10T07:00:00.000000000,41.59,475.13675
2022-12-10T08:00:00.000000000,39.9,474.15513
2022-12-10T09:00:00.000000000,41.55,474.14705
2022-12-10T10:00:00.000000000,44.33,481.21859
2022-12-10T11:00:00.000000000,43.91,487.92952
2022-12-10T12:00:00.000000000,39.89,481.17452
2022-12-10T13:00:00.000000000,49.15,482.0415
2022-12-10T14:00:00.000000000,47.53,469.59017
2022-12-10T15:00:00.000000000,48.89,454.39946
2022-12-10T16:00:00.000000000,45.28,450.04948
2022-12-10T17:00:00.000000000,46.82,449.43352
2022-12-10T18:00:00.000000000,42.98,446.28281
2022-12-10T19:00:00.000000000,41.8,445.04332
2022-12-10T20:00:00.000000000,44.71,441.19274
2022-12-10T21:00:00.000000000,44.29,435.56158
2022-12-10T22:00:00.000000000,41.98,440.10161
2022-12-10T23:00:00.000000000,41.43,439.38761
2022-12-11T00:00:00.000000000,40.19,448.54181
2022-12-11T01:00:00.000000000,41.07,451.1539
2022-12-11T02:00:00.000000000,44.23,464.82703
2022-12-11T03:00:00.000000000,51.39,468.53891
2022-12-11T04:00:00.000000000,53.61,477.15798
2022-12-11T05:00:00.000000000,60.51,488.10701
2022-12-11T06:00:00.000000000,73.67,502.80866
2022-12-11T07:00:00.000000000,68.62,523.48101
2022-12-11T08:00:00.000000000,103.02,529.84259
2022-12-11T09:00:00.000000000,96.19,539.19103
2022-12-11T10:00:00.000000000,86.24,549.30231
2022-12-11T11:00:00.000000000,80.04,558.71431
2022-12-11T12:00:00.000000000,91.7,557.11354
2022-12-11T13:00:00.000000000,103.06,563.52632
2022-12-11T14:00:00.000000000,137.33,557.86319
2022-12-11T15:00:00.000000000,134.3,543.11422
2022-12-11T16:00:00.000000000,117.8,539.97113
2022-12-11T17:00:00.000000000,134.94,536.56723
2022-12-11T18:00:00.000000000,91.11,526.34644
2022-12-11T19:00:00.000000000,83.74,519.36971
2022-12-11T20:00:00.000000000,120.72,508.79765
2022-12-11T21:00:00.000000000,88.54,494.69223
2022-12-11T22:00:00.000000000,95.6,490.70114
2022-12-11T23:00:00.000000000,108.42,483.07457
2022-12-09T00:00:00.000000000,46.15,295.14266
2022-12-09T01:00:00.000000000,43.96,289.97159
2022-12-09T02:00:00.000000000,47.8,295.79461
2022-12-09T03:00:00.000000000,45.41,287.31314
2022-12-09T04:00:00.000000000,47.42,292.59907
2022-12-09T05:00:00.000000000,47.59,299.08759
2022-12-09T06:00:00.000000000,59.38,314.49203
2022-12-09T07:00:00.000000000,51.73,332.72606
2022-12-09T08:00:00.000000000,59.41,348.13954
2022-12-09T09:00:00.000000000,59.06,363.09755
2022-12-09T10:00:00.000000000,52.0,385.2848
2022-12-09T11:00:00.000000000,47.49,403.31282
2022-12-09T12:00:00.000000000,51.94,413.72098
2022-12-09T13:00:00.000000000,47.02,426.09729
2022-12-09T14:00:00.000000000,47.11,425.49784
2022-12-09T15:00:00.000000000,41.72,418.10607
2022-12-09T16:00:00.000000000,48.43,422.40377
2022-12-09T17:00:00.000000000,52.02,424.53522
2022-12-09T18:00:00.000000000,54.77,425.85107
2022-12-09T19:00:00.000000000,60.06,426.40149
2022-12-09T20:00:00.000000000,50.38,422.72401
2022-12-09T21:00:00.000000000,52.95,416.68887
2022-12-09T22:00:00.000000000,71.52,415.28055
2022-12-09T23:00:00.000000000,56.67,405.21908
2022-12-10T00:00:00.000000000,53.64,464.49779
2022-12-10T01:00:00.000000000,49.26,450.29287
2022-12-10T02:00:00.000000000,46.87,448.75454
2022-12-10T03:00:00.000000000,42.2,437.90137
2022-12-10T04:00:00.000000000,40.88,434.59783
2022-12-10T05:00:00.000000000,41.12,428.75153
2022-12-10T06:00:00.000000000,41.25,425.48341
2022-12-10T07:00:00.000000000,41.59,432.74541
2022-12-10T08:00:00.000000000,39.9,433.81071
2022-12-10T09:00:00.000000000,41.55,434.36671
2022-12-10T10:00:00.000000000,44.33,442.44021
2022-12-10T11:00:00.000000000,43.91,450.08635
2022-12-10T12:00:00.000000000,39.89,444.74252
2022-12-10T13:00:00.000000000,49.15,445.29796
2022-12-10T14:00:00.000000000,47.53,433.70428
2022-12-10T15:00:00.000000000,48.89,419.98221
2022-12-10T16:00:00.000000000,45.28,417.57375
2022-12-10T17:00:00.000000000,46.82,417.94072
2022-12-10T18:00:00.000000000,42.98,418.11032
2022-12-10T19:00:00.000000000,41.8,419.06803
2022-12-10T20:00:00.000000000,44.71,417.08892
2022-12-10T21:00:00.000000000,44.29,413.20636
2022-12-10T22:00:00.000000000,41.98,417.6661
2022-12-10T23:00:00.000000000,41.43,416.91809
2022-12-11T00:00:00.000000000,40.19,453.22923
2022-12-11T01:00:00.000000000,41.07,456.46788
2022-12-11T02:00:00.000000000,44.23,470.37102
2022-12-11T03:00:00.000000000,51.39,474.56897
2022-12-11T04:00:00.000000000,53.61,482.36866
2022-12-11T05:00:00.000000000,60.51,491.66448
2022-12-11T06:00:00.000000000,73.67,503.4423
2022-12-11T07:00:00.000000000,68.62,522.19582
2022-12-11T08:00:00.000000000,103.02,527.19606
2022-12-11T09:00:00.000000000,96.19,535.28221
2022-12-11T10:00:00.000000000,86.24,545.24441
2022-12-11T11:00:00.000000000,80.04,554.73996
2022-12-11T12:00:00.000000000,91.7,552.86953
2022-12-11T13:00:00.000000000,103.06,558.97398
2022-12-11T14:00:00.000000000,137.33,552.06227
2022-12-11T15:00:00.000000000,134.3,536.16644
2022-12-11T16:00:00.000000000,117.8,531.94242
2022-12-11T17:00:00.000000000,134.94,527.24454
2022-12-11T18:00:00.000000000,91.11,515.22338
2022-12-11T19:00:00.000000000,83.74,506.81362
2022-12-11T20:00:00.000000000,120.72,495.34808
2022-12-11T21:00:00.000000000,88.54,481.75155
2022-12-11T22:00:00.000000000,95.6,479.45029
2022-12-11T23:00:00.000000000,108.42,474.33949
2022-12-12T00:00:00.000000000,79.34,498.24154
2022-12-12T01:00:00.000000000,69.54,503.71589
2022-12-12T02:00:00.000000000,64.3,520.67319
2022-12-12T03:00:00.000000000,54.41,529.4413
2022-12-12T04:00:00.000000000,66.68,539.46436
2022-12-12T05:00:00.000000000,54.25,549.30648
2022-12-12T06:00:00.000000000,71.74,558.21079
2022-12-12T07:00:00.000000000,76.04,574.29028
2022-12-12T08:00:00.000000000,62.05,574.60344
2022-12-12T09:00:00.000000000,82.57,579.18539
2022-12-12T10:00:00.000000000,68.23,586.4512
2022-12-12T11:00:00.000000000,86.2,594.27196
2022-12-12T12:00:00.000000000,73.21,589.09015
2022-12-12T13:00:00.000000000,77.94,593.21824
2022-12-12T14:00:00.000000000,81.84,584.26002
2022-12-12T15:00:00.000000000,103.46,563.51732
2022-12-12T16:00:00.000000000,75.33,554.88605
2022-12-12T17:00:00.000000000,99.28,543.67384
2022-12-12T18:00:00.000000000,97.74,525.33587
2022-12-12T19:00:00.000000000,92.77,514.24317
2022-12-12T20:00:00.000000000,92.56,499.7727
2022-12-12T21:00:00.000000000,70.61,486.72688
2022-12-12T22:00:00.000000000,68.94,486.91741
2022-12-12T23:00:00.000000000,66.71,484.31369
2022-12-10T00:00:00.000000000,53.64,212.38244
2022-12-10T01:00:00.000000000,49.26,210.35513
2022-12-10T02:00:00.000000000,46.87,219.89622
2022-12-10T03:00:00.000000000,42.2,211.11211
2022-12-10T04:00:00.000000000,40.88,222.70379
2022-12-10T05:00:00.000000000,41.12,231.85626
2022-12-10T06:00:00.000000000,41.25,249.53068
2022-12-10T07:00:00.000000000,41.59,262.35509
2022-12-10T08:00:00.000000000,39.9,270.79475
2022-12-10T09:00:00.000000000,41.55,273.29566
2022-12-10T10:00:00.000000000,44.33,285.02748
2022-12-10T11:00:00.000000000,43.91,296.85383
2022-12-10T12:00:00.000000000,39.89,301.12721
2022-12-10T13:00:00.000000000,49.15,306.26341
2022-12-10T14:00:00.000000000,47.53,301.69922
2022-12-10T15:00:00.000000000,48.89,293.93663
2022-12-10T16:00:00.000000000,45.28,302.1761
2022-12-10T17:00:00.000000000,46.82,304.79552
2022-12-10T18:00:00.000000000,42.98,312.58071
2022-12-10T19:00:00.000000000,41.8,316.40177
2022-12-10T20:00:00.000000000,44.71,310.16961
2022-12-10T21:00:00.000000000,44.29,311.26224
2022-12-10T22:00:00.000000000,41.98,313.63194
2022-12-10T23:00:00.000000000,41.43,308.43788
2022-12-11T00:00:00.000000000,40.19,334.7663
2022-12-11T01:00:00.000000000,41.07,343.35681
2022-12-11T02:00:00.000000000,44.23,365.69225
2022-12-11T03:00:00.000000000,51.39,374.56749
2022-12-11T04:00:00.000000000,53.61,388.29108
2022-12-11T05:00:00.000000000,60.51,400.90171
2022-12-11T06:00:00.000000000,73.67,416.22976
2022-12-11T07:00:00.000000000,68.62,435.20631
2022-12-11T08:00:00.000000000,103.02,445.43073
2022-12-11T09:00:00.000000000,96.19,454.51526
2022-12-11T10:00:00.000000000,86.24,468.68566
2022-12-11T11:00:00.000000000,80.04,479.69413
2022-12-11T12:00:00.000000000,91.7,482.27789
2022-12-11T13:00:00.000000000,103.06,492.26226
2022-12-11T14:00:00.000000000,137.33,486.21766
2022-12-11T15:00:00.000000000,134.3,472.76101
2022-12-11T16:00:00.000000000,117.8,470.04312
2022-12-11T17:00:00.000000000,134.94,465.33108
2022-12-11T18:00:00.000000000,91.11,452.72643
2022-12-11T19:00:00.000000000,83.74,442.02199
2022-12-11T20:00:00.000000000,120.72,427.33689
2022-12-11T21:00:00.000000000,88.54,413.08113
2022-12-11T22:00:00.000000000,95.6,409.78354
2022-12-11T23:00:00.000000000,108.42,405.86255
2022-12-12T00:00:00.000000000,79.34,428.7352
2022-12-12T01:00:00.000000000,69.54,438.17021
2022-12-12T02:00:00.000000000,64.3,461.02055
2022-12-12T03:00:00.000000000,54.41,474.45283
2022-12-12T04:00:00.000000000,66.68,486.80032
2022-12-12T05:00:00.000000000,54.25,497.62293
2022-12-12T06:00:00.000000000,71.74,508.16525
2022-12-12T07:00:00.000000000,76.04,525.17275
2022-12-12T08:00:00.000000000,62.05,528.81228
2022-12-12T09:00:00.000000000,82.57,533.07954
2022-12-12T10:00:00.000000000,68.23,541.38574
2022-12-12T11:00:00.000000000,86.2,548.8846
2022-12-12T12:00:00.000000000,73.21,544.8664
2022-12-12T13:00:00.000000000,77.94,550.83152
2022-12-12T14:00:00.000000000,81.84,541.11507
2022-12-12T15:00:00.000000000,103.46,521.35615
2022-12-12T16:00:00.000000000,75.33,512.35657
2022-12-12T17:00:00.000000000,99.28,502.26741
2022-12-12T18:00:00.000000000,97.74,484.60365
2022-12-12T19:00:00.000000000,92.77,473.26598
2022-12-12T20:00:00.000000000,92.56,459.34501
2022-12-12T21:00:00.000000000,70.61,445.22866
2022-12-12T22:00:00.000000000,68.94,444.42359
2022-12-12T23:00:00.000000000,66.71,443.43296
2022-12-13T00:00:00.000000000,88.35,509.56079
2022-12-13T01:00:00.000000000,78.35,511.51429
2022-12-13T02:00:00.000000000,86.37,524.02081
2022-12-13T03:00:00.000000000,79.29,528.8017
2022-12-13T04:00:00.000000000,59.49,536.31773
2022-12-13T05:00:00.000000000,63.51,544.59527
2022-12-13T06:00:00.000000000,66.07,552.95529
2022-12-13T07:00:00.000000000,101.18,568.86325
2022-12-13T08:00:00.000000000,107.25,569.83529
2022-12-13T09:00:00.000000000,105.09,575.61484
2022-12-13T10:00:00.000000000,98.21,583.71506
2022-12-13T11:00:00.000000000,103.39,591.89497
2022-12-13T12:00:00.000000000,99.93,587.37971
2022-12-13T13:00:00.000000000,95.61,591.49397
2022-12-13T14:00:00.000000000,81.27,582.98008
2022-12-13T15:00:00.000000000,71.26,563.66511
2022-12-13T16:00:00.000000000,87.8,556.73353
2022-12-13T17:00:00.000000000,66.56,547.37394
2022-12-13T18:00:00.000000000,61.99,530.58191
2022-12-13T19:00:00.000000000,65.78,519.74726
2022-12-13T20:00:00.000000000,64.08,505.26838
2022-12-13T21:00:00.000000000,75.26,492.1727
2022-12-13T22:00:00.000000000,60.68,491.81089
2022-12-13T23:00:00.000000000,78.37,487.85813
2022-12-11T00:00:00.000000000,40.19,294.3156
2022-12-11T01:00:00.000000000,41.07,290.40282
2022-12-11T02:00:00.000000000,44.23,296.10905
2022-12-11T03:00:00.000000000,51.39,288.63931
2022-12-11T04:00:00.000000000,53.61,294.03422
2022-12-11T05:00:00.000000000,60.51,301.10859
2022-12-11T06:00:00.000000000,73.67,317.2244
2022-12-11T07:00:00.000000000,68.62,336.12874
2022-12-11T08:00:00.000000000,103.02,352.90918
2022-12-11T09:00:00.000000000,96.19,369.26492
2022-12-11T10:00:00.000000000,86.24,393.76399
2022-12-11T11:00:00.000000000,80.04,412.95766
2022-12-11T12:00:00.000000000,91.7,424.86282
2022-12-11T13:00:00.000000000,103.06,437.65187
2022-12-11T14:00:00.000000000,137.33,435.49554
2022-12-11T15:00:00.000000000,134.3,425.52562
2022-12-11T16:00:00.000000000,117.8,426.78002
2022-12-11T17:00:00.000000000,134.94,424.95307
2022-12-11T18:00:00.000000000,91.11,423.25995
2022-12-11T19:00:00.000000000,83.74,421.41436
2022-12-11T20:00:00.000000000,120.72,416.65661
2022-12-11T21:00:00.000000000,88.54,410.29392
2022-12-11T22:00:00.000000000,95.6,409.15512
2022-12-11T23:00:00.000000000,108.42,400.06672
2022-12-12T00:00:00.000000000,79.34,420.56408
2022-12-12T01:00:00.000000000,69.54,426.37222
2022-12-12T02:00:00.000000000,64.3,446.34583
2022-12-12T03:00:00.000000000,54.41,457.23636
2022-12-12T04:00:00.000000000,66.68,468.50538
2022-12-12T05:00:00.000000000,54.25,476.86648
2022-12-12T06:00:00.000000000,71.74,484.89814
2022-12-12T07:00:00.000000000,76.04,499.74975
2022-12-12T08:00:00.000000000,62.05,502.53349
2022-12-12T09:00:00.000000000,82.57,505.32061
2022-12-12T10:00:00.000000000,68.23,514.07593
2022-12-12T11:00:00.000000000,86.2,521.38981
2022-12-12T12:00:00.000000000,73.21,517.17183
2022-12-12T13:00:00.000000000,77.94,522.60594
2022-12-12T14:00:00.000000000,81.84,511.46118
2022-12-12T15:00:00.000000000,103.46,491.89812
2022-12-12T16:00:00.000000000,75.33,482.45596
2022-12-12T17:00:00.000000000,99.28,473.17147
2022-12-12T18:00:00.000000000,97.74,457.3764
2022-12-12T19:00:00.000000000,92.77,446.92846
2022-12-12T20:00:00.000000000,92.56,434.04339
2022-12-12T21:00:00.000000000,70.61,421.81014
2022-12-12T22:00:00.000000000,68.94,422.65101
2022-12-12T23:00:00.000000000,66.71,422.60657
2022-12-13T00:00:00.000000000,88.35,494.65054
2022-12-13T01:00:00.000000000,78.35,493.52433
2022-12-13T02:00:00.000000000,86.37,502.76672
2022-12-13T03:00:00.000000000,79.29,503.86784
2022-12-13T04:00:00.000000000,59.49,508.95339
2022-12-13T05:00:00.000000000,63.51,514.52275
2022-12-13T06:00:00.000000000,66.07,521.1368
2022-12-13T07:00:00.000000000,101.18,535.79563
2022-12-13T08:00:00.000000000,107.25,536.73302
2022-12-13T09:00:00.000000000,105.09,541.26728
2022-12-13T10:00:00.000000000,98.21,548.92751
2022-12-13T11:00:00.000000000,103.39,556.94642
2022-12-13T12:00:00.000000000,99.93,553.02894
2022-12-13T13:00:00.000000000,95.61,557.02315
2022-12-13T14:00:00.000000000,81.27,548.27116
2022-12-13T15:00:00.000000000,71.26,531.10072
2022-12-13T16:00:00.000000000,87.8,526.35081
2022-12-13T17:00:00.000000000,66.56,520.75142
2022-12-13T18:00:00.000000000,61.99,507.96586
2022-12-13T19:00:00.000000000,65.78,499.78116
2022-12-13T20:00:00.000000000,64.08,488.77814
2022-12-13T21:00:00.000000000,75.26,478.12698
2022-12-13T22:00:00.000000000,60.68,479.15025
2022-12-13T23:00:00.000000000,78.37,476.97287
2022-12-14T00:00:00.000000000,86.29,547.88032
2022-12-14T01:00:00.000000000,71.05,544.46856
2022-12-14T02:00:00.000000000,77.14,549.44993
2022-12-14T03:00:00.000000000,96.74,546.48058
2022-12-14T04:00:00.000000000,72.86,551.11606
2022-12-14T05:00:00.000000000,99.94,559.25306
2022-12-14T06:00:00.000000000,93.2,568.00417
2022-12-14T07:00:00.000000000,114.81,583.75193
2022-12-14T08:00:00.000000000,102.0,582.2318
2022-12-14T09:00:00.000000000,93.77,588.45259
2022-12-14T10:00:00.000000000,87.24,595.29303
2022-12-14T11:00:00.000000000,128.9,603.6995
2022-12-14T12:00:00.000000000,100.2,600.59918
2022-12-14T13:00:00.000000000,125.25,604.6176
2022-12-14T14:00:00.000000000,100.76,598.54226
2022-12-14T15:00:00.000000000,97.31,582.19606
2022-12-14T16:00:00.000000000,118.25,578.43503
2022-12-14T17:00:00.000000000,104.45,572.65331
2022-12-14T18:00:00.000000000,97.77,558.56306
2022-12-14T19:00:00.000000000,83.67,550.02251
2022-12-14T20:00:00.000000000,73.15,538.32812
2022-12-14T21:00:00.000000000,80.82,528.46688
2022-12-14T22:00:00.000000000,80.09,529.66648
2022-12-14T23:00:00.000000000,95.08,525.035
2022-12-12T00:00:00.000000000,79.34,321.41328
2022-12-12T01:00:00.000000000,69.54,320.18696
2022-12-12T02:00:00.000000000,64.3,329.83776
2022-12-12T03:00:00.000000000,54.41,326.80218
2022-12-12T04:00:00.000000000,66.68,331.52675
2022-12-12T05:00:00.000000000,54.25,337.54994
2022-12-12T06:00:00.000000000,71.74,347.98292
2022-12-12T07:00:00.000000000,76.04,362.3545
2022-12-12T08:00:00.000000000,62.05,373.57718
2022-12-12T09:00:00.000000000,82.57,385.11447
2022-12-12T10:00:00.000000000,68.23,407.06677
2022-12-12T11:00:00.000000000,86.2,426.06632
2022-12-12T12:00:00.000000000,73.21,439.49191
2022-12-12T13:00:00.000000000,77.94,455.16423
2022-12-12T14:00:00.000000000,81.84,454.02399
2022-12-12T15:00:00.000000000,103.46,443.76938
2022-12-12T16:00:00.000000000,75.33,442.7849
2022-12-12T17:00:00.000000000,99.28,437.87794
2022-12-12T18:00:00.000000000,97.74,430.76117
2022-12-12T19:00:00.000000000,92.77,424.34515
2022-12-12T20:00:00.000000000,92.56,416.2585
2022-12-12T21:00:00.000000000,70.61,408.79617
2022-12-12T22:00:00.000000000,68.94,408.1252
2022-12-12T23:00:00.000000000,66.71,402.90403
2022-12-13T00:00:00.000000000,88.35,461.5124
2022-12-13T01:00:00.000000000,78.35,458.91623
2022-12-13T02:00:00.000000000,86.37,469.03118
2022-12-13T03:00:00.000000000,79.29,471.14858
2022-12-13T04:00:00.000000000,59.49,476.89335
2022-12-13T05:00:00.000000000,63.51,482.17188
2022-12-13T06:00:00.000000000,66.07,488.57903
2022-12-13T07:00:00.000000000,101.18,503.16847
2022-12-13T08:00:00.000000000,107.25,505.95588
2022-12-13T09:00:00.000000000,105.09,510.36347
2022-12-13T10:00:00.000000000,98.21,518.82817
2022-12-13T11:00:00.000000000,103.39,526.92148
2022-12-13T12:00:00.000000000,99.93,523.52346
2022-12-13T13:00:00.000000000,95.61,528.93154
2022-12-13T14:00:00.000000000,81.27,520.93032
2022-12-13T15:00:00.000000000,71.26,505.37189
2022-12-13T16:00:00.000000000,87.8,501.37426
2022-12-13T17:00:00.000000000,66.56,497.35047
2022-12-13T18:00:00.000000000,61.99,486.59638
2022-12-13T19:00:00.000000000,65.78,479.42892
2022-12-13T20:00:00.000000000,64.08,469.25657
2022-12-13T21:00:00.000000000,75.26,457.61799
2022-12-13T22:00:00.000000000,60.68,456.70527
2022-12-13T23:00:00.000000000,78.37,453.08165
2022-12-14T00:00:00.000000000,86.29,526.41588
2022-12-14T01:00:00.000000000,71.05,524.18488
2022-12-14T02:00:00.000000000,77.14,531.36459
2022-12-14T03:00:00.000000000,96.74,530.98742
2022-12-14T04:00:00.000000000,72.86,537.15851
2022-12-14T05:00:00.000000000,99.94,546.91312
2022-12-14T06:00:00.000000000,93.2,557.47127
2022-12-14T07:00:00.000000000,114.81,574.47143
2022-12-14T08:00:00.000000000,102.0,574.69566
2022-12-14T09:00:00.000000000,93.77,581.26189
2022-12-14T10:00:00.000000000,87.24,588.70593
2022-12-14T11:00:00.000000000,128.9,597.28551
2022-12-14T12:00:00.000000000,100.2,594.91144
2022-12-14T13:00:00.000000000,125.25,600.38129
2022-12-14T14:00:00.000000000,100.76,594.89182
2022-12-14T15:00:00.000000000,97.31,579.03893
2022-12-14T16:00:00.000000000,118.25,575.74276
2022-12-14T17:00:00.000000000,104.45,569.90681
2022-12-14T18:00:00.000000000,97.77,554.84356
2022-12-14T19:00:00.000000000,83.67,544.52146
2022-12-14T20:00:00.000000000,73.15,530.31233
2022-12-14T21:00:00.000000000,80.82,517.19628
2022-12-14T22:00:00.000000000,80.09,515.1988
2022-12-14T23:00:00.000000000,95.08,509.00179
2022-12-15T00:00:00.000000000,108.86,566.52162
2022-12-15T01:00:00.000000000,127.15,562.5534
2022-12-15T02:00:00.000000000,122.32,567.10107
2022-12-15T03:00:00.000000000,127.53,563.66186
2022-12-15T04:00:00.000000000,123.75,567.44497
2022-12-15T05:00:00.000000000,126.59,574.20597
2022-12-15T06:00:00.000000000,125.11,581.41705
2022-12-15T07:00:00.000000000,103.61,596.70785
2022-12-15T08:00:00.000000000,155.18,594.6793
2022-12-15T09:00:00.000000000,111.07,600.61364
2022-12-15T10:00:00.000000000,117.83,607.12151
2022-12-15T11:00:00.000000000,128.94,615.34828
2022-12-15T12:00:00.000000000,121.95,610.89175
2022-12-15T13:00:00.000000000,159.36,613.61388
2022-12-15T14:00:00.000000000,136.11,606.047
2022-12-15T15:00:00.000000000,133.29,588.17434
2022-12-15T16:00:00.000000000,120.37,582.81863
2022-12-15T17:00:00.000000000,128.3,576.15738
2022-12-15T18:00:00.000000000,108.85,561.63968
2022-12-15T19:00:00.000000000,106.37,553.16048
2022-12-15T20:00:00.000000000,110.41,542.09986
2022-12-15T21:00:00.000000000,110.04,533.29114
2022-12-15T22:00:00.000000000,98.6,535.81142
2022-12-15T23:00:00.000000000,108.6,532.04576
2022-12-13T00:00:00.000000000,88.35,364.5353
2022-12-13T01:00:00.000000000,78.35,364.43971
2022-12-13T02:00:00.000000000,86.37,377.07148
2022-12-13T03:00:00.000000000,79.29,378.6278
2022-12-13T04:00:00.000000000,59.49,383.2269
2022-12-13T05:00:00.000000000,63.51,387.9381
2022-12-13T06:00:00.000000000,66.07,391.89358
2022-12-13T07:00:00.000000000,101.18,400.7342
2022-12-13T08:00:00.000000000,107.25,405.74867
2022-12-13T09:00:00.000000000,105.09,410.57888
2022-12-13T10:00:00.000000000,98.21,425.93334
2022-12-13T11:00:00.000000000,103.39,440.66389
2022-12-13T12:00:00.000000000,99.93,449.31131
2022-12-13T13:00:00.000000000,95.61,462.60561
2022-12-13T14:00:00.000000000,81.27,461.2304
2022-12-13T15:00:00.000000000,71.26,451.60914
2022-12-13T16:00:00.000000000,87.8,452.61183
2022-12-13T17:00:00.000000000,66.56,450.91035
2022-12-13T18:00:00.000000000,61.99,445.37085
2022-12-13T19:00:00.000000000,65.78,442.18531
2022-12-13T20:00:00.000000000,64.08,438.93306
2022-12-13T21:00:00.000000000,75.26,432.6556
2022-12-13T22:00:00.000000000,60.68,433.28789
2022-12-13T23:00:00.000000000,78.37,431.25361
2022-12-14T00:00:00.000000000,86.29,506.72348
2022-12-14T01:00:00.000000000,71.05,505.03274
2022-12-14T02:00:00.000000000,77.14,513.13388
2022-12-14T03:00:00.000000000,96.74,513.49036
2022-12-14T04:00:00.000000000,72.86,519.74052
2022-12-14T05:00:00.000000000,99.94,528.92075
2022-12-14T06:00:00.000000000,93.2,539.72262
2022-12-14T07:00:00.000000000,114.81,557.19347
2022-12-14T08:00:00.000000000,102.0,559.30038
2022-12-14T09:00:00.000000000,93.77,566.7014
2022-12-14T10:00:00.000000000,87.24,575.56781
2022-12-14T11:00:00.000000000,128.9,584.70635
2022-12-14T12:00:00.000000000,100.2,582.82054
2022-12-14T13:00:00.000000000,125.25,588.74059
2022-12-14T14:00:00.000000000,100.76,582.78289
2022-12-14T15:00:00.000000000,97.31,567.1496
2022-12-14T16:00:00.000000000,118.25,563.91241
2022-12-14T17:00:00.000000000,104.45,558.62617
2022-12-14T18:00:00.000000000,97.77,544.49793
2022-12-14T19:00:00.000000000,83.67,534.07074
2022-12-14T20:00:00.000000000,73.15,519.72914
2022-12-14T21:00:00.000000000,80.82,505.52451
2022-12-14T22:00:00.000000000,80.09,502.5557
2022-12-14T23:00:00.000000000,95.08,495.9137
2022-12-15T00:00:00.000000000,108.86,563.14701
2022-12-15T01:00:00.000000000,127.15,558.65649
2022-12-15T02:00:00.000000000,122.32,562.01665
2022-12-15T03:00:00.000000000,127.53,557.44103
2022-12-15T04:00:00.000000000,123.75,560.15262
2022-12-15T05:00:00.000000000,126.59,566.11712
2022-12-15T06:00:00.000000000,125.11,572.36357
2022-12-15T07:00:00.000000000,103.61,586.77193
2022-12-15T08:00:00.000000000,155.18,584.24744
2022-12-15T09:00:00.000000000,111.07,589.70772
2022-12-15T10:00:00.000000000,117.83,596.07505
2022-12-15T11:00:00.000000000,128.94,604.44536
2022-12-15T12:00:00.000000000,121.95,600.84669
2022-12-15T13:00:00.000000000,159.36,604.19202
2022-12-15T14:00:00.000000000,136.11,597.38948
2022-12-15T15:00:00.000000000,133.29,580.64591
2022-12-15T16:00:00.000000000,120.37,576.56522
2022-12-15T17:00:00.000000000,128.3,570.99719
2022-12-15T18:00:00.000000000,108.85,557.09284
2022-12-15T19:00:00.000000000,106.37,548.8567
2022-12-15T20:00:00.000000000,110.41,538.24256
2022-12-15T21:00:00.000000000,110.04,529.74512
2022-12-15T22:00:00.000000000,98.6,532.48826
2022-12-15T23:00:00.000000000,108.6,529.35045
2022-12-16T00:00:00.000000000,107.26,589.35728
2022-12-16T01:00:00.000000000,140.6,585.80889
2022-12-16T02:00:00.000000000,138.06,590.18045
2022-12-16T03:00:00.000000000,109.4,586.22452
2022-12-16T04:00:00.000000000,131.47,589.4173
2022-12-16T05:00:00.000000000,130.99,594.36544
2022-12-16T06:00:00.000000000,96.81,599.86699
2022-12-16T07:00:00.000000000,100.91,614.72163
2022-12-16T08:00:00.000000000,105.52,612.52575
2022-12-16T09:00:00.000000000,142.54,619.07349
2022-12-16T10:00:00.000000000,145.42,625.90372
2022-12-16T11:00:00.000000000,144.25,634.29715
2022-12-16T12:00:00.000000000,151.72,627.09136
2022-12-16T13:00:00.000000000,162.99,625.92846
2022-12-16T14:00:00.000000000,161.07,614.63762
2022-12-16T15:00:00.000000000,134.95,593.47516
2022-12-16T16:00:00.000000000,117.74,586.08735
2022-12-16T17:00:00.000000000,121.95,578.71328
2022-12-16T18:00:00.000000000,109.27,564.80868
2022-12-16T19:00:00.000000000,104.34,558.11865
2022-12-16T20:00:00.000000000,106.04,549.47726
2022-12-16T21:00:00.000000000,109.92,544.22239
2022-12-16T22:00:00.000000000,101.42,551.01829
2022-12-16T23:00:00.000000000,107.51,549.75259
2022-12-14T00:00:00.000000000,86.29,360.06648
2022-12-14T01:00:00.000000000,71.05,356.21729
2022-12-14T02:00:00.000000000,77.14,364.26609
2022-12-14T03:00:00.000000000,96.74,361.17548
2022-12-14T04:00:00.000000000,72.86,364.27315
2022-12-14T05:00:00.000000000,99.94,368.03331
2022-12-14T06:00:00.000000000,93.2,373.2094
2022-12-14T07:00:00.000000000,114.81,383.86664
2022-12-14T08:00:00.000000000,102.0,391.72921
2022-12-14T09:00:00.000000000,93.77,399.43099
2022-12-14T10:00:00.000000000,87.24,417.37631
2022-12-14T11:00:00.000000000,128.9,433.33423
2022-12-14T12:00:00.000000000,100.2,442.46077
2022-12-14T13:00:00.000000000,125.25,455.10008
2022-12-14T14:00:00.000000000,100.76,452.66419
2022-12-14T15:00:00.000000000,97.31,443.22375
2022-12-14T16:00:00.000000000,118.25,445.37012
2022-12-14T17:00:00.000000000,104.45,444.96685
2022-12-14T18:00:00.000000000,97.77,441.04882
2022-12-14T19:00:00.000000000,83.67,437.51593
2022-12-14T20:00:00.000000000,73.15,433.15183
2022-12-14T21:00:00.000000000,80.82,426.274
2022-12-14T22:00:00.000000000,80.09,425.6681
2022-12-14T23:00:00.000000000,95.08,421.37667
2022-12-15T00:00:00.000000000,108.86,507.17068
2022-12-15T01:00:00.000000000,127.15,501.98599
2022-12-15T02:00:00.000000000,122.32,506.89814
2022-12-15T03:00:00.000000000,127.53,504.21303
2022-12-15T04:00:00.000000000,123.75,506.39375
2022-12-15T05:00:00.000000000,126.59,508.44709
2022-12-15T06:00:00.000000000,125.11,511.22979
2022-12-15T07:00:00.000000000,103.61,522.81542
2022-12-15T08:00:00.000000000,155.18,521.46762
2022-12-15T09:00:00.000000000,111.07,523.99944
2022-12-15T10:00:00.000000000,117.83,530.99504
2022-12-15T11:00:00.000000000,128.94,538.78919
2022-12-15T12:00:00.000000000,121.95,534.37069
2022-12-15T13:00:00.000000000,159.36,537.32809
2022-12-15T14:00:00.000000000,136.11,528.08117
2022-12-15T15:00:00.000000000,133.29,511.56256
2022-12-15T16:00:00.000000000,120.37,507.59601
2022-12-15T17:00:00.000000000,128.3,503.60909
2022-12-15T18:00:00.000000000,108.85,493.5023
2022-12-15T19:00:00.000000000,106.37,487.82172
2022-12-15T20:00:00.000000000,110.41,479.56888
2022-12-15T21:00:00.000000000,110.04,471.81492
2022-12-15T22:00:00.000000000,98.6,475.42262
2022-12-15T23:00:00.000000000,108.6,474.73771
2022-12-16T00:00:00.000000000,107.26,549.59522
2022-12-16T01:00:00.000000000,140.6,546.29709
2022-12-16T02:00:00.000000000,138.06,551.67618
2022-12-16T03:00:00.000000000,109.4,549.46001
2022-12-16T04:00:00.000000000,131.47,554.6185
2022-12-16T05:00:00.000000000,130.99,562.76196
2022-12-16T06:00:00.000000000,96.81,571.44809
2022-12-16T07:00:00.000000000,100.91,587.36717
2022-12-16T08:00:00.000000000,105.52,585.95493
2022-12-16T09:00:00.000000000,142.54,591.94337
2022-12-16T10:00:00.000000000,145.42,598.50156
2022-12-16T11:00:00.000000000,144.25,606.65002
2022-12-16T12:00:00.000000000,151.72,602.31262
2022-12-16T13:00:00.000000000,162.99,605.04034
2022-12-16T14:00:00.000000000,161.07,597.48666
2022-12-16T15:00:00.000000000,134.95,579.79862
2022-12-16T16:00:00.000000000,117.74,575.31447
2022-12-16T17:00:00.000000000,121.95,569.04936
2022-12-16T18:00:00.000000000,109.27,554.84506
2022-12-16T19:00:00.000000000,104.34,546.60587
2022-12-16T20:00:00.000000000,106.04,535.256
2022-12-16T21:00:00.000000000,109.92,526.09343
2022-12-16T22:00:00.000000000,101.42,528.0423
2022-12-16T23:00:00.000000000,107.51,523.95858
2022-12-17T00:00:00.000000000,113.84,576.80752
2022-12-17T01:00:00.000000000,147.09,573.18553
2022-12-17T02:00:00.000000000,147.98,577.74665
2022-12-17T03:00:00.000000000,122.69,573.76102
2022-12-17T04:00:00.000000000,125.64,577.27309
2022-12-17T05:00:00.000000000,117.24,583.10608
2022-12-17T06:00:00.000000000,126.65,589.63532
2022-12-17T07:00:00.000000000,135.28,604.53824
2022-12-17T08:00:00.000000000,145.62,602.43521
2022-12-17T09:00:00.000000000,166.32,609.15739
2022-12-17T10:00:00.000000000,120.93,616.46657
2022-12-17T11:00:00.000000000,136.22,625.00199
2022-12-17T12:00:00.000000000,151.32,619.7462
2022-12-17T13:00:00.000000000,153.68,621.1382
2022-12-17T14:00:00.000000000,162.08,612.53479
2022-12-17T15:00:00.000000000,186.81,593.5643
2022-12-17T16:00:00.000000000,153.15,587.11379
2022-12-17T17:00:00.000000000,138.5,579.83053
2022-12-17T18:00:00.000000000,117.24,565.56445
2022-12-17T19:00:00.000000000,113.63,557.73473
2022-12-17T20:00:00.000000000,119.83,547.26676
2022-12-17T21:00:00.000000000,115.45,539.65401
2022-12-17T22:00:00.000000000,111.1,544.00957
2022-12-17T23:00:00.000000000,108.0,540.89018
2022-12-15T00:00:00.000000000,108.86,364.74432
2022-12-15T01:00:00.000000000,127.15,363.33518
2022-12-15T02:00:00.000000000,122.32,374.6765
2022-12-15T03:00:00.000000000,127.53,374.81375
2022-12-15T04:00:00.000000000,123.75,378.75756
2022-12-15T05:00:00.000000000,126.59,383.22879
2022-12-15T06:00:00.000000000,125.11,387.71329
2022-12-15T07:00:00.000000000,103.61,397.36211
2022-12-15T08:00:00.000000000,155.18,403.25717
2022-12-15T09:00:00.000000000,111.07,409.13407
2022-12-15T10:00:00.000000000,117.83,425.49795
2022-12-15T11:00:00.000000000,128.94,440.80877
2022-12-15T12:00:00.000000000,121.95,450.08889
2022-12-15T13:00:00.000000000,159.36,463.78634
2022-12-15T14:00:00.000000000,136.11,462.31524
2022-12-15T15:00:00.000000000,133.29,452.78457
2022-12-15T16:00:00.000000000,120.37,453.49424
2022-12-15T17:00:00.000000000,128.3,451.64309
2022-12-15T18:00:00.000000000,108.85,445.81586
2022-12-15T19:00:00.000000000,106.37,441.75359
2022-12-15T20:00:00.000000000,110.41,437.38022
2022-12-15T21:00:00.000000000,110.04,430.56723
2022-12-15T22:00:00.000000000,98.6,430.6098
2022-12-15T23:00:00.000000000,108.6,427.86429
2022-12-16T00:00:00.000000000,107.26,526.44699
2022-12-16T01:00:00.000000000,140.6,521.13314
2022-12-16T02:00:00.000000000,138.06,524.79807
2022-12-16T03:00:00.000000000,109.4,521.28476
2022-12-16T04:00:00.000000000,131.47,524.60851
2022-12-16T05:00:00.000000000,130.99,529.92003
2022-12-16T06:00:00.000000000,96.81,536.53962
2022-12-16T07:00:00.000000000,100.91,551.20599
2022-12-16T08:00:00.000000000,105.52,551.07844
2022-12-16T09:00:00.000000000,142.54,556.83029
2022-12-16T10:00:00.000000000,145.42,564.86891
2022-12-16T11:00:00.000000000,144.25,573.76756
2022-12-16T12:00:00.000000000,151.72,570.47593
2022-12-16T13:00:00.000000000,162.99,574.2288
2022-12-16T14:00:00.000000000,161.07,566.66941
2022-12-16T15:00:00.000000000,134.95,550.50099
2022-12-16T16:00:00.000000000,117.74,547.47686
2022-12-16T17:00:00.000000000,121.95,543.2608
2022-12-16T18:00:00.000000000,109.27,531.37168
2022-12-16T19:00:00.000000000,104.34,523.32952
2022-12-16T20:00:00.000000000,106.04,511.89863
2022-12-16T21:00:00.000000000,109.92,501.48148
2022-12-16T22:00:00.000000000,101.42,502.15911
2022-12-16T23:00:00.000000000,107.51,497.75931
2022-12-17T00:00:00.000000000,113.84,569.77864
2022-12-17T01:00:00.000000000,147.09,565.38471
2022-12-17T02:00:00.000000000,147.98,569.76927
2022-12-17T03:00:00.000000000,122.69,566.2133
2022-12-17T04:00:00.000000000,125.64,570.15823
2022-12-17T05:00:00.000000000,117.24,577.11176
2022-12-17T06:00:00.000000000,126.65,584.72351
2022-12-17T07:00:00.000000000,135.28,600.4169
2022-12-17T08:00:00.000000000,145.62,598.7659
2022-12-17T09:00:00.000000000,166.32,605.45239
2022-12-17T10:00:00.000000000,120.93,612.60248
2022-12-17T11:00:00.000000000,136.22,621.25875
2022-12-17T12:00:00.000000000,151.32,616.94121
2022-12-17T13:00:00.000000000,153.68,619.80906
2022-12-17T14:00:00.000000000,162.08,612.49926
2022-12-17T15:00:00.000000000,186.81,594.70887
2022-12-17T16:00:00.000000000,153.15,589.16809
2022-12-17T17:00:00.000000000,138.5,582.35739
2022-12-17T18:00:00.000000000,117.24,567.58605
2022-12-17T19:00:00.000000000,113.63,558.61596
2022-12-17T20:00:00.000000000,119.83,546.66057
2022-12-17T21:00:00.000000000,115.45,536.91979
2022-12-17T22:00:00.000000000,111.1,538.76732
2022-12-17T23:00:00.000000000,108.0,534.14896
2022-12-18T00:00:00.000000000,120.82,580.81648
2022-12-18T01:00:00.000000000,140.01,577.46257
2022-12-18T02:00:00.000000000,127.45,582.135
2022-12-18T03:00:00.000000000,147.87,578.2243
2022-12-18T04:00:00.000000000,154.44,582.58278
2022-12-18T05:00:00.000000000,140.48,589.05862
2022-12-18T06:00:00.000000000,110.8,596.33897
2022-12-18T07:00:00.000000000,149.61,611.56729
2022-12-18T08:00:00.000000000,149.41,609.78541
2022-12-18T09:00:00.000000000,123.75,617.36829
2022-12-18T10:00:00.000000000,113.18,625.42353
2022-12-18T11:00:00.000000000,114.56,634.31768
2022-12-18T12:00:00.000000000,105.49,628.88865
2022-12-18T13:00:00.000000000,106.06,630.01894
2022-12-18T14:00:00.000000000,113.91,621.66267
2022-12-18T15:00:00.000000000,114.37,602.51406
2022-12-18T16:00:00.000000000,89.24,596.45127
2022-12-18T17:00:00.000000000,77.78,588.98343
2022-12-18T18:00:00.000000000,72.72,574.16515
2022-12-18T19:00:00.000000000,71.85,565.61035
2022-12-18T20:00:00.000000000,68.33,553.31152
2022-12-18T21:00:00.000000000,59.31,544.43186
2022-12-18T22:00:00.000000000,56.96,548.04744
2022-12-18T23:00:00.000000000,55.75,543.92281
2022-12-16T00:00:00.000000000,107.26,360.75807
2022-12-16T01:00:00.000000000,140.6,361.87696
2022-12-16T02:00:00.000000000,138.06,376.69522
2022-12-16T03:00:00.000000000,109.4,380.29197
2022-12-16T04:00:00.000000000,131.47,385.94724
2022-12-16T05:00:00.000000000,130.99,391.96056
2022-12-16T06:00:00.000000000,96.81,396.75238
2022-12-16T07:00:00.000000000,100.91,406.01963
2022-12-16T08:00:00.000000000,105.52,410.85982
2022-12-16T09:00:00.000000000,142.54,415.726
2022-12-16T10:00:00.000000000,145.42,431.71784
2022-12-16T11:00:00.000000000,144.25,446.97291
2022-12-16T12:00:00.000000000,151.72,457.04533
2022-12-16T13:00:00.000000000,162.99,472.13824
2022-12-16T14:00:00.000000000,161.07,471.57183
2022-12-16T15:00:00.000000000,134.95,461.63216
2022-12-16T16:00:00.000000000,117.74,460.8943
2022-12-16T17:00:00.000000000,121.95,457.02829
2022-12-16T18:00:00.000000000,109.27,448.9403
2022-12-16T19:00:00.000000000,104.34,443.76931
2022-12-16T20:00:00.000000000,106.04,438.50848
2022-12-16T21:00:00.000000000,109.92,431.14177
2022-12-16T22:00:00.000000000,101.42,431.06112
2022-12-16T23:00:00.000000000,107.51,429.08709
2022-12-17T00:00:00.000000000,113.84,522.40659
2022-12-17T01:00:00.000000000,147.09,519.12708
2022-12-17T02:00:00.000000000,147.98,525.29497
2022-12-17T03:00:00.000000000,122.69,524.1234
2022-12-17T04:00:00.000000000,125.64,529.89341
2022-12-17T05:00:00.000000000,117.24,538.86183
2022-12-17T06:00:00.000000000,126.65,549.27711
2022-12-17T07:00:00.000000000,135.28,566.36384
2022-12-17T08:00:00.000000000,145.62,567.89025
2022-12-17T09:00:00.000000000,166.32,575.92691
2022-12-17T10:00:00.000000000,120.93,585.22448
2022-12-17T11:00:00.000000000,136.22,594.79635
2022-12-17T12:00:00.000000000,151.32,592.64375
2022-12-17T13:00:00.000000000,153.68,597.49478
2022-12-17T14:00:00.000000000,162.08,590.92014
2022-12-17T15:00:00.000000000,186.81,574.70374
2022-12-17T16:00:00.000000000,153.15,571.1531
2022-12-17T17:00:00.000000000,138.5,565.60965
2022-12-17T18:00:00.000000000,117.24,551.56838
2022-12-17T19:00:00.000000000,113.63,541.60667
2022-12-17T20:00:00.000000000,119.83,527.82574
2022-12-17T21:00:00.000000000,115.45,515.03348
2022-12-17T22:00:00.000000000,111.1,513.51435
2022-12-17T23:00:00.000000000,108.0,506.99573
2022-12-18T00:00:00.000000000,120.82,567.15443
2022-12-18T01:00:00.000000000,140.01,563.66582
2022-12-18T02:00:00.000000000,127.45,568.81289
2022-12-18T03:00:00.000000000,147.87,565.54013
2022-12-18T04:00:00.000000000,154.44,571.09449
2022-12-18T05:00:00.000000000,140.48,579.15581
2022-12-18T06:00:00.000000000,110.8,588.50858
2022-12-18T07:00:00.000000000,149.61,605.18955
2022-12-18T08:00:00.000000000,149.41,604.35688
2022-12-18T09:00:00.000000000,123.75,612.69887
2022-12-18T10:00:00.000000000,113.18,621.18006
2022-12-18T11:00:00.000000000,114.56,630.36821
2022-12-18T12:00:00.000000000,105.49,625.89014
2022-12-18T13:00:00.000000000,106.06,628.3579
2022-12-18T14:00:00.000000000,113.91,621.46514
2022-12-18T15:00:00.000000000,114.37,603.55183
2022-12-18T16:00:00.000000000,89.24,598.18541
2022-12-18T17:00:00.000000000,77.78,591.0998
2022-12-18T18:00:00.000000000,72.72,576.35807
2022-12-18T19:00:00.000000000,71.85,567.22837
2022-12-18T20:00:00.000000000,68.33,553.67112
2022-12-18T21:00:00.000000000,59.31,542.67631
2022-12-18T22:00:00.000000000,56.96,543.92547
2022-12-18T23:00:00.000000000,55.75,537.8576
2022-12-19T00:00:00.000000000,54.4,579.17664
2022-12-19T01:00:00.000000000,48.28,574.9637
2022-12-19T02:00:00.000000000,50.49,578.87415
2022-12-19T03:00:00.000000000,56.22,574.47048
2022-12-19T04:00:00.000000000,57.32,579.27186
2022-12-19T05:00:00.000000000,55.31,586.46011
2022-12-19T06:00:00.000000000,76.27,594.86491
2022-12-19T07:00:00.000000000,86.04,610.94627
2022-12-19T08:00:00.000000000,100.42,609.75134
2022-12-19T09:00:00.000000000,114.09,618.0655
2022-12-19T10:00:00.000000000,132.68,626.5721
2022-12-19T11:00:00.000000000,140.65,635.95302
2022-12-19T12:00:00.000000000,142.8,631.09241
2022-12-19T13:00:00.000000000,147.42,632.89811
2022-12-19T14:00:00.000000000,157.57,625.4826
2022-12-19T15:00:00.000000000,98.54,607.22435
2022-12-19T16:00:00.000000000,147.67,602.18562
2022-12-19T17:00:00.000000000,113.94,595.47714
2022-12-19T18:00:00.000000000,115.02,580.8468
2022-12-19T19:00:00.000000000,116.1,571.69302
2022-12-19T20:00:00.000000000,114.63,557.9672
2022-12-19T21:00:00.000000000,105.81,547.26809
2022-12-19T22:00:00.000000000,115.2,548.9737
2022-12-19T23:00:00.000000000,121.99,543.11693
2022-12-17T00:00:00.000000000,113.84,360.23314
2022-12-17T01:00:00.000000000,147.09,361.29797
2022-12-17T02:00:00.000000000,147.98,375.72614
2022-12-17T03:00:00.000000000,122.69,379.14729
2022-12-17T04:00:00.000000000,125.64,384.53867
2022-12-17T05:00:00.000000000,117.24,390.13196
2022-12-17T06:00:00.000000000,126.65,394.26324
2022-12-17T07:00:00.000000000,135.28,402.99117
2022-12-17T08:00:00.000000000,145.62,407.85162
2022-12-17T09:00:00.000000000,166.32,412.80748
2022-12-17T10:00:00.000000000,120.93,429.29795
2022-12-17T11:00:00.000000000,136.22,444.9456
2022-12-17T12:00:00.000000000,151.32,455.44548
2022-12-17T13:00:00.000000000,153.68,470.63178
2022-12-17T14:00:00.000000000,162.08,470.1545
2022-12-17T15:00:00.000000000,186.81,460.18988
2022-12-17T16:00:00.000000000,153.15,459.77976
2022-12-17T17:00:00.000000000,138.5,455.944
2022-12-17T18:00:00.000000000,117.24,448.23672
2022-12-17T19:00:00.000000000,113.63,443.48105
2022-12-17T20:00:00.000000000,119.83,438.85556
2022-12-17T21:00:00.000000000,115.45,431.91387
2022-12-17T22:00:00.000000000,111.1,432.10429
2022-12-17T23:00:00.000000000,108.0,430.1826
2022-12-18T00:00:00.000000000,120.82,498.45318
2022-12-18T01:00:00.000000000,140.01,496.10668
2022-12-18T02:00:00.000000000,127.45,503.2906
2022-12-18T03:00:00.000000000,147.87,501.80984
2022-12-18T04:00:00.000000000,154.44,508.10315
2022-12-18T05:00:00.000000000,140.48,517.80964
2022-12-18T06:00:00.000000000,110.8,531.12646
2022-12-18T07:00:00.000000000,149.61,550.94907
2022-12-18T08:00:00.000000000,149.41,556.65226
2022-12-18T09:00:00.000000000,123.75,568.90107
2022-12-18T10:00:00.000000000,113.18,581.63923
2022-12-18T11:00:00.000000000,114.56,593.10661
2022-12-18T12:00:00.000000000,105.49,592.83444
2022-12-18T13:00:00.000000000,106.06,598.76174
2022-12-18T14:00:00.000000000,113.91,592.95286
2022-12-18T15:00:00.000000000,114.37,577.79068
2022-12-18T16:00:00.000000000,89.24,574.38921
2022-12-18T17:00:00.000000000,77.78,569.6291
2022-12-18T18:00:00.000000000,72.72,557.54479
2022-12-18T19:00:00.000000000,71.85,548.21418
2022-12-18T20:00:00.000000000,68.33,534.83605
2022-12-18T21:00:00.000000000,59.31,520.48287
2022-12-18T22:00:00.000000000,56.96,517.04449
2022-12-18T23:00:00.000000000,55.75,507.83648
2022-12-19T00:00:00.000000000,54.4,564.87366
2022-12-19T01:00:00.000000000,48.28,560.16958
2022-12-19T02:00:00.000000000,50.49,564.06111
2022-12-19T03:00:00.000000000,56.22,559.74171
2022-12-19T04:00:00.000000000,57.32,564.94131
2022-12-19T05:00:00.000000000,55.31,572.91469
2022-12-19T06:00:00.000000000,76.27,582.72186
2022-12-19T07:00:00.000000000,86.04,600.02231
2022-12-19T08:00:00.000000000,100.42,599.65538
2022-12-19T09:00:00.000000000,114.09,608.50138
2022-12-19T10:00:00.000000000,132.68,617.27207
2022-12-19T11:00:00.000000000,140.65,627.02821
2022-12-19T12:00:00.000000000,142.8,623.12697
2022-12-19T13:00:00.000000000,147.42,625.99703
2022-12-19T14:00:00.000000000,157.57,619.53289
2022-12-19T15:00:00.000000000,98.54,602.5166
2022-12-19T16:00:00.000000000,147.67,598.03421
2022-12-19T17:00:00.000000000,113.94,592.21679
2022-12-19T18:00:00.000000000,115.02,578.61185
2022-12-19T19:00:00.000000000,116.1,569.80555
2022-12-19T20:00:00.000000000,114.63,556.40305
2022-12-19T21:00:00.000000000,105.81,544.72215
2022-12-19T22:00:00.000000000,115.2,544.97532
2022-12-19T23:00:00.000000000,121.99,537.95711
2022-12-20T00:00:00.000000000,122.45,578.98911
2022-12-20T01:00:00.000000000,117.18,575.17905
2022-12-20T02:00:00.000000000,134.56,579.16048
2022-12-20T03:00:00.000000000,90.43,574.43749
2022-12-20T04:00:00.000000000,100.94,577.90752
2022-12-20T05:00:00.000000000,117.28,583.45431
2022-12-20T06:00:00.000000000,135.64,590.0247
2022-12-20T07:00:00.000000000,106.26,605.01393
2022-12-20T08:00:00.000000000,156.38,602.89066
2022-12-20T09:00:00.000000000,108.38,609.96007
2022-12-20T10:00:00.000000000,178.08,617.60022
2022-12-20T11:00:00.000000000,149.64,626.44239
2022-12-20T12:00:00.000000000,146.29,621.03981
2022-12-20T13:00:00.000000000,209.9,621.92825
2022-12-20T14:00:00.000000000,113.72,613.07892
2022-12-20T15:00:00.000000000,111.1,594.10422
2022-12-20T16:00:00.000000000,101.11,587.99073
2022-12-20T17:00:00.000000000,92.27,581.35827
2022-12-20T18:00:00.000000000,99.01,567.98985
2022-12-20T19:00:00.000000000,86.51,560.77706
2022-12-20T20:00:00.000000000,75.25,550.65307
2022-12-20T21:00:00.000000000,65.56,543.2648
2022-12-20T22:00:00.000000000,66.51,547.97788
2022-12-20T23:00:00.000000000,70.94,544.7546
2022-12-18T00:00:00.000000000,120.82,360.47848
2022-12-18T01:00:00.000000000,140.01,360.96721
2022-12-18T02:00:00.000000000,127.45,375.38907
2022-12-18T03:00:00.000000000,147.87,378.65457
2022-12-18T04:00:00.000000000,154.44,384.61544
2022-12-18T05:00:00.000000000,140.48,390.76344
2022-12-18T06:00:00.000000000,110.8,395.68618
2022-12-18T07:00:00.000000000,149.61,405.10241
2022-12-18T08:00:00.000000000,149.41,410.21297
2022-12-18T09:00:00.000000000,123.75,415.02514
2022-12-18T10:00:00.000000000,113.18,431.04215
2022-12-18T11:00:00.000000000,114.56,445.85737
2022-12-18T12:00:00.000000000,105.49,454.63214
2022-12-18T13:00:00.000000000,106.06,468.40374
2022-12-18T14:00:00.000000000,113.91,466.69138
2022-12-18T15:00:00.000000000,114.37,456.11374
2022-12-18T16:00:00.000000000,89.24,455.49547
2022-12-18T17:00:00.000000000,77.78,451.87935
2022-12-18T18:00:00.000000000,72.72,444.21659
2022-12-18T19:00:00.000000000,71.85,439.32455
2022-12-18T20:00:00.000000000,68.33,433.94448
2022-12-18T21:00:00.000000000,59.31,426.21156
2022-12-18T22:00:00.000000000,56.96,425.86902
2022-12-18T23:00:00.000000000,55.75,423.55309
2022-12-19T00:00:00.000000000,54.4,489.80883
2022-12-19T01:00:00.000000000,48.28,489.57411
2022-12-19T02:00:00.000000000,50.49,499.32271
2022-12-19T03:00:00.000000000,56.22,500.4355
2022-12-19T04:00:00.000000000,57.32,507.04193
2022-12-19T05:00:00.000000000,55.31,515.99998
2022-12-19T06:00:00.000000000,76.27,528.00836
2022-12-19T07:00:00.000000000,86.04,547.13892
2022-12-19T08:00:00.000000000,100.42,552.37043
2022-12-19T09:00:00.000000000,114.09,562.43664
2022-12-19T10:00:00.000000000,132.68,573.69079
2022-12-19T11:00:00.000000000,140.65,583.52096
2022-12-19T12:00:00.000000000,142.8,581.27559
2022-12-19T13:00:00.000000000,147.42,585.89191
2022-12-19T14:00:00.000000000,157.57,577.96205
2022-12-19T15:00:00.000000000,98.54,561.08343
2022-12-19T16:00:00.000000000,147.67,556.47115
2022-12-19T17:00:00.000000000,113.94,550.91907
2022-12-19T18:00:00.000000000,115.02,538.09402
2022-12-19T19:00:00.000000000,116.1,528.90579
2022-12-19T20:00:00.000000000,114.63,516.28268
2022-12-19T21:00:00.000000000,105.81,503.10041
2022-12-19T22:00:00.000000000,115.2,501.2897
2022-12-19T23:00:00.000000000,121.99,494.92487
2022-12-20T00:00:00.000000000,122.45,551.99329
2022-12-20T01:00:00.000000000,117.18,548.86103
2022-12-20T02:00:00.000000000,134.56,554.14598
2022-12-20T03:00:00.000000000,90.43,552.08043
2022-12-20T04:00:00.000000000,100.94,556.71299
2022-12-20T05:00:00.000000000,117.28,563.62458
2022-12-20T06:00:00.000000000,135.64,570.1222
2022-12-20T07:00:00.000000000,106.26,584.26244
2022-12-20T08:00:00.000000000,156.38,581.18545
2022-12-20T09:00:00.000000000,108.38,585.73916
2022-12-20T10:00:00.000000000,178.08,591.69774
2022-12-20T11:00:00.000000000,149.64,599.55121
2022-12-20T12:00:00.000000000,146.29,595.2233
2022-12-20T13:00:00.000000000,209.9,598.50406
2022-12-20T14:00:00.000000000,113.72,591.6036
2022-12-20T15:00:00.000000000,111.1,574.34393
2022-12-20T16:00:00.000000000,101.11,570.10417
2022-12-20T17:00:00.000000000,92.27,563.64107
2022-12-20T18:00:00.000000000,99.01,548.61373
2022-12-20T19:00:00.000000000,86.51,539.7192
2022-12-20T20:00:00.000000000,75.25,527.47772
2022-12-20T21:00:00.000000000,65.56,517.80581
2022-12-20T22:00:00.000000000,66.51,520.16593
2022-12-20T23:00:00.000000000,70.94,517.21057
2022-12-21T00:00:00.000000000,72.77,565.06906
2022-12-21T01:00:00.000000000,83.3,563.31855
2022-12-21T02:00:00.000000000,133.16,569.24905
2022-12-21T03:00:00.000000000,121.94,566.94791
2022-12-21T04:00:00.000000000,97.18,570.40412
2022-12-21T05:00:00.000000000,95.65,573.76227
2022-12-21T06:00:00.000000000,128.52,576.06708
2022-12-21T07:00:00.000000000,118.64,587.25112
2022-12-21T08:00:00.000000000,145.86,582.24388
2022-12-21T09:00:00.000000000,131.0,585.91411
2022-12-21T10:00:00.000000000,137.91,591.94671
2022-12-21T11:00:00.000000000,123.99,599.44378
2022-12-21T12:00:00.000000000,129.15,593.26673
2022-12-21T13:00:00.000000000,126.19,594.63685
2022-12-21T14:00:00.000000000,116.58,585.9935
2022-12-21T15:00:00.000000000,97.72,567.00731
2022-12-21T16:00:00.000000000,122.93,560.73112
2022-12-21T17:00:00.000000000,125.71,552.69421
2022-12-21T18:00:00.000000000,86.46,537.89642
2022-12-21T19:00:00.000000000,82.02,530.29154
2022-12-21T20:00:00.000000000,90.85,519.57344
2022-12-21T21:00:00.000000000,102.91,512.29134
2022-12-21T22:00:00.000000000,89.74,518.79684
2022-12-21T23:00:00.000000000,90.81,518.78397
2022-12-19T00:00:00.000000000,54.4,355.35951
2022-12-19T01:00:00.000000000,48.28,350.51176
2022-12-19T02:00:00.000000000,50.49,357.06197
2022-12-19T03:00:00.000000000,56.22,353.12206
2022-12-19T04:00:00.000000000,57.32,357.24373
2022-12-19T05:00:00.000000000,55.31,361.23032
2022-12-19T06:00:00.000000000,76.27,367.32196
2022-12-19T07:00:00.000000000,86.04,378.43599
2022-12-19T08:00:00.000000000,100.42,387.26751
2022-12-19T09:00:00.000000000,114.09,394.86485
2022-12-19T10:00:00.000000000,132.68,411.84254
2022-12-19T11:00:00.000000000,140.65,425.95204
2022-12-19T12:00:00.000000000,142.8,432.47168
2022-12-19T13:00:00.000000000,147.42,442.44073
2022-12-19T14:00:00.000000000,157.57,438.39241
2022-12-19T15:00:00.000000000,98.54,429.04013
2022-12-19T16:00:00.000000000,147.67,433.38396
2022-12-19T17:00:00.000000000,113.94,435.3551
2022-12-19T18:00:00.000000000,115.02,434.51616
2022-12-19T19:00:00.000000000,116.1,432.86183
2022-12-19T20:00:00.000000000,114.63,429.53506
2022-12-19T21:00:00.000000000,105.81,422.5877
2022-12-19T22:00:00.000000000,115.2,421.18189
2022-12-19T23:00:00.000000000,121.99,415.64115
2022-12-20T00:00:00.000000000,122.45,493.40046
2022-12-20T01:00:00.000000000,117.18,495.7073
2022-12-20T02:00:00.000000000,134.56,509.147
2022-12-20T03:00:00.000000000,90.43,514.91318
2022-12-20T04:00:00.000000000,100.94,522.4482
2022-12-20T05:00:00.000000000,117.28,528.03501
2022-12-20T06:00:00.000000000,135.64,532.83119
2022-12-20T07:00:00.000000000,106.26,545.95411
2022-12-20T08:00:00.000000000,156.38,544.95192
2022-12-20T09:00:00.000000000,108.38,547.64677
2022-12-20T10:00:00.000000000,178.08,554.6457
2022-12-20T11:00:00.000000000,149.64,561.73881
2022-12-20T12:00:00.000000000,146.29,555.44504
2022-12-20T13:00:00.000000000,209.9,558.0428
2022-12-20T14:00:00.000000000,113.72,547.21344
2022-12-20T15:00:00.000000000,111.1,526.96871
2022-12-20T16:00:00.000000000,101.11,519.06747
2022-12-20T17:00:00.000000000,92.27,509.89486
2022-12-20T18:00:00.000000000,99.01,494.1224
2022-12-20T19:00:00.000000000,86.51,484.88798
2022-12-20T20:00:00.000000000,75.25,472.4419
2022-12-20T21:00:00.000000000,65.56,461.74033
2022-12-20T22:00:00.000000000,66.51,464.9422
2022-12-20T23:00:00.000000000,70.94,465.1199
2022-12-21T00:00:00.000000000,72.77,522.10943
2022-12-21T01:00:00.000000000,83.3,521.62361
2022-12-21T02:00:00.000000000,133.16,530.6651
2022-12-21T03:00:00.000000000,121.94,529.23582
2022-12-21T04:00:00.000000000,97.18,531.82133
2022-12-21T05:00:00.000000000,95.65,531.44207
2022-12-21T06:00:00.000000000,128.52,532.42894
2022-12-21T07:00:00.000000000,118.64,542.60933
2022-12-21T08:00:00.000000000,145.86,540.69853
2022-12-21T09:00:00.000000000,131.0,542.11206
2022-12-21T10:00:00.000000000,137.91,547.20561
2022-12-21T11:00:00.000000000,123.99,553.31227
2022-12-21T12:00:00.000000000,129.15,544.46789
2022-12-21T13:00:00.000000000,126.19,542.77195
2022-12-21T14:00:00.000000000,116.58,528.11241
2022-12-21T15:00:00.000000000,97.72,506.9727
2022-12-21T16:00:00.000000000,122.93,498.74759
2022-12-21T17:00:00.000000000,125.71,491.75791
2022-12-21T18:00:00.000000000,86.46,482.50741
2022-12-21T19:00:00.000000000,82.02,479.35594
2022-12-21T20:00:00.000000000,90.85,474.67106
2022-12-21T21:00:00.000000000,102.91,471.76864
2022-12-21T22:00:00.000000000,89.74,480.68141
2022-12-21T23:00:00.000000000,90.81,483.52114
2022-12-22T00:00:00.000000000,104.49,557.18627
2022-12-22T01:00:00.000000000,115.31,552.11621
2022-12-22T02:00:00.000000000,107.14,554.36645
2022-12-22T03:00:00.000000000,111.7,548.58803
2022-12-22T04:00:00.000000000,121.59,551.0829
2022-12-22T05:00:00.000000000,114.14,556.39059
2022-12-22T06:00:00.000000000,117.93,562.38937
2022-12-22T07:00:00.000000000,111.37,576.39115
2022-12-22T08:00:00.000000000,134.24,573.34715
2022-12-22T09:00:00.000000000,161.39,578.03115
2022-12-22T10:00:00.000000000,149.4,583.75859
2022-12-22T11:00:00.000000000,133.66,591.73723
2022-12-22T12:00:00.000000000,183.54,587.70057
2022-12-22T13:00:00.000000000,195.55,590.23235
2022-12-22T14:00:00.000000000,134.65,582.97991
2022-12-22T15:00:00.000000000,109.24,566.55611
2022-12-22T16:00:00.000000000,126.75,563.42805
2022-12-22T17:00:00.000000000,118.22,559.17404
2022-12-22T18:00:00.000000000,149.75,547.2304
2022-12-22T19:00:00.000000000,129.09,540.68241
2022-12-22T20:00:00.000000000,121.24,531.76023
2022-12-22T21:00:00.000000000,94.69,524.86101
2022-12-22T22:00:00.000000000,90.67,528.77846
2022-12-22T23:00:00.000000000,101.2,526.3833
2022-12-20T00:00:00.000000000,122.45,312.19845
2022-12-20T01:00:00.000000000,117.18,312.20187
2022-12-20T02:00:00.000000000,134.56,324.22808
2022-12-20T03:00:00.000000000,90.43,322.75763
2022-12-20T04:00:00.000000000,100.94,328.48584
2022-12-20T05:00:00.000000000,117.28,335.71899
2022-12-20T06:00:00.000000000,135.64,346.70343
2022-12-20T07:00:00.000000000,106.26,360.84458
2022-12-20T08:00:00.000000000,156.38,371.2155
2022-12-20T09:00:00.000000000,108.38,381.83265
2022-12-20T10:00:00.000000000,178.08,402.96559
2022-12-20T11:00:00.000000000,149.64,422.35887
2022-12-20T12:00:00.000000000,146.29,436.92004
2022-12-20T13:00:00.000000000,209.9,454.35814
2022-12-20T14:00:00.000000000,113.72,455.1167
2022-12-20T15:00:00.000000000,111.1,446.09896
2022-12-20T16:00:00.000000000,101.11,446.00331
2022-12-20T17:00:00.000000000,92.27,441.58178
2022-12-20T18:00:00.000000000,99.01,433.66528
2022-12-20T19:00:00.000000000,86.51,426.6697
2022-12-20T20:00:00.000000000,75.25,417.55551
2022-12-20T21:00:00.000000000,65.56,409.81638
2022-12-20T22:00:00.000000000,66.51,408.61678
2022-12-20T23:00:00.000000000,70.94,403.48356
2022-12-21T00:00:00.000000000,72.77,472.46439
2022-12-21T01:00:00.000000000,83.3,467.87602
2022-12-21T02:00:00.000000000,133.16,476.04923
2022-12-21T03:00:00.000000000,121.94,475.78493
2022-12-21T04:00:00.000000000,97.18,477.51204
2022-12-21T05:00:00.000000000,95.65,476.21197
2022-12-21T06:00:00.000000000,128.52,474.95248
2022-12-21T07:00:00.000000000,118.64,482.64791
2022-12-21T08:00:00.000000000,145.86,480.78809
2022-12-21T09:00:00.000000000,131.0,479.28975
2022-12-21T10:00:00.000000000,137.91,485.74814
2022-12-21T11:00:00.000000000,123.99,492.39647
2022-12-21T12:00:00.000000000,129.15,486.57901
2022-12-21T13:00:00.000000000,126.19,488.77293
2022-12-21T14:00:00.000000000,116.58,476.10992
2022-12-21T15:00:00.000000000,97.72,458.10226
2022-12-21T16:00:00.000000000,122.93,450.961
2022-12-21T17:00:00.000000000,125.71,445.95709
2022-12-21T18:00:00.000000000,86.46,436.98875
2022-12-21T19:00:00.000000000,82.02,432.87662
2022-12-21T20:00:00.000000000,90.85,426.74124
2022-12-21T21:00:00.000000000,102.91,421.302
2022-12-21T22:00:00.000000000,89.74,427.62928
2022-12-21T23:00:00.000000000,90.81,430.71566
2022-12-22T00:00:00.000000000,104.49,492.42217
2022-12-22T01:00:00.000000000,115.31,492.26463
2022-12-22T02:00:00.000000000,107.14,501.90143
2022-12-22T03:00:00.000000000,111.7,502.46052
2022-12-22T04:00:00.000000000,121.59,507.87455
2022-12-22T05:00:00.000000000,114.14,515.83469
2022-12-22T06:00:00.000000000,117.93,526.36793
2022-12-22T07:00:00.000000000,111.37,544.25488
2022-12-22T08:00:00.000000000,134.24,548.1684
2022-12-22T09:00:00.000000000,161.39,556.71916
2022-12-22T10:00:00.000000000,149.4,566.74047
2022-12-22T11:00:00.000000000,133.66,576.57088
2022-12-22T12:00:00.000000000,183.54,574.64101
2022-12-22T13:00:00.000000000,195.55,579.71998
2022-12-22T14:00:00.000000000,134.65,572.42076
2022-12-22T15:00:00.000000000,109.24,556.08268
2022-12-22T16:00:00.000000000,126.75,551.74412
2022-12-22T17:00:00.000000000,118.22,546.76516
2022-12-22T18:00:00.000000000,149.75,535.02674
2022-12-22T19:00:00.000000000,129.09,527.03215
2022-12-22T20:00:00.000000000,121.24,516.34179
2022-12-22T21:00:00.000000000,94.69,504.36565
2022-12-22T22:00:00.000000000,90.67,503.11399
2022-12-22T23:00:00.000000000,101.2,497.49868
2022-12-23T00:00:00.000000000,103.01,552.87282
2022-12-23T01:00:00.000000000,106.21,554.79741
2022-12-23T02:00:00.000000000,105.48,565.26992
2022-12-23T03:00:00.000000000,103.41,566.65616
2022-12-23T04:00:00.000000000,102.83,572.6299
2022-12-23T05:00:00.000000000,104.57,578.23101
2022-12-23T06:00:00.000000000,97.23,583.5235
2022-12-23T07:00:00.000000000,91.8,597.12285
2022-12-23T08:00:00.000000000,126.98,593.94785
2022-12-23T09:00:00.000000000,133.85,598.17591
2022-12-23T10:00:00.000000000,124.9,604.08946
2022-12-23T11:00:00.000000000,161.11,610.58359
2022-12-23T12:00:00.000000000,121.22,602.76199
2022-12-23T13:00:00.000000000,126.77,602.44379
2022-12-23T14:00:00.000000000,112.26,591.25242
2022-12-23T15:00:00.000000000,106.0,569.39709
2022-12-23T16:00:00.000000000,104.82,560.29333
2022-12-23T17:00:00.000000000,106.43,550.12236
2022-12-23T18:00:00.000000000,102.8,534.73862
2022-12-23T19:00:00.000000000,96.44,527.9041
2022-12-23T20:00:00.000000000,115.2,518.68108
2022-12-23T21:00:00.000000000,124.51,513.02675
2022-12-23T22:00:00.000000000,130.51,520.68519
2022-12-23T23:00:00.000000000,119.71,521.50394
2022-12-21T00:00:00.000000000,72.77,294.43768
2022-12-21T01:00:00.000000000,83.3,287.97426
2022-12-21T02:00:00.000000000,133.16,292.30995
2022-12-21T03:00:00.000000000,121.94,282.22776
2022-12-21T04:00:00.000000000,97.18,287.41355
2022-12-21T05:00:00.000000000,95.65,291.84676
2022-12-21T06:00:00.000000000,128.52,304.60374
2022-12-21T07:00:00.000000000,118.64,320.28727
2022-12-21T08:00:00.000000000,145.86,333.45082
2022-12-21T09:00:00.000000000,131.0,346.5557
2022-12-21T10:00:00.000000000,137.91,368.40197
2022-12-21T11:00:00.000000000,123.99,385.0224
2022-12-21T12:00:00.000000000,129.15,395.05696
2022-12-21T13:00:00.000000000,126.19,406.47254
2022-12-21T14:00:00.000000000,116.58,404.8221
2022-12-21T15:00:00.000000000,97.72,397.83976
2022-12-21T16:00:00.000000000,122.93,402.08075
2022-12-21T17:00:00.000000000,125.71,403.78593
2022-12-21T18:00:00.000000000,86.46,407.45986
2022-12-21T19:00:00.000000000,82.02,408.30005
2022-12-21T20:00:00.000000000,90.85,403.78439
2022-12-21T21:00:00.000000000,102.91,399.14331
2022-12-21T22:00:00.000000000,89.74,398.76861
2022-12-21T23:00:00.000000000,90.81,388.80694
2022-12-22T00:00:00.000000000,104.49,464.61859
2022-12-22T01:00:00.000000000,115.31,460.0391
2022-12-22T02:00:00.000000000,107.14,465.78753
2022-12-22T03:00:00.000000000,111.7,463.05302
2022-12-22T04:00:00.000000000,121.59,467.29024
2022-12-22T05:00:00.000000000,114.14,473.46592
2022-12-22T06:00:00.000000000,117.93,483.2481
2022-12-22T07:00:00.000000000,111.37,501.07473
2022-12-22T08:00:00.000000000,134.24,507.92041
2022-12-22T09:00:00.000000000,161.39,518.00379
2022-12-22T10:00:00.000000000,149.4,530.20211
2022-12-22T11:00:00.000000000,133.66,540.61435
2022-12-22T12:00:00.000000000,183.54,539.29566
2022-12-22T13:00:00.000000000,195.55,544.81825
2022-12-22T14:00:00.000000000,134.65,537.37241
2022-12-22T15:00:00.000000000,109.24,523.6468
2022-12-22T16:00:00.000000000,126.75,522.71095
2022-12-22T17:00:00.000000000,118.22,522.06102
2022-12-22T18:00:00.000000000,149.75,514.0838
2022-12-22T19:00:00.000000000,129.09,506.85148
2022-12-22T20:00:00.000000000,121.24,496.35598
2022-12-22T21:00:00.000000000,94.69,482.82131
2022-12-22T22:00:00.000000000,90.67,479.28721
2022-12-22T23:00:00.000000000,101.2,471.40088
2022-12-23T00:00:00.000000000,103.01,531.37188
2022-12-23T01:00:00.000000000,106.21,529.53102
2022-12-23T02:00:00.000000000,105.48,536.10537
2022-12-23T03:00:00.000000000,103.41,533.98685
2022-12-23T04:00:00.000000000,102.83,537.92049
2022-12-23T05:00:00.000000000,104.57,543.68963
2022-12-23T06:00:00.000000000,97.23,550.69731
2022-12-23T07:00:00.000000000,91.8,565.68621
2022-12-23T08:00:00.000000000,126.98,565.8976
2022-12-23T09:00:00.000000000,133.85,573.09651
2022-12-23T10:00:00.000000000,124.9,581.91581
2022-12-23T11:00:00.000000000,161.11,591.14991
2022-12-23T12:00:00.000000000,121.22,587.45273
2022-12-23T13:00:00.000000000,126.77,590.22756
2022-12-23T14:00:00.000000000,112.26,581.86308
2022-12-23T15:00:00.000000000,106.0,564.20565
2022-12-23T16:00:00.000000000,104.82,559.17567
2022-12-23T17:00:00.000000000,106.43,553.10367
2022-12-23T18:00:00.000000000,102.8,540.59864
2022-12-23T19:00:00.000000000,96.44,533.18559
2022-12-23T20:00:00.000000000,115.2,523.14191
2022-12-23T21:00:00.000000000,124.51,514.15932
2022-12-23T22:00:00.000000000,130.51,517.02242
2022-12-23T23:00:00.000000000,119.71,513.75111
2022-12-24T00:00:00.000000000,125.17,561.133
2022-12-24T01:00:00.000000000,118.15,557.00449
2022-12-24T02:00:00.000000000,119.16,560.01121
2022-12-24T03:00:00.000000000,126.97,554.30464
2022-12-24T04:00:00.000000000,114.54,556.69858
2022-12-24T05:00:00.000000000,108.5,561.65159
2022-12-24T06:00:00.000000000,122.49,567.42352
2022-12-24T07:00:00.000000000,92.98,581.28667
2022-12-24T08:00:00.000000000,93.93,578.24859
2022-12-24T09:00:00.000000000,100.89,583.2919
2022-12-24T10:00:00.000000000,101.21,589.23065
2022-12-24T11:00:00.000000000,104.56,597.12864
2022-12-24T12:00:00.000000000,113.04,592.76113
2022-12-24T13:00:00.000000000,148.46,594.77619
2022-12-24T14:00:00.000000000,118.91,587.02244
2022-12-24T15:00:00.000000000,144.18,570.01149
2022-12-24T16:00:00.000000000,151.38,565.99582
2022-12-24T17:00:00.000000000,116.62,561.16082
2022-12-24T18:00:00.000000000,114.18,549.49884
2022-12-24T19:00:00.000000000,107.89,543.67538
2022-12-24T20:00:00.000000000,123.31,535.88261
2022-12-24T21:00:00.000000000,128.33,530.07078
2022-12-24T22:00:00.000000000,129.54,535.18469
2022-12-24T23:00:00.000000000,101.17,533.24848
2022-12-22T00:00:00.000000000,104.49,355.2405
2022-12-22T01:00:00.000000000,115.31,349.77883
2022-12-22T02:00:00.000000000,107.14,356.09004
2022-12-22T03:00:00.000000000,111.7,352.04582
2022-12-22T04:00:00.000000000,121.59,355.27641
2022-12-22T05:00:00.000000000,114.14,359.88612
2022-12-22T06:00:00.000000000,117.93,367.07579
2022-12-22T07:00:00.000000000,111.37,379.58197
2022-12-22T08:00:00.000000000,134.24,390.04976
2022-12-22T09:00:00.000000000,161.39,400.11851
2022-12-22T10:00:00.000000000,149.4,419.67978
2022-12-22T11:00:00.000000000,133.66,436.24058
2022-12-22T12:00:00.000000000,183.54,446.457
2022-12-22T13:00:00.000000000,195.55,459.92934
2022-12-22T14:00:00.000000000,134.65,458.04249
2022-12-22T15:00:00.000000000,109.24,449.53951
2022-12-22T16:00:00.000000000,126.75,453.153
2022-12-22T17:00:00.000000000,118.22,454.07235
2022-12-22T18:00:00.000000000,149.75,450.83849
2022-12-22T19:00:00.000000000,129.09,446.88604
2022-12-22T20:00:00.000000000,121.24,442.01584
2022-12-22T21:00:00.000000000,94.69,433.98112
2022-12-22T22:00:00.000000000,90.67,431.35768
2022-12-22T23:00:00.000000000,101.2,424.80524
2022-12-23T00:00:00.000000000,103.01,494.80474
2022-12-23T01:00:00.000000000,106.21,496.55405
2022-12-23T02:00:00.000000000,105.48,508.45154
2022-12-23T03:00:00.000000000,103.41,512.14993
2022-12-23T04:00:00.000000000,102.83,519.16798
2022-12-23T05:00:00.000000000,104.57,526.81697
2022-12-23T06:00:00.000000000,97.23,535.5662
2022-12-23T07:00:00.000000000,91.8,552.23197
2022-12-23T08:00:00.000000000,126.98,554.08983
2022-12-23T09:00:00.000000000,133.85,560.04724
2022-12-23T10:00:00.000000000,124.9,568.21136
2022-12-23T11:00:00.000000000,161.11,576.4273
2022-12-23T12:00:00.000000000,121.22,571.82885
2022-12-23T13:00:00.000000000,126.77,575.42556
2022-12-23T14:00:00.000000000,112.26,566.21138
2022-12-23T15:00:00.000000000,106.0,547.57079
2022-12-23T16:00:00.000000000,104.82,541.63512
2022-12-23T17:00:00.000000000,106.43,534.5675
2022-12-23T18:00:00.000000000,102.8,520.08516
2022-12-23T19:00:00.000000000,96.44,510.6348
2022-12-23T20:00:00.000000000,115.2,497.84982
2022-12-23T21:00:00.000000000,124.51,485.42324
2022-12-23T22:00:00.000000000,130.51,485.46781
2022-12-23T23:00:00.000000000,119.71,482.28639
2022-12-24T00:00:00.000000000,125.17,551.47616
2022-12-24T01:00:00.000000000,118.15,547.0624
2022-12-24T02:00:00.000000000,119.16,549.78879
2022-12-24T03:00:00.000000000,126.97,543.85566
2022-12-24T04:00:00.000000000,114.54,545.84052
2022-12-24T05:00:00.000000000,108.5,549.87206
2022-12-24T06:00:00.000000000,122.49,555.14201
2022-12-24T07:00:00.000000000,92.98,568.84879
2022-12-24T08:00:00.000000000,93.93,566.22538
2022-12-24T09:00:00.000000000,100.89,570.67474
2022-12-24T10:00:00.000000000,101.21,576.45209
2022-12-24T11:00:00.000000000,104.56,584.33167
2022-12-24T12:00:00.000000000,113.04,579.65008
2022-12-24T13:00:00.000000000,148.46,581.23235
2022-12-24T14:00:00.000000000,118.91,572.58963
2022-12-24T15:00:00.000000000,144.18,555.51044
2022-12-24T16:00:00.000000000,151.38,551.89141
2022-12-24T17:00:00.000000000,116.62,547.95297
2022-12-24T18:00:00.000000000,114.18,537.59205
2022-12-24T19:00:00.000000000,107.89,532.4254
2022-12-24T20:00:00.000000000,123.31,525.42276
2022-12-24T21:00:00.000000000,128.33,519.89859
2022-12-24T22:00:00.000000000,129.54,525.03613
2022-12-24T23:00:00.000000000,101.17,523.61506
2022-12-25T00:00:00.000000000,84.35,521.27097
2022-12-25T01:00:00.000000000,93.63,523.2984
2022-12-25T02:00:00.000000000,75.62,534.29742
2022-12-25T03:00:00.000000000,86.13,535.50605
2022-12-25T04:00:00.000000000,79.37,541.15677
2022-12-25T05:00:00.000000000,77.45,547.85142
2022-12-25T06:00:00.000000000,72.73,555.46175
2022-12-25T07:00:00.000000000,77.77,570.67316
2022-12-25T08:00:00.000000000,80.05,570.72073
2022-12-25T09:00:00.000000000,77.66,577.37077
2022-12-25T10:00:00.000000000,82.77,585.9079
2022-12-25T11:00:00.000000000,80.39,594.26143
2022-12-25T12:00:00.000000000,81.28,589.79927
2022-12-25T13:00:00.000000000,95.5,592.24349
2022-12-25T14:00:00.000000000,92.75,583.17881
2022-12-25T15:00:00.000000000,98.72,564.09402
2022-12-25T16:00:00.000000000,120.93,556.75806
2022-12-25T17:00:00.000000000,115.21,548.75548
2022-12-25T18:00:00.000000000,120.6,535.45549
2022-12-25T19:00:00.000000000,112.55,528.71435
2022-12-25T20:00:00.000000000,118.39,519.78238
2022-12-25T21:00:00.000000000,112.63,511.7902
2022-12-25T22:00:00.000000000,124.24,516.16605
2022-12-25T23:00:00.000000000,107.05,514.53267
2022-12-23T00:00:00.000000000,103.01,295.34993
2022-12-23T01:00:00.000000000,106.21,294.68627
2022-12-23T02:00:00.000000000,105.48,305.01756
2022-12-23T03:00:00.000000000,103.41,300.67157
2022-12-23T04:00:00.000000000,102.83,306.47091
2022-12-23T05:00:00.000000000,104.57,313.9618
2022-12-23T06:00:00.000000000,97.23,328.47147
2022-12-23T07:00:00.000000000,91.8,345.4083
2022-12-23T08:00:00.000000000,126.98,358.56935
2022-12-23T09:00:00.000000000,133.85,371.15324
2022-12-23T10:00:00.000000000,124.9,392.77666
2022-12-23T11:00:00.000000000,161.11,411.86339
2022-12-23T12:00:00.000000000,121.22,424.21065
2022-12-23T13:00:00.000000000,126.77,438.54618
2022-12-23T14:00:00.000000000,112.26,437.37407
2022-12-23T15:00:00.000000000,106.0,427.04104
2022-12-23T16:00:00.000000000,104.82,426.3313
2022-12-23T17:00:00.000000000,106.43,421.93679
2022-12-23T18:00:00.000000000,102.8,416.02976
2022-12-23T19:00:00.000000000,96.44,411.44604
2022-12-23T20:00:00.000000000,115.2,403.7425
2022-12-23T21:00:00.000000000,124.51,397.26233
2022-12-23T22:00:00.000000000,130.51,397.22126
2022-12-23T23:00:00.000000000,119.71,391.52394
2022-12-24T00:00:00.000000000,125.17,454.69896
2022-12-24T01:00:00.000000000,118.15,447.95159
2022-12-24T02:00:00.000000000,119.16,453.05982
2022-12-24T03:00:00.000000000,126.97,447.26082
2022-12-24T04:00:00.000000000,114.54,445.00719
2022-12-24T05:00:00.000000000,108.5,440.82001
2022-12-24T06:00:00.000000000,122.49,438.69486
2022-12-24T07:00:00.000000000,92.98,445.11455
2022-12-24T08:00:00.000000000,93.93,444.71113
2022-12-24T09:00:00.000000000,100.89,443.04838
2022-12-24T10:00:00.000000000,101.21,449.55086
2022-12-24T11:00:00.000000000,104.56,456.9442
2022-12-24T12:00:00.000000000,113.04,453.09915
2022-12-24T13:00:00.000000000,148.46,455.75551
2022-12-24T14:00:00.000000000,118.91,444.07078
2022-12-24T15:00:00.000000000,144.18,428.71202
2022-12-24T16:00:00.000000000,151.38,423.55103
2022-12-24T17:00:00.000000000,116.62,421.35938
2022-12-24T18:00:00.000000000,114.18,416.76681
2022-12-24T19:00:00.000000000,107.89,415.42213
2022-12-24T20:00:00.000000000,123.31,412.55462
2022-12-24T21:00:00.000000000,128.33,410.20608
2022-12-24T22:00:00.000000000,129.54,417.30946
2022-12-24T23:00:00.000000000,101.17,421.27795
2022-12-25T00:00:00.000000000,84.35,439.4572
2022-12-25T01:00:00.000000000,93.63,444.26085
2022-12-25T02:00:00.000000000,75.62,459.63155
2022-12-25T03:00:00.000000000,86.13,464.73426
2022-12-25T04:00:00.000000000,79.37,473.67778
2022-12-25T05:00:00.000000000,77.45,483.88445
2022-12-25T06:00:00.000000000,72.73,497.51105
2022-12-25T07:00:00.000000000,77.77,517.7719
2022-12-25T08:00:00.000000000,80.05,523.88381
2022-12-25T09:00:00.000000000,77.66,532.07634
2022-12-25T10:00:00.000000000,82.77,541.21254
2022-12-25T11:00:00.000000000,80.39,549.69711
2022-12-25T12:00:00.000000000,81.28,546.6454
2022-12-25T13:00:00.000000000,95.5,552.00504
2022-12-25T14:00:00.000000000,92.75,544.52005
2022-12-25T15:00:00.000000000,98.72,528.57056
2022-12-25T16:00:00.000000000,120.93,524.86176
2022-12-25T17:00:00.000000000,115.21,521.18562
2022-12-25T18:00:00.000000000,120.6,509.89465
2022-12-25T19:00:00.000000000,112.55,502.08126
2022-12-25T20:00:00.000000000,118.39,490.76808
2022-12-25T21:00:00.000000000,112.63,476.86182
2022-12-25T22:00:00.000000000,124.24,474.10806
2022-12-25T23:00:00.000000000,107.05,468.89984
2022-12-26T00:00:00.000000000,112.32,454.03949
2022-12-26T01:00:00.000000000,118.16,453.70546
2022-12-26T02:00:00.000000000,97.89,463.7918
2022-12-26T03:00:00.000000000,102.4,464.11853
2022-12-26T04:00:00.000000000,121.14,469.23895
2022-12-26T05:00:00.000000000,92.47,474.83755
2022-12-26T06:00:00.000000000,92.48,483.58691
2022-12-26T07:00:00.000000000,88.89,500.52818
2022-12-26T08:00:00.000000000,95.16,505.31182
2022-12-26T09:00:00.000000000,108.22,511.8546
2022-12-26T10:00:00.000000000,119.9,521.21828
2022-12-26T11:00:00.000000000,118.65,529.93902
2022-12-26T12:00:00.000000000,128.81,527.30403
2022-12-26T13:00:00.000000000,101.1,532.26411
2022-12-26T14:00:00.000000000,115.75,524.13365
2022-12-26T15:00:00.000000000,100.87,509.01766
2022-12-26T16:00:00.000000000,78.85,506.34822
2022-12-26T17:00:00.000000000,69.46,503.89046
2022-12-26T18:00:00.000000000,78.9,493.99607
2022-12-26T19:00:00.000000000,66.74,486.74863
2022-12-26T20:00:00.000000000,67.71,476.25508
2022-12-26T21:00:00.000000000,77.99,464.41819
2022-12-26T22:00:00.000000000,106.93,463.45482
2022-12-26T23:00:00.000000000,97.38,460.41802
2022-12-24T00:00:00.000000000,125.17,290.94303
2022-12-24T01:00:00.000000000,118.15,293.29778
2022-12-24T02:00:00.000000000,119.16,306.45456
2022-12-24T03:00:00.000000000,126.97,304.12934
2022-12-24T04:00:00.000000000,114.54,310.20464
2022-12-24T05:00:00.000000000,108.5,317.95355
2022-12-24T06:00:00.000000000,122.49,331.52348
2022-12-24T07:00:00.000000000,92.98,347.28761
2022-12-24T08:00:00.000000000,93.93,358.62113
2022-12-24T09:00:00.000000000,100.89,369.13412
2022-12-24T10:00:00.000000000,101.21,389.99617
2022-12-24T11:00:00.000000000,104.56,409.78266
2022-12-24T12:00:00.000000000,113.04,423.00561
2022-12-24T13:00:00.000000000,148.46,438.20772
2022-12-24T14:00:00.000000000,118.91,436.31302
2022-12-24T15:00:00.000000000,144.18,424.1531
2022-12-24T16:00:00.000000000,151.38,420.76662
2022-12-24T17:00:00.000000000,116.62,412.47235
2022-12-24T18:00:00.000000000,114.18,401.87661
2022-12-24T19:00:00.000000000,107.89,393.41176
2022-12-24T20:00:00.000000000,123.31,381.78289
2022-12-24T21:00:00.000000000,128.33,374.72004
2022-12-24T22:00:00.000000000,129.54,375.60701
2022-12-24T23:00:00.000000000,101.17,372.89961
2022-12-25T00:00:00.000000000,84.35,370.26795
2022-12-25T01:00:00.000000000,93.63,379.07875
2022-12-25T02:00:00.000000000,75.62,400.51989
2022-12-25T03:00:00.000000000,86.13,410.10263
2022-12-25T04:00:00.000000000,79.37,423.76466
2022-12-25T05:00:00.000000000,77.45,437.04776
2022-12-25T06:00:00.000000000,72.73,454.05436
2022-12-25T07:00:00.000000000,77.77,475.7529
2022-12-25T08:00:00.000000000,80.05,486.32213
2022-12-25T09:00:00.000000000,77.66,496.57412
2022-12-25T10:00:00.000000000,82.77,508.72221
2022-12-25T11:00:00.000000000,80.39,517.22598
2022-12-25T12:00:00.000000000,81.28,515.68745
2022-12-25T13:00:00.000000000,95.5,522.86295
2022-12-25T14:00:00.000000000,92.75,515.6979
2022-12-25T15:00:00.000000000,98.72,501.04786
2022-12-25T16:00:00.000000000,120.93,498.21117
2022-12-25T17:00:00.000000000,115.21,494.81486
2022-12-25T18:00:00.000000000,120.6,483.13763
2022-12-25T19:00:00.000000000,112.55,474.28851
2022-12-25T20:00:00.000000000,118.39,461.47883
2022-12-25T21:00:00.000000000,112.63,445.79687
2022-12-25T22:00:00.000000000,124.24,441.54188
2022-12-25T23:00:00.000000000,107.05,435.72101
2022-12-26T00:00:00.000000000,112.32,426.07942
2022-12-26T01:00:00.000000000,118.16,430.97386
2022-12-26T02:00:00.000000000,97.89,447.65966
2022-12-26T03:00:00.000000000,102.4,454.87403
2022-12-26T04:00:00.000000000,121.14,464.77775
2022-12-26T05:00:00.000000000,92.47,474.4615
2022-12-26T06:00:00.000000000,92.48,485.81528
2022-12-26T07:00:00.000000000,88.89,504.14517
2022-12-26T08:00:00.000000000,95.16,509.62094
2022-12-26T09:00:00.000000000,108.22,516.69793
2022-12-26T10:00:00.000000000,119.9,526.99329
2022-12-26T11:00:00.000000000,118.65,535.60782
2022-12-26T12:00:00.000000000,128.81,533.32688
2022-12-26T13:00:00.000000000,101.1,539.94792
2022-12-26T14:00:00.000000000,115.75,532.05739
2022-12-26T15:00:00.000000000,100.87,515.79525
2022-12-26T16:00:00.000000000,78.85,511.07413
2022-12-26T17:00:00.000000000,69.46,505.6241
2022-12-26T18:00:00.000000000,78.9,491.77403
2022-12-26T19:00:00.000000000,66.74,481.52249
2022-12-26T20:00:00.000000000,67.71,467.87748
2022-12-26T21:00:00.000000000,77.99,452.749
2022-12-26T22:00:00.000000000,106.93,450.15458
2022-12-26T23:00:00.000000000,97.38,446.33925
2022-12-27T00:00:00.000000000,89.52,457.47566
2022-12-27T01:00:00.000000000,83.51,452.35021
2022-12-27T02:00:00.000000000,64.72,460.16439
2022-12-27T03:00:00.000000000,57.86,454.29095
2022-12-27T04:00:00.000000000,66.03,458.10214
2022-12-27T05:00:00.000000000,58.87,454.71812
2022-12-27T06:00:00.000000000,57.81,457.44721
2022-12-27T07:00:00.000000000,57.14,468.95212
2022-12-27T08:00:00.000000000,62.45,466.65573
2022-12-27T09:00:00.000000000,56.98,461.48245
2022-12-27T10:00:00.000000000,50.45,458.72183
2022-12-27T11:00:00.000000000,53.49,455.98486
2022-12-27T12:00:00.000000000,52.92,434.16917
2022-12-27T13:00:00.000000000,53.83,422.39532
2022-12-27T14:00:00.000000000,43.28,401.66407
2022-12-27T15:00:00.000000000,39.66,381.98812
2022-12-27T16:00:00.000000000,38.14,373.21785
2022-12-27T17:00:00.000000000,47.38,374.00284
2022-12-27T18:00:00.000000000,45.0,377.05215
2022-12-27T19:00:00.000000000,47.2,383.86566
2022-12-27T20:00:00.000000000,46.9,384.42835
2022-12-27T21:00:00.000000000,46.3,380.49274
2022-12-27T22:00:00.000000000,54.62,389.25566
2022-12-27T23:00:00.000000000,59.94,392.39274
2022-12-25T00:00:00.000000000,84.35,275.5283
2022-12-25T01:00:00.000000000,93.63,276.3341
2022-12-25T02:00:00.000000000,75.62,287.83347
2022-12-25T03:00:00.000000000,86.13,284.83229
2022-12-25T04:00:00.000000000,79.37,293.41522
2022-12-25T05:00:00.000000000,77.45,303.18709
2022-12-25T06:00:00.000000000,72.73,320.61192
2022-12-25T07:00:00.000000000,77.77,338.7689
2022-12-25T08:00:00.000000000,80.05,352.61994
2022-12-25T09:00:00.000000000,77.66,365.33325
2022-12-25T10:00:00.000000000,82.77,386.59192
2022-12-25T11:00:00.000000000,80.39,404.68976
2022-12-25T12:00:00.000000000,81.28,416.5728
2022-12-25T13:00:00.000000000,95.5,430.48369
2022-12-25T14:00:00.000000000,92.75,429.20706
2022-12-25T15:00:00.000000000,98.72,419.06924
2022-12-25T16:00:00.000000000,120.93,419.34397
2022-12-25T17:00:00.000000000,115.21,415.79012
2022-12-25T18:00:00.000000000,120.6,411.40457
2022-12-25T19:00:00.000000000,112.55,407.7372
2022-12-25T20:00:00.000000000,118.39,400.40239
2022-12-25T21:00:00.000000000,112.63,393.93484
2022-12-25T22:00:00.000000000,124.24,393.16301
2022-12-25T23:00:00.000000000,107.05,386.39261
2022-12-26T00:00:00.000000000,112.32,380.73467
2022-12-26T01:00:00.000000000,118.16,382.87988
2022-12-26T02:00:00.000000000,97.89,398.33588
2022-12-26T03:00:00.000000000,102.4,401.43014
2022-12-26T04:00:00.000000000,121.14,408.55766
2022-12-26T05:00:00.000000000,92.47,412.66525
2022-12-26T06:00:00.000000000,92.48,418.10871
2022-12-26T07:00:00.000000000,88.89,429.36261
2022-12-26T08:00:00.000000000,95.16,432.34599
2022-12-26T09:00:00.000000000,108.22,433.41693
2022-12-26T10:00:00.000000000,119.9,442.87217
2022-12-26T11:00:00.000000000,118.65,451.97203
2022-12-26T12:00:00.000000000,128.81,450.71624
2022-12-26T13:00:00.000000000,101.1,456.60267
2022-12-26T14:00:00.000000000,115.75,446.59886
2022-12-26T15:00:00.000000000,100.87,430.70213
2022-12-26T16:00:00.000000000,78.85,425.0193
2022-12-26T17:00:00.000000000,69.46,419.48684
2022-12-26T18:00:00.000000000,78.9,409.78127
2022-12-26T19:00:00.000000000,66.74,402.74239
2022-12-26T20:00:00.000000000,67.71,392.34775
2022-12-26T21:00:00.000000000,77.99,384.15345
2022-12-26T22:00:00.000000000,106.93,386.79084
2022-12-26T23:00:00.000000000,97.38,387.98101
2022-12-27T00:00:00.000000000,89.52,408.33512
2022-12-27T01:00:00.000000000,83.51,405.34544
2022-12-27T02:00:00.000000000,64.72,413.12011
2022-12-27T03:00:00.000000000,57.86,405.67675
2022-12-27T04:00:00.000000000,66.03,407.45328
2022-12-27T05:00:00.000000000,58.87,403.66426
2022-12-27T06:00:00.000000000,57.81,403.80047
2022-12-27T07:00:00.000000000,57.14,411.07144
2022-12-27T08:00:00.000000000,62.45,409.39274
2022-12-27T09:00:00.000000000,56.98,404.54703
2022-12-27T10:00:00.000000000,50.45,406.48401
2022-12-27T11:00:00.000000000,53.49,410.11689
2022-12-27T12:00:00.000000000,52.92,398.8108
2022-12-27T13:00:00.000000000,53.83,394.43825
2022-12-27T14:00:00.000000000,43.28,378.49701
2022-12-27T15:00:00.000000000,39.66,362.81322
2022-12-27T16:00:00.000000000,38.14,359.39002
2022-12-27T17:00:00.000000000,47.38,359.76766
2022-12-27T18:00:00.000000000,45.0,360.14794
2022-12-27T19:00:00.000000000,47.2,360.61436
2022-12-27T20:00:00.000000000,46.9,354.30085
2022-12-27T21:00:00.000000000,46.3,348.94152
2022-12-27T22:00:00.000000000,54.62,355.3151
2022-12-27T23:00:00.000000000,59.94,358.84131
2022-12-28T00:00:00.000000000,64.25,341.52191
2022-12-28T01:00:00.000000000,76.11,337.15945
2022-12-28T02:00:00.000000000,82.41,345.84773
2022-12-28T03:00:00.000000000,91.68,341.40086
2022-12-28T04:00:00.000000000,83.63,347.5288
2022-12-28T05:00:00.000000000,77.55,350.98241
2022-12-28T06:00:00.000000000,71.4,357.39806
2022-12-28T07:00:00.000000000,68.09,366.85769
2022-12-28T08:00:00.000000000,69.69,371.20698
2022-12-28T09:00:00.000000000,61.68,371.70504
2022-12-28T10:00:00.000000000,56.04,380.68683
2022-12-28T11:00:00.000000000,53.73,389.71346
2022-12-28T12:00:00.000000000,49.72,388.56922
2022-12-28T13:00:00.000000000,50.06,392.0951
2022-12-28T14:00:00.000000000,49.09,383.96809
2022-12-28T15:00:00.000000000,40.72,372.89649
2022-12-28T16:00:00.000000000,36.64,376.12677
2022-12-28T17:00:00.000000000,41.89,377.76744
2022-12-28T18:00:00.000000000,44.93,379.07334
2022-12-28T19:00:00.000000000,45.88,379.31626
2022-12-28T20:00:00.000000000,46.95,374.18256
2022-12-28T21:00:00.000000000,45.25,370.38752
2022-12-28T22:00:00.000000000,48.38,372.37904
2022-12-28T23:00:00.000000000,52.18,370.12312
2022-12-26T00:00:00.000000000,112.32,250.89742
2022-12-26T01:00:00.000000000,118.16,256.01261
2022-12-26T02:00:00.000000000,97.89,270.92647
2022-12-26T03:00:00.000000000,102.4,269.75623
2022-12-26T04:00:00.000000000,121.14,279.95086
2022-12-26T05:00:00.000000000,92.47,291.16804
2022-12-26T06:00:00.000000000,92.48,310.12308
2022-12-26T07:00:00.000000000,88.89,328.75061
2022-12-26T08:00:00.000000000,95.16,342.06541
2022-12-26T09:00:00.000000000,108.22,353.22598
2022-12-26T10:00:00.000000000,119.9,373.79328
2022-12-26T11:00:00.000000000,118.65,393.25664
2022-12-26T12:00:00.000000000,128.81,406.58388
2022-12-26T13:00:00.000000000,101.1,421.67362
2022-12-26T14:00:00.000000000,115.75,419.89547
2022-12-26T15:00:00.000000000,100.87,407.79859
2022-12-26T16:00:00.000000000,78.85,406.06037
2022-12-26T17:00:00.000000000,69.46,398.47024
2022-12-26T18:00:00.000000000,78.9,389.03088
2022-12-26T19:00:00.000000000,66.74,380.78143
2022-12-26T20:00:00.000000000,67.71,367.82943
2022-12-26T21:00:00.000000000,77.99,360.04259
2022-12-26T22:00:00.000000000,106.93,359.21416
2022-12-26T23:00:00.000000000,97.38,355.05828
2022-12-27T00:00:00.000000000,89.52,344.81723
2022-12-27T01:00:00.000000000,83.51,339.58466
2022-12-27T02:00:00.000000000,64.72,345.75246
2022-12-27T03:00:00.000000000,57.86,337.19721
2022-12-27T04:00:00.000000000,66.03,341.09464
2022-12-27T05:00:00.000000000,58.87,340.61785
2022-12-27T06:00:00.000000000,57.81,343.45857
2022-12-27T07:00:00.000000000,57.14,351.15354
2022-12-27T08:00:00.000000000,62.45,353.59906
2022-12-27T09:00:00.000000000,56.98,352.53875
2022-12-27T10:00:00.000000000,50.45,361.92769
2022-12-27T11:00:00.000000000,53.49,371.03357
2022-12-27T12:00:00.000000000,52.92,368.8576
2022-12-27T13:00:00.000000000,53.83,370.44175
2022-12-27T14:00:00.000000000,43.28,358.54492
2022-12-27T15:00:00.000000000,39.66,345.21677
2022-12-27T16:00:00.000000000,38.14,345.12603
2022-12-27T17:00:00.000000000,47.38,342.36355
2022-12-27T18:00:00.000000000,45.0,340.62199
2022-12-27T19:00:00.000000000,47.2,335.46288
2022-12-27T20:00:00.000000000,46.9,322.17024
2022-12-27T21:00:00.000000000,46.3,315.9342
2022-12-27T22:00:00.000000000,54.62,318.54708
2022-12-27T23:00:00.000000000,59.94,317.87568
2022-12-28T00:00:00.000000000,64.25,287.6596
2022-12-28T01:00:00.000000000,76.11,279.87453
2022-12-28T02:00:00.000000000,82.41,284.46571
2022-12-28T03:00:00.000000000,91.68,275.86749
2022-12-28T04:00:00.000000000,83.63,282.51184
2022-12-28T05:00:00.000000000,77.55,286.32436
2022-12-28T06:00:00.000000000,71.4,294.43893
2022-12-28T07:00:00.000000000,68.09,303.79686
2022-12-28T08:00:00.000000000,69.69,312.88658
2022-12-28T09:00:00.000000000,61.68,318.79093
2022-12-28T10:00:00.000000000,56.04,336.65127
2022-12-28T11:00:00.000000000,53.73,350.30411
2022-12-28T12:00:00.000000000,49.72,355.96624
2022-12-28T13:00:00.000000000,50.06,362.27403
2022-12-28T14:00:00.000000000,49.09,356.22826
2022-12-28T15:00:00.000000000,40.72,347.02516
2022-12-28T16:00:00.000000000,36.64,352.67858
2022-12-28T17:00:00.000000000,41.89,352.34966
2022-12-28T18:00:00.000000000,44.93,356.69573
2022-12-28T19:00:00.000000000,45.88,356.68338
2022-12-28T20:00:00.000000000,46.95,349.42923
2022-12-28T21:00:00.000000000,45.25,346.33035
2022-12-28T22:00:00.000000000,48.38,346.83549
2022-12-28T23:00:00.000000000,52.18,339.42496
2022-12-29T00:00:00.000000000,51.55,381.17395
2022-12-29T01:00:00.000000000,51.02,397.37867
2022-12-29T02:00:00.000000000,51.33,427.68187
2022-12-29T03:00:00.000000000,49.23,446.00374
2022-12-29T04:00:00.000000000,51.41,461.47645
2022-12-29T05:00:00.000000000,56.27,473.65899
2022-12-29T06:00:00.000000000,58.2,485.02065
2022-12-29T07:00:00.000000000,66.75,500.85587
2022-12-29T08:00:00.000000000,70.59,504.64777
2022-12-29T09:00:00.000000000,70.73,507.04139
2022-12-29T10:00:00.000000000,67.55,515.38495
2022-12-29T11:00:00.000000000,71.78,522.14362
2022-12-29T12:00:00.000000000,69.22,518.05802
2022-12-29T13:00:00.000000000,79.45,523.16669
2022-12-29T14:00:00.000000000,77.03,510.37788
2022-12-29T15:00:00.000000000,72.4,487.98992
2022-12-29T16:00:00.000000000,63.71,475.19632
2022-12-29T17:00:00.000000000,62.81,462.31937
2022-12-29T18:00:00.000000000,65.85,442.99267
2022-12-29T19:00:00.000000000,54.83,431.87173
2022-12-29T20:00:00.000000000,61.45,419.8736
2022-12-29T21:00:00.000000000,58.37,410.19822
2022-12-29T22:00:00.000000000,60.62,414.53729
2022-12-29T23:00:00.000000000,63.26,419.69697
2022-12-27T00:00:00.000000000,89.52,185.98963
2022-12-27T01:00:00.000000000,83.51,181.2275
2022-12-27T02:00:00.000000000,64.72,187.58144
2022-12-27T03:00:00.000000000,57.86,173.92351
2022-12-27T04:00:00.000000000,66.03,184.02211
2022-12-27T05:00:00.000000000,58.87,188.3542
2022-12-27T06:00:00.000000000,57.81,200.81316
2022-12-27T07:00:00.000000000,57.14,206.42124
2022-12-27T08:00:00.000000000,62.45,209.47196
2022-12-27T09:00:00.000000000,56.98,204.27059
2022-12-27T10:00:00.000000000,50.45,212.57467
2022-12-27T11:00:00.000000000,53.49,223.45679
2022-12-27T12:00:00.000000000,52.92,229.03744
2022-12-27T13:00:00.000000000,53.83,232.90109
2022-12-27T14:00:00.000000000,43.28,228.84292
2022-12-27T15:00:00.000000000,39.66,221.93571
2022-12-27T16:00:00.000000000,38.14,231.73115
2022-12-27T17:00:00.000000000,47.38,232.8385
2022-12-27T18:00:00.000000000,45.0,247.44741
2022-12-27T19:00:00.000000000,47.2,256.77427
2022-12-27T20:00:00.000000000,46.9,253.74149
2022-12-27T21:00:00.000000000,46.3,262.88607
2022-12-27T22:00:00.000000000,54.62,268.9337
2022-12-27T23:00:00.000000000,59.94,267.14443
2022-12-28T00:00:00.000000000,64.25,245.7344
2022-12-28T01:00:00.000000000,76.11,241.20877
2022-12-28T02:00:00.000000000,82.41,248.12219
2022-12-28T03:00:00.000000000,91.68,237.83605
2022-12-28T04:00:00.000000000,83.63,245.86693
2022-12-28T05:00:00.000000000,77.55,250.55034
2022-12-28T06:00:00.000000000,71.4,261.89495
2022-12-28T07:00:00.000000000,68.09,271.06927
2022-12-28T08:00:00.000000000,69.69,277.40915
2022-12-28T09:00:00.000000000,61.68,278.66698
2022-12-28T10:00:00.000000000,56.04,290.82483
2022-12-28T11:00:00.000000000,53.73,303.13354
2022-12-28T12:00:00.000000000,49.72,308.08276
2022-12-28T13:00:00.000000000,50.06,313.60815
2022-12-28T14:00:00.000000000,49.09,309.33369
2022-12-28T15:00:00.000000000,40.72,301.65463
2022-12-28T16:00:00.000000000,36.64,309.34944
2022-12-28T17:00:00.000000000,41.89,311.25845
2022-12-28T18:00:00.000000000,44.93,319.48711
2022-12-28T19:00:00.000000000,45.88,324.08304
2022-12-28T20:00:00.000000000,46.95,319.63234
2022-12-28T21:00:00.000000000,45.25,321.59783
2022-12-28T22:00:00.000000000,48.38,324.99287
2022-12-28T23:00:00.000000000,52.18,320.81886
2022-12-29T00:00:00.000000000,51.55,344.45442
2022-12-29T01:00:00.000000000,51.02,359.25771
2022-12-29T02:00:00.000000000,51.33,387.39566
2022-12-29T03:00:00.000000000,49.23,401.8481
2022-12-29T04:00:00.000000000,51.41,416.54798
2022-12-29T05:00:00.000000000,56.27,428.35048
2022-12-29T06:00:00.000000000,58.2,440.53121
2022-12-29T07:00:00.000000000,66.75,456.1561
2022-12-29T08:00:00.000000000,70.59,462.31487
2022-12-29T09:00:00.000000000,70.73,466.97263
2022-12-29T10:00:00.000000000,67.55,479.00942
2022-12-29T11:00:00.000000000,71.78,488.32698
2022-12-29T12:00:00.000000000,69.22,487.56426
2022-12-29T13:00:00.000000000,79.45,493.84345
2022-12-29T14:00:00.000000000,77.03,482.00577
2022-12-29T15:00:00.000000000,72.4,461.52644
2022-12-29T16:00:00.000000000,63.71,450.66417
2022-12-29T17:00:00.000000000,62.81,438.76913
2022-12-29T18:00:00.000000000,65.85,421.14849
2022-12-29T19:00:00.000000000,54.83,410.14774
2022-12-29T20:00:00.000000000,61.45,397.75206
2022-12-29T21:00:00.000000000,58.37,388.8084
2022-12-29T22:00:00.000000000,60.62,393.54295
2022-12-29T23:00:00.000000000,63.26,398.12826
2022-12-30T00:00:00.000000000,71.68,441.1053
2022-12-30T01:00:00.000000000,70.82,442.16007
2022-12-30T02:00:00.000000000,78.6,456.15193
2022-12-30T03:00:00.000000000,72.94,461.34903
2022-12-30T04:00:00.000000000,73.26,467.69304
2022-12-30T05:00:00.000000000,71.26,471.43666
2022-12-30T06:00:00.000000000,69.2,475.99612
2022-12-30T07:00:00.000000000,67.44,489.49155
2022-12-30T08:00:00.000000000,67.17,493.67412
2022-12-30T09:00:00.000000000,58.72,498.52733
2022-12-30T10:00:00.000000000,57.47,509.50806
2022-12-30T11:00:00.000000000,64.37,518.18136
2022-12-30T12:00:00.000000000,64.5,514.48677
2022-12-30T13:00:00.000000000,62.46,519.16885
2022-12-30T14:00:00.000000000,61.95,507.33992
2022-12-30T15:00:00.000000000,58.29,489.11812
2022-12-30T16:00:00.000000000,55.46,481.40953
2022-12-30T17:00:00.000000000,51.98,475.4372
2022-12-30T18:00:00.000000000,52.31,464.00982
2022-12-30T19:00:00.000000000,54.36,456.15852
2022-12-30T20:00:00.000000000,56.05,446.9435
2022-12-30T21:00:00.000000000,57.93,436.06899
2022-12-30T22:00:00.000000000,57.51,437.60984
2022-12-30T23:00:00.000000000,60.86,436.38862
2022-12-28T00:00:00.000000000,64.25,198.70019
2022-12-28T01:00:00.000000000,76.11,199.36386
2022-12-28T02:00:00.000000000,82.41,210.30044
2022-12-28T03:00:00.000000000,91.68,208.06439
2022-12-28T04:00:00.000000000,83.63,224.21638
2022-12-28T05:00:00.000000000,77.55,237.26969
2022-12-28T06:00:00.000000000,71.4,258.49848
2022-12-28T07:00:00.000000000,68.09,275.71799
2022-12-28T08:00:00.000000000,69.69,291.93619
2022-12-28T09:00:00.000000000,61.68,307.04988
2022-12-28T10:00:00.000000000,56.04,335.70376
2022-12-28T11:00:00.000000000,53.73,352.90502
2022-12-28T12:00:00.000000000,49.72,367.48454
2022-12-28T13:00:00.000000000,50.06,380.10588
2022-12-28T14:00:00.000000000,49.09,375.94636
2022-12-28T15:00:00.000000000,40.72,364.54826
2022-12-28T16:00:00.000000000,36.64,364.17522
2022-12-28T17:00:00.000000000,41.89,355.91373
2022-12-28T18:00:00.000000000,44.93,357.37484
2022-12-28T19:00:00.000000000,45.88,354.73359
2022-12-28T20:00:00.000000000,46.95,345.35754
2022-12-28T21:00:00.000000000,45.25,341.71901
2022-12-28T22:00:00.000000000,48.38,341.04522
2022-12-28T23:00:00.000000000,52.18,329.28543
2022-12-29T00:00:00.000000000,51.55,343.78654
2022-12-29T01:00:00.000000000,51.02,360.22877
2022-12-29T02:00:00.000000000,51.33,390.57318
2022-12-29T03:00:00.000000000,49.23,407.45191
2022-12-29T04:00:00.000000000,51.41,423.66217
2022-12-29T05:00:00.000000000,56.27,436.54645
2022-12-29T06:00:00.000000000,58.2,448.9506
2022-12-29T07:00:00.000000000,66.75,464.50512
2022-12-29T08:00:00.000000000,70.59,469.6447
2022-12-29T09:00:00.000000000,70.73,473.52191
2022-12-29T10:00:00.000000000,67.55,485.03169
2022-12-29T11:00:00.000000000,71.78,494.02106
2022-12-29T12:00:00.000000000,69.22,493.57332
2022-12-29T13:00:00.000000000,79.45,500.77044
2022-12-29T14:00:00.000000000,77.03,489.43194
2022-12-29T15:00:00.000000000,72.4,468.69603
2022-12-29T16:00:00.000000000,63.71,457.02371
2022-12-29T17:00:00.000000000,62.81,443.93416
2022-12-29T18:00:00.000000000,65.85,424.91733
2022-12-29T19:00:00.000000000,54.83,412.78936
2022-12-29T20:00:00.000000000,61.45,399.15968
2022-12-29T21:00:00.000000000,58.37,389.61035
2022-12-29T22:00:00.000000000,60.62,393.94796
2022-12-29T23:00:00.000000000,63.26,398.64142
2022-12-30T00:00:00.000000000,71.68,434.50796
2022-12-30T01:00:00.000000000,70.82,439.59601
2022-12-30T02:00:00.000000000,78.6,460.42011
2022-12-30T03:00:00.000000000,72.94,470.37577
2022-12-30T04:00:00.000000000,73.26,480.95841
2022-12-30T05:00:00.000000000,71.26,485.62951
2022-12-30T06:00:00.000000000,69.2,490.84239
2022-12-30T07:00:00.000000000,67.44,503.31972
2022-12-30T08:00:00.000000000,67.17,504.72962
2022-12-30T09:00:00.000000000,58.72,503.11374
2022-12-30T10:00:00.000000000,57.47,506.54191
2022-12-30T11:00:00.000000000,64.37,509.89515
2022-12-30T12:00:00.000000000,64.5,497.59861
2022-12-30T13:00:00.000000000,62.46,494.85535
2022-12-30T14:00:00.000000000,61.95,477.9921
2022-12-30T15:00:00.000000000,58.29,454.83533
2022-12-30T16:00:00.000000000,55.46,443.82634
2022-12-30T17:00:00.000000000,51.98,435.88313
2022-12-30T18:00:00.000000000,52.31,426.50485
2022-12-30T19:00:00.000000000,54.36,425.3542
2022-12-30T20:00:00.000000000,56.05,422.75269
2022-12-30T21:00:00.000000000,57.93,419.26451
2022-12-30T22:00:00.000000000,57.51,426.88517
2022-12-30T23:00:00.000000000,60.86,431.60771
2022-12-31T00:00:00.000000000,64.44,468.39049
2022-12-31T01:00:00.000000000,66.4,473.02497
2022-12-31T02:00:00.000000000,57.12,489.46943
2022-12-31T03:00:00.000000000,52.0,497.36264
2022-12-31T04:00:00.000000000,56.63,505.88848
2022-12-31T05:00:00.000000000,63.51,512.13164
2022-12-31T06:00:00.000000000,69.81,517.64152
2022-12-31T07:00:00.000000000,67.8,531.1692
2022-12-31T08:00:00.000000000,65.95,530.31649
2022-12-31T09:00:00.000000000,61.34,531.27616
2022-12-31T10:00:00.000000000,55.99,536.90617
2022-12-31T11:00:00.000000000,52.26,543.44812
2022-12-31T12:00:00.000000000,49.34,537.17651
2022-12-31T13:00:00.000000000,48.34,540.19677
2022-12-31T14:00:00.000000000,50.42,529.05433
2022-12-31T15:00:00.000000000,51.44,508.8358
2022-12-31T16:00:00.000000000,46.85,500.45258
2022-12-31T17:00:00.000000000,49.5,491.73975
2022-12-31T18:00:00.000000000,48.48,476.73844
2022-12-31T19:00:00.000000000,47.63,468.54616
2022-12-31T20:00:00.000000000,47.86,458.29491
2022-12-31T21:00:00.000000000,47.23,448.41231
2022-12-31T22:00:00.000000000,48.75,451.82707
2022-12-31T23:00:00.000000000,52.72,453.92698
